round,old_loss,beta,direction_gain,interaction,step,expected_loss,status
0,300524382.60936177,0.0004163215495137825,173724689.0612557,57915732.24257888,1.0000458947540147,184712768.91737345,ok
1,184048955.52264822,0.0004892741587178059,143124632.1456094,262241425.70631078,0.27288715305013905,164520518.82386634,ok
2,164330660.40599266,0.0006915481549671695,99391450.9267271,154929247.3733555,0.32076400231651897,148390060.60834122,ok
3,148819113.30953828,0.0005855692385672885,116363705.87577914,456962350.69963264,0.12732307781770247,141411220.72034922,ok
4,141339984.63864696,0.00092708415942828,8940788.185766697,1028870.2982208566,1.00053689937364,133424371.5437448,ok
5,133218776.88469878,0.001191533804201852,6773322.580286978,222830.22650388596,1.0000274756204168,126668110.67464118,ok
6,126654290.76295643,0.0012845935590732416,5991091.480961481,148226.9739648348,1.0000291412288813,120811260.3073499,ok
7,120629279.77648015,0.0014515668723131037,5281717.9522412345,113206.07874313362,1.0000022744200316,115460756.40509388,ok
8,115381121.71407379,0.0015570025839522087,4738231.112789038,100953.00087106827,1.0000001363319182,110743842.98370993,ok
9,110717654.02886963,0.0016404141136372318,4421000.777571185,94148.47943164041,1.000002605573447,106390790.70211005,ok
10,106378091.91396585,0.0017348914290778003,4169238.1361523313,83030.01665969453,1.000001624127674,102291877.29280108,ok
11,102229031.01226184,0.0018214798636557708,3829597.914710803,66870.52055776533,1.0000190957745771,98466233.04288346,ok
12,98379408.05640265,0.0019031107951728145,3647842.4081574725,59631.89852557682,1.0000040418967373,94791183.28462136,ok
13,94763515.11743432,0.0019190473633970018,3534766.5767312683,61509.71545012219,1.0000000355604812,91290258.1348298,ok
14,91286482.82400095,0.0020312728851831566,3331945.9169729985,57140.34896520722,1.000000410940923,88011675.93372285,ok
15,88100445.00955948,0.0021078825943599265,3141338.4045613706,51342.21485850379,1.0000003316935526,85010447.81195469,ok
16,85019930.68911316,0.0022931037000222454,2968586.6866957853,45425.168934432804,1.0000021618377812,82096762.95015286,ok
17,82129339.40225093,0.0023053312277387813,2812230.288562106,44868.52114591474,1.0000000626139791,79361977.4643686,ok
18,79336632.21873006,0.0023716224891681733,2724031.396118746,42151.745213493356,1.0000001337543423,76654752.21474974,ok
19,76670151.29103935,0.00241807438100706,2589781.2135967603,40862.03555574482,1.0000001149231748,74121231.82476443,ok
20,74079542.54534133,0.0025942541770535656,2426241.2026165333,39963.41487880617,1.0000032549297224,71693257.12051564,ok
21,71716056.42631203,0.0026895643813690407,2323027.123630436,34317.17459907467,1.0000008575198427,69427344.54409416,ok
22,69433513.175776,0.00278530055548706,2223378.32259427,36488.51633507505,1.0000000431023501,67246623.27682947,ok
23,67254367.7195588,0.002802954913662252,2133580.918997339,29330.797226643408,1.0000003391052688,65150116.894172035,ok
24,65105620.494405314,0.0029336469963999437,2067175.8727684806,30718.57799739697,1.0000014076005779,63069160.37635531,ok
25,63057702.73702494,0.0029862174383083434,2014275.8698356966,36303.9788937561,1.0000013093953066,61079728.30367221,ok
26,61053116.2388645,0.003177559738128927,1904024.73008407,25673.282036988123,1.0000028904291804,59174759.4357826,ok
27,59189628.65675656,0.0031977282763298496,1855131.2821565743,26410.66424546049,1.0000037172511156,57360901.33920713,ok
28,57348835.63705871,0.0033314139619004066,1765860.4216486113,24299.372217480897,1.0000005519515855,55607273.63978229,ok
29,55625819.8737616,0.003430063825248756,1752435.830991609,27653.44657293636,1.000000704596796,53901036.293551326,ok
30,53909543.5827429,0.0036684569053710716,1672111.6163901484,24752.815468840923,1.0000027224433394,52262180.364368916,ok
31,52256874.3573798,0.003664576115290243,1630433.8754953824,26698.226282398093,1.0000000038685157,50653138.70206602,ok
32,50626092.02169859,0.0038703577533957716,1557768.2392754103,23282.43935310938,1.0000001250651964,49091606.03277735,ok
33,49086594.35868254,0.0040513188349251186,1459566.1444008523,19225.404838449012,1.0000000243377831,47646253.58453334,ok
34,47645293.64039384,0.004073041448099374,1430157.9428826454,21516.500444094916,1.0000008757342564,46236650.98320247,ok
35,46253337.00892235,0.004368194572229008,1344613.3521424474,20973.33634412493,1.000000588791564,44929696.22612488,ok
36,44943326.26009973,0.004647876304638581,1307895.8841688954,21509.014065111784,1.0000009442779694,43656938.195599675,ok
37,43669021.59871878,0.004683056924601368,1273299.5692658701,20995.102518599604,1.0000000523182093,42416717.067551605,ok
38,42405924.55994308,0.004784384072513448,1245568.3631312037,18094.624432721957,1.0000003110236457,41178450.4450991,ok
39,41159965.09110584,0.004839348707501811,1208386.6644255223,18264.50503065294,1.0000000581238544,39969842.863598086,ok
40,39981037.56257561,0.00502906381549939,1163879.7234979197,20353.98795833822,1.000000594293409,38837511.15954246,ok
41,38825932.19751179,0.00535577725710137,1135350.5762996455,20400.32115633198,1.0000003019910388,37710981.611824214,ok
42,37726185.88183204,0.00548308047251112,1060091.34785954,24047.819542090037,1.0000000708337902,36690142.2818311,ok
43,36684542.8133983,0.005670581596399118,1055523.376924375,35832.66843627588,1.0000017792415299,35664850.35438923,ok
44,35666779.74304549,0.005944695433705567,1032824.4068860075,64299.44666154485,1.000000338051186,34698254.47714652,ok
45,34706244.36426841,0.006025830688342324,1014515.5531838341,311656.5429043333,1.000000147101997,34003385.29644225,ok
46,34001699.62985184,0.002976146078885129,1806271.215569112,3842197.1867991486,0.23505706861883857,33789411.22132071,ok
47,33778520.65135359,0.006787250572063349,879572.5845643233,112738.58642682161,1.0000000011295844,33011686.652477235,ok
48,33005359.245502107,0.005363576412266753,1128618.2645953654,1453815.6310157233,0.38815728780094505,32786318.543228135,ok
49,32770020.68494944,0.005466721182801661,1078960.8073443575,1393293.7640295469,0.38719788862898996,32561135.01169086,ok
50,32561659.51010213,0.004967337864375351,1159091.0876532681,1985833.1167118973,0.29184000354784795,32392524.936535627,ok
51,32361995.690721422,0.006957601157433461,854985.7095479518,382494.17830200284,1.0000000503952915,31889504.15494003,ok
52,31922015.232083138,0.002309124999286249,2048200.5210073537,3891640.1424225457,0.26315389476535067,31652519.259901386,ok
53,31655189.79121106,0.007880546916455474,729102.22446421,19255.51497207793,1.0000000000576388,30945343.081679124,ok
54,30950692.018204875,0.007548809650431716,762693.5005561926,23547.24146959063,1.0000000003029699,30211545.75890147,ok
55,30204555.26267091,0.007517856760766456,790134.256805873,70350.38206449104,1.0000002884997563,29484771.200568132,ok
56,29491296.05255477,0.006430478839533202,954111.5374271658,1305577.9476338178,0.3653981515069104,29316980.75650112,ok
57,29285226.773338437,0.006193499649437545,944542.8430807905,1415922.6713121976,0.33354323022649296,29127703.837854195,ok
58,29138207.57164176,0.004821364719375019,1114824.9614383308,2822812.8999368614,0.19746703039781108,29028136.98436747,ok
59,29038211.818099156,0.00867431501547243,680256.0006353969,270857.4411667583,1.0000000001996563,28628813.258602858,ok
60,28654590.757543944,0.002596777609790155,1879173.5971346728,4446184.523389183,0.2113242924634895,28456033.242128666,ok
61,28447709.409811355,0.008777034907350524,615780.4260967376,19410.463540917277,1.000000000540313,27851339.446943797,ok
62,27845973.673444137,0.008395231138282404,656959.1896954454,18757.56438848626,1.0000000321141573,27207772.028244253,ok
63,27205952.604367312,0.008794205027434858,692202.8343235994,54616.22721908585,1.0000000024764704,26568365.99581909,ok
64,26560109.51420068,0.008645150811277853,717758.3607892765,204007.61780180506,1.0000001420473592,26046358.72721502,ok
65,26021595.04548736,0.004632494752012121,1346930.7468064153,4327806.209329996,0.15561356974610685,25916794.694631692,ok
66,25917112.004025243,0.009677881751897334,632570.8894504381,379099.93602980836,0.8343062466260869,25653233.081774086,ok
67,25661013.623330005,0.0032610853536220044,1272249.3480524607,2401871.004869338,0.2648454778531437,25492538.880063355,ok
68,25486507.984577715,0.010521850764795037,544327.6814742496,23104.411443171488,1.0000000001393823,24965284.714477208,ok
69,24970302.331335735,0.009709332007189184,607829.454845354,164233.05824976455,1.0000000002131402,24526705.9346806,ok
70,24537569.86386931,0.0043957963753736415,989662.592759251,1732228.4303607487,0.28566168740030057,24396215.52076703,ok
71,24379961.027990174,0.010866182687791208,499014.74848802417,33596.678761590185,1.0000000264420768,23914542.946845487,ok
72,23914128.365228985,0.009646727347529511,577865.1296767106,303254.9045974341,0.9527712840189956,23638841.71443304,ok
73,23598121.65687126,0.0038733460891924197,1713006.0901892993,6623227.774228588,0.12931807183611577,23487360.334557857,ok
74,23492609.4525226,0.012217289361172052,499691.9031297065,78598.49735998141,1.0000000007892318,23071516.046482567,ok
75,23082816.72455335,0.00626423516100318,801265.6052146318,1640210.0070896014,0.2442570164037721,22984959.351515006,ok
76,22996516.817094285,0.011265556341930844,512499.9824445094,520464.9828050325,0.4923481880398601,22870352.598230775,ok
77,22874100.82177668,0.005550921473448829,796993.6959515435,1939214.6407285589,0.20549393533149962,22792212.136268944,ok
78,22785736.960388653,0.012812569266545205,425046.0101233112,8130.191737857984,1.0000000000037914,22368821.14200165,ok
79,22366911.562878788,0.012653458428944971,446483.9703350257,17540.76009959063,1.0000000005614298,21937968.352412377,ok
80,21929220.436838053,0.013333420844402201,471017.0167221525,70844.98348268468,1.0000000061454912,21529048.40157471,ok
81,21524463.768943965,0.01080323236363362,606639.693162302,955696.2168002746,0.31738102678347224,21428195.804592237,ok
82,21436655.96660976,0.006012074804922492,807586.1298814532,3192327.261125171,0.12648861846275913,21385580.739680566,ok
83,21381319.71690587,0.014227632795159139,376048.04391744663,14207.080827817335,1.0000000000009677,21019478.7538159,ok
84,21018169.61860703,0.013918108860912081,397013.2714949901,37836.197984750084,1.0000000000028104,20658992.545095887,ok
85,20656719.039589558,0.0107412046548601,590723.5825223395,1559513.4382494816,0.18939355315380077,20600779.42047673,ok
86,20599511.205311023,0.010056836812488954,523607.9117891898,1855140.797613396,0.14112349651918646,20562564.515652623,ok
87,20560192.098875247,0.014048875985817175,398242.1862440548,277460.49820902856,0.7176556461454087,20417291.722129576,ok
88,20448039.145029414,0.003470909116654163,1251376.836887321,3683854.929777417,0.1698461069642244,20341768.402984153,ok
89,20343690.100544713,0.01606045502975169,326605.98619955056,13455.448795205006,1.000000000161482,20030539.56309197,ok
90,20033365.906405643,0.014693954055333682,372893.63361146406,20095.557879502754,1.0000000013514514,19680567.83022405,ok
91,19677862.262715816,0.015320490814914847,391871.23651431024,75167.76748808258,1.0000000000005793,19361158.79368945,ok
92,19364069.822190296,0.008490831174026948,715510.9318622758,2903752.648427654,0.12320452505651885,19319992.729923874,ok
93,19320856.593755603,0.01618474644907643,389856.6936099767,255333.95569743277,0.7634250848953898,19172043.40404749,ok
94,19142985.79784911,0.006632736555781606,818324.9979436964,3104130.4679665654,0.1318122750297541,19089053.158002775,ok
95,19094885.651980475,0.014717890910741119,415734.6990277129,584533.6305419337,0.35561230124798493,19020965.46546553,ok
96,19020528.24547083,0.010198018430663466,645249.7932066129,1997975.2092513654,0.1614759257819785,18968432.091611493,ok
97,18966205.55783508,0.01759138464729187,307337.69570880744,70121.69937455482,1.0000000022336206,18728989.561127603,ok
98,18733396.66138523,0.008557199264372685,681981.353612405,2238134.2691836334,0.1523548794642155,18681445.067922,ok
99,18679163.986820284,0.019179405828564793,315156.09699068277,54893.271727800915,1.0000000001959455,18418901.161517162,ok
100,18426378.05104824,0.010241339417511302,595476.4686669868,2284310.8178164777,0.13034050883587497,18387570.69808532,ok
101,18392366.070286155,0.016432675350241403,386392.94875975046,933545.0960084195,0.20694926812419656,18352384.201309063,ok
102,18339513.623411015,0.01148850648374431,430319.4182520696,1832644.739815813,0.11740393784539992,18314253.02629395,ok
103,18313894.22900451,0.019054191664646204,285976.69637688866,49765.43967365461,1.0000000000310763,18077682.97229548,ok
104,18079100.722820967,0.009743088010992435,558197.5103046875,2294841.825247224,0.1216200402492997,18045156.720985807,ok
105,18048634.738482513,0.019641817100511293,346693.5743717223,450408.094729021,0.3848660563930401,17981919.444109887,ok
106,17986627.922477614,0.007801082175741988,574275.3749506783,2380725.999935754,0.12060929627478668,17951996.44805724,ok
107,17962320.198745176,0.01529515390721192,380258.0403500549,1249134.303344376,0.15220862934112417,17933380.921186365,ok
108,17924619.35004312,0.01597800002711935,332393.71480498224,599252.8764061219,0.2773401079010545,17878526.2956783,ok
109,17869325.14770244,0.011724009334493937,459745.69256125414,2056694.6325748411,0.11176809752882078,17843632.69700012,ok
110,17839467.168650135,0.019461919217672558,277672.98442027974,200210.4258739522,0.6934528589312731,17743190.606203027,ok
111,17751171.39295076,0.005337208588791757,1111854.5582692625,5510299.472020214,0.10088875966859463,17695084.57929293,ok
112,17697314.62564405,0.020545075201346696,297640.18466741213,113463.95969152916,1.000000000018282,17513138.400666874,ok
113,17499567.532329336,0.005291729885076804,818323.7901416791,2714243.812453267,0.15074618322552935,17437887.938326083,ok
114,17440626.99219735,0.020416619896082313,279828.8993065319,61859.24187449902,1.000000000001596,17222657.334765065,ok
115,17219931.657652933,0.011931190304154779,582517.8339969637,2725573.1368536367,0.10686153053838322,17188807.28399952,ok
116,17183674.549209297,0.022080569786998114,275802.60726435465,76297.77088013911,1.0000000000005722,16984169.71282501,ok
117,16975793.489227824,0.011509712998138476,555458.444592338,2067585.2954846162,0.13432540021574915,16938487.400291283,ok
118,16940737.070836857,0.01868092399240129,331107.3499911877,608297.5481718695,0.2721590371244074,16895680.14205765,ok
119,16893526.106523197,0.01300457778638307,396880.1272624986,1559420.2599193358,0.12725245960413137,16868274.12034212,ok
120,16872508.0367291,0.022386902347584767,232008.26004086924,30035.692839611464,1.0000000001763416,16670535.469497524,ok
121,16666002.01925217,0.014334862706598301,379043.09247097664,1304229.2605434775,0.1453130611074574,16638462.063222872,ok
122,16641352.14620759,0.01882038573356847,283165.87238058273,972956.470983422,0.14551826357368847,16620749.243181515,ok
123,16619359.957467455,0.016901614768101612,293873.3854343416,968148.2591307021,0.1517708587826258,16597059.249427091,ok
124,16597132.120733902,0.01328814382788168,362153.2929431185,1796981.3375619834,0.10076712689583697,16578885.54732103,ok
125,16576064.168809727,0.02432023296435493,211089.05249599175,41377.52031099028,1.0000000000083538,16406352.636623653,ok
126,16403189.546737343,0.007996978641855267,529961.7922875313,2313019.11217202,0.11456061679271543,16372833.171836827,ok
127,16371656.965866156,0.023383936848109042,236415.74314219836,251995.65834061746,0.46908693724921235,16316207.19743212,ok
128,16315408.02873785,0.007010587255306368,561395.7534097049,2271210.766138839,0.12358953245983927,16280716.709393427,ok
129,16283286.103153715,0.024800074712778106,215590.73998181007,57712.73593492189,1.0000000000002647,16125408.0991068,ok
130,16129541.137955964,0.008051365744987252,697358.9655912395,3158183.1559854755,0.11040508595417996,16091045.149687454,ok
131,16091337.78802015,0.021618857358900158,290371.84845575783,740438.8968775426,0.19608089855912914,16062869.60153941,ok
132,16071343.853823442,0.013843749063767534,367502.50168738747,1672512.1693190823,0.10986541934609842,16051155.945594128,ok
133,16054128.205922045,0.020286056913263264,263796.4258094978,731790.5325555631,0.18024039262182473,16030354.820241975,ok
134,16032169.270381214,0.014279123391764091,319099.12199310074,1461985.2139458219,0.10913213038997462,16014757.286886876,ok
135,16012302.237910248,0.024396130460747175,197071.5337941139,20571.963817097414,1.0000000000094815,15835802.667931754,ok
136,15836119.706367156,0.012278558557410595,421384.578432734,2271509.157457269,0.09275432085522223,15816577.08617146,ok
137,15812526.371666329,0.02611478943754522,202909.25491175454,20947.68160580413,1.0000000000077782,15630564.798359128,ok
138,15628439.290530376,0.01702193739738476,337585.33151643374,1365998.2458905939,0.12356726391560527,15607582.04265361,ok
139,15608560.477391621,0.02143611277957055,243941.39024902333,839651.1237624305,0.14526354062145203,15590842.582365774,ok
140,15583801.695054607,0.02060171586368065,240108.76410176157,1043645.5136720065,0.11503367808143626,15569991.397917502,ok
141,15574483.085719902,0.017125864711949355,273107.3539987138,1224540.7728420177,0.11151419375153314,15559255.41252551,ok
142,15556299.45240523,0.027555985800412592,190163.05320776056,95798.90429872321,0.9925116294377858,15461929.931506181,ok
143,15464390.965311483,0.005617681362726955,1115493.3785568373,6090995.635875692,0.09156905087787547,15413318.63034398,ok
144,15412807.869103137,0.021233276422171262,261640.94729959298,1117909.939500155,0.11702237275776396,15397498.946871344,ok
145,15396891.750804193,0.022695535192058663,230975.44462696515,768986.189822252,0.15018178979284022,15379547.597968055,ok
146,15380196.666343985,0.018590994591690273,249649.7776311265,975878.1245285223,0.12791032576518724,15364230.274151983,ok
147,15362962.587482687,0.021444907511908723,229947.03525896708,816123.2698085874,0.1408776368506798,15346765.390018634,ok
148,15346155.18488717,0.02180389226787116,223485.5506710803,533469.7320269918,0.20946413381497403,15322749.08124143,ok
149,15318007.597685283,0.019054146710322514,243418.1380085045,1040811.3875294998,0.11693671923896262,15303775.338454297,ok
150,15302598.94688531,0.021420464895175104,220733.923908427,637788.1636130759,0.17304642552314492,15283500.338623283,ok
151,15292202.332222056,0.012141496697891076,328929.5646401468,1815325.4995427385,0.09059795742499092,15277302.15887551,ok
152,15277061.805982273,0.02933134805867291,164813.58155749142,8446.460733272186,1.0000000000002267,15120694.68515802,ok
153,15119465.49920507,0.02327152024557597,233033.98057563504,464794.81487874064,0.25068478941232464,15090256.462031811,ok
154,15095867.019769927,0.011032776922764309,433378.86969101976,2343990.9334015637,0.09244465571846454,15075835.239567807,ok
155,15079252.190390296,0.026205727995944894,183786.6971703523,99462.49444918551,0.9238994969317166,14994351.971861081,ok
156,14989680.593235694,0.005916668823047097,1030204.4987562697,5723023.933704612,0.09000525864386877,14943318.682052378,ok
157,14945198.060861338,0.02837291522086473,189571.1781493747,157848.1281338861,0.6004859873554574,14888280.642818755,ok
158,14906229.585713618,0.005260423797107389,654143.8733636786,2088299.1785244916,0.15662120640823848,14855003.184408229,ok
159,14851973.760373168,0.028905475686015526,161640.42926060705,18855.24252492661,1.00000000002263,14709188.573634684,ok
160,14710871.01524173,0.014934726438733885,367109.7686861398,2305499.308938913,0.07961610902739741,14696257.08955736,ok
161,14695287.422278814,0.03130521677385619,162950.10486499802,23231.211891620223,1.000000000002897,14555568.529305099,ok
162,14554032.110642511,0.021878277276996205,278761.1751077434,836063.4796197782,0.1667105320965086,14530795.89872748,ok
163,14527194.824552588,0.020006560308157458,280224.05283941026,2018094.874945107,0.06942786890706328,14517467.145150019,ok
164,14521757.323770622,0.02526218628058609,203210.3635686908,676741.406658132,0.15013885774492453,14506502.437836556,ok
165,14506975.095714701,0.015389221817299775,334843.98292629863,2861093.4396855817,0.058516785624991005,14497178.098931344,ok
166,14495679.211879887,0.03189930374983541,165765.7526589193,122137.70418979057,0.6786018853004425,14439434.735743592,ok
167,14436774.096969519,0.006564639818534941,571746.975734263,2486997.5287879747,0.11494723438927196,14403913.730153976,ok
168,14406035.464887515,0.033697155956499254,159981.5978676025,34145.55576110605,1.0000000000000042,14280199.422781019,ok
169,14272322.508239746,0.017633541489369846,322468.141673192,2029855.3218602305,0.07943131172956476,14259515.474497696,ok
170,14261007.770448849,0.029015481979486224,202426.95318289776,279619.97666940547,0.3619679745239143,14224371.733332518,ok
171,14221038.479749192,0.011977538511532554,361840.9008246993,2296106.502802677,0.0787944506021451,14206782.952256257,ok
172,14208773.693879541,0.03085298281334341,170853.78089870198,160239.520992625,0.5331199813888782,14163230.911633074,ok
173,14164667.234360188,0.012143419979324792,526022.5890561622,3005507.6917627435,0.0875097725582009,14141651.1757958,ok
174,14139883.514080044,0.02225574588620771,254492.88643429172,883704.7441797653,0.14399203360083024,14121561.039952734,ok
175,14119977.287820099,0.022372815378122184,246299.55947136,1458633.1201198995,0.08442820750262212,14109579.972662672,ok
176,14113095.737482166,0.019087588243698737,243179.35524926963,1490432.3500586508,0.0815801385549972,14103176.434734691,ok
177,14102107.686807524,0.02721166326590675,200404.90026701917,1173285.35138933,0.08540330791214276,14093550.066105222,ok
178,14091223.569057409,0.02568304543386953,185025.9082243778,739506.7473580987,0.12510089251070813,14079650.115929171,ok
179,14075383.503356982,0.022111500678250403,228889.52949230498,1725684.8652169926,0.06631846118193885,14067793.70266869,ok
180,14065338.155899445,0.027754894583041784,175223.7318757699,608547.7066190002,0.14396877185626636,14052724.783160333,ok
181,14049690.006045356,0.018711491805686726,279094.1665840619,2504507.412332697,0.05571837504048626,14041914.669322686,ok
182,14050092.266869184,0.019396733137371187,237587.05094353395,1397816.5958492418,0.08498505871551347,14039996.592131943,ok
183,14041805.035106469,0.026560507712963144,188649.60275186098,918411.0975950813,0.1027043353710839,14032117.469072144,ok
184,14030768.42464168,0.022616126939603742,203691.85589440182,991256.6931274995,0.10274425247598411,14020304.34090702,ok
185,14018607.811457442,0.026860061591026906,190376.92574386107,932298.2460380531,0.10210087091383982,14008888.986497268,ok
186,14005801.37925818,0.026361550836543363,185764.05687706074,765615.5520548334,0.12131679952065309,13994533.228835031,ok
187,13992949.468537934,0.031392744467854804,168520.57036691363,569938.809734613,0.14784093264800105,13980492.349391226,ok
188,13979854.772678098,0.01934934940753905,226981.48309311256,1173515.2664259165,0.09671006828245715,13968879.075313702,ok
189,13968058.920614611,0.0339207662802618,135547.70971194058,13135.419512928687,1.0000000000309235,13845646.630412221,ok
190,13842887.66160749,0.01792713081093229,265397.8254092006,1560783.6922189067,0.08502069400529635,13831605.507955598,ok
191,13834924.063279603,0.026782033058597336,212575.72550788795,1298362.8817498945,0.0818629862636649,13826223.021430982,ok
192,13822671.577761441,0.02836750966437796,173002.9776248694,460167.0615318885,0.18797844531608301,13806411.162376953,ok
193,13812085.389530292,0.01143345457685271,476396.48995137785,4291455.473501773,0.05550523509948531,13798864.139942631,ok
194,13796926.721207218,0.034589520475701394,146813.02869391302,87059.12105262262,0.8431800535016447,13735031.812512783,ok
195,13746900.445723593,0.005191063756025422,707733.0103398393,2687587.5191606632,0.13166696996733807,13700307.915214937,ok
196,13701643.944197344,0.017635045556937474,248779.7818792715,1895375.1353849082,0.06562811161621308,13693480.470550828,ok
197,13693484.900382115,0.03716102462345978,133761.17301135263,34061.93826993957,1.0000000000001292,13593785.665640693,ok
198,13588706.532170193,0.012498233246949063,392298.0328381693,2728709.1774414526,0.07188344512514223,13574606.66511208,ok
199,13574080.55052912,0.03448104391626851,164665.58701169735,139294.28008565443,0.5910708857192186,13525416.033347882,ok
200,13526876.04797819,0.009266099949330036,506379.24065562,2777289.1023894697,0.0911643012281205,13503794.193162791,ok
201,13507128.487408021,0.02976909610274506,208572.3656224137,576757.7977285438,0.1808145173275838,13488272.031599078,ok
202,13488043.616675954,0.025231350961303186,213619.21954754362,1219369.8393156664,0.08759410502863955,13478687.724499362,ok
203,13471685.292063203,0.035630236140133664,145164.798723772,196297.6098412515,0.369756918693938,13444847.447723739,ok
204,13436038.128372714,0.0108728430118847,365051.05666809226,2373184.1338988626,0.07691165878232051,13421999.787218422,ok
205,13423391.000981223,0.03718995142458969,135067.6031889518,166328.7353007994,0.4060260632195844,13395970.517385567,ok
206,13394178.353118498,0.009809659807317513,384518.98261483083,2218430.0220058723,0.08666466347835357,13377516.24900382,ok
207,13377229.439807786,0.04077097629297518,122633.45888618247,48795.77228354614,1.0000000000000016,13303391.75320515,ok
208,13305498.964171248,0.007796968993492911,838379.999440011,6774564.977227568,0.0618770358139742,13279560.729545714,ok
209,13281295.807168031,0.030894236690659174,177866.0931785112,337489.86546313914,0.26351323607069593,13257860.77226767,ok
210,13258107.3050018,0.021806135727042097,267726.06331417133,1787814.707385524,0.07487522678054548,13248084.280148944,ok
211,13245941.766861947,0.03712102212068722,135700.61859950118,38920.38016127933,1.00000000000013,13149161.528423717,ok
212,13144194.26237845,0.01689709371139016,382083.842721098,2194168.233114741,0.08706803720759125,13127560.617261222,ok
213,13125131.025222301,0.04135100506055766,133752.0885906463,79839.6926678036,0.8376290296304184,13069113.70913369,ok
214,13063171.624847412,0.010469289467495828,529362.9574344202,4066007.853910622,0.06509615530197357,13045941.87820328,ok
215,13045789.262409559,0.034022744537133,172415.47199528496,304334.2958414602,0.2832665827533007,13021369.491626607,ok
216,13026406.186465878,0.0188042977151829,290774.97914132266,1413716.2303546425,0.10284064542018427,13011454.44320241,ok
217,13011451.436523557,0.039060368700963764,159056.60327790416,390520.825180792,0.2036467622491947,12995255.755387608,ok
218,12992553.760153856,0.033134317723683374,172000.5351678069,542749.9376094979,0.15845283734657858,12978926.773742622,ok
219,12976599.870919973,0.03177184329327511,163314.20286397252,745256.1396492884,0.10956917640479076,12967652.769568468,ok
220,12969917.284719285,0.026257356755603686,164398.31110901665,1034807.5410360612,0.07943424481832591,12963387.856873108,ok
221,12964687.827523207,0.03293128159604426,137196.2806744466,580768.9802552933,0.118116054178839,12956585.285862567,ok
222,12956953.41424525,0.026647138746933037,160496.09722320372,1015756.3626408495,0.0790032448361595,12950613.558013164,ok
223,12949964.287314031,0.04104652862910175,110918.93029934433,54526.41529581128,1.0,12893571.7723105,ok
224,12896867.417723937,0.005840399657044639,566129.0289413759,2076699.3191577494,0.13630500663210643,12858284.307201695,ok
225,12858947.183704948,0.0309990300456281,162045.43957874848,842222.4978384458,0.09620108700173423,12851152.709989375,ok
226,12853982.576002978,0.03114011141341189,151996.87682403158,821337.2600579949,0.0925301238697603,12846950.431082806,ok
227,12847325.131984398,0.026906993021909888,166064.8770265466,1125262.3914109361,0.07378940160717641,12841198.218032518,ok
228,12840701.687641611,0.03953231984521873,125014.36542821192,268139.85069467255,0.23311411023825063,12826130.381359713,ok
229,12832977.653592065,0.01071850089327447,321818.65458383295,1781444.8426351994,0.0903251806852979,12818443.489530474,ok
230,12819027.507800147,0.04310993269340381,108645.12870452272,90517.45583604761,0.6001335747952825,12786426.713063378,ok
231,12791111.437414054,0.00732419518142718,482720.2340335288,2327185.9726893543,0.10371329143834715,12766079.1852563,ok
232,12764738.439525658,0.04360106900168488,118288.94649777169,93309.65641869893,0.6338515810570866,12727249.621646063,ok
233,12729762.191728314,0.011153529051921943,516925.5703053449,3802494.251047215,0.06797190688230265,12712193.983363375,ok
234,12713751.720548222,0.03825580482416893,127207.36614908093,253086.3933151656,0.2513121398641749,12697767.342851516,ok
235,12696762.970840689,0.013876472627912943,371181.54944415094,3905358.648869344,0.04752208219744596,12687943.310789257,ok
236,12687677.747253135,0.04664663522984864,103684.98265971451,71414.87804710737,0.7259340455032411,12650043.517793084,ok
237,12645805.368953034,0.009029340608398287,420694.1118266942,2495613.650935767,0.0842867067322197,12628075.90833928,ok
238,12626951.785086501,0.045969460990660425,102282.4357620716,38053.59226365601,1.0000000000000009,12562722.941588085,ok
239,12567624.680016134,0.008369178059206886,744286.0034613198,6470188.591703613,0.05751656175955049,12546220.294073708,ok
240,12549081.128520593,0.025144089181446328,212936.4597601957,1596168.0584925078,0.06670239346892531,12541979.44275919,ok
241,12542771.46663789,0.04224595203997854,122364.06296990992,92537.73506679221,0.661157650344422,12502320.498458,ok
242,12503662.121351136,0.018307985471970274,358739.8810314279,1749097.3411008038,0.10255000468002913,12485267.733111793,ok
243,12485463.906592768,0.04007527821789342,146298.64651440075,300903.9800720859,0.24309855668800523,12467681.411686238,ok
244,12465216.430262603,0.020061924636788263,301883.5451754036,3009083.35304666,0.05016204434313031,12457644.882372828,ok
245,12458207.2648324,0.03720812353369205,148487.6796155462,498634.49657246034,0.14889431099956832,12447152.77945826,ok
246,12446299.394297944,0.035889480464576275,135262.29163366838,462419.6537918325,0.14625491209610159,12436408.007011546,ok
247,12438725.728337009,0.030392104849881987,165309.894365205,889328.2807823597,0.09294087343077553,12431043.705352481,ok
248,12432179.155451523,0.044401982524246396,101252.03586976694,36198.195287658615,1.0000000000001894,12367125.31486941,ok
249,12366353.279740337,0.011286776510122493,422129.301697241,2052273.559794345,0.10284430642363826,12344646.482113265,ok
250,12341894.666130854,0.04734551952738374,112917.23828576977,94357.34227880876,0.5983489761301239,12308112.709172988,ok
251,12316326.310203848,0.010857782143802874,488490.7406099796,3078534.596738755,0.07933819245160705,12296948.324009178,ok
252,12295476.933239449,0.024904549331683526,197047.39498290024,896188.3013513453,0.10993637982429375,12284645.594610335,ok
253,12284018.360999634,0.04396157749266688,133651.74546476494,266955.6594895512,0.2503257389641446,12267290.125025978,ok
254,12269079.484129582,0.020637530764261565,229117.25124133372,1189995.092214101,0.09626814965053297,12258051.137214573,ok
255,12257250.395356998,0.04809273963248929,99802.44573130575,72576.94441518084,0.6875630169849791,12222940.16001225,ok
256,12219847.132324193,0.014906382150982042,394815.95454226434,1865674.276841666,0.10581052637190086,12198959.290339122,ok
257,12197284.714167234,0.04961511666986762,119667.90750815244,137758.45663936026,0.43433960581248626,12171296.458279487,ok
258,12171293.594790239,0.017423592925083622,341108.6336077216,2985499.767303694,0.057127559905286535,12161550.242839921,ok
259,12160868.343103725,0.04167792992217607,132048.14382346306,464703.6474613509,0.14207780006121581,12151487.788215423,ok
260,12151569.06193533,0.031119148485104973,162956.83453496898,1177981.1556013422,0.06916784439212098,12145933.375448456,ok
261,12145783.382857192,0.03978171267606538,125985.75950116981,932545.7985778771,0.06754936845637867,12141528.253612792,ok
262,12137477.488643264,0.04509570130649919,104315.59012155331,316025.697323909,0.16504289208898662,12128869.21530145,ok
263,12128583.002461728,0.02001012002200852,233204.21780199435,2737335.318774667,0.04259694020723505,12123616.109400835,ok
264,12123423.017515041,0.05076805353886736,89206.89765184277,67789.52289676218,0.6579696525353739,12094075.30178917,ok
265,12098759.462116312,0.007356891400272627,499707.63973570714,2575267.65993215,0.0970205248002984,12074518.513389375,ok
266,12075510.552837433,0.030625898024881013,136275.6013208541,913873.1144052524,0.0745593667068005,12070430.241571397,ok
267,12069124.686823314,0.050376261604865094,89313.31500415607,19896.975690663276,1.000000000000037,11999708.34750982,ok
268,11998760.250334077,0.027219690883097555,264800.6466995555,1985181.303397836,0.06669432314477342,11989929.900384115,ok
269,11988567.667191539,0.04719953799821288,128895.57451889559,211974.30858687853,0.3040358413672269,11968973.229967857,ok
270,11971444.38176579,0.02343081220855408,214855.5079536303,1227952.5391914172,0.08748526555232683,11962046.036181439,ok
271,11960707.356936079,0.04295126284768404,123306.1196692109,326106.15099741635,0.18905825494562323,11949051.337031689,ok
272,11950472.647308892,0.016133966078536982,240223.78945259505,2130877.7889991407,0.056367331503658545,11943702.260321323,ok
273,11943444.017964974,0.05186951277255991,82620.97390049676,18342.545396484857,1.0000000000000073,11879165.589460962,ok
274,11876919.012114307,0.021804656272170687,297706.5633927684,3337691.286170024,0.044597678135533086,11870280.501367792,ok
275,11872039.660003781,0.038497950727133357,161691.50288639788,890800.9625334118,0.09075624616892644,11864702.403084092,ok
276,11865609.32844814,0.050105206018735,105955.1010756859,248934.06713552307,0.21281759924406513,11854334.773328844,ok
277,11851714.21734346,0.020102866039946644,201880.73064795983,1728799.7238410749,0.058387541328216434,11845820.557591422,ok
278,11846109.832784027,0.04304828792598511,107992.0921126864,478089.87107713765,0.11294120482973206,11840011.454286382,ok
279,11842793.67010777,0.025059662413114487,157982.3831476713,1338193.2955651958,0.05902823742699528,11838130.95929691,ok
280,11839469.122560939,0.04684874168846899,97750.5994107419,541749.4885621859,0.0902175280960338,11835059.713836567,ok
281,11835810.287550058,0.023924747997021042,169068.27374310914,1718558.8775899655,0.049188967555247036,11831652.140634174,ok
282,11831731.140061645,0.05204134797003334,80544.57296958036,19143.970819986884,1.0000000000039972,11770330.537911883,ok
283,11769415.595854018,0.01771841352291045,334915.703086145,3171132.2924615243,0.05280695855583082,11760572.656027734,ok
284,11759388.280361604,0.04869285977777589,117168.66303600208,142009.21231871872,0.41253895125139595,11735219.961677404,ok
285,11741277.311619941,0.0254433994008203,244290.23213981712,1536685.287850399,0.07948609714404954,11731568.473058337,ok
286,11731248.822277293,0.03312028040623423,156998.90845372446,1371832.1247756213,0.05722234726038487,11726756.899247771,ok
287,11726094.782538373,0.04383965104280743,113999.65795892001,684337.430710528,0.08329199371760027,11721347.153141111,ok
288,11723517.140025318,0.02545447497685847,167306.47958239692,1701287.1451349857,0.04917055890912591,11719403.863470227,ok
289,11719295.369539486,0.055029670901443464,90091.4042833753,197096.72222510344,0.22854617587318943,11709000.346575482,ok
290,11708951.061270595,0.019363629628862414,216290.54197078702,2007714.9937632477,0.053864851994100384,11703125.832255105,ok
291,11702963.155765766,0.057261114680542236,73721.57852889871,7246.152290716322,1.000000000060033,11636487.729524028,ok
292,11634751.352722436,0.049035188863527125,117411.73049449259,216416.25086218945,0.27126366441228705,11618826.584592974,ok
293,11617834.62596579,0.02559799529723097,225005.34340706147,2299843.0180844166,0.048917543857943994,11612331.271588597,ok
294,11612522.572180744,0.05528460372088132,99812.8607381802,326142.88051803765,0.15302014347153586,11604885.883045515,ok
295,11605046.637821183,0.040841467469726986,124285.61554542242,526247.9387877705,0.11808655805067707,11597708.407543698,ok
296,11599809.892720245,0.02706452971825866,160189.3463149664,1525384.7059949045,0.052507851194982906,11595604.293540582,ok
297,11595615.96059909,0.04481484640540053,105243.49656462892,587856.8580254302,0.08951456049873638,11590905.547928926,ok
298,11588716.146159468,0.04488458148205314,94273.15670032095,554436.4001362157,0.0850171062696818,11584708.730668684,ok
299,11584693.57651799,0.031187356361163997,115908.1328593968,897217.5500413356,0.06459310389885754,11580950.143483734,ok
300,11581306.224616751,0.054123599444222195,74814.18571507631,76473.93925097835,0.48914824087683695,11563008.61094917,ok
301,11558684.016839243,0.014263294026267073,214691.9662119296,1398742.8229942776,0.0767446176246825,11550445.79041223,ok
302,11552165.817912849,0.03083914210931019,116603.48936788714,832863.8776478603,0.07000152875953385,11548084.606655626,ok
303,11548455.464593824,0.03999639082216461,105213.44549675312,873619.824415526,0.06021695167411271,11545287.648112353,ok
304,11544693.233948123,0.06133835001680362,71771.93756638185,47325.287724890004,0.7582831612520182,11517481.508094613,ok
305,11514949.992928095,0.014001931789587155,423762.95120778156,4167585.92956329,0.05084033759229369,11504177.867178839,ok
306,11503917.79074749,0.04760808426482066,111073.39791465903,385817.340623652,0.14394557504221447,11495923.52868013,ok
307,11497646.230116572,0.025651611462243575,189171.33545694686,2769005.2915257877,0.03415871685689502,11494415.305073915,ok
308,11494194.725531887,0.05448216180462154,75582.45806581088,15110.639619915846,1.0000000000000016,11433722.907085992,ok
309,11431512.247994263,0.03323307787872572,202109.77744083322,1398181.3951662655,0.07227595008042545,11424208.409901723,ok
310,11424677.296223314,0.04980868236673772,103047.2161028584,456882.39265233517,0.112772146355476,11418866.868355377,ok
311,11417238.982765693,0.035394011350926256,111732.43968749698,1010588.4566480925,0.055280880635669334,11414150.648934944,ok
312,11413705.013909906,0.06144375498509471,71160.73637774053,26977.66148483132,1.0000000000000158,11369521.939016996,ok
313,11371081.687013289,0.012088617586676993,356190.6624051204,2342505.811332968,0.07602770090940253,11357541.50843926,ok
314,11357691.469833525,0.04632278240904819,128894.56228870174,601047.2230599296,0.107224987774255,11350781.11090074,ok
315,11351542.009641882,0.032939731648672914,144368.53227150132,1409667.0273798085,0.05120660747093005,11347845.69826029,ok
316,11347971.374053113,0.04313177688599871,109509.4840852137,840464.7607381688,0.06514817110775292,11344404.202749562,ok
317,11344119.441707399,0.056341608788155466,84438.79192294704,250854.84113424417,0.16830209762178736,11337013.828806758,ok
318,11337789.820438901,0.021766688586805954,182467.34204876417,1848453.2639700149,0.04935676373468864,11333286.821693502,ok
319,11333826.915079527,0.06270435403307233,70771.08999961674,46248.08859318709,0.7651244857073098,11306752.568160076,ok
320,11308955.95706886,0.011198305044673387,490459.709117668,3574362.1518031443,0.06860800448973081,11292131.226106273,ok
321,11290905.954829438,0.051223390951169796,100445.8654127499,421514.85281555273,0.11914866669799556,11284921.95935981,ok
322,11284262.401864376,0.03388680653001304,122554.59795472087,1260613.2788490986,0.04860911748708909,11281283.766439095,ok
323,11281450.386234516,0.061727173877366426,71064.88103061587,22781.432386593948,1.000000000000002,11233166.937590495,ok
324,11237131.750451997,0.016062381930284322,341531.06292641605,3510485.2302961405,0.048644423850432335,11228824.959560458,ok
325,11229334.909919538,0.04284869475646912,118515.355688972,255298.28150348138,0.2321115422145054,11215580.518927002,ok
326,11216023.526110958,0.04173570873548751,147401.64106750232,1346535.9071430664,0.0547336466430528,11211989.611442562,ok
327,11212056.685867578,0.06294752468535865,78014.37051098022,144846.3817736201,0.26930037725384337,11201552.036162665,ok
328,11204142.42647827,0.018594239085482987,253129.6199896047,2746313.3704281603,0.04608534894729454,11198309.643045213,ok
329,11198317.663006192,0.05947129912970478,80639.34003103338,214335.98708023044,0.18811432725212027,11190732.955406195,ok
330,11190923.978371972,0.04073777483916137,94087.60236296558,254009.91558137123,0.18520458571001125,11182211.25066393,ok
331,11180865.116984006,0.05838435176267024,93185.26779916187,497296.9880320458,0.0936917677381519,11176499.770750377,ok
332,11175614.689195111,0.04061217660423947,84065.18631002057,190539.13028118867,0.22059822091651496,11166342.373924607,ok
333,11167802.855913602,0.030684462332448488,180851.55433315382,2713435.5070003425,0.03332519860276358,11164789.398930715,ok
334,11165046.617553368,0.06716502172233527,60015.425966984745,10430.649361560909,1.0000000000000002,11115461.840947943,ok
335,11115447.612039428,0.033987859868638656,179789.57120872586,2210610.073665398,0.040665147904310854,11111792.027287,ok
336,11111277.550471261,0.055333749980101446,91162.17506893592,155453.69590042366,0.29321327659951596,11097912.57044431,ok
337,11099763.435432225,0.023250867834209682,274005.3029030944,2593294.084414906,0.05282958545847201,11092525.642149327,ok
338,11092204.745312624,0.06103368063756479,79149.52670862866,136612.55494434515,0.28968613734247756,11080740.484980268,ok
339,11080418.482483378,0.028161512801386995,168583.59493220825,1079735.359555259,0.07806708997732903,11073838.067146242,ok
340,11073232.535492651,0.06315771998212778,78927.80250538664,145481.31809691963,0.271264391668506,11062527.384326473,ok
341,11060686.110139113,0.03024107115093304,151029.21547158703,957167.6764783947,0.07889381306066079,11054728.474793056,ok
342,11052888.92859497,0.06404922662245494,76336.30342381026,228337.8283489701,0.16715649784306658,11046508.874025663,ok
343,11045407.42196789,0.03827219947969344,101759.83776381932,589989.9883948335,0.08623861401502252,11041019.608282316,ok
344,11041194.219323983,0.07083267152279554,61470.96332638262,54703.62211204351,0.5618545989557904,11023925.347600397,ok
345,11021274.25718183,0.020438691842518796,238083.299750188,1414594.2926097536,0.08415250259173371,11011256.604432194,ok
346,11011750.713975977,0.06658118706396639,85725.45704658597,228960.72784005853,0.18720559166476325,11003726.57152241,ok
347,11001866.185973845,0.0338909249394596,174612.8272630568,1690188.997874397,0.05165482306495075,10997356.388625273,ok
348,10996757.19778101,0.06693891352551473,56514.352836704835,19906.085552322336,1.0000000000000109,10960148.930496627,ok
349,10958723.713085407,0.021809861468765172,343389.7270798031,3849191.2922821715,0.04460543800048563,10951065.188494775,ok
350,10950829.781501673,0.05010501134953065,106664.35349882624,617659.2134643606,0.08634563459400324,10946224.780855967,ok
351,10946774.034992304,0.060711880009904594,87005.22691928588,324354.2210740564,0.13412069470096535,10940939.434253788,ok
352,10943954.043525312,0.029134302490125538,153961.81287024549,1503253.0838630572,0.05120954499377932,10940011.88633356,ok
353,10940104.075090751,0.07341921761283561,58974.01607243632,37246.53128833904,0.7916712514233455,10916760.058537988,ok
354,10916899.772062723,0.01695066103545346,331328.6108390516,2088784.8588108174,0.07931133008779155,10903760.715651829,ok
355,10905614.549277075,0.043429226207643605,123362.87203853845,858483.1522870538,0.07184932616900629,10901182.779661953,ok
356,10900338.197412148,0.05649055798950672,81464.4577976066,327847.96987588285,0.12424121129749185,10895277.575954914,ok
357,10894327.431677435,0.03220219314983681,139963.64032846002,2106569.5998924444,0.03322074911163775,10892002.583187383,ok
358,10892466.283357913,0.06951653957571048,57501.340849045184,22324.805405397536,1.0000000000000553,10857289.747914266,ok
359,10857226.275872627,0.023340913294919698,301238.19260645204,2981564.6279828725,0.05051679741891922,10849617.481497256,ok
360,10848614.415680684,0.05571799933153732,109129.31997843474,402615.1695443103,0.13552559395855598,10841219.5077265,ok
361,10842698.003879927,0.04823164699938534,104823.4374849935,513395.5763220383,0.10208837231900958,10837347.376823064,ok
362,10836937.789553339,0.05016648746806208,99943.46119020157,761103.9212170468,0.06565690860611158,10833656.800204767,ok
363,10833550.373850552,0.06617840877204868,75679.15722664264,149970.08038894137,0.2523141850373481,10824002.911410576,ok
364,10821752.696028067,0.030130906371756288,183834.68410960326,1761894.1097692514,0.05216961765474072,10816957.403437229,ok
365,10817247.13689724,0.07257808833510776,60949.24552521802,41920.59925321322,0.7269605708289851,10795093.287737936,ok
366,10791368.775506455,0.021239294168885318,280463.2537987971,2195714.7632717486,0.06386604910851211,10782412.735536333,ok
367,10783663.74448926,0.057343970924559846,93875.84805356273,349471.94840068027,0.13431099188815465,10777359.465356052,ok
368,10776868.79493647,0.05645649663475113,97599.86046266623,894486.2776769089,0.05455637660319681,10774206.447564559,ok
369,10773900.438941669,0.06842970479062714,65268.451571188416,82913.294865606,0.39359460793942586,10761055.783638181,ok
370,10758706.637330303,0.024613885500014598,218114.3464833926,2766275.1748258728,0.039423833982301155,10754407.185437843,ok
371,10754900.412616009,0.04604090983935795,105495.72174589535,1379017.2894871263,0.03825032599305935,10752882.789742181,ok
372,10751703.847960318,0.07558166640371917,62156.714744555065,45187.8839135385,0.6877586352957393,10730329.439306727,ok
373,10732332.114867587,0.026724954144003374,242589.661651919,1377208.0075849842,0.08807299272000108,10721649.316115277,ok
374,10721255.082732871,0.05545950192405663,98791.97120777512,366699.1865109623,0.13470437737775262,10714601.22724714,ok
375,10714063.139817141,0.06060569237345453,84863.11417948008,498204.2091957102,0.08516900561366313,10710449.28629317,ok
376,10711881.879813498,0.04437127681296994,95800.61177445916,853269.5332437776,0.056137368112901494,10709192.882709185,ok
377,10709122.561037697,0.07503704928633645,54200.05870149576,31656.729522624573,0.8560590357693112,10685923.336042374,ok
378,10680719.092382494,0.02367226937950234,285370.7231061188,2431997.4250923824,0.058670029861417027,10672347.73795939,ok
379,10672938.090849582,0.04599479203905852,101122.72061452456,1047840.5840980327,0.048252912775644044,10670498.357940858,ok
380,10671611.151248092,0.05363599874744485,84124.13937065739,800789.7576216555,0.05252573385835127,10669401.810170269,ok
381,10669806.35994225,0.06256650893414682,69646.29670105287,235960.72731736462,0.14758027213439495,10664667.150232103,ok
382,10667602.490136048,0.023951281316256734,186312.6646998882,2336619.6408101395,0.039867991658944314,10663888.534254942,ok
383,10663621.819959972,0.06243611227494021,78361.28887730741,569936.7735774535,0.06874559820507725,10660928.323119977,ok
384,10661495.058789026,0.061316335087721725,72133.76490566495,540554.7117479335,0.06672198330527336,10659088.604860134,ok
385,10658490.158872439,0.03760356174692332,120517.51343514562,2144609.340526526,0.028097777799838644,10656797.021715695,ok
386,10656890.806598477,0.07432098486513826,49315.49250325283,6425.57029058331,1.0000000000000002,10614000.884385807,ok
387,10613558.211844943,0.047175890113059345,110961.06680615827,655100.1895936849,0.08469015012419707,10608859.557142066,ok
388,10608111.700075097,0.0728359302504164,72181.77885904667,240643.83112136833,0.14997637488293208,10602698.919312157,ok
389,10600555.52562486,0.04415467084893658,92586.87996356977,714870.8573711993,0.06475776639156916,10597557.665853059,ok
390,10597612.474881826,0.0745430639151487,58078.28357953999,101482.18480743557,0.28615014393779886,10589302.920278853,ok
391,10589176.198403504,0.027224039178327167,160321.68135640136,1165564.8225860642,0.06877424500539238,10583663.197106864,ok
392,10583225.563735131,0.06662782873074011,67588.30816837522,528224.2164931534,0.06397691175263572,10581063.518121533,ok
393,10580844.158735305,0.04452285458196619,74965.95178064302,667407.2177710389,0.05616207750270457,10578739.03693832,ok
394,10577962.591155592,0.07174455180894986,56965.87087662513,305078.5307818224,0.09336263474627193,10575303.349257763,ok
395,10574648.311055545,0.04807562646644611,68904.51331579644,565411.7320689876,0.060933041717808924,10572549.030263336,ok
396,10573275.20813512,0.06290576906190365,64836.725219298314,482393.5242942997,0.06720314634628323,10571096.592168357,ok
397,10570600.33491776,0.07982116130334051,42819.298206695166,5396.223242823233,1.0000000000000902,10533177.259953886,ok
398,10534033.064447107,0.052438920156109015,105474.46680325008,611278.0153343045,0.08627372828512954,10529483.226702105,ok
399,10529336.299112255,0.04091297671637887,100519.52437334027,1205219.3371026837,0.04170175555554337,10527240.378795266,ok
400,10527273.143278282,0.07575701369130959,62108.51850844416,81645.26740902873,0.3803559010793068,10515461.472517291,ok
401,10519345.94100133,0.027569114556204283,203962.26567359612,1517480.6269535709,0.06720424038726018,10512492.376435202,ok
402,10512435.346619949,0.07429402283176788,63527.48999213007,105091.99741994134,0.3022470385555525,10502834.848761454,ok
403,10502171.402409784,0.03940227737702134,147144.37263613887,1094085.482287765,0.06724537297051765,10497224.01330057,ok
404,10497744.167439112,0.066074935952462,78106.80089467495,596587.0704186143,0.06546135909371018,10495187.678768598,ok
405,10495597.150087215,0.05209807424769879,82993.29600225677,1097299.2034413524,0.03781707657399778,10494027.868172191,ok
406,10495018.825355437,0.06110967515858051,71244.98049109554,474463.3419187005,0.07507954165962036,10492344.305115025,ok
407,10492705.680463674,0.05619019322840998,68378.94278760487,650636.7564345644,0.052547709694665753,10490909.102046257,ok
408,10490449.256950228,0.06798725056832161,54821.11796958331,329503.6474480833,0.08318742204245393,10488169.04321154,ok
409,10487173.84521881,0.06932445492682593,57646.137878885966,437949.7477517106,0.06581364434483888,10485276.894010702,ok
410,10486384.310089476,0.03745749297543012,82706.66699837646,900293.2065238865,0.045933183988866456,10484484.819813306,ok
411,10484315.784834377,0.07274113628935173,57158.895532191294,324408.51098283293,0.08809709609501588,10481798.018478185,ok
412,10480696.407140445,0.046918263652160196,69071.6171434235,702393.7672505575,0.04916872868462136,10478998.32533888,ok
413,10479422.68277961,0.07245343976460593,52173.05792926985,166812.82063712986,0.15638203865266026,10475343.21819875,ok
414,10473038.96370413,0.042186225067190324,76358.27855090375,769908.8674621278,0.04958916683386547,10471145.691997027,ok
415,10471357.658111542,0.08212773886783946,47012.38319659073,74080.5486040994,0.31730585209238854,10463899.005956998,ok
416,10462788.694596011,0.018163909282634224,169834.65684063634,1325581.3153772755,0.06406044460286447,10457348.852782918,ok
417,10456733.891859204,0.07225021858520254,58107.38554916619,195510.78780548423,0.1486040391975144,10452416.395759296,ok
418,10452129.80687796,0.05522435882036316,85359.62132370056,730110.2822765821,0.05845666291504468,10449634.887572823,ok
419,10449620.829495493,0.07190067388100921,52079.58238409209,104685.49938508026,0.24874305749127687,10443143.61221795,ok
420,10445361.464467755,0.01868385629685513,211234.1761052947,1624860.4490545888,0.06500071320838645,10438496.27841734,ok
421,10438451.32308055,0.07925375343526679,46327.253958465866,17089.727097214658,1.0000000000021152,10409213.796219274,ok
422,10405705.574554108,0.030277747387672926,161530.51387548313,1004111.4694237922,0.08043455273356112,10399209.25723591,ok
423,10397853.532871809,0.07530679903294694,73233.93104397837,145004.0004101018,0.2525238298145479,10388606.87650201,ok
424,10392203.994317673,0.03963671163367958,125175.49746860977,1677307.3465736618,0.03731441876896128,10389868.568851596,ok
425,10389055.882919785,0.07454149600735914,62405.55854693728,115388.94157964367,0.2704139482199157,10380618.216181012,ok
426,10379578.838366821,0.03497232976900203,157593.07695791766,3024270.0479671885,0.026054729646885596,10377525.815859642,ok
427,10378039.88925857,0.07128997498307107,70824.72984397723,284499.4405294433,0.12447252921161274,10373632.022631366,ok
428,10373300.11004603,0.03478890427021147,95930.32556231003,857924.3707596462,0.05590838122325914,10370618.455439825,ok
429,10370793.861603715,0.07116125733372099,58358.67472523439,335533.43714332086,0.08696402245643685,10368256.309054047,ok
430,10370258.467969254,0.026335479788205978,111074.65852260742,1097020.1008083143,0.050625625930083046,10367446.855912916,ok
431,10366607.773908049,0.08106411658039994,40633.944055000844,4869.5186878438435,1.000000000001608,10330843.348540843,ok
432,10331686.399558831,0.04814494415213448,108375.20414585415,795341.1863352348,0.0681312661835258,10327994.529618153,ok
433,10327607.712388556,0.08539721971663104,53569.91867998496,63366.753484062356,0.4226973589033448,10316285.780817207,ok
434,10314212.148748007,0.045520213427987934,115399.29669922823,822207.286052468,0.07017652279224888,10310162.988060495,ok
435,10310472.703211572,0.07848997675478128,58089.27820561813,77473.74077882025,0.37489656251049747,10299583.967852572,ok
436,10300573.095408387,0.0428620112013867,164589.46441887852,2053315.767264452,0.04007894622027723,10297274.809261953,ok
437,10297409.276579335,0.07619106339276052,61851.29340020099,171596.52385915548,0.18022303718392294,10291835.762604166,ok
438,10290671.073353618,0.07187331385964345,53707.37614018788,86268.83955898053,0.3112791154647969,10282312.081084192,ok
439,10280941.90269731,0.054987532336034865,97912.14495287015,1053548.3071537947,0.046467800426438895,10278667.021691812,ok
440,10279189.06384961,0.09104676463813113,50350.102866481626,109789.68620173773,0.22930251742392127,10273416.36117969,ok
441,10271591.04754771,0.04924318672798779,71875.33750087747,808427.635798406,0.04445378554500622,10269993.48212809,ok
442,10270167.421090528,0.07922696221254126,42908.54987040913,9928.320231722293,1.0000000000000364,10237187.19145184,ok
443,10237715.741147187,0.031498750783521406,227161.809207721,3473955.504103166,0.032694979676540926,10234002.21577952,ok
444,10233365.181459285,0.06987268308547244,80642.5965087657,354528.3350462066,0.11373223031419384,10228779.350279652,ok
445,10230798.652628113,0.030130238944751597,140371.67882912338,1969978.8262424036,0.035627712582290166,10228298.091714103,ok
446,10228250.252421755,0.08582686037904654,55166.66701238097,114995.96830786605,0.23986348314703226,10221634.017970154,ok
447,10220668.109841922,0.02951559732877218,175091.15927300235,2518895.4233402573,0.03475554357092313,10217625.415634425,ok
448,10217781.806505509,0.0795213711919983,57744.39475948246,273402.90683473967,0.10560311049360288,10214732.812655423,ok
449,10215143.878171917,0.033747531582948354,112408.85625581964,1722797.670595415,0.03262392855946052,10213310.268923946,ok
450,10212827.942629892,0.09241333586810901,41061.69471907728,26834.598559880265,0.7650886713928262,10197120.023901014,ok
451,10196077.56082781,0.01610231759368527,356709.38400191505,4941702.524238385,0.0360917499841708,10189640.427875608,ok
452,10188939.411109317,0.06411910053482699,80841.44392863262,557892.0017195863,0.07245259268770268,10186010.825004695,ok
453,10186657.668530736,0.06851368247515341,66672.81230053538,432287.35755072563,0.07711631063916996,10184086.887878459,ok
454,10184063.09618506,0.06416365021363965,69097.56608969223,751982.0270035854,0.04594362870946834,10182475.799724484,ok
455,10182565.004954115,0.08009879024120373,49633.009089717845,116391.74547196784,0.2132153310720459,10177273.74572153,ok
456,10176105.385851638,0.0460326759475221,83968.52190563365,899476.1019250879,0.046676349558327064,10174145.713811457,ok
457,10174220.497536056,0.08875924625015624,39634.42035174793,6871.531410853441,1.0000000000000004,10141457.608595163,ok
458,10139949.396774158,0.057404929031740236,107749.12387240984,743843.5456014274,0.07242727621256048,10136047.408995975,ok
459,10135585.654852856,0.09301698057495841,48074.312254562166,58532.55617267356,0.4106630172851231,10125714.483790673,ok
460,10127992.243568417,0.045689871368008145,129156.79070872457,734685.012973264,0.08789943202055268,10122315.839295968,ok
461,10122817.592075929,0.0379719838680415,110230.51792557965,1601440.0300322664,0.034416061750173275,10120920.741920087,ok
462,10120671.44052861,0.07677970153475887,59049.027636150655,218891.78684280207,0.13488177991474146,10116689.121553712,ok
463,10116474.282851616,0.04428524394523031,104530.4777943202,2255859.927068864,0.023168654343299844,10115263.367597437,ok
464,10114586.10273131,0.10365393266309461,37718.043376909074,28557.45207980544,0.6603888062475574,10102131.815911476,ok
465,10102779.370733298,0.01963133565773417,278890.32584046444,2960163.7444728347,0.04710724640844675,10096210.49308315,ok
466,10096907.518492669,0.045416145860353786,123029.08186755743,1939048.1586501847,0.031724091358618124,10094956.025576202,ok
467,10094686.958652692,0.07714970739390278,64114.7063731447,395385.8964845817,0.08107864613178595,10092087.791857755,ok
468,10092136.003288908,0.03915292831964667,112041.90204415417,2273926.4166856995,0.024636219805093305,10090755.858825836,ok
469,10091044.392643899,0.08863884528204383,42875.51067506054,15980.478718072794,1.0000000000000002,10064149.360686911,ok
470,10063942.69715192,0.036283493621488166,187755.44935555776,2536978.196423084,0.0370037569933152,10060468.868640857,ok
471,10060535.689425185,0.060123863716415496,100985.6569310532,494026.9267339961,0.10220663233750003,10055374.98747053,ok
472,10055405.578221424,0.03684052687763822,141080.3226055696,3246197.541678751,0.021730088941631507,10053872.734242357,ok
473,10054010.699691528,0.08448727224572594,54988.76311310725,91714.72015588738,0.2997815564374123,10045768.39119522,ok
474,10045451.339960188,0.034500627240969965,125111.87408940576,1294192.9356247974,0.04833586656420957,10042427.644534396,ok
475,10042950.042418538,0.10007525929323849,43129.95156950258,55275.16147859815,0.3901386302254581,10034536.71230503,ok
476,10035148.065281212,0.02802338454928535,221360.01748565334,4211757.748944888,0.026278816432534317,10032239.52564871,ok
477,10032045.757011805,0.05746539300087027,91719.34712297106,748299.7456981699,0.06128516523642283,10029235.239339901,ok
478,10029117.681279223,0.0926831146431069,45486.880141843656,75016.22463720187,0.303180281078061,10022222.31872584,ok
479,10023903.646328427,0.041319882018950406,119337.5114469703,1000452.0445067673,0.05964179497769174,10020344.894632993,ok
480,10020729.478585519,0.07805735346612845,55952.6293591968,167166.83132856176,0.1673556557676907,10016047.48409635,ok
481,10016213.722151263,0.08255007978068482,56312.72183180615,197754.9035133443,0.14238008977614613,10012204.816956287,ok
482,10012419.978927221,0.059419527906669226,60359.590145425514,203528.98890369685,0.14828253820389603,10007944.842311366,ok
483,10007939.477543036,0.07785685569438827,59150.13703394678,920860.7846129354,0.032116764022484305,10006989.622046528,ok
484,10006954.331688184,0.0975710488652389,36730.077564322084,34618.02492891097,0.5305051001573352,9997211.584949661,ok
485,10000361.64589443,0.019188859970042556,339300.2487733647,4279861.164935996,0.039639165348771176,9993636.856562426,ok
486,9992411.16090522,0.05774789291369816,83173.988481848,859252.3108789317,0.04839904846852788,9990398.389955292,ok
487,9989857.523169074,0.09973666293413332,41243.734603659934,54214.23547396423,0.38037735147502694,9982013.431902336,ok
488,9981731.589616915,0.028779026886659995,147680.48812036574,1469862.1495272636,0.05023616948292147,9978022.138601648,ok
489,9978523.159447841,0.0888348030075425,48415.285823842045,149151.0278996549,0.16230289025032615,9974594.189037088,ok
490,9973664.043311661,0.061270125811209865,58080.75638363779,381265.9048238924,0.07616830622510741,9971452.086892653,ok
491,9971160.806728333,0.09621523976482911,36957.64529821809,12304.429594273799,1.000000000000028,9946507.59102439,ok
492,9947813.551495155,0.020340569682444843,319106.97888082627,5656014.449369272,0.02820952649054948,9943312.623108126,ok
493,9942332.829757927,0.05421225927261217,98389.21405336936,891173.1206014048,0.055202076778848405,9939617.185283734,ok
494,9939793.819723576,0.055860507324901984,83614.22705621003,784588.4034008118,0.05328540843439868,9937566.110603768,ok
495,9938912.009759024,0.061517741678479045,81447.73921808702,937721.4236393226,0.04342853707126905,9937143.431678023,ok
496,9937033.536200685,0.09113512621518895,44190.896553651786,45780.87979477862,0.4826348548973476,9926369.502727708,ok
497,9927317.072272105,0.057044026705244874,98750.47318767087,446188.4012925128,0.1106600629931345,9921853.205480332,ok
498,9922770.450154925,0.07106070311919548,67405.04357632862,381503.0522942042,0.08834142108560089,9919793.12148599,ok
499,9918924.138118418,0.0724076593393052,63085.29989735308,958845.4537581189,0.03289649007047759,9917886.495647585,ok
500,9917366.558817156,0.0910970648293196,50163.313969554896,367909.4703290575,0.06817344756671924,9915656.655789819,ok
501,9915217.177384498,0.052240059342035725,62531.98966654955,884668.5300678153,0.03534204481183256,9914112.173194014,ok
502,9914540.696783356,0.07497813996399944,49101.25336265776,676370.2182650384,0.036297616332522514,9913649.567555355,ok
503,9914220.852868453,0.05963643547805595,54852.318303639404,743760.772753779,0.03687497399234189,9913209.51396302,ok
504,9912965.728886966,0.10696495468362015,32932.26681098608,11159.291574019599,1.0,9891192.75365,ok
505,9890821.32513757,0.041046549195348454,155294.16416308153,3020585.7529759337,0.02570596845497318,9888825.33169496,ok
506,9888789.19513699,0.06646284851398837,83143.54440157143,278708.376821113,0.14915867500985902,9882588.40467771,ok
507,9883087.583068054,0.0561190401353041,73564.51370550654,677250.3086263529,0.05431117030770743,9881089.895651823,ok
508,9881371.675269898,0.09527367980707216,40571.488861245845,25351.5814557153,0.8001766858631091,9865139.495521137,ok
509,9868450.786780648,0.028095231710711915,238048.36332698786,2022465.1186035762,0.0588510430012632,9861446.08954738,ok
510,9861903.191305155,0.057399183737293594,102148.02694097077,551300.7344033483,0.09264274520831327,9857171.554488443,ok
511,9857760.01226303,0.0748779084781136,66821.34590764414,472537.308422809,0.07070483612254258,9855397.716107087,ok
512,9854316.699142944,0.09651679427047141,44950.91017008004,83953.44930877276,0.2677133014794597,9848299.720859876,ok
513,9846861.450921874,0.05929020698153421,63698.92481607372,453031.7593126183,0.0703029351769108,9844622.340230782,ok
514,9844709.23540333,0.1025760705985534,39396.21861004234,42828.64339235123,0.45992839709088373,9835649.51556495,ok
515,9833411.884008987,0.05118981485452398,100957.66701392495,631606.3801255636,0.0799213483197039,9829377.547573505,ok
516,9829939.136083378,0.0933252263297554,49573.05335623034,294671.1760313945,0.08411588473612497,9827854.195462313,ok
517,9828038.30276893,0.10986554946258874,36680.37326434057,31151.690673385456,0.5887380824514696,9817240.736459304,ok
518,9818578.817439785,0.03586673867443331,176008.65691950975,1898463.9265911758,0.04635554419923731,9814499.328902146,ok
519,9814428.796886405,0.07873235090658881,54437.32801363591,158957.27043186873,0.17123258302604188,9809768.074742,ok
520,9808777.514141537,0.08999475060094318,44144.554817021904,117050.85826519434,0.18856997492921634,9804615.345343985,ok
521,9804521.620416358,0.08213908775190612,51262.54511144116,140938.98206180756,0.1818607753565313,9799860.297316,ok
522,9800216.168567322,0.09516182841710898,44169.81295711596,131767.43997660166,0.16760518746117906,9796514.623676922,ok
523,9798617.483809138,0.043714514413944416,98938.42845607438,1225117.4194099833,0.04037916157608923,9796619.958414782,ok
524,9796294.75115173,0.0913270083211118,46595.570773620195,286716.9525866538,0.08125709057879603,9794401.640894268,ok
525,9794012.21483037,0.0946123398724229,44094.19404218605,176474.5393368123,0.12493075263970407,9791257.854406005,ok
526,9791644.065616973,0.061024582567924875,75491.88769056596,945074.0822952911,0.03993966669111253,9790136.505200852,ok
527,9790256.009689597,0.11427489856373477,27379.119738186637,7571.736816338819,1.0,9770448.62676775,ok
528,9771904.18597592,0.03325137239320193,160856.20836320246,2056761.190667118,0.039104250190326706,9768759.105267668,ok
529,9769684.288206533,0.07403433768692406,76780.11556126582,513734.48366680136,0.07472743022158503,9766815.497842528,ok
530,9766722.830826078,0.0903391694202506,50869.89972009251,272187.62049169996,0.09344638751056594,9764346.026645143,ok
531,9764607.745701358,0.07964257338108144,56015.26148422431,554834.5643787503,0.05047924650021106,9763193.94160524,ok
532,9763271.285732977,0.09855311558538202,40059.602249977186,205976.36145776,0.09724320297354191,9761323.52371666,ok
533,9760330.406286439,0.1034840136716119,39877.37940565306,143279.42467216816,0.13915947630615796,9757555.748669162,ok
534,9756819.924282659,0.06278879557481289,59817.17433799224,636078.7153146291,0.04702026093453257,9755413.61470979,ok
535,9755248.979550993,0.09370246006881458,43550.623125392696,238951.46201304128,0.0911285973278871,9753264.625951907,ok
536,9751876.195287988,0.10677316769618693,30154.935458620374,7748.709098359403,1.0000000000000002,9729469.968927726,ok
537,9730407.461524896,0.045575711728317383,138562.84393088406,1299199.993738974,0.05332621790280085,9726712.945320552,ok
538,9726880.214707412,0.06797729270144483,84372.77258691969,713932.4716003381,0.05909016324596583,9724387.414254574,ok
539,9724777.18813464,0.0700870750088697,71688.44071155819,876354.6464786853,0.04090150089328122,9723311.10572374,ok
540,9722972.284563487,0.09410325243884098,46621.08040779714,186805.46763261262,0.12478510666370346,9720063.476317754,ok
541,9719584.171170987,0.07002280053400879,68173.51538718701,844166.1957798774,0.04037920241772141,9718207.775082313,ok
542,9718356.15510999,0.10290292086714085,40770.67214632599,159424.34589587006,0.12786840026602914,9715749.514797429,ok
543,9715704.077424325,0.08591253622379041,49549.2505978674,488078.91433408466,0.05075946649474749,9714446.530661544,ok
544,9714414.608651906,0.11318936493934377,33398.63442464439,35506.085787989214,0.4703226740349718,9706560.541126048,ok
545,9705459.75105888,0.024828825188757682,141953.78856760095,1042283.9554753051,0.06809746414203738,9700626.404545475,ok
546,9700631.708892806,0.0928018446884994,49933.54401198611,373469.8934096754,0.06685082906697894,9698962.659485077,ok
547,9698819.647706658,0.06555367716246144,65959.9475597952,700895.904368105,0.047054025532694194,9697267.807178352,ok
548,9697223.310915919,0.10985853747096726,34310.62532141505,39811.30602558968,0.4309155959284665,9689830.81913739,ok
549,9686917.456358695,0.04586873255038062,100759.0811523028,1004317.6597636692,0.050162954008004246,9684390.26978183,ok
550,9683884.200049654,0.11400218763800898,36806.05725867742,95901.1644998907,0.19189577858942145,9680352.736542422,ok
551,9681965.266000904,0.04650818040716418,113306.41083644787,1388489.1762897666,0.040802050448537935,9679653.699055359,ok
552,9679566.961052129,0.09172209990584605,43262.764707689945,157514.78248192737,0.13732922087059907,9676596.34016712,ok
553,9677941.463303283,0.062336845023286465,64694.21384928361,421981.40083995985,0.07665529063663573,9675461.886420721,ok
554,9676321.81152496,0.10904527100232748,33088.39637439576,60561.02440284763,0.2731822711113182,9671802.229890464,ok
555,9671425.645695765,0.05001164703725878,76102.90102845756,495979.76022205286,0.07671976472828838,9668506.347364744,ok
556,9668781.044558492,0.11475730052086038,32862.083496227984,31265.592027038263,0.5255311248833716,9660146.0207056,ok
557,9657921.147563344,0.04727160373718817,99241.24828323547,764449.5124896829,0.06491026984896851,9654700.259460237,ok
558,9654461.313597336,0.10524754112443774,43500.921324013616,106805.3950435094,0.2036457114656643,9650031.925561115,ok
559,9653531.332342943,0.03995182700812447,97167.20823794411,775593.5003139218,0.06264055088046486,9650488.028617173,ok
560,9651237.114117008,0.08854706899428463,51161.86809370655,515135.54847919394,0.04965864639389467,9649966.79955875,ok
561,9650312.774997745,0.09248512691972925,38759.81279927766,152212.818619295,0.12732111904524032,9647845.303627951,ok
562,9648173.898028802,0.04320183899423917,88376.01335276244,1233482.358290037,0.03582378489599038,9646590.916382646,ok
563,9646776.74448634,0.11034778650575243,37598.897955595276,175817.15826022116,0.10692613373930886,9644766.592090713,ok
564,9643590.656412173,0.07041197908580056,48779.4341350881,450825.41964297934,0.05410013722575563,9642271.169371922,ok
565,9642956.498792816,0.0969397254503791,38142.94095431626,338924.0420275721,0.05627063327542468,9641883.335071573,ok
566,9642741.170241624,0.07027068728013545,47446.38310704248,341486.0557582495,0.06947045465984052,9641093.10933842,ok
567,9641103.481776329,0.08706553530810748,42280.18340568611,398855.48235332867,0.05300188323377732,9639983.017104344,ok
568,9640170.0558455,0.11917833229765529,27432.94249150669,30602.31038281063,0.4482168527203067,9634022.1022733,ok
569,9633272.415993249,0.03276113004962639,110444.58316697659,944251.1097828811,0.0584826334979749,9630042.870953655,ok
570,9630637.893926714,0.10810377443985278,38245.460283093285,122933.22897115405,0.15555379372678593,9627663.280706784,ok
571,9627268.937051252,0.07275622913309113,60333.59736156209,780419.3323510622,0.03865460199441968,9626102.8514548,ok
572,9626208.057657832,0.09177865840021844,39062.25329747838,229307.67322836688,0.08517432658822627,9624544.507098015,ok
573,9624442.834531333,0.11750140738624841,28500.005089722792,8594.207716720752,1.0,9604537.03715833,ok
574,9603421.40518726,0.05906498546670618,109217.41625820415,1234318.1924397277,0.0442420021543745,9601005.406604564,ok
575,9601319.655701756,0.0896332442395113,61844.013740229566,375308.01094242034,0.08239101209821718,9598771.96025962,ok
576,9599607.724890474,0.043852472111442414,85434.17294611869,1627497.2194819888,0.026247102582857645,9598486.525139775,ok
577,9598439.478058295,0.113671325018936,37409.54439815966,107422.17275598797,0.17412394219178723,9595182.529385192,ok
578,9594822.912588008,0.039164820430866394,87063.14837079411,1556505.9636539763,0.027967495918360945,9593605.44346466,ok
579,9593941.102902677,0.12518232185236627,30836.43844501461,135142.17174634535,0.11408888153319365,9592182.055516347,ok
580,9591642.682334727,0.05769121116345599,50356.88760439119,805134.2220133926,0.03127235573123704,9590855.293083386,ok
581,9590855.665190835,0.12751686977763516,26143.735616587794,18215.62909953205,0.7176182462251445,9581475.054339359,ok
582,9583329.672234306,0.018287584949690964,287697.7344557645,4224257.813970052,0.034053051106909094,9578431.179406924,ok
583,9577475.46382849,0.08039993358820591,74299.90751543973,703262.111045545,0.05282518875144397,9575513.010509131,ok
584,9576277.33108031,0.09197008071886835,53212.22116829014,305038.97590177925,0.08722200337019254,9573956.692813272,ok
585,9575559.338544808,0.04366430095020521,89827.79684737892,1247004.465966153,0.0360174318933903,9573941.655267267,ok
586,9573016.553463766,0.07020011832944026,56787.154468666224,814462.7506511274,0.03486172598026575,9572026.704354623,ok
587,9572313.40673048,0.11652264164210797,30748.611064515426,23958.045687901318,0.6417178484646455,9562447.440462682,ok
588,9564249.405294634,0.02891345608697284,193620.1048318927,2408060.2541532707,0.0402025041727982,9560357.398758413,ok
589,9560844.245133435,0.044767151406112926,116142.24846743885,2166462.471301445,0.026804583510202575,9559287.672834381,ok
590,9559227.040700968,0.08210998511328002,60026.518085927564,720478.6691446378,0.04165738741244892,9557976.766741507,ok
591,9557867.537075717,0.1130025797821636,38211.82821867785,190293.06332335112,0.10040257787470498,9555949.254046487,ok
592,9556070.05799799,0.03190778056588125,80548.78139246217,997882.4906126055,0.0403598530639679,9554444.58950725,ok
593,9554300.549435673,0.11025796614777578,34514.57200285943,206008.0264123999,0.08376996907335536,9552854.907121044,ok
594,9552413.592977231,0.11005156605290808,31283.091344619617,255599.19997826495,0.06119559714443511,9551456.399249554,ok
595,9550708.521111852,0.07039828212156486,47351.52973404093,954048.7102147153,0.02481609650904729,9550120.981045987,ok
596,9550489.481316341,0.10771663455094828,31060.750870844702,225025.41198312445,0.06901609599802459,9549417.635434406,ok
597,9549731.388843648,0.1169828304856639,29635.979774652355,42406.70340900911,0.34942564962920847,9544553.60310107,ok
598,9542567.911644118,0.030611221731289374,98140.06426768492,1340062.2545598564,0.03661772575630042,9540771.078664588,ok
599,9540972.586630024,0.10631440531909672,39644.91751404642,210355.7354905068,0.09423303201503523,9539104.656239357,ok
600,9539487.325955914,0.08682670275216314,37666.93084247177,271038.39132966485,0.06948633855463184,9538178.657401498,ok
601,9537614.621627385,0.08817458288980234,39581.76009352744,389812.02303730114,0.050770317171232884,9536609.832370313,ok
602,9536319.039957752,0.10988189970453104,25466.361408923643,10462.507689070504,1.0,9521315.1862379,ok
603,9521207.948788112,0.02749356430467494,173393.33399016713,1891872.4032627249,0.045825853184161054,9517235.000054838,ok
604,9516696.219360642,0.07578488659620221,56292.06838969921,557701.2861869757,0.050467938468073265,9515275.747038776,ok
605,9515753.454730615,0.08658047388663531,48910.467804296524,462319.3462118062,0.05289684306428393,9514459.850060793,ok
606,9514163.759058785,0.10444632916190805,39892.30935670443,335212.4519735884,0.059503024308666747,9512976.902532093,ok
607,9512480.089353396,0.10581848484602945,38205.399240695304,57450.33681151574,0.332508052703332,9506128.287901258,ok
608,9507590.622379446,0.021971076431908414,226437.5175760833,3756809.239746305,0.030136946425229523,9504178.55471152,ok
609,9504132.258860758,0.06471015159457771,73353.48483615785,1422086.6556106121,0.025790792898152014,9503186.336592875,ok
610,9503486.212663097,0.11006885074622554,44904.7371988416,323209.9775633383,0.06946681772848702,9501926.518066028,ok
611,9503143.108433507,0.04254670935006706,85433.69988410316,1698755.7150985608,0.025145963932532333,9502068.952065554,ok
612,9502383.482556805,0.0807104014853594,43840.64556697896,754995.7078465685,0.02903370516636654,9501747.054367958,ok
613,9501695.88444891,0.11236510777658561,32110.379447093615,157072.91828293446,0.1022148814643317,9500054.80513443,ok
614,9500453.204516169,0.04695271534713017,59969.98375349387,904162.8489917571,0.03316326468200232,9499458.804294072,ok
615,9499229.368282028,0.13035008072314092,26692.014202030856,20846.58230813424,0.640201204386768,9490685.238462204,ok
616,9491218.854652394,0.01992015493776278,224425.76307869898,2841479.2845398253,0.03949100813435008,9486787.454834744,ok
617,9487889.023595506,0.06091367304086663,93593.82044363479,2025975.679819212,0.023098456061423855,9486808.087220937,ok
618,9486926.031397529,0.10280750006623716,44179.22834182854,261250.64289280272,0.08455333899399496,9485058.280762289,ok
619,9484796.568742694,0.10250046537215272,39425.49826165238,221845.2025488554,0.08885812676740211,9483044.930781493,ok
620,9482060.65669471,0.09547530004299798,40448.481667500906,418541.40733447514,0.04832076463485573,9481083.405913463,ok
621,9480963.630746944,0.11826204477543822,25335.1169023591,7080.053986969115,1.0000000000000002,9462708.567831554,ok
622,9464069.146545496,0.03361234795507719,159729.71779453187,2063904.6654423971,0.03869600192029555,9460978.695812242,ok
623,9460966.184109718,0.08310410545502252,72241.33984049593,760034.4951846384,0.04752504017791063,9459249.547820505,ok
624,9459326.101537745,0.10830242719178595,42323.01211776888,152829.72298956884,0.13846459736322878,9456395.982121702,ok
625,9456230.367447615,0.06882858397288548,61041.28534890277,835213.5143536836,0.036542323788988605,9455115.072240757,ok
626,9454911.717924625,0.13129305381165285,30730.93982380013,53923.67689831221,0.2849484826651537,9450533.350587793,ok
627,9452560.075273342,0.025099313710318694,146027.12296731194,2035412.311283539,0.03587163204177208,9449940.959661743,ok
628,9450240.774452232,0.07056650861222853,61186.08827821583,1141467.567618837,0.02680150098607414,9449420.834949572,ok
629,9450208.900453238,0.06263371306354514,64923.61857895906,1465887.3413828118,0.02214481861809204,9449490.039574508,ok
630,9449844.202694826,0.1061838867786439,38830.92894389156,368513.6629178593,0.05268587416329644,9448821.281976834,ok
631,9449207.48313566,0.08146626466063207,47254.3622683181,838686.6138429748,0.028171644502463362,9448541.866588151,ok
632,9448794.507411983,0.12947356027007192,29981.710651805643,77086.90850832811,0.1944669414818118,9445879.281626558,ok
633,9445647.165717332,0.057687419561143566,82669.55675163555,2054921.3841012488,0.020115016903138692,9444815.715951616,ok
634,9444646.859107336,0.12888602981735126,24058.542954416647,9193.5756838363,1.0000000000000004,9429781.891836755,ok
635,9431509.771586709,0.022651659977317155,274443.28517383314,5931355.554924356,0.023134954786683093,9428335.155089706,ok
636,9428818.717935726,0.06715032474090052,83806.94182615232,666602.5934918895,0.06286124794920409,9426184.613460727,ok
637,9426123.318142489,0.11204702600419901,41497.471414992986,178146.00444003037,0.11647039613779932,9423706.704675278,ok
638,9421682.482771257,0.09566764849805147,40417.45198591355,558044.8813035841,0.036213442090445316,9420950.65524279,ok
639,9420881.435455067,0.10869150218139319,36522.55366658808,377304.45941394207,0.048399313545508686,9419997.602191871,ok
640,9420628.457840212,0.06391004968505286,55424.437426151104,1055284.659182596,0.026260420325394405,9419900.723328657,ok
641,9420081.375840519,0.11672705812133943,32607.946892017593,258865.01113643512,0.06298253044872011,9419054.51033652,ok
642,9419138.677310774,0.057896560544010864,63758.00096973311,1345322.595732716,0.023696175613183684,9418383.266916912,ok
643,9418535.837277584,0.11867005491038075,29958.34588135592,113559.29844839878,0.131906177172136,9416559.991837779,ok
644,9416616.846795054,0.03806937507540112,113952.83514993323,2689780.3541166694,0.02118255399098482,9415409.94075356,ok
645,9415323.052871084,0.1267920914459758,28863.60564767193,108098.64479735386,0.13350586263954015,9413396.322585644,ok
646,9413524.966973213,0.048703802042070046,74120.0352995998,803803.396003705,0.04610582368033324,9411816.28433386,ok
647,9411754.080744762,0.1287513913372913,29061.937370838205,89704.25114604374,0.16198751452438792,9409400.24524378,ok
648,9408021.52757673,0.047002283508828076,98798.46157559266,2883385.8527065963,0.017132369135204686,9407175.201719878,ok
649,9407184.375639949,0.13877983163570376,23564.14721081692,15494.710571912456,0.7603932678010804,9398225.366189659,ok
650,9396680.614286069,0.024258168216804543,233044.54101514802,5051616.908341581,0.023066331557162287,9393992.872960748,ok
651,9394368.436382726,0.09173488734815807,57387.35593049924,482072.4708731958,0.05952150288373798,9392660.545546973,ok
652,9392373.499526065,0.109307565151539,42013.068265978596,297085.6827886923,0.07070867211036415,9390888.155391881,ok
653,9390558.731985364,0.12867470163867498,28781.317135371766,58055.88177159615,0.24787597963461672,9386991.63339531,ok
654,9387458.97487138,0.038830199267769774,111296.12861259526,2317370.840438927,0.02401344805726367,9386122.672969675,ok
655,9386114.114970068,0.10720982084894104,38759.26185886953,356451.2759081368,0.05436824676826015,9385060.478413418,ok
656,9384453.538775882,0.11020519589165499,38079.58701048372,479129.4397447421,0.039738308535967604,9383696.929587109,ok
657,9384911.820539232,0.04606000787451949,66427.49584450672,1171353.04160216,0.02835502768390311,9383970.043797411,ok
658,9383410.037339168,0.13063950701689936,26078.146798102687,47055.04296930651,0.2771025712920205,9379796.876573026,ok
659,9378435.50834424,0.05284701317415714,75518.53595071411,1773260.2362938263,0.021293698015963636,9377631.47389467,ok
660,9377328.657941423,0.12273889429927275,27788.376106938707,31904.626542721824,0.43549132395780815,9371277.859590698,ok
661,9370833.847572874,0.02735826379373826,201114.8388693263,4592005.742157012,0.021898365350786368,9368631.80446336,ok
662,9368386.878266595,0.09401779045631885,47956.250653382565,297723.5336650092,0.08053822629174773,9366455.722582981,ok
663,9366424.017453384,0.12236872272577398,34230.35819742463,191324.51582547848,0.08945627811923676,9364892.95723187,ok
664,9364750.658445837,0.11322615501035191,33581.1438219821,371188.02745286666,0.04523468072558755,9363991.142286243,ok
665,9364210.60267045,0.13039872411842623,25119.0986649598,49738.61324742619,0.2525110475035171,9361039.177712334,ok
666,9362073.044579566,0.03629450267226531,117991.85919425191,1508252.88454226,0.039115409757714895,9359765.394619336,ok
667,9359897.490745336,0.11622821432697453,33607.262951655386,347670.3227329659,0.048332084670724126,9359085.33620607,ok
668,9358993.174174309,0.129242262234972,25206.246943602484,74697.06798799972,0.16872313480665624,9356866.73567379,ok
669,9356988.575115543,0.04418791064142869,100049.70347641848,2793209.6328205294,0.017909451245768156,9356092.65747226,ok
670,9355933.131606914,0.11218497032936228,29852.48926618925,183452.8974999728,0.08136281757608564,9354718.690287735,ok
671,9354098.984359104,0.09210384130119649,40934.71740970431,969497.1003380193,0.021111315028911507,9353666.891501676,ok
672,9353581.85003271,0.12954463638172622,24587.0832501154,16835.259809773135,0.7302258333976589,9344604.788354142,ok
673,9347739.290357698,0.019392236871782497,324170.7287015398,5418459.796831554,0.029913549316274223,9342890.741817744,ok
674,9341996.84991866,0.058011128541280356,91915.2016232963,1813669.375032421,0.02533956929764369,9340832.30410814,ok
675,9341004.318491086,0.10195196033835881,46801.86047491886,249132.46289790646,0.09392967084762872,9338806.276816353,ok
676,9339294.14021087,0.1211856267697843,32145.944179461705,93967.82891293702,0.17104760507580488,9336544.89682847,ok
677,9336005.748403538,0.11801365699236828,35125.36435249116,187053.304826002,0.09389132254349894,9334356.7649466,ok
678,9336426.860342126,0.03185067255028918,141002.67138318482,3065599.570603286,0.022997568360736135,9334805.501055036,ok
679,9335261.862188488,0.09584527197814988,37243.776117272806,455489.93654897664,0.04088320413778029,9334500.539737556,ok
680,9334215.96736263,0.12758967322456638,25976.94612225274,37300.234970523765,0.3482142423872239,9329693.196055884,ok
681,9330408.65338017,0.03594807071119889,120120.12202892447,1872552.624870996,0.03207389753257263,9328482.293137394,ok
682,9328564.878479827,0.09651261493703961,42280.35453425025,503662.612349029,0.04197289365698514,9327677.564067505,ok
683,9326923.901502393,0.1417913090892248,25090.28719894807,35887.450856987634,0.3495690916991217,9322538.507049091,ok
684,9323778.456438582,0.03855029382656534,137850.8532692992,2342575.2964692805,0.029422929004046833,9321750.468504136,ok
685,9322162.298530454,0.09598501728471968,39961.51289271569,433381.14066593663,0.04610435150836344,9321241.098711848,ok
686,9321225.693759002,0.10914027347156255,40838.94470530909,532386.5003811471,0.03835460203824815,9320442.513023086,ok
687,9320942.118357297,0.06015500268137747,49406.99343054264,872731.4956882604,0.028305953019135004,9320242.862339867,ok
688,9320309.442282619,0.11596353369413853,31720.378894599315,296778.26890150626,0.05344120883919328,9319461.854586136,ok
689,9319432.708032623,0.13676382495147918,25867.61740765111,96955.59049426812,0.13339930825948795,9317707.346898373,ok
690,9317709.474372081,0.04725819537039883,68247.65698920816,1440582.0944688674,0.02368752785809496,9316901.165233992,ok
691,9316876.783703338,0.13103594683134162,27346.63011953017,95172.41125328776,0.14366889395473562,9314912.353652006,ok
692,9314101.053168314,0.05247743756903733,54956.85368991773,1014191.0944808362,0.027093934263961422,9313356.5544777,ok
693,9313776.23401732,0.07707968355696208,45713.75331269676,997899.8795304132,0.02290497987343606,9313252.697717538,ok
694,9313466.92107623,0.13461758698295045,26379.575136697233,128252.95527684187,0.10284197771410142,9312110.457237074,ok
695,9311570.568417659,0.07341560818696032,45485.09679104849,946659.6603862514,0.024023996529275306,9311024.201513937,ok
696,9310725.53495228,0.13614180567360176,25548.174654502618,22934.646026583203,0.5569777406830285,9303610.65265346,ok
697,9300931.117123524,0.04807797381667083,109419.58247480361,1794456.5953287007,0.030488222105690053,9299263.11285692,ok
698,9299343.217291646,0.10962702675230476,42117.29759416204,173685.88910046007,0.12124559402117392,9296789.94890896,ok
699,9296787.495810922,0.10977710158386346,35429.05748990546,421955.1193239172,0.04198202115271419,9296043.80409044,ok
700,9295766.872370295,0.1339943163704646,26930.951133675764,76621.81983579147,0.17573943813519174,9293400.457259955,ok
701,9293298.416428115,0.04265520563507367,69457.3064099029,1095048.7436001142,0.031714253276777904,9292197.023124412,ok
702,9292473.355383448,0.12415189236313588,25090.7692559692,172425.37572845392,0.07275834299321374,9291560.573985703,ok
703,9290971.786868013,0.1225940661450071,27363.875297088358,286718.8419077242,0.04771900429532108,9290318.898426594,ok
704,9290571.161281941,0.11717366093999937,27033.780060399324,246320.3027420171,0.05487525745840179,9289829.418461496,ok
705,9289360.483707951,0.09480890690964461,37607.25678284157,792307.718790879,0.023732734069682588,9288914.222195793,ok
706,9289163.654566325,0.09560570371942495,30538.6254893612,347891.9918464693,0.043890957833312844,9288493.469804505,ok
707,9288150.698896203,0.1385846946175072,21624.012998463353,12737.912178142898,0.8488052318168827,9278973.411213217,ok
708,9277185.085507747,0.053426599100379835,109903.31599224692,1226287.8136999859,0.044811387165564306,9274722.625485891,ok
709,9273911.40554757,0.09419795665105082,52993.095419989004,256863.11780334424,0.10315434904235804,9271178.171416678,ok
710,9271323.272928659,0.11637061256176286,39932.30578574131,416381.2209629221,0.04795161714233169,9270365.863609334,ok
711,9271048.209830802,0.0823021385395914,50461.34504246712,1261933.3948277074,0.019993664185959922,9270543.756237227,ok
712,9270650.026341848,0.13722951428012595,26463.47972578636,77884.30831025865,0.16988967546817568,9268402.090350661,ok
713,9267739.383023677,0.04379612746367693,107503.11846346184,2965509.519409598,0.018125572984986505,9266765.105213767,ok
714,9266603.476112721,0.13307139011040042,29526.131779640345,154497.8870512263,0.09555513134574609,9265192.789412552,ok
715,9265407.251276089,0.07445836728639067,55981.75515142754,1414668.00392058,0.019786181279381778,9264853.418698207,ok
716,9264885.633854834,0.14507771759147542,23246.881980540147,29170.079662487522,0.39847134888759733,9260254.025644727,ok
717,9259220.294738173,0.04853635484838352,95183.10980272881,1966707.8868707898,0.024198588524036925,9258068.646283897,ok
718,9258089.35363415,0.09389223635013985,44587.510747137014,547586.8936153891,0.04071272638827449,9257181.714071458,ok
719,9257217.231580894,0.14194410768614052,28729.07056567415,132249.38198565523,0.10861703145346388,9255656.998400265,ok
720,9256200.897235949,0.06452277178069277,60876.81089610177,1430734.707217274,0.021274667689618335,9255553.330275038,ok
721,9255663.213304332,0.12324957819598009,30519.690820473388,467373.50649958104,0.03265021486674785,9255164.976072855,ok
722,9255355.28107338,0.07939508711692163,36699.288540201196,697433.8376153029,0.026310229415943635,9254872.497722933,ok
723,9255142.814447975,0.09190269614126517,34465.23002676524,629929.4047365155,0.027356422614674757,9254671.391748913,ok
724,9254951.94694155,0.0698163806324179,40163.73909532872,739646.2000119558,0.027150642492775264,9254406.711280877,ok
725,9254529.018840645,0.14055132615706747,22450.784264710164,121112.97549386593,0.09268529723244741,9253488.590034306,ok
726,9253664.701317346,0.057774053059382234,48112.172992024585,896144.0050356236,0.026843996456859646,9253018.93981668,ok
727,9253010.54266909,0.1470337749181656,20475.123679100707,23979.087157291302,0.42693709616203745,9248639.747745533,ok
728,9247113.453621896,0.03914976475341844,130264.03828884778,3477458.035360262,0.018729778614762282,9245893.54532259,ok
729,9245681.069593497,0.1024629136704146,40454.82786205478,684921.7154106807,0.029532446520401216,9245083.704573331,ok
730,9244973.082270224,0.14221984461242104,27667.815427862784,256720.30556327334,0.05388708027430178,9244227.613374736,ok
731,9244524.715631587,0.09157977823207299,44648.20316693945,1133509.0044061786,0.01969468393871723,9244085.049506685,ok
732,9244176.763832672,0.1157731773092448,31903.01960248799,558206.8014456816,0.028576344394105734,9243720.927994985,ok
733,9243639.265897054,0.1373307191609109,26706.224085125818,231292.74502674196,0.057732515738956824,9242868.357145892,ok
734,9242626.566088568,0.12644599318050545,23597.31679230848,82946.47665333988,0.1422442383594501,9240948.274911344,ok
735,9240348.521316046,0.06397521954798059,57660.31869911001,1541701.7028315428,0.01870021891822817,9239809.391024763,ok
736,9239931.569887081,0.13531191383463628,19712.08545542891,23531.3672404225,0.4188470065089806,9235803.395894554,ok
737,9234455.025188038,0.03943886162930854,124958.8410946991,3674211.8165039485,0.017004849929092923,9233392.572017975,ok
738,9233331.765755951,0.14866271529793101,22802.62173985992,27793.312949606716,0.41021777038966817,9228654.74543137,ok
739,9229796.907091057,0.04084634456850321,126550.92461263479,3163904.9417684446,0.019999166685124862,9228531.450573316,ok
740,9228470.77670637,0.10331203794944563,47098.5635025916,313292.8808632448,0.07516698651564724,9226700.648162518,ok
741,9226380.321075287,0.13756919250859923,27952.404284351636,96278.9490482459,0.14516363421428988,9224351.484779816,ok
742,9224922.496001743,0.08118268570259964,42945.611092184256,625951.7608037634,0.03430424976921485,9224185.887517042,ok
743,9224466.611370975,0.12851496935200832,27214.844801211635,163447.3329019013,0.08325264266485641,9223333.757496268,ok
744,9223459.674974797,0.07802250571988385,42325.364528781174,484423.69536732894,0.04368630698038696,9222535.155540867,ok
745,9222701.412188277,0.13974537622156682,19493.046688141505,4290.397257449347,1.0,9207498.762757584,ok
746,9207308.041172203,0.08912947362583083,58204.60801473081,323222.7218519373,0.09003792753374765,9204687.730032923,ok
747,9204203.398892136,0.13473601055787446,30620.812822628883,101864.829976835,0.1503012022382619,9201902.22640176,ok
748,9202732.723580027,0.06551197502101999,37946.203061254,240237.37772942847,0.07897647614184244,9201234.294879656,ok
749,9201181.673597628,0.14123340132772952,23898.10684619117,72850.17425343719,0.1640223039347337,9199221.762325332,ok
750,9198323.456172742,0.07543733409989622,48147.26581032319,634180.8447279801,0.037960201897122146,9197409.616207264,ok
751,9197490.979717463,0.14887099867452455,22248.314119137427,54179.56254950616,0.20532017122515708,9195206.965885257,ok
752,9194648.290699732,0.04702109714126404,67815.35966665509,742353.4147159975,0.04567592626525416,9193099.526015839,ok
753,9192979.72170018,0.1500471026376492,21312.338465097426,31262.6885543122,0.3408590151814969,9189347.470349967,ok
754,9189284.388402866,0.07153335681011652,51197.93305184644,453472.4971703257,0.05645097924496217,9187839.301674819,ok
755,9187927.094135549,0.09153483003559112,41462.55003097003,622544.6350879481,0.0333008652665624,9187236.724739453,ok
756,9187125.559656523,0.15970190150164232,19958.807310413067,24106.896935904384,0.41396467084668154,9182994.43910715,ok
757,9182769.834105851,0.07741585283453709,65101.219080788855,1293771.9375675502,0.025159464813863223,9181950.878190449,ok
758,9181925.046163825,0.11988476366107435,34782.273556305314,209200.9209821378,0.0831312629815696,9180479.298998771,ok
759,9180437.543085095,0.11243054707723847,41111.67711271066,880012.5903590538,0.02335857325401259,9179957.388024379,ok
760,9179990.484404914,0.1569038203893901,22025.130950918356,117646.75885627455,0.09360704521331431,9178959.63069054,ok
761,9177893.881958075,0.09030909048817012,40569.59990442413,1186363.6629123315,0.017098298427664374,9177547.046394946,ok
762,9177641.994399674,0.1537129846494162,21176.89870400454,50018.37541436803,0.21169118877380982,9175400.512969077,ok
763,9175576.068820655,0.0655753194630388,61650.11050278101,1837781.4924905696,0.01677297076793186,9175059.041070005,ok
764,9174976.635027673,0.14269459550009217,23149.453278469915,85430.33200476423,0.13548731893713656,9173408.406347893,ok
765,9173512.071881723,0.06718274905187555,56146.93183399537,1595448.2908664874,0.01759597354405701,9173018.091918157,ok
766,9172606.087861491,0.1397780740530268,20210.395739107335,33532.846564206484,0.3013522234148807,9169560.864015454,ok
767,9169920.852400616,0.04230724511205189,90055.05015999783,1361366.4352310013,0.03307524257593327,9168431.556086002,ok
768,9168510.107867653,0.14351273074511675,23693.64250236275,51568.83092734648,0.22972832693981268,9165788.557442063,ok
769,9166129.879266834,0.05845802251923915,58677.5556436037,598700.6838826237,0.04900408269377185,9164692.15937232,ok
770,9164594.168423396,0.14488095205721785,25190.22992457375,135296.8549168789,0.09309244453631108,9163421.65838234,ok
771,9164252.886246096,0.04459385170571089,99684.04635217987,2878425.1338875615,0.01731572678035019,9163389.8353906,ok
772,9163382.162964854,0.14718958693608425,21129.57815465787,106666.86919437847,0.09904470954403635,9162335.776499297,ok
773,9161858.059532296,0.0543847593683478,69202.2558718629,1821783.171357321,0.01899300008911151,9161200.880306326,ok
774,9161503.73314887,0.07834831021991302,48026.790542198876,1186383.799027017,0.020240832090587735,9161017.68204726,ok
775,9161024.384328883,0.14061746107176198,20953.28862078961,62157.945973596805,0.16854875344248074,9159258.558990106,ok
776,9159038.324511237,0.061692570585202486,69254.95960747739,1935815.6141693252,0.017887798584886216,9158418.915127007,ok
777,9158178.137488164,0.13028440286124002,24966.12180705121,282556.76409606915,0.04417894911650875,9157626.648975689,ok
778,9156610.865932565,0.14909758250965013,21799.267285472146,79971.51392629296,0.13629395152856424,9155125.311793182,ok
779,9154623.974603403,0.058353081139497644,53368.20148649844,1265069.7847511244,0.02109298717342992,9154061.127208691,ok
780,9154007.40214141,0.1489617016782276,21110.59309219323,106345.10487750033,0.09925512376197602,9152959.734876385,ok
781,9153141.047057817,0.05641771900795751,85699.33712485246,2199179.060306962,0.01948439276083561,9152306.147285875,ok
782,9152531.967713006,0.12921432461205484,26482.59991728209,304627.28451782966,0.043467215944230496,9151956.40526832,ok
783,9152137.186945315,0.1253368174894623,25942.921577591973,276397.8664883562,0.04693039404970383,9151528.431179097,ok
784,9151134.200734291,0.15929955696480508,17790.19955258303,21183.888716491267,0.4198992873941433,9147399.154676925,ok
785,9147941.1610419,0.038383689373431035,139679.48700867573,3170925.8837861014,0.02202503182475803,9146402.938468585,ok
786,9146434.090498917,0.08552761673212057,64515.463497037206,1518224.205332751,0.02124701452869317,9145748.710003793,ok
787,9145689.004604958,0.1513733873660173,24080.400701381783,37841.80797804158,0.31817191075218826,9141858.151053539,ok
788,9140860.140470676,0.061744003395234864,80717.68254517835,1415886.3245363038,0.028504294852771114,9139709.740159126,ok
789,9139097.05024106,0.12756799889150336,33108.61890426549,251522.36305247305,0.06581645167145299,9138007.50433305,ok
790,9137587.657518744,0.16038687769367962,19776.84942469369,26070.04714528125,0.3793021415435636,9133836.956848858,ok
791,9132835.631848434,0.028947696047268122,137572.87092175218,2519192.4162769793,0.027304954959547316,9130957.421326347,ok
792,9130870.26306021,0.06884967736617038,50247.134373355846,1185225.0298153094,0.021197297183803875,9130337.711340237,ok
793,9130254.976129405,0.14804750184882867,22612.496366946616,47447.14308650066,0.2382914428137631,9127560.793936955,ok
794,9129045.064334316,0.0471535295121161,81353.91523291348,1214977.0322176774,0.03347961034474023,9127683.215643309,ok
795,9127461.515981672,0.14658908433348333,25543.147862777085,153228.50397585696,0.08334985723936103,9126397.007117769,ok
796,9126507.92896887,0.07953907568713647,43505.03334616545,605560.889115571,0.03592127078228671,9125726.550927259,ok
797,9125934.909065615,0.16134831305328542,20886.626781774597,36297.140015289326,0.2877172522818133,9122930.187632073,ok
798,9123603.874398682,0.05936509845004538,77647.42876208501,940613.6450947187,0.041274878993630804,9122001.430285523,ok
799,9121897.974066088,0.13021690296866006,30353.573936411478,212612.8708662734,0.07138225878033247,9120814.62073127,ok
800,9120454.523587484,0.12372711790704961,33690.06055771993,443331.8937388164,0.03799643228191476,9119814.472535206,ok
801,9119551.46689773,0.16341165698377927,21670.78827086452,45553.37844641823,0.23786148261598858,9116974.143983947,ok
802,9117081.949472569,0.05298000046273081,69273.88168406484,1430652.9270003508,0.02421058258669045,9116243.368955763,ok
803,9116301.292449351,0.11591631887566525,41683.57392085719,626310.3300803929,0.033277092775642635,9115607.73837106,ok
804,9115443.162957214,0.14557432378709342,33077.52184296351,512137.5231423471,0.03229359336922644,9114909.066937186,ok
805,9114554.791512657,0.16620964966292232,21609.918010499816,76766.38329602737,0.14075117963528003,9113033.980786758,ok
806,9112877.78963873,0.07638945028352476,57469.321288231135,1604070.002074229,0.01791359517163133,9112363.048560558,ok
807,9112143.644611219,0.14984639271945718,19443.208839881132,22446.440842569205,0.43310226722018874,9107933.195695924,ok
808,9108257.07671281,0.04465978244012873,124361.49915239535,2780201.4208431663,0.022365555642849717,9106866.369698249,ok
809,9106947.794169907,0.08414553352874447,52608.95122089122,552748.8382996431,0.0475884774201661,9105696.00422627,ok
810,9106197.384379726,0.060333449186259505,63475.776086148166,1767335.9083108564,0.017958039495393825,9105627.43413275,ok
811,9105825.414944379,0.11446776824992563,32774.44275795395,429368.57199326175,0.0381658613319145,9105199.982525613,ok
812,9105425.407058146,0.0783446698639053,48041.66217919894,1452822.5001677638,0.01653390630089063,9105028.248887641,ok
813,9105183.031035105,0.1428690185139738,24978.098541579195,99854.75001692327,0.1250721599991284,9103620.998666473,ok
814,9103055.960495742,0.0688240969288526,50149.9959433679,1376524.0274068725,0.01821617165587789,9102599.190028418,ok
815,9102532.450313121,0.14686951587934266,21957.30828741959,66386.63390135461,0.16537446619184254,9100716.8612446,ok
816,9099859.649371468,0.05219912733576896,58185.57205515951,1230639.566717756,0.02364037920962776,9099171.884877512,ok
817,9099034.088280188,0.14142544522652278,20837.338937278695,34981.69232474621,0.29783205946469127,9095931.07449546,ok
818,9093268.380147344,0.05919695180677241,45743.977793588274,676468.9815201274,0.03381084650089549,9092495.058841584,ok
819,9092666.323252069,0.0883007483104324,36270.97114070825,945104.7740535457,0.019188862513699084,9092318.32391284,ok
820,9092202.287476465,0.1558477516786023,21511.842250052752,52718.95422885955,0.20402379528117312,9090007.823626792,ok
821,9090329.821534533,0.055492101993808565,74777.79851584967,1394043.0545178696,0.02682047669672283,9089327.03343327,ok
822,9089437.741988199,0.10708000115185691,30899.34022564309,357495.9920016656,0.043216344961846634,9088770.063715057,ok
823,9088837.274392525,0.14745015999560804,22135.40279845338,104661.79599973848,0.10574729101012507,9087666.894951846,ok
824,9087482.412089067,0.14643103759243353,22382.902540637635,169790.402679406,0.06591333251885996,9086744.746240119,ok
825,9086993.08926086,0.11589409974103602,30025.054889499446,430035.2673125073,0.034909991309712965,9086469.002058227,ok
826,9086218.967460833,0.1365436809814442,22491.27176894195,121667.43462246844,0.09242930057139738,9085179.541201552,ok
827,9085554.279236741,0.11289661877764595,27508.860079553288,322160.9918355504,0.04269427518648099,9084967.043815589,ok
828,9085088.968981255,0.1125083477259025,29399.72501811544,374164.5727345092,0.03928715752436589,9084511.453167275,ok
829,9084403.839917995,0.16182144968059436,16487.930315151214,6654.027429421887,1.0000000000000002,9074569.937032266,ok
830,9074553.983568106,0.04790630596792159,123047.18050888645,1588148.6615635157,0.038739188429547836,9072170.609612375,ok
831,9072090.488806063,0.07187464478713354,87419.16744007934,1148644.4942758041,0.03805318698506245,9070427.199843725,ok
832,9070546.318321537,0.11705004473623876,43816.01160904701,428632.96057264134,0.05111134191653166,9069426.570746152,ok
833,9069222.562853366,0.06973057004136296,55091.81315184217,1531012.7915496724,0.017991950640751642,9068726.958261898,ok
834,9068809.838486101,0.15428584776118684,26118.047815028745,138448.95316822373,0.09432374610768549,9067578.062430635,ok
835,9067916.64144066,0.04165535337844422,64374.101046354794,977850.4753434148,0.032916127091796435,9066857.168394929,ok
836,9066695.832007881,0.15895878167673375,23055.913999054817,52174.402885114214,0.22095043473542905,9064148.724897224,ok
837,9064607.491248343,0.04821877996667722,118788.43346764962,2827672.1726878057,0.021004633177603624,9063359.937512977,ok
838,9064092.82245341,0.061478657457471775,68152.76399298984,945429.8070309837,0.036043270206920996,9062864.598209435,ok
839,9063385.12000177,0.13817034044923973,29904.538075258482,247993.70414201746,0.06029293803792128,9062483.60377116,ok
840,9062176.071052395,0.14663329676744133,22111.435674548164,184180.1251787546,0.06002666045830971,9061512.433231654,ok
841,9061525.765264668,0.09996557100284494,37925.15405175348,942330.615793553,0.02012306159649501,9061144.180159148,ok
842,9060934.334224883,0.16525425110523517,18825.048411163865,18210.418947391954,0.5168757639664281,9056069.228585271,ok
843,9053854.54593989,0.05666643235032751,102401.54556172772,3068050.709655613,0.016688372398711467,9053000.08837662,ok
844,9053378.972494563,0.08864833409742866,49063.575601049175,507611.29099323944,0.04832790017834988,9052193.402702544,ok
845,9051918.873480322,0.14482091495033678,30904.204286101638,309047.481238476,0.04999912013884762,9051146.281968875,ok
846,9050402.574474901,0.1479591291150365,24390.487127400986,237043.07204197545,0.05144737392511082,9049775.16121917,ok
847,9049174.100588404,0.10340134934369194,35335.57642380837,1038713.194491253,0.017009303728501898,9048873.583812498,ok
848,9048762.103281856,0.17394277728480415,16823.021191576787,9721.39363621044,0.8652576894383777,9041483.979059057,ok
849,9042092.371071171,0.04173562006792816,159785.80897381058,4266535.036201505,0.01872547718676041,9040596.338310817,ok
850,9040884.336074378,0.07230501613058188,76246.97958781748,508551.7758956135,0.07496481499208067,9038026.415715124,ok
851,9037748.626658753,0.12509275168434053,35290.85165708471,442145.91743098455,0.03990860286818473,9037044.42236692,ok
852,9036924.489150416,0.14171298616354205,23717.71881990195,109983.56279816662,0.10782392485060192,9035645.820384583,ok
853,9035235.272565413,0.07192633220642222,56836.47192518265,1878052.1275128452,0.015131761012526503,9034805.254610429,ok
854,9034775.075617243,0.14810442478403452,25434.800831761397,334427.5834076102,0.038027366900475895,9034291.466365607,ok
855,9034716.384483064,0.057956290948812036,47791.321433587436,945549.2782081878,0.02527172434849287,9034112.499932304,ok
856,9034395.401213668,0.13023394771575808,27826.197848040356,509449.2036528226,0.027310080817206695,9034015.433357636,ok
857,9033687.242018018,0.16754358296076777,17639.404245128742,12876.005591884554,0.68497190837842,9027645.993823795,ok
858,9028937.123323238,0.04230946840240632,147754.06915178738,3741355.079267569,0.019746063394324047,9027478.342715116,ok
859,9027668.788559971,0.08110635054732154,71321.97677602968,862233.190757685,0.04135886761292249,9026193.890462287,ok
860,9025934.999966178,0.12587860585464877,33436.00689659673,151425.2894279607,0.11040430242170224,9024089.260457585,ok
861,9024326.642481219,0.06443097777528163,72881.70962106119,2620661.0457743867,0.013905214819477955,9023819.924566874,ok
862,9023598.650561044,0.16120654148239527,23535.929730364704,54684.480500115125,0.21519752510326173,9021066.213646553,ok
863,9021357.374812003,0.049450320104134374,60845.2967415063,1190679.7535410705,0.025550655648822848,9020580.056199558,ok
864,9020674.263342405,0.08996408939915675,36188.96840988341,650735.7871010576,0.027806191950115813,9020171.124641363,ok
865,9020278.877850164,0.1566702696722391,23165.14566813584,96717.54194432334,0.11975669150830541,9018891.787248403,ok
866,9018383.167332852,0.07216895745462155,50175.214100531266,1245903.8845916963,0.020136069371424477,9017878.001536926,ok
867,9018068.593995554,0.1455541250384115,29703.189296650038,493826.22020064114,0.030074536427593557,9017621.939171296,ok
868,9017362.436853908,0.17731047253747728,18489.56672927727,61280.29567915742,0.15086061942391965,9015967.763109079,ok
869,9015376.579581795,0.06751254487279743,60209.00596097531,1367318.1366255071,0.022017189836144868,9014713.763024751,ok
870,9014665.125591677,0.13548921882610096,32451.090911546842,580251.1410179808,0.02796297035677975,9014211.411145074,ok
871,9014135.672334142,0.18734381739541492,19453.23757251035,74701.08324146748,0.1302071986669105,9012869.196549483,ok
872,9012543.826056505,0.10732074031472091,30916.46945929122,598740.8579228247,0.025817905234117353,9012144.726817168,ok
873,9012152.147951245,0.16603923443536073,19356.628567585787,159611.83294699714,0.06063657126854,9011565.288157417,ok
874,9010995.740342934,0.14101751488427153,20299.670013227762,169861.6167435549,0.0597535523398284,9010389.251645627,ok
875,9010287.865561686,0.13161403592632864,24949.516567625178,553238.071757338,0.022548625845988927,9010006.576904627,ok
876,9010149.2910207,0.1629191994797675,18205.688807467,77000.04122247885,0.11821869520085503,9009073.164632676,ok
877,9008949.226621384,0.08846088128420757,41379.28114650531,1261699.0448965328,0.01639823748535003,9008609.952981777,ok
878,9008761.097971715,0.1291805600208011,25201.746822748064,341717.5015599079,0.03687511863996501,9008296.439269705,ok
879,9008106.060633034,0.14799264802042628,24008.14353383945,286756.8438140531,0.04186150052168848,9007603.552176502,ok
880,9007582.716896892,0.09853080353424318,33042.525575235966,740496.3407283166,0.022311066076799873,9007214.109911166,ok
881,9007336.390219659,0.1720362572929614,16390.258858976667,9064.447293879479,0.9040958774201128,8999927.207487533,ok
882,9000223.223386604,0.028694958678393383,133434.58934545898,1622441.140180411,0.041121550126194846,8997479.704809437,ok
883,8997240.392760133,0.10761978490684494,48781.49879960777,355356.0150717341,0.06863750257577668,8995566.272635378,ok
884,8994487.463996805,0.1475249880057775,29730.069496709213,114554.50753611812,0.12976385711987615,8992558.519751638,ok
885,8992335.220157446,0.12731486878222467,32632.969853820305,495688.4483381057,0.032916814950226136,8991798.133442469,ok
886,8991942.020049732,0.16448850090580774,18744.559949117123,18987.153853660246,0.49361163062108027,8987315.753648853,ok
887,8986803.497945096,0.08754219629035104,55318.49480534182,765525.147381303,0.0361310761603159,8985804.139570653,ok
888,8985793.04619323,0.1523611999479983,25116.408067860546,84260.57847079163,0.14904008804406074,8983921.370358339,ok
889,8984101.636423443,0.12462544141421186,35089.30035021774,473651.4391816432,0.03704126858649864,8983451.76032405,ok
890,8983358.271642394,0.13597660059127498,25567.635463967847,219855.50560033,0.058146452585196184,8982614.937990783,ok
891,8982950.945272457,0.10691057538103761,42922.075970260885,1562760.5710657286,0.013732774157780953,8982656.225684617,ok
892,8982675.718919432,0.18451738304666837,17904.860592006567,32934.586913403,0.27182458123863756,8980242.228303153,ok
893,8979937.642910045,0.06466730751913125,88505.15047406142,2570960.4492683383,0.01721246830134023,8979175.946861524,ok
894,8979218.230399713,0.11710594231494535,33578.45909801099,467625.916224984,0.03590312035000188,8978615.444670632,ok
895,8978595.012299187,0.1763487532181181,20127.812069720112,81162.16370875809,0.12399750789017068,8977347.113031225,ok
896,8976696.878482983,0.1144300674439394,28720.413148831492,940642.4899927987,0.015266380933446547,8976477.650099134,ok
897,8976260.347380051,0.1718292796940573,16483.418996899585,25007.17225122525,0.3295738284861849,8973544.095627375,ok
898,8973571.161650868,0.036621615417815945,136680.52972540358,3442012.8459011004,0.01985473846911535,8972214.283565108,ok
899,8971996.267464198,0.11705166208026231,34421.411537686945,1007444.5971725892,0.017083525800967735,8971702.247928144,ok
900,8971547.706061447,0.17933855774079646,16937.513948122538,12549.611714214983,0.6748222309116291,8965832.800587162,ok
901,8966599.005364615,0.04905840050632561,125726.05802600556,2130921.9422502215,0.02950039030834718,8964744.521472767,ok
902,8964695.314951424,0.12508096086661566,36189.68833375262,176641.4929501809,0.10243824293298796,8962841.710908823,ok
903,8962999.77120347,0.16101754537733193,24379.095603656224,155664.67443170317,0.07830644843686867,8962045.251007056,ok
904,8961714.091411205,0.1056256590632267,32047.88626247455,574699.1510383874,0.027882315646864324,8961267.306770911,ok
905,8961488.738506895,0.17093102929360846,21468.81877157816,108317.92448484726,0.09910095154464238,8960424.948322494,ok
906,8960819.449214205,0.044528041992488304,73013.16094344335,1098126.3628445773,0.033244425875684595,8959605.80890574,ok
907,8959475.18534021,0.1719367183029278,16227.354205944466,21088.382170672652,0.38474630425921535,8956353.47806089,ok
908,8955767.02721107,0.059763369029796676,52961.45773728352,690430.1182752369,0.03835395960824139,8954751.386405645,ok
909,8954725.659208952,0.15608369593920335,27360.069854344903,333513.7997600227,0.04101789772122118,8954164.532935487,ok
910,8953881.96566999,0.17312610200797954,16133.281168099245,11103.909315243218,0.726468521584187,8948021.805210743,ok
911,8947876.313964043,0.0455438304474614,131966.8397352791,3837398.882471378,0.01719482959382753,8946741.7403034,ok
912,8947084.294066064,0.06916089696401696,83631.72340142287,1873033.5149320192,0.022325207406782108,8946150.746280704,ok
913,8946197.808016585,0.10815869720578156,44736.67893016212,290605.8841698459,0.07697139212779251,8944476.085788371,ok
914,8943613.486958476,0.16048044715539958,21363.410374405154,27718.732803485356,0.38536051640352975,8939497.179531466,ok
915,8939672.396670066,0.11223826506835917,51695.29244661235,520645.24200714444,0.04964540946088486,8938389.179689711,ok
916,8938095.775576305,0.17246114325851394,19245.745819863463,28753.24733226419,0.3346708216547718,8934875.280792858,ok
917,8934932.309110235,0.15136249831277215,26775.89111232581,164048.57769617598,0.0816096411451849,8933839.723677725,ok
918,8934603.808171675,0.09259252507384566,39527.139730494775,572686.8150705283,0.034510258216462406,8933921.762272347,ok
919,8934128.231022883,0.18317886817648846,16859.34948919676,32344.528807612358,0.26062134943250237,8931931.277815668,ok
920,8933181.240889966,0.06436926451181635,65098.37096903505,1244779.47905937,0.026148555653499078,8932330.126701849,ok
921,8932376.173311235,0.1321992429390371,25223.209457501573,75377.32280098596,0.16731298300482786,8930266.08810359,ok
922,8930300.280175524,0.11635531559093983,33901.1493441894,845855.3780449561,0.020039565996817246,8929960.5980157,ok
923,8929817.350590587,0.17612337484747684,17959.700259002908,28635.240808156534,0.31359436400980467,8927001.320200322,ok
924,8927245.192588763,0.09173290713761237,48698.00287176439,639988.5914287237,0.0380459929473508,8926318.810651857,ok
925,8926894.260191286,0.060875779329093806,54265.59448761355,1110614.179273963,0.02443044375819529,8926231.393914219,ok
926,8926206.845864452,0.12903683087861278,26286.3515797473,99512.31396311652,0.13207587349184813,8924470.949441547,ok
927,8924301.119841713,0.18290324421890142,14400.560773263274,6124.783102050259,1.0,8916025.342170501,ok
928,8916216.921838894,0.03551079737702153,139774.65103035836,3036751.30828704,0.023013845527772567,8914608.545725139,ok
929,8915097.52738813,0.06565998729731788,76138.28236201715,1360694.0811089752,0.02797773703107605,8914032.438967168,ok
930,8914184.705259033,0.101271429871811,45894.81962849897,290908.62348401116,0.07888184798176226,8912374.57116649,ok
931,8912683.366881244,0.10142478841564549,38059.9944497097,442759.0404056029,0.04298048258353312,8911865.448416958,ok
932,8912243.468521837,0.1258085795101346,34357.59550203881,279393.1105356193,0.06148611795790616,8911187.210936943,ok
933,8911895.868556302,0.07121012881037281,53737.14251880243,1156031.1417314983,0.02324208257846548,8911271.387004327,ok
934,8911303.178622384,0.17026259568742907,20446.615858138186,50181.18368909476,0.2037279150768776,8909220.405412804,ok
935,8909421.248440146,0.09245448834624308,31340.338300951033,239460.1413799605,0.0654395719478469,8908395.799278589,ok
936,8907852.4323655,0.16595502196635395,18930.97627373082,40947.94272015192,0.23115906460929747,8905664.39898171,ok
937,8907716.399741914,0.05440428771012426,61826.361742604284,432814.2804947113,0.07142366198261307,8905508.467160555,ok
938,8905813.975084111,0.14502165187003443,20196.549933790884,103321.90824804216,0.09773604783462556,8904827.0095989,ok
939,8905249.599808417,0.08726565140598526,31884.455606134736,429636.5355769685,0.03710631308777824,8904658.04251224,ok
940,8904683.530732244,0.1855194156976681,14434.83305509948,12810.775974298154,0.5633863664488248,8900617.33665964,ok
941,8900419.539926488,0.052193617240256056,72200.27642035796,2086122.6068101681,0.017304897656700385,8899794.83072937,ok
942,8899648.14369956,0.1385089800503033,25903.250911708783,153792.72299146873,0.08421481331449505,8898557.424979677,ok
943,8898757.551254787,0.11606220030389486,29068.597319350796,444618.8700843095,0.03268934280031654,8898282.434583537,ok
944,8898486.020184651,0.1948894524694846,14063.14600910294,8530.700991924758,0.8242667292181057,8892690.128502931,ok
945,8892357.11028566,0.059842093476588476,106246.00244711008,1886128.3220997667,0.02816510446352605,8890860.895406783,ok
946,8890810.511338769,0.10552493741959083,50870.64104735151,321073.952221349,0.07921950799092103,8888795.537761291,ok
947,8888511.995554846,0.16021706283461995,26791.5510847433,263304.2359753881,0.05087565527667317,8887830.47669619,ok
948,8887548.842056548,0.15917305690858283,25705.77991212794,343147.073130363,0.03745592185535297,8887067.42521474,ok
949,8887112.457096063,0.1743900151142912,20062.592955971675,217684.86474597018,0.04608173604394579,8886650.197539587,ok
950,8886613.716548475,0.09987978919508682,33381.386211482124,1284581.6484123408,0.012993096333245668,8886396.852765083,ok
951,8886447.20016841,0.18999075826088016,17393.759125838107,121705.09465366483,0.0714586319304684,8885825.733052779,ok
952,8885829.087917875,0.08337492379874417,30133.28933532648,723248.352387434,0.020831910114870542,8885515.220930427,ok
953,8885434.395251436,0.18214791193748925,13363.879895046597,5541.3310468771215,1.0,8877611.846403267,ok
954,8877778.512084804,0.05792614075064768,115984.44080033628,3503126.227315689,0.01655441929210908,8876818.48455262,ok
955,8876857.969181128,0.0902885106543908,59294.31749940491,788879.6217113303,0.037581346930205095,8875743.789022662,ok
956,8875691.346846588,0.1415303293252091,31677.687713010164,167862.81316926374,0.09435588238673238,8874196.858758522,ok
957,8875342.535917096,0.0787583561801378,42323.64759894597,417063.6210045421,0.05074003757149205,8874268.78418243,ok
958,8874181.468790276,0.15848765727969333,21311.153229868974,56909.73788963733,0.1872364380872462,8872186.356579129,ok
959,8872452.961850215,0.09874430948611822,43245.556754052595,1202041.4833232085,0.017988379500220874,8872064.00310692,ok
960,8872308.301777456,0.11497639146932498,34142.99614758736,650091.7305321321,0.026260137257583353,8871860.001894847,ok
961,8871927.212559499,0.13937589734196454,27151.681820967227,318890.243806419,0.042572142529154235,8871349.259925306,ok
962,8871504.44160847,0.15542556851842934,20532.140848608484,186164.24049292115,0.05514523303252005,8870938.316762595,ok
963,8870499.286158923,0.14475718606120594,22732.607919679213,392296.42662916554,0.02897376368555117,8870169.961554011,ok
964,8870203.285509199,0.14330555391116867,20718.310564251136,327569.12735525466,0.03162433336060659,8869875.684129221,ok
965,8869451.179125383,0.15746875125298126,18729.593687442662,170470.69729160753,0.05493493598903916,8868936.724610224,ok
966,8869274.790551487,0.053957176842077945,45077.90210637315,871422.4707243647,0.02586455113379301,8868691.83069947,ok
967,8868766.453786049,0.16521365591370188,19622.351842180782,333230.75290166965,0.029442588463572842,8868477.58737106,ok
968,8868559.041614547,0.11717288041289362,23063.539281766367,432558.49988081167,0.02665944524049505,8868251.611033281,ok
969,8868232.225743163,0.1893236089219773,14007.454740927373,8326.287258589358,0.8411585083421995,8862340.98087539,ok
970,8860736.289459284,0.060855162556925135,74130.34690996051,1413439.4071306915,0.026223390453095727,8859764.314943563,ok
971,8859477.220874682,0.1190874404323764,43553.461670639095,389901.0217366374,0.05585194606140032,8858260.948078675,ok
972,8858582.342628919,0.11773024762730619,31358.65829601943,622378.959797146,0.02519257584337383,8858187.339940183,ok
973,8858362.906623367,0.10997726559963275,39383.15862220342,1445733.2215219613,0.013620479226708138,8858094.697876418,ok
974,8858145.623524323,0.1655035266967376,23069.571455171535,195267.97514190586,0.059071569309832636,8857464.24562974,ok
975,8857611.44194058,0.10580682725910541,28528.446028903523,628537.701775152,0.02269429975984882,8857287.72538765,ok
976,8857378.262139758,0.1774910061731324,15999.301188989912,19321.291459259402,0.41403291345006127,8854066.143497538,ok
977,8853138.907454077,0.08708616439063922,50510.03968240023,932779.8142041784,0.027075006830788884,8852455.127619365,ok
978,8852476.522233037,0.16916077700244694,19730.43319770709,92365.7509939924,0.1068060021457,8851422.857887812,ok
979,8851196.628631469,0.17733778695567814,15560.268158380935,39949.44099993416,0.19474951049260714,8849681.45132798,ok
980,8849363.682484366,0.16531777773292333,23805.50444693319,167564.28725434,0.07103394415660792,8848518.183047613,ok
981,8847926.508822503,0.1587968258425274,20475.08102937754,219068.05973149047,0.04673223712866595,8847448.085651556,ok
982,8847894.83034512,0.05536495825284825,70908.88094799152,2306027.234872101,0.015374684191863922,8847349.729519634,ok
983,8847590.802437432,0.09880224056930158,30547.51103772861,882982.9714718478,0.017297904956654397,8847326.598466136,ok
984,8847298.187908037,0.20077890544379046,13257.50516797656,61192.34090270437,0.10832650763480313,8846580.118290637,ok
985,8846711.323036259,0.05424694136256258,45277.41587775384,894121.2466584011,0.025319505630231418,8846138.122143138,ok
986,8846106.0471871,0.17620008353534142,17174.79013381938,165265.83780293702,0.05196110207089078,8845659.836675504,ok
987,8846051.809011783,0.0774142002189727,44663.61858146062,1589513.0620361655,0.014049465728909,8845738.05902249,ok
988,8845580.889665062,0.17223508139957666,15827.311446338665,113843.82985818434,0.06951325981414541,8845030.785658699,ok
989,8845289.05337425,0.07440696230604213,33502.0303990183,789122.0987876941,0.021227406031643595,8844933.472773168,ok
990,8844797.965694394,0.18061799988495558,14675.731610265582,38397.52779625194,0.1911025585831871,8843395.680764493,ok
991,8844454.32790447,0.03738530674392735,135561.30153044377,4011390.2255702345,0.01689704739597769,8843309.03503596,ok
992,8843305.527677968,0.11961221791889858,25635.480823044858,832113.4648579595,0.015403837280424729,8843108.085290367,ok
993,8843166.216136739,0.17153737121597626,13197.068212154947,3588.022615292457,1.0,8833557.170539876,ok
994,8833170.730440252,0.06561564266878846,86875.20428271074,2032872.9043858314,0.02136759363934691,8832242.573409026,ok
995,8831987.637768365,0.15622727376631684,29120.12463502228,168007.78294850187,0.08666302275992846,8830725.818756357,ok
996,8830915.031681417,0.08735049873469469,36049.725163608826,919894.0920253525,0.019594497603652013,8830561.84355475,ok
997,8830326.109911975,0.17773402574424638,14634.495931448744,13799.157065789712,0.5302677497500905,8826446.009298827,ok
998,8826600.129798433,0.04271507179076418,95029.69680958893,1417526.0244159908,0.033519559843262985,8825007.452993885,ok
999,8824894.620611936,0.14480381119338048,29117.32015600864,171736.1959040108,0.0847733932929413,8823660.433595324,ok
1000,8823893.781860271,0.1611427128719999,21320.212087209344,125729.5159984887,0.08478602624806739,8822989.953829452,ok
1001,8822865.644496016,0.11920103117939006,35449.767681210025,1175875.2818804595,0.015073778753355017,8822598.463518573,ok
1002,8822598.889863309,0.2011534761973362,15072.032564648363,25446.970761773227,0.2961459087949629,8820367.129472686,ok
1003,8820475.072567005,0.07160424720916693,47052.38027431765,315385.16741135804,0.07459510645430427,8818720.133909259,ok
1004,8818894.830071306,0.16506057248427838,26214.318539563523,183792.47045436408,0.07131499586124931,8817960.093062228,ok
1005,8817766.516727675,0.17525782579770793,18934.608883031004,64026.26355093711,0.14786595244596207,8816366.624739334,ok
1006,8816227.296576893,0.11894102260604186,28636.979463024734,692363.4808715418,0.020680596431065894,8815931.181669252,ok
1007,8815768.479880525,0.17729633282199228,15519.79409201632,32463.44651503415,0.23903491092402876,8813913.593581352,ok
1008,8814334.702222427,0.07609603036348453,58854.33930561644,1807050.8635311597,0.016284638272607645,8813855.491409246,ok
1009,8813729.356824897,0.18182725807050584,17470.75930796317,158921.87871021547,0.05496650130791637,8813249.203567723,ok
1010,8812657.226161983,0.1888912302727433,12619.145427645562,18520.21873105445,0.34068564769394305,8810507.645295303,ok
1011,8810698.879623061,0.049978821168691616,105383.72549808127,2776806.667846182,0.018975704487886026,8809699.014406618,ok
1012,8809638.144003455,0.1719417899657954,20995.36794129428,144710.22977582514,0.07254279111372713,8808876.612707993,ok
1013,8808411.869427443,0.18023374998182456,16811.970816611876,212537.68045169103,0.039550565294781154,8808079.407952683,ok
1014,8808097.629439285,0.15810297198124906,21654.94208356792,614542.3948707107,0.017618753615951714,8807906.862894716,ok
1015,8808106.643340386,0.1388795978482761,20120.93561201008,318067.36795608676,0.03162999043458622,8807788.430839915,ok
1016,8807653.971670078,0.15263068605474442,19087.842519131824,443415.9380730955,0.02152363151635887,8807448.551825665,ok
1017,8807374.643530902,0.11227439321853172,22563.300794827715,539564.1731573235,0.0209088204122189,8807138.757528787,ok
1018,8807180.479431652,0.1858953851161292,11690.8391404416,2619.871341027706,1.0,8798109.511632238,ok
1019,8798165.149500469,0.11216447535178739,49178.39034533536,620940.1734537956,0.039599942512815005,8797191.418785196,ok
1020,8797344.469609099,0.12810448066439095,33831.06730877861,294916.8571150587,0.05735695755020843,8796374.246063344,ok
1021,8795962.708524507,0.16144736256352468,23812.42315359352,357262.87397089583,0.033326193243820496,8795565.919816695,ok
1022,8795703.242144799,0.17890503121655593,16662.469064912053,72526.78797949375,0.11487113609404022,8794746.223768989,ok
1023,8794348.420760937,0.13597532896449777,25878.846004615865,491615.81235393684,0.02632019287653068,8794007.852651807,ok
1024,8794354.88756379,0.10635378351166104,27053.25461614244,373994.6990468038,0.03616796532824232,8793865.656976303,ok
1025,8793768.598119289,0.19579587029676637,12968.529318601937,15800.777140211456,0.4103763126181395,8791107.609498365,ok
1026,8793022.780261178,0.05163208898479577,75396.82222078144,920434.2508810585,0.040957201532108384,8791478.75883989,ok
1027,8791133.047883524,0.12503263402599396,31297.950169795702,229568.96720268702,0.06816677042886782,8790066.307791464,ok
1028,8790665.964835767,0.10534961339796406,34088.4159096487,1124142.118637228,0.01516196900040242,8790407.541083118,ok
1029,8790516.055220004,0.18214580364634111,20594.890521361194,177714.79028996106,0.057943659297457414,8789919.383560186,ok
1030,8790588.202795811,0.0635469218106261,53835.44267373918,1655472.595117495,0.016259841096891815,8790150.524924183,ok
1031,8790068.734667324,0.18446365524255026,16172.684388459114,38190.29130861542,0.21173816478339727,8788356.547411306,ok
1032,8787949.914150085,0.07348009928085626,56569.77368528592,1190601.9141581347,0.023756796042649558,8787277.955862276,ok
1033,8787214.152948847,0.2022778455356225,16021.023175898517,58882.09783577194,0.13604324374262916,8786124.376968386,ok
1034,8787147.856145076,0.06887712525917526,53628.53379028698,665361.4957810214,0.040300298507156766,8786067.23318495,ok
1035,8786724.188821169,0.10538608889055119,36566.70435950149,631542.0815467354,0.02895033080768307,8786194.879727293,ok
1036,8786165.941145007,0.196067075637163,15444.388490980378,48767.510090290256,0.15834710919612233,8784943.154009582,ok
1037,8784747.637904633,0.15363410907404268,25924.347157075546,257257.44845005564,0.050385999148453306,8784094.525837744,ok
1038,8784108.549416708,0.13600519074173117,20837.810871133333,268338.562091643,0.03882746242043438,8783704.009757446,ok
1039,8783600.345134608,0.18520450298206986,16365.068043158777,165298.41052352675,0.04950158925100358,8783195.296696441,ok
1040,8783217.499968342,0.16675710857799922,15203.84627421279,112834.36920083643,0.06737240781286738,8782705.340102587,ok
1041,8782344.82008164,0.16203811122953796,18924.630841201673,299124.7847192153,0.03163333800468254,8782045.495459633,ok
1042,8782092.82219518,0.14933858244134318,17767.149292196063,241140.51999330908,0.03683982536964142,8781765.552856559,ok
1043,8781567.589736372,0.19840805548327722,10979.589887962771,7741.026900903635,0.7091817421976074,8777674.327393692,ok
1044,8777496.685587207,0.04130089225114368,142807.53970818853,2681251.716556526,0.026630759586345962,8775595.148958663,ok
1045,8775220.543734841,0.14641741415694925,29818.56972927679,364371.3484406535,0.04091782992390447,8774610.488152463,ok
1046,8774555.713765495,0.14232085954311952,23975.463411716424,328136.6355764423,0.03653274400403111,8774117.769031895,ok
1047,8774214.465080645,0.18842806437335502,16337.453702926232,45110.50431806832,0.1810825876356088,8772735.250884693,ok
1048,8772448.314256582,0.11629836479235427,34061.3653282991,422603.5048052844,0.04029943545308854,8771761.987359837,ok
1049,8772006.579911567,0.17259951033026047,20462.828839191447,186677.45406806082,0.054807981342328824,8771445.816740952,ok
1050,8771014.630129514,0.1081802443146284,29509.497272929686,486324.2215350025,0.03033932504923136,8770566.981014613,ok
1051,8770212.830633175,0.21317890967183353,12891.88488999257,17796.928535204897,0.36219409614671877,8767878.148335494,ok
1052,8767392.230004802,0.12062849641667853,39034.054353787535,612019.428356558,0.031889554926879365,8766769.840694634,ok
1053,8766795.408401154,0.1957041857555068,15908.16752365688,137192.18449749745,0.057977674099748244,8766334.249125049,ok
1054,8766882.355445191,0.06179375414671251,40744.496210815094,852081.9569206741,0.023908789453810878,8766395.279654538,ok
1055,8766205.754354006,0.21121990653143727,14320.709702852148,48702.32910387099,0.14702284229886964,8765153.01863188,ok
1056,8765175.585412472,0.08466665277097377,38912.80454290399,958805.9700914532,0.020292324910738926,8764780.769775985,ok
1057,8764593.138709866,0.1667345531068105,20635.848191847712,195543.8484885453,0.05276527068315456,8764048.710652057,ok
1058,8763585.064454274,0.21887729458880803,15099.726473879615,94818.4145335742,0.07962444082279482,8762983.910815746,ok
1059,8762711.295309007,0.10732827815505498,31982.0791247328,731948.5212448635,0.021847218893440205,8762361.935567355,ok
1060,8762374.092984766,0.17779926754530365,15973.990325245739,259626.54797286642,0.03076339929404134,8762128.38586342,ok
1061,8762728.677017782,0.057431024546112,55628.9740828263,1645946.9408748336,0.01689877501557221,8762258.646259096,ok
1062,8762325.826219883,0.18900472216800682,17163.70459184338,196774.23581853416,0.043612682626987316,8761951.54861935,ok
1063,8761389.511525428,0.1994172269464417,15287.611184259666,61594.40068462447,0.12409903347006543,8760440.922639413,ok
1064,8760353.671744684,0.07385419542076502,39970.98782132838,669127.9127019657,0.029867972223669395,8759756.745567685,ok
1065,8759656.242460117,0.21155369059607027,14489.973200466266,37338.07289804692,0.19403750750650292,8758250.44331829,ok
1066,8758095.271476464,0.08118017487676547,46010.20236317561,1073833.1572838044,0.021423347775717607,8757602.425193235,ok
1067,8757619.801302647,0.17376534072510996,19292.234072797335,417640.9989171397,0.023096671690301326,8757397.00810437,ok
1068,8757260.81853793,0.22364384013341942,11865.362823465868,19610.932813406762,0.30251908301257,8755466.069197448,ok
1069,8755857.398411727,0.05069766523771415,79736.55631521659,2162238.3236307376,0.01843842916014142,8755122.28998918,ok
1070,8755025.576257376,0.14182489945894114,21548.13550314537,435654.63171841105,0.024730754517804814,8754759.125432653,ok
1071,8755237.378820464,0.08140072799799829,38559.38825452653,1218620.5629673994,0.015820916463379124,8754932.356390236,ok
1072,8755005.434209237,0.1852155977149543,17059.139905853324,155617.6707125356,0.05481106299735646,8754537.919413207,ok
1073,8754393.863850143,0.19301783746103832,17749.822545566683,263089.1417185295,0.03373347609411535,8754094.482242886,ok
1074,8754381.201778304,0.09471816444633643,29425.768769492388,738519.6993821809,0.019922128545866096,8754088.08980431,ok
1075,8754107.247158883,0.18637044014338655,19480.334556136262,360390.41836479673,0.027026709872760478,8753844.002483748,ok
1076,8753607.146766346,0.18892713626136348,12731.196829356795,20119.385299576148,0.3163912972436837,8751593.126826193,ok
1077,8752349.425597616,0.03072063323749064,134330.5099221907,2983093.5556464596,0.022515302892181708,8750837.179538336,ok
1078,8750849.018334359,0.1799468410080601,15715.444847497605,132864.3647980607,0.059140932451614704,8750384.305303274,ok
1079,8750375.76329841,0.20682216023479463,11953.380340900527,67444.12635498968,0.08861691141185778,8749846.12747504,ok
1080,8749705.48407275,0.13740241229764874,20479.365916652227,625085.5911667653,0.016381249388924546,8749537.745272547,ok
1081,8749516.873575106,0.18639829347067974,11248.186308474556,17480.322188620667,0.321738529390405,8747707.386114506,ok
1082,8748503.129772589,0.029796146242135266,134672.09136897355,2923226.2220387715,0.023034839102368206,8746952.054794457,ok
1083,8746722.968707671,0.1516965770845447,18851.64343740454,337193.813109802,0.02795372083423397,8746459.481918713,ok
1084,8746097.93964418,0.1930786814865734,13564.858459051338,46335.17232015481,0.14637755488772528,8745105.144237362,ok
1085,8744999.305389028,0.05277471183978373,72712.14313805848,1516295.8527548632,0.023976898375720125,8744127.599555677,ok
1086,8744263.75571996,0.1710233497952875,21322.79866953021,396658.21364631434,0.02687805008941901,8743977.198094618,ok
1087,8744033.887063095,0.14251638357891,18941.7963542803,401921.19380784215,0.023564067590991906,8743810.714178301,ok
1088,8743875.300710805,0.2127116681450389,11700.467835407384,13165.852235485947,0.4443490488170257,8741275.754834117,ok
1089,8741191.856551833,0.07939378383710964,50993.55842786715,571967.633006321,0.044577311271828214,8740055.278688386,ok
1090,8739890.679134864,0.17142072238693448,22011.156200958543,134679.00461535365,0.08171710306228841,8738991.335174968,ok
1091,8738716.251947038,0.19826178757179755,16509.873163781092,86363.89894730877,0.09558318559618229,8737927.218811646,ok
1092,8738983.219578568,0.060056138970763895,51916.195771264975,660355.4575799085,0.03930928046050311,8737962.82542856,ok
1093,8737849.216587927,0.1897120080511034,16137.7674712019,45073.21962408448,0.1790172479999501,8736404.747227147,ok
1094,8736491.051053781,0.1231473394462061,28496.451375724188,320318.8299880716,0.044481386524771856,8735857.270219667,ok
1095,8735866.512394747,0.174354572774648,17760.928348981965,180548.93454321387,0.04918591293246025,8735429.718657061,ok
1096,8735219.341795517,0.1726793773882405,17635.29655183113,381450.5451095022,0.02311609824383473,8735015.512171691,ok
1097,8735272.738304377,0.11203527435040797,25122.0444654917,597145.2474929779,0.021035120492847198,8735008.515688198,ok
1098,8735081.310263047,0.18896805140636763,14034.379190169779,73776.42403239812,0.0951142548194443,8734413.875503784,ok
1099,8734681.554546393,0.08447235299195022,37424.60121487381,783746.3123094974,0.023875456016241532,8734234.789836278,ok
1100,8734173.424908625,0.1978857321781461,14377.031585740056,75471.00592617734,0.09524870782697055,8733488.72806816,ok
1101,8733211.809225889,0.2128053149950516,11034.43211146884,36331.73655782651,0.15185665697407771,8732373.983239861,ok
1102,8732655.002048528,0.07105282378538563,41594.82727017181,784008.3812586075,0.026527029726007248,8732103.308438806,ok
1103,8732115.9443447,0.20498210223394214,14247.844158687953,63063.068571782685,0.11296504024752685,8731311.190200286,ok
1104,8731368.89702345,0.14288988665311186,23954.562250415147,411134.2055819011,0.029132290533344124,8731019.97138991,ok
1105,8731145.600866543,0.20434184910029615,12522.795076110713,17142.454142597657,0.3652567763034742,8728858.58298664,ok
1106,8729168.59330205,0.06421144813218702,72314.70263375131,1017562.9971208134,0.03553328041524957,8727883.803998634,ok
1107,8728083.759563714,0.11593847068342499,38624.08011283814,1228213.3291090715,0.01572368545326548,8727780.103120405,ok
1108,8727986.559660826,0.12338951854365093,31150.473318402223,874189.1623013963,0.017816780773394214,8727709.059083777,ok
1109,8727750.659709243,0.17330804872493877,19330.568438802005,89141.88959616539,0.10842583955968522,8726702.693153173,ok
1110,8726948.819271505,0.13423780508477653,27406.80148248077,432372.4993349288,0.031693506784818234,8726514.510447137,ok
1111,8726506.054107599,0.19333170361437854,13128.333687366323,13770.155094280868,0.47669520050717834,8723376.947277887,ok
1112,8724964.587363157,0.049862208818362,119206.07062600675,3051555.707343031,0.01953201613510747,8723800.419915723,ok
1113,8723383.871200455,0.1206546788308723,38292.35476876206,445244.3939881119,0.043001501294348106,8722560.556828879,ok
1114,8722669.625930935,0.19299820470478518,18438.957115026496,116434.22459815256,0.07918186074010693,8721939.610463697,ok
1115,8722015.753957368,0.1286080498554941,21976.26701505207,236043.22475043256,0.04655136159550328,8721504.2413812,ok
1116,8721504.017023023,0.20715542225541994,13448.448354770702,18618.009810116546,0.3611677212529763,8719075.444299683,ok
1117,8718659.57677386,0.12098527119444125,41750.42288698609,700709.8846352872,0.029791518431851995,8718037.672527371,ok
1118,8718078.617798492,0.1520095823025857,24344.092985651194,387644.9728551899,0.031399985412354704,8717696.415716179,ok
1119,8717582.910236351,0.18120612736662578,19327.571930262424,214961.24887056943,0.044955944459319205,8717148.465611236,ok
1120,8717382.857291674,0.12208322949045781,22871.465613680048,523865.1716513953,0.021829534440686013,8717133.220568512,ok
1121,8717214.310358908,0.16693767239359059,22660.1051996695,712479.6765648203,0.015902281808881827,8717034.136669556,ok
1122,8716876.553754311,0.21848985768005535,12710.199995321418,25478.766839177926,0.24942729912221123,8715291.418326242,ok
1123,8715874.08510292,0.11745180532149739,30813.57922275264,249508.15200257866,0.06174864222960175,8714922.736763299,ok
1124,8715041.8110837,0.18178658676538914,19461.842389911413,101959.45172047836,0.09543912830791801,8714113.10044722,ok
1125,8714056.34278448,0.19035716516211101,16426.256637285074,240806.2414501095,0.03410679170599547,8713776.21932766,ok
1126,8713708.097632844,0.09811500352364183,36774.01176834678,1609912.635452096,0.01142112030135719,8713498.09742666,ok
1127,8713560.674860317,0.20596409831128934,13127.173785167226,55579.65341070365,0.11809333973499704,8712785.558963532,ok
1128,8713350.278037382,0.05104145418175971,47470.95697622626,969487.5422292101,0.02448249972716152,8712769.174191773,ok
1129,8712781.215270255,0.20526870808028694,12007.888000698926,20379.020931042334,0.2946139571996787,8711012.369569506,ok
1130,8711039.521804791,0.04063237658272867,123180.6357234964,4126090.1404562416,0.014927041282461624,8710120.16058747,ok
1131,8709843.029231086,0.20386914006875437,14492.166228107544,43613.13035045531,0.16614453160842937,8708639.132146105,ok
1132,8708543.262911811,0.1313609220754998,23318.546077900275,308102.06885288766,0.037842241963383885,8708102.049880356,ok
1133,8708070.927603811,0.21138054105658333,15558.630699063788,106083.74818514098,0.0733318296404381,8707500.456175879,ok
1134,8706772.28563993,0.2062938367485099,11414.37536629715,19859.973153843912,0.28737136948465336,8705132.203299517,ok
1135,8704095.927103119,0.135325235563503,29665.048585861856,1113392.2984800672,0.013321921045420695,8703898.329385584,ok
1136,8703769.039520413,0.21527033454745426,16289.497025891613,157983.7717023292,0.051554336405463384,8703349.142415637,ok
1137,8702913.202394046,0.22640629044145802,15861.65105035754,135144.07913780364,0.05868422483453285,8702447.788045803,ok
1138,8702197.810549743,0.22414323595161817,9992.564784142867,9228.939980664065,0.5413712086696145,8699492.967112293,ok
1139,8701273.300135422,0.03617240903984259,147535.67703454525,2205366.002770722,0.03344924988622934,8698805.821271291,ok
1140,8698413.502321094,0.17854885341309093,18270.076087377718,112428.0390278676,0.08125231145786108,8697671.25936479,ok
1141,8697531.303109132,0.1754818398584682,18946.309326985473,246129.5677759367,0.038488486974943996,8697166.695719253,ok
1142,8697057.168224752,0.19601496648257827,13728.189045855892,25726.231555821083,0.26681305841604325,8695225.738171833,ok
1143,8695541.21493809,0.06288117964292968,58534.84563462442,1083432.6012012963,0.02701360729302484,8694750.596271625,ok
1144,8694805.821453312,0.14648871848997103,21354.14470258933,224710.14000418095,0.04751486671271713,8694298.50178366,ok
1145,8694436.886983713,0.12749136085390383,25079.02480930537,340539.98280916916,0.03682243800335053,8693975.1515656,ok
1146,8694206.934479445,0.09609636132310191,29565.233748899147,495187.1071397119,0.029852588367731494,8693765.635102894,ok
1147,8693617.370155983,0.17964129536713844,15376.688345546192,113151.83146251553,0.06794714741599263,8693094.96910109,ok
1148,8692759.460695531,0.20584743091953253,12692.214161704358,34125.57672043321,0.18596336503969912,8691579.317267872,ok
1149,8691520.787658643,0.20421162519991645,16721.66517599764,260186.32023019035,0.03213402065336056,8691252.120491581,ok
1150,8691214.602876266,0.20005190059616443,13446.336162297112,68659.62697417656,0.09792025353818473,8690556.26855318,ok
1151,8690786.847270252,0.11557193522776775,31300.15958644768,1190316.4107456738,0.01314783166218791,8690581.082655631,ok
1152,8690663.24947906,0.1783568016127548,20826.1404116076,463727.6550784961,0.022455141701741208,8690429.422512038,ok
1153,8690429.64337431,0.2192335762268018,10859.749478554539,11506.698432612575,0.47188815897771175,8687867.349780113,ok
1154,8688614.082114208,0.05089643981205343,101831.22676842616,2108548.05038312,0.024147238842843442,8687384.610636989,ok
1155,8687280.400585089,0.11624367814107005,43839.98198896214,737456.7396276488,0.029723765227976286,8686628.85591897,ok
1156,8686672.38567431,0.20964823320432124,15340.31620609375,40882.371857845494,0.18761529124868867,8685233.346727885,ok
1157,8684792.257629974,0.13306426680269365,32190.668850230028,410221.8395685029,0.03923568389738854,8684160.746176248,ok
1158,8684019.4979854,0.16603133595399341,26698.847287286975,593457.8637028618,0.022494307448131492,8683719.211945705,ok
1159,8683805.349168736,0.2084260815402737,14016.020161671026,39043.60067447345,0.17949190033124487,8682547.468121786,ok
1160,8682716.122226208,0.1459786585008251,27347.786959593534,498313.59341796266,0.02744033809314074,8682340.905966073,ok
1161,8682404.708856493,0.09508255455555359,33392.07175543374,1034681.038775481,0.016136408469876094,8682135.294801744,ok
1162,8681814.788968774,0.20082200755330468,15556.21485572259,61915.731285912545,0.12562409045842957,8680837.67129766,ok
1163,8680226.832367517,0.12735226298053173,24957.609214915195,936191.0102053636,0.013329336077175359,8680060.498187063,ok
1164,8680106.395934507,0.16794787929826424,19336.91889831578,555324.1744321138,0.017410478229306442,8679938.063431757,ok
1165,8680238.188382316,0.08876671403546736,27702.320595264613,792543.9774460775,0.017476834966643477,8679996.113939697,ok
1166,8679947.212075159,0.22655413106963243,10893.494155586159,15139.292560815147,0.35977553481533414,8677987.605732242,ok
1167,8677499.349800099,0.09744298798936339,46893.69162276069,682537.609193274,0.03435245984333869,8676693.89297091,ok
1168,8676591.387347268,0.13457032491546053,27023.219758382336,521449.6499944012,0.02591162901218985,8676241.279524721,ok
1169,8676457.580327794,0.1374751224598446,22605.96779309847,335705.16895517043,0.033669377006401165,8676077.015901685,ok
1170,8676263.865298562,0.21713800255159393,12460.658021151328,21804.271560731944,0.28573892015709784,8674483.617814858,ok
1171,8673534.96364329,0.14472560365144077,26998.24819641005,414892.7958081202,0.03253641479098641,8673095.750542315,ok
1172,8672586.624828573,0.18086413768295764,15403.529110343003,81801.43224886386,0.09415195239785636,8671861.488658795,ok
1173,8672018.928059004,0.12450923257407218,27605.365128970057,661632.0479205755,0.020861568915630804,8671730.982445464,ok
1174,8671868.63701437,0.21406130982076527,13271.399853175953,81235.8387972779,0.08168438985590101,8671326.6039146,ok
1175,8671447.863843206,0.12253616409396402,25838.697954284697,423298.28670919285,0.03052067391432174,8671053.556605889,ok
1176,8671094.096226718,0.22075410353564842,10344.840489520466,42457.88552046882,0.12182472540387401,8670463.967550727,ok
1177,8670761.68764899,0.06966536892590239,61599.018721403234,1843900.1871328293,0.0167034580155845,8670247.229337482,ok
1178,8670096.14755266,0.18434739972308758,18670.344203910463,427911.02377710294,0.021815684998145513,8669892.49437868,ok
1179,8670017.822387192,0.1266702375856056,20582.525358724582,519383.35081823816,0.01981438693240629,8669813.90732644,ok
1180,8669852.362259258,0.17382738307166123,16471.98426760241,363208.99445074296,0.022675628246089978,8669665.605963394,ok
1181,8669680.207918826,0.21450242833438823,12294.401329136832,38664.23967440319,0.15898930682032875,8668702.868746283,ok
1182,8668161.547733346,0.16104732047128753,21864.80290718828,255927.0452323539,0.04271686661200152,8667694.549798703,ok
1183,8667672.359636836,0.22606915397429692,12133.452943050152,55821.0188558472,0.10868175815980456,8667013.017137635,ok
1184,8667307.675958797,0.045005295213117025,111515.24164053037,4038978.578363284,0.013804881540832498,8666537.948608376,ok
1185,8666446.650703745,0.2157788940746963,17274.40439715566,260160.07121298608,0.03319956885892295,8666159.899314605,ok
1186,8666793.960034475,0.0597079122640295,51808.71119237847,1221444.0994613685,0.021207974730577124,8666244.58111558,ok
1187,8666205.16435915,0.17612800726152833,14353.81330306762,230386.52469645353,0.03115159040221543,8665981.592302788,ok
1188,8665752.26582573,0.24685329160125097,9602.307975133604,9020.133900528574,0.5322708111112916,8663196.751698498,ok
1189,8663225.503037723,0.07168759687198988,64680.138007114394,1207909.0320875824,0.02677359647494738,8662359.64308025,ok
1190,8662004.023227721,0.18453952220126338,18135.956772144862,108808.49161359003,0.0833388851513116,8661248.30801845,ok
1191,8661524.833499456,0.13938446294245058,25684.717365664714,463948.36950722797,0.027680577251457034,8661169.349597845,ok
1192,8661153.876845688,0.23077207202908484,10852.19499933576,15456.704093502318,0.35105139277065545,8659249.03776112,ok
1193,8659630.333473913,0.06733202626251777,61343.85968144359,1155413.0424632495,0.026546290126110796,8658816.107525634,ok
1194,8658814.563866435,0.13415663318369592,28636.708481049754,398244.74292846676,0.03595365537090532,8658299.766692592,ok
1195,8658678.337266821,0.14352516142541008,29688.7274895344,1005668.4976758499,0.014760692791981916,8658459.224173892,ok
1196,8658411.54605502,0.22426719327328873,16330.616808495995,77013.18714749166,0.1060248083047157,8657545.820796711,ok
1197,8657535.116454758,0.20956466115655067,13918.76497711067,64446.202756847626,0.10798747157862419,8656783.590336071,ok
1198,8656839.290024914,0.13966171202928038,26917.282959729055,565629.6795490516,0.023794086425228664,8656519.053946376,ok
1199,8656506.486045068,0.21747287590529413,13411.681710054792,60286.17411967707,0.1112334785371402,8655760.572040247,ok
1200,8655793.82093415,0.10239884154344794,28280.670618453965,480539.2211857605,0.029425975416397486,8655377.727774963,ok
1201,8655472.459318262,0.203459904403356,14900.088095975349,112359.56760364861,0.06630538197038907,8654978.481301963,ok
1202,8654813.600919746,0.20042733542778698,15309.621794397517,234277.9238385647,0.0326740598165515,8654563.487170607,ok
1203,8654602.026517589,0.20038205315837065,11807.550226272713,11948.57686606045,0.49409860097279373,8651684.97949373,ok
1204,8651805.198288918,0.07553407304679213,62473.25355455328,857844.768092443,0.03641291284754974,8650667.781720424,ok
1205,8650934.528994929,0.1281198235627323,31849.4504135076,616856.6548827245,0.025815925111128735,8650523.417481575,ok
1206,8650235.241331458,0.21023202541656624,16874.46992276775,86014.81733713593,0.09809048280965416,8649407.628880518,ok
1207,8648951.823149085,0.10844599045264115,26202.025896864296,751468.8688365312,0.017433873167248985,8648723.42175098,ok
1208,8648725.315973802,0.18519846506773008,14652.467661670293,95050.82419425709,0.07707701530143904,8648160.63173672,ok
1209,8648208.978123102,0.11468454624363207,21646.026008710294,367927.69109135255,0.029416141449565173,8647890.606841655,ok
1210,8647766.001734268,0.22887043124140294,10609.691105233785,12906.943692688777,0.4110071043094313,8645585.672524877,ok
1211,8645076.242843028,0.10653088465240272,34731.516278577095,391546.6316809722,0.04435169845475257,8644306.041974597,ok
1212,8643744.07172377,0.22261218082885714,14221.928573925616,54267.60440547913,0.13103516112174005,8642812.285372697,ok
1213,8643574.960428642,0.06959912143141225,52450.84759219487,738514.8635759067,0.035511030433583016,8642643.668606086,ok
1214,8642488.12873539,0.165642214393776,22227.612193999186,413765.8539105645,0.026860133556119502,8642189.610419307,ok
1215,8642231.208487628,0.22717152041756652,13605.42402579551,68742.35392124063,0.09895954422351824,8641558.015207347,ok
1216,8641798.42700405,0.1514384201981713,21455.06456093138,428595.83151980606,0.025029483470302847,8641529.92241216,ok
1217,8641512.986757426,0.16202540140788002,20029.929110076577,504310.27127590834,0.019858736031095225,8641314.102219965,ok
1218,8641338.276665324,0.21622218705679033,12779.68001234499,42376.044897291824,0.15078896630536792,8640374.759295937,ok
1219,8640471.030570144,0.1501648247236304,20657.533395388484,436881.2381794644,0.023642046842605166,8640226.83738405,ok
1220,8640033.348348957,0.2184343832346937,9147.838633291583,7830.677148280479,0.5841026554964239,8637361.709930077,ok
1221,8636284.897843525,0.11968765305833497,38644.15449852246,575400.9833790646,0.03358019504205847,8635636.058720876,ok
1222,8635530.79517227,0.20743394762003362,16274.763997057487,78693.12507307857,0.10340651729070288,8634689.336839939,ok
1223,8634936.784071252,0.07288827690376852,43805.030024733045,1246666.052795317,0.01756887096047571,8634551.981611291,ok
1224,8634568.097679868,0.16389149674650133,16074.418542098294,180246.42583587219,0.04459011730067605,8634209.717575701,ok
1225,8634200.294784144,0.25186412657779866,9579.130121838096,7144.28140227591,0.6704054321535075,8630989.34434965,ok
1226,8631169.173830278,0.06351207438921948,68675.7046989367,1670697.547871923,0.020553003380657808,8630463.427834855,ok
1227,8630619.66523856,0.09763115301703658,49170.76279584701,1260245.6037907577,0.01950840480932595,8630140.043665858,ok
1228,8630541.556846898,0.0898626283699819,48594.10281147444,1272875.5518117214,0.01908831650600446,8630077.767039504,ok
1229,8630064.520087587,0.15179774401085852,29064.833546909394,239415.9451956313,0.060699452417757656,8629182.41034713,ok
1230,8628802.20821106,0.1929546614129622,19599.574396562097,232619.7908510706,0.04212791681407337,8628389.363591176,ok
1231,8628372.372855835,0.12080885505792022,25263.647839126243,843202.1667110076,0.014980777348847174,8628183.138314186,ok
1232,8628300.260033417,0.19568315972530015,15624.666242981264,303066.196060568,0.02577764601608466,8628098.87647565,ok
1233,8627862.739067148,0.16542520825963697,17926.82144239545,457449.7993028114,0.019594304631587227,8627687.10726694,ok
1234,8627503.769902125,0.22975392922474483,10462.289240126143,12036.309510505607,0.4346136675446233,8625230.242953343,ok
1235,8625330.756979547,0.07396428147787873,62285.74066680583,1168168.322765444,0.02665957441790354,8624500.501310306,ok
1236,8624217.462676112,0.15438272062054081,24821.407506057287,155859.89095246524,0.07962730935577074,8623229.231729047,ok
1237,8623386.274261352,0.21176418564215782,15931.790259458206,50356.643219256584,0.15818955793071832,8622126.152832258,ok
1238,8622160.635454627,0.10255750083419822,33516.018708488846,894610.3426152519,0.018732188256682828,8621846.721268596,ok
1239,8621800.4413847,0.17484249057688556,23082.577938851868,470054.76516384043,0.024553073013530984,8621517.067273961,ok
1240,8621552.440115497,0.190626484994986,16846.28638918692,161010.035117981,0.052314398841173816,8621111.788442917,ok
1241,8621047.367613442,0.20859968147028213,13929.510108162987,67970.90366802392,0.10246671264072037,8620333.712058702,ok
1242,8620414.725339562,0.22290211577527824,12079.67176607962,174675.2949538066,0.0345775049908292,8620205.88288417,ok
1243,8620143.050944718,0.21278412512089728,11111.037334529301,131912.4297772743,0.04211520230993235,8619909.07915211,ok
1244,8620059.057866137,0.10349579668808628,29904.370765179585,1213911.4818405244,0.012317360537622883,8619874.886407955,ok
1245,8619649.102872968,0.20335021712757145,13146.318384112714,272491.8060503987,0.024122410458245556,8619490.54242893,ok
1246,8619457.979031494,0.23190759182816154,8313.984350430306,4356.965154026666,0.9541026903493365,8615491.781613361,ok
1247,8614247.87511937,0.08693166913638334,60642.17617102486,1476451.5390996812,0.020536460075080955,8613625.187304467,ok
1248,8613448.51255752,0.15200189704358882,29145.48818555111,236420.96398262298,0.061638967404966064,8612550.263659384,ok
1249,8612843.247088168,0.17594011705900736,18964.265186329198,303068.12182919186,0.03128713285955128,8612546.578345934,ok
1250,8612504.984050563,0.19650544399990932,16424.120109360818,92963.66354577597,0.08833623527150188,8611779.561581507,ok
1251,8611739.096667174,0.0954423841956263,34452.519134348826,1243561.4043280976,0.013852359447004426,8611500.472327722,ok
1252,8611482.650825363,0.18991233931725918,13662.044780523305,95222.58144073759,0.07173742075573729,8610992.61089796,ok
1253,8611619.612398928,0.04752330330939263,48626.77554710243,969326.0485725193,0.02508277561441415,8611009.765148977,ok
1254,8611186.229780858,0.1456420570641352,18572.311834501146,551059.8345070175,0.016851447584740126,8611029.744611155,ok
1255,8611052.488350391,0.24038640879969161,8956.75555779884,7734.351473947169,0.5790243427628863,8608459.398600321,ok
1256,8607666.064057387,0.12922571144369885,29572.877288952765,701103.2090282955,0.021090245279250495,8607354.214439569,ok
1257,8607411.386393335,0.13503356709723277,25979.338571934706,1051936.09092819,0.012348344541069738,8607250.985481517,ok
1258,8607429.591021867,0.1801954778717017,16053.088112303809,294305.9357456449,0.027272790254182566,8607210.684769358,ok
1259,8607126.11583389,0.22487691311747332,11815.465168374561,61375.64434146546,0.09625532485360826,8606557.46511485,ok
1260,8605871.702393286,0.23726039483835976,10550.29508950366,45097.72814443882,0.11697146977906756,8605254.660631675,ok
1261,8605659.879755475,0.06261362928001128,65403.35052508294,2648647.0755189587,0.012346558197503197,8605256.12661869,ok
1262,8605347.161184814,0.23914486462570592,9620.468605826925,19263.60210995181,0.24970585851274602,8604146.017498558,ok
1263,8604026.904259773,0.06647578020926556,73163.75092472087,3051373.965173903,0.011988656873879951,8603588.336707052,ok
1264,8603653.75816701,0.09553292616711043,43827.28022837684,2042268.735031671,0.010730047294118025,8603418.623772198,ok
1265,8603372.280055776,0.2115628884897897,15871.83172345923,146252.14593186107,0.05426187637224114,8602941.662370386,ok
1266,8602773.10616006,0.22256809011297882,13118.728127222532,82712.17934808487,0.07930348487139871,8602252.925731275,ok
1267,8602529.273918463,0.11677362507399319,24913.931713840095,657055.8429311757,0.018958762776309212,8602293.105257869,ok
1268,8602209.579165552,0.21172150599323628,14188.558094993525,126949.02029334824,0.05588289717481563,8601813.130299011,ok
1269,8601915.993275309,0.20409095688538503,12563.171545264442,122701.04419685033,0.05119423240241232,8601594.41231341,ok
1270,8601623.2461789,0.1786466635954339,16253.431706568252,294206.019348048,0.027622534274766682,8601398.765691703,ok
1271,8601358.30917668,0.2244510719447141,10622.49516974813,50716.495692585486,0.10472426204420399,8600802.092692818,ok
1272,8600552.19655833,0.17354031166738557,16272.034460529525,226475.63042135496,0.03592447105733985,8600259.914442819,ok
1273,8600366.837432813,0.18121624039432038,15880.991865047847,280001.1998799709,0.028358792519202786,8600141.654556163,ok
1274,8600378.351796767,0.15754305294864637,17416.287762760312,320265.0595648757,0.02719042749531083,8600141.573641941,ok
1275,8600219.201655868,0.2369818315355284,8473.439025797763,10727.423094143669,0.39494289315500175,8598545.939393958,ok
1276,8598647.176299512,0.06395045679323615,69049.64711106347,1546672.8645713532,0.022321994745217174,8597876.513369527,ok
1277,8597760.327980608,0.2269077697396862,13397.13503537008,71632.49645312471,0.09351297036071453,8597133.925034868,ok
1278,8597171.632582454,0.21659126676163967,12885.445158728602,138060.1004266045,0.046666071945886935,8596870.976027038,ok
1279,8596733.299537536,0.18934361546370013,14761.170506097946,311631.95249364735,0.023683660144572072,8596558.500264736,ok
1280,8596526.254181374,0.23606638405966737,10253.450443396627,12395.215244090676,0.41360517915511313,8594405.814077575,ok
1281,8593875.457949394,0.06308091592161863,45347.14785436631,1094876.1290278726,0.02070880287372303,8593405.915376494,ok
1282,8593365.006643822,0.20395187338723023,15954.86271429224,70345.90381614497,0.11340292645888549,8592460.342582298,ok
1283,8592535.197309515,0.10699652459836939,32296.71329975321,1213495.8103774118,0.013307303174663844,8592320.306231802,ok
1284,8592335.032106617,0.2160267906146285,14426.061311790563,70646.06325042217,0.10210095685483477,8591598.574774826,ok
1285,8591590.172303041,0.16753314112538872,18276.242632535836,256945.91748345984,0.03556437637058841,8591265.18071723,ok
1286,8590774.367658682,0.22483348271265738,11078.963845535804,65756.48184187709,0.08424237075348025,8590307.708568761,ok
1287,8590133.023583986,0.12059104790214649,16586.4021575831,323313.40469286614,0.025650656478872984,8589920.297532003,ok
1288,8590042.985367429,0.22704164037147054,8701.122688493484,7029.442859333249,0.6189055706556235,8587350.398715995,ok
1289,8587709.044371255,0.05889371532647795,63518.235400696,1005095.5964376408,0.031598106501423154,8586705.516387768,ok
1290,8586710.674120665,0.18260895885043021,22459.164824008847,435529.2761434039,0.02578376019045602,8586421.133260716,ok
1291,8586522.705238992,0.16753229298788666,20812.051304934415,468551.22461772326,0.022208939184733042,8586291.598448122,ok
1292,8586422.90808615,0.21002611708422447,16328.33927326844,135095.73338818885,0.060432475784968034,8585929.52710228,ok
1293,8585766.584355865,0.20016665698595495,16430.51075224836,346994.65209003823,0.023675452421648514,8585572.084468076,ok
1294,8585545.66831367,0.20458764663145515,9978.406431069909,31177.55312699218,0.16002548998033836,8584747.268624494,ok
1295,8584190.140571468,0.2371896968240767,15181.197349553346,246779.55339260842,0.03075862068159504,8583956.664226085,ok
1296,8583677.53322374,0.26171265311137526,9308.844902739173,13576.828095130139,0.34282104912553746,8582081.899235887,ok
1297,8581716.89836507,0.0790378673970109,64601.38784581141,1965221.4682399486,0.01643615971274433,8581185.99900092,ok
1298,8581167.97036311,0.14329602845723632,29113.175575390756,561695.8947183902,0.025915424920442787,8580790.7302052,ok
1299,8580624.245688327,0.22905099356017858,11242.136544532077,16895.112879858356,0.3327038009297493,8578754.094908858,ok
1300,8578734.950539334,0.1096423599824832,42107.6407967011,908195.3225964935,0.02318204011242706,8578246.88003034,ok
1301,8578355.904628228,0.20789262645934928,17188.871692317764,109310.20821485104,0.07862427477282245,8577680.173342744,ok
1302,8577590.132158551,0.22148717174800164,10932.819837700466,21808.247288952625,0.25065792066744147,8576219.933214776,ok
1303,8576691.284981936,0.0875351045296602,53616.17408816914,1259897.3297550853,0.021277993381647903,8576120.862683237,ok
1304,8576160.500205383,0.14081024426720284,26804.819037247173,503618.32237649197,0.026612235741106126,8575803.832123773,ok
1305,8576173.355791906,0.10900333245183659,26017.505871290425,423584.81663928885,0.030711093562928733,8575773.842763362,ok
1306,8575490.154499002,0.23417287692303818,11471.96575443585,35089.59711585065,0.16346676361886386,8574552.511941891,ok
1307,8574488.161778167,0.11223152149091907,28148.928050109596,777635.7179526766,0.018099045221468733,8574233.427417308,ok
1308,8574194.452259634,0.1964156756075976,14878.628424124825,196020.38667743752,0.03795173725631008,8573912.11736129,ok
1309,8573811.763883865,0.2212553985511943,12874.77850005262,214173.33286111694,0.030056913080774187,8573618.27583471,ok
1310,8573665.750351889,0.2372693408702068,8743.965369769641,8560.390884335568,0.5107223191040254,8571432.881215982,ok
1311,8572003.816759188,0.08433770726195806,58789.61769143428,876434.6835940755,0.033539075296718256,8571017.942051979,ok
1312,8571051.731103074,0.13832777795350454,28030.436160222467,197605.58967548085,0.07092521068421102,8570057.698807957,ok
1313,8570088.2276208,0.19845129685416804,16749.561003684772,87733.90786480458,0.09545659945693609,8569288.799552895,ok
1314,8568975.448108042,0.24588783908830272,11523.274301168258,30884.913490469302,0.18655183063284597,8567900.60415016,ok
1315,8567775.954354215,0.13885344128227567,27035.714878305385,560779.0093168635,0.02410549827037934,8567450.099665098,ok
1316,8567595.061091144,0.14248143784523745,22622.727106190025,504504.6477625169,0.02242073210477053,8567341.45203918,ok
1317,8567432.641478688,0.24113571583604476,10663.640198197278,17413.246613753647,0.30619333759893824,8565800.073687067,ok
1318,8565042.110152286,0.18499981659755937,20705.111584704777,217449.41283500058,0.047609030796546006,8564549.235004745,ok
1319,8564467.760589285,0.15167479692326624,28829.122473545318,782956.8850625412,0.018410415071094557,8564202.382533848,ok
1320,8564427.524331218,0.12648132126762318,23246.94204980862,708756.3436421576,0.01639981233208243,8564236.901587762,ok
1321,8564214.978197906,0.2701683424203332,9602.79793492945,39586.931955046835,0.12128747367734838,8563632.628647026,ok
1322,8563676.770251602,0.211707057220681,16364.449174630587,209043.150726969,0.039141318712719204,8563356.507191252,ok
1323,8563519.08750141,0.17426519075120614,16206.228150406563,194697.23131089655,0.04161905138889244,8563181.843580306,ok
1324,8563274.14465603,0.23829227117998342,9149.50401664827,26420.22828283877,0.1731533868424468,8562482.010851825,ok
1325,8563028.802218758,0.09323050641556391,34741.6992926285,814109.1441624679,0.021337249152489107,8562658.156071864,ok
1326,8562347.219069352,0.2540425128688395,8141.472821216487,6533.140033877276,0.6230903347394423,8559810.78255663,ok
1327,8559681.662649658,0.051654461537633194,98151.3801162254,1784349.3789059615,0.027503408602749357,8558331.913893526,ok
1328,8558534.145163465,0.09774701936187911,44221.98072262331,1010869.8963042465,0.0218732306127126,8558050.506372217,ok
1329,8558049.668833405,0.18334967278424646,22723.681355623965,696839.4012623372,0.01630481952833006,8557864.416071642,ok
1330,8557686.518952684,0.24473437166818712,12577.63069890649,81966.24908897307,0.07672444962836882,8557204.013056183,ok
1331,8556994.3415518,0.07922679998546812,30269.894950640366,842215.8882073429,0.017970389406372907,8556722.360652024,ok
1332,8556747.6100583,0.26868536234235363,10332.869583167885,47693.26102968655,0.10832630606592633,8556187.949261798,ok
1333,8556003.25103196,0.18800974999635128,13228.035319789016,264326.3818218006,0.025022162427787636,8555837.754007773,ok
1334,8555765.083208954,0.25129183984745296,8600.361595610022,9759.081857115694,0.4406337461622577,8553870.278434841,ok
1335,8553934.005050495,0.08117722243910012,57322.76750382717,1286951.8454986445,0.022270750729455925,8553295.694517396,ok
1336,8553252.93543569,0.19682118842939866,15318.80278448016,104506.00184534634,0.07329149768426581,8552691.566436289,ok
1337,8552623.35883777,0.23624015985030794,10204.731213713461,29974.399293713195,0.17022411548133665,8551754.81316548,ok
1338,8552097.016569966,0.10615586609589732,30375.701638325783,705054.8528405998,0.021541374771015993,8551769.849383503,ok
1339,8551836.150438238,0.22723065445090443,12321.171140640137,43778.149124447824,0.14072284218337822,8550969.215327268,ok
1340,8551287.258239713,0.1175101144059943,30873.027002037757,926746.6701448119,0.016656670046202374,8551030.137327664,ok
1341,8550985.041675117,0.16825202526966307,15401.920595440695,86936.82475013456,0.08858110840663556,8550302.882076148,ok
1342,8549936.685687773,0.10472432452073488,34916.14803690248,1738710.0171356872,0.010040819829870934,8549761.392311977,ok
1343,8549795.48908171,0.20849515036948515,15020.688343599384,417768.74572330207,0.01797727630102317,8549660.473549418,ok
1344,8549440.241354208,0.2582249183334603,9383.403391563003,15333.09943224401,0.30598521300366127,8548004.650011476,ok
1345,8547894.715922281,0.06261664700426905,79318.20085214503,2756764.4930889476,0.014386103900240893,8547324.175982961,ok
1346,8547306.246790374,0.23265176657321632,13993.770104217625,110699.046456338,0.06320637147374643,8546863.99907461,ok
1347,8547178.565755002,0.10961480496375323,29082.346630066386,763753.4474821098,0.019039093522879066,8546901.714996325,ok
1348,8546910.165918577,0.22705017456552073,14695.761161780434,223919.32398767403,0.03281485693166299,8546669.046268566,ok
1349,8546671.580361687,0.27546836314820367,8847.077983643467,14314.788033564038,0.30901882594767127,8545304.623535901,ok
1350,8545869.258606538,0.0775787272814368,34611.149911640925,258574.10615228402,0.06692694490309312,8544711.049344955,ok
1351,8544507.902717603,0.22128144090781618,17118.58565623425,278937.8698812384,0.030685302184896446,8544245.258230682,ok
1352,8544343.814311929,0.12678893599505092,27749.392229212324,1358530.3274289542,0.010213019050420687,8544202.111776192,ok
1353,8544225.233538752,0.2551212117592036,11560.479507034084,144862.3413164762,0.03990160383290461,8543994.59270205,ok
1354,8544174.386766523,0.1356019869568441,18842.366720185375,648341.1015762676,0.014531214105025279,8544037.485533994,ok
1355,8544047.205638254,0.2671605795739347,8553.941275974837,9766.428424955846,0.4379257648639098,8542174.210000312,ok
1356,8542294.032881927,0.1328161739334568,36809.786960602956,785165.652920247,0.02344077763953201,8541862.607866375,ok
1357,8542043.672910132,0.15467991327702918,22835.30248622925,294794.4497040779,0.03873088945390916,8541601.457122011,ok
1358,8541352.681138258,0.22622708200900365,12938.537417159612,50870.80202794423,0.12717056642877622,8540529.980572209,ok
1359,8540381.443610001,0.1633729313257686,17415.9936887598,330285.9280155748,0.026365025287935582,8540151.857052993,ok
1360,8540276.062044717,0.2530866571095928,8594.738220151394,12788.71099222536,0.3360283231584634,8538832.024308665,ok
1361,8538460.746153433,0.1478982367928585,26176.509933084228,540141.76195498,0.024231147984504483,8538143.60271048,ok
1362,8538082.49640721,0.21709101755357196,14054.065681648448,59074.46239868767,0.118952125089171,8537246.615917724,ok
1363,8536853.84852404,0.22944526371219595,13814.314099234729,131118.92917639777,0.05267856512407132,8536489.989401579,ok
1364,8536426.599046018,0.14414781876624194,16671.687110463034,542802.07271042,0.015357059182930965,8536298.5850032,ok
1365,8536269.670595972,0.266266571805288,8882.220801144296,19015.265421301945,0.23355500447535021,8535232.42703649,ok
1366,8535243.60958394,0.0512285163621604,47567.15564871386,967495.1585739705,0.024582632392096397,8534658.946633317,ok
1367,8534597.990973383,0.21879490542473623,17025.19261333864,232518.357503118,0.036610426798474045,8534286.341189433,ok
1368,8534367.751109868,0.22898539925719014,14014.201217821268,223392.09293081597,0.031366824657848194,8534147.960613709,ok
1369,8534142.134141581,0.22121320995111735,12129.32131929548,241763.46285684386,0.02508510007254002,8533990.001522029,ok
1370,8534105.954954173,0.2731464735597998,10242.084728691796,87893.22322143844,0.05826435960192208,8533807.58070032,ok
1371,8533813.703649025,0.1232117723736902,19506.877509563896,658157.6753511704,0.014819304127354965,8533669.16447383,ok
1372,8533548.015616434,0.2728133954794335,8352.594413207727,19908.571797301774,0.2097738225084474,8532671.937787473,ok
1373,8532854.861796062,0.09954742467365031,30160.790318475007,657848.4420068653,0.022923813748395448,8532509.161626179,ok
1374,8532418.513544353,0.2570515700570645,8928.394346147066,31534.54158379942,0.14156531057254923,8531786.538085088,ok
1375,8531426.188169524,0.23544861064885517,10089.117392428525,68564.10287908404,0.07357434115502941,8531055.03808703,ok
1376,8531165.597490245,0.1517311951401515,14266.361105510834,181633.0336887656,0.03927248478918414,8530885.45976549,ok
1377,8531204.998125268,0.14989482262191023,18373.05735761317,349990.23646645853,0.02624795700461484,8530963.870515486,ok
1378,8531062.290239763,0.23512964984094664,10543.628808605448,88734.86359088193,0.05941085826883986,8530749.08722137,ok
1379,8530455.29470568,0.23999455692663008,11225.460187684019,101622.78585405806,0.05523101976265964,8530145.297898944,ok
1380,8530295.3731484,0.1641729359959853,19643.10349312116,884041.5110112795,0.011109830957287781,8530186.257368756,ok
1381,8530111.378654769,0.23116736512081063,10301.421924984275,69124.79906166674,0.07451321425031776,8529727.58262528,ok
1382,8529832.160223061,0.14169994426763255,16996.78906787876,292951.16762108554,0.02900959433939357,8529585.625245094,ok
1383,8529322.642082615,0.25768897023559645,8436.933106105935,8726.733427882795,0.4833958305148339,8527283.452939704,ok
1384,8526820.774776261,0.10012366316237004,53971.28714000595,1830896.2375645724,0.014739034914342732,8526423.032433497,ok
1385,8526297.32241746,0.1545415394038745,23799.580398116974,246325.64258882956,0.04830918159390248,8525722.453291804,ok
1386,8525660.693947393,0.24587270016034468,12016.355715183683,68732.33917531258,0.0874141332839996,8525135.494287355,ok
1387,8524879.231779683,0.2387756505411559,8313.582637125137,4231.557618479333,0.9823312579769072,8520795.885734571,ok
1388,8519756.388565253,0.09468157218386583,48375.90166463548,584364.5361642997,0.04139188697364254,8518755.203638278,ok
1389,8518458.861088073,0.18916984266105627,21654.989053759367,175992.9335037862,0.06152232542135988,8517792.728446292,ok
1390,8517893.41975042,0.19817220932986362,19642.144540305962,242501.58364565752,0.04049900261477673,8517495.676118871,ok
1391,8517423.951390853,0.14249026196352854,23049.59161839707,901090.0618837789,0.012789837882692112,8517276.551120821,ok
1392,8517285.40843631,0.2471667327710159,11191.202127927168,25396.912396795266,0.22032603713944654,8516052.551828472,ok
1393,8516737.3960909,0.09539252053429059,40939.327482908324,840127.4260059436,0.024364951205996396,8516238.653732637,ok
1394,8516274.136813484,0.20654349163397526,16468.135794213566,81041.17308253459,0.10160351317620957,8515437.526587408,ok
1395,8515438.616097158,0.22633723295941616,13657.738668489994,288589.8769855165,0.02366288591123284,8515277.025341198,ok
1396,8515326.076795535,0.26665321227772965,9443.19856382462,33311.74152857073,0.14173979099419648,8514656.838300157,ok
1397,8514303.518929005,0.10858642162401426,32740.96773239536,1392225.4224361477,0.011758500888133643,8514111.026579926,ok
1398,8514122.779314872,0.28208332379854256,8880.319542583218,16742.30713353991,0.26520596808289487,8512945.222444285,ok
1399,8512848.682750903,0.12084551578341816,40645.880888665575,1775477.8365063458,0.01144646248264229,8512616.05697557,ok
1400,8512648.547710303,0.1917649546173167,19341.250497808047,199319.75489943734,0.04851814740482266,8512179.34688898,ok
1401,8512212.733085107,0.24344999951524848,12416.33708846007,95055.87118403066,0.06531073217151266,8511807.27305204,ok
1402,8511684.865414675,0.21625526416567317,12087.04992652973,285805.6606345956,0.021145574758197495,8511557.07160576,ok
1403,8511690.398236308,0.17499789905741386,17135.512427922975,662181.8926389,0.012938674870461376,8511579.542824285,ok
1404,8511619.084438205,0.20287627130420213,14112.62483077664,371499.08047328447,0.018994158495355302,8511485.055721795,ok
1405,8511470.440932453,0.2980922110785745,8045.71367780493,17119.6481058302,0.23498478555365027,8510525.130780851,ok
1406,8510706.612718524,0.07510313183517156,50161.505600201366,1862843.3594005923,0.013463693913679851,8510368.9331397,ok
1407,8510605.59708806,0.08898438408798319,41694.288917907616,1574166.860045944,0.013243287600620279,8510329.512358338,ok
1408,8510205.11831166,0.21956389216046446,14771.043968049635,108737.71911170433,0.067920515938336,8509703.489848033,ok
1409,8509817.397684775,0.15779033530422718,20847.478092197238,608173.9461192468,0.017139404133656853,8509638.74100868,ok
1410,8509911.73033708,0.11023012003412805,23400.73439857061,742352.007595368,0.015761211769582492,8509727.31837187,ok
1411,8509792.108209495,0.20222857092405336,10701.64156684059,99547.23696326785,0.0537515750979076,8509504.493164318,ok
1412,8509748.839019917,0.08552301093587811,31768.373526218194,1171698.9364601502,0.013556542784870338,8509533.50436246,ok
1413,8509401.15278637,0.23308490250261782,10423.016919394404,208688.98721624204,0.02497260890100096,8509271.007823821,ok
1414,8509193.739057329,0.2736581081090314,9682.056027862354,60286.670557822144,0.0803001388057755,8508805.003835848,ok
1415,8508784.902475342,0.10555022277657392,19474.181644940334,535712.3595337423,0.01817596822097749,8508607.921421988,ok
1416,8508761.977878414,0.14744044610510598,15466.678375885851,377647.27762936504,0.020477677573867405,8508603.617051955,ok
1417,8508626.558070498,0.18439541641221407,11661.904774313629,226077.73095347104,0.025791803387998795,8508476.167292964,ok
1418,8508481.261306727,0.1825578140698236,11968.587443288125,215326.4117116582,0.027791731047176787,8508314.947425108,ok
1419,8508573.35946116,0.09301134218820949,28434.7974939267,990862.8899697716,0.014348502593933134,8508369.361078361,ok
1420,8508407.750286989,0.25344975748541204,9614.493242930694,88397.3938673347,0.05438222113968632,8508146.321538148,ok
1421,8508353.779956363,0.10216839284264378,25154.95524029537,985846.8676525638,0.01275804390401562,8508193.315944685,ok
1422,8508399.101041202,0.21690654362958933,9749.916721692509,107198.94590649202,0.04547580500556978,8508177.408385374,ok
1423,8508227.930671582,0.20436575902419554,11720.761170550202,260483.91681216547,0.022498051538057194,8508096.083527142,ok
1424,8508251.42652367,0.09194401449369108,21881.608851686084,551856.7339783793,0.01982544336637864,8508034.520225143,ok
1425,8508081.45370513,0.2768219534432035,7292.70682669573,5280.935459631135,0.6904749056718367,8505563.738176001,ok
1426,8505744.690201145,0.06060954738992537,83452.77566528675,1126143.5808428426,0.037052458090125584,8504198.624964723,ok
1427,8504242.55767836,0.14656485148542017,32317.84561777522,945063.6391337351,0.017098237769150884,8503966.26857408,ok
1428,8503976.17277592,0.20849420599801635,17841.91469716896,136676.1671880919,0.06527076030971499,8503393.895107087,ok
1429,8502981.88605767,0.1437721438963716,28534.82597715797,1524303.8602468402,0.009359953327329744,8502848.343737993,ok
1430,8502856.57261378,0.24976033160510028,13023.778139091088,61728.357369857025,0.10549266734133779,8502169.616066402,ok
1431,8502269.590713536,0.16222915532634458,25566.88398253284,531017.1529151489,0.024073501055641197,8501961.848509265,ok
1432,8501989.848071117,0.2106961833254244,17124.598630820517,258386.48012774446,0.033137567070758184,8501706.114303272,ok
1433,8501788.293862682,0.21111387604158016,14506.664817397748,162098.987052176,0.044746315449609754,8501463.733962663,ok
1434,8501781.32917413,0.16745962274708825,19524.589402897203,325466.18135657476,0.029994805176864786,8501488.51104648,ok
1435,8501323.050325498,0.24925353279570195,11274.436409675516,93431.13661529642,0.06033554133082055,8500982.92571351,ok
1436,8501048.311779909,0.29114107005657197,8608.808374160064,17243.144421162957,0.24962988663466307,8499973.803850658,ok
1437,8500071.153401658,0.14761872905412862,23570.834065482173,247858.06897182326,0.047549055318755286,8499510.767955214,ok
1438,8499249.74668566,0.1675534475584552,17836.31601515786,740163.3873817811,0.012048904552176783,8499142.292651046,ok
1439,8499227.956334058,0.18099344850088483,13036.142252165693,280337.0048085383,0.02325084100307946,8499076.405698659,ok
1440,8499120.890595127,0.24645219694204157,11565.871992733857,190419.50629532177,0.030369451685260482,8498945.265999787,ok
1441,8498726.828893311,0.2746775216544055,7251.961666926949,11337.199491932184,0.3198303810428499,8497567.130061692,ok
1442,8497266.041227115,0.05447990624796097,87443.31486818471,3683688.5146256117,0.011868988721630815,8496747.109368138,ok
1443,8496608.15456323,0.24605266151045532,14674.26662332148,282166.779110449,0.02600282476481313,8496417.36837145,ok
1444,8496360.839938564,0.25137896905287105,9012.36143069057,22803.99233852575,0.19760490393308927,8495470.396531202,ok
1445,8495004.891901826,0.18165786459519362,18591.796954326288,320503.01068077603,0.029004090967563314,8494735.27281677,ok
1446,8494690.412508484,0.24915125470178734,11689.594385201151,71894.22477066831,0.08129717249535125,8494215.247022916,ok
1447,8494006.65192293,0.19788296622846163,14681.76920527397,523317.2878499754,0.014027598118909211,8493903.676943887,ok
1448,8493878.240808956,0.2827860303084695,7262.795719237865,8128.110191305427,0.4467702546040049,8492255.840262646,ok
1449,8491993.810431581,0.09890575551664968,51031.084383858084,2090262.9961946658,0.012206857337272971,8491682.34584816,ok
1450,8491724.46243291,0.23933587855925834,15955.170180268877,241706.42498248912,0.03300526699160931,8491461.160107061,ok
1451,8491406.545224665,0.1697429603851854,15346.58873898965,411285.6856002243,0.018656847632069987,8491263.385740777,ok
1452,8491443.273729313,0.19628388059589288,14570.664029138952,321421.19429031713,0.022665997588165107,8491278.144411441,ok
1453,8491298.994359363,0.22259680516832112,10664.339697718799,202121.5112905575,0.026381011178934825,8491158.326326972,ok
1454,8491244.088804316,0.19922448226322767,14436.200996055888,393827.41834702395,0.018328080173604523,8491111.794879688,ok
1455,8491081.659753293,0.2912840901449946,7800.546252100758,8384.089977412768,0.46519934024538667,8489267.255268278,ok
1456,8488395.168981167,0.18650290906405906,25390.40745793689,580654.7813849037,0.02186359974284456,8488117.606128182,ok
1457,8488168.703843027,0.22521951462170145,15269.264617140589,205905.70029587267,0.03707829505254027,8487885.624693671,ok
1458,8488340.288051888,0.04892286177980026,51941.43703640813,1124943.0932218092,0.02308625091765715,8487740.721527664,ok
1459,8487758.549202986,0.2651526634378117,10744.396172003906,30371.07317386117,0.17688535585319815,8486808.28603283,ok
1460,8486444.389647337,0.1687141217475953,20657.25405476661,388446.6306746638,0.026589565236913724,8486169.755945183,ok
1461,8485897.453137774,0.1474326605100293,21328.303003043467,713092.4015180935,0.014954796150988223,8485737.972925944,ok
1462,8485688.830105023,0.25058144809327043,11989.261177148017,82373.72887217264,0.07277357320895916,8485252.579417024,ok
1463,8485488.560439635,0.10194671694430572,23611.411187886413,758684.7914886146,0.01556075161435521,8485304.854787257,ok
1464,8485307.754390167,0.2986228461078804,8285.97872615382,13978.113117097706,0.2963911744289221,8484079.808907198,ok
1465,8483769.793651555,0.21834080125869315,19054.41188485563,229677.45168627758,0.04148080655057631,8483374.59746489,ok
1466,8483704.507868962,0.0893510905815077,25446.158499413476,750465.5360085918,0.01695358232887736,8483488.806097426,ok
1467,8483473.175780524,0.253899075102148,8517.709307096065,12288.105492174247,0.3465835035563708,8481997.127013559,ok
1468,8481811.48855688,0.2386335433493974,10948.251938317913,30200.00307510591,0.18126243085290678,8480819.235176915,ok
1469,8480588.708951721,0.18674518542460378,12859.599672704295,57086.71984036977,0.11263214727228404,8479864.506789623,ok
1470,8479586.065833716,0.2673119273449918,8318.090417577687,16629.30895810583,0.2501033097206092,8478545.874861721,ok
1471,8478003.987637367,0.20848733477655498,17882.086729847208,294321.0372482875,0.03037853987100824,8477732.371795017,ok
1472,8477793.57228947,0.24079817258416591,10847.976392355247,67792.10650442561,0.08000914082561418,8477359.603654047,ok
1473,8477457.884272655,0.23765204236830326,12351.806665802305,120837.76503778568,0.051109049649916666,8477142.239722582,ok
1474,8477107.937347688,0.3094280723280048,9112.22215560223,38977.80203131581,0.11688989220430165,8476575.374014933,ok
1475,8476552.942609377,0.25807843870892866,9975.412557893167,86776.125194276,0.05747786349966669,8476266.259908698,ok
1476,8476318.478643939,0.26023400008967257,8861.702126780358,35889.858963994,0.12345690931344613,8475771.459466023,ok
1477,8475573.85880789,0.24327850363974687,9253.38723388121,88373.94138914494,0.0523535959154234,8475331.634759845,ok
1478,8475174.159682155,0.29852861954188936,6851.196590191961,9945.762767498145,0.344427911179475,8473994.288016835,ok
1479,8474071.167841623,0.11910976151987539,29122.525885862487,837926.8733439887,0.017377725200315306,8473818.126215631,ok
1480,8473876.92611368,0.2533881952458259,11198.23506348858,61591.99411823687,0.09090657985509903,8473367.929488663,ok
1481,8473545.911280014,0.1064316627491555,30478.825283667527,1305883.3341314173,0.01166981172324246,8473368.07020371,ok
1482,8473473.566153876,0.21386146147006818,11256.760470483001,104070.10015622653,0.054082586898565155,8473169.168790706,ok
1483,8473152.185449826,0.25541602600400026,11719.900637751587,224793.10423123508,0.026068194302116637,8472999.427126313,ok
1484,8472988.11682671,0.27852421951332795,6986.222881827248,10519.515304593951,0.33206011301567817,8471828.193846863,ok
1485,8471277.920113686,0.11107957641495507,43442.94790671187,1743357.8742520234,0.012459561099969445,8471007.280081784,ok
1486,8471084.97499508,0.22102053959801943,14092.605732301323,132755.9541422314,0.05307711365323343,8470710.977577018,ok
1487,8470833.723081978,0.2637380354697687,8515.019874809837,23798.928120494125,0.17889502904706964,8470072.075718056,ok
1488,8470116.657675283,0.21352440842449297,14298.712033899696,371278.98021441395,0.01925602147695269,8469978.989522275,ok
1489,8470053.923775205,0.2853724866921292,8247.384192159352,43579.41900088817,0.09462476073844933,8469663.720397254,ok
1490,8469754.511359658,0.15623566204611206,10742.802845656042,95710.3052797961,0.05612145324503414,8469453.060505847,ok
1491,8469589.439668804,0.27335670485213964,7197.155198072025,36707.65267883232,0.09803344361245832,8469236.658714663,ok
1492,8469481.544895727,0.1234701769052072,29866.32717681548,1143752.3737728046,0.013056290794089376,8469286.57316944,ok
1493,8469328.213225253,0.16646051575145873,18411.42026039355,594286.1694432903,0.015490365759008678,8469185.613408264,ok
1494,8469203.62304714,0.2502370815188409,8372.607836527915,73127.417285296,0.057246708193340136,8468963.97092832,ok
1495,8469084.799575772,0.21289640345604724,13240.87574279343,412782.7324722545,0.016038553337115943,8468978.617329856,ok
1496,8469068.625730319,0.18876957661459565,12483.959410641055,322205.66551392095,0.019372656577482935,8468947.702001125,ok
1497,8469052.18131093,0.24191649104734025,9597.117500685003,106290.41146094775,0.045145735013976715,8468835.546849137,ok
1498,8468930.971516069,0.17941361203083275,11922.97654168988,356472.56534776546,0.016723554209646024,8468831.274243802,ok
1499,8468729.429829068,0.270003075371364,9015.276709681912,114085.7559857892,0.03951096537767991,8468551.328686094,ok
1500,8468831.758619446,0.09065632299222472,21520.557997237083,570649.2316676732,0.018856205180847355,8468628.860590845,ok
1501,8468606.856737938,0.21315895720036054,10062.365141780992,212920.51195583044,0.02362939354539123,8468487.972944971,ok
1502,8468394.056527529,0.28008537467953776,7157.873976822884,39102.681901352946,0.09152663741684715,8468066.488459453,ok
1503,8467967.958204497,0.19675143926254038,13648.47015765406,450643.7753454821,0.0151433026531772,8467864.616747322,ok
1504,8467750.209471852,0.26757692489407076,6882.456749935924,6622.526682166364,0.5196246901103109,8465962.06224391,ok
1505,8465512.238960303,0.045793472655239684,62494.681010455184,1322382.5908334507,0.02362957643410407,8464773.877539473,ok
1506,8464696.470756654,0.21191797958452196,18693.70524390388,398534.99775644596,0.023453028402951003,8464477.258756634,ok
1507,8464620.437265359,0.1984795870660028,16057.686208631076,465641.2968569663,0.01724254948714698,8464481.99954081,ok
1508,8464516.175424695,0.2675486166992248,11499.985133141134,102508.99896632414,0.05609256381929485,8464193.643599695,ok
1509,8464217.328269526,0.09553408842191044,24059.23402755613,852012.0710220997,0.014119068758435509,8464047.48127977,ok
1510,8464100.75763138,0.27021658958234546,7316.519781848037,7526.97228366473,0.48602010915641186,8462322.769759871,ok
1511,8463075.976851758,0.0726759253046669,78651.04339823726,2957355.9656550274,0.013297527303382427,8462553.044653242,ok
1512,8462409.818735419,0.18319079080356995,21772.878274813564,479693.94122213416,0.022694552092259065,8462162.755875316,ok
1513,8462149.903927725,0.2225337315346668,14736.24876112572,362343.0559849548,0.020334664232861135,8462000.07559242,ok
1514,8461965.506942984,0.22691831884531133,11707.806917853513,174898.09733290737,0.033470366734660494,8461769.574647384,ok
1515,8461963.956168775,0.09885174227980009,32745.243434710428,1412746.778819263,0.011589211855106139,8461774.21038707,ok
1516,8461696.75693303,0.263690047462526,8002.499707842491,10697.858188044083,0.3740234525068802,8460200.195648324,ok
1517,8460473.687491357,0.06748851159267066,81103.19173243467,3743338.651570794,0.010833002204916972,8460034.391963927,ok
1518,8459846.428633645,0.15247184707941885,25428.054056936926,270444.1029748861,0.047011662996582736,8459248.721079653,ok
1519,8459279.603179552,0.2469590645590116,11091.671211624758,49612.49940232089,0.11178303195006827,8458659.672860838,ok
1520,8458419.797317192,0.25781638745535473,8389.034468338265,22128.256639984433,0.18955479875400086,8457624.706446998,ok
1521,8458020.190047503,0.0856075547091697,27756.13212929671,446323.44417013304,0.03109419020202355,8457588.662821652,ok
1522,8457761.505789183,0.23986819472816073,10380.33789392818,64955.00822461279,0.07990406111591296,8457346.790212443,ok
1523,8458297.242805803,0.07865125629170443,28224.24873424387,282947.68360860465,0.049875383983149786,8457593.395184176,ok
1524,8457327.643163528,0.2402764521174659,9320.391030294933,71274.10055267866,0.06538413643961902,8457022.94030413,ok
1525,8456905.24670187,0.29706314830480757,7904.955475850007,27738.670295202344,0.1424898055985265,8456342.05891736,ok
1526,8456563.385343121,0.11318583221633874,39965.94756285967,1471398.4437919524,0.013580939864209423,8456291.997777887,ok
1527,8456328.062823044,0.1813514351255613,20165.227106571918,405462.7068866635,0.02486693198174768,8456077.339157617,ok
1528,8455871.156354304,0.2826004468595561,8535.779164334068,30051.40522076355,0.14201963438362616,8455265.032236256,ok
1529,8455379.436147943,0.09322668264889442,24192.133681313368,759598.6403000022,0.015924287115468456,8455186.814906605,ok
1530,8455196.536498094,0.1728871507679225,14989.98906789383,483038.45720456296,0.015516351590972486,8455080.241527732,ok
1531,8455097.82627882,0.2994561387745254,9317.30872797225,43182.26170663405,0.10788351929399798,8454595.234250858,ok
1532,8454609.071212169,0.12785260882697155,27045.95679217657,1329195.6073332366,0.010173806113623425,8454471.491051888,ok
1533,8454662.06371073,0.14745029222717917,20274.672200052846,785101.844267144,0.012912128756351546,8454531.16912176,ok
1534,8454635.910383292,0.21117185970374697,14579.666545717577,405786.29633868794,0.017964710338010916,8454504.950640133,ok
1535,8454423.491868353,0.26821072389066347,7223.094871521513,6211.049392092992,0.5814713758931711,8452323.480411777,ok
1536,8452433.20271795,0.08260469404040292,47213.12701092593,656098.8971640461,0.035980190802790746,8451583.834058827,ok
1537,8451394.109464776,0.21875650318627182,15498.640976318944,98147.63447914213,0.07895575404628138,8450782.256022286,ok
1538,8450736.241441648,0.13457330907068085,24521.530554047407,733239.0280041759,0.016721375716178977,8450531.224578883,ok
1539,8450499.199552163,0.23185786792144192,13163.151964938548,151887.7273673904,0.04333184844190583,8450214.007699182,ok
1540,8450372.736066028,0.15645509343064765,20326.23395592335,802359.3030604013,0.01266654096138348,8450244.004528532,ok
1541,8450447.89472843,0.11717863988019002,21596.927000935044,674659.4461113734,0.016005799018613164,8450275.056691932,ok
1542,8450210.796676155,0.2695956226992045,9011.977456403383,34357.14367981138,0.131151435934107,8449619.829784147,ok
1543,8449488.181161977,0.20768965826106045,17266.25942486937,655762.1094706026,0.013165032849190112,8449374.52572572,ok
1544,8449391.727794338,0.2966204498922632,7518.566901880235,29785.832609087334,0.12621045381800744,8448917.266923964,ok
1545,8448999.573705537,0.12025377843545723,30293.63086850564,845536.1560437055,0.017913858947351608,8448728.235790348,ok
1546,8448612.823879205,0.25942072291136764,10795.81921149934,155353.58675141574,0.0347459606091166,8448425.268324671,ok
1547,8448390.161252476,0.28712852291672153,8061.204229922276,35787.78207845034,0.11262508825290321,8447936.214333568,ok
1548,8448007.61824466,0.15026842044595834,23255.972649712756,650973.9810348655,0.017862444066306847,8447799.913989328,ok
1549,8447826.888711672,0.2875067669600443,7989.01899943144,27151.81672065016,0.14711757746499954,8447239.226150913,ok
1550,8447073.952778928,0.11607217535198791,35142.52054185647,909005.1749293624,0.019330209283235023,8446734.29664052,ok
1551,8446809.32608092,0.2154820226679611,12418.782306090654,249807.02852398079,0.024856751188044503,8446654.980789999,ok
1552,8446637.575310178,0.27491570309138397,7696.373156015982,33316.39568591181,0.1155042884676519,8446193.093257595,ok
1553,8445948.144199435,0.11048262396531132,26264.803295851136,718188.4455145034,0.01828545381082766,8445708.012275675,ok
1554,8445686.829656804,0.26405045466459176,10157.762433202184,143866.3868006977,0.03530276480521481,8445507.53110774,ok
1555,8445601.08923806,0.2697499180061546,8922.777562306022,73791.01070954099,0.06045978687992364,8445331.354623165,ok
1556,8445532.317525925,0.2916164401842438,8451.075137080747,70349.12266937197,0.060065248978293996,8445278.509559805,ok
1557,8445473.367534038,0.1863185556927648,13507.272518713562,233240.81362322494,0.02895563668486658,8445277.811696209,ok
1558,8445254.636103608,0.26982302105743483,7894.417036049534,16445.12820078479,0.24002297031873543,8444307.215390645,ok
1559,8445270.713542692,0.049515700105550065,86475.9492566358,2955642.5037681917,0.014628959548792918,8444638.186960882,ok
1560,8444487.794113833,0.14236015651283643,23988.37070783128,604926.6454577867,0.01982750378740363,8444249.9793583,ok
1561,8444028.816095445,0.2504392314015393,9256.98832113487,54053.04567169625,0.08562873938093463,8443632.483975243,ok
1562,8443476.416170446,0.2615944941809653,8982.833587004543,36839.64989446159,0.12191800970881386,8442928.83157421,ok
1563,8442666.998714749,0.28452575273151837,7594.233136987637,13629.989317897001,0.27858543979252975,8441609.177325571,ok
1564,8441685.767998734,0.08297621211312477,39887.486383833006,1552502.1361698378,0.012846193719977422,8441429.56681019,ok
1565,8441423.165464086,0.20703547500766645,12977.53451170782,236010.19081428435,0.027493589295726217,8441244.765962118,ok
1566,8441258.087342778,0.29735917388387695,7758.701119657936,29034.460064026207,0.13361194082046995,8440739.759785358,ok
1567,8441317.632487144,0.09333249579348168,31960.21190010653,559846.8523219557,0.02854370955874099,8440861.500984188,ok
1568,8440771.502597637,0.23284942807037695,11944.581534180623,156862.36533950423,0.038073445814515265,8440544.11690873,ok
1569,8440381.357360363,0.3007370635828572,8607.545645568916,33899.56056310432,0.12695659622999975,8439834.965011835,ok
1570,8440197.471497225,0.10257888585537193,29378.041525857192,907377.4804515352,0.01618843433894673,8439959.6792491,ok
1571,8439953.621326644,0.20046373497001024,13845.960285577241,294893.34769467224,0.02347621673024839,8439791.095944392,ok
1572,8439635.016813153,0.288156338034478,6712.652467081581,8606.169414784626,0.38999072314041633,8438326.08071824,ok
1573,8438533.147541387,0.13787846272017815,30197.70296263409,817444.9298726063,0.018470787363829032,8438254.259866238,ok
1574,8438176.18871224,0.20210152651463553,12760.072862910281,104718.64681219972,0.06092550491888009,8437787.481771253,ok
1575,8437781.755085949,0.27756824802258784,8634.604353088223,34485.71991558127,0.1251910120221523,8437241.267657263,ok
1576,8437385.271092545,0.1850583715249687,17488.01778989861,375333.7119768832,0.0232966254187363,8437181.56519266,ok
1577,8437134.745370902,0.27727759939751917,9763.353609377002,79937.16815375074,0.06106892347373513,8436836.626623692,ok
1578,8436472.520215005,0.28262768495173773,8313.794024247014,72971.17160034573,0.05696629122100888,8436235.717209237,ok
1579,8436012.826967599,0.28192398183621,6801.527089251371,8740.090013175715,0.389099373061264,8434689.592004456,ok
1580,8435669.039283186,0.06363203636051484,80866.99642765822,1722874.0439206802,0.023468632751478515,8434720.12036275,ok
1581,8434634.472498719,0.17205368083646935,23098.337899025057,440681.33404303156,0.02620752924466907,8434331.797315722,ok
1582,8434045.298339255,0.23152555238445172,14891.578481092985,299295.5399217232,0.024877715326108236,8433860.06411415,ok
1583,8433813.16547666,0.2503578481402073,9094.02835904818,38987.126810621136,0.11662860414441624,8433282.853559878,ok
1584,8433401.40542299,0.1540075559609364,21726.30614233894,944165.6355427365,0.0115055586247057,8433276.418778481,ok
1585,8433240.597728353,0.28527750311026606,9709.87568197542,74663.45782556398,0.06502428339617336,8432924.908874309,ok
1586,8433341.747821426,0.08203813968820851,19354.553189404935,197958.5914956509,0.04888535790029135,8432868.670691593,ok
1587,8432846.388324276,0.29478650942975887,7960.918543082645,17387.9874987892,0.22892006747868313,8431935.181319239,ok
1588,8432228.028227828,0.15797679770544773,21190.04747381134,210413.54674610466,0.0503533346628587,8431694.533451842,ok
1589,8431868.016711105,0.13776029075933818,24742.8178518605,631349.7574755823,0.01959517490811536,8431625.596789341,ok
1590,8431551.972572714,0.27658723075158953,8068.690845568939,28570.209870959872,0.14120811296122718,8430982.29026853,ok
1591,8430581.515496965,0.17747897681292926,14104.760568522692,325873.50724654866,0.021641465560824715,8430428.891651923,ok
1592,8430448.620567536,0.2667577831992144,6974.848610975729,17449.643717988372,0.1998564762610466,8429751.636234615,ok
1593,8430017.753542503,0.10620311255396223,29348.45737411086,683568.0631895713,0.021467106901666182,8429702.740306579,ok
1594,8429671.86144808,0.2930513980088203,7042.940007157677,12818.51258081138,0.2747175213487943,8428704.451937193,ok
1595,8428510.19038282,0.24433562874345777,12994.715518458288,108287.91567985502,0.060000764798521816,8428120.343948096,ok
1596,8427923.0199051,0.28624285576991443,8606.259691669497,27394.809204845995,0.15707829222893613,8427247.091617675,ok
1597,8427767.339184772,0.08379819119626453,31740.23467717981,958974.5904044822,0.016549048845909575,8427504.703837747,ok
1598,8427463.989560707,0.25258937469750564,13019.974428779122,121525.25078655564,0.05356900868136091,8427115.255999103,ok
1599,8426867.327474825,0.284392394278274,7352.109114979458,49887.929320329655,0.07368625251783527,8426596.452790434,ok
1600,8426708.308795152,0.22205582183221048,12103.573725228991,497938.3407357975,0.012153687249051444,8426634.757270325,ok
1601,8426602.415232956,0.21842255160711316,12162.888352422666,455600.47123546764,0.013348195535707128,8426521.238926953,ok
1602,8426545.114287047,0.30418561715463643,6303.295881911632,7629.704669118928,0.4130760072158554,8425243.244139448,ok
1603,8424980.668668965,0.15832188625430973,25758.17901944575,558661.2114824827,0.023053487954795497,8424683.760734085,ok
1604,8424597.383448197,0.2564746493064408,12912.120549238645,335353.3197618055,0.019251517412157804,8424473.094491405,ok
1605,8424303.093584284,0.2173717518906828,13467.961000111882,393945.1567910674,0.017093700440204605,8424187.984938845,ok
1606,8424026.505932318,0.2882350872158972,6294.981035941464,8822.942912975885,0.3567393044492812,8422903.672354177,ok
1607,8423244.468137497,0.08183589086048666,27028.523744735743,359700.7551653412,0.037570846539245834,8422736.725878598,ok
1608,8422735.748003352,0.19693530713718788,15776.679550936567,188018.0668835605,0.04195522220932911,8422404.79095521,ok
1609,8422273.587774824,0.2877285158861476,8319.570124902977,31767.964267851286,0.13094276445850608,8421728.894019194,ok
1610,8421533.46653236,0.17479414403527066,16100.252423329432,875545.8219829533,0.009194408801395033,8421459.450381067,ok
1611,8421483.11774508,0.3059819123272683,6689.756773691699,17083.67406184295,0.19579385410523403,8420828.211114205,ok
1612,8420654.488368198,0.14431428084667283,25188.38194180639,596626.7423218802,0.021108995084415154,8420388.6376529,ok
1613,8420349.483672146,0.2847399574312243,10443.070573473557,111100.6770571113,0.046998231019354166,8420104.080750464,ok
1614,8420283.929927455,0.26293054847136144,8552.812314366136,81508.96870471015,0.05246546760609361,8420059.566278746,ok
1615,8419881.347856767,0.248635593489337,9415.003153991565,115058.12859290894,0.04091411562629837,8419688.744592935,ok
1616,8419691.403004872,0.28124301104149685,6791.38195692894,16476.369125314297,0.2060946166377961,8418991.569374446,ok
1617,8418739.94955298,0.1574071309635754,14558.857267906453,377059.9668416263,0.019305758431286214,8418599.414662253,ok
1618,8418565.297015162,0.27804494075054087,6674.013658312044,7013.5874423392315,0.4757917195145192,8416977.576797888,ok
1619,8417327.301675536,0.0590838862035413,34097.607476202335,479512.1941189275,0.0355544737906556,8416721.140429867,ok
1620,8416879.53533255,0.11465705287159794,17606.402927370174,295817.3874790206,0.029758904771307305,8416617.56169851,ok
1621,8416625.23252733,0.24946565808488538,9075.0193610965,34741.20134752363,0.13060888813713076,8416032.593433043,ok
1622,8415744.550871598,0.21555147739904376,14456.185115983597,350095.2834910043,0.02064607236611779,8415595.319149576,ok
1623,8415678.445879344,0.2690566158947712,7398.276417821247,46109.27970435071,0.08022546074519542,8415381.680812173,ok
1624,8415259.603631359,0.23543917222389454,12320.309419754576,279454.6950285206,0.02204348260904543,8415123.812368143,ok
1625,8415191.506735906,0.3598652543251847,6205.834495593104,41020.50204240898,0.0756430831731071,8414956.792508451,ok
1626,8415311.061173782,0.08353485995607032,42671.57833680282,1265071.603331275,0.01686528186406091,8414951.227075664,ok
1627,8414977.901380053,0.18196553529385442,14374.404169231078,410929.6065876961,0.017490105286638004,8414852.196458876,ok
1628,8414767.860042963,0.30663167472590036,6264.1260445888975,9590.613950416351,0.3265758624512749,8413745.003860205,ok
1629,8413850.052097728,0.06059169976795741,56792.31469170375,1427559.3795784889,0.019891401893374357,8413285.212719735,ok
1630,8413300.960041258,0.1768363250243309,20777.79311178931,519542.83409058116,0.019996227210177193,8413093.221305264,ok
1631,8413064.832518347,0.2500148592715597,10900.758989794747,79885.788064585,0.06822714811914884,8412692.968669241,ok
1632,8412729.257586803,0.17417582285823602,15683.531236645707,337585.5461951927,0.02322897323864905,8412547.101423113,ok
1633,8412592.29841303,0.1485246967339933,17152.38079402743,379692.79388438497,0.022587182414700063,8412398.586436111,ok
1634,8412506.34875878,0.19772725447463324,14438.443569525643,428966.9081176609,0.01682932097592635,8412384.854158169,ok
1635,8412387.282918882,0.2724175588921349,8195.721741947142,46790.54075463182,0.08757883120997959,8412028.39705334,ok
1636,8412195.973633438,0.17549046825072376,16337.000139337153,414947.8629510762,0.019685605829066942,8412035.171760853,ok
1637,8412053.761438986,0.28062906206648053,7397.984735686392,27050.687648608837,0.1367430069022082,8411547.950100098,ok
1638,8411570.751868866,0.2255798778260453,10308.31718842683,79959.1003302837,0.06445993730448878,8411238.515129026,ok
1639,8411270.638149595,0.2672798414947461,7434.968004037811,13713.423727533214,0.2710835802845575,8410262.889276676,ok
1640,8410181.686588552,0.11355857804137222,36449.8582369605,943074.8528133132,0.019325008045875624,8409829.489686701,ok
1641,8409868.14893093,0.15968038966331988,23503.561965735073,507778.92082345963,0.02314349907201701,8409596.171598658,ok
1642,8409712.490060274,0.258000677553495,12247.430609345844,74612.70100535116,0.08207336314274072,8409209.89615029,ok
1643,8408924.062704777,0.26309955926049144,10876.455000460506,180535.79014729074,0.030122711379242068,8408760.248547373,ok
1644,8408582.470644329,0.3120552591453766,6507.62263144061,7932.132244329709,0.41020638782797586,8407247.736457832,ok
1645,8407004.094775334,0.10062549974243548,43496.29228709328,1240602.8821811532,0.017530304383390084,8406622.843153663,ok
1646,8406838.880225506,0.10825565666269908,39274.8603941577,1818864.8303431917,0.010796530819375715,8406626.86410517,ok
1647,8406471.714513004,0.19416796252790264,16694.249211894494,193233.67923645806,0.04319704845930588,8406111.143366905,ok
1648,8406324.771937516,0.17630790756884626,17278.397322989695,221524.01407872004,0.03899892613188587,8405987.852467077,ok
1649,8405961.866206698,0.20303791653155695,16227.659303658962,226660.0468736862,0.03579735274806142,8405671.412584515,ok
1650,8405657.82817829,0.2600051601008621,9929.672313095027,31528.26148661101,0.15747256342237304,8404876.002701746,ok
1651,8404810.079339573,0.2509645979588054,12290.961043550804,100965.63709310332,0.060867050401598295,8404436.022066914,ok
1652,8404359.803352632,0.31965752501312494,8650.814337752814,75758.92128447435,0.05709436057879608,8404112.846996082,ok
1653,8404040.324144103,0.29267530254671875,6942.997812523137,12679.080960054082,0.2737973609600456,8403089.836904991,ok
1654,8402430.78516651,0.19264929185103716,14684.272377553578,226389.33408687048,0.032431458038387324,8402192.668984791,ok
1655,8402195.712620113,0.2711508928713479,9680.728197937317,94285.6967555229,0.051337204533996594,8401947.221858345,ok
1656,8401918.045434382,0.2020051419154762,14238.857159296564,298701.40660320036,0.02383460011323563,8401748.356701152,ok
1657,8401800.786545515,0.2987676327579846,8472.273214452018,47273.73030005106,0.08960868076918892,8401421.191932583,ok
1658,8401505.543364575,0.29533950609412196,8948.259129254364,50247.19460469804,0.08904237539679195,8401107.156240309,ok
1659,8401200.262498306,0.16778364044368047,16778.626112842096,507860.04882564605,0.016518946658277488,8401061.679883428,ok
1660,8401045.81936909,0.30167206172185185,6067.246858929668,7083.462229099969,0.4282684556433767,8399746.61414795,ok
1661,8399521.769606616,0.13712934284732703,34477.46616753943,1127936.3913589637,0.01528342663277323,8399258.302694289,ok
1662,8399107.745862698,0.234579562045447,13674.016600970339,104969.96328455696,0.06513299696934371,8398662.431021784,ok
1663,8398403.766913235,0.20825650291277384,14610.130887905158,741283.5636819802,0.009854616778049245,8398331.778292745,ok
1664,8398577.186449666,0.11779061490026772,20781.776565457672,697962.2613359073,0.014887464349205019,8398422.4924708,ok
1665,8398367.583695019,0.2812871466283695,8147.545693280155,37147.284941867554,0.10966542650466103,8397920.831658307,ok
1666,8397879.938731411,0.18081584543565138,20263.74611974932,938784.1948958081,0.010792547547095376,8397770.59000967,ok
1667,8397710.68799704,0.29032987376974856,7729.522831044947,20704.50900033643,0.18666278999708105,8396989.280848546,ok
1668,8397139.726935212,0.15955801234754108,18865.407109544023,257867.77319282375,0.03657961379966078,8396794.68228209,ok
1669,8396765.022010773,0.12961256746480354,16861.254809011385,536848.203659317,0.01570393147828386,8396632.628015695,ok
1670,8396588.556564182,0.2718900512303406,7898.218069826872,58548.60701579557,0.0674500937972448,8396322.18878936,ok
1671,8396246.135718513,0.29304215996179356,7157.960122375376,85403.56318385743,0.04190668313783153,8396096.152535131,ok
1672,8396282.840154191,0.0694454333444443,26922.63932528278,611232.958543972,0.022023222855501477,8395986.378511332,ok
1673,8396134.223766197,0.10390140105743159,16193.729208987912,374191.50399515417,0.021638290869903907,8395959.021454751,ok
1674,8396034.287936414,0.2014020251462452,8394.75403261519,144932.0460150429,0.028961000218488173,8395912.727699729,ok
1675,8395970.51409507,0.19426739644929014,12812.538744715785,614899.0795079343,0.01041840781008232,8395903.770968206,ok
1676,8395889.227878854,0.2894927859892475,6837.147774533578,25131.23101127699,0.13602890704927237,8395424.203009302,ok
1677,8395397.087037455,0.06762276203607868,39039.61972339664,1299759.8513884954,0.015018012628137326,8395103.938286453,ok
1678,8395461.482630054,0.097134301975166,21812.48390748013,617373.696456349,0.01766554360242522,8395268.817937281,ok
1679,8395290.872059412,0.20877057087109008,7538.94414784621,110417.05140647851,0.034138496055709185,8395162.187951883,ok
1680,8395216.820084037,0.2909575854330327,5947.841951606757,9278.088712962997,0.3205316383371424,8394263.584321378,ok
1681,8395325.40728707,0.044199972975489325,81925.2431639087,1405242.6327603243,0.029149856848202288,8394131.35273183,ok
1682,8394213.640891945,0.11185545139393097,30756.80662684804,787055.5047330912,0.01953915984443714,8393913.159811452,ok
1683,8394005.72801625,0.2185396221065888,12760.737530977916,234260.8180166349,0.027236175556408615,8393831.95117244,ok
1684,8394019.98468839,0.0803531948708598,34650.2212339368,1301567.7461524387,0.013310955705673498,8393789.370908372,ok
1685,8393749.285894211,0.15884108307514266,17778.885684690416,824142.8085772803,0.01078628940255036,8393653.401791086,ok
1686,8393627.87061912,0.29503421817752323,7600.966388791439,15358.628754606516,0.24744938204563607,8392687.443401193,ok
1687,8392868.404035175,0.12278548105092368,34713.46903001733,790006.068056166,0.021970381262659714,8392487.069960406,ok
1688,8392507.577315524,0.2242479022364824,15550.286150151354,174248.4282590202,0.044621022713145685,8392160.642479774,ok
1689,8392254.41173437,0.22089093720480804,14518.351518859592,374638.07514807855,0.019376502926352457,8392113.754294025,ok
1690,8392092.431885075,0.2823478238951314,7928.170452002665,31733.785627700836,0.12491687164297949,8391597.250759715,ok
1691,8391665.822666127,0.1074198673628224,28433.01978283416,1411410.503419245,0.010072554977433246,8391522.626088658,ok
1692,8391464.596856833,0.29736770530284706,8084.0328368673145,41774.36634756807,0.0967582939452286,8391073.498244086,ok
1693,8390949.140079161,0.29645218478909,6192.285612602161,12874.983607372127,0.240477417348186,8390204.58765336,ok
1694,8390095.459369509,0.17675319294881542,15076.4863381613,318959.03388099204,0.023633891404039275,8389917.301349074,ok
1695,8389853.479869539,0.3072669905924623,7980.4861496713165,37945.97355689181,0.10515590195236785,8389433.882259997,ok
1696,8389166.563036785,0.3083525905187313,8414.701463972997,148647.39720218026,0.02830423412166404,8389047.477196636,ok
1697,8388983.212458156,0.311548752638552,5865.37237364473,6680.22357072046,0.4390101851794873,8387695.733352206,ok
1698,8387788.31008978,0.13770006524936765,29894.186410299437,835046.8565149445,0.01789970597282551,8387520.76151626,ok
1699,8387571.7931975555,0.22299195099258468,14258.019897266271,167602.86610116277,0.04253513149548507,8387268.559821958,ok
1700,8387180.635536896,0.2290654756051848,11481.93021133748,267109.23258082225,0.021492948971472303,8387057.245266832,ok
1701,8387108.446880523,0.13292345976021944,17832.153502381174,585379.9408060487,0.015231264567954697,8386972.643756617,ok
1702,8387059.587719474,0.1447738228648809,18522.172059553668,850204.3552258558,0.010892776510556262,8386958.708779106,ok
1703,8386962.988932405,0.20855126856269718,10986.221263938152,302814.95156221814,0.018140156566345864,8386863.343045504,ok
1704,8386841.591197472,0.3163563538432104,6631.494280443489,13960.669925570031,0.23750630577897272,8386054.080343301,ok
1705,8386111.596324818,0.20682760814383747,13048.245600650607,216495.08462652419,0.030135200582406166,8385914.990575606,ok
1706,8386026.071058372,0.2074668359608158,15334.836453965783,525625.2425763434,0.014587233652252257,8385914.224637186,ok
1707,8385813.862118821,0.2547143752346957,9910.855450410692,94100.24431846103,0.052661156844979275,8385552.903562149,ok
1708,8385581.933880719,0.19188549847973554,11354.360049247687,374456.0853132011,0.015161137039274868,8385495.861376369,ok
1709,8385528.18191807,0.299622491659422,5532.9083373115645,5656.353079684701,0.4890879564417134,8384175.142502133,ok
1710,8385038.747501114,0.05029376164554395,108910.69458421844,5054340.8248369,0.010773976108717689,8384452.046890397,ok
1711,8384586.940586688,0.13197067104289464,34905.337155554575,1178496.3446834472,0.014809268315944759,8384328.47933489,ok
1712,8384309.012127571,0.20449308789728224,20001.396063191292,317805.5372769704,0.031467979184012604,8383994.310370088,ok
1713,8384167.79191673,0.1390678732011829,20706.55715869173,686284.4361188278,0.015085987725289504,8384011.602483165,ok
1714,8383925.5650540665,0.20533604498372038,16089.572845557013,421635.93512437184,0.019079935443371304,8383772.071048465,ok
1715,8383694.904462632,0.29202914035519656,10006.114055143586,81196.26520015876,0.06161683687345278,8383386.631913895,ok
1716,8383130.578046014,0.2735988085986315,10591.180098315746,130434.48742104821,0.040599615591415464,8382915.5791256875,ok
1717,8383078.117117657,0.19788167496101353,17844.06555294911,751232.9116088653,0.011876520102622813,8382972.154416031,ok
1718,8382887.583055835,0.2653358727499622,9927.398799881406,207631.4981463233,0.023906292851784246,8382768.919404352,ok
1719,8382825.961954819,0.2552336898947367,10804.003436924675,284822.6122632748,0.018966196804167418,8382723.50652709,ok
1720,8382614.1613180265,0.28578809338846234,8973.14805797137,106651.66737857803,0.04206754698977031,8382425.422154238,ok
1721,8382309.419861505,0.1938845799950429,14966.908642223398,728072.6554251031,0.010278444418081187,8382232.5015922105,ok
1722,8382221.350729264,0.30067758028605496,7027.972606339765,14512.734213757842,0.2421312380845974,8381370.504875065,ok
1723,8380984.011527854,0.13531348216992894,21452.674857260696,682629.4621983129,0.015713264695736508,8380815.465748622,ok
1724,8380832.268984985,0.29961084352675776,7582.879328376638,21826.478474950294,0.17370826304113418,8380173.664586494,ok
1725,8380392.040134773,0.14544257431487312,24095.436145185973,452277.99959812284,0.026637860084501423,8380071.114706418,ok
1726,8380026.25117774,0.2543785476141381,11211.915459727046,150864.2683853373,0.03715894949720496,8379817.939677573,ok
1727,8379832.449503331,0.2528469574505637,9495.560070355768,151110.0584167559,0.03141935146423995,8379683.277333732,ok
1728,8379430.329193904,0.31964752900603965,5653.827778799496,6377.272733480124,0.44327944052928725,8378177.216386586,ok
1729,8378317.653381627,0.14299053460319636,30136.715632785403,759659.2455675877,0.01983568014779339,8378018.762255629,ok
1730,8378049.68580295,0.23183545740570072,13845.880085990319,116042.11178887088,0.05965885949741143,8377636.671095616,ok
1731,8377652.4238713905,0.2166467320315813,12534.435864042829,357083.04959530506,0.017551149345017288,8377542.426993488,ok
1732,8377614.442649051,0.32496964923142213,7733.660123100732,91229.1140260343,0.042385921455368715,8377450.54349378,ok
1733,8377399.04636771,0.27624864598432575,10135.424522360961,144716.80111080792,0.0350181335013078,8377221.584543202,ok
1734,8377153.904865741,0.19271543873156957,15407.029888619405,815702.7643584481,0.00944402211308985,8377081.152700258,ok
1735,8377059.732327484,0.18638830157630623,12859.332277594525,534315.5588578943,0.012033462309315396,8376982.36118234,ok
1736,8376766.881201502,0.252448637786971,9980.655693411296,322536.4720743794,0.015472135025879616,8376689.670175235,ok
1737,8376660.62771837,0.3346357135441548,7008.424546312621,38328.32858800317,0.09142616968309791,8376340.25101248,ok
1738,8376405.67871706,0.11166784437337636,21830.330773453254,846559.667361378,0.012893557072885187,8376264.943409187,ok
1739,8376269.098006012,0.1372151913176736,16308.679085207437,627083.788494087,0.013003588503198259,8376163.062330084,ok
1740,8376156.584210918,0.30876787139210976,7346.676086081476,47929.203449810826,0.0766409157391335,8375875.056219481,ok
1741,8375964.244076614,0.1509219077013178,22713.848561420687,1280440.6194089896,0.008869543896500517,8375863.513338177,ok
1742,8375862.865887868,0.26484947791045754,9212.020340953004,101091.80984353602,0.045562644269653646,8375653.003884968,ok
1743,8375699.676415216,0.26456234661971423,9283.619265652376,147389.62874410735,0.03149346173389943,8375553.489761168,ok
1744,8375387.496884121,0.2241917245007903,11889.594203179307,553448.410126571,0.010741375334749101,8375323.641587163,ok
1745,8375334.129237504,0.32824269946386037,5636.0702883731265,8801.050457825386,0.32019304487465233,8374431.813984123,ok
1746,8374245.8907846315,0.13351995722454463,26366.75494211593,773663.1573303994,0.017040203279872473,8374021.243352609,ok
1747,8374122.402016393,0.24486406440539757,12342.745848440409,335661.0175794446,0.018385730248701153,8374008.936818545,ok
1748,8373926.3684916105,0.2695151240633426,9018.381824949234,55605.254606228875,0.08109289210896806,8373560.705159447,ok
1749,8373495.672470419,0.2393380440854015,8727.247338384512,82890.28912145413,0.052643364083318635,8373265.956640879,ok
1750,8373341.946885444,0.29322711992571826,7599.0275921477805,97290.35422121068,0.0390533452826667,8373193.56316126,ok
1751,8373109.938597257,0.30866402722546266,5572.607070050059,4449.85543386081,0.6261559676350115,8371365.278011158,ok
1752,8371660.70136478,0.10060013431001043,48733.64557588959,818784.9038743752,0.02975973625386156,8370935.551145266,ok
1753,8371109.990980863,0.18890975292152615,25009.85135011986,331850.6290563607,0.03768239255902126,8370638.7754626535,ok
1754,8370452.843748806,0.2601607970153337,12455.328908997086,67555.30765163134,0.09218616080639158,8369878.739271956,ok
1755,8369900.496074691,0.2017774143263418,18698.22605607419,518848.46717760735,0.018018966267537982,8369732.034722407,ok
1756,8369753.921162523,0.26966964136965926,12597.010609054887,183487.7383284641,0.03432657332803567,8369537.71505833,ok
1757,8369444.038967315,0.20617212427907797,14365.144311529482,363120.08780126844,0.019780156474559135,8369301.966566184,ok
1758,8369325.3932799315,0.294163809393302,8401.480466052548,34712.30000675864,0.12101590019123973,8368817.036919162,ok
1759,8368460.996349899,0.2445387263323676,13327.086973638918,475235.4532228555,0.0140215622416846,8368367.563060149,ok
1760,8368500.930013422,0.12888476875342697,17661.073351271203,694215.9149184924,0.012720158794792814,8368388.604184665,ok
1761,8368318.324403917,0.3239223086927422,7102.128917034084,14665.758015187757,0.24213303225374266,8367458.494398848,ok
1762,8367776.692598808,0.05326771166457612,47084.66362827273,1122666.1388362122,0.02097002038249859,8367283.009420813,ok
1763,8367446.129222337,0.2697661795262857,11849.40509079968,84524.62127992294,0.07009439919025262,8367030.840757037,ok
1764,8366945.113563491,0.22768475595855403,14438.139088116797,545576.4765891201,0.013232002943365835,8366849.590814036,ok
1765,8366804.178783657,0.3093760836228374,7470.653920009289,16534.99071070302,0.2259043881764497,8365960.352032118,ok
1766,8366360.406203045,0.13397306944574583,21505.358884764675,267708.3056446179,0.040165654989638214,8365928.517790348,ok
1767,8366061.626359741,0.20213139212938533,14582.204652845925,147664.7626779225,0.04937604743472806,8365701.620545421,ok
1768,8365753.297294052,0.29625538610020574,8227.824996846844,30642.975402618235,0.13425303660531335,8365200.99204881,ok
1769,8365240.892750604,0.20873845832366986,14495.538943287866,133236.69629065602,0.05439769728178275,8364846.630780918,ok
1770,8364655.75464585,0.28340655760807393,7228.219105306944,28479.83015175912,0.1269006708746203,8364197.121719004,ok
1771,8363948.815600496,0.24282309353259288,12190.999556893861,269897.58122057334,0.02258449205391505,8363811.151834184,ok
1772,8363857.616006465,0.30488031716248026,6690.504197511885,17823.827522467203,0.18768427233371743,8363229.764800537,ok
1773,8363707.2462900495,0.11592047665192542,21202.316687505838,239809.1477674276,0.044206647004284276,8363238.604625311,ok
1774,8363245.7868576,0.25298733616151575,11162.557860358227,113811.74690039961,0.04903956825356062,8362972.083348561,ok
1775,8363018.721106455,0.31670193287838283,6333.695736373853,10717.42323286404,0.29548593905259474,8362082.962090287,ok
1776,8362139.128247948,0.16159165732137934,21855.109498374568,229280.58940221387,0.04766018256354749,8361618.318993629,ok
1777,8361508.862727068,0.2797791264952602,9835.747122163093,51180.027790220476,0.0960897008739268,8361036.305727648,ok
1778,8361127.270085681,0.2785491419987589,9551.742683969187,88259.24451222489,0.05411185387297397,8360868.838833507,ok
1779,8360868.748413997,0.2779318924301544,8733.306345175133,200481.95799538278,0.02178077876059118,8360773.639307321,ok
1780,8360798.163550462,0.376654900034632,5574.181352657883,17283.005800139872,0.1612619187055058,8360348.711960391,ok
1781,8360922.74911093,0.0670162123567375,61035.90936863488,2651396.952327828,0.011510141722658242,8360571.483127427,ok
1782,8360548.79878122,0.17063300607373252,21023.750335096738,994042.6086774953,0.010574873829134638,8360437.637027615,ok
1783,8360482.314461792,0.26107152730406064,10301.457737563755,88812.03974992887,0.05799584024063587,8360183.593613195,ok
1784,8359872.810537272,0.321383601637031,7456.215354955494,39810.46742997617,0.09364641809431723,8359523.686607007,ok
1785,8359365.562328512,0.3252292167430278,7931.648315699484,166143.95048101578,0.02386980775627393,8359270.898868269,ok
1786,8359187.822514831,0.16938090503456021,11451.483636475761,306547.44563059934,0.018678158633680494,8359080.876200854,ok
1787,8359180.448906912,0.2560601807685801,9969.335318337493,403521.31128901907,0.01235292293050296,8359118.873691484,ok
1788,8359140.577632306,0.34728383436866467,6671.1146379212305,71235.14917415421,0.04682459933937829,8358984.391497272,ok
1789,8359375.15144969,0.07617849922317656,24558.707911598973,624787.520431178,0.019653647927098904,8359133.81735027,ok
1790,8359136.056296803,0.2028248598030695,8439.183586451602,192275.55595424044,0.0219455446236235,8359043.455056811,ok
1791,8358991.971057599,0.2859304235181464,5929.242314191231,56401.03668056247,0.05256323875545563,8358836.140967899,ok
1792,8358808.436426127,0.2380723802221876,8691.13227194227,230168.07754098854,0.018879968857528788,8358726.392272811,ok
1793,8358656.530173727,0.276244985879387,6573.126531642004,32495.037040748506,0.10114046836443605,8358324.125625713,ok
1794,8358097.9618529985,0.31601612957850095,4732.36522996998,3915.4239759352563,0.6043234728928155,8356668.022157612,ok
1795,8357029.544404105,0.09686499004666442,41477.26463582051,1043302.8786204382,0.019877863603072768,8356617.3046995755,ok
1796,8356636.689416264,0.18784771664256725,19277.74536165481,304087.34923456033,0.031697710230596865,8356331.159223078,ok
1797,8356204.93438626,0.19945880548751166,15758.704960050585,400681.38500901626,0.019664882809187628,8356049.987843128,ok
1798,8356092.658679124,0.2708324207158343,9378.378058507285,61502.52457478193,0.07624384627580581,8355735.136871619,ok
1799,8355783.562182015,0.20770877256275724,11712.07620314061,158359.48710246966,0.03697939547998813,8355567.009433111,ok
1800,8355657.227745201,0.2832523404451751,7784.8147980503145,106083.17846831713,0.03669203218856858,8355514.407407626,ok
1801,8355551.362279231,0.3079914199095621,5820.674099343822,11274.363026491885,0.2581376032360639,8354800.09484862,ok
1802,8354833.08477057,0.061440966799662315,48735.00901817373,1688987.7456123237,0.014427283189229237,8354481.527882403,ok
1803,8354560.126490417,0.2062011242405646,11038.76959452093,313730.26373723836,0.017592771355597274,8354463.025215655,ok
1804,8354398.774341619,0.3308890475728906,6837.220315071194,18420.609309557454,0.1855861605925199,8353764.3276079185,ok
1805,8353937.372339016,0.11916803571715821,28747.670592016588,1088799.2920947112,0.013201547246007908,8353747.61547325,ok
1806,8353780.654858599,0.1814384600174926,14725.259964144829,169294.0624595196,0.04349018432842507,8353460.452723538,ok
1807,8353219.41331332,0.28118062682860506,9670.904070684177,108050.01641199767,0.04475197872163552,8353003.017266724,ok
1808,8352871.76332624,0.3114588567947108,5574.478901002101,7356.066942728202,0.37890349179820343,8351815.668565967,ok
1809,8351807.102483815,0.10973240320681105,42624.43312949092,2379724.883554628,0.008955748083329324,8351616.235641163,ok
1810,8351519.005366601,0.25463750643336575,12715.452253176805,165186.84579593764,0.03848808962937868,8351274.308633601,ok
1811,8351321.961695015,0.24590457231810345,10914.43945136918,181842.3629471476,0.030010717179641624,8351158.186617241,ok
1812,8351344.941623788,0.12897505565967624,23305.12073302523,1239988.1688219043,0.009397315764378262,8351235.43883456,ok
1813,8351262.615274895,0.2330868791089396,13343.676013529604,478786.9994677357,0.013934877125280845,8351169.64403207,ok
1814,8351122.881920757,0.31300374176955387,7563.7907919080335,19032.979351099922,0.19870222765388854,8350371.410880827,ok
1815,8350592.506334359,0.1373852845620131,26246.067235085815,620109.9047728386,0.02116243187947497,8350314.791029375,ok
1816,8350249.993756399,0.30467573669325365,9225.15799611139,63955.15814294575,0.07212207946927673,8349917.324967342,ok
1817,8349995.335943329,0.33277855924149463,7823.349014411856,98531.90875896155,0.03969957099659006,8349840.044143515,ok
1818,8349974.075833187,0.12772097246077704,17380.406785541003,585800.5384557011,0.014834748045264327,8349845.1588553935,ok
1819,8349673.249402787,0.21440829982326923,9826.370251901502,210080.94369311753,0.023387105177554057,8349558.344225489,ok
1820,8349360.776170358,0.33406881152681217,4383.933317923882,2018.9623247061693,1.0000000003478644,8346995.805177021,ok
1821,8347044.796540421,0.07853278530836034,60730.090361216964,1598986.85886667,0.01899017806946245,8346468.1589253545,ok
1822,8346396.9331134735,0.1545960435717372,24725.293594259514,370718.08173083124,0.03334783871185963,8345984.665562032,ok
1823,8346101.497166902,0.15313682795598269,24193.297650996567,1020923.2212994476,0.011848735118495466,8345958.167179148,ok
1824,8345975.338561495,0.2530792381036516,13514.41225965179,77019.90552743983,0.08773324354985751,8345382.50695039,ok
1825,8345445.04251436,0.20863587809797485,16795.726802783975,277705.8783648663,0.03024013553778066,8345191.089986874,ok
1826,8345151.443998439,0.3017210033090063,10428.248728910978,110894.76766962066,0.047018668905908036,8344906.282811312,ok
1827,8344783.229261367,0.33219389563913265,6013.964035605897,12500.166473495925,0.2405553577369266,8344059.883626366,ok
1828,8343962.171900485,0.10471587067069138,45189.594091380626,1797218.7854984957,0.012572090403241127,8343678.108069384,ok
1829,8343611.233311347,0.29599859744974727,8100.04267603152,62170.755400372334,0.06514351179962509,8343347.400698525,ok
1830,8343249.994085898,0.3208528414829018,6870.650177490779,25099.048659025793,0.13687072906287318,8342779.798636434,ok
1831,8342898.851114694,0.12395861135177592,23506.609032346405,680976.6548924812,0.01725948229169313,8342695.995163528,ok
1832,8342501.176114072,0.22882072256029365,11391.848937560588,292529.1454138248,0.019471305878676067,8342390.269026479,ok
1833,8342499.886760751,0.254707667885104,10125.754059122486,217982.75148609738,0.023226044239945957,8342382.296154881,ok
1834,8342414.454424551,0.3236193546371787,5946.46387049835,27095.88730849402,0.10973000815209052,8342088.201660058,ok
1835,8342423.668747192,0.12660332997074666,27525.99151314356,749406.2465411467,0.018365200210292233,8342170.90857463,ok
1836,8342074.503248775,0.3085188224952333,6622.720926981313,24992.40449449186,0.13249467310039958,8341635.7656266475,ok
1837,8341509.738808112,0.3272495367923607,10338.259345894226,221305.09166802984,0.02335748189969845,8341389.000955339,ok
1838,8341251.0422463585,0.3230008386003924,6026.986732141272,10742.390630802724,0.28052353239042965,8340405.686442474,ok
1839,8340372.285181633,0.09599267493055352,30368.15115482635,664578.148572581,0.02284769008735301,8340025.3641285775,ok
1840,8339973.7745539285,0.27042581324845627,8955.593840638447,53960.86148345073,0.0829823097189158,8339602.196623028,ok
1841,8339607.50400788,0.3031643986165587,6087.550392107398,8850.706555254561,0.3439019446697897,8338560.743798818,ok
1842,8338510.188205948,0.14781298430886913,24283.56010992996,449382.6559814668,0.027018799887696877,8338182.1318803625,ok
1843,8338189.449345895,0.25717531698031554,9763.184650883424,62526.360529754325,0.0780725486671932,8337808.330991494,ok
1844,8337653.806735587,0.29990655769733077,8315.207506805993,84124.66785559588,0.049421933653749785,8337448.329918728,ok
1845,8337385.040182458,0.30706757649711924,8490.740012210088,91283.51662436823,0.04650752033989604,8337187.598550549,ok
1846,8337376.535613665,0.12166763417783848,16470.364871446232,524958.1583952823,0.015687312034347315,8337247.347737136,ok
1847,8337239.295488915,0.26420072047332327,8700.269949006237,204369.23589524557,0.0212856644271689,8337146.699975636,ok
1848,8337059.356720477,0.31597966555589874,6013.45866811347,9359.736400799056,0.3212408133417139,8336093.472543707,ok
1849,8335806.054237856,0.08441185956673024,40364.166906157756,1611180.3831851154,0.012526271833809978,8335553.247974349,ok
1850,8335605.636553359,0.18162823908437908,18817.773439015113,283373.6504175961,0.033203110824319995,8335293.232244878,ok
1851,8335291.323078025,0.1661838541396375,16149.081118971855,393054.3571959653,0.02054306334902223,8335125.447279798,ok
1852,8335172.54596119,0.21967609378634076,9874.981773094793,86985.36421208235,0.05676231779071604,8334892.282534399,ok
1853,8334946.111030015,0.26660615624071266,8121.964192679051,77548.89250706836,0.05236673232914807,8334733.450667583,ok
1854,8335016.141057769,0.20514348731161014,8928.431766433865,98250.00466735908,0.045437309629971424,8334813.299098427,ok
1855,8334905.7101569185,0.3017281595051902,6622.869761385395,19705.870005902892,0.1680430693849476,8334349.246475499,ok
1856,8334101.32050186,0.3358366516212765,7543.446653431745,41785.93766764106,0.09026298169292218,8333760.87350827,ok
1857,8333643.216044245,0.2545370816983871,10703.597191299643,305320.03732817067,0.017528487951472,8333549.407107042,ok
1858,8333454.261966443,0.3213743551067386,6395.157893761181,27536.903524267196,0.11611977156627976,8333082.959829565,ok
1859,8333089.703569578,0.2458445834218222,10877.19248005493,172459.27233492435,0.03153553976190648,8332918.194501601,ok
1860,8332903.690370426,0.31320295980282387,4395.456662884921,2264.7857179908206,0.970391288669972,8330771.033942731,ok
1861,8330835.236031062,0.08278473940022438,58668.00358755963,1439590.4072572095,0.020376630495662056,8330237.507915551,ok
1862,8330283.611901884,0.19456054353131952,21961.615830324725,517142.5404443966,0.021233619469259314,8330050.449605148,ok
1863,8330098.699664084,0.1771312855351236,19594.03574334894,735206.4057490462,0.013325533884179137,8329968.149170471,ok
1864,8329919.742373144,0.23545485525002777,13709.111093080544,345569.34333437844,0.019835542934454387,8329783.778542304,ok
1865,8329749.201995108,0.29405485481305377,9053.688147960198,43853.18670295659,0.10322725471795413,8329281.908308815,ok
1866,8329787.922774985,0.06387617611775664,66027.53457042885,3002505.8637065096,0.010995404766490564,8329424.923040818,ok
1867,8329521.205927027,0.11867859749912041,23387.436518845418,1030882.5261443107,0.01134340525021736,8329388.559341929,ok
1868,8329421.240042922,0.18872834140047368,12362.529980072333,396118.43851866934,0.015604587893337461,8329324.783950093,ok
1869,8329480.837072173,0.10380634937627245,24032.49468712679,788370.0863406338,0.015241886458857209,8329297.686794501,ok
1870,8329254.347837482,0.2715575969076059,9035.342586612214,144588.01827982668,0.03124512907122696,8329113.192614821,ok
1871,8329430.710329054,0.0871617884258198,31843.598590014088,1209237.2954687313,0.013166811307151544,8329221.071002066,ok
1872,8329352.596667663,0.13328392169486358,18696.19332397574,803903.4391371727,0.01162838247342387,8329243.893424279,ok
1873,8329247.763899593,0.2023418743226473,11839.75637120825,339771.07218156237,0.017423137725040755,8329144.621046649,ok
1874,8329169.1778653525,0.31260250874530726,6945.81511066468,25496.968937488356,0.1362086436174812,8328696.137837832,ok
1875,8328897.310062191,0.062079488107285634,33062.864208604515,771539.9776584456,0.02142653988517052,8328543.098672849,ok
1876,8328690.028533908,0.1736988295897312,13249.804355422602,407047.69330011704,0.016275493724089842,8328582.204980092,ok
1877,8328470.110517662,0.34057491585170135,6996.152352736344,25300.60662887335,0.13826056535641032,8327986.4645278575,ok
1878,8328061.23963101,0.09945987405137229,16338.697714541275,161110.06165459054,0.05070663354834528,8327646.9994521765,ok
1879,8327701.102812171,0.2651399086250244,8438.049047662927,40701.36076920382,0.10365807049438348,8327263.766870662,ok
1880,8327124.15375279,0.2520174820316646,9344.26275701985,180706.12113101655,0.025854859532525244,8327003.356452282,ok
1881,8327072.073485956,0.21166999654730617,8085.272945251331,80616.59951942478,0.05014645242697916,8326869.349608401,ok
1882,8326841.170304999,0.2388375309260533,11368.1999150666,380692.10468786233,0.014930963599031863,8326756.30121544,ok
1883,8326790.688697993,0.23987429273870473,6427.0854257985175,49670.548617467626,0.06469714553885868,8326582.781657401,ok
1884,8326586.48676103,0.2092874574647907,13389.82746732605,636963.4497154228,0.010510671745221994,8326516.118720413,ok
1885,8326572.868863345,0.2083316303469924,12867.148652374519,614039.4567325916,0.010477460781464115,8326505.461340658,ok
1886,8326419.086748268,0.3286502528836344,4687.822814779884,3010.546873073505,0.7785666545683154,8324594.195485213,ok
1887,8324726.936016647,0.07736289314390987,78227.81382482835,2389541.2508146907,0.016368793340177188,8324086.688557671,ok
1888,8324100.690901888,0.10907461517718905,47870.33405555347,1840233.0948371997,0.013006595248681913,8323789.375872148,ok
1889,8323804.463348563,0.1670463610431403,25786.166987409848,492929.55867155927,0.026156036429326065,8323467.2313870145,ok
1890,8323463.105339374,0.23210314403317314,15643.24612260576,167484.07433872562,0.04670069731814714,8323097.830088251,ok
1891,8322976.386215663,0.3063562511211324,8060.362870466504,38308.832756219395,0.10520240751994608,8322552.401425934,ok
1892,8322645.730265027,0.2939841517526484,8834.281593718704,125148.01064700914,0.03529533369346383,8322489.825806631,ok
1893,8322396.34298447,0.30154553738628836,7796.509349908672,131366.71336886985,0.029674600018410074,8322280.66383622,ok
1894,8322403.964698335,0.153446118052379,20708.692272534663,1319804.2850782473,0.007845364841843542,8322322.731075197,ok
1895,8322329.229888251,0.2977118431953864,8096.557304314456,130351.44332010885,0.031056646163983934,8322203.503930578,ok
1896,8322357.117157612,0.09944827496967228,22971.929369021374,858472.4227337147,0.01337953832918109,8322203.440252868,ok
1897,8322148.904725927,0.33318117799074054,6855.673302211333,20688.686228082668,0.1656865309529779,8321580.958362532,ok
1898,8321639.42231174,0.15172438417261616,27172.062656953138,1255413.6633406512,0.010821955921942246,8321492.39487955,ok
1899,8321441.870700812,0.22811782556489962,11552.870891246948,261196.1695550489,0.022115314537206682,8321314.123014028,ok
1900,8321254.789571358,0.3076390306967452,7369.2231205359385,30108.560569719502,0.12237753949531623,8320803.875874616,ok
1901,8321022.529369267,0.2724006538478599,11542.15093357235,185170.03440551134,0.031166357371559716,8320842.665968851,ok
1902,8321232.209674984,0.0630536764027962,32517.502708281925,800786.251699993,0.020303484631042527,8320902.100366746,ok
1903,8320995.259515021,0.1165205547209187,17863.57247298801,565635.2348640872,0.015790717561362962,8320854.220201243,ok
1904,8320827.4072233485,0.26483106763956543,7697.548627006348,132111.03054316808,0.029132876321372455,8320715.281357284,ok
1905,8320839.213739946,0.20320807577736685,12883.49359928493,661916.9420533632,0.009731956368512375,8320776.522941154,ok
1906,8320798.055526137,0.3117069847743636,6869.894331511388,52143.88873093936,0.06587439581807758,8320571.780456927,ok
1907,8320535.375985303,0.2853659496411237,7384.351325498194,136230.28815319866,0.027102457998158504,8320435.308949482,ok
1908,8320334.705515658,0.18846234658643296,14870.451827274948,720463.8166205423,0.010320054584439315,8320257.973578381,ok
1909,8320130.522853411,0.24726595517216557,9734.093725758637,249485.738882638,0.019508316926960118,8320035.574960711,ok
1910,8319986.098978611,0.32252803853568657,6754.34782135485,59031.17163001204,0.05721000985452974,8319792.8908259,ok
1911,8319865.959579653,0.3063004248035662,7196.085003198248,119058.38619161843,0.03022082372096206,8319757.2237714715,ok
1912,8319772.691395916,0.14072944968367063,20067.394528730794,1158181.2908473355,0.008663321833686899,8319685.766247333,ok
1913,8319680.612807734,0.3175241157132234,5426.304912551841,4413.898178747146,0.6146839701331828,8318012.881484334,ok
1914,8317773.289740507,0.13185864850230689,27310.920080800275,487394.66251052107,0.02801725396429709,8317390.701248555,ok
1915,8317182.778206777,0.24793014493341017,12191.663508821774,66535.16659762974,0.09161819329731784,8316624.289114794,ok
1916,8316536.146301549,0.21547744251635007,12729.504128317374,217963.53963104312,0.02920099423478163,8316350.289213218,ok
1917,8316412.279303679,0.30383045920473734,8133.168808238537,92170.24663106765,0.044120359364955335,8316232.860138381,ok
1918,8316335.7576358095,0.2808384899349774,7173.404720614557,50011.44628773359,0.07171762919375911,8316078.527845905,ok
1919,8316317.124547435,0.16905314329672103,16255.128527142726,692166.2966836282,0.011742213254983532,8316221.6889546085,ok
1920,8316148.119402347,0.289339992084477,7279.242844281198,113661.37597281206,0.03202162028208422,8316031.572827197,ok
1921,8315906.413801002,0.3122254472894134,5071.566221508368,5806.829478929709,0.43668978397856606,8314799.063222151,ok
1922,8314799.308205184,0.13344661048706577,21912.995349898396,665051.0964402416,0.0164746704931321,8314618.803516231,ok
1923,8314521.439100118,0.31762888141734075,8516.642101821675,33922.46412875919,0.12553100608338968,8313986.887774372,ok
1924,8314147.99059828,0.16489663128662463,19618.373734764886,662349.0788089745,0.014809693530518931,8314002.7195469905,ok
1925,8313988.469725943,0.27030268796734547,9323.951990345886,105286.91176212238,0.044278779927612213,8313782.043116826,ok
1926,8314202.064916724,0.10360465995651065,29746.253265088162,829272.6780169081,0.017935146094661077,8313935.313217685,ok
1927,8313982.018112678,0.27961736984859586,8867.922329836467,73012.74109002786,0.060728594745552256,8313712.749881976,ok
1928,8313538.328187065,0.29453198461133406,8592.810319357717,115898.75285312183,0.037070331249583685,8313379.059024613,ok
1929,8313335.477604069,0.3059132595121197,8444.300924698071,128986.37039930998,0.03273330700971195,8313197.272656743,ok
1930,8312962.7966738725,0.34266562011153334,5695.957349068688,13012.824940607774,0.2188593704697396,8312339.489854053,ok
1931,8312481.483369499,0.0793559548065372,51365.688505312006,2459195.160810855,0.010443597426479873,8312213.262083357,ok
1932,8312290.076034354,0.23295622339219274,10851.53032470196,201762.3261987164,0.026891864623959212,8312144.167092127,ok
1933,8312301.347884143,0.23357898904085375,11227.586496723794,243993.85592854308,0.023007928732459448,8312172.186129166,ok
1934,8312198.256284796,0.3406921825046879,6052.274242529215,36003.32229730375,0.08405160768986122,8311943.9045946635,ok
1935,8311939.775901938,0.23866694517737277,9186.672196621133,175401.80310928312,0.02618750786415071,8311819.487876741,ok
1936,8311883.892700622,0.2444085870051193,10177.753231128114,244746.99247573805,0.020792396932389358,8311778.08275809,ok
1937,8311890.8826047,0.22371683785025337,10405.085048238478,239118.35234585198,0.02175718623468295,8311777.689918108,ok
1938,8311741.789562797,0.28520610177302785,6281.009695673173,38321.06382632855,0.08195244427632245,8311484.417514255,ok
1939,8311566.370092457,0.21216708358149508,13289.81987483472,361925.5539693007,0.018359880545989287,8311444.370339768,ok
1940,8311482.423575135,0.2945011216293769,7527.634604025578,83485.01230790789,0.04508374854316541,8311312.736582329,ok
1941,8311262.071887689,0.33490173646902344,5576.582518365836,10073.417635363503,0.27679694817719147,8310490.281376518,ok
1942,8310163.731908273,0.16650608388789287,23306.398012928694,393362.48678749107,0.029624581392174883,8309818.510765827,ok
1943,8309858.457742516,0.21044354470588242,13507.48251752683,220108.87108359297,0.030683639534903065,8309651.22838022,ok
1944,8309666.131197056,0.30902038181646346,7664.123360479483,47634.81636940156,0.08044665587713452,8309357.854649765,ok
1945,8309384.412925871,0.20231731969956482,15433.673264003999,570142.8177296644,0.013534918606413052,8309279.966170157,ok
1946,8309235.267537938,0.2609653955858719,9846.425848762829,349252.363746852,0.014096434084408657,8309165.867791466,ok
1947,8309192.006311704,0.34154357138176494,6619.762858949074,76840.4177761036,0.04307474536537292,8309049.434011941,ok
1948,8309278.12953507,0.1332359057786438,10071.825674101634,110921.70391536428,0.045400608350673465,8309049.496028666,ok
1949,8309187.275440258,0.1672579722231237,15274.998154793211,675974.0990996326,0.011298508459968236,8309100.983092319,ok
1950,8309108.250224536,0.30100994511032303,6579.368896570407,25120.49540983174,0.13095619312498416,8308677.445672607,ok
1951,8308925.563100632,0.0916507992177522,17121.837009949093,162796.24871469242,0.052586706220595615,8308475.372594233,ok
1952,8308805.515154156,0.10073872233176503,12716.593308039966,105153.33262265226,0.060466905759773044,8308421.048629585,ok
1953,8308494.4740237,0.2041355375497278,7723.414273028883,59072.25895866294,0.06537259967012185,8308242.0241890205,ok
1954,8308264.221103393,0.29560658305290577,9587.21426861157,264623.69670188887,0.018114806776756694,8308177.385836391,ok
1955,8308245.907408822,0.28308623341969724,7380.737892460922,58210.71149909912,0.06339673319896758,8308011.9500733325,ok
1956,8307935.148808634,0.336233062668667,4757.149883134032,7610.765758257589,0.3125276768617259,8307191.7783079045,ok
1957,8307294.217118559,0.11333767269189922,40973.284402480815,2030511.3407690823,0.010089400531730509,8307087.5191798415,ok
1958,8307003.930828176,0.28150785300595643,12451.505511885334,237454.43224637612,0.02621872625010848,8306840.699520967,ok
1959,8306797.169611203,0.25239821193987616,9970.513260700169,171982.27704035214,0.028987037014170915,8306652.661792733,ok
1960,8306680.088973564,0.32670519285292826,6983.559541152343,52446.95373365203,0.06657736097140964,8306447.615491346,ok
1961,8306158.694048664,0.36628415931869945,5945.253107769701,34226.777632286525,0.08685090328458898,8305900.518747332,ok
1962,8306010.02760203,0.17564780337724245,12177.745474731273,187266.13253483403,0.032514543099420416,8305812.050686983,ok
1963,8305700.306390189,0.13842144927928285,19549.12246600858,1153868.3123514384,0.008471123722155922,8305617.504872655,ok
1964,8305604.8379304735,0.3407110918091364,5155.204099022052,15222.603287236585,0.16932728265159616,8305168.379579673,ok
1965,8305236.939228851,0.07933800239134811,21006.66603732258,469915.2847873509,0.022351545818336864,8305002.17349964,ok
1966,8305029.420756932,0.167993586419166,9878.469735520546,289892.6481108969,0.01703815153625695,8304945.265324782,ok
1967,8304895.562022388,0.3439543529688985,5020.18240577611,15341.001923076554,0.1636197697825899,8304484.861477638,ok
1968,8304220.730147525,0.31120765388068977,9228.77565740488,357635.6727895909,0.012902481994342995,8304161.1930916505,ok
1969,8304079.969219799,0.36193187071727634,5813.474915871242,42010.116137228244,0.069191369251173,8303878.84807503,ok
1970,8303820.081330598,0.1039757589197108,26537.810319205862,1325933.3102133411,0.010007219109283845,8303687.296489325,ok
1971,8303696.045615093,0.35604214795985345,5809.4268401914105,23572.61445384951,0.12322406688416154,8303338.115014335,ok
1972,8303039.267251484,0.2036791530673187,10813.828756841325,390313.7466412865,0.013852738790134971,8302964.366678939,ok
1973,8302930.978645017,0.3665882788430386,5691.33870550471,19841.94569581316,0.1434168501606583,8302522.861709847,ok
1974,8302486.507037757,0.25212648312254216,8646.23730777899,131886.13043409967,0.03277917579096502,8302344.798771435,ok
1975,8302133.917394692,0.34926339817315427,5210.420162948911,7941.488542231017,0.3280506000380842,8301279.276664238,ok
1976,8301637.841750779,0.07628608687002587,47249.71536081575,1271866.8006529808,0.018574946423854127,8301199.011285095,ok
1977,8301604.820082033,0.09347836904538817,38708.764385718925,1795167.1489127711,0.010781381669434677,8301396.153100636,ok
1978,8301477.799267406,0.22381952772872588,13152.05070676375,243374.17411479552,0.027020226683050083,8301300.113571684,ok
1979,8301130.858513531,0.31167290667642145,7323.203654261932,33517.765650555,0.10924361323202747,8300730.851899718,ok
1980,8300496.207632989,0.26140012286888026,8643.165027962765,88495.12918955208,0.048834128539716255,8300285.1669170065,ok
1981,8300311.060435846,0.3262843658299866,7663.558118828645,85125.70797820753,0.04501318286122532,8300138.579864361,ok
1982,8300190.590757547,0.3513952899808424,5813.577772008633,31890.864756081508,0.09114801082494946,8299925.642732699,ok
1983,8300163.50798977,0.06580708865859954,43952.828589475626,1603938.0822350117,0.01370153532617339,8299862.3973729685,ok
1984,8299816.134165205,0.3295218050008031,7414.461625009959,146580.95175422504,0.025291354491414144,8299722.373276545,ok
1985,8299715.65409442,0.3363771296841977,4737.504740138883,4722.5474400533085,0.5015836050643682,8298527.526741137,ok
1986,8298632.305586476,0.16857091382001377,19828.687680506864,285049.50941572647,0.03478112928724251,8298287.473511569,ok
1987,8297855.0491025625,0.27677549781259714,9911.085755535772,88369.36070960757,0.05607761375633802,8297577.154083109,ok
1988,8297610.065274722,0.30995909066173993,8533.730459312821,108731.54856188066,0.03924220050290259,8297442.62409386,ok
1989,8297437.972743377,0.3551557405540544,6084.7305858889395,15198.838206310538,0.2001709112003892,8296828.979710484,ok
1990,8296983.823099457,0.09863939559331808,33245.17452204056,1108540.3435387448,0.014995022380472614,8296734.567031456,ok
1991,8296622.792448057,0.24921044189663535,13383.199027282219,376110.22902339604,0.01779159139334351,8296503.738243743,ok
1992,8296553.994472052,0.25037390548801375,12730.79850967095,499446.26395499206,0.012744913145269012,8296472.868011414,ok
1993,8296452.481024029,0.30610061664987553,7410.396635485859,46793.09486479652,0.07918258726952537,8296159.093834883,ok
1994,8296401.759722353,0.092293528709509,37526.81738557911,1678412.8554026876,0.01117925701795689,8296191.998754043,ok
1995,8296225.978786143,0.36669084854082074,6208.645743662795,36963.25749297526,0.08398401770789178,8295965.265279103,ok
1996,8296013.437421523,0.2642786903071547,9195.40660901851,272345.9025859138,0.01688185230933985,8295935.819673374,ok
1997,8295975.711751052,0.15184950037820147,16620.117310969938,913417.5225929421,0.00909776575327238,8295900.108784009,ok
1998,8295897.062840167,0.33754734790862084,5217.932143641687,40297.67727451316,0.06474234368517615,8295728.152262083,ok
1999,8295725.004717884,0.18858516311962276,9671.910156171463,293569.30095020833,0.016472959067698797,8295645.34222783,ok
2000,8295669.135596312,0.3669633795738677,4798.636333186367,7039.595222017892,0.34083183633751907,8294851.371579633,ok
2001,8294493.96255089,0.09833361025577556,24230.959194335534,686820.3785561664,0.017639953582386306,8294280.246053167,ok
2002,8294271.385787124,0.31479674712443206,8592.533793688835,66605.53924915516,0.0645031471147336,8293994.263051433,ok
2003,8293964.553068896,0.3205121190178077,8468.063438992422,122223.78822969097,0.03464163384904533,8293817.879292363,ok
2004,8293720.055584724,0.17456053612571987,14486.558105085518,606569.9195511501,0.01194137529586473,8293633.560871185,ok
2005,8293669.255970522,0.26927058339462423,9866.444771161634,355369.7349238308,0.013881942947781396,8293600.773258816,ok
2006,8293638.60015629,0.26346064667622116,8519.961474460742,279965.39253944095,0.015216097599028186,8293573.779873623,ok
2007,8293609.590443362,0.24044503559569727,10083.996018737482,419604.88167301455,0.01201606137008153,8293549.005485853,ok
2008,8293579.944445043,0.24048857154843573,10243.196186048399,465889.4339573715,0.010993162153346498,8293523.641886721,ok
2009,8293501.871126268,0.32848172404845516,5939.740433836602,101914.68487186104,0.029140748662985775,8293415.326884716,ok
2010,8293384.2817775505,0.22158121351319213,10940.055226436776,594398.2130838215,0.009202631321583415,8293333.943130107,ok
2011,8293310.217641559,0.32254437560120996,4722.786036884736,2940.10607916343,0.8031659249227744,8291413.627233796,ok
2012,8290893.99340281,0.17706285743468275,18513.770891746848,209384.2374143054,0.0442100396867839,8290484.746129872,ok
2013,8290423.249037281,0.2114781600549904,16474.4990235214,393711.2503915687,0.020922057735379106,8290250.908827415,ok
2014,8290289.43570232,0.32592379242161695,8447.83565440913,76892.11064696607,0.054933045687844274,8290057.403031336,ok
2015,8290094.563366279,0.22121629080863014,8891.161683857383,308049.29379922734,0.014431394362572767,8290030.407435978,ok
2016,8290077.907630937,0.3267030500918026,5550.088697183912,68491.38743220034,0.040516690530455,8289965.472017856,ok
2017,8289840.197056344,0.24726647684483427,9515.156479067871,385221.45088806923,0.012350242253036702,8289781.4398125475,ok
2018,8289743.391857512,0.3422748043048295,4783.629395445088,8672.879532906241,0.2757809201255051,8289083.774999405,ok
2019,8289372.867861672,0.17775243523653195,18484.53943842466,601432.4946492115,0.01536709406531639,8289230.84103352,ok
2020,8289268.833881104,0.23400703945386825,13332.670938002464,385387.52562952274,0.017297745841959745,8289153.521304465,ok
2021,8289154.994059796,0.327315417649248,6735.1006181242465,45496.9609098323,0.07401703853881735,8288905.73795879,ok
2022,8288887.362232371,0.2601792386324085,9846.844353260774,295581.8984914598,0.016656710717935386,8288805.354213433,ok
2023,8288881.327722827,0.17322978241267825,13288.942412615657,310779.831724897,0.021379994864626637,8288739.268962557,ok
2024,8288710.097090257,0.3492882331908772,4444.12454913757,5121.725311446688,0.4338503413298319,8287746.0546139795,ok
2025,8287231.759815733,0.26321147204327355,10318.168580698155,95755.33333401948,0.05387777485305023,8286953.799833889,ok
2026,8286970.21188402,0.19327920936282203,16026.149707867839,510160.43618185027,0.01570697036780328,8286844.350754734,ok
2027,8286824.513212151,0.3479849477943031,6884.027743219819,51308.37459536196,0.06708483554107855,8286593.606277644,ok
2028,8286576.766368681,0.30735025921554276,8155.632294786228,101549.84282908862,0.040155809539323455,8286413.01836013,ok
2029,8286350.875243718,0.3331240784388242,6018.483237565397,29305.79070835039,0.1026841981071422,8286041.873681183,ok
2030,8285993.378012683,0.19129629754231042,17428.549916895507,809360.4937076529,0.010766864736043585,8285899.552592932,ok
2031,8285846.994786052,0.2521526330115609,8978.880273021387,191089.45575785005,0.023493918692194846,8285741.520244511,ok
2032,8285778.863400814,0.3194096895061303,5757.3473747540975,33404.8132840748,0.08617541618618804,8285530.79249774,ok
2033,8285381.133963826,0.19769186251736232,8992.070819732013,96577.85372609226,0.04655348236063897,8285171.82785868,ok
2034,8285254.802650053,0.20912441036334528,7382.569481078261,56756.24404964868,0.06503750912957001,8285014.73068504,ok
2035,8284970.051408883,0.16208320240821278,13800.728103533584,359689.46490406233,0.0191842261869062,8284837.673264142,ok
2036,8284907.047685765,0.282049792132994,7112.776600166646,49619.38234203195,0.07167336899860503,8284652.14935483,ok
2037,8284539.780709658,0.3465054754303888,4478.49654425367,4039.4005650510367,0.5543516262043556,8283298.4497885285,ok
2038,8283327.558493265,0.05605550470199781,52347.87635245743,1268862.7354363143,0.020627872066262928,8282787.645845096,ok
2039,8282789.76408052,0.15547339166123794,25007.434684359017,760827.2282007254,0.016434371534979703,8282584.27334415,ok
2040,8282659.4606906595,0.22438110188715152,17319.358067538968,556513.7111739108,0.015560585228893543,8282524.711017,ok
2041,8282420.3679941185,0.2735104765605909,11234.497543583067,193692.47361027286,0.02900086238298529,8282257.462935517,ok
2042,8282293.1565176705,0.29104199548167664,8854.682043531178,61762.11462631108,0.07168376679705704,8281975.788036335,ok
2043,8282068.909067696,0.27642218001181207,8478.741621764835,81048.19462519951,0.05230678894807007,8281847.161193418,ok
2044,8282083.376827491,0.14607423286148966,20527.566486287604,646353.1541307141,0.015879528362397567,8281920.392790377,ok
2045,8281927.780699198,0.21689261892015388,13617.3929438874,415984.6602269629,0.0163676623754079,8281816.338254129,ok
2046,8281759.483498828,0.3189265218376849,5695.539434047952,26499.63827953626,0.10746447506127287,8281453.449421093,ok
2047,8282050.920022562,0.08599893283304612,33302.17019573253,734669.0753277116,0.02266474206830982,8281673.527473662,ok
2048,8281599.848678164,0.28902953572181644,7283.455143781671,117051.29768483271,0.031112235779703994,8281486.546391303,ok
2049,8281529.161590593,0.1352930394890419,13227.735119969499,446931.7848708842,0.014798382625427847,8281431.287047806,ok
2050,8281394.859335475,0.282638250732398,5921.7582999436,90712.0500897301,0.032640417089493313,8281298.215005068,ok
2051,8281257.0778526915,0.3345871541656464,4283.779612795008,3322.6291531022503,0.6446370352218449,8279876.336358123,ok
2052,8279191.56303939,0.08532405612537573,34848.12810542599,1055416.7396016626,0.01650917916963229,8278903.906044081,ok
2053,8278775.322632974,0.24104676641884465,13457.057198048573,272158.8453525778,0.02472279962206474,8278608.97456867,ok
2054,8278886.988971233,0.13170713721206526,24546.35513910374,661092.927397628,0.018564980898925748,8278659.137664086,ok
2055,8278788.982312713,0.2649065351173017,11056.943256401226,163833.1728267109,0.03374451909106448,8278602.426696311,ok
2056,8278638.755453244,0.2835074765383622,7620.924022171426,70978.00430991364,0.0536851105935293,8278434.190378766,ok
2057,8278407.911313593,0.23831378805521597,12826.64290319628,414745.20726789325,0.015463280441130286,8278308.740325428,ok
2058,8278229.284045532,0.307247662570488,7934.683524822009,103877.88803837102,0.03819236063930684,8278077.761898163,ok
2059,8278162.0662474865,0.1709906800992755,16024.11656254316,871966.2897344559,0.009188495444831395,8278088.447486466,ok
2060,8278088.961801777,0.2672719891072767,8088.8266176688285,151886.82241872267,0.026627809078030133,8277981.267936356,ok
2061,8278022.700402618,0.16652342416630456,14904.680429757122,787144.2954659828,0.00946756555031227,8277952.144883131,ok
2062,8277944.093426137,0.3328345177998588,5090.3891414241225,5482.33571034793,0.46425368769519104,8276762.477460783,ok
2063,8276485.59289307,0.1244270998682524,34908.418428781784,1193691.2677377434,0.014622046492364572,8276230.376634449,ok
2064,8276472.135335654,0.15296707956825295,25299.718672621635,668727.9355378641,0.018916301628907454,8276232.846780885,ok
2065,8276083.371459673,0.26641475280135235,11446.8846049867,114538.80384940105,0.049969461092143924,8275797.374132226,ok
2066,8275775.143751745,0.3384156176512409,6112.53944434681,43298.68472966433,0.07058574045043743,8275559.414690389,ok
2067,8275646.483661939,0.12355281759554235,21223.026372890807,1149631.833137212,0.009230357824633138,8275548.535598167,ok
2068,8275534.868462571,0.25210603037979257,9476.916080162562,401720.92911624844,0.011795397492745727,8275478.976466485,ok
2069,8275496.707192718,0.3402398295793125,4735.57064052532,6690.164598824468,0.353920338623463,8274658.699810383,ok
2070,8274260.00405046,0.10667511104336029,30067.28335352376,643940.4819694846,0.023346321745111687,8273909.023814873,ok
2071,8273916.975489901,0.28106369198335435,10398.090975201492,196721.99719827395,0.02642838910567121,8273779.573092776,ok
2072,8273761.292806441,0.21151671561974328,15028.230911644223,712480.9781509285,0.010546408516509696,8273682.045875204,ok
2073,8273654.1762752365,0.30555815465514463,5821.744886310468,17745.0788106152,0.1640382933331316,8273176.681727551,ok
2074,8273084.934849125,0.34845305184646236,5815.34354639271,25019.698542373815,0.11621530004735546,8272747.018901564,ok
2075,8272557.158110142,0.224498805705645,13333.151615703198,172105.66113433416,0.03873536619256304,8272298.9258549735,ok
2076,8272285.877862844,0.2716057198927047,10133.910276567205,145494.41953237168,0.03482576963823849,8272109.417250431,ok
2077,8272090.312998849,0.3376508098691381,4563.653957387103,6934.67582663786,0.32904594760269423,8271339.48707838,ok
2078,8271443.867605477,0.19410773830802688,19815.728944527385,299419.57412475144,0.033090236338842824,8271116.014028476,ok
2079,8271077.231981069,0.3320755717739225,7282.885160173577,57727.97114425397,0.06307934451718981,8270847.53217002,ok
2080,8270571.221731002,0.2638599377379288,8679.744122448963,277321.064209241,0.015649269461731233,8270503.305903686,ok
2081,8270543.412036024,0.29161849889928754,6549.420939344516,105808.31366102288,0.030949462819749852,8270442.061506098,ok
2082,8270477.910986779,0.3151473169842803,6507.788815195303,102150.73304146464,0.03185385274011537,8270374.261913488,ok
2083,8270377.495769275,0.37650904473528185,5190.832849084785,31325.254127875352,0.08285380268416764,8270162.455648953,ok
2084,8270129.665138157,0.24172447458803253,8045.963357349145,237258.20000517645,0.01695613335423939,8270061.450924331,ok
2085,8270099.735354157,0.3357986224183408,4232.370004075761,4177.55763786086,0.5065603363216513,8269027.759967806,ok
2086,8268876.344982384,0.1365835335421389,27318.401547017827,484364.7339900351,0.02820023799212006,8268491.152269788,ok
2087,8268306.841904228,0.29616325283199946,8918.822680173726,67244.28785210867,0.06631658215928334,8268011.108985711,ok
2088,8267850.047960088,0.2737121433643892,9044.60805058209,264495.03867081634,0.017097878463116986,8267772.726155491,ok
2089,8267816.085404719,0.28321677102624476,7963.357380605285,181674.3033614898,0.02191657607394274,8267728.8206408005,ok
2090,8267613.184376638,0.3783114253238576,4288.178106638055,4563.083210019557,0.46987726382264206,8266605.725678873,ok
2091,8266464.566570718,0.15029848882438285,29666.767939489,752568.0657168417,0.01971035530934374,8266172.195302234,ok
2092,8266283.051087601,0.2350553220560978,13389.27114866281,134256.75182857623,0.04986442382338694,8265949.2269419795,ok
2093,8265933.619554919,0.29281007788649344,5943.162209415943,21596.11221125879,0.1375979655800633,8265524.736040355,ok
2094,8265474.31018007,0.3527521765912302,5216.836329775462,23761.715042379885,0.10977398559975668,8265187.973721999,ok
2095,8265814.210607812,0.15428076975892466,19807.869541548916,204326.90115488422,0.048471027137376596,8265334.156716771,ok
2096,8265602.255590178,0.1724560053115023,20539.020751956225,566411.2121659854,0.01813083878884915,8265416.060753111,ok
2097,8265318.3006434515,0.25665670314210715,10263.49482948364,113785.45408332364,0.04510020596291602,8265086.8577780975,ok
2098,8265091.726563512,0.37169833444900396,5564.0199632916,27569.94067706075,0.10090736190667757,8264811.001275466,ok
2099,8264796.412436425,0.2754625737425664,8766.34610223422,116614.194177169,0.03758695999269065,8264631.662286311,ok
2100,8264680.37709018,0.27217461482918665,9910.967460864094,165982.49532279317,0.029855459883254006,8264532.428844465,ok
2101,8264509.650939615,0.25136411124834773,8452.274385599907,275529.1192064024,0.015338259727219975,8264444.829349709,ok
2102,8264397.344568519,0.33856715439789586,5011.276375627003,11304.377350546856,0.22165203001581418,8263841.964777704,ok
2103,8263859.823795209,0.24325548348110734,11227.750230648624,224154.76409065502,0.02504463885966702,8263719.226320342,ok
2104,8263701.2162368335,0.386445782189727,4842.494563192962,17005.230556746264,0.1423825024610402,8263356.472989802,ok
2105,8263213.407101797,0.2565210622614561,6602.180590274441,63213.20103912261,0.05222153349098993,8263041.019104393,ok
2106,8263074.018704947,0.3676738266869423,4842.317903105824,65057.805822396826,0.03721550275093051,8262983.914057325,ok
2107,8262983.905422151,0.19443769949649178,5992.521636185524,70755.23168204703,0.04234684484614604,8262857.023230168,ok
2108,8262909.7433486115,0.35854698750025304,5183.761003316886,50554.82029694902,0.05126871159731652,8262776.860974678,ok
2109,8262705.9188030865,0.2222355903298389,8854.675601652125,120832.0352985133,0.03664043057694432,8262543.699239754,ok
2110,8262679.38916264,0.19687825666995465,14615.767408954147,634993.0594433619,0.01150860406392977,8262595.28562254,ok
2111,8262555.0344392415,0.305789397669346,6581.045210234686,53277.039302084726,0.061762489962323884,8262351.803569872,ok
2112,8262485.267285476,0.11915832623950717,25218.137432176067,1404413.2410657038,0.008978175616259469,8262372.060852186,ok
2113,8262402.124688987,0.32786134237340997,6641.603671987772,80689.84610578243,0.041155139044885464,8262265.4566276865,ok
2114,8262266.464472724,0.3566528563774963,4790.788088669154,23173.917844873147,0.1033659504780077,8262018.862290562,ok
2115,8261997.997713869,0.35503517215106223,4665.651860582125,10684.526370505644,0.21833685924822718,8261488.655827076,ok
2116,8261240.9205883145,0.1551848323876247,15670.603037201681,658342.0715195664,0.011901565853927005,8261147.668231306,ok
2117,8261088.5342589365,0.2672967247167289,8788.662867240406,159011.15569063256,0.027635365673146138,8260967.095302879,ok
2118,8260895.775621217,0.33075012540186,5893.694052795589,33364.11032276499,0.08832386051628366,8260635.498715494,ok
2119,8260832.699598784,0.23481201405872365,7434.510087761857,83748.32643000646,0.044386021814867706,8260667.705435315,ok
2120,8260706.747379493,0.30478846949606553,6294.42822742635,36811.200863830934,0.08549610009613919,8260437.672846602,ok
2121,8260566.271612665,0.3025456473061548,5830.096724619749,23960.58645674741,0.12166014248323975,8260211.6264135605,ok
2122,8260510.42112837,0.15811523227223956,12663.551652344107,149066.6685595473,0.04247613425158633,8260241.471768327,ok
2123,8260198.427326659,0.35410248355366825,5004.548876189158,16075.103457236739,0.15566148266175528,8259808.919577598,ok
2124,8259751.593121176,0.33516262515205786,9016.72257486515,192813.91637622318,0.023381928919672747,8259646.178938009,ok
2125,8259656.709391907,0.3707823732648999,5303.369512534281,38798.759646633654,0.06834457545596337,8259475.481122997,ok
2126,8259262.987195413,0.37598169764583844,4855.999368017347,9705.99033967948,0.2501547600024557,8258655.611517173,ok
2127,8258677.832248122,0.17102146872403884,15696.732152293032,185623.2694007586,0.04228115419733277,8258345.99427186,ok
2128,8258322.018975303,0.32761388143408887,5676.439722611989,11277.191454417776,0.251677899836855,8257607.701761333,ok
2129,8257634.80174158,0.12369948164044618,29030.44089536543,1437171.0018383574,0.01009985619603761,8257488.200102405,ok
2130,8257544.481634283,0.19661286536149425,17474.488609521824,631889.2612893598,0.013827176437423082,8257423.6702157045,ok
2131,8257467.28538451,0.3009085646913144,8523.951245252287,96778.43864342202,0.04403848297583408,8257279.59444361,ok
2132,8257379.671285421,0.21513729340424545,8341.568229627668,65100.82850843859,0.06406652895781814,8257112.463624152,ok
2133,8257042.610248558,0.3092781729911103,5530.154916633203,13687.497933359286,0.20201482197688822,8256484.023618064,ok
2134,8256669.481009515,0.2150826405671296,9538.728167291309,79503.35160496552,0.05998947198281104,8256383.369376443,ok
2135,8256311.800313307,0.3617328722147878,4928.512604838392,18206.39783583402,0.1353511180322019,8255978.260467656,ok
2136,8256419.989718665,0.1154271092812251,11401.29982437343,66355.24847264928,0.08591106270269554,8255930.240826613,ok
2137,8255855.382648225,0.34685677943492993,4942.5831348786105,10190.555533004626,0.24250803201409563,8255256.074593672,ok
2138,8255066.474974015,0.17658224085427618,13104.280853989301,79170.79385513563,0.08275956458114545,8254524.222685202,ok
2139,8254536.4158044,0.3347842409789839,5458.6877523487965,16646.99350322137,0.163954162392521,8254088.9285153,ok
2140,8254335.023939851,0.18074820553471796,10245.901052068224,70714.5370711883,0.07244550750402055,8253963.889189075,ok
2141,8254002.684057653,0.3240386954414344,5382.20820039065,33065.16259641016,0.08138789858808963,8253783.660750056,ok
2142,8253555.888231549,0.3319859053335208,4583.29663381188,3880.2775883914433,0.5905887567842629,8252202.466501081,ok
2143,8251877.705603621,0.16038165718062103,20119.800397200157,247087.49941634788,0.040713918034553924,8251468.1276515,ok
2144,8251650.556329624,0.19853113941762401,16173.076026566021,654535.9961270161,0.012354611604452958,8251550.650293245,ok
2145,8251588.766622423,0.27795627376660004,8851.160124476846,55999.65668071878,0.07902869989847978,8251239.018783808,ok
2146,8251410.089550695,0.2510165131551009,9744.697295044592,92440.27958045385,0.05270806914080922,8251153.277461304,ok
2147,8251268.517606895,0.3055607523283174,7045.771048448,43389.05445752687,0.08119295449668117,8250982.4841228295,ok
2148,8251144.62793813,0.26076468500919503,9717.004181572884,81914.55883337966,0.05931182637104838,8250856.461305698,ok
2149,8250736.276918083,0.33404559088607827,6896.468598203421,91384.70021387092,0.03773316858327141,8250606.164111961,ok
2150,8250544.4477478145,0.3644490481181069,4695.735303256479,13617.811853943933,0.17241152079423538,8250139.648315374,ok
2151,8250362.86268844,0.1717724241251938,16725.316548373594,311880.2039103572,0.026813687336790543,8250138.628984172,ok
2152,8250092.876416902,0.3235969472527198,7584.971129638539,75789.99267334936,0.05003939743291269,8249903.102724466,ok
2153,8249839.918566965,0.1493070351702404,14960.655473881261,364456.84446056327,0.020524591184485366,8249686.387898238,ok
2154,8249710.522024216,0.37662516033844706,4617.673454375537,7970.793516834002,0.2896620922762077,8249041.739547095,ok
2155,8249117.753302041,0.22991565665830418,15108.708044254905,397297.1555814977,0.019014367246276007,8248974.112040356,ok
2156,8248820.538913647,0.3529826244540627,6600.744443183841,41132.017262115594,0.08023852077470825,8248555.72192858,ok
2157,8248498.443363481,0.29453860518647135,8001.015130930111,371017.1968510563,0.010782539460215497,8248455.307732796,ok
2158,8248425.257102836,0.4028268233053417,4425.67618952333,33288.024918862895,0.06647549982779978,8248278.157584449,ok
2159,8248325.15034577,0.09530402848098987,19408.858056569705,618344.8821526099,0.01569420125949997,8248172.847083491,ok
2160,8248093.926612275,0.22881615765344018,7636.76581713395,254447.22625151146,0.015006580990561272,8248036.625739904,ok
2161,8247991.036792478,0.3650638428296273,4011.545031257091,4947.669926983877,0.4053973982155422,8247177.90183323,ok
2162,8246983.365842732,0.1967155954727722,17000.499365469044,303029.76966226794,0.028050873325773246,8246744.926415644,ok
2163,8246697.65777586,0.29956601918301695,7452.104676638859,82640.33296505733,0.04508757654564279,8246529.659105844,ok
2164,8246606.951113653,0.17187774189028918,16003.257687376452,998625.3015325491,0.008012643812857993,8246542.836911807,ok
2165,8246512.496516892,0.3114098976159163,5320.719368856209,12429.438055393675,0.214037004132593,8245943.081100121,ok
2166,8245677.015819905,0.23987927202076056,10955.655493539984,287692.02209034737,0.019040596631663718,8245572.714711362,ok
2167,8245585.428647084,0.33552894566551644,5994.551535394748,19307.38550158942,0.15523985717541264,8245120.131984991,ok
2168,8245263.583778147,0.15093455857151966,16585.764924006653,566608.2144439837,0.014636008180963604,8245142.2090825895,ok
2169,8245295.751775189,0.2325668651315874,7945.5412922249925,135715.62981638915,0.029272756951334876,8245179.457825642,ok
2170,8245219.211461257,0.3387570352834006,4656.033758347186,11434.901631165038,0.20358871062158887,8244745.253506521,ok
2171,8245147.8753619455,0.09370302483789249,32419.454048548443,721477.0249644074,0.022467419562076693,8244783.6846239045,ok
2172,8244623.984780546,0.3262459931247084,6831.402635376742,40248.416307503976,0.08486548368988975,8244334.10963608,ok
2173,8244181.159388609,0.36246890199611337,4739.852907100769,24317.61189008534,0.09745720362107758,8243950.192983658,ok
2174,8244308.589104334,0.14830899667001118,20987.09475310069,605561.1000301695,0.01732863517162438,8244126.75025019,ok
2175,8244118.728337062,0.3162335971624972,5383.890827464625,25948.255952506104,0.103742826441186,8243839.458311215,ok
2176,8243950.594471554,0.3175459743009008,6237.1219931057685,90386.24934500735,0.034502604313729535,8243842.995995462,ok
2177,8243837.982195833,0.34639345233971575,4067.460301658858,3466.3092691722227,0.5867134155963807,8242644.765432638,ok
2178,8242382.835690783,0.19532590840371464,19216.906871962638,268164.58293872647,0.035830434171006,8242038.560632461,ok
2179,8241937.0774702635,0.30010692441819514,7801.004875407456,45026.372010308674,0.08662706461916847,8241599.188393545,ok
2180,8241673.380398532,0.3430888783714223,6049.595405687547,22618.93211656115,0.133728581316581,8241268.878492962,ok
2181,8241519.47667583,0.22743391101411042,8048.367075164114,65559.38709449014,0.06138226295163556,8241272.46318376,ok
2182,8241248.778872534,0.34283705310926604,5541.727504298999,27743.898450870896,0.09987290564288093,8240972.044658465,ok
2183,8241066.1525930315,0.2118709078083976,9912.699578047825,173167.71902838312,0.028621672773847303,8240924.293571218,ok
2184,8240867.662051303,0.3438439248994926,3863.9432788306203,4154.109745596257,0.465074771186144,8239969.1507831635,ok
2185,8239646.169279828,0.2585217203024795,11536.055027259092,111705.61194683498,0.0516359689822457,8239348.331590045,ok
2186,8239235.282291295,0.3291486721906653,8489.014896629247,141292.81626890786,0.030040504254911983,8239107.775147234,ok
2187,8239101.643738858,0.2928269557550144,10770.50176725692,516845.7968727795,0.010419453763989934,8239045.532366268,ok
2188,8238997.122348176,0.30094762471843545,8675.96662073426,435515.4344081177,0.009960573076503285,8238953.913548408,ok
2189,8238978.618208123,0.36853302465992616,4532.523045770974,10971.100519972355,0.20656647150027183,8238510.484561845,ok
2190,8238814.426845963,0.0772865104793816,49051.16729447953,2492351.7085901704,0.009840338168449333,8238573.086809095,ok
2191,8238636.048710024,0.11450952699266999,23757.649918140934,1274668.6088683698,0.009319147640747422,8238525.348186432,ok
2192,8238439.6087257825,0.3080388275995629,6315.878403406039,236128.184995419,0.013373834223831793,8238397.37497041,ok
2193,8238417.52374003,0.38350568961353537,3953.991295604421,15373.535717045961,0.12859733012557062,8238163.287378053,ok
2194,8238233.662105843,0.13598532001622612,20738.75091729412,1281575.2701783902,0.008091117002596097,8238149.762275764,ok
2195,8238150.289292019,0.38370623078327987,4342.168113863921,44368.28583636317,0.04893324175153489,8238044.051110999,ok
2196,8238077.830865688,0.1402956122089159,12365.79989162648,475368.3925942144,0.013006544065901135,8237997.412705088,ok
2197,8238002.461719174,0.36708088293160324,3830.101881074116,18494.7724667391,0.10354552584959212,8237804.166762507,ok
2198,8237698.457208499,0.15444938171950148,12987.315329905901,462770.3562856043,0.014032138352754193,8237607.337305729,ok
2199,8237649.054180357,0.2133321652955384,9396.552936711545,323609.61887501494,0.014518346162542063,8237580.842976222,ok
2200,8237614.80962959,0.3460951782499653,5751.777271285897,118493.65425286027,0.024270402105296945,8237545.010655993,ok
2201,8237616.074923432,0.1881193957004788,14241.547137478788,892052.6608996325,0.007982458750314263,8237559.23364215,ok
2202,8237541.650715392,0.37349171534095355,4776.355061084779,44342.49625713621,0.053857534692987666,8237413.029361188,ok
2203,8237336.638002164,0.2979435232876811,8669.165484099347,613071.2756021641,0.007070275373433876,8237305.9913085485,ok
2204,8237330.986584527,0.40223187150850037,4025.8454276461357,23920.69899591399,0.08414982832094099,8237161.599483736,ok
2205,8237164.561777838,0.20865949494020883,12840.079208267127,886426.6256382051,0.0072426069100883506,8237118.063954638,ok
2206,8237125.717658998,0.43813165786506925,4102.954050296789,19954.386019899677,0.10280832610447357,8236914.808740001,ok
2207,8236918.256204732,0.28528295588878094,9223.916504536981,215872.90025392183,0.021364229816913778,8236819.725268724,ok
2208,8236809.374610045,0.3989603365529706,5553.559827179976,71057.80657515758,0.03907776002982865,8236700.8642709255,ok
2209,8236728.795333308,0.16657526356624974,12653.330322291114,511775.822406209,0.012362180634871664,8236650.58395577,ok
2210,8236621.224005197,0.3448748817981083,6468.500387966147,115409.58383258262,0.028024104121844817,8236530.5870410055,ok
2211,8236364.411467589,0.40239400817543497,3738.6124441471025,36227.45640772051,0.05159915730863124,8236267.956841778,ok
2212,8236279.588173507,0.38752839940645395,3211.7291493762955,1814.0449915620673,0.8852396617271019,8234858.01316063,ok
2213,8234930.4057915285,0.07865819973658086,59406.991862033334,3057844.458014376,0.009713867509894456,8234641.869967475,ok
2214,8234561.809757987,0.21458168901448332,18011.38701636703,221209.43267599572,0.04071116407307145,8234195.177491983,ok
2215,8234109.880180957,0.25704236383880086,14290.463696907198,351912.13606217445,0.020304022272170822,8233964.803234366,ok
2216,8233885.305233242,0.3186441970497333,7568.51974857518,40954.370090615754,0.09240185762629301,8233535.632591117,ok
2217,8233541.851024809,0.35330862379409245,6578.121278869805,74190.2111662081,0.0443328114010409,8233396.037719795,ok
2218,8233346.02473437,0.3602680401736857,4927.429947186127,10318.107678632528,0.23877585409339153,8232757.7490873085,ok
2219,8232447.585800329,0.2901130862909221,6509.6782257035775,68835.34203475968,0.04728441839089283,8232293.682625921,ok
2220,8232246.434348065,0.3787916948766806,5128.937407900417,25455.72761068756,0.10074230613913071,8231988.083856808,ok
2221,8231965.908399213,0.3529686603903982,5600.551100256245,76360.76256375814,0.036671655129033136,8231863.217659973,ok
2222,8231919.177770141,0.34716767468712456,4233.787609183113,6001.17513162349,0.35274654682821693,8231172.450790568,ok
2223,8231202.7394821895,0.08286264779946616,45381.65497673431,2238061.8440442854,0.010138606110796177,8230972.686119957,ok
2224,8231125.604487515,0.22949124086822076,10642.338018589053,221701.32854823538,0.024001520622988978,8230997.888339801,ok
2225,8230983.791215102,0.18663274204901112,12762.68683296077,515769.2584665204,0.01237247724971691,8230904.83818886,ok
2226,8230799.311959958,0.36119923734652865,5366.862510652587,22383.938722819315,0.1198819961292455,8230477.616864594,ok
2227,8230142.349097963,0.3262948012213778,6371.43997594741,49670.329115297885,0.06413728366040844,8229938.025671433,ok
2228,8230045.019757507,0.1892296304749667,13760.922136719062,493264.8771772304,0.013948816116269672,8229949.04547127,ok
2229,8229890.324255152,0.38943651684963837,4466.796673430957,23464.806044593075,0.09518077125679518,8229677.747678939,ok
2230,8229627.419731014,0.3603711755367269,5259.056989682329,56375.540806532605,0.04664307352483018,8229504.770440093,ok
2231,8229444.972069392,0.17922150081100377,11256.34420978938,535063.7425794327,0.010518694609659825,8229385.771045811,ok
2232,8229385.677153135,0.39865990289053715,4036.7631966139106,31160.315926977844,0.06477410572591434,8229254.938290091,ok
2233,8229186.210671654,0.18621862447819906,9480.249817899981,384878.9954652081,0.012315883601859182,8229127.831845017,ok
2234,8229125.633726179,0.39157098613455005,3929.855372878285,14694.990719628191,0.13371411550567203,8228862.895158554,ok
2235,8228570.284794791,0.3980005685033604,5305.864043285648,31952.3463909136,0.08302776857718491,8228350.017768847,ok
2236,8228147.100838094,0.4191347065271286,4886.866685994147,34356.13302645588,0.07112073239195785,8227973.322069189,ok
2237,8227824.864205133,0.29836308607565387,6293.977102387093,101491.78496196607,0.031007322931337514,8227727.284514865,ok
2238,8227853.155561985,0.23016013214676415,9663.575743839261,293118.3380118206,0.016484085931617074,8227773.507955501,ok
2239,8227655.997806503,0.3720397488636207,4180.719933139605,8691.851959562124,0.24049649905393813,8227153.273552781,ok
2240,8226982.395311172,0.16541113256644085,17781.43585741655,446874.7167635406,0.019895325457431758,8226805.511584431,ok
2241,8226769.2230234705,0.3104811379117613,8323.150832263429,187963.484660889,0.022140339777376162,8226677.084329748,ok
2242,8226491.26026376,0.37966457772259016,5316.82583972396,40752.860797099456,0.06523254730748104,8226317.845217202,ok
2243,8226269.173576456,0.2908917942340862,7994.792603332154,172503.1167480954,0.02317289320345113,8226176.542338866,ok
2244,8226153.034969372,0.355612691677134,4291.8508099121045,9332.965233226343,0.22992964736612656,8225659.623097736,ok
2245,8225593.457049429,0.32964140037511813,8679.074214068345,226605.8203548154,0.019150157309460993,8225510.35423118,ok
2246,8225497.198415746,0.3639704939046138,4960.608596549394,19732.697796584882,0.12569514436611706,8225185.436208902,ok
2247,8225283.59224849,0.16903916137529398,18651.47426327604,1030905.1814359969,0.009046163798156254,8225199.2301028585,ok
2248,8225230.91224738,0.268038409096984,8326.128471653463,162046.10863416744,0.02569061528793138,8225123.960565679,ok
2249,8225376.41467941,0.10757154640006077,27080.080712277362,1360819.241687704,0.009949918358992458,8225241.692383288,ok
2250,8225250.16100116,0.26620720993363584,8844.858798691354,330763.06017187587,0.01337038482183479,8225191.0314182425,ok
2251,8225213.838134067,0.2508124979518976,7441.045618842658,189228.38736158234,0.019661546881504944,8225140.686900427,ok
2252,8225006.115984613,0.3448826523078277,4762.431031584264,33291.58556993137,0.07152604704844165,8224835.797051597,ok
2253,8224774.200121101,0.24372383713379528,8540.064776240373,400381.9236068545,0.010664898029495065,8224728.660661099,ok
2254,8224695.40970724,0.3598589445848141,4016.7796428550155,4799.998795367979,0.4184146511381655,8223855.069980757,ok
2255,8224136.809504738,0.11486238918232587,30802.264650146702,988108.6519223219,0.015586476542950136,8223896.760117019,ok
2256,8223924.631696015,0.21788940689623376,13204.74784550746,263246.97847065266,0.025080530690648657,8223759.040654214,ok
2257,8223779.651942963,0.2546736452657834,7978.7439011390925,135315.41463872968,0.029482021403256425,8223662.0371937305,ok
2258,8223592.470977922,0.37801804024341695,3901.431740717356,7214.8235092085,0.27037610384632693,8223065.044021183,ok
2259,8223488.2713173665,0.06103441832476391,61574.57193774802,1952891.4402412758,0.015764975632782896,8223002.910504268,ok
2260,8223299.908434337,0.14543447973087953,21337.298547333143,358908.61888726207,0.029725252368536,8222982.780142246,ok
2261,8223046.004601131,0.23420960891853632,10621.848097907885,113452.25334145203,0.046811975016220246,8222797.389757238,ok
2262,8222978.393616149,0.2642051667539686,9762.461170020342,197602.37317814401,0.02470228725749972,8222857.816056068,ok
2263,8222819.055061695,0.3472703134677301,5522.286717082754,53264.37005627613,0.0518384682973648,8222675.921619238,ok
2264,8222677.529609558,0.3137701523474768,4584.011493532603,12551.498095889412,0.1826081420126995,8222258.990698659,ok
2265,8222057.261917492,0.2103068251498294,10799.973173431028,523150.57611383224,0.010322050348923886,8222001.522984061,ok
2266,8222012.231971666,0.28408629045492245,7319.0455855231185,197732.1132173691,0.018507478290785296,8221944.5034330245,ok
2267,8221992.733892265,0.3766847278419135,3507.991015469463,5046.635439786005,0.347557403078259,8221383.119768585,ok
2268,8221605.740926071,0.10907710911633488,28461.081059656775,1413726.273044309,0.010065980098951145,8221462.4965883,ok
2269,8221430.755275501,0.2724584276693455,7394.211872397178,93138.91967661314,0.03969453316653532,8221284.0003812965,ok
2270,8221409.5589327905,0.2672675094832159,6302.533408726521,48644.27339867824,0.06478186401379955,8221205.414001677,ok
2271,8221173.939295309,0.34361724843096103,4300.280503258378,6118.014647518603,0.3514441163525592,8220418.28515454,ok
2272,8220321.195039675,0.17293568938710452,21981.1660038034,508811.58582743845,0.021600496741890456,8220083.79298735,ok
2273,8220059.48517165,0.31889004181802083,8961.79055166132,96715.6204588567,0.04633062637215727,8219851.882486812,ok
2274,8219929.363267754,0.34510967926361896,6147.091789036034,29886.54081635442,0.10284046967510274,8219613.278364394,ok
2275,8219776.558817489,0.11001223420160744,24427.40171440166,1285537.0473090834,0.009500854823878347,8219660.518218783,ok
2276,8219668.715085484,0.3242346102986597,7622.368709894975,222210.04869328762,0.017151269158884864,8219603.348436799,ok
2277,8219590.313331314,0.3897329798725407,4717.657685218903,23879.51944713518,0.09878041506787691,8219357.307239167,ok
2278,8219772.840808418,0.05093822495956591,35517.1050770295,680827.5567532785,0.026083774609831453,8219309.630726606,ok
2279,8219243.0065459125,0.31908986172770476,5385.52912448313,112491.98032723744,0.02393739139810993,8219178.548786643,ok
2280,8219203.784330223,0.24842594532645607,10174.051773316733,677228.0411111122,0.0075115405415171555,8219165.57292904,ok
2281,8219175.69747316,0.3894902442541258,6200.659150287832,115982.46441200492,0.026731019993941535,8219092.822501299,ok
2282,8219197.184401793,0.25631362178882533,5315.373376375975,68649.98675902782,0.038713579035592284,8219094.295838139,ok
2283,8219052.384305951,0.26608851582087517,9334.73829034715,460879.42338227277,0.010127093787179695,8219005.117420879,ok
2284,8218959.457987294,0.36886275632818916,4252.181088535029,11540.022706052674,0.18423625311866954,8218567.755031627,ok
2285,8218489.074818894,0.1467835635121115,16151.327554454107,384969.83898441005,0.0209773934460203,8218319.668442502,ok
2286,8218284.84304535,0.35928385988259404,5162.214610214571,18685.5616279884,0.1381337824623447,8217928.3049303545,ok
2287,8218058.7971767755,0.29098926621597393,7704.425176200157,73653.31363535445,0.05230195897460574,8217857.318912031,ok
2288,8217870.8512571445,0.39969344834721116,4972.831543204926,21858.769222257855,0.11374912037914063,8217588.023650228,ok
2289,8217678.602274139,0.3186915116242594,7139.152112659926,90502.58222650547,0.03944170396592885,8217537.812112042,ok
2290,8217500.062712859,0.2663220803899613,7005.030654213117,104115.35272210302,0.033640719024937774,8217382.23557886,ok
2291,8217440.41378426,0.4044549368654996,4116.410155476071,21570.45268427209,0.09541779710718624,8217244.0243897475,ok
2292,8217145.550859716,0.25432423210891225,7667.492900160068,115062.7561206306,0.03331874343476332,8217017.815245352,ok
2293,8217014.2766087735,0.3963240785308693,3971.534883357862,9386.633070518936,0.21155268633177207,8216594.182172056,ok
2294,8217118.396638593,0.08048526033909907,32785.141453271804,545653.0784677275,0.030042111688746636,8216625.929197957,ok
2295,8216625.749395837,0.18252565583740002,11160.092466743678,259270.99568424345,0.021522061187930062,8216505.655299371,ok
2296,8216515.402876791,0.279220685498195,6485.856047676461,109011.59898075197,0.029748467632429002,8216418.930737439,ok
2297,8216406.569060655,0.3915523344598079,4478.276724159381,19608.6209573152,0.11419152662259793,8216150.87843277,ok
2298,8216059.803116143,0.42384832954959484,3592.921601575208,6227.1943174605085,0.2884863887658821,8215541.548627164,ok
2299,8215229.339220421,0.19008104579686863,19171.30041691401,693892.3609406226,0.013814318686925656,8215096.91999362,ok
2300,8215078.154236977,0.26026795825797794,11696.394000362077,747154.7431646043,0.007827290201506,8215032.378701901,ok
2301,8215023.353633445,0.3610101873818365,7019.992291579845,122470.84055481189,0.028659851846277007,8214922.757663926,ok
2302,8214897.451355394,0.3838336656253346,5742.118453370337,64633.19118869164,0.04442081806394692,8214769.916555834,ok
2303,8214809.741153489,0.1685766437404724,15507.336133600364,1033913.0741920344,0.007499342314497176,8214751.593742463,ok
2304,8214841.247898069,0.16322145657423978,11872.162244738589,492740.82918787474,0.012047065659553767,8214769.7355390275,ok
2305,8214768.997986093,0.3893131259316529,4604.268740531925,13814.73330698545,0.16664341751004944,8214385.362447065,ok
2306,8214537.752678433,0.2273776228336898,9594.671275867946,180208.93889892244,0.026620963794835698,8214410.042980104,ok
2307,8214483.674134562,0.33823304408891225,5665.172556703513,33901.79014178847,0.08355270522603514,8214247.003888219,ok
2308,8214156.229634412,0.3150918849559224,7423.569612223941,109465.93485231564,0.03390812686265979,8214030.369964319,ok
2309,8214156.417885549,0.12414465252476448,15985.463166073845,374409.30925071705,0.021347577064876666,8213985.792432121,ok
2310,8213965.685113118,0.3398447433782686,6005.722644001311,64293.442858815055,0.04670556107245303,8213825.434790252,ok
2311,8213989.3526251335,0.17736348786236397,11381.893841485347,237981.31305388187,0.023913419283698858,8213853.262625297,ok
2312,8213839.831424385,0.35087759423589826,4201.052272602432,22358.908848487787,0.09394582492979223,8213642.495763724,ok
2313,8213521.95294304,0.2175801463894496,9465.758176684649,218430.15523339232,0.021667700063140317,8213419.402338519,ok
2314,8213397.789212646,0.37220699838907084,4896.831790253113,65687.19818229214,0.037273867098606084,8213306.527283968,ok
2315,8213409.932328641,0.23646501441700482,7688.027136246503,161975.0791670948,0.023732129583698094,8213318.705700521,ok
2316,8213304.3931967355,0.3268973886422191,7361.995638238082,171459.69108558292,0.021468590056433128,8213225.367363558,ok
2317,8213235.946898954,0.3591207348609117,5775.105282122857,181256.47471574266,0.01593075582866688,8213189.946002887,ok
2318,8213207.087534762,0.37766999542147195,3618.997839425121,4609.160275922919,0.39258754553729075,8212496.70079522,ok
2319,8212068.364863969,0.2362529084979676,17085.806488790025,879602.7246419117,0.009712229174679794,8211985.394229843,ok
2320,8211948.696027983,0.3657752579642464,6337.620978505791,83373.3467755164,0.03800747615164053,8211828.257538883,ok
2321,8211936.308919672,0.12258859621963879,22086.3293843218,1282485.067977018,0.008610754984914018,8211841.218934249,ok
2322,8211861.081426963,0.2553454986959503,10494.395027503506,580685.4741437628,0.00903621279917307,8211813.66663363,ok
2323,8211734.0686202925,0.38194838072253673,4036.1642694071447,14045.042212108154,0.14368644139522735,8211444.097579914,ok
2324,8211510.250366448,0.3989245464180974,4675.391816357289,33957.9491175268,0.06884090379215757,8211349.321267338,ok
2325,8211037.154194226,0.35028932637197024,3216.3598099325222,2214.573004650304,0.7261805781924103,8209869.325181,ok
2326,8209750.403012401,0.06549067253476633,50898.423212401045,1701722.018302905,0.014954975802440717,8209369.810668639,ok
2327,8209449.310994606,0.10743818945767823,28915.365132999446,1273289.5559348345,0.011354591341075644,8209285.149917325,ok
2328,8209231.208734687,0.32174630402827015,7991.709446819673,75753.68754306677,0.052747989609590304,8209020.435431255,ok
2329,8209010.908324173,0.36262609508218663,4299.5966782287,24677.621403318084,0.08711529786356532,8208823.628001515,ok
2330,8208811.89033481,0.2121664626120572,12451.813259419781,648125.5234550216,0.009606019828567906,8208752.084152274,ok
2331,8208707.077685131,0.3647942831637647,5058.430487798139,36467.75182793897,0.06935484413276519,8208531.6643561125,ok
2332,8208496.436231412,0.3733665976206549,3444.139908658366,16826.91368153413,0.10234021442797227,8208320.199223027,ok
2333,8208036.114433587,0.42013779700394055,3255.136971271808,4119.538802054087,0.39508512089371867,8207393.086341676,ok
2334,8207566.345956959,0.06602989866402158,44303.41323453579,1708566.5832378431,0.012965082446648927,8207279.147254332,ok
2335,8207238.32202773,0.3210017226136146,6533.066431826939,56455.94266805171,0.05785986490598435,8207049.320857147,ok
2336,8207216.73297604,0.1830543500699001,13007.350158487421,375746.0373867447,0.01730869904703656,8207104.162821393,ok
2337,8207138.027733685,0.4024866459631363,4107.099335688582,11972.65706759216,0.17151996054433752,8206785.802975682,ok
2338,8206579.987459531,0.30366442360766027,9050.687068090654,420615.2487201673,0.010758867035407956,8206531.299890159,ok
2339,8206423.228308348,0.373381106057504,3658.810059968118,4861.011645195214,0.3763424495788451,8205734.745538091,ok
2340,8205790.105526963,0.13853237623275594,28103.70294562792,1698272.062895864,0.008274205164073055,8205673.837624942,ok
2341,8205724.31309096,0.27440005058338096,11181.418070595311,188739.36190786085,0.02962131999803485,8205558.708909608,ok
2342,8205551.594913229,0.3462709382232136,6588.386707818522,52794.90108194962,0.06239605125494844,8205346.050255875,ok
2343,8205301.115845009,0.3117636830173431,8793.117470870136,498993.7570288841,0.008810849180985996,8205262.378429076,ok
2344,8205254.561702834,0.3880474924375557,5015.317172676297,28564.65841942316,0.08778885255750202,8205034.417232934,ok
2345,8204936.957289377,0.32495737002661695,5861.138920727473,106302.10921376046,0.02756830962281964,8204856.166443123,ok
2346,8204774.99522715,0.45034730827135416,3209.1162802328536,4991.7678625030385,0.3214408570898263,8204259.22468334,ok
2347,8204430.712693883,0.203597336581896,17388.933672307616,326674.507808027,0.026615075949737665,8204199.308798696,ok
2348,8204224.613875749,0.3084481080065963,7127.719953742149,67312.97386293579,0.05294462229715014,8204035.926655353,ok
2349,8204029.5435770005,0.21370757204881283,11103.329840287093,369912.9494133216,0.01500803075141985,8203946.224019157,ok
2350,8203915.230756687,0.3851201415421092,4120.44497196772,11271.670745639516,0.18277880293663334,8203538.665756916,ok
2351,8203618.663353551,0.19291271367941223,10064.152591102975,154788.68785059743,0.0325093284620932,8203455.073932413,ok
2352,8203374.839657144,0.4563953548156408,3406.1372318487447,6960.588911480555,0.24467306395804955,8202958.144640755,ok
2353,8203128.638015537,0.271436693260907,9263.447615588502,192871.03790412622,0.024014615455621818,8203017.408949396,ok
2354,8202935.775497315,0.36729619769789057,5901.193624391014,40746.05867415779,0.0724142876195987,8202722.110131108,ok
2355,8202522.732308784,0.4124078852662896,3606.6274174379287,9016.675190639846,0.1999976344485574,8202162.07383287,ok
2356,8201995.767276645,0.25352596481975836,11587.118805007023,471299.91409912775,0.012292723230339826,8201924.548654391,ok
2357,8201904.541694636,0.4489687789497383,4280.662212763691,23509.608014982354,0.09104069727652803,8201709.684458309,ok
2358,8201600.799183262,0.28748802100442306,11054.558755843567,495525.0709210657,0.011154388954826965,8201539.145759218,ok
2359,8201567.525733965,0.3870892407205035,4513.062315871963,24596.341115053583,0.09174255420270323,8201360.505801898,ok
2360,8201280.117222061,0.3181052203632877,6231.17676819711,145971.7236336912,0.02134378019620409,8201213.61878841,ok
2361,8201233.998559246,0.4122164503113915,4330.037392607459,19251.98032335691,0.11245693481605541,8200990.527192839,ok
2362,8200921.06695514,0.20567883853252034,9323.47494339066,420828.8123929927,0.01107751497618929,8200869.426488481,ok
2363,8200899.187873876,0.3451664562319905,5760.685815052068,99326.03814230437,0.028998870400925164,8200815.66118319,ok
2364,8200873.541131147,0.31656516152020214,5072.304618847824,107811.04511377451,0.023524049013229346,8200813.880559915,ok
2365,8200755.051510964,0.39602292632346997,4538.964461540872,116186.65522088905,0.019533071388067716,8200710.721552536,ok
2366,8200709.176195582,0.37877294732262223,3064.6221044092663,2166.1042694996777,0.7074041050473361,8199625.213067044,ok
2367,8200298.184521045,0.0611508250420173,61537.76969891033,2357931.7230852614,0.013049099152538345,8199896.678291831,ok
2368,8200021.517526251,0.16667753949193462,21376.80494342076,433716.2504479122,0.024643767580006828,8199758.115019937,ok
2369,8199882.591033731,0.15476905864486235,22659.53457870855,1113509.1978916614,0.0101748304466692,8199767.312572561,ok
2370,8199881.018016141,0.18823920446822984,15656.7790281758,402398.2301079978,0.0194543338622212,8199728.72191293,ok
2371,8199851.504187781,0.12592062616306923,25667.308906966136,1360413.7633091474,0.009433640558197353,8199730.436104619,ok
2372,8199763.187175856,0.237947472717599,11584.030519736018,354456.9690085312,0.016340531478529357,8199668.542568178,ok
2373,8199631.286485328,0.3458143620737338,7569.8021922163025,61021.11938253818,0.06202608431977142,8199396.523890799,ok
2374,8199414.205261044,0.32320141939365776,6816.605730658164,138705.984205867,0.024572140018634593,8199330.455965811,ok
2375,8199369.160344674,0.3752085028051363,5155.124714095804,13348.572810373504,0.1930964750812023,8198871.442139227,ok
2376,8198619.787506962,0.21922568032720313,14885.581468692557,836097.1415968467,0.008901825355043587,8198553.53308369,ok
2377,8198576.693904312,0.29908360515245624,7758.560998285928,89021.60818146916,0.04357684138029849,8198407.647113332,ok
2378,8198397.324907608,0.32754590488767377,6801.606950448199,222930.48034160474,0.015254995503588926,8198345.445665886,ok
2379,8198324.807179722,0.4047825724446883,3987.730999322245,6379.652216426018,0.3125351401644458,8197701.654146316,ok
2380,8197713.328778772,0.12336921606791039,27277.754325345115,1048213.183339469,0.013011548966805486,8197535.865860717,ok
2381,8197529.546128251,0.2893864220478837,10816.835516089537,132530.04552228912,0.04080899343790818,8197308.8340434525,ok
2382,8197208.780625381,0.2669276695312915,11088.032657722517,383156.9522708012,0.014469308976398143,8197128.562540147,ok
2383,8197080.511069216,0.40503517622509483,4651.352570091862,12991.23396315722,0.17901889009477348,8196664.171081947,ok
2384,8196863.519224931,0.18317120513751498,19378.67665834246,614967.9344880532,0.01575584316804645,8196710.855529814,ok
2385,8196717.6368232,0.3164552646647843,9577.38228948042,104860.13376301121,0.045667414038998606,8196498.949681988,ok
2386,8196549.914471449,0.22078308687643255,7075.179792685162,99181.18092203929,0.035667954983549556,8196423.735874276,ok
2387,8196408.639706556,0.4129232541743345,4342.121059976934,17636.854931552774,0.1230979411246608,8196141.386625257,ok
2388,8196130.360554772,0.2041798291497844,10809.463832517082,350250.35224907444,0.015431053478042071,8196046.959847539,ok
2389,8196043.040770717,0.4266641389781233,3164.8356833296993,5000.652901684383,0.31644224719772884,8195542.296912895,ok
2390,8195246.438589763,0.3288833084404699,8153.878812853514,196154.43586464223,0.020784334488566338,8195161.70211745,ok
2391,8195116.590552564,0.4105420038028094,4036.220262641389,15065.995265971856,0.1339513318365903,8194846.262012681,ok
2392,8194845.469964974,0.14780110381761086,16230.439752544782,915013.0641303684,0.008868966132177712,8194773.496354736,ok
2393,8194860.476211809,0.17683316653968095,10467.299012225754,413715.42914457934,0.012650360942385584,8194794.268656511,ok
2394,8194860.476211809,0.17945740650140563,9994.7927358321,415007.42837862746,0.012041703415864476,8194800.299046895,ok
2395,8194819.875362236,0.3827749572791034,5180.501254183691,77290.6586195695,0.03351311365893848,8194733.067998566,ok
2396,8194591.7761458075,0.37625536444763574,3363.6106043645696,8945.843811008786,0.187998509443307,8194275.5992558235,ok
2397,8194406.194883138,0.08384258800993195,37415.154725049855,1736867.3857983765,0.010770872615542675,8194204.697950421,ok
2398,8194175.163940006,0.29634739339776267,7645.284913776817,286067.50024720875,0.013362728913927745,8194124.083005119,ok
2399,8194138.759444429,0.3801903739850361,4748.1858881027,46016.6255669188,0.051592069492337515,8194016.2750762785,ok
2400,8194125.439184843,0.14342401423501183,12024.496742923562,467106.9906171221,0.012871244687472246,8194048.054064932,ok
2401,8194018.304827158,0.2226281688680913,7429.296843858612,256554.1046983032,0.014479006002642505,8193964.520410359,ok
2402,8193859.713007004,0.4089509015878911,3505.155533333538,6168.417352657009,0.2841211394219064,8193361.768615013,ok
2403,8193291.573865702,0.19413080262449692,15284.543017348404,937941.6147773069,0.008147918152121533,8193229.305262954,ok
2404,8193238.723450577,0.18768033773384837,15459.59657686541,953954.999341004,0.008102896146854392,8193176.089697809,ok
2405,8193196.274863332,0.350959373667032,5586.747921683017,54258.03454217668,0.051483139490983966,8193052.463202055,ok
2406,8193108.387285814,0.28084238940450185,7378.722451918249,205236.06606465072,0.01797618370251236,8193042.066650671,ok
2407,8192942.504851021,0.38490444288715703,3904.9728453227735,8716.297306267445,0.22400411023812294,8192505.1398671605,ok
2408,8192204.181191404,0.37733349768656277,6568.275326774465,133675.21257114795,0.024568037710351626,8192123.496373445,ok
2409,8192074.894761325,0.3711697167006991,4705.628391885122,70462.87548497606,0.03339083424780505,8191996.332332493,ok
2410,8191995.2854245445,0.19878921915229808,9173.658591417716,440830.1335503841,0.01040498129918474,8191947.559551501,ok
2411,8191933.386712389,0.42928878839040224,3566.3852627879405,6368.403160730884,0.2800062411861058,8191434.081646362,ok
2412,8191493.073936196,0.13186198085355139,27108.30762327651,660756.7162792522,0.020513077624034218,8191215.03652693,ok
2413,8191135.805774949,0.3500955813906417,5855.293360413866,49835.536238409215,0.05874616591263924,8190963.81775734,ok
2414,8191004.59126849,0.30294442290667556,7316.470782603439,180898.66958748817,0.020222566587381585,8190930.612359697,ok
2415,8191119.974752819,0.2100120541637853,9519.580331186982,201452.02212389762,0.023627413194522866,8191007.513223858,ok
2416,8191034.156027476,0.34698035215300654,5318.615706270401,43637.328626766306,0.060941123960187416,8190872.094817949,ok
2417,8190869.957794882,0.3591987813381123,6164.504986711251,94962.65201587448,0.03245752333075512,8190769.915512668,ok
2418,8190795.486402829,0.3893346066675037,4897.951504890725,45437.80334883553,0.05389731835502837,8190663.493177055,ok
2419,8190656.541340554,0.2973797765820827,7489.741943734327,222297.97650982602,0.016846176607917224,8190593.454582788,ok
2420,8190617.374054621,0.40499988150431215,4783.170417547678,16828.62849038525,0.14211408910359097,8190277.496101162,ok
2421,8190508.99483545,0.17411228430479497,15583.067374916309,269416.53430201823,0.0289200278952582,8190283.663463862,ok
2422,8190322.090243944,0.1660215235587526,7203.510637646175,79830.77749498018,0.04511737743064783,8190159.588489812,ok
2423,8190163.946072302,0.39323349980952876,3507.655811696995,7763.351072877922,0.22591119342466406,8189767.7367170295,ok
2424,8190042.554374948,0.18940634638633966,14323.372746123663,231542.27423125398,0.030930362055220473,8189821.040822504,ok
2425,8189853.974388447,0.2707234676611398,10153.656767487917,300791.5999319315,0.01687822527255693,8189768.286535315,ok
2426,8189712.622337573,0.3886092605161144,4855.91361619047,24185.54701289379,0.10038874898305354,8189468.882791024,ok
2427,8189383.416953138,0.3466284308571163,4214.0023482822635,52790.37390628704,0.03991260182929297,8189299.32105422,ok
2428,8189331.36836688,0.4114509126749965,2934.096331799994,5863.040375286004,0.25021969353714935,8188964.284024405,ok
2429,8189013.581944929,0.24964011052236568,12668.684411285814,308719.3089723583,0.020518127702242504,8188883.613102644,ok
2430,8188862.67754461,0.35899478307762805,5829.24887725077,97609.52213239021,0.02986004208351935,8188775.646736214,ok
2431,8188681.265224788,0.4450630179422365,3777.591445014515,18544.75280871399,0.10185068207648104,8188488.890092148,ok
2432,8188458.673894821,0.3004363732722143,5674.990395019238,170278.09967664993,0.016663888091879627,8188411.390192388,ok
2433,8188425.088584531,0.2926896621068328,6084.286386021595,190574.14090099066,0.015963042932415933,8188376.526722135,ok
2434,8188315.18516206,0.42535877070421585,3343.6488486834132,5569.288889762158,0.30018633571244024,8187813.326314162,ok
2435,8187650.477792258,0.42388891845277,5434.173429331078,80480.63615153627,0.0337607509656057,8187558.746904333,ok
2436,8187574.89715939,0.3656568820549666,6325.6890851028,186315.61468342922,0.01697573522179245,8187521.205547889,ok
2437,8187571.181361664,0.4146675534897043,3583.6426314152777,13169.303828383083,0.13606044321384886,8187327.385359288,ok
2438,8187358.444645689,0.29073835771957207,9265.746350428035,218361.8891146303,0.021216491549869147,8187260.1513311155,ok
2439,8187234.699202177,0.40758091150082626,5382.485179511156,177744.83600148142,0.01514104516506543,8187193.950976575,ok
2440,8187177.05520798,0.45607324058528736,3354.3649711035605,12614.24996695674,0.13295935072994355,8186954.058113646,ok
2441,8186993.4335150905,0.28979246464933356,6048.721910939295,101855.91560582256,0.029692541051555388,8186903.632553265,ok
2442,8187017.39770225,0.33770031655482285,5478.363918948323,78994.48619261844,0.034675609545646004,8186922.414898148,ok
2443,8186942.242087468,0.3987338010967704,3300.6043794833595,6827.28959886531,0.24172142778533354,8186543.328685885,ok
2444,8186479.564645101,0.10932069379181902,18129.5045149497,601398.153197916,0.015072796963664273,8186342.933474799,ok
2445,8186320.552595238,0.3739953513710055,6285.82092793989,96888.64940110283,0.03243837625353637,8186218.601683077,ok
2446,8186204.521471482,0.40270561362434065,3858.30566348284,52203.94512222334,0.03695415791325271,8186133.231253099,ok
2447,8186152.0938197,0.40500849462503047,3902.3948832635265,59556.13485416071,0.032762324929409836,8186088.168055116,ok
2448,8186101.764874722,0.3727101837380044,4718.045032853972,97506.21251434441,0.02419356116493545,8186044.691719182,ok
2449,8186059.57652227,0.2854323847083527,6164.570027557591,232128.30271246325,0.013278367944631097,8186018.648807746,ok
2450,8186032.707584428,0.4297786110369293,3159.3874678073053,10205.176879623516,0.15479337129940368,8185788.181465736,ok
2451,8185730.131435929,0.11018078734728537,24521.244799527867,1355683.6057305944,0.009043867129422529,8185619.247996022,ok
2452,8185626.709113591,0.3601596336795413,4734.144472007968,99573.00335053055,0.023772228981294174,8185570.438530382,ok
2453,8185677.525710202,0.15588521306387393,15003.763873522428,847509.8597366516,0.008851675116903405,8185611.121488532,ok
2454,8185580.500254383,0.4457443370664324,3194.853217111374,7767.444581547425,0.20565664702012573,8185251.978854206,ok
2455,8185237.534231139,0.17576144323797316,23205.86476692326,761993.8283941653,0.015227068712503598,8185060.85558247,ok
2456,8184966.701944865,0.44678595326492343,3121.2176332319104,7244.784171304786,0.215411360741046,8184630.529076093,ok
2457,8184310.918929677,0.363333230773392,3960.0109920082073,25984.371766163094,0.0761998602014489,8184160.042787683,ok
2458,8184148.90183349,0.35526388179368196,4702.9837965541565,37165.1561567259,0.06327141175892843,8184000.119621346,ok
2459,8183992.498009967,0.32241374620840874,7061.729397687,134447.204850743,0.026262090779524204,8183899.770120715,ok
2460,8183891.90966529,0.42056349570578994,2888.6524335488243,6392.982021857104,0.22592371006775464,8183565.602127849,ok
2461,8183638.277783468,0.12848002400707836,21476.555900964126,586259.9990826639,0.018316579618743428,8183441.589260421,ok
2462,8183476.225915354,0.15315844351214214,15821.793530839586,977012.1963899669,0.008097029693846545,8183412.171149339,ok
2463,8183449.903363526,0.1574284357479151,14466.211449425193,833874.8457579159,0.008674090316441152,8183387.162751202,ok
2464,8183419.3736198535,0.2221466301344124,10428.672979303718,617357.271114622,0.008446221877710314,8183375.332176916,ok
2465,8183385.465640653,0.42547541197000793,3495.079583374227,16862.964059895297,0.10363182803924946,8183204.364897469,ok
2466,8183153.077055319,0.39748510284451755,3528.6892068574016,21534.44067015441,0.08193129463882425,8183008.522017771,ok
2467,8183098.789010563,0.21611904716999084,11490.422034701802,695701.2893900638,0.008258157782613641,8183051.344151487,ok
2468,8183060.654562082,0.38009512807099183,3739.577874363271,46235.13848590845,0.04044086377618421,8182985.0386823835,ok
2469,8182978.8608396435,0.38561785776019963,2935.9963303743825,3378.0647968605,0.4345677935341906,8182340.916116086,ok
2470,8182419.811339751,0.08488952072994795,21841.334465543216,635962.0681120885,0.017171884582976162,8182232.282902461,ok
2471,8182156.749638287,0.3816429571390012,2935.678451666245,6200.395767605049,0.23673315072919723,8181809.263433591,ok
2472,8182391.278320935,0.10415097751078102,24850.191177534594,366660.83906406176,0.033887162917325964,8181970.227082455,ok
2473,8181979.445344427,0.27038254695072506,6949.7628198829825,81349.8053541133,0.04271530085186357,8181831.014739576,ok
2474,8181796.086297647,0.33481129750509386,4427.899418179464,28106.256895045623,0.07877070637178983,8181621.69191519,ok
2475,8181594.848210594,0.3675542116993945,4062.507008885185,11297.699710843159,0.1797935470433032,8181229.641938086,ok
2476,8181124.48408147,0.19898398786888713,15410.075521360159,523986.17117331334,0.014704658604685897,8181011.184131663,ok
2477,8180941.495612653,0.38390431549909937,5188.513646519581,48551.19394996122,0.053433429998313416,8180802.87557229,ok
2478,8180718.367169965,0.40940704653389765,4578.988120108362,43922.938080549015,0.05212524844889801,8180599.026723262,ok
2479,8180515.306412465,0.4584515215246799,3249.1588625412096,24398.220623864676,0.06658598003173855,8180407.132198894,ok
2480,8180375.315976385,0.4083303582486333,3110.1672387832114,6559.189423585705,0.23708472479843246,8180006.629404442,ok
2481,8179989.259167881,0.0745402592823914,36907.32832332591,1560679.4243785522,0.01182412215693241,8179771.06078859,ok
2482,8179742.864866237,0.3541164668347423,4933.479666231713,78795.5347120846,0.03130557895354369,8179665.642147634,ok
2483,8179740.44463826,0.1654633499958695,14869.98045104081,918315.7544839565,0.008096333085016564,8179680.2484809095,ok
2484,8179670.413160635,0.4595294564261614,3366.8559050619674,7372.097433324239,0.22835128913534847,8179286.000217508,ok
2485,8179362.008016601,0.1557147513230648,15840.594037043777,647452.0142133841,0.012233025528763828,8179265.118820978,ok
2486,8179241.102836734,0.3568742014111049,5765.567030951516,74492.65361339177,0.038698896812524225,8179129.542294935,ok
2487,8179127.370246397,0.35753087595993704,4841.0963335735505,39097.659423241756,0.061910308762571885,8178977.513362017,ok
2488,8178980.087946765,0.39450642891858134,4576.2989859298195,45190.14566507227,0.05063381538806223,8178864.230207758,ok
2489,8178786.472594818,0.4553049350540159,3488.5602339009047,11705.924279872468,0.14900832050909657,8178526.560344094,ok
2490,8178459.392520258,0.27779444436675704,8525.11134726194,182340.06009621857,0.023376956612724997,8178359.746941216,ok
2491,8178371.954714286,0.426637906227291,4761.725785835262,28188.653265574347,0.08446174673499858,8178170.862875614,ok
2492,8178037.856373117,0.23443203113133143,11168.243765245657,601148.6036728304,0.009289087337981967,8177985.9849772435,ok
2493,8177972.35406271,0.393968630956777,3964.9098311723283,16096.894254284636,0.12315760321643901,8177728.199666822,ok
2494,8177929.494470196,0.1398717322110439,25523.245076304695,884582.184603284,0.014426723441051054,8177745.386071179,ok
2495,8177811.164622627,0.3573388120239121,4712.042587376546,37093.78256643923,0.06351526133708171,8177661.521314443,ok
2496,8177673.688560709,0.41847370453429633,3755.362737037026,17604.489220470758,0.10665923589166777,8177473.416500695,ok
2497,8177315.175776121,0.25985506323140384,7906.375042257784,140676.15422046845,0.02810133347072763,8177204.085935317,ok
2498,8177260.065519621,0.44120656385515555,4221.549398904809,24032.87942490216,0.08782862270200058,8177074.679084933,ok
2499,8177225.679934509,0.12539701338082979,12670.520133404953,376505.72238752263,0.016826464220859413,8177119.079907667,ok
2500,8177078.295050386,0.4142417047250958,3520.923035683837,9372.427433992227,0.1878341049040315,8176747.620336965,ok
2501,8176751.039856605,0.13699360172494612,25983.272709940487,1688152.8167293007,0.007695770327321903,8176651.059207041,ok
2502,8176684.251977353,0.2127848778231287,13663.300081474077,605560.5273212359,0.01128153129623161,8176607.180503613,ok
2503,8176593.021054879,0.3228760263558094,5523.831397968147,85474.72328817395,0.032312660313299955,8176503.776211083,ok
2504,8176500.616922973,0.3708365113903493,5536.403592493887,91484.8659776113,0.03025857628653458,8176416.855077744,ok
2505,8176376.098482472,0.4143359357391492,4074.3508529196424,14740.269817389926,0.13820475823695239,8176094.551145172,ok
2506,8175912.174986922,0.3690587298940242,5251.598159920672,44654.83199356923,0.058802126505334944,8175757.772417245,ok
2507,8175724.5755085675,0.34548809314673634,5372.707506445814,97026.19298075598,0.02768689227820898,8175650.19872158,ok
2508,8175701.3542975765,0.410355399342774,3710.206894194585,18406.4672662394,0.10078541527085257,8175514.386926291,ok
2509,8175647.299443563,0.22015696423489847,8797.86230779429,146822.4536368184,0.029960888439982,8175515.503558007,ok
2510,8175526.919689071,0.3221518574800186,4235.391551863788,29658.644428401203,0.07140231176256938,8175375.71131506,ok
2511,8175451.673983714,0.17984420589423034,12693.70661682367,388078.1024766477,0.01635457725624638,8175347.873880947,ok
2512,8175368.047851191,0.3873349482517331,2811.787547718594,2051.412558611802,0.6853296124942659,8174404.547215943,ok
2513,8174917.949055861,0.1316580126119269,33179.30746812199,895981.0483431171,0.01851563017403016,8174610.781162606,ok
2514,8174720.09200457,0.17746784669489707,17136.879393717943,165470.01154681877,0.05178243245867292,8174276.397354691,ok
2515,8174244.917219736,0.2571387912168642,9131.293404221702,252210.7055538631,0.018102509534972114,8174162.267556777,ok
2516,8174320.461262117,0.20856783251534033,11094.789829244994,314631.58016732545,0.017631398957702576,8174222.652929202,ok
2517,8174269.220126934,0.3342653971843084,5532.638031261822,55714.873039532875,0.049651356356283004,8174131.868635694,ok
2518,8174111.842868474,0.3178133651050006,6220.146746730181,100697.9702979315,0.030885164459257985,8174015.787740857,ok
2519,8174050.470261332,0.3741812410304262,4334.364185257487,20453.970467044175,0.105954102951334,8173820.848426775,ok
2520,8173733.299587208,0.3660654558910919,5558.46351893019,67013.03638817485,0.04147300151221799,8173618.036504245,ok
2521,8173585.876999147,0.21951869288519982,9672.643280375069,310506.8453326265,0.015575571723730234,8173510.548524561,ok
2522,8173457.567393882,0.46102584271064917,3681.3439303309697,14508.010362773204,0.1268728046878539,8173224.036179151,ok
2523,8173359.856247804,0.3084068213005632,9037.854072706788,287394.7841766751,0.015723761477784502,8173288.801716949,ok
2524,8173220.335223946,0.427161035842853,5061.573379095457,72621.14701079624,0.03484916988672031,8173132.1394086545,ok
2525,8173074.277487159,0.4576747014165972,3515.3187240359057,14690.369308588182,0.11964705073754696,8172863.978728292,ok
2526,8172707.884202585,0.23869759620842565,9439.863633330326,620929.9119977258,0.00760139224325603,8172672.006149485,ok
2527,8172689.349980506,0.38928279005999067,4674.125148151298,95489.16091531952,0.024474637243363916,8172632.15122179,ok
2528,8172542.869384524,0.462339708967934,2275.4077886531772,2574.7998415974853,0.44186110156847064,8172040.162288519,ok
2529,8171886.154648155,0.17367492770395007,16055.129431534808,349273.2074399012,0.02298362584009165,8171701.65210432,ok
2530,8171698.61707215,0.3529626540932502,5058.799961927907,64235.731227865734,0.039376837978092306,8171599.017298917,ok
2531,8171731.277401008,0.19881187502748615,11114.001012785244,338980.3072867267,0.016393284172971822,8171640.179912557,ok
2532,8171639.607058521,0.4016450888230749,3429.855513576813,11561.40673375227,0.14833210147186165,8171385.228220485,ok
2533,8171256.137211582,0.41376548192973,5442.210451751243,73895.03048117735,0.036823927240530005,8171155.935430731,ok
2534,8171183.0063799415,0.35816810728688125,5488.852738315532,247136.58080242987,0.011104897382034115,8171152.52980674,ok
2535,8171167.653060713,0.39866048241690955,3060.58432137861,2644.441239691966,0.5786826107989297,8170282.099597881,ok
2536,8170131.97705217,0.12607384053153536,27973.725348940883,1308309.7240864947,0.010690788593073047,8169982.446460237,ok
2537,8170049.961285134,0.19508780202714623,16550.967899717787,532363.6868712809,0.01554479419603953,8169921.32059026,ok
2538,8169812.858323712,0.3399878062068273,7167.635288195033,78833.84189956095,0.04546039565930981,8169649.93655564,ok
2539,8169652.127091277,0.41000630762322404,4092.0529078262052,19278.00010807595,0.10613271306373633,8169434.976752724,ok
2540,8169391.751790524,0.18707214397356306,19700.518040623312,1291349.8020251903,0.007627878213063378,8169316.61521435,ok
2541,8169344.974064822,0.2403975263838868,11360.244618842076,657462.7605575541,0.008639458612992883,8169295.900883213,ok
2542,8169281.497587575,0.344589550347683,7638.458150864451,275385.52953383676,0.01386866289560416,8169228.529987006,ok
2543,8169176.9941198975,0.401514355896519,3780.1570637019468,10755.688890266965,0.17572826353887408,8168844.853901543,ok
2544,8168892.5241375435,0.3110283036167185,4976.404292437355,60706.43817770477,0.040987450769801585,8168790.53907457,ok
2545,8168819.525742119,0.4378767718365696,2830.618567019484,6285.957662437918,0.22515412281043504,8168500.863021885,ok
2546,8168415.442043023,0.24069850150797745,10879.431132801052,383632.4547309793,0.014179497848311882,8168338.309607854,ok
2547,8168331.02800197,0.3300338322652589,5370.436297944405,39536.459611443235,0.06791751652429208,8168148.6546539655,ok
2548,8168001.054041176,0.3910141287249818,3824.4707792878203,11609.496241706851,0.16471303748514496,8167686.083941761,ok
2549,8167726.892433552,0.2058277904736071,16101.036931122648,844423.4717714621,0.009533745489893424,8167650.14083944,ok
2550,8167610.996923594,0.22196399082077797,9449.521972066712,446143.79912947386,0.01059022000362309,8167560.9606652865,ok
2551,8167561.075944045,0.3512733136838803,5190.234395144182,50636.08908208881,0.05125034821241844,8167428.075284017,ok
2552,8167396.310843413,0.4406875792113803,3642.7428817483947,18990.2646192066,0.09591079836939592,8167221.621654391,ok
2553,8167037.030390725,0.4605822615497636,3604.599227724801,26898.22914294722,0.06700439661972943,8166916.26839257,ok
2554,8166889.465569214,0.43175909988018013,3903.6040894249873,73765.10050159853,0.026459694780327683,8166837.821482839,ok
2555,8166786.227870952,0.4258737173263987,2784.2025086474086,2610.174487084648,0.5333364727959501,8166043.769498196,ok
2556,8165856.941886079,0.09511263259131202,42279.14330427554,2365505.7645425405,0.00893659697177948,8165668.026054068,ok
2557,8165628.019965032,0.27974148195014154,10239.88959074534,432691.26578293927,0.011832789797844231,8165567.436734492,ok
2558,8165502.271616385,0.36601731017028927,4479.443243782011,13007.912435647671,0.1721814805389631,8165116.633031533,ok
2559,8165219.2247355515,0.30670530019538017,7997.727505065619,89865.07257187009,0.04449853138809515,8165041.281171343,ok
2560,8165098.197579009,0.3721002296954066,4927.132711522549,65909.66637259188,0.03737792180337501,8165006.114588407,ok
2561,8165018.852940671,0.32526494194754424,5779.382742248721,99995.84997948322,0.028898112988861607,8164935.346312926,ok
2562,8164841.927406543,0.38690929200156443,3994.868096353729,21244.647204729397,0.09402057981608675,8164654.127499188,ok
2563,8164593.9765658565,0.4309611156678242,3985.5904096002264,19364.733362126884,0.1029084763282916,8164388.901047696,ok
2564,8164471.435639044,0.1752594798922558,9130.108443075824,118553.80902795518,0.03850617925284429,8164295.652842891,ok
2565,8164271.144210314,0.4206141243180767,3195.986342546633,22935.739836360714,0.06967262371628274,8164159.807833391,ok
2566,8164040.483203405,0.41517096359931316,2981.272223682916,3571.3483506217435,0.41738748660067,8163418.310343247,ok
2567,8163586.245261506,0.06757436879740022,58045.608833512255,2592511.6011120053,0.011194859997659175,8163261.3390293205,ok
2568,8163269.974641676,0.3880937331587184,5478.307754211041,29945.112117922636,0.09147248693939912,8163019.417424427,ok
2569,8163060.99761506,0.2665639820117591,10475.249948229128,619558.6427084571,0.008453800194308983,8163016.719780035,ok
2570,8163002.108566249,0.41580729637135544,3572.8672705044164,13802.054325947776,0.12943244484219454,8162770.88609329,ok
2571,8162757.793573739,0.18169996650716858,13714.927727720184,733105.4456183418,0.00935399389657531,8162693.64889861,ok
2572,8162670.374118904,0.39358843535971527,3845.3745954961087,18023.803542962538,0.10667489207619414,8162465.271658921,ok
2573,8162543.448489249,0.23129096305799732,5920.093242771914,114967.26484486937,0.025746864773899637,8162467.236569163,ok
2574,8162416.656882091,0.4241800904929181,2332.9766850420647,1531.0776161955228,0.7618740749535382,8161527.9396551885,ok
2575,8161550.2509163,0.0913732382113316,36606.88552208916,1079736.9854856583,0.01695176048156933,8161239.975338628,ok
2576,8161335.450068266,0.17709520927042505,19656.17586071948,329748.67087184003,0.02980478406288867,8161042.526029751,ok
2577,8161039.158289839,0.30516915774712344,10547.584918930097,323264.1199545514,0.016314190576444135,8160953.120634595,ok
2578,8160925.007340403,0.3884582088030306,4534.518167158683,32109.39945176208,0.07061044810213417,8160764.915160548,ok
2579,8160798.70286044,0.2041579282172776,14206.805889152027,780484.4632805019,0.0091012739891314,8160734.052843987,ok
2580,8160750.013891697,0.37333678493949884,4779.201447821921,31045.42726227986,0.07697110120994602,8160566.0836925255,ok
2581,8160605.7961977,0.3573839712980007,4519.48930305945,63736.74843003832,0.03545434474132565,8160525.678431798,ok
2582,8160434.104179904,0.4481963614580197,3436.9623710066653,11922.547351009878,0.14413708202700254,8160186.407316307,ok
2583,8160035.239622548,0.4628554155139746,3625.5787450858465,18951.506990250233,0.09565410146409616,8159861.838883975,ok
2584,8159866.385302155,0.1811905228779086,14785.974383650477,658015.8142061261,0.011235272819004553,8159783.323074107,ok
2585,8159757.902364274,0.3355329884315582,4613.143490718034,121638.59333714856,0.018962499335764577,8159714.163999084,ok
2586,8159702.949492717,0.4442909614632569,2772.252788239908,2876.6893024764063,0.4818477938951221,8159035.0475476505,ok
2587,8159023.479191339,0.25308767544580146,8614.572695224988,62633.32949865596,0.06876987671084807,8158727.267640254,ok
2588,8158614.756328747,0.34591352367263467,4463.076509152141,15500.487654870678,0.14396568058133705,8158293.491405183,ok
2589,8158168.225842202,0.29387140970424874,6288.4874603848675,103860.25442400858,0.030273791910388415,8158073.037661799,ok
2590,8158285.1731178425,0.26522525594144625,5688.637683268231,61735.16157383811,0.046072914836906655,8158154.127058082,ok
2591,8158030.3240644885,0.3920379442611516,3835.775295506841,21731.460479153848,0.08825396938200156,8157861.0628667455,ok
2592,8157905.533260681,0.38028455312990594,3715.1967336702555,16503.08237750598,0.11256069165400702,8157696.440703694,ok
2593,8157642.787642364,0.4050620962425841,3295.5745048110853,8520.28745299453,0.1933957347678937,8157324.112615945,ok
2594,8157412.461408249,0.17901054082279216,13050.08682396149,264678.5535625019,0.024652709198215803,8157251.601410507,ok
2595,8157191.8594122045,0.30392041291662236,7377.848547725094,152567.9127080272,0.024178899798689178,8157102.665281822,ok
2596,8157144.59796476,0.3200283519849662,7308.386474540692,200881.7791220371,0.018190765002386793,8157078.125394308,ok
2597,8156940.847103332,0.3815821262398495,4476.207524995294,41993.703514579065,0.05329617478774261,8156821.564734013,ok
2598,8156722.122929911,0.4396565428368563,4250.180196387229,40494.43942127065,0.05247856566394056,8156610.601249652,ok
2599,8156567.2136789495,0.45250132018258904,3323.0277217870726,15589.962883196651,0.10657587021482699,8156390.1363933515,ok
2600,8156580.306047352,0.14276564490220142,6696.580704530309,87825.96790768488,0.03812414974788083,8156452.655324563,ok
2601,8156464.8959104065,0.36869768593436497,4567.0447105301055,63195.930962595856,0.036134009270574946,8156382.383092452,ok
2602,8156331.580619575,0.4074750181385207,3405.2306511406728,13216.85200259947,0.1288215473121337,8156112.247078858,ok
2603,8156206.981594927,0.43774936660390323,4910.498108543576,96240.9254549159,0.025511486331477044,8156144.344542239,ok
2604,8156122.355658992,0.4595158624124085,3590.6879770501073,26109.93720638834,0.06876094623796282,8155998.906107518,ok
2605,8155848.685751846,0.49090360970490393,2305.334386955805,3424.809865269647,0.3365638499137963,8155460.739643539,ok
2606,8155331.424080731,0.19593711572781394,11618.723734657146,390686.63266382035,0.014869620257336617,8155245.041075827,ok
2607,8155193.588366857,0.24883831287195554,8858.328990404203,316430.15952485835,0.013997289328718845,8155131.592069933,ok
2608,8155115.909516298,0.4768212261104427,3623.941726557012,23672.66396156654,0.07654275269654098,8154977.216278616,ok
2609,8155059.588870353,0.27681168009684615,7032.791670133838,240438.08338332668,0.014624953691137125,8155008.161744106,ok
2610,8154981.992986098,0.4425803593533935,3002.939299808163,7476.677937136653,0.20082042620109167,8154680.467211076,ok
2611,8154657.1062944,0.3209197011902301,5839.062497695868,78894.9740675936,0.037005288148603904,8154549.068199277,ok
2612,8154521.997545618,0.41809444222974373,4088.1073846062877,25388.95154905838,0.08050957473976326,8154357.4316521045,ok
2613,8154413.6674416,0.426268756408281,3475.044462314536,27867.502372477815,0.06234940641373229,8154305.333961857,ok
2614,8154473.239150132,0.13092595447742633,10647.066148398007,237195.37200666624,0.02244366333610164,8154353.759566056,ok
2615,8154373.971410444,0.25073651886088066,6583.115951802318,135131.98497046245,0.024358096838588122,8154293.795322518,ok
2616,8154312.57079205,0.29007771646940567,5617.893049803453,132621.82702261253,0.02118012236720876,8154253.07696093,ok
2617,8154213.795053058,0.4373603365569155,2979.1728201453534,10391.077453455451,0.14335244990184626,8154000.259191834,ok
2618,8153864.972727014,0.40462746103185165,2573.4338299106153,4305.78271681597,0.29883461372310166,8153480.457174762,ok
2619,8153365.332887773,0.19615245656773272,12867.236674874894,474959.6264212768,0.013545610994166893,8153278.185596489,ok
2620,8153219.359501128,0.3680231719207396,4637.500739777765,61103.78612848823,0.03794773641379677,8153131.368173282,ok
2621,8153210.082507418,0.2840137729196903,7001.257906880455,218420.61331181804,0.01602700816723153,8153153.97789859,ok
2622,8153174.078708509,0.4268677284396631,2927.5187610243875,10027.438783780417,0.1459753993093285,8152960.405848445,ok
2623,8153098.995291283,0.13345671018544122,11011.980753379343,247399.63140076812,0.02225545101063791,8152976.456992189,ok
2624,8152990.209807847,0.40598483753840503,3777.2721384316906,23848.173513872804,0.07919416001050145,8152840.64086078,ok
2625,8152932.286309203,0.26953090078852676,5442.352768003447,79178.19708279987,0.03436774875229955,8152838.765602928,ok
2626,8152868.683799658,0.4024721745064504,3342.3444228970975,14634.498285431006,0.1141940214726897,8152677.845924259,ok
2627,8152640.958286824,0.32863870639914466,4595.493343423692,59015.78400944931,0.03893444288300808,8152551.496800274,ok
2628,8152585.156617511,0.3708640113670065,4230.572139100199,56164.26413245752,0.037662490592975974,8152505.489675815,ok
2629,8152495.557333842,0.32351579830215965,4296.623862591095,62705.23433480711,0.03426048804514297,8152421.955118603,ok
2630,8152305.464330071,0.43436703443333996,3386.677537196344,19650.50177606419,0.08617280046562413,8152159.544586244,ok
2631,8151989.870183623,0.3996691709865737,3112.214596595649,5598.674081945421,0.2779421119218124,8151557.362434757,ok
2632,8152208.610566039,0.09613326029909794,26577.871313064454,313502.5555874074,0.04238860391945721,8151645.311135982,ok
2633,8151642.973773162,0.18846780224498105,12176.762378066585,204478.83619061628,0.0297751165962118,8151461.691513376,ok
2634,8151540.583446985,0.21213885708985109,11424.242763833092,329768.96998914616,0.017321585418132432,8151441.640448549,ok
2635,8151381.581833164,0.35444757395255805,5055.449717400167,49686.80110658905,0.05087316555713782,8151252.988467945,ok
2636,8151309.944712633,0.29509175081624184,6615.798754523759,126096.7513677065,0.0262330261595386,8151223.168501737,ok
2637,8151238.713597841,0.43372232766464114,3657.5303421843632,10706.801188446334,0.1708040654631371,8150926.3530718405,ok
2638,8151005.719058509,0.25587040762047686,9824.106010223899,447760.0888191949,0.01097027878939749,8150951.832467615,ok
2639,8151055.770772396,0.2622669848339885,7691.372664784767,141070.09446355695,0.02726081914821324,8150950.934212787,ok
2640,8150878.009820491,0.44691048126514266,3097.800122967399,8060.058588754044,0.19216982661203394,8150580.357964236,ok
2641,8150715.444606451,0.2246210542529634,12257.974403400967,400833.3732380832,0.015290611039166258,8150621.728647087,ok
2642,8150605.96649005,0.368513948196824,6076.649630692826,107106.4593784278,0.028367335013954897,8150519.777312132,ok
2643,8150515.836183459,0.39655669924598635,4183.522876325373,23920.803455854577,0.08744528343385269,8150332.921511623,ok
2644,8150361.139686701,0.3654627530122686,4839.694468138416,86559.35575324498,0.027955929350577353,8150293.490608387,ok
2645,8150284.394620883,0.4106500252215511,2957.3920806407277,5226.955764881791,0.2828981355180466,8149866.074268079,ok
2646,8150056.999585711,0.13532419141514354,23902.143665589872,1251461.8133882012,0.009549689574976856,8149942.87055962,ok
2647,8149999.820166302,0.18441282638862322,17707.714078682613,1016606.231395607,0.00870922955802331,8149922.709892872,ok
2648,8149899.079673906,0.4140694744687835,7293.863353127965,285223.67573953996,0.012786216526759443,8149852.449215831,ok
2649,8149841.417915183,0.4217845702805158,4655.023453949016,71015.93191673746,0.03277450093457051,8149765.134879912,ok
2650,8149752.983733804,0.47541829332788976,2990.3716837557786,7195.255743244287,0.207801625853499,8149442.281684908,ok
2651,8149241.771609172,0.229309161673876,9679.780908866076,568309.396345308,0.00851629497164304,8149200.553674432,ok
2652,8149241.771609172,0.23923986245209825,9094.01741903853,561490.5364032696,0.008098103912215443,8149204.9494601535,ok
2653,8149241.771609172,0.24177505556776252,9111.07081504603,529220.3639425453,0.00860801231000549,8149202.557504306,ok
2654,8149186.375168623,0.2380723020317117,8472.821597843558,499871.53511024034,0.008474999077487964,8149150.471591011,ok
2655,8149214.911894595,0.2158103365710438,7571.641628052704,314360.0496144569,0.012042945083732574,8149169.319462434,ok
2656,8149151.092695292,0.4034146554494328,2831.734367853752,3781.8133192206715,0.37438843867064475,8148621.008390936,ok
2657,8148533.546102663,0.1895380792280405,10507.819547823081,216124.23355893823,0.024309674520968383,8148405.825266097,ok
2658,8148439.700924432,0.26465874128647354,6501.1480406713545,107731.6249227374,0.030172885841710014,8148341.6217255965,ok
2659,8148415.93474134,0.2997581769081356,5750.4506078742,57739.61007138171,0.04979641013132141,8148272.7588428855,ok
2660,8148332.539686089,0.35251773030796096,4611.4090147457,37938.79705971306,0.060774317745073185,8148192.412067732,ok
2661,8148286.207340658,0.2861716764396835,6988.038186958347,119588.72588534524,0.029216960609054713,8148184.122722436,ok
2662,8148122.875996755,0.443846132348929,3607.9795693934225,17551.83237068599,0.10278070953489883,8147937.460646691,ok
2663,8147990.142132731,0.27518443778904655,5344.618029205007,78537.95852919687,0.03402569998823002,8147899.214947925,ok
2664,8147882.136770722,0.42338218192070154,2652.767876267905,2625.6528962068874,0.505163473835439,8147212.096052895,ok
2665,8146836.912558952,0.21830176075169005,19813.695219850277,967400.6081865417,0.010240687804089972,8146735.4596254565,ok
2666,8146720.181387811,0.26429044309805727,11075.07350814962,411849.0318812442,0.01344555000841072,8146645.72616046,ok
2667,8146651.497413391,0.38022590739482376,6015.645091992417,63076.0320769785,0.047685665171922,8146508.067394566,ok
2668,8146511.213242637,0.411006683982716,3782.532401065975,12263.949096603461,0.15421347443922281,8146219.554510764,ok
2669,8146316.751245623,0.1837077709766981,11791.016442895841,395388.9561949675,0.014910654759261479,8146228.845357903,ok
2670,8146193.234881895,0.46183758759904836,3129.4752020197775,17363.63371120866,0.09011579183450591,8146052.2273139665,ok
2671,8145995.630998542,0.26648576505887206,7323.514231722474,193747.84686528024,0.018899601596127087,8145926.4252479095,ok
2672,8145919.953541824,0.4103170638646165,3128.8238382145955,8115.673543669433,0.1927642740543211,8145618.390813915,ok
2673,8145448.822733507,0.26895560755435965,7403.83612374218,124180.6497535305,0.02981074804503383,8145338.465786881,ok
2674,8145260.926708335,0.44745401271606794,3054.1239942177444,12912.562140832133,0.11826173461578111,8145080.333707691,ok
2675,8145164.721900293,0.2620083120818142,11118.999693593567,354823.64497085125,0.015668346587368764,8145077.61372984,ok
2676,8145117.293528844,0.31156949090861863,5967.664672659372,87591.79864680383,0.034065202249829174,8145015.648676828,ok
2677,8145075.541779247,0.3891256348456093,5600.353706851956,121391.0865572981,0.023067400851579493,8145010.948977314,ok
2678,8145024.496265529,0.365391712651454,4053.853585492641,35752.955854165026,0.05669256553259762,8144909.584585502,ok
2679,8144856.754812123,0.4371174772151556,2896.0242468478573,9401.612284951598,0.15401742589849668,8144633.735712203,ok
2680,8144697.717248914,0.2096859699440913,14198.215398031904,951897.5445569829,0.0074578485254102695,8144644.773179029,ok
2681,8144671.409018361,0.2970395803788907,9159.441029072303,286203.27436842,0.016001635636917377,8144598.125999368,ok
2682,8144622.482287124,0.35166728505653533,6846.070861654786,107301.17935368101,0.031901191128054125,8144513.283379607,ok
2683,8144441.423961384,0.44789568741841396,2845.3902285584504,6739.188882733746,0.2111077666815758,8144141.08197314,ok
2684,8144322.984337011,0.09012734156825235,25129.63956601491,823453.0470746274,0.015258696081877196,8144131.261570619,ok
2685,8144074.605502649,0.36715454288072086,5402.5160872044635,67126.79595125049,0.04024112882676491,8143965.903829722,ok
2686,8143812.549977653,0.29089701683428654,6882.991697260385,188020.65668193603,0.018303817832377733,8143749.557464568,ok
2687,8143759.895258629,0.39160905487629105,4553.56908545441,55010.361243827036,0.04138828561106193,8143665.6630497,ok
2688,8143594.293867281,0.4428385586423974,3127.328169078728,5014.165558075441,0.31184931299706353,8143106.66629676,ok
2689,8142851.278048865,0.2750706993914487,11850.91293386633,379199.9376890366,0.015626206330741393,8142758.685643509,ok
2690,8142723.968405288,0.39687092853280764,3860.1150869915386,8625.40300701979,0.22376433216221792,8142292.090368033,ok
2691,8141863.259123982,0.3776263553497106,5085.584159704753,56317.536189023114,0.045150982303590076,8141748.449563783,ok
2692,8141822.420659758,0.27947653892641233,8233.276531316696,237777.35809013087,0.01731299522681177,8141751.149321114,ok
2693,8141754.045648577,0.4033005137667105,4175.646938324102,34733.231183251104,0.06011025746918793,8141628.546042295,ok
2694,8141682.474299636,0.36671879414865316,5439.86693523074,236018.53817270993,0.011524236564947367,8141651.129142914,ok
2695,8141619.002664992,0.30005951626242117,5840.476466306445,197995.11498868588,0.014749041830249675,8141575.931949137,ok
2696,8141575.177035657,0.44344980737752,3188.7035837102176,24755.33699256249,0.064404366312368,8141472.493818823,ok
2697,8141417.360046844,0.4526708818784291,2766.288348145342,4610.168922545847,0.3000202806687754,8141002.388743533,ok
2698,8141007.604898491,0.38514616814564756,4441.626815079606,30738.490537444628,0.07224861626937992,8140847.154202803,ok
2699,8140826.002233076,0.47620559989619227,3053.2514015976126,9560.831950849843,0.15967498525723042,8140582.238296808,ok
2700,8140385.234388608,0.4778245869738225,3991.4875401697127,26783.962467087647,0.07451264063475457,8140236.526250268,ok
2701,8140195.5941648,0.4076891949453921,2785.3161479259597,3602.158736313935,0.38661763012367345,8139657.168000671,ok
2702,8139440.44270616,0.24103221302287686,9156.326509950382,103663.47760447249,0.044163705103962954,8139238.25405425,ok
2703,8139170.039310371,0.43025857852660937,4087.327957423891,27648.875908140362,0.0739149029241457,8139018.982085775,ok
2704,8139034.633948249,0.21288529681457044,11363.666373918204,652646.1993872803,0.008705839691234457,8138985.168819371,ok
2705,8139008.471006895,0.33598226967263345,6016.840843504576,227282.1308299012,0.013236502186807643,8138968.650043405,ok
2706,8138975.490111459,0.4550529826690327,2872.733105298407,8303.180778065986,0.1729899168814398,8138727.013180905,ok
2707,8138590.209610312,0.46490637073532654,4186.798747704988,30889.55696115723,0.06777045641945874,8138448.338979279,ok
2708,8138675.969756649,0.13504282579156204,15774.787940334867,612065.8332578691,0.012886512433123186,8138574.328756188,ok
2709,8138596.351643977,0.2788481478125409,8295.374389699331,309905.4748831092,0.013383717071839723,8138540.840172059,ok
2710,8138571.599848527,0.3413891187002512,6533.132336081009,122323.00338009789,0.02670443071030726,8138484.368058633,ok
2711,8138502.058153703,0.39529672260401205,5146.527916354672,70891.54205563744,0.03629860324039467,8138408.652266253,ok
2712,8138422.209190909,0.4595639833197542,2951.990840395413,5207.743365202312,0.28342322512667956,8138003.8778086435,ok
2713,8138092.430061789,0.12318253320900142,19127.355302169402,732381.1420085143,0.013058334113924413,8137967.5443636635,ok
2714,8137927.495092593,0.36697689923330246,6433.731345060429,60704.48289267174,0.05299222593194275,8137757.026220082,ok
2715,8137723.461092684,0.39222257512374,5639.6248791499565,66649.94169643684,0.04230780054419354,8137604.161030418,ok
2716,8137591.839073128,0.38040452938256375,6306.940565516285,321280.2406759035,0.009815325947602408,8137560.886734437,ok
2717,8137517.431239,0.40627460576065144,5145.856189514959,69235.64746884155,0.03716189836912245,8137421.816346631,ok
2718,8137596.614873814,0.1009756614925534,33066.7972757184,1874302.6565391466,0.008821093317120787,8137450.77222158,ok
2719,8137409.533533609,0.40798600332157126,4550.390097201307,42134.640688587126,0.053998206972177366,8137286.677080472,ok
2720,8137391.585698138,0.18874668892678634,13959.893905366844,612582.9852047617,0.011394287992426541,8137312.054172387,ok
2721,8137347.06170397,0.24126255435797245,9816.880677461357,479339.58856192644,0.010240006158173916,8137296.799244674,ok
2722,8137252.230553916,0.5295683163112433,2747.776566949491,6750.330599581881,0.20352903657190433,8136972.604395223,ok
2723,8136767.092313818,0.24770553552752336,11334.774143826558,772645.8637114718,0.007335038389631041,8136725.521812076,ok
2724,8136713.329740996,0.3488234381543683,4050.4593535981985,39279.301771790684,0.05155971683421225,8136608.909472336,ok
2725,8136693.3828726355,0.24725489296921702,8278.543090092371,300028.5411996737,0.013796259277517984,8136636.27640918,ok
2726,8136607.849965287,0.45475207065243206,2345.816245107977,2941.3056848723268,0.3987712425085463,8136140.127935909,ok
2727,8136517.650205782,0.1079575291697603,25724.947961044116,629843.5311476636,0.020421697365192937,8136254.976654784,ok
2728,8136269.138550613,0.23506736662249814,12364.458349235983,255424.6746245039,0.024203727316894488,8136119.505561461,ok
2729,8136026.295947293,0.4352682100356057,5094.269869997215,95127.32344419345,0.02677606015576468,8135958.093709048,ok
2730,8135852.833851593,0.44520196934449696,4728.464813429968,69712.69609608255,0.03391394307080658,8135772.653408346,ok
2731,8135763.26604575,0.32294094069220414,3873.424294502345,43164.643403023445,0.04486802147693676,8135676.369603533,ok
2732,8135449.436639353,0.4620897662411825,2901.2452085036007,7417.101750150328,0.19557809143206098,8135165.726639025,ok
2733,8135308.901258885,0.18263726322695384,6348.212115060644,91101.61340743718,0.03484138138514241,8135198.311019178,ok
2734,8135072.699746752,0.43315712359275926,3196.9882565930907,12307.614805503372,0.1298784657756575,8134865.089781817,ok
2735,8134959.149960103,0.29618130315079,8303.603705706162,396287.2709442926,0.010476747948426316,8134915.652578559,ok
2736,8134904.788746409,0.4187650202688289,4398.215662919224,151000.85580986008,0.014563545482342984,8134872.761939486,ok
2737,8134868.270246526,0.4245987734026571,2678.1364387224503,3656.3121054429303,0.36623465960901846,8134377.857053015,ok
2738,8134227.971077337,0.14469432298213597,29526.458585786997,2184843.808363737,0.0067571097011048615,8134128.214317462,ok
2739,8134141.600409803,0.2382616018071604,16951.05891731409,938584.8741865903,0.009030115114525181,8134065.065403135,ok
2740,8134083.788340993,0.27658961197724113,10884.606596753023,646230.5475462268,0.008421612563877147,8134037.955371159,ok
2741,8134149.233057988,0.27079635555102055,7646.619926954321,138775.70860409038,0.027550282408462294,8134043.89978876,ok
2742,8134041.896609873,0.4167932612023822,4965.699704050072,51276.56940982909,0.04842074812339345,8133921.675162559,ok
2743,8133784.865357545,0.45185769588899105,3894.5910851881135,30329.511068296593,0.06420464669572477,8133659.839935221,ok
2744,8133713.7674038615,0.20635527224167152,7660.19407235866,329292.5192275867,0.01163129075984931,8133669.218431595,ok
2745,8133603.521959337,0.44985380477171466,2615.4077679320444,2780.926180170938,0.4702404160493179,8132988.586740872,ok
2746,8133166.8753659595,0.18715647876461758,20342.370852929933,734370.4131940393,0.013850211342566005,8133026.002298199,ok
2747,8132991.315023128,0.380954785777876,6002.229651961528,60130.76924706828,0.049909802644460356,8132841.52997445,ok
2748,8132643.92758163,0.36619091081316546,5393.143285540245,156941.35763960824,0.01718203336154633,8132597.594997701,ok
2749,8132542.4932459425,0.3820785000344142,3301.1676728741945,4168.9229205747,0.39592572659260367,8131888.984641199,ok
2750,8131989.561119562,0.15892710602839805,20964.76186396793,610360.2455092309,0.01717408859621647,8131809.535780736,ok
2751,8131769.641574054,0.2585495777886057,10729.174500470424,333223.6180365595,0.01609906069036991,8131683.276758334,ok
2752,8131685.125753965,0.39086023869536624,4535.794231331676,20528.793180187204,0.11047396190121084,8131434.582174414,ok
2753,8131456.416772972,0.3547225773191911,6557.846361840428,235197.05496101122,0.013941174482239003,8131410.704732793,ok
2754,8131390.66454437,0.4394023630091165,4016.7447942166377,31454.721132237144,0.06384963289501203,8131262.430704098,ok
2755,8131175.003744988,0.42318034817702005,3005.798219103716,4496.541544222349,0.33423445436258625,8130672.6830811445,ok
2756,8131142.728262264,0.12864239476835104,22672.143978036092,720663.0121359999,0.01573005940102107,8130964.411176503,ok
2757,8130946.723038088,0.2533283314033466,9285.63638283468,146545.3010696614,0.03168179503217467,8130799.630223775,ok
2758,8130844.526340531,0.3746538744291874,5882.586339112811,113901.73298594191,0.02582307654545896,8130768.573101872,ok
2759,8130772.414281899,0.26654354843074834,8931.166027240984,663678.0188909996,0.006728538367267977,8130742.36743526,ok
2760,8130738.986925682,0.3626063381966139,5046.225925929549,171929.19558279635,0.01467530255354282,8130701.959479573,ok
2761,8130662.396024658,0.4142140996704519,4494.717169043148,60085.853363565555,0.03740245762880871,8130578.339290424,ok
2762,8130549.544190812,0.45676528091649576,3027.7082933071524,14200.14094149149,0.10660838881044027,8130388.154639344,ok
2763,8130284.609909692,0.5196022487192853,3676.329249606547,54855.18582260526,0.03350940475796884,8130223.014107267,ok
2764,8130227.164051533,0.40074959259711923,4191.060394103112,156745.36688178853,0.01336900885007929,8130199.148889783,ok
2765,8130082.754092489,0.45166810766911286,2670.660789836153,5544.879105356931,0.24082227394786807,8129761.176790313,ok
2766,8129695.3379332945,0.4188642920311732,4181.962096671542,43904.573252968206,0.047625586434652534,8129595.753734644,ok
2767,8129514.09068856,0.44807785891307356,3934.584524322221,53513.25584204907,0.036762709186819335,8129441.767695241,ok
2768,8129472.916818105,0.4405485949348532,3115.7204690953886,15709.860902999073,0.09916448300635766,8129318.432413349,ok
2769,8129298.621438855,0.4621154246855493,4056.681895878791,68384.69585738324,0.029660743862479327,8129238.4593375325,ok
2770,8129233.005401577,0.41265289725889875,3157.096663996261,11665.624199871556,0.13531623382960606,8129019.402186372,ok
2771,8129036.160409563,0.23556822115759463,10235.46101495589,256779.86147321705,0.01993042008090553,8128934.161890688,ok
2772,8128874.315601396,0.40055974206628153,3198.929871772705,13189.143631493427,0.12127132591589214,8128680.346367865,ok
2773,8128770.959354435,0.307148405364521,4432.63233405599,66837.93758302763,0.03315955349871225,8128697.467299925,ok
2774,8128666.308786266,0.4376084291682339,2836.5970190133953,3573.964870482284,0.396841760035349,8128103.468709497,ok
2775,8128256.043526189,0.17959359482075202,14558.162639492055,305516.1505385015,0.02382552053931011,8128082.615624698,ok
2776,8128058.101999447,0.2814474020618432,7430.680660589783,68011.34782721633,0.05462824144779132,8127855.139490823,ok
2777,8127722.469514038,0.39162186594371173,4628.831520677513,32329.554025958434,0.07158823652440235,8127556.784571171,ok
2778,8127613.862109459,0.44461492241027617,3957.9263014043127,87943.06206694894,0.022502777412908584,8127569.3299421705,ok
2779,8127527.360525099,0.46944972346400726,2930.8491756654066,5104.070341730244,0.2871090109890481,8127106.623921007,ok
2780,8127442.846883434,0.14655363672403368,20849.495352208232,591705.4909962396,0.01761813576979357,8127259.18226351,ok
2781,8127299.5371883325,0.3170561868769906,9486.883624088892,168601.73096887136,0.028134004228700472,8127166.085176334,ok
2782,8127278.71933528,0.2618119180843635,8256.329681624351,182616.75173975265,0.022605619700733853,8127185.399610828,ok
2783,8127199.013823831,0.2932999734782962,7494.87041216074,201599.87041574754,0.018588480232414113,8127129.354698582,ok
2784,8127167.821777194,0.31868865319332984,4789.277423668487,39470.498975100265,0.06066907624717102,8127022.541258601,ok
2785,8126986.165317837,0.4324225864159569,5111.6855392277375,241214.9122804818,0.010595707974480307,8126959.084354222,ok
2786,8126957.485597977,0.4478801673001538,3055.212156599162,5345.516585795981,0.2857733305624214,8126520.936521195,ok
2787,8126450.641663471,0.30703637169513953,10189.362905943766,413956.12778079306,0.012307298071136969,8126387.939900252,ok
2788,8126422.627532474,0.40984716415893047,6391.652034328992,150830.78745223896,0.021188154428859324,8126354.913877294,ok
2789,8126337.919696518,0.4254765458248229,3374.0422013143907,10265.29179571077,0.16434224513346002,8126060.670861249,ok
2790,8126052.107399257,0.35152001014303486,5307.078165135097,81555.55821579142,0.03253658169497698,8125965.7703081155,ok
2791,8125882.524774101,0.44606324270325626,3157.0191665314305,10309.394657727506,0.1531137021786753,8125640.833327883,ok
2792,8125733.794153763,0.3667524323814211,4389.080734621784,40646.3092558564,0.05399113492683714,8125615.308428689,ok
2793,8125714.586849616,0.44860881027930183,2481.63935385962,5018.592514886113,0.247244555769232,8125407.800939803,ok
2794,8125424.903687991,0.23243810196745732,10510.747707733235,169408.33167127558,0.03102193264062292,8125261.871834296,ok
2795,8125266.664615449,0.3233711306387908,5626.597472316336,63056.767604622735,0.04461533381790289,8125141.148353206,ok
2796,8125129.125433742,0.4070650325913203,3331.688953005234,13694.205924212802,0.12164593447198191,8124926.482225712,ok
2797,8124786.210778232,0.44307975642204267,2860.850627038944,3728.810128147507,0.38361441434673293,8124237.479009319,ok
2798,8123933.999099002,0.20011531667608495,11617.9317707674,154238.14166736533,0.03766231765104829,8123715.219980602,ok
2799,8123544.020257227,0.3915482492256469,3940.0782770610563,22719.015366847685,0.0867132270796063,8123373.191806052,ok
2800,8123348.654825489,0.3697769133526955,3404.086383442132,16170.853411516819,0.10525376418964243,8123169.508372746,ok
2801,8123548.21998207,0.11438130121626504,13422.9270534377,266014.2560489849,0.025229713724376393,8123378.891678619,ok
2802,8123365.943182962,0.46480470678953784,3031.989223086396,28230.580344682458,0.053700440906052874,8123284.53360391,ok
2803,8123164.85485645,0.3975077977387075,2529.862723352307,3796.637773436091,0.333171463057785,8122743.415824013,ok
2804,8122532.911094477,0.4061797759685957,6574.6797101898155,200560.34441741073,0.016390776873883014,8122479.029040405,ok
2805,8122512.059617976,0.3237695194025658,6828.284518045795,234230.3809272991,0.014576000967537112,8122462.295077105,ok
2806,8122386.691530319,0.47373394915992906,3047.164404214438,10338.774688658923,0.14736583860160007,8122162.167561427,ok
2807,8122205.097352885,0.2777883664413851,8302.865012912283,301737.30079968483,0.013758433231336435,8122147.98014593,ok
2808,8122140.891612878,0.3993932752901279,3627.3087449939467,23089.10601955679,0.07855022065214579,8121998.428661731,ok
2809,8121928.807428025,0.4591436273069857,3296.479471371741,12634.649906336004,0.1304539300973677,8121713.788076761,ok
2810,8121567.586209865,0.48431059437705426,3150.9924515986604,21012.63777263493,0.0749785078316594,8121449.457853761,ok
2811,8121443.062773519,0.5327662191039516,2288.4445058316633,6995.425193489496,0.16356722018566314,8121255.905520336,ok
2812,8121349.548932187,0.30990795286512685,6784.127754663732,120751.97397907595,0.028091167088660985,8121254.261899034,ok
2813,8121302.186568128,0.4156956180766079,5342.823612290882,91951.15529465202,0.029052509428348784,8121224.575351442,ok
2814,8121235.811784562,0.45347983815681275,3085.6614249772515,15630.245001757688,0.09870803127622937,8121083.522002339,ok
2815,8121038.777258773,0.47356747129322563,2500.425556529217,4243.661637139415,0.29460708349673165,8120670.455718419,ok
2816,8120870.238685789,0.1421922740451059,24753.897304059887,1242431.8836560955,0.009961873012795185,8120746.941095032,ok
2817,8120749.317378185,0.26531057544812914,9279.694856440216,206847.97730383117,0.022431195550947115,8120645.240053196,ok
2818,8120662.074644342,0.22408413084658074,10076.664140902134,380367.72175703885,0.013245950647908337,8120595.337146389,ok
2819,8120644.779274755,0.3366741627201346,5330.7317985615755,62749.89843658636,0.04247601933530373,8120531.565141281,ok
2820,8120803.282404857,0.105083335947366,20372.654015024407,471846.86032996257,0.021588205547005027,8120583.377883649,ok
2821,8120591.335038018,0.26733614493812785,6549.102095227248,135273.5931917505,0.024206875638853948,8120512.0683880355,ok
2822,8120494.021736233,0.4215663264070901,3235.3029316032944,7148.175362319111,0.22630271136448815,8120127.942823479,ok
2823,8120292.5126608815,0.1336360529998777,28025.72858429832,1539600.3106499845,0.0091016247497594,8120164.972828425,ok
2824,8120169.248326683,0.20619416112952288,14755.716646143328,374671.1175524395,0.01969155874962539,8120023.966796068,ok
2825,8119984.808137389,0.35284216196779006,6825.166288027526,126366.41276291457,0.027005460307054568,8119892.649758749,ok
2826,8119848.919726344,0.4436391895018727,3796.616012755532,18350.55008953443,0.10344692650169637,8119652.54559753,ok
2827,8119782.18578198,0.3301752633404772,6946.89764420081,125261.67146094136,0.027729542337964753,8119685.868635808,ok
2828,8119591.782863639,0.5037427317912815,2901.332960190898,10948.05065647046,0.13250454584242208,8119399.562960526,ok
2829,8119394.419417852,0.3023683085221888,8104.331477834912,179262.17381365364,0.022604689281129423,8119302.821470408,ok
2830,8119259.231659631,0.3778048977449251,4484.141812712066,68047.74289642675,0.032948497788804196,8119185.358791331,ok
2831,8119029.034580218,0.5041367483556793,2563.78287798989,5296.938644357005,0.242006095419018,8118718.809038315,ok
2832,8118702.974574311,0.19379377641833487,14955.359000600412,1137725.9540479123,0.00657247861288159,8118653.827685721,ok
2833,8118658.273583016,0.1925026086863447,14122.963424932648,1039259.4337046696,0.006794724669752686,8118610.29275902,ok
2834,8118644.210687507,0.2483601503936197,9260.024316218569,426243.46644404164,0.010862365109629487,8118593.917804983,ok
2835,8118614.018308881,0.3986687574235607,5258.150882254342,89920.87803857011,0.02923765312878141,8118537.150313083,ok
2836,8118544.375360983,0.46117685193088553,3582.300039239951,21719.81396445135,0.08246617685361102,8118396.666066694,ok
2837,8118285.73307032,0.2501997819113083,9436.960312698813,515576.2860951658,0.009151856444146973,8118242.550217295,ok
2838,8118206.880642384,0.3500014711924481,4288.065747928823,75847.5021391456,0.028267679402692633,8118146.273808474,ok
2839,8118105.84429396,0.437671498278426,3176.0844379188275,14712.586525390614,0.10793766386480108,8117934.434726727,ok
2840,8117748.186810705,0.4065719946020898,3554.029801241706,79933.36856097532,0.022231202470408818,8117708.681632656,ok
2841,8117696.350520808,0.5131007905474919,2136.6756443759473,5304.655672554014,0.20139626172448716,8117481.191277161,ok
2842,8117497.798328944,0.20416094965648537,12574.858650194668,408700.12786574976,0.015383967110386212,8117401.0727229975,ok
2843,8117471.096168882,0.3707564780227946,5904.345276527634,129391.81340560934,0.022815760600012086,8117403.740104717,ok
2844,8117433.520973382,0.3937475825337517,5722.791565298678,127716.9945363804,0.022404189771583337,8117369.4137192555,ok
2845,8117322.260144115,0.4779195071257107,3500.4169839845517,20696.016845599213,0.08456740758618193,8117174.249549213,ok
2846,8117210.395540541,0.34455787089661133,4292.344905578813,77387.28632908843,0.027732881647546552,8117150.875993912,ok
2847,8117177.353646882,0.4221799877483552,3562.7136700770925,51551.412996370425,0.03455495652784466,8117115.798938887,ok
2848,8117161.397630788,0.36189624598414366,4356.448355972292,66536.69831025644,0.032737184641011545,8117090.088703684,ok
2849,8117043.718674021,0.4982477976139701,2332.4669021886575,5188.23782137148,0.2247841157724805,8116781.567918933,ok
2850,8117173.27580202,0.13415321879438435,19504.01032309925,552234.5606063998,0.017659172129395717,8117001.063464265,ok
2851,8116946.351324497,0.3908645914643078,4841.566006941022,66774.29046832092,0.036253219412626776,8116858.590147122,ok
2852,8116892.018364092,0.16181967774011,14029.253844683179,940012.4868952223,0.007462269938041226,8116839.6733244825,ok
2853,8116785.181921748,0.4442634671938728,2458.4958652868017,5505.1181678683115,0.22329183410051842,8116510.700896304,ok
2854,8116333.43120363,0.5262704075572541,2553.4640650197653,18326.856414122078,0.06966454058788143,8116244.488253131,ok
2855,8116171.210954588,0.4874538933682904,2407.954432405408,6292.7093717883345,0.19132890859387394,8115940.85530784,ok
2856,8115730.028560437,0.4854876598716147,3700.846593924706,27098.751899305968,0.06828444733684376,8115603.673428264,ok
2857,8115671.558841409,0.35339141720342976,5824.909628333064,176501.08119617196,0.016501059338721483,8115623.500251699,ok
2858,8115604.927776709,0.4704615205817191,2802.758951558416,11359.140641473947,0.12337020202589612,8115432.039307668,ok
2859,8115394.183780132,0.34531468446200875,4045.950513826317,34987.748387448395,0.057819532554969626,8115277.216296407,ok
2860,8115258.72104151,0.4208953357304146,3390.945292678978,18423.3519610105,0.09202845659832329,8115102.689310662,ok
2861,8115232.469243396,0.25745580906454874,6495.651928351936,136784.80418700926,0.023744055368428277,8115155.352683876,ok
2862,8115136.286197297,0.3336137399900984,4434.326304330223,44751.6887365489,0.04954367566367042,8115026.439785194,ok
2863,8115015.219069925,0.42789166271152196,3254.643215608442,19674.034219782687,0.08271418000116683,8114880.616497538,ok
2864,8115006.517596696,0.3017714927056967,6180.654858575231,106710.43803622403,0.02895993574910235,8114917.0219129,ok
2865,8114852.350989468,0.44346983114475896,3518.150238946872,20610.52268537866,0.08534839927768276,8114702.216743812,ok
2866,8114649.770521576,0.401856608434841,4748.418823471293,96822.29735621938,0.024521308382104187,8114591.551800426,ok
2867,8114607.173270857,0.44139445542894973,2800.480428174435,11615.699288089469,0.1205472162595496,8114438.378210953,ok
2868,8114254.406122577,0.452514691262846,4175.791913564177,72506.52101328631,0.02879597486686054,8114194.283123081,ok
2869,8114254.406122577,0.47430043836968006,3795.578913076347,75929.17537341658,0.024994206076977953,8114206.97238181,ok
2870,8114223.5691086445,0.4869702893805437,2944.0974727085068,25180.75728786234,0.058459271876776006,8114137.51421135,ok
2871,8114140.258089291,0.29774529773337116,6436.099948255645,127186.288055376,0.02530186251466594,8114058.83543128,ok
2872,8114047.288494313,0.41581776721200414,3755.504494486666,46516.14112183745,0.04036775626604598,8113971.487849269,ok
2873,8114007.237207861,0.5239449062181654,2115.512280004757,2972.908697155174,0.35579839401545127,8113630.8892719885,ok
2874,8113605.565766228,0.17633074746312827,20662.780099645046,1512336.3400076898,0.0068314102997551395,8113534.987801831,ok
2875,8113510.359397374,0.39669322419396874,5881.435631725821,88554.15899200077,0.033208127651334254,8113412.703664758,ok
2876,8113420.687865448,0.4225204763163889,4353.4598166075475,46009.66490829441,0.047310275192014334,8113317.706174468,ok
2877,8113230.1994938,0.4618298142770253,2302.3797465510515,2947.243960856468,0.39059877246842856,8112780.546142421,ok
2878,8112698.595357893,0.3244146842780751,7530.052826074276,180160.1359234839,0.020898221428053254,8112619.91300223,ok
2879,8112681.053938717,0.36764122575446656,5465.930786448891,78396.16998066027,0.03486095550201811,8112585.780153755,ok
2880,8112562.9661331475,0.49940528758910147,2950.885359442067,10304.957411790725,0.1431779502584709,8112351.715274542,ok
2881,8112252.01907219,0.4989528427583138,3037.26019362027,25781.175936375286,0.05890460933814361,8112162.564759608,ok
2882,8112121.78908103,0.42434656250411484,4060.130574050374,54637.707414820215,0.03715502320791999,8112046.361958176,ok
2883,8111989.680982239,0.4809734696261839,2790.8105256164463,8635.717944558764,0.16158532177251655,8111764.203973845,ok
2884,8111997.703245074,0.16659405235428557,12407.025928734238,218258.95351035873,0.0284227192726492,8111821.382537583,ok
2885,8111849.831040719,0.369819328207882,5051.440334762572,53463.74459474875,0.04724173711598503,8111730.511632542,ok
2886,8111807.973916412,0.3268416208485766,5391.183022892466,133140.20010183807,0.020246263032385355,8111753.398261644,ok
2887,8111747.282220839,0.4420330133791475,4083.0496585595224,37297.13569095341,0.05473677244805001,8111635.535740811,ok
2888,8111570.664504217,0.21873086594401994,8492.265063305327,263251.8414180537,0.016129545414687706,8111502.176316711,ok
2889,8111485.688166652,0.4299632485171397,2875.8487740252913,7753.92226620273,0.1854447771910447,8111219.032599084,ok
2890,8111028.799133311,0.2030747267575872,8656.574602586757,253458.98521372335,0.017076874578518697,8110954.885513927,ok
2891,8110927.8411010355,0.4439533037493464,2794.315231878203,17988.117286139313,0.07767114221651629,8110819.322273149,ok
2892,8110781.554823449,0.47568060291219877,2058.56355817362,2704.4752743327626,0.38058465124653446,8110389.825976521,ok
2893,8110457.621899305,0.1576719758354591,14855.380946647623,342941.2318320613,0.02165878519081415,8110296.747146879,ok
2894,8110361.959771628,0.3056338096504227,6224.118692323009,92819.52467438225,0.03352806812013785,8110257.618433875,ok
2895,8110239.001256733,0.3421256036243798,4485.854154305281,45455.20785197918,0.04934367662461322,8110128.326988345,ok
2896,8110165.494018484,0.41726976545475647,3226.145465828056,12576.78299970891,0.12825797606203132,8109958.60457452,ok
2897,8109899.001787837,0.45917376848974023,2813.452153210405,12195.516486920009,0.1153478065577584,8109736.739020473,ok
2898,8109757.281389605,0.32224018634582524,5671.807279173481,135432.37403463302,0.020939628798514142,8109697.898620084,ok
2899,8109714.455583876,0.4390768706444462,3782.4332600725966,51992.325409531055,0.036374919089300954,8109645.662731978,ok
2900,8109623.007919694,0.32392959879918787,4435.759043070939,54160.09762006594,0.04095043434179041,8109532.18478997,ok
2901,8109526.619122278,0.41898544471059324,4880.452393994543,63020.27133251255,0.03872128991831782,8109432.130416238,ok
2902,8109473.622790058,0.2701901584273754,7102.840617443508,137390.0027862977,0.025849190164482238,8109381.821451143,ok
2903,8109338.691558709,0.5150783550859206,3068.3107896505503,14113.177512608709,0.10870375529923443,8109171.92310608,ok
2904,8109212.833919005,0.15320440856820683,23512.31053396582,1536083.0934451127,0.007653332894001402,8109122.860149193,ok
2905,8109133.056083851,0.24218348276356721,8705.879630254312,571309.4970937715,0.007619232372768852,8109099.890023895,ok
2906,8109046.315860027,0.4890204583965663,2797.716355751923,5257.657684673742,0.26606109826314533,8108674.134116908,ok
2907,8108527.983018311,0.21929921993603332,12334.66509347401,371772.1211049526,0.01658901299109501,8108425.673058573,ok
2908,8108382.084168447,0.4066593279134721,6369.6315203219365,132978.78304466675,0.023949803775021827,8108305.808455932,ok
2909,8108324.960328737,0.295004607362343,7352.064512753162,138413.37104685843,0.026558360861914834,8108227.330937532,ok
2910,8108095.739713246,0.37449354048846756,5227.4116012195245,128351.87406548043,0.02036359671130587,8108042.5152624,ok
2911,8108201.112092356,0.22145731714224773,8688.471924194804,220834.92882797783,0.01967186977691106,8108115.65284823,ok
2912,8108120.66568873,0.3967330845137374,3401.8197914576886,12381.736704211171,0.13737248145087314,8107887.007475629,ok
2913,8107863.044864593,0.24624843866217844,8323.225122463034,266037.57532156847,0.01564295027197281,8107797.944966246,ok
2914,8107819.91156869,0.3679254365779815,5090.899097711097,130171.73884148072,0.019554548256863355,8107770.136452652,ok
2915,8107735.532773264,0.48859834949139164,2606.1392231694845,8375.185281809154,0.15558695930166472,8107532.792134639,ok
2916,8107737.694559952,0.23127980055186542,11986.157672337005,472146.9385909016,0.012693249381335692,8107661.622915723,ok
2917,8107661.130129093,0.38844623198536415,3864.628708296188,33077.903079456904,0.05841707527549295,8107548.249976011,ok
2918,8107414.169396162,0.43909365110359566,3326.875140865218,23694.412594308156,0.07020379018943047,8107297.389773974,ok
2919,8107321.308485895,0.2391623040582302,6936.738507538797,327470.4886129596,0.010591394871825217,8107284.573617567,ok
2920,8107245.2479453,0.43758686034432026,2954.0888211639312,9360.308587707146,0.15779868759046703,8107012.172275797,ok
2921,8107034.84372147,0.1865692250302304,14732.252255517264,560274.7586732893,0.013147346036436401,8106937.998712321,ok
2922,8106937.574427554,0.3722967496178428,6531.524769059621,189410.50059364867,0.01724171772047636,8106881.267074378,ok
2923,8106836.058024697,0.4359132076552061,5588.930925415975,115504.2903108399,0.024193607485814155,8106768.449824159,ok
2924,8106816.58603739,0.4292504997304946,5455.515315506883,88989.01548269496,0.030652745655826347,8106732.972775697,ok
2925,8106730.426820408,0.571272881084212,3155.4478497181844,30108.068811306515,0.05240202999225935,8106647.750883978,ok
2926,8106657.683294639,0.40954221639915644,5033.550331255014,53093.16522305983,0.04740299726064179,8106538.380608357,ok
2927,8106678.191849174,0.15648759461230347,14548.389758049074,905022.9420806157,0.008037580641106644,8106619.724921235,ok
2928,8106586.337583173,0.47097747391952677,2617.457044765152,3736.274126307841,0.35027636574296334,8106127.920912609,ok
2929,8105825.775516661,0.31260151793293994,7333.240290719524,97226.41056880208,0.037712182563451574,8105687.499268348,ok
2930,8105677.24881894,0.45625393913403184,3601.9349860673165,11012.122770360062,0.16354408051834426,8105382.711246247,ok
2931,8105562.284184066,0.286601632163809,7404.254420492503,102256.34379082435,0.03620437689244323,8105428.250975243,ok
2932,8105432.841097763,0.38191734215621254,4820.257480699827,33692.525797465765,0.07153303836102413,8105260.437266124,ok
2933,8105299.086816797,0.4691157784669795,2966.7484632915657,9029.446561943916,0.1642818550915077,8105055.395346227,ok
2934,8105007.496268974,0.4567378500523851,3872.266640152075,59359.78066274977,0.032616921734871324,8104944.345560004,ok
2935,8104867.745702444,0.4575374132866235,4457.492500623075,220666.60652119218,0.010100061289053698,8104845.235228718,ok
2936,8104867.745702444,0.439487522635491,4999.073570225962,208973.77157638676,0.011961007193667451,8104837.848724976,ok
2937,8104778.259796042,0.47520476336349415,2326.097353977084,4252.527076336696,0.2734958898816561,8104460.170763153,ok
2938,8104483.772688171,0.41116284929037095,3721.438108772837,21258.608295747723,0.08752779243590518,8104320.908056998,ok
2939,8104222.231946132,0.4722112673506873,3023.203503116899,17146.04929499708,0.08816035260084716,8104088.9686027225,ok
2940,8104076.999217425,0.47406289764414294,3022.57312432188,8592.086328263464,0.17589285121468098,8103811.174715003,ok
2941,8103969.677943391,0.1318135943151685,17215.783602504176,501684.3794885765,0.017157982494944497,8103821.983886546,ok
2942,8103830.896217924,0.2557197866813744,7200.705189622113,215957.9206503042,0.01667154686417372,8103770.872770911,ok
2943,8103742.586480821,0.45512262385677715,2769.6584367741634,8938.108076422253,0.15493538526795272,8103528.027432339,ok
2944,8103299.337273114,0.35430200379723,5902.18599463585,160677.19213214036,0.01836659552085623,8103245.135741688,ok
2945,8103231.693645515,0.46022441691112687,3044.429039959072,25375.249026240825,0.059988160841511234,8103140.378796054,ok
2946,8103106.219002072,0.37912148249647015,3871.051982493037,94684.08784774065,0.020441935231598728,8103066.65310512,ok
2947,8103087.581473458,0.4953384577943343,2406.837939121081,6627.71109707767,0.18157384230147858,8102869.072067256,ok
2948,8103126.278412006,0.12912563590192583,26063.11912448706,1290203.7020201753,0.010100389219034927,8102994.654588296,ok
2949,8102950.679784658,0.3734764714834757,4755.447561410562,78864.48155493193,0.030149488512761113,8102878.992628845,ok
2950,8102900.404418043,0.2023887395317376,11988.732720025913,771905.2819442538,0.007765676048898786,8102853.854110773,ok
2951,8102885.5414166525,0.20301547917874485,8809.902435566244,372130.5327682122,0.01183711313612318,8102833.399510729,ok
2952,8102853.990285057,0.33347575196376367,5749.847010080897,235309.79589650937,0.012217610805734823,8102818.865588576,ok
2953,8102799.603096508,0.4517796073282946,3439.8673147624995,22239.29212344629,0.07733760804229779,8102666.5875414545,ok
2954,8102620.194894478,0.3302614840095101,6225.568358003158,243065.04631974865,0.012806383419303964,8102580.33138678,ok
2955,8102574.380201245,0.4322028029060805,3570.073870878666,102214.09426867103,0.01746370643120254,8102543.206840235,ok
2956,8102609.375403429,0.19463146619583407,7315.1675112127705,317834.20382809837,0.011507835568209017,8102567.284530994,ok
2957,8102531.4243053775,0.4750540418322524,2829.8453702641755,18209.88689843815,0.07770079479480153,8102421.48368817,ok
2958,8102452.229069362,0.4449285592285395,3141.4475322320404,25304.27042286414,0.06207346585644942,8102354.728801297,ok
2959,8102686.027887845,0.09092496043483568,33880.651354087,1743415.1810901295,0.009716747829654085,8102521.423015089,ok
2960,8102548.29767821,0.13821302134791283,16597.426701677636,964245.5303409189,0.008606431753854978,8102476.875368111,ok
2961,8102521.228915992,0.4121728466334265,2565.866201200448,15163.014448698399,0.08460937005242725,8102412.680754531,ok
2962,8102838.320342996,0.0599854245123243,47481.74533721588,1742039.388269851,0.013628206588478327,8102514.774825678,ok
2963,8102468.038710171,0.24030467006226086,9046.43737198713,379460.5506351128,0.011920128926242632,8102414.121360272,ok
2964,8102367.722924197,0.2900539818424528,5945.171141379571,320972.78972275066,0.00926117623010175,8102340.193285368,ok
2965,8102299.186031773,0.48332062986289576,2269.8929686841557,2398.9900068689576,0.4730934606198521,8101762.250271876,ok
2966,8101577.652539436,0.2215356101272912,14251.523091365412,844082.9450034471,0.008442015785135435,8101517.4967479855,ok
2967,8101448.778238871,0.37129972600303396,6018.635134570792,54220.78393023723,0.055501181450222335,8101281.757558527,ok
2968,8101366.104578504,0.3279612920508845,6280.685438035776,273144.93868311297,0.01149698300894066,8101330.000111621,ok
2969,8101332.915742284,0.4540955123805179,3106.7140581037697,6013.882587838012,0.25829520386601296,8100931.691071788,ok
2970,8100812.925551996,0.46613416668664226,4163.729358463589,77012.74591169189,0.027032728863076817,8100756.647068592,ok
2971,8100678.538352645,0.4497217972500376,2957.1295719970453,23429.795081695927,0.06310617659450307,8100585.231782153,ok
2972,8100565.348440815,0.18355156710903028,7625.53990502604,293508.1897939414,0.012990335823984301,8100515.819278711,ok
2973,8100502.684780521,0.18114328609944044,7473.799703763223,292877.6628738374,0.0127592518159753,8100455.0047343,ok
2974,8100465.811571052,0.29967645470309534,4529.84635269268,156856.5640025748,0.014439454228445047,8100433.107316516,ok
2975,8100465.811571052,0.313844861497217,4330.131446107536,133961.1397402331,0.016161893869013753,8100430.820008617,ok
2976,8100383.8156416,0.4957274533086021,1857.900637091589,1922.0248564040678,0.4833185769947717,8099934.836695541,ok
2977,8100072.342793105,0.15781035292538986,11601.282723424352,234958.54266790368,0.02468793556449211,8099929.136932935,ok
2978,8099914.526751967,0.4034803067786845,4869.216998580632,52780.85607720908,0.046126733824266006,8099802.226213754,ok
2979,8099783.682667642,0.39324163744906776,4404.600760870814,28669.99395445446,0.07681551603861553,8099614.5118274465,ok
2980,8099474.354136341,0.49348769582791974,3300.3616443787014,16573.38596217576,0.09956811637377173,8099310.0487402,ok
2981,8099335.964048775,0.25465570523974623,6894.099078227821,334381.83553751657,0.010308722462668469,8099300.429371761,ok
2982,8099335.964048775,0.26983080199638937,6350.451463496437,281980.2822141221,0.011260453060108318,8099300.209568468,ok
2983,8099335.964048775,0.28007949095845147,5733.589198467282,250277.97640701281,0.01145444213825485,8099303.126515916,ok
2984,8099230.450265259,0.5288300588583601,2548.9776260153267,8112.94291784364,0.15709327994956643,8099030.236637364,ok
2985,8099189.673074918,0.1083894943151316,30425.78896045705,2018779.9651436224,0.007535687268001112,8099075.033459674,ok
2986,8099022.527911548,0.3585574848840275,6061.851122399538,361493.702523993,0.008384449134348616,8098997.115270349,ok
2987,8098961.784866989,0.49637374929371575,2416.4586265018997,7206.890519195402,0.16764918379609853,8098759.226208784,ok
2988,8098666.2932401765,0.42404141073216745,3045.8525252625263,31461.961138025017,0.04840531891671082,8098592.575508747,ok
2989,8098540.790621837,0.4104998678730003,4887.470267173623,190375.22182033042,0.012836413847455026,8098509.421826328,ok
2990,8098503.693709832,0.2226296761018174,6934.866656214586,263169.5981592762,0.013175660685580879,8098458.007984851,ok
2991,8098428.566839946,0.48231612316776357,2407.4351299709897,12901.058504722056,0.0933037831387951,8098316.255437303,ok
2992,8098145.053115265,0.45616133772144596,3507.6433335148513,73528.18696510702,0.023852371983409656,8098103.220308478,ok
2993,8098112.22924245,0.20976999556282344,7573.578122162286,314874.64493012783,0.012026338487563674,8098066.68803542,ok
2994,8098082.086155284,0.37021407480848917,4179.301434390563,89744.96265001908,0.023284323214266083,8098033.43005258,ok
2995,8098066.157677033,0.47390623859131553,2538.2480126565406,5638.651329052469,0.2250758084276753,8097780.508565313,ok
2996,8097608.396734688,0.41964966704250384,4457.559811779476,63505.93344586075,0.03509561681806927,8097530.17632914,ok
2997,8097481.579509189,0.491235073832676,2438.4415539754073,7740.753711148353,0.15750672640982788,8097289.544035835,ok
2998,8097342.52262405,0.249920300196871,9490.720886956911,661689.316031106,0.007171583896717135,8097308.490873509,ok
2999,8097311.582839842,0.3883473639769633,3592.404647389353,78471.70707982259,0.022889808193767885,8097270.468113176,ok
3000,8097276.431520216,0.5081532569865264,2361.454688247507,8075.179073029369,0.14621686199719267,8097103.789273084,ok
3001,8097130.944731494,0.22179809400881045,7092.090128347923,153664.49808348832,0.023076540830187987,8097049.114277785,ok
3002,8097107.1239985395,0.3988154583190677,3291.908957589504,30222.720365682486,0.05446083141687379,8097017.48394915,ok
3003,8096971.063256258,0.4973350406270604,2415.5700948762,13525.415639996627,0.08929744412929563,8096863.2111384645,ok
3004,8096917.163211354,0.4615481908797436,2202.281694978735,4536.122703498722,0.24274935213724594,8096649.861984014,ok
3005,8096701.915312156,0.08543602059621976,19904.557108883004,568716.2462760293,0.017499550293506323,8096527.754913058,ok
3006,8096437.275199396,0.4488119001619103,3097.054069322528,10891.308780621892,0.1421800690672222,8096217.105518655,ok
3007,8095942.643877857,0.2533458250868329,8238.06233115149,326728.4427281143,0.012606894983438522,8095890.71568452,ok
3008,8095878.2150947135,0.510229753274752,2995.5777903546546,17375.325254139385,0.08620206374672058,8095749.102600892,ok
3009,8095710.069302899,0.4165711056746864,3637.8586908318243,16568.778907971,0.10978053093223736,8095510.386273631,ok
3010,8095444.332780693,0.2079184703177899,10810.393528289096,631341.0779774194,0.008561452680159473,8095398.05644437,ok
3011,8095409.296894344,0.42396502986594525,2290.1018945095975,3993.752336403446,0.2867105545873605,8095080.998702225,ok
3012,8094946.599532799,0.11711255209715447,23901.089935191016,1257979.015035344,0.009499796757149997,8094833.071784469,ok
3013,8094850.58360238,0.4399062108681908,2644.9362559087454,6369.464622365109,0.20762626160302214,8094576.004488884,ok
3014,8094672.260445873,0.29544622274481125,9090.443123230518,161569.6170336849,0.028131660178829582,8094544.395817464,ok
3015,8094565.121474058,0.37454239263428785,5261.709502708682,64589.25314373294,0.040732081937838775,8094457.961282759,ok
3016,8094468.408975359,0.45244562980974207,2816.2662633413784,11223.613122704679,0.1254616598305694,8094291.742255397,ok
3017,8094102.974626093,0.4604046197765776,2342.339659147565,3713.298211547536,0.3153988079739201,8093733.589057911,ok
3018,8093805.568460303,0.17570745434858845,15793.571556720164,491330.4743648941,0.016072249108031945,8093678.64935212,ok
3019,8093689.968216965,0.34613507337187727,6409.406814890132,76149.3043836441,0.04208447382919752,8093555.099960283,ok
3020,8093458.979174012,0.45908000829775125,2204.8576789924764,3029.6691672565375,0.36387763106640547,8093057.8299794765,ok
3021,8092884.665929173,0.2519447809790335,11527.296613586128,773379.0225140259,0.00745255319708201,8092841.712033557,ok
3022,8092833.535386105,0.42891093438301053,5022.957851731957,171292.6761420351,0.014661916565443064,8092796.712291638,ok
3023,8092835.299466211,0.4069019830460009,4711.923853155908,103435.2759734976,0.022777160928942688,8092781.637342267,ok
3024,8092788.3694503335,0.4572741068905879,2764.865513360811,15015.051752320232,0.09206979632732748,8092661.08914799,ok
3025,8092725.883010312,0.2814943084249245,7508.899790759124,238085.2064528233,0.01576935396917871,8092666.677760952,ok
3026,8092711.857571393,0.32433883698251254,4708.963846834449,119301.00208535508,0.01973564246956356,8092665.390357952,ok
3027,8092659.814705839,0.4957539610323566,2202.460199146075,4558.530650797369,0.2415756707439079,8092393.784305891,ok
3028,8092321.644975709,0.3751772392077514,5665.798899794022,113319.89121778491,0.024999136686890886,8092250.82493514,ok
3029,8092374.149589886,0.1597464023419799,15416.352811470915,573861.0739421693,0.013432129753606963,8092270.612364241,ok
3030,8092235.866443579,0.2747424964067823,7314.501534528807,224307.9965430341,0.01630459378902593,8092176.236455435,ok
3031,8092211.109509383,0.31599224527261843,5448.946199466931,95574.04610402067,0.02850641163363754,8092133.444557717,ok
3032,8092201.111460615,0.370489483163381,4783.322058563476,82002.41671804259,0.029165738340434944,8092131.356900835,ok
3033,8092131.513186635,0.3880556030184971,3515.9642795476407,15615.901050522956,0.1125764138800654,8091933.605861675,ok
3034,8091789.661944301,0.2612898336261983,6661.751956547809,192355.28051975425,0.017316270025307855,8091731.98359644,ok
3035,8091747.938860554,0.3871372198847102,3772.3526316942116,58674.55575010872,0.032146409831890564,8091687.305063689,ok
3036,8091717.5773541285,0.45757155605657424,2990.36445764828,21549.40920987349,0.06938390812770304,8091613.83576773,ok
3037,8091756.857280306,0.17746852796283163,10567.038540747535,321236.45494601835,0.016447446076011604,8091669.956882014,ok
3038,8091719.361623124,0.22747088528677967,7377.274566939453,224848.55812815012,0.016404985267316794,8091658.849582832,ok
3039,8091549.431109728,0.4110225057678725,3387.146710726683,52580.57585991824,0.03220910626531079,8091494.8826255575,ok
3040,8091562.471030225,0.3173895336565585,5258.6988261207325,128927.76026863747,0.020393974172682287,8091508.848146204,ok
3041,8091541.120161707,0.4303913570225116,2875.889026810802,19936.951934961104,0.07212459146695567,8091437.409001125,ok
3042,8091342.825115271,0.4112992252349931,2462.4810910934234,4917.071027526985,0.2504012121553505,8091034.520990211,ok
3043,8090892.806144059,0.3216803177411972,5500.181903491368,95690.21137607282,0.028739522174713678,8090813.769844168,ok
3044,8090819.612892544,0.2678126919433991,7083.839759149229,447371.904600956,0.007917171022918649,8090791.5709071085,ok
3045,8090793.380379673,0.46906489205984486,3101.1993894571024,83059.57080014088,0.018668525249903183,8090764.43297012,ok
3046,8090764.61322661,0.5050117706720357,1737.858849230247,1530.379607232648,0.5677868553060437,8090271.246521125,ok
3047,8090173.2802875135,0.15910547442187276,21157.90007791724,738119.7885694929,0.014332294300713802,8090021.659662162,ok
3048,8089936.593444336,0.3292738834605511,6296.958549486329,220590.50021657746,0.014272959495771408,8089891.655327174,ok
3049,8089925.682903061,0.46407712736289014,3051.307374142838,17494.526152854414,0.08720748843045929,8089792.634476797,ok
3050,8090120.039705246,0.1299677737916704,26020.45954863452,724254.2892205808,0.017963621297042577,8089886.328864593,ok
3051,8089833.674029948,0.2650640065945654,9925.058154320795,762330.5879140003,0.006509681174855637,8089801.369547836,ok
3052,8089805.990137593,0.41349880988649806,4080.7087545495706,60629.824445051745,0.03365265190770823,8089737.326801966,ok
3053,8089747.394555774,0.4724269321480983,2465.1531330676776,5722.956334753357,0.21537409940538352,8089481.929487808,ok
3054,8089385.46202676,0.3132614764669582,6365.512840052412,141558.53215525922,0.02248367775200867,8089313.901957049,ok
3055,8089315.9832623955,0.5213431017645249,3024.750171768073,16443.444614637086,0.091974347305418,8089176.88355099,ok
3056,8089156.96196109,0.33369722928869655,5608.472120090035,192655.63791280368,0.014555691649751876,8089116.144365686,ok
3057,8089080.718765856,0.48191240551561004,2920.033724265437,29968.753253458293,0.04871797134117474,8089009.589706209,ok
3058,8089067.201941015,0.47435928422170237,3798.928813053134,86865.40942680549,0.021866752474436826,8089025.666823004,ok
3059,8089053.2985266745,0.4452121939708574,2323.259837192437,2536.4412014280338,0.45797628501784815,8088521.29957199,ok
3060,8088679.9800524665,0.11385581935363208,24063.181419125474,638306.7690366113,0.018849229388123005,8088453.193839278,ok
3061,8088460.7636559745,0.2486640750394729,9465.910523631883,256187.16722564446,0.018474599305933426,8088373.32420398,ok
3062,8088391.486225193,0.3743009249507574,5742.651315294505,124709.48934832882,0.023024115267021018,8088325.376492282,ok
3063,8088260.177969268,0.4463407818729247,2865.897793635887,16993.538136687042,0.0843231636220815,8088139.347184979,ok
3064,8088109.06766996,0.3615910631069389,4532.836816943462,120984.60069138004,0.018733114756093166,8088066.610593828,ok
3065,8088045.78846275,0.47814464732168194,1784.0484324199192,1583.2653521927155,0.5634079056770657,8087543.214967282,ok
3066,8087450.92514888,0.18828592544659775,15348.35477096356,418468.1861189497,0.018338735512143312,8087310.190439534,ok
3067,8087360.925030654,0.31346192036203774,8242.891659036108,216742.6783412034,0.01901538663755894,8087282.5541447,ok
3068,8087327.294961141,0.3968458768496079,3996.4565260530676,31929.74010827101,0.06258203969874836,8087202.241760658,ok
3069,8087222.486908947,0.40918380438984514,2844.268304677138,12421.062049124945,0.11449376443931036,8087059.661416308,ok
3070,8086895.31237369,0.47463449130135804,2639.9874765787654,20046.9705381326,0.06584504804746133,8086808.397322571,ok
3071,8086759.424421001,0.47836459839189105,2578.456732226243,8034.965637160316,0.16045225634203897,8086552.564820718,ok
3072,8086609.505401476,0.29761397239229204,6687.395446944944,217382.88381348836,0.015381605326118134,8086558.073962764,ok
3073,8086533.051084617,0.4331871133969093,3384.9387479085462,38394.749506409615,0.0440807505117785,8086458.4457643945,ok
3074,8086451.126468379,0.5625042752341481,2290.871986989438,12268.045719196474,0.09336743762720034,8086344.1800447,ok
3075,8086327.725727177,0.3676454156473837,3993.1139706791264,152080.80226203415,0.013128264420248847,8086301.514399143,ok
3076,8086287.33142159,0.495887334152362,2312.047461309334,6804.4074539142475,0.16989337256540424,8086090.930651223,ok
3077,8085933.943770811,0.41030956831952936,4425.689179069949,97286.23815867913,0.022745710302064563,8085883.611048834,ok
3078,8085910.769192639,0.44169718229123595,3946.0874673082226,55765.64284712783,0.035380991465710894,8085840.960949137,ok
3079,8085908.08945498,0.3183350495572981,4910.2534643846875,78379.22518446301,0.031323692297471444,8085831.185820669,ok
3080,8085871.04093496,0.3782880075354368,3819.0128339921075,54049.564684508005,0.03532880288938511,8085803.580359138,ok
3081,8085811.861526312,0.47035796481566605,2149.6512391712704,2899.522012863447,0.3706906223913031,8085413.433748426,ok
3082,8085299.105454129,0.2565792345861441,10175.989473570036,798820.0178160622,0.00636938812662127,8085266.698040864,ok
3083,8085286.688827032,0.4151771238194595,3847.1847913435877,24305.459724331453,0.07914239917651689,8085134.4511098005,ok
3084,8085162.622737086,0.38881736151477375,3851.368984515507,47274.04910519048,0.040734494478627634,8085084.180952769,ok
3085,8085146.400008715,0.36850154292491866,3840.104339795482,35114.87047021098,0.05467917563661753,8085041.413138886,ok
3086,8084988.752567686,0.4977697396011454,2515.518361988692,6324.28145131663,0.19887779990128324,8084738.612188964,ok
3087,8084779.134087475,0.45292037893307036,2036.5687774170729,2555.5745768667907,0.39845614286748104,8084373.392417608,ok
3088,8084490.321519187,0.19380115700502437,14716.455107817757,552700.3414837142,0.013313231423298651,8084392.359732896,ok
3089,8084396.864661648,0.3615421404729367,5827.962552242937,83279.5339960813,0.03499036481470448,8084294.903393733,ok
3090,8084273.413094039,0.4752023085399545,4671.240662579803,115166.30278171774,0.020280414278096227,8084226.045746124,ok
3091,8084266.601987024,0.45930825895961225,3707.3710030011025,18354.106056364802,0.100995684333955,8084079.38775126,ok
3092,8084119.187649593,0.35760298906716903,5357.048663966798,71929.49932974244,0.037238189573715615,8084019.444252741,ok
3093,8084020.480069833,0.4119064918533421,3522.996784390698,24630.749392921323,0.07151623217365807,8083894.504341843,ok
3094,8083964.851836628,0.5018505467217759,3293.3967777871712,19541.491133651423,0.08426677256260597,8083826.0898780115,ok
3095,8083783.771090146,0.27313486159038597,7398.5149340347925,274454.53577133623,0.01347858018312898,8083733.910351759,ok
3096,8083725.352680418,0.4449508264364675,3061.2902727433,15571.660032791026,0.09829685037744182,8083574.895084467,ok
3097,8083626.090820904,0.2967013781535659,5921.50302936667,175626.16844500348,0.01685825945471492,8083576.177703688,ok
3098,8083554.36107734,0.4761874657983677,2614.9729498506067,15287.663224407357,0.08552559378975916,8083442.537520201,ok
3099,8083467.204034071,0.5018396777404381,2801.1022042072664,22967.926740396895,0.060978560143188226,8083381.800444458,ok
3100,8083364.6939414,0.3461344987114755,4471.5235308121755,141061.3988439068,0.015849564684099704,8083329.258090681,ok
3101,8083348.081728974,0.50729279166288,1899.315800116899,3066.1427591242996,0.3097239674285991,8083053.949916469,ok
3102,8082882.160169836,0.3633277379064611,6556.066063692628,326721.923403105,0.010033097864087688,8082849.271343626,ok
3103,8082830.589572602,0.46565530486739554,2462.593380228517,3871.8733009910775,0.3180105841270905,8082439.024192945,ok
3104,8082440.573042192,0.10363838407545684,24189.011299985887,633934.7781479507,0.019078470004954155,8082209.828378923,ok
3105,8082237.231585533,0.18487716592322254,11700.691146094046,441817.2182064002,0.013241551781972345,8082159.763931686,ok
3106,8082140.413560846,0.3085311796282879,6978.436767227617,133182.05138822246,0.026198863489816815,8082049.000004727,ok
3107,8082044.65303555,0.41661075646096973,3746.8238123263845,56763.65697196304,0.03300372115011047,8081982.8234714,ok
3108,8081978.525084333,0.25838560031980934,8351.095211461326,693138.7291659866,0.006024115274520666,8081953.371104221,ok
3109,8081990.749710812,0.27533399030754424,5760.0542419000485,282385.488138838,0.010198920418793004,8081961.376543402,ok
3110,8081953.946159575,0.47535200450876036,2773.1260531400985,32813.175810586545,0.04225628858888755,8081895.355152178,ok
3111,8081893.147328974,0.45185924336716365,2267.9360118684463,3414.2665641691183,0.33212638340386313,8081516.526636267,ok
3112,8081611.52817459,0.21070829525339405,15023.127432290443,275240.0168813141,0.02729095791105213,8081406.530405367,ok
3113,8081589.635579258,0.18417141424032646,12293.455516056116,515848.4082977829,0.011915763738248751,8081516.392623531,ok
3114,8081467.610061146,0.3884772110110489,5458.367718933941,86605.51362146175,0.03151281881885463,8081381.60578466,ok
3115,8081396.317578812,0.4163635861351175,4811.773793562367,148425.5347110181,0.01620938675724095,8081357.319627608,ok
3116,8081364.166646374,0.41206892053726696,4144.311245538085,78173.88380004944,0.026507006202597445,8081309.24000443,ok
3117,8081341.987997285,0.3917129837920878,5080.757107421605,214778.43285727187,0.01182790338822789,8081311.9406451825,ok
3118,8081303.842697318,0.2517759515555627,6542.087822631264,328395.6576876797,0.009960679548407899,8081271.260877128,ok
3119,8081160.464028828,0.4873875934177331,2972.3389749758358,18160.498820002766,0.08183527898754554,8081038.842934196,ok
3120,8080934.374974102,0.5092444040743638,2346.5066399394727,11411.966612348297,0.10280903895216621,8080813.753927829,ok
3121,8080753.653791426,0.29687693239979585,6721.767861808521,236562.4034859323,0.014207176970554083,8080705.905118642,ok
3122,8080677.577220054,0.4262022335282085,2521.2847726527807,13506.753569102284,0.09333422571728893,8080559.91613902,ok
3123,8080570.529438241,0.5922712330500247,1520.486737660205,1031.115758831084,0.737301667944583,8080010.000734359,ok
3124,8080118.394259807,0.20823279062283026,22219.793218054838,709345.6511276807,0.015662176248441764,8079944.389101014,ok
3125,8080019.587375108,0.1816482654278911,12932.285985564307,541248.0983992056,0.011946726486257239,8079942.338133352,ok
3126,8079988.462261421,0.2713182783441151,7738.67210001545,224060.00066858088,0.01726919592279689,8079921.641939082,ok
3127,8079925.059680579,0.3018127607324264,6139.59593180141,193803.3378481442,0.015839757973136998,8079876.434823773,ok
3128,8079866.596940201,0.378643850026367,4338.279935327012,61082.80276751264,0.03551146753889917,8079789.567596652,ok
3129,8079734.840827545,0.428789150052418,3550.2093058131845,55721.5296055432,0.03185671078078237,8079678.291832011,ok
3130,8079675.876133827,0.4051091741486848,4545.904104035546,60756.08850841783,0.03741109916420727,8079590.842499212,ok
3131,8079537.973701433,0.5062680381933907,3132.251901361199,18421.357794341395,0.0850168575066533,8079404.826594647,ok
3132,8079370.939913761,0.3344630254555559,4613.323573117427,72738.52958734985,0.03171169117171529,8079297.791767548,ok
3133,8079266.888315101,0.47254359357186776,2708.6903540275594,5217.929261258398,0.2595560631818828,8078915.359812766,ok
3134,8078690.301196538,0.440309529319098,3842.304140903935,35850.01277690019,0.05358860211313102,8078587.349342636,ok
3135,8078634.649305891,0.5323118541516197,2939.983106241059,29785.865946791655,0.049351983109924245,8078562.10230759,ok
3136,8078524.993202434,0.4432558206050645,3035.493520046104,27289.40137465894,0.05561671138130712,8078440.581118932,ok
3137,8078395.524181712,0.231433002422775,9138.148953807413,730002.4372454995,0.006258985235917958,8078366.92641202,ok
3138,8078344.779375461,0.45578684191130503,2625.554660491597,5607.4881039297925,0.2341114784221814,8078037.4431338385,ok
3139,8077932.284193044,0.38578908693311575,6836.077568304578,156744.9606039164,0.021806371132973356,8077857.749170769,ok
3140,8077847.372357277,0.41000714448945225,4298.101043871879,48984.53010214677,0.04387202485059168,8077753.089159374,ok
3141,8077662.71450279,0.44908280610480833,2700.684192634864,10831.38025066975,0.12466943871109451,8077494.368111574,ok
3142,8077787.002349203,0.13481174096170337,12325.241380249336,281566.3327929341,0.02188692315944145,8077652.121543698,ok
3143,8077665.850322004,0.3244019920091891,5700.813048280035,158319.72096343455,0.01800411538622119,8077614.531274047,ok
3144,8077598.699013408,0.4344011013472813,3227.6199882200262,19632.298363221744,0.08220178627344273,8077466.040949186,ok
3145,8077519.568524657,0.5187181878467371,2460.30397461707,9564.11584519828,0.12862161094861058,8077361.344394337,ok
3146,8077299.718389315,0.5135330065360123,4490.560629552296,99068.57028171082,0.022663901461295762,8077248.831577507,ok
3147,8077201.750106289,0.4323583649435955,2490.6567570291104,3758.6983087749536,0.3313190568147611,8076789.149082495,ok
3148,8076783.405746838,0.341511040206309,6773.951038856453,68820.91429355176,0.04921433483114264,8076616.71799956,ok
3149,8076658.7440392105,0.3440510308069999,6648.0837806633335,170221.28132276906,0.01952776917492888,8076593.832916449,ok
3150,8076546.972118429,0.4152427377626329,3427.064727146847,19399.632316374886,0.08832808455483258,8076395.619086932,ok
3151,8076379.848281667,0.4776017239848099,2676.1020870965976,8789.093780136223,0.1522399324686191,8076176.143481157,ok
3152,8076177.276569018,0.26060457735023335,7628.8519033997945,147924.0061574162,0.025786388908644764,8076078.916297964,ok
3153,8076076.799560886,0.40887043806302775,3206.639181003015,24051.081357376133,0.06666309787396697,8075969.917310101,ok
3154,8075938.419544194,0.5215766045248477,2050.794552265509,3234.3809680576437,0.3170304569126069,8075613.337377224,ok
3155,8075801.835324179,0.15692724159607027,19041.672187292857,407082.8074605106,0.023387959204270756,8075579.16239803,ok
3156,8075654.697065045,0.21012255908797864,9072.460262978413,165399.10957271574,0.02742596464520208,8075530.286577837,ok
3157,8075589.155420872,0.3248890530105311,4810.604081830836,69771.30332635189,0.03447408785908347,8075506.234826986,ok
3158,8075575.118041643,0.37278947469397594,4480.877598494415,48931.03244525841,0.045787687021599195,8075472.533531113,ok
3159,8075496.9576646425,0.3881865708617288,3733.2891759575177,54107.16395091261,0.0344990284405264,8075432.560239913,ok
3160,8075324.073141561,0.48632578529650167,2237.581456650051,7153.939053122409,0.15638807096584337,8075149.107617744,ok
3161,8075032.070653999,0.5238243219079806,1874.3408190213459,1945.9661292712592,0.4815964653308904,8074580.732697367,ok
3162,8074738.986825097,0.1529043613936649,24365.041154417173,1087844.1296291507,0.011198774020467109,8074602.557530154,ok
3163,8074613.330836617,0.3752198221304197,6283.091980237145,94922.58714730982,0.03309587406465466,8074509.358626161,ok
3164,8074480.695425141,0.4457626539153084,3670.8166849952613,20495.774782407134,0.08955057137303644,8074316.333559368,ok
3165,8074190.910330882,0.48180564398566333,2802.5974433794036,19483.416541262497,0.0719226383484639,8074090.125229704,ok
3166,8074001.567901975,0.43915591494338263,4052.9789293257913,94074.7529976302,0.021541267982005164,8073957.914749354,ok
3167,8073976.18670163,0.5896208674561582,2262.665689569015,6565.598648388524,0.17231221482936432,8073781.244233437,ok
3168,8073740.967109429,0.4901739382475889,3831.3328929183913,51833.22215544818,0.0369582743807456,8073670.167383279,ok
3169,8073668.488443846,0.5781960373441104,2264.4095501076135,6087.356129364225,0.1859928597888779,8073457.906439867,ok
3170,8073532.2045616815,0.16945701217524925,14928.012492676045,1034108.881649326,0.007217814660322319,8073478.330747971,ok
3171,8073463.712289894,0.5488596324044984,2836.8193831108283,28869.081371742282,0.049132484449047484,8073394.022297782,ok
3172,8073375.418619644,0.527133374877404,2729.2742477114643,13132.435430173671,0.10391348437322455,8073233.614421199,ok
3173,8073224.657953959,0.2913414292030489,7282.192028558423,334778.7709983601,0.01087612575737978,8073185.056935812,ok
3174,8073155.858065909,0.5499443513716983,2134.1750036764042,10646.086836329428,0.10023283843569643,8073048.900856741,ok
3175,8073129.161904774,0.34064142973678546,4934.336714642818,270864.5723225358,0.009108494094176309,8073106.689716361,ok
3176,8073086.409920623,0.3295152419783434,5837.160463644361,289578.93802328693,0.010078703415879915,8073056.994416071,ok
3177,8073035.35710299,0.44147537013829014,2075.6270817352097,1749.1403850412485,0.5933277567329914,8072419.59352288,ok
3178,8072646.306940926,0.15701380687417787,20743.125231327027,359484.6555934735,0.02885119699626982,8072347.074944742,ok
3179,8072312.579345213,0.3538207946658093,5446.206857325629,54944.647964677206,0.04956084950100039,8072177.620026009,ok
3180,8072126.90243234,0.4901740088775351,2821.7565301690183,10270.564987002805,0.1373710469550553,8071933.08860794,ok
3181,8071856.331516497,0.3401488639377129,4492.063555440397,43852.275580738074,0.05121813515891427,8071741.293957335,ok
3182,8071770.903987292,0.4626469663380543,3757.123475791306,34441.80139364724,0.054543074458415296,8071668.441454547,ok
3183,8071588.776416904,0.48038695810539905,3428.132051171649,20384.695204753152,0.08408592860324697,8071444.647583456,ok
3184,8071438.533701921,0.3041928546737071,5940.221764887817,216514.25545790253,0.013717853709735963,8071397.790155334,ok
3185,8071369.160043412,0.48021095324120905,3234.35283881995,39749.996785368,0.0406836867973096,8071303.367344469,ok
3186,8071326.678941373,0.48343966760319795,2823.8074018906773,8609.045260329625,0.16400235545878397,8071095.123408737,ok
3187,8071112.119080509,0.40928169163177386,6472.403344709066,157523.97591185622,0.020544184805018982,8071045.633955286,ok
3188,8071062.038754534,0.45629955210530726,5585.802597195829,177605.63422005728,0.015725296727565796,8071018.119552883,ok
3189,8070983.914936811,0.5080109278404558,3921.3511887721575,80334.84087943682,0.0244062921258359,8070936.0621154895,ok
3190,8070926.90284008,0.5310607308322574,2902.9465564695192,28086.353754763066,0.051678950244248394,8070851.892224752,ok
3191,8070854.414145454,0.3122920578362856,4999.5531083614405,251486.2742870258,0.009940011880440363,8070829.566336807,ok
3192,8070856.551866575,0.27161296314826466,6184.586838807409,415486.7443790904,0.007442580205596869,8070833.537224783,ok
3193,8070835.99501703,0.4764523902795319,2289.530245640613,15196.255669003636,0.07533205203669521,8070749.757511228,ok
3194,8070748.926604642,0.5703284913176742,2095.3222798773195,22990.937957918748,0.04556843839325898,8070701.18632253,ok
3195,8070724.091170841,0.5096880382285089,2206.507366123611,29531.29469329224,0.03735879833647793,8070682.874938982,ok
3196,8070575.535130005,0.5125143589011006,1885.6541150741332,1175.46406820922,0.802089219939689,8069819.303710887,ok
3197,8070249.252361029,0.09887504759755233,44335.04199868666,1026267.6668449646,0.02160013582761749,8069770.4308964815,ok
3198,8069895.883807176,0.15529787133291717,23768.53818714821,621982.5185506042,0.019107078959820004,8069668.810139226,ok
3199,8069770.696705794,0.22967278055850432,15616.003362894207,420259.6857783272,0.018578992812471575,8069625.631898675,ok
3200,8069599.273437435,0.3371827989395182,6532.953950778976,78079.42349815129,0.041835311136317874,8069462.619356849,ok
3201,8069366.296843986,0.3852801226509826,4918.013629591654,63223.209005236815,0.0388940525716141,8069270.656103658,ok
3202,8069263.859551618,0.4346441158891935,3462.093328278248,13555.572730369586,0.1277000019527709,8069042.804889226,ok
3203,8069399.241337909,0.13964442026202867,20788.194542734644,614430.2729487275,0.016916642504420806,8069223.4081102135,ok
3204,8069152.671499431,0.36737013165478666,4820.505759801827,72273.603280027,0.033349006698369404,8069072.2919599945,ok
3205,8069084.932594191,0.49943158857286646,2824.6029010692955,16340.945653605484,0.08642715547022434,8068962.871397154,ok
3206,8068906.204698088,0.2928013465363499,6419.5318644700765,392336.1177942055,0.008181163514287198,8068879.945078154,ok
3207,8068873.5069742985,0.4893488943056936,2600.0543030776334,17406.357783538366,0.07468691427038719,8068776.411957882,ok
3208,8068611.88995773,0.42069714673471703,3371.611058017649,85117.1756751316,0.01980570332177223,8068578.501393564,ok
3209,8068575.913005217,0.5167507252103909,2111.2985429432338,3383.8862950792836,0.3119635766150598,8068246.588882837,ok
3210,8068353.918424207,0.2301407427217143,12291.423950637203,467738.398550517,0.013139207716030285,8068273.168638,ok
3211,8068249.804913432,0.3199184236415716,6289.731723835586,113414.47903381025,0.027728962727768383,8068162.601045163,ok
3212,8068147.096536903,0.30216981130695175,6990.453493974825,345679.3709992009,0.010111181170239666,8068111.755666033,ok
3213,8068098.483005787,0.49128974114099416,3011.676172856517,29415.666990763475,0.0511917029418742,8068021.396589788,ok
3214,8068011.980798912,0.5306377388786011,2152.3594398358855,13022.555116613366,0.08263967480122388,8067923.04565683,ok
3215,8067934.406493571,0.3729122693089186,4811.579920881568,200816.2465204542,0.011980056405425052,8067905.584994145,ok
3216,8067883.327955322,0.5130594703251714,2191.6219438116,3770.6703917633367,0.29061436244851646,8067564.869548358,ok
3217,8067530.036534896,0.23547285211766975,9324.940998773563,258059.07769926626,0.01806745393711852,8067445.797563915,ok
3218,8067426.110312721,0.431631896286581,3900.91615435897,39072.47880322574,0.04991897460619927,8067328.7454454955,ok
3219,8067370.772948805,0.4963436115287559,3009.176267859351,53740.095357073,0.02799749654206092,8067328.648247728,ok
3220,8067338.470024716,0.4651285168953642,2786.704799617762,28881.879231800176,0.04824313503377373,8067271.250336742,ok
3221,8067172.659323402,0.4316960398695781,4361.3357213809995,152604.75696855638,0.01428964538202317,8067141.4983529765,ok
3222,8067155.382068031,0.4500080890020195,1864.033615173843,1890.2168783988302,0.4930740055481975,8066695.828807476,ok
3223,8067268.766544622,0.0632365773183245,47662.56241009583,1797770.467335486,0.013256019963643504,8066952.85860521,ok
3224,8066959.316060487,0.18562830917114953,13272.003021213706,300188.87116512744,0.022106087693559203,8066812.620029159,ok
3225,8066787.133888998,0.2991446635959503,7708.880365690597,104400.59748076057,0.0369197138316724,8066644.829060466,ok
3226,8066641.510756389,0.42275073164877514,3484.95967967775,86554.52208805001,0.020131586401300774,8066606.431872942,ok
3227,8066605.7874927,0.48649302714439424,2617.0077975948534,5651.289299257622,0.2315407740618265,8066302.81548711,ok
3228,8066335.551192166,0.3234529821654626,5841.635515938422,173322.85063210162,0.016851890834457796,8066286.329890162,ok
3229,8066208.454677517,0.48105998694980273,3471.9492547855225,24378.74806083983,0.07120852240075852,8066084.838489374,ok
3230,8065966.410723304,0.4602026234411773,3435.032059968258,32527.765726030124,0.05280153713753842,8065875.7232368635,ok
3231,8065864.411563496,0.436256678645804,3768.2964554027085,117271.98325590453,0.016066482167269813,8065834.139929595,ok
3232,8065820.472780105,0.5323084934119674,2769.948361382344,68493.65198104654,0.020220475045985575,8065792.467944245,ok
3233,8065875.175782186,0.17888967798309008,8368.161245586442,349180.3406645816,0.011982577870305699,8065825.0397103075,ok
3234,8065833.14949823,0.46502100125403917,2583.3631431579834,21990.67388271855,0.05873769846562384,8065757.279095565,ok
3235,8065775.14639057,0.4460725095804431,3010.1095526950394,57550.6127299682,0.02615184626112236,8065735.786429445,ok
3236,8065698.974920068,0.47804778727058533,1755.9203099012695,843.7656438621067,1.0,8064786.820254029,ok
3237,8064672.8371044295,0.2643381637955092,14174.823306359913,336357.1057663863,0.02107109239458866,8064523.497598646,ok
3238,8064492.5278597465,0.2922513098499238,10408.635168240526,272831.5684378982,0.019075203114938908,8064393.254444755,ok
3239,8064296.067196524,0.3999682791961917,6377.2655751875345,79880.1215844461,0.03991772576638947,8064168.78422734,ok
3240,8064171.56020073,0.4383305874198494,4797.133375816391,48215.31176192418,0.04974699115815638,8064052.238724915,ok
3241,8064076.62841449,0.22364669661041628,10468.107573365145,735525.6035409258,0.0071160728620255865,8064039.38250638,ok
3242,8064025.72166005,0.4512753860562521,3574.6242812247074,26989.91437656564,0.0662214824276809,8063907.363200538,ok
3243,8063935.40780968,0.46244063419108533,2896.4643085652287,10737.677255083727,0.13487387634015097,8063740.079125192,ok
3244,8063687.969925962,0.44955092933565194,3717.3300864295707,122609.00990515099,0.015159285966444298,8063659.793891056,ok
3245,8063671.514100411,0.4357294291105383,2434.306375996891,11736.237985971651,0.10370897296504307,8063545.284393343,ok
3246,8063531.661419914,0.4922561080375416,2145.085975104874,3794.966546280185,0.28262251444712744,8063228.536623919,ok
3247,8062865.39144859,0.4530043551921023,2670.460337468899,13736.334995534078,0.09720425201981141,8062735.601398763,ok
3248,8062646.124801046,0.453744547396045,3516.641835608667,70652.20382184083,0.024886993224417734,8062602.365480279,ok
3249,8062584.858613998,0.5491019335673072,1770.1294115690162,3426.5765965256405,0.25829415477882933,8062356.251573892,ok
3250,8062103.888276882,0.37812227768299034,5465.306366387473,266138.8141616646,0.010267773950228098,8062075.830011711,ok
3251,8062074.501377438,0.4734505329158933,2179.2143174496596,11089.98143319283,0.09825148628865914,8061967.445854623,ok
3252,8062065.591214808,0.4289718160067814,4387.212703487665,111985.48224836998,0.01958831008896925,8062022.622173376,ok
3253,8062007.1106753,0.5383918136233431,2996.6647833436546,63531.38343721362,0.02358412977347785,8061971.77380973,ok
3254,8061895.489149573,0.5778155351312302,1543.8859184232704,2661.4193073888064,0.29004935714884034,8061671.587590499,ok
3255,8061678.172672161,0.2747029509271323,5870.5744890940905,113432.05723997278,0.02587705200776935,8061602.216091475,ok
3256,8061658.055252263,0.41664914295792665,3432.345905735705,27623.378231408362,0.06212755509087327,8061551.433622588,ok
3257,8061637.681689825,0.32814227002964746,6059.008044128449,219158.7504752742,0.013823331331714348,8061595.8038519565,ok
3258,8061582.168678354,0.5051430074597894,2412.0350712409277,8002.198602134982,0.15071077282419598,8061400.40884352,ok
3259,8061474.489364234,0.24971140207260561,10563.803224398473,265720.8632306263,0.019877632294212938,8061369.497666172,ok
3260,8061405.952991077,0.22744919288912152,10694.671490251767,599801.4888108493,0.008915175845474094,8061358.280552604,ok
3261,8061369.155631777,0.47129248534958423,4618.630061919959,100266.57422999183,0.023031753589814134,8061315.968057022,ok
3262,8061309.464677559,0.4868334681695535,3001.6770730019934,29208.027203841175,0.05138445421276587,8061232.3449085,ok
3263,8061235.812619202,0.4771607606611796,2844.51449479822,13974.394548685308,0.10177594760503696,8061091.061040109,ok
3264,8061165.847174797,0.40099318229324155,2706.549699359345,8633.043261190105,0.15675524942210442,8060953.7142381985,ok
3265,8061012.004770847,0.21092345717863856,6336.608110189327,92113.46940156622,0.03439566521246232,8060903.028845277,ok
3266,8060970.271118067,0.34277187446046675,4878.9887914465335,63536.1380112173,0.03839538366799339,8060876.605794787,ok
3267,8060859.588523719,0.5456964613794397,2589.8032480105585,11630.359504258851,0.11133805653480505,8060715.416693498,ok
3268,8060602.199392349,0.4607517597595499,4021.371926915491,100375.32424772551,0.02003167589770757,8060561.921982797,ok
3269,8060530.192490058,0.22311575079450077,9462.55340582632,683914.9270103915,0.006917931625787241,8060497.461841325,ok
3270,8060473.273934646,0.5417997705094278,2678.4107136269095,16041.696739629377,0.08348277483048812,8060361.473355391,ok
3271,8060240.474979825,0.36462674735013556,4992.8746272601475,233755.78506688873,0.010679681415866235,8060213.813824641,ok
3272,8060223.187404082,0.4891099063744743,1929.3961655992146,2899.2122076445116,0.332744902306887,8059902.189034766,ok
3273,8060038.956524424,0.223905089044803,9585.676266411534,134433.96329850014,0.03565198864637832,8059868.0823137155,ok
3274,8059923.020559494,0.34708506183230864,5940.3354006382,90541.86387759521,0.03280435781987557,8059825.586115468,ok
3275,8059867.903771432,0.5058215620795875,3571.890889508615,30154.297488167525,0.05922689611505983,8059762.127766109,ok
3276,8059842.039012835,0.4102248142241394,4099.476554530526,134542.8920795122,0.0152348314027166,8059810.811595762,ok
3277,8059761.70407655,0.5438565871682604,2783.3895636018733,11554.004605381397,0.12045129194017636,8059594.072642096,ok
3278,8059579.464871431,0.49330826019323626,3105.9857077873166,13872.357851021441,0.11194873074726149,8059405.609292578,ok
3279,8059330.924462063,0.5313848852279972,3284.371840858492,63231.90291333953,0.0259708445383953,8059288.2755068205,ok
3280,8059165.43915692,0.3330230233355809,5517.771114198597,341370.4887731079,0.008081792796485679,8059143.142415497,ok
3281,8059165.43915692,0.35214232107185195,5401.695085959713,408376.3853958099,0.006613623215167348,8059147.576768909,ok
3282,8059213.310513428,0.20159883307395457,7192.597467356413,355162.83541430003,0.010125774363421493,8059176.895203907,ok
3283,8059182.892751964,0.36637312898811086,4104.91113471636,186637.22026095164,0.010997032448771399,8059160.32183149,ok
3284,8059149.1450807005,0.4994141798949728,2010.3089159150286,3001.6612078637536,0.33486605860921614,8058812.55296907,ok
3285,8058824.669889526,0.30817750052968684,6434.363545357894,153212.2772419341,0.020998198255344557,8058757.11486884,ok
3286,8058640.324258133,0.4839715113345738,2931.7774732248054,22833.86888221299,0.06419800096839012,8058546.217131601,ok
3287,8058548.758984677,0.2814157775252775,6317.31298063625,212615.63245716307,0.014856181804762255,8058501.833409598,ok
3288,8058504.215739622,0.4876004267561078,2288.461231765278,11967.742181685542,0.0956095643197993,8058394.816348956,ok
3289,8058486.057622867,0.1376545169475426,15843.438406616908,976818.1987808745,0.008109717051950113,8058421.814721563,ok
3290,8058441.197486563,0.2083089214566419,9223.020519533156,650092.8845033121,0.0070936174963519135,8058408.485196699,ok
3291,8058412.091657925,0.5198850169856939,2092.193185919475,16032.859829292094,0.06524703665459079,8058343.83695518,ok
3292,8058253.568585923,0.5215055925148794,1901.3123025104392,900.4815477809843,1.0000000000000002,8057252.737831194,ok
3293,8057180.543886814,0.27951735986834847,11072.444059612038,118984.94507665948,0.04652876064479543,8056922.950337113,ok
3294,8056940.6456935,0.2653922408513294,8203.609010914832,272040.4811418502,0.0150779196104958,8056878.799014908,ok
3295,8056886.42040875,0.35532857444392246,5566.813017175501,147663.4980621232,0.018849658481046885,8056833.95414665,ok
3296,8056775.808762262,0.4884095137237129,2856.5424737401677,9874.685091474452,0.14463967444422265,8056569.224075543,ok
3297,8056595.173418555,0.4601559680560936,4597.025556924074,78807.92855933834,0.029166009315057362,8056528.134973449,ok
3298,8056466.374736209,0.4930078660763514,2718.372727271415,8174.423399953041,0.16627305647558158,8056240.378665208,ok
3299,8056599.455338334,0.05852288338411967,31463.982972848178,742366.6464154256,0.021191673363003604,8056266.068113403,ok
3300,8056160.612976365,0.4894942001829404,2782.677073865665,25946.171228051353,0.05362404050693251,8056086.003782302,ok
3301,8056072.442208265,0.2961572085940873,4125.921610108991,81744.3609020446,0.02523673538198641,8056020.379812324,ok
3302,8056014.184795732,0.4723950211669251,2024.3561481439424,3729.839904709048,0.27137306156064833,8055739.506932926,ok
3303,8055772.97431072,0.22087210612179817,9330.872469307895,317758.4047729814,0.014682337790520791,8055704.474799983,ok
3304,8055692.615840503,0.33021481715528506,4837.022236028652,85771.88208997087,0.028197015841128634,8055624.421044197,ok
3305,8055696.007422901,0.3583279199210268,4681.304163725788,94656.94472179243,0.024727737502434056,8055638.128392636,ok
3306,8055658.857358589,0.5048000445971452,2487.219091991825,6040.358622235733,0.2058833959655879,8055402.818802004,ok
3307,8055515.348101445,0.20585618978153025,12960.192278810955,433348.47316161427,0.014953545566061729,8055418.447688552,ok
3308,8055464.058198948,0.2599655685849723,8881.968197518756,217113.59386505515,0.020454657028613456,8055373.219392339,ok
3309,8055423.102723327,0.4094053952503042,4302.3385404788805,32646.587638607492,0.06589262234854498,8055281.356538995,ok
3310,8055210.928672643,0.3591945280990983,5701.910650974052,475851.0280605775,0.005991277011855251,8055193.84780954,ok
3311,8055210.928672643,0.33380938414159367,6057.032464753114,443291.2343087332,0.006831888379428966,8055190.238187789,ok
3312,8055188.335600528,0.5504306610343276,2430.8717661534456,7921.227454181611,0.15344034622249042,8055001.838697817,ok
3313,8055019.370914272,0.35069361730215615,5467.343259005191,146185.01632902387,0.01870008088482764,8054968.251033688,ok
3314,8054930.754811943,0.4374324213742766,4544.097445768104,185370.62036412174,0.012256789767553717,8054902.906788405,ok
3315,8054892.192354278,0.5786098831896843,1988.5820968405728,7367.112913215004,0.1349634599242729,8054757.999394211,ok
3316,8054725.982429166,0.20754203215354916,10158.877177174913,701112.5066006288,0.007244826672990489,8054689.182776996,ok
3317,8054856.172537738,0.10978993912274554,14269.613662244701,518924.0330532935,0.013749231827136452,8054758.074424576,ok
3318,8054753.212709244,0.47855301186522364,3554.930915785504,70601.56155431195,0.02517600770806456,8054708.463225176,ok
3319,8054592.095379962,0.4266198345510911,4235.936442600169,261393.61221155914,0.008102601296874483,8054574.934327905,ok
3320,8054602.368879461,0.3940144839168153,3826.9105210534553,124283.34606129749,0.015395910402854755,8054572.90949371,ok
3321,8054562.023116376,0.5348484435939495,2225.4873072742716,6796.237009174682,0.16372937732085724,8054379.834290849,ok
3322,8054387.269621845,0.5845074359046615,2502.609905052066,33768.99685479077,0.03705484524478884,8054340.902710476,ok
3323,8054316.548749675,0.5264709117892062,2069.4478769939974,9308.476545424404,0.11115932166210579,8054201.529538564,ok
3324,8054235.743639032,0.1327132267935959,22474.91818338661,1535637.7431879472,0.007317779952688978,8054153.510386173,ok
3325,8054149.726068487,0.4881874868446363,2517.962976089768,11576.409014602777,0.10875406064668003,8054012.806719384,ok
3326,8053997.942441111,0.4516228168946939,3221.820323548229,29832.045763101283,0.05399931920748862,8053910.954389071,ok
3327,8053906.040849308,0.49912518287350266,3375.732177991973,76733.3324955701,0.02199651747294344,8053868.913673389,ok
3328,8053877.4961774945,0.5340711823186649,2788.4148659097154,29138.875532878425,0.04784698817158281,8053810.787550941,ok
3329,8053715.5078420825,0.5134178512036153,1714.6443811245663,1643.1366516828396,0.5217595199305216,8053268.19182751,ok
3330,8053299.609399164,0.19800792097573405,15342.803893198463,370110.3151051956,0.020727338940604252,8053140.601650867,ok
3331,8053145.6784518305,0.31689446917415753,7379.277091664984,135618.73771599712,0.027205964367247426,8053045.298277025,ok
3332,8053059.950524794,0.4508403045442838,3425.0992182056348,22860.119660625027,0.07491428892441737,8052931.65608858,ok
3333,8052900.301500058,0.20589848642572095,5982.66339822557,137493.57065934755,0.021756156922595842,8052835.221618204,ok
3334,8052838.668335259,0.4378919050423192,2683.7743292737496,21977.301716392863,0.06105786697354032,8052756.735567267,ok
3335,8052589.5148843555,0.42191949376859256,2643.6589513968497,26474.18081771012,0.04992900383962688,8052523.517255388,ok
3336,8052545.437403397,0.535271765050089,2202.05649495526,6556.589609327679,0.1679269731799686,8052360.545062412,ok
3337,8052294.315072776,0.4125171048221626,4201.278232743837,92139.99374893004,0.02279834229309693,8052246.423983166,ok
3338,8052262.128328785,0.4988679495689498,2522.9162028751944,10949.916186485325,0.11520253488282604,8052116.805157851,ok
3339,8052116.380743358,0.23550961382786356,8031.136978333935,225583.03616608615,0.017800844236401242,8052044.900234162,ok
3340,8052104.618534379,0.23546627375361948,7196.973116181136,191277.59866578976,0.018812901161405902,8052036.920562431,ok
3341,8052038.875153417,0.43985889536823936,3609.633062294572,42736.70714565108,0.04223106204687895,8051962.655834507,ok
3342,8051926.357206491,0.4912934957341668,1780.5315639156604,1414.8590493200081,0.6292257750944863,8051366.179029798,ok
3343,8051069.001699688,0.28628645001316516,12139.926209076675,306348.9572755654,0.019813885310790584,8050948.732146894,ok
3344,8050988.983214654,0.26793914408881586,8503.91654593471,290658.5709184778,0.014628704254380715,8050926.782574576,ok
3345,8050911.086507641,0.40136456303585044,3887.9660611916047,55928.827707327924,0.03475815800696815,8050843.5172383,ok
3346,8050835.328373709,0.3829888808071417,5721.454244685658,305377.8708433263,0.009367827192070905,8050808.5295763835,ok
3347,8050825.895138193,0.4665284514427082,3513.068834743326,55865.59090686066,0.031442152295500896,8050770.66591553,ok
3348,8050760.055916212,0.5323794242314107,2150.0082300352838,4119.145443762229,0.26097745993542415,8050479.504072854,ok
3349,8050762.211314863,0.2804871458466589,9217.263183954874,155155.422549547,0.029703322747264775,8050625.319643263,ok
3350,8050707.763634537,0.33255465198959155,7277.635593964025,95897.68370606558,0.0379447934126886,8050569.689444964,ok
3351,8050673.779596004,0.28668336357117213,7288.827556065975,180432.27627032404,0.020198236442868563,8050600.168864819,ok
3352,8050677.717298362,0.31655309443862667,5913.074976450913,67859.72528348873,0.04356836806919443,8050548.905784865,ok
3353,8050549.92211038,0.39302201703727957,4332.167013099875,85632.58529749227,0.025295084797741944,8050495.130844403,ok
3354,8050424.776013801,0.4304395873036945,2755.176274532142,9432.286256189134,0.14605028938367368,8050223.578867702,ok
3355,8050134.6098890295,0.4458210273024753,3734.7418264323505,47656.09476693728,0.03918430417659222,8050061.4382591555,ok
3356,8050032.1320669595,0.4679105058049387,2916.659207768713,15598.456772773281,0.09349191558679282,8049895.790038736,ok
3357,8049837.54005168,0.4155138950080615,3501.3545671475777,55408.822280415414,0.031595641479508156,8049782.226279882,ok
3358,8049782.831684947,0.5099421666172874,1720.6791575441034,1662.4690543705888,0.5175071238229914,8049337.599824026,ok
3359,8049321.786161922,0.2518000520953051,11497.923208294771,518772.47155438754,0.01108185557132954,8049258.07699974,ok
3360,8049243.254562559,0.3734313237591534,5288.136520224743,46644.02226641958,0.056686111781056994,8049093.37261361,ok
3361,8049105.219155164,0.44556735590920626,4171.702735385485,42735.69963989013,0.04880817174561424,8049003.412563374,ok
3362,8048983.1225852,0.3961813554628318,3244.1742149968145,35470.32539058287,0.045730821176201,8048908.943209755,ok
3363,8049004.455249036,0.2919981551879137,3836.1990675869038,47974.576171434885,0.039981583723412456,8048927.766591935,ok
3364,8048963.4743488375,0.3552773338259362,3399.6186693766076,36532.28708784735,0.04652896027562846,8048884.383987828,ok
3365,8048780.652140737,0.50770688238997,2180.481329180445,4298.874115422154,0.253610744422359,8048504.155394191,ok
3366,8048678.455870856,0.23885958825183246,11921.256065240235,328705.77379921376,0.01813362741921625,8048570.368062927,ok
3367,8048623.6909360355,0.2742426437577914,8191.966759037611,121056.5544903825,0.03383528795084133,8048485.102158947,ok
3368,8048479.5681769475,0.41817811048939374,4118.041129744175,62959.55101388233,0.03270386353959357,8048412.230249369,ok
3369,8048467.670584496,0.4394624840264999,3705.6582539061014,55160.50427636898,0.03358977861532734,8048405.43446431,ok
3370,8048349.2120541725,0.486001225620857,2869.278147851408,14131.326040502816,0.10152190033785798,8048203.564769089,ok
3371,8048094.351212405,0.568936635262481,1919.90141024426,4446.368744933961,0.21589543292284621,8047887.102239338,ok
3372,8047792.687951162,0.4289992840958002,3948.9765113778494,54481.46009840048,0.03624147099073238,8047721.129592322,ok
3373,8047713.025425104,0.5708760248458558,2523.1428851727533,17686.974361634515,0.07132771364914166,8047623.040418499,ok
3374,8047652.324888481,0.3046177045675355,8040.118082157854,587112.0560450407,0.006847175082997316,8047624.798840383,ok
3375,8047621.392588638,0.42882653063664206,3901.679062103831,55224.011155174965,0.03532592961366416,8047552.477368676,ok
3376,8047580.533038044,0.3728794324100142,3032.56756608473,34882.48567886144,0.04346834101794595,8047514.622697484,ok
3377,8047535.000513729,0.469987041381441,2366.500268492483,18657.32237265654,0.0634201473615725,8047459.95861585,ok
3378,8047544.193331833,0.4160649334609451,2431.2610641665806,10778.710432964388,0.11278070225966397,8047407.093666737,ok
3379,8047508.053962305,0.22124983349594285,6411.7804769785525,191876.64948979177,0.01670807910714449,8047454.489694592,ok
3380,8047419.0582724875,0.4634615847609907,3087.2107429712796,53122.307929721705,0.029057573581474594,8047374.204845824,ok
3381,8047395.00200267,0.5891413364858324,1766.2925480222427,4020.8939845923237,0.21963928355118348,8047201.028387776,ok
3382,8047039.498724634,0.3653950200202991,4082.5036784059384,66236.75965303846,0.030817507527473552,8046976.592430714,ok
3383,8046958.107543375,0.5378020188313966,1446.1167770328498,2643.167937504747,0.2735574907128376,8046760.309504974,ok
3384,8046742.60210306,0.24019040412439482,9967.528982828539,610126.1049719374,0.008168417071161865,8046701.892636109,ok
3385,8046688.606168057,0.40850112474259115,3117.0099434721233,29285.232894720895,0.05321811772297722,8046605.665467,ok
3386,8046522.518750452,0.5084771483177012,1675.0616437285876,2018.7920499791194,0.4148673073449821,8046175.054593568,ok
3387,8046237.247728448,0.4204440512905849,4324.791752311482,78599.92521249985,0.027511424092447515,8046177.757138443,ok
3388,8046173.223302335,0.450681808500109,3182.208473326245,15296.407327930485,0.10401816600149269,8046007.71955772,ok
3389,8046180.227939485,0.18405302287267086,8818.344966833762,234761.9057693806,0.01878146485890369,8046097.417221431,ok
3390,8046104.228022926,0.32953381955881705,4718.493066880024,124128.47441201197,0.01900648940233577,8046059.38702869,ok
3391,8046087.428405108,0.39351560789161416,3457.866651442977,46151.817781291866,0.03746186843419048,8046022.6593323285,ok
3392,8046020.986795914,0.5617251178989452,1507.8287725596522,1740.5327170897149,0.4331515167037024,8045694.427636032,ok
3393,8045757.259686106,0.22488468544991105,13372.824577435622,1124212.299169292,0.005947642001122532,8045717.491299541,ok
3394,8045725.274426563,0.42619375198590864,5224.207119334791,89100.28728424889,0.029316443743152353,8045648.696839504,ok
3395,8045662.015563473,0.2949098732988267,5438.253857787161,261190.55378110378,0.010410510217656653,8045633.708064797,ok
3396,8045622.519948542,0.5129431088037361,2628.880707166264,10388.117602433784,0.12653306439996193,8045456.199782632,ok
3397,8045518.630938292,0.18067990528028888,8770.737661911586,192231.58019153695,0.022812946897623535,8045418.587752025,ok
3398,8045501.191580629,0.18114578158794936,8720.953927786468,206637.27300707574,0.02110208337749367,8045409.176432172,ok
3399,8045363.407193754,0.47618633873162247,3603.1704484775855,30663.866097618884,0.05875270973671157,8045257.559180008,ok
3400,8045287.937945024,0.49816709412192434,2891.770789665783,54567.320476505374,0.026497276798765207,8045249.6259194985,ok
3401,8045263.500425302,0.23450074208123747,6608.011700863336,367933.9043791243,0.00897988962448857,8045233.830817447,ok
3402,8045255.908983641,0.3566637197760805,4195.375023437649,203774.2461194225,0.010294173830433257,8045234.315023754,ok
3403,8045220.40082551,0.5954380779265918,2070.590683271028,5486.361488138256,0.1887034501597946,8045025.037022608,ok
3404,8044972.701439719,0.16646341081068186,8071.20935321664,200944.26475734217,0.020083204073933967,8044891.653567436,ok
3405,8044861.841178002,0.4230545798518646,3624.88110864298,76495.4047968168,0.02369345660874143,8044818.898196372,ok
3406,8044851.583094705,0.22862893159547257,5339.977725727771,180296.17557883516,0.014808904594298636,8044812.043484367,ok
3407,8044809.5509635,0.4029755134298749,3031.435040343195,88528.46941040189,0.01712124393730345,8044783.599994097,ok
3408,8044777.948558726,0.4566636359681667,2150.2306687974033,15895.33123487437,0.06763717713789429,8044705.23079241,ok
3409,8044777.657936265,0.45061947637809213,2277.451866581253,8718.094888488537,0.1306163729410897,8044628.921685084,ok
3410,8044618.2593719205,0.5197129013153686,2182.1370785994823,4902.50844106926,0.22255311794257188,8044375.438666611,ok
3411,8044263.714060007,0.2957697123535936,5774.131403985643,279704.1656921319,0.01032185450241235,8044233.914187892,ok
3412,8044249.742048626,0.47077282224717293,2473.368005403551,18551.94377707661,0.06666061613607642,8044167.303931041,ok
3413,8044125.019639125,0.40630987245689654,2362.1938012682303,23951.93899398952,0.04931111844141298,8044066.778429967,ok
3414,8043949.085591273,0.5186752065585489,1360.8334783990117,1405.0130447473514,0.4842778803679065,8043619.574815047,ok
3415,8043306.496678313,0.2593101692946816,7175.5986968069465,197777.52645826925,0.018140581554702037,8043241.411911631,ok
3416,8043227.880170058,0.525751500010292,2767.2224890648567,28749.30644439607,0.048126769499934406,8043161.291430616,ok
3417,8043152.597769634,0.316713978653527,4330.866532907393,207667.77436996673,0.010427391890837662,8043130.017948351,ok
3418,8043066.157921188,0.5337309438430851,1579.1825759737144,1065.533995340806,0.7410287155918569,8042481.048103209,ok
3419,8042376.1043170495,0.2610478606910416,10320.007589772951,173714.0047342258,0.029704017259754256,8042222.831475265,ok
3420,8042209.332331154,0.37568576948842375,6780.634244985778,141826.9571654639,0.02390460311813318,8042128.288145895,ok
3421,8042169.547462459,0.33037671156236625,4730.746874467404,72105.27883877019,0.03280444199547104,8042091.952706739,ok
3422,8042137.645434838,0.2678056828608268,8720.293246658977,533463.5774640101,0.008173278940723266,8042102.008740263,ok
3423,8042041.672810797,0.45221869542676635,3119.329484585616,22712.659608123584,0.06866940152332342,8041934.571566367,ok
3424,8041903.1756699225,0.46987164764400363,2202.493305218896,3962.8553872818898,0.27789221280789395,8041597.147800782,ok
3425,8041613.993491604,0.4089674120361134,4839.805184433824,59271.61195810859,0.0408273457102403,8041515.195291887,ok
3426,8041525.287859756,0.4736919514631402,2385.333228959813,6864.37543319264,0.1737472878760062,8041318.06527015,ok
3427,8041287.308897551,0.25479461659813213,3575.4029224237,34690.15319127922,0.05153339771532809,8041195.182567154,ok
3428,8041174.4459869675,0.5438482803188122,1769.5243567895932,1728.0493978246072,0.512000513126881,8040721.447297634,ok
3429,8040675.171378625,0.2611234117422242,11337.090492654119,331818.5299631212,0.017083269119892337,8040578.334094663,ok
3430,8040618.08616054,0.39182845523650023,4807.24956760953,37947.115191493926,0.06334143640894083,8040465.837114146,ok
3431,8040342.325686902,0.4642274038956753,3428.485669360019,38972.28245042313,0.043986205756891654,8040266.922648858,ok
3432,8040126.254003463,0.5017157699330691,2230.510355170191,11470.92406802971,0.0972245279430793,8040017.823845286,ok
3433,8040033.886301899,0.3276114549313497,5843.81019332584,485173.05904607725,0.006022397662409001,8040016.289427476,ok
3434,8040017.369194071,0.32516545737989627,6010.232949029264,463271.4433626878,0.006486729362599574,8039997.875816797,ok
3435,8040009.8312160615,0.3282822927693069,5954.977616747376,497288.2834806156,0.005987450151718186,8039992.003650243,ok
3436,8040032.120065428,0.19103950043591705,6699.971858969762,303841.7133052654,0.011025431278157645,8039995.18502578,ok
3437,8039973.333148158,0.19249594391031924,6362.533281860577,257970.2444836964,0.012331913113844968,8039934.10204435,ok
3438,8039932.038171936,0.6000224458852609,2185.925119550221,53457.07962475401,0.020445609214855047,8039909.691886552,ok
3439,8039916.80642356,0.3659710764289767,3284.1599372407054,116102.21991636067,0.014143398548307665,8039893.581832116,ok
3440,8039902.161979787,0.3818648962686694,2749.4677354241176,89672.68928496366,0.015330574767791361,8039881.0865194425,ok
3441,8039820.801078558,0.3886060290469609,2975.7033174169214,80749.61655557957,0.018425495032343336,8039793.386675212,ok
3442,8039762.015746404,0.5522284108921591,1426.3578549268705,1378.2069972862364,0.5174686595465868,8039392.968002792,ok
3443,8039626.501581815,0.1710764548273703,14222.579841307594,187174.49852632065,0.037992835437749554,8039356.3235141095,ok
3444,8039453.05463596,0.3695466009982152,7239.27574754613,188165.23805035406,0.019236485502196903,8039383.425524478,ok
3445,8039308.606370468,0.5190930977692291,3103.303400502177,20187.22320764479,0.07686305760286469,8039189.341676452,ok
3446,8039219.323087259,0.5426567629150447,3437.044833471463,42877.74250908364,0.04007959179221394,8039150.445410311,ok
3447,8039160.89738358,0.4644455089212916,3059.701622419338,27580.194498577246,0.05546918138262542,8039076.037811444,ok
3448,8039070.122041786,0.48201991970576763,2974.989699242066,40170.36612457957,0.037029656264717485,8039015.040618809,ok
3449,8038976.833127969,0.5289308198035925,2225.4816677496524,6691.113641976959,0.16630129054960355,8038791.782891248,ok
3450,8038769.076420322,0.5005860272510231,2976.463641969609,39696.34496042518,0.03749039924125207,8038713.28201519,ok
3451,8038707.911185554,0.47701445264609643,3061.700923334135,36731.18941019017,0.04167712742899555,8038644.109735789,ok
3452,8038653.651592091,0.4449697086386671,3416.8651811863133,93925.95130188757,0.018189143329537118,8038622.576666831,ok
3453,8038653.651592091,0.4322113332403063,3840.3259951446184,96854.09126891402,0.01982531633321512,8038615.583753252,ok
3454,8038613.649668218,0.5767776192302843,1899.4793293836185,9996.189204740122,0.095010172900834,8038523.414738465,ok
3455,8038553.73662102,0.5506666724521618,1915.860462154401,16956.29142806322,0.056494088647933614,8038499.619225627,ok
3456,8038507.509844435,0.5331910913543644,1423.0713831474986,1979.8593130752113,0.35938699627528503,8038251.7931694975,ok
3457,8038388.047699781,0.1102146594984226,19250.749815695548,741718.9442726579,0.012977118869852488,8038263.138065435,ok
3458,8038263.308098508,0.43100834180170716,3953.8652106686677,54664.673173967414,0.03616472011170452,8038191.812884157,ok
3459,8038149.846814404,0.3213393257460861,7167.3683438004755,380549.9394973622,0.009417119279098133,8038116.098833099,ok
3460,8038133.613255827,0.43294203517896473,4803.346147039824,98304.92878856005,0.02443085105819638,8038074.9383386765,ok
3461,8038193.625714656,0.15105475612957642,6855.8829040439,112077.36816783292,0.030585492040540226,8038088.78043866,ok
3462,8038123.376359561,0.4097013412696461,4462.671499423854,157397.297429488,0.01417645528959312,8038091.74392807,ok
3463,8037989.482105357,0.5521159098069339,2586.0747864672103,19680.61416261185,0.06570106921205977,8037904.52816609,ok
3464,8037966.347316089,0.3093014472130184,5605.640923449578,159337.35533336975,0.017590479369138864,8037917.044360582,ok
3465,8038008.227371981,0.28001205511607463,7048.103347173761,303597.37909200817,0.011607648538095192,8037967.321418725,ok
3466,8037975.015290868,0.5132583378181241,2198.794417361415,13048.137820710806,0.08425701995082216,8037882.383358321,ok
3467,8037855.818705302,0.4205997251564513,4919.1303262657275,190252.6256826134,0.012927890767909837,8037824.021715537,ok
3468,8037847.169910591,0.47119217592330487,2735.899676139511,29259.22766418328,0.046752766469782325,8037783.214471269,ok
3469,8037767.34212237,0.512757256618091,2425.635753112531,27873.441689482595,0.043511593941909746,8037714.5704834,ok
3470,8037717.500636535,0.5177649175944097,1538.7195258873621,1209.4528812136555,0.6361221465458398,8037228.093852664,ok
3471,8036969.035525221,0.2976427312821573,6860.096790386785,128599.30550422371,0.026672371065648844,8036877.548001652,ok
3472,8036841.300790313,0.4774134179339113,2712.2063243249972,14874.70935389802,0.09116838049727152,8036717.667061231,ok
3473,8036746.399599922,0.5475642535391092,2600.5626671405726,19828.788782606054,0.06557542913114803,8036661.133093482,ok
3474,8036713.47124557,0.3426590266317333,5307.596448653418,182054.40073840096,0.014576951798819878,8036674.78695677,ok
3475,8036678.101540201,0.44409123117607396,3222.8897334134444,38868.80567082239,0.041458563979401716,8036611.293350096,ok
3476,8036521.699036515,0.35269229350472253,5772.681208702315,245904.14044390625,0.011737665738936866,8036487.820135293,ok
3477,8036453.1694571255,0.5496011669152645,1939.0457405404718,3173.531647477468,0.30550282082136365,8036156.977485407,ok
3478,8036240.305512243,0.2942297156460125,9126.953125133878,138060.51611948223,0.03305417573998892,8036089.463555959,ok
3479,8036062.462537592,0.4318001232341206,4279.399884600294,54386.211687906165,0.039342691389846356,8035978.280983096,ok
3480,8035949.2864040155,0.4886930855055069,3185.8922463322474,57567.56452878058,0.027670896557900053,8035905.208156619,ok
3481,8035955.885896324,0.41166151451463795,3992.350319454387,114132.89798988772,0.017489919163395436,8035920.972954145,ok
3482,8035916.569322004,0.5817287148369898,1612.9390104262243,3314.8943120901454,0.24328664183100537,8035720.366064342,ok
3483,8035823.765917869,0.38053765930738,3346.8467531200504,22340.86739099992,0.0749041363198892,8035698.419585151,ok
3484,8035629.509892246,0.5084118814973928,2957.327914548211,42543.31073383419,0.034756673417476694,8035578.116451988,ok
3485,8035584.889030375,0.5755833677445373,2149.87688637364,8574.075149840073,0.12537077462014898,8035450.123165083,ok
3486,8035479.109859541,0.42820044784915917,4154.350240110551,46550.13611234077,0.04462232108285075,8035386.421484388,ok
3487,8035382.853713575,0.439809489780401,3106.6543611906172,95982.98740935956,0.01618335939024794,8035357.715661561,ok
3488,8035364.200961604,0.396514924600745,3402.3355719326582,96653.70120834696,0.017600648135546175,8035334.259305983,ok
3489,8035298.555962368,0.4552023684962432,1651.9253460879556,1224.3720325081745,0.6746010616985106,8034741.360666209,ok
3490,8034695.614408233,0.2969293628197121,5865.3514045512875,35712.55566864377,0.08211889760806401,8034454.7863125205,ok
3491,8034446.81268795,0.45247371340553094,5054.1240622755795,96633.0271304001,0.026151121476590822,8034380.727181795,ok
3492,8034367.256437114,0.3898071413931341,4995.685442325073,200033.71359675782,0.012487108679079295,8034336.0656035915,ok
3493,8034327.2473088,0.5277791861352261,2462.3728374376014,13967.151071704144,0.08814871496686566,8034218.719808105,ok
3494,8034155.223206489,0.3333659156047486,5088.889891143204,132717.01528904514,0.019171957265841467,8034106.441216728,ok
3495,8034136.656943915,0.30481954228701974,5046.430447786711,99329.46731719477,0.025402484197723726,8034072.561009062,ok
3496,8034126.688168752,0.5056416237205644,2086.3423298583175,8790.717367453579,0.11866735345073844,8034002.897807414,ok
3497,8033991.337086954,0.5609403046923608,1691.0726723539499,5096.681450607089,0.1658993885278546,8033851.063125805,ok
3498,8033819.034857044,0.2628319786912618,10870.5325850538,943677.3254315499,0.005759666091416699,8033787.729538081,ok
3499,8033778.956326227,0.48757983729462917,4701.883559507603,204116.3616591454,0.011517654736956597,8033751.8789905,ok
3500,8033759.173075369,0.5401658449574803,2596.127323885556,19625.86150471998,0.06614046785312311,8033673.318537464,ok
3501,8033660.575730253,0.5594821503086164,2051.9429940320883,23136.220262309977,0.04434481887637461,8033615.079210045,ok
3502,8033563.776436517,0.6202895012623982,1809.3926030550842,16883.730111737812,0.05358391158471458,8033515.299269885,ok
3503,8033520.845289845,0.1865502859310391,7555.01886458951,359006.7424196743,0.010522112779371966,8033481.097909573,ok
3504,8033470.135035889,0.6148085931072963,1496.4771829794195,8702.237220287345,0.08598232529737947,8033405.799741916,ok
3505,8033385.377676645,0.4098124286491179,3562.273713492938,163796.2020604474,0.01087410351608249,8033366.009410089,ok
3506,8033349.638379838,0.5274375261955879,1989.6817076164052,44365.82510493037,0.022423585078273366,8033327.330481314,ok
3507,8033321.201070128,0.2626595466496729,4546.7088850676555,215749.82632628173,0.010536993151947198,8033297.246749936,ok
3508,8033322.494752431,0.30897536155417843,4758.640402961922,252146.82703783692,0.009436248829432711,8033300.042894965,ok
3509,8033287.779646814,0.537909252670787,1573.4825240886985,2613.5276406383136,0.3010265702995205,8033050.949622988,ok
3510,8032789.0976807205,0.48481269438805363,3484.882209353649,82988.84332811073,0.020996088568047425,8032752.513232962,ok
3511,8032740.129980829,0.5840492673201727,1724.0874395800795,7214.814301216298,0.11948245426700912,8032637.130881503,ok
3512,8032624.324779967,0.3073236176293143,3703.2933978736955,68165.12363082264,0.027164136149231268,8032574.026396937,ok
3513,8032554.834327119,0.5361511165527404,2051.3878051197157,19228.709474357158,0.05334179623066712,8032500.121971974,ok
3514,8032419.1904576095,0.5550385869737137,1602.4594332902213,3088.5513885868113,0.2594192603062755,8032211.336037181,ok
3515,8032458.743421863,0.23644827297889265,9556.534317675872,174216.1289419669,0.027427237580451718,8032327.688753275,ok
3516,8032288.982889945,0.34409118236513275,3631.639509872958,43971.58406278906,0.04129529999063909,8032213.998068435,ok
3517,8032245.501757697,0.5650645205309405,2056.941425539987,22748.04356102488,0.04521139191645092,8032199.003165227,ok
3518,8032258.235655803,0.33994100539905414,3135.0932204472338,47273.590012785346,0.03315903467030253,8032206.257323408,ok
3519,8032207.546491735,0.42607570566108727,2510.335838373693,27086.935009369827,0.04633849930797496,8032149.383893981,ok
3520,8032169.327421925,0.5783045534288794,1422.5267120224864,2825.6795490632753,0.2517140898892905,8031990.292413595,ok
3521,8031893.012996955,0.5233586524994375,2168.404088490801,7061.168324582325,0.15354428536576942,8031726.539968879,ok
3522,8031878.840303539,0.22275056839347557,11536.427362112954,325132.14587944385,0.01774113619388247,8031776.505639029,ok
3523,8031762.670922309,0.4384790651853297,3896.431828311929,44962.14496458125,0.04333013728972814,8031678.254459279,ok
3524,8031617.796655314,0.42273235331158227,3821.554768775377,110699.57494535131,0.01726092792434818,8031584.814864603,ok
3525,8031563.211427829,0.5750805706239877,1927.2255857217417,5248.274130556141,0.1836056518562151,8031386.2866728585,ok
3526,8031314.506099055,0.2961366091386203,6398.651183756881,217578.75147102025,0.014704218910386408,8031267.4625151865,ok
3527,8031243.417139329,0.6131421927129068,1941.4086909599841,35065.905831041935,0.02768228347378611,8031216.545826468,ok
3528,8031151.497683166,0.5436059764552985,1586.326927185582,1646.7259278896618,0.48166088245738525,8030769.461869359,ok
3529,8030923.866106091,0.1983371647714492,13073.365631885965,233667.66489199403,0.02797427200277955,8030741.007163002,ok
3530,8030753.5360939205,0.369663685676501,4607.343677580931,68313.27182623674,0.033722171068751326,8030675.851278087,ok
3531,8030805.858769386,0.2261525921835792,9947.332199291426,318715.0290542236,0.015605370460266351,8030728.242867355,ok
3532,8030753.998240122,0.472258243884345,3300.315572298001,33941.063172668146,0.048618329300828426,8030673.770325476,ok
3533,8030639.186658863,0.5476052183502231,1906.4651330397805,7500.3050191132825,0.12709250678348885,8030518.0379424365,ok
3534,8030424.397889704,0.4540024391494903,2152.7906974980106,15580.343625227539,0.06908675281115857,8030350.033230318,ok
3535,8030340.752694877,0.408187649644507,2695.1932459531145,50265.3682349526,0.02680964390189209,8030304.6241092915,ok
3536,8030271.447335533,0.5233905137577972,1594.9649269005527,9607.885616740527,0.08300290982448458,8030205.253970533,ok
3537,8030289.977550533,0.15551367021762091,7598.147254865168,162566.7890334608,0.023369309623570336,8030201.195822651,ok
3538,8030152.530213575,0.5384457274618382,1789.3313271412571,6529.236072661665,0.13702455442171124,8030029.939049668,ok
3539,8030105.642931136,0.20641946233411085,6131.0564530068505,139913.9432000046,0.02191009813883456,8030038.476906846,ok
3540,8030033.925976257,0.4816864616848264,2034.9653722822243,12527.763453485997,0.08121822302272044,8029951.287840532,ok
3541,8029934.722137292,0.6008360411360666,1937.0065332291697,11495.945090625926,0.08424738105302243,8029853.128273538,ok
3542,8029824.771009491,0.5723385647006692,1965.1704542050775,16356.836166302104,0.06007183890041237,8029765.745308023,ok
3543,8029819.537384617,0.31776557044711307,5365.301170511568,201499.90471696635,0.013313408703710936,8029783.822160966,ok
3544,8029796.530413544,0.45968813498599076,2487.429162997755,27744.98217782513,0.044826649140647226,8029740.778856368,ok
3545,8029678.046094436,0.6014608675838394,1472.8585651087674,5184.173039704384,0.14205337609571322,8029573.433828594,ok
3546,8029599.698729943,0.4747599841244763,3595.9145053460456,105416.71256779293,0.017055713547477265,8029569.03328607,ok
3547,8029573.322830946,0.5466759734434027,1814.252161195947,4179.235329687723,0.21705551591079106,8029376.426111526,ok
3548,8029395.112707969,0.4542733234716613,4928.464530080592,131582.37871201342,0.018727676829992684,8029348.963362475,ok
3549,8029333.588943936,0.5728731894896887,2317.1144398350434,11698.00068383717,0.09903890854770343,8029218.846701385,ok
3550,8029189.750492366,0.34672547409673715,5342.620089901489,317655.6948805965,0.008409451138456255,8029167.286241068,ok
3551,8029150.367910459,0.5517909425808085,3377.723718759381,123513.24097477812,0.013673528814004342,8029127.275209161,ok
3552,8029141.966431328,0.4822342076968786,3487.3409071803153,178135.96600078643,0.009788424498073902,8029124.8986447435,ok
3553,8029123.689736932,0.6089533828188124,2123.8845010290834,12367.105994711985,0.08586829052557765,8029032.502571243,ok
3554,8028948.787650678,0.5792921990438153,1789.4100878867919,6506.416233071238,0.13751119078360383,8028825.7556946855,ok
3555,8028811.9779473515,0.2334793975780803,10062.76271357953,805993.8788821502,0.006242456039204532,8028780.569770415,ok
3556,8028779.48801001,0.39844813065322926,5138.249740709374,273872.8010384018,0.009380722950996696,8028755.387761375,ok
3557,8028746.238005738,0.5735018387154243,2135.680090010257,9836.518233990966,0.10855874198607308,8028630.314633809,ok
3558,8028577.430483832,0.5057330531207516,1901.524379943149,6621.337597463989,0.14359065309337526,8028440.909920038,ok
3559,8028358.636627122,0.18999254443003621,15934.010086922255,1219080.7031870508,0.0065352564622120045,8028306.570205927,ok
3560,8028335.190216792,0.26433769919375694,10547.123348815343,702217.9417303477,0.007509864617547359,8028295.586482565,ok
3561,8028330.020747639,0.3069619704201033,7815.979403332146,317807.48917847575,0.012296719979029213,8028281.965292596,ok
3562,8028311.485373624,0.32884180096800386,6158.172578009685,263909.9448087015,0.011667185528899858,8028275.561102631,ok
3563,8028285.9367140755,0.49255773872638675,2445.4986999728376,30992.718391341212,0.039452794509565584,8028237.695835234,ok
3564,8028208.179758879,0.5401928469404604,1632.7876498710002,2950.908392199095,0.2766584781464876,8027982.317485705,ok
3565,8027898.890081232,0.22878169602564113,14991.188483779431,915128.6409588852,0.00819075472715587,8027837.495507263,ok
3566,8027808.660468781,0.4714266227660345,3681.561760665313,61503.9377163754,0.029929480106158295,8027753.566854044,ok
3567,8027721.304054622,0.5143420231986613,2051.4814340781836,4540.053460723902,0.2259314181898509,8027489.556999725,ok
3568,8027480.976542203,0.18841419290084357,15161.527231034948,1185421.2954651539,0.006394995302107186,8027432.497594495,ok
3569,8027431.9568465315,0.2985368014971187,10134.682221314106,877242.1018525561,0.005776445407665528,8027402.685627244,ok
3570,8027410.5204875255,0.3957610757515254,5150.88262506393,340506.5808778246,0.007563558113597944,8027391.040987491,ok
3571,8027442.0506182825,0.37834729846057374,3728.826877982382,160963.41255378572,0.011582839910083291,8027420.455415892,ok
3572,8027435.13324184,0.38674973890113307,3522.0164030240285,107218.45306127552,0.01642448805436127,8027406.209583671,ok
3573,8027390.32340415,0.34180052780096026,3323.1078549416543,131075.91918702098,0.01267627141412679,8027369.2610955965,ok
3574,8027364.915560101,0.4073628916391937,3622.3835006975655,168217.00676678066,0.01076699547305496,8027345.414466724,ok
3575,8027338.500560232,0.48732621907076484,2471.1028420776875,70460.3278720765,0.017535419694356746,8027316.834647511,ok
3576,8027317.259507703,0.5887440419093846,1480.268753397899,2345.666146842939,0.3155327017423624,8027083.72290817,ok
3577,8027166.153895619,0.16346713759400153,16330.987324571806,519470.7079354927,0.01571887218576314,8027037.801544408,ok
3578,8027007.411230874,0.5103707149606328,4244.752673988955,138131.95925457543,0.01536484640084606,8026974.801244452,ok
3579,8027001.2080666665,0.5314119509289357,3399.396426893521,54857.35213927298,0.030983963810931513,8026948.544678731,ok
3580,8026905.873377532,0.589313790361963,2198.753791365788,12216.755507071066,0.08998926884037042,8026806.941254509,ok
3581,8026802.232025895,0.432132660798299,3481.1039884836673,94564.82920568969,0.018405912735864272,8026770.195577777,ok
3582,8026794.384149766,0.4560018004182109,2993.6258009088388,88300.80788335067,0.01695129338376809,8026769.01123515,ok
3583,8026743.866979981,0.604995789642136,1885.995042108226,9328.758735147992,0.10108499403046821,8026648.544081194,ok
3584,8026654.279987924,0.495969112485971,2197.2539117596816,21823.892272657617,0.05034055988519846,8026598.97449186,ok
3585,8026619.932004248,0.5669536375079728,2011.8989645207082,17186.823669896745,0.05853027304994732,8026561.053506377,ok
3586,8026499.000937548,0.5844264300270228,2429.5846436919514,26493.13174146814,0.04585310387992118,8026443.298939021,ok
3587,8026451.585676292,0.3116429626184496,4708.444113954989,250049.99906029634,0.009415005262246789,8026429.420663238,ok
3588,8026451.585676292,0.32372114642629307,4488.409635115631,186761.56090241103,0.012016417118780055,8026424.618375105,ok
3589,8026393.080080742,0.489807590080001,2787.966181931871,70923.5089840494,0.01965473946416611,8026365.681706271,ok
3590,8026326.7028402705,0.5253299521868314,2364.9117952197985,42742.1194144267,0.027664886856564867,8026293.990331651,ok
3591,8026269.732934067,0.579492359762413,2029.8118513887216,17138.48823076396,0.05921793754670745,8026209.632298343,ok
3592,8026189.392176092,0.502381210577547,1893.123115315865,5713.617987219261,0.16566763122338374,8026032.577565027,ok
3593,8026002.956382746,0.395615496695835,4060.650459461397,125953.27751311423,0.016119669688780442,8025970.228210682,ok
3594,8025936.687607535,0.5277901399138522,2083.084831131694,8463.002306231156,0.12307008528155287,8025808.504893627,ok
3595,8025819.977780223,0.5622892661309239,1915.992714866054,15170.855559970905,0.06314715433457493,8025759.483036389,ok
3596,8025793.239426376,0.2627085319807927,7587.046384508533,508923.3016500312,0.007454017491348707,8025764.9624381475,ok
3597,8025781.038683447,0.2542920997663535,7592.5551453825265,493822.4721783564,0.007687535068918739,8025751.854666476,ok
3598,8025751.75985191,0.6442824006226183,1481.4206745799297,4883.3973142616005,0.15167931045192148,8025639.409418705,ok
3599,8025737.844272666,0.37943248575616284,3238.8860270969403,66031.26651023334,0.02452539681784679,8025698.126790135,ok
3600,8025685.544262085,0.3779496964105413,3303.478780533902,61683.19749006987,0.026777784834076702,8025641.31434009,ok
3601,8025644.649921217,0.5319372609756166,2375.5451399261456,50453.463926384306,0.023541942961461067,8025616.687447123,ok
3602,8025636.447083791,0.4428442605497701,1811.5613560915285,14686.630079182574,0.061673826681973465,8025580.584123242,ok
3603,8025480.85224377,0.525553609267587,1527.028848651642,2294.1294835282574,0.33281226269389713,8025226.74528061,ok
3604,8025295.403423393,0.30965137111090013,9435.84625798681,207343.82670361805,0.022754104638655633,8025188.051306839,ok
3605,8025198.345555859,0.37176593177417444,5233.75381345191,91782.024655733,0.028511867291462028,8025123.733508776,ok
3606,8025132.833468324,0.5462663491536969,2480.952548493974,21031.562209097254,0.058981651572721304,8025059.668128932,ok
3607,8025058.33101754,0.569252828321746,1803.2720564182212,7432.5460131630825,0.12130917543090994,8024948.954294419,ok
3608,8024999.5633210335,0.3791727092402497,5191.76567641693,277427.14331560105,0.00935698939615072,8024975.273672843,ok
3609,8024981.661858842,0.5351213669954299,1921.7802216060252,7011.5485771451495,0.1370439212152264,8024849.9777102005,ok
3610,8024870.208000945,0.48530146771448285,1453.1742581459189,7581.546376074064,0.09583627046929792,8024800.574600323,ok
3611,8024654.742932618,0.5799928244789848,1331.86712110406,871.7954992801646,0.7638644167145697,8024146.059981816,ok
3612,8024313.801393753,0.14000461056343835,16869.040578205342,218141.96317321243,0.03866528093178186,8023987.6782972505,ok
3613,8023929.8205590565,0.32669745052615196,8140.584561238537,370758.802260202,0.010978275514448068,8023885.135768976,ok
3614,8023805.8851315845,0.47997368680808633,3985.7892271343135,46367.30109841789,0.04298060414034227,8023720.229317105,ok
3615,8023671.528668362,0.3450816715868049,5218.2034582710585,115496.39912177,0.02259032964642218,8023612.588200219,ok
3616,8023586.478031374,0.47996637182909857,3428.368661739644,40686.60239544824,0.0421314199256312,8023514.257011499,ok
3617,8023495.539325122,0.3950210254173651,4917.82266333612,323263.04810985265,0.0076065338925854036,8023476.835532739,ok
3618,8023495.539325122,0.3953224116991355,4666.2806240152,289102.16477672866,0.00807029692707236,8023476.710190031,ok
3619,8023479.338584304,0.5833091034326442,2036.5977875472674,16240.538967062974,0.06270105295389641,8023415.490171442,ok
3620,8023443.324329374,0.5225773344951612,2412.9655177010145,18773.28267117682,0.06426594538539901,8023365.788574286,ok
3621,8023438.320442405,0.18165795139399507,9559.34650001333,456149.01931313163,0.010478315304072972,8023388.237519041,ok
3622,8023373.363540218,0.566518238441405,1450.1355120119144,3172.8407571407233,0.22852321043031742,8023207.668728837,ok
3623,8023274.861783988,0.24955469105639713,8488.076852841961,264134.8961836357,0.016067693014975116,8023206.669877409,ok
3624,8023188.050390879,0.4807649236756303,2217.766366128809,15669.807918615144,0.07076558875664919,8023109.579619567,ok
3625,8023123.517805013,0.48212149843075064,3321.349792952775,174807.64167521684,0.009500013160533517,8023107.741371641,ok
3626,8023106.299543632,0.5147727337099797,1711.1723181729953,2326.4372599734934,0.3677667022476445,8022791.643443417,ok
3627,8022750.776634613,0.3336434714303289,6189.554718512111,146821.92461447488,0.021078441570510156,8022685.543550872,ok
3628,8022683.422604382,0.413652073765406,2985.689606867578,27928.012900884147,0.05345331258374377,8022603.625104465,ok
3629,8022520.647424895,0.4771702741757493,3059.828448767593,57498.33703701941,0.02660797343406271,8022479.939507856,ok
3630,8022431.912071577,0.39623817550300083,2375.429573661748,28072.681805212935,0.04230856157854937,8022381.661567382,ok
3631,8022361.132991355,0.5354182401287473,1870.8846277613234,3769.611190702417,0.24815352739505064,8022128.999681491,ok
3632,8022055.8203093745,0.29196120708719925,8064.159187014276,406523.59122438135,0.009918439373624506,8022015.828372376,ok
3633,8021954.54665209,0.5426744847930572,2437.87548141164,20148.700528778314,0.060497089574824726,8021880.804466404,ok
3634,8021849.181895796,0.5045280566643541,2215.9722470342,23341.551310467956,0.04746840125489872,8021796.587565901,ok
3635,8021773.082075373,0.4956156802511711,1948.5538967159164,3419.391778838004,0.28492697279895846,8021495.484293809,ok
3636,8021341.576752178,0.25199355829020054,13173.613148771114,1007706.5407989717,0.006536433284598046,8021298.522530446,ok
3637,8021264.615664203,0.544498299031184,3381.8168122650677,101884.85518296612,0.01659626843553911,8021236.552894395,ok
3638,8021250.229825201,0.532480061571978,1944.1653611300076,12927.267944969135,0.07519629706006876,8021177.132807187,ok
3639,8021131.407628799,0.6293566457313831,1693.1029963584972,4824.431643519392,0.17547175724137623,8020982.861749819,ok
3640,8020935.869419072,0.35087812294043935,8905.758847616082,558696.6063852683,0.00797012076486,8020900.379432312,ok
3641,8020917.890165341,0.44899781714337683,3159.4637912755416,36251.58771387065,0.043576902289257,8020849.050342881,ok
3642,8020822.48429258,0.4924207281858542,2615.8733362402118,23152.106520042464,0.05649320363085937,8020748.594760052,ok
3643,8020733.451519735,0.2938195442442904,8225.103020086346,609635.1897200935,0.006745922117670734,8020705.708567543,ok
3644,8020706.5946069015,0.4160600556448544,4270.064262383436,221312.01738063837,0.009647158597445882,8020685.997613321,ok
3645,8020706.5946069015,0.4233923560034096,4185.5349807789935,233026.15464247458,0.008980826609787088,8020687.799824936,ok
3646,8020648.979618508,0.599429425300461,1282.7054870140637,1641.772916089266,0.39064643911579816,8020398.437453041,ok
3647,8020421.085054612,0.21438626616440398,13587.734363303933,1045321.9190896358,0.006499306154001536,8020376.929631829,ok
3648,8020352.604256845,0.32870696599379745,7277.734088412119,453636.27513668744,0.008021552163370563,8020323.414895034,ok
3649,8020325.547687973,0.43864719261750645,4683.186807489003,84419.83299927063,0.027737479695852184,8020260.59778848,ok
3650,8020401.5527063105,0.4134636387820848,3598.8988249858644,43253.43077965597,0.04160246667275452,8020326.691172098,ok
3651,8020314.065520585,0.445858483321581,3016.5837257268004,27895.809972823838,0.05406876030245336,8020232.514049385,ok
3652,8020190.650346982,0.5634604799835606,1972.723974656177,4968.61327069805,0.19851856717146205,8019994.839178545,ok
3653,8019989.033329626,0.4778138903703885,2965.542127696564,46658.26301819933,0.031779388428367306,8019941.911772038,ok
3654,8019892.766930504,0.587561661193863,2001.3863833901025,17228.549932778922,0.05808342522147724,8019834.643242335,ok
3655,8019943.997653779,0.1900272576023259,8015.967712204816,218268.8065430571,0.018362604897973672,8019870.400629791,ok
3656,8019816.752662227,0.5566069088757742,1697.2678065173186,3405.426199409943,0.24920049754879486,8019605.272671297,ok
3657,8019637.848710507,0.24148215973856835,9172.641138814544,336353.3090158399,0.013635425745703868,8019575.312276937,ok
3658,8019512.904512957,0.5600207635902242,2195.6823440041076,12767.244413065964,0.08598888973085891,8019418.502369476,ok
3659,8019395.562289635,0.4411196179399866,3713.8479899759477,84865.01217733526,0.021880913551366923,8019354.931096229,ok
3660,8019410.752616767,0.3961641485209507,3824.359022143664,87200.17526889732,0.0219286200420502,8019368.821158817,ok
3661,8019353.979445677,0.5467228383825447,1763.491270409078,5184.234937747463,0.1700821135215865,8019204.010284453,ok
3662,8019366.990685949,0.24179072134443078,6519.3496684571055,146743.65723805828,0.022213395083512673,8019294.582241013,ok
3663,8019245.183550985,0.5274208774800835,2335.126059396957,26409.911242729297,0.04420927503192238,8019193.5664358875,ok
3664,8019138.80615825,0.5757895461462951,1448.575927768376,1661.49118023569,0.43592645720902623,8018823.069872155,ok
3665,8018686.175018847,0.46861045483255176,4106.39388561656,135947.67550903992,0.01510284699698121,8018655.1658995645,ok
3666,8018696.288189838,0.423705592461259,5179.902636266988,368055.6557966934,0.0070368469478543525,8018678.06309881,ok
3667,8018690.0646357145,0.5872192796544029,2665.6691194290474,50527.904846844314,0.026378187731205028,8018654.906875484,ok
3668,8018651.72288193,0.39915328339890904,5495.902611603731,501087.06036286085,0.005483979777510008,8018636.65317254,ok
3669,8018637.161016526,0.6904772022997105,2178.484285586776,37345.26550111812,0.029166806773961107,8018605.391301417,ok
3670,8018624.93208733,0.5477479216002431,2167.837188239597,11149.16454115694,0.09721971454619155,8018519.5538310185,ok
3671,8018528.331495523,0.6169288497631068,2109.886107757704,30695.515072302038,0.0343679867040503,8018492.075226675,ok
3672,8018500.039130714,0.5765311503090716,1972.211069247897,12431.821056572473,0.07932108499121397,8018421.820169792,ok
3673,8018434.700381553,0.4555690211770618,4157.325941510518,170527.48220956133,0.01218960688225484,8018409.362297099,ok
3674,8018394.152274212,0.5800558966088111,1968.6234084449045,20657.713586083257,0.0476486277206189,8018347.251172256,ok
3675,8018332.4235139955,0.2508295438443209,7978.666723173899,666701.9038144697,0.005983683770456286,8018308.552604704,ok
3676,8018353.354827197,0.24157719990761825,6306.982842606805,354501.62868112733,0.008895562576215847,8018325.3027469255,ok
3677,8018318.749079033,0.6271256082201253,1501.602128087804,2511.1313873359836,0.2989891599580594,8018094.267699599,ok
3678,8018093.830769377,0.324455500972759,5297.520878432751,150980.0099825649,0.01754378238233163,8018047.361492648,ok
3679,8018008.331173631,0.5743326381941762,2540.2858225578657,28549.40524542528,0.0444892949734026,8017951.8234109925,ok
3680,8017975.804420657,0.5452183456689784,2211.6000723346833,13023.242875742917,0.08490972998952542,8017881.911238165,ok
3681,8017872.941569084,0.36188310059226253,4239.256029209238,182386.49225507135,0.011621628270805682,8017848.308040227,ok
3682,8017853.0782228885,0.5048217117016296,1926.074249726531,20684.369246239963,0.04655868948183314,8017808.240476433,ok
3683,8017813.39341395,0.462883741960546,3514.8653627127396,97392.24495535281,0.018044893432346935,8017781.680728501,ok
3684,8017790.220057464,0.6082815988876504,1525.5093326737197,15253.442767654087,0.05000541044768794,8017752.078197303,ok
3685,8017789.770167318,0.5419966169756872,1436.2297069973188,1982.1042798460894,0.3622992295614341,8017529.597709158,ok
3686,8017715.803101014,0.10501973226693886,20608.8182834936,499678.90560501243,0.020622061540240922,8017503.304941557,ok
3687,8017534.94667871,0.27965674040572114,6183.050371134181,143055.73650363382,0.021610634156488798,8017468.136858939,ok
3688,8017473.894972372,0.575935317472456,2136.0590354462065,11298.960470324522,0.09452458219746546,8017372.939928434,ok
3689,8017277.668244783,0.53247094022796,2305.294992705381,26408.773734616814,0.043646384642305136,8017227.3593488,ok
3690,8017260.056802134,0.5635040177411689,2356.58375540848,44552.93671302544,0.026447008090484777,8017228.894507311,ok
3691,8017221.941652286,0.5292236323109506,1863.0332570144126,15780.63534005285,0.05902909537126955,8017166.955068382,ok
3692,8017102.964470737,0.5478664515218961,2480.788993701998,34762.67552279037,0.035681790259147285,8017058.704974461,ok
3693,8017050.97474887,0.6310081228130406,1356.0351350182707,2941.9924099400173,0.2304620383174133,8016894.717438247,ok
3694,8016985.714138849,0.22065328696192496,10005.52234998178,259597.94524633014,0.019271189416556495,8016889.30498064,ok
3695,8016881.117639376,0.4605678348542458,3286.8343179931344,48253.72147843779,0.03405783240430335,8016825.146413204,ok
3696,8016808.561405637,0.5398931472990466,1888.9404179635549,15109.601224555487,0.0625079507357788,8016749.524508343,ok
3697,8016757.992933124,0.33891015262202173,2307.685233225516,24870.10956120945,0.046394754063023354,8016704.460688699,ok
3698,8016655.5051069725,0.4631653340418298,1560.2074855349033,6073.427915790369,0.1284453777312894,8016555.304387064,ok
3699,8016587.583039488,0.54767063705785,1881.2222725046274,13546.818970197251,0.06943409654485239,8016522.272555042,ok
3700,8016570.858465237,0.40094153979461994,3735.7407283420544,200314.92915526518,0.009324668770559935,8016553.441192784,ok
3701,8016556.181059223,0.49260527528048326,1690.5458903672165,2047.4601404603645,0.41283975618375235,8016207.218782624,ok
3702,8016201.820440322,0.14028091911888754,24565.57962587325,1872771.2668657207,0.006558617184197387,8016121.262323986,ok
3703,8016166.254988235,0.18606017554413656,16590.378135566636,1209427.5366935593,0.0068587731105093286,8016109.36016851,ok
3704,8016101.875383944,0.257466459905848,9960.656698398416,554042.0632296163,0.008989079854637623,8016057.10681471,ok
3705,8016109.25984269,0.24162950419574605,9002.436752697911,432002.22084281984,0.010419433417650609,8016062.359697519,ok
3706,8015998.417746943,0.3611047057470417,4589.065346940724,240696.09988947184,0.009532903418559821,8015976.544188576,ok
3707,8015976.6973037105,0.3704550620600003,4223.413802154286,261796.9950649377,0.008066199921635243,8015959.6638536705,ok
3708,8015976.6973037105,0.3857273357797617,4121.923910206752,220350.10205254308,0.009353124577232709,8015957.420869796,ok
3709,8015944.311348268,0.6073966272817514,2032.1781739597636,25646.992986249163,0.03961825417602235,8015904.055672554,ok
3710,8015860.7699628705,0.4150513438964954,4354.4697361718045,335902.53845425724,0.006481745800746294,8015846.657679907,ok
3711,8015860.7699628705,0.42207394895957706,4517.4817185980555,378784.74339485785,0.005963125227946261,8015847.3008082695,ok
3712,8015821.585940987,0.39199416080822286,4570.212021190546,313152.1144075388,0.007297111868200311,8015804.911266796,ok
3713,8015810.561990231,0.6008222522663111,1548.4637754713465,2995.462219960997,0.258468253272029,8015610.447626581,ok
3714,8015545.178155918,0.3987304973221894,3361.3216139067263,44314.73621744611,0.037925551417176434,8015481.438168069,ok
3715,8015558.474829391,0.4310557346171759,2505.2395258415218,28211.943396058286,0.04440033589092534,8015502.858091173,ok
3716,8015482.533347921,0.6321200013967584,1214.0102705530498,2924.139663056128,0.2075841803814942,8015356.528684427,ok
3717,8015472.391187929,0.12169073813885431,21765.280040673897,1287631.0159769463,0.008451675895737969,8015380.414641586,ok
3718,8015434.098824561,0.4380100169517367,2729.7145885415916,41360.193516812404,0.032999296623600134,8015389.059493857,ok
3719,8015319.458274804,0.3866134730046904,3299.3177400868526,93079.54337872723,0.017723108753673215,8015290.221191243,ok
3720,8015291.612783451,0.526528424664749,1945.0300735456688,7000.172400022973,0.13892729795763928,8015156.503897169,ok
3721,8015100.402533848,0.2799469548334364,6778.835666681298,512488.9993226604,0.006613640171438469,8015077.9861439075,ok
3722,8015079.313338259,0.5050899972761174,2098.593307217053,10779.895430702694,0.09733829612298264,8014977.176589869,ok
3723,8015015.225554468,0.29172644394439173,7307.426834125154,499235.00235431996,0.007318624294835485,8014988.485398687,ok
3724,8014985.735469504,0.566483784292249,1777.5338069643808,7020.166740418697,0.1266019649312749,8014873.215833157,ok
3725,8014725.998846791,0.5497571469520932,1583.3874688134758,2582.8114846014896,0.30652401041529787,8014483.3257083,ok
3726,8014596.787921823,0.30861258252677287,8072.0822505544475,184120.82042769977,0.021920612323482934,8014508.315428994,ok
3727,8014655.419428017,0.2021642877010352,11211.50114791458,395538.33971378923,0.014172458169323358,8014575.9721625,ok
3728,8014613.275482534,0.45899550505192416,3945.4332559531927,43467.66332373716,0.04538354438986648,8014523.746609881,ok
3729,8014434.0248302035,0.42834525771390747,4304.964511993167,157684.45347668236,0.013650567373878,8014404.642226147,ok
3730,8014413.920493183,0.4833041808915706,2253.6776819232427,11695.49334861529,0.0963481237920618,8014305.351685041,ok
3731,8014336.332008311,0.6188142060424441,1463.406711607692,1812.5615390394921,0.4036846970677687,8014040.95456078,ok
3732,8013946.297688939,0.2857582045831889,7444.414437981047,107386.62519169445,0.034661739414438814,8013817.279512268,ok
3733,8013878.488561194,0.34602537858984317,5110.472795764796,63565.00511885306,0.04019879166381955,8013775.771145584,ok
3734,8013791.7123864135,0.4755060723291326,3039.2796335592284,25885.385422624826,0.058706478268289196,8013702.499684534,ok
3735,8013666.161796913,0.5415383526652884,1937.0299570247523,4736.64739545365,0.20447267817359185,8013468.126945404,ok
3736,8013542.544216076,0.31477668522516933,4521.9166029024,32636.096475768318,0.06927784096758993,8013385.909906433,ok
3737,8013262.882462436,0.4703832952795199,3017.9048335406937,26201.441229799646,0.0575904357144359,8013175.981235282,ok
3738,8013263.314391845,0.23739161360286623,10661.089144944188,877413.7121735367,0.006075292075464861,8013230.929776645,ok
3739,8013223.617374637,0.41017318493252986,3535.8469179109406,48789.925453435644,0.036235420376748664,8013159.555924907,ok
3740,8013176.281564753,0.3873761336035149,2769.113141744437,19552.770715482064,0.07081127227538724,8013078.239352432,ok
3741,8013075.459571411,0.5014809350626628,2369.7535337133136,11991.790954069205,0.09880732339272388,8012958.385069528,ok
3742,8012976.253929099,0.5168643580059845,2092.322751581551,9235.068021432777,0.11328139363595814,8012857.743310481,ok
3743,8012913.185994022,0.5167509375662002,2392.8344179819755,9996.560995372743,0.11968287989687565,8012769.995336891,ok
3744,8012686.275745936,0.5323921262548031,2040.487866233613,12822.528961579033,0.07956651423239744,8012605.098492512,ok
3745,8012592.850371119,0.19690707337783273,4802.765585458781,66610.59280606311,0.0360510647266122,8012506.277964625,ok
3746,8012411.000878988,0.2665948696779679,9257.314724566117,770298.2134687565,0.0060089161331941705,8012383.187665088,ok
3747,8012373.339861807,0.5834939363924382,2475.6830778344233,26094.333752079354,0.047437177384096765,8012314.620153152,ok
3748,8012326.47011281,0.5808206617798295,2563.938012904068,39254.95363999908,0.032657509118690274,8012284.604198292,ok
3749,8012270.688259253,0.4002582908997541,3633.623561253883,171642.49155696394,0.010584860218158661,8012251.457560513,ok
3750,8012253.125452654,0.5625436266065361,1785.418727782784,4010.190620501084,0.2226102069382042,8012054.399236423,ok
3751,8012016.147297666,0.4804731464757997,2668.1350364608816,22081.397306262217,0.06041590120984342,8011935.548406278,ok
3752,8011937.290998771,0.5688030550874449,2412.811955488195,21260.341424232025,0.05674443103576244,8011868.834177966,ok
3753,8012052.486755098,0.1333106144111878,15061.195692662286,447735.4784788856,0.01681930114610355,8011925.82736211,ok
3754,8011896.375378557,0.47772635051551327,2257.6223875829264,12009.06212728009,0.09399661537491982,8011790.270946942,ok
3755,8011842.670446515,0.4764938554158385,3011.635985112442,135591.39017218738,0.01110555759214493,8011825.947498076,ok
3756,8011801.4384955205,0.5390003064344454,1376.4778662855992,1792.4824395285832,0.383958535919495,8011537.183282388,ok
3757,8011532.418763782,0.39024469917556326,7002.505053948112,146486.08932651236,0.023901604193759904,8011448.7332117,ok
3758,8011480.74136899,0.32046344208136374,6657.929997961253,372496.13885340147,0.00893691142471349,8011450.990703659,ok
3759,8011480.74136899,0.3401608640200363,6217.445727848942,345490.47941672854,0.00899799863999942,8011452.7690848885,ok
3760,8011518.415763605,0.24035225305813085,9977.175310255294,671763.8340197315,0.00742610334539254,8011481.369996131,ok
3761,8011488.027478619,0.42434205718143714,5472.388238315394,223256.0852573311,0.012255854598560592,8011454.493081341,ok
3762,8011479.228721594,0.5175157917069183,3937.729111604165,69524.32751957283,0.02831907371197223,8011423.47230111,ok
3763,8011520.003616111,0.14951348005534262,9906.986092694951,363005.34017820744,0.013645785607219154,8011452.409311994,ok
3764,8011406.346049914,0.5470305800141423,2099.997252033491,8605.615492756031,0.12201319323418588,8011278.232364663,ok
3765,8011258.152875226,0.4624121377885603,3424.3664513749186,32967.530138161055,0.05193544128152773,8011169.229883845,ok
3766,8011165.728637721,0.31407043935457346,5763.978700089501,274490.99230968487,0.0104993949921433,8011135.469493172,ok
3767,8011106.819416109,0.5514315029316488,2472.8081798586936,34325.740347400526,0.03601973555169012,8011062.284467755,ok
3768,8010990.038374711,0.502692599191647,1565.9491399374892,6180.817226239991,0.12667816266184198,8010890.852594776,ok
3769,8010888.606148013,0.5395625079397083,2012.6424049866928,11160.13061444478,0.09017109541628883,8010797.865062844,ok
3770,8010893.916826936,0.35120476605818524,4658.264106329001,126591.1603911039,0.018398852226084648,8010851.063470475,ok
3771,8010840.88738837,0.5560339662484377,1984.9494206134289,9511.467396659114,0.10434506779209687,8010737.327547441,ok
3772,8010638.706923968,0.5086437811137192,1879.9667724561066,9629.651482087966,0.09761343782550268,8010546.951914139,ok
3773,8010479.471180043,0.5300168562418739,1441.795791265051,1701.645890532307,0.4236474225592347,8010174.06464463,ok
3774,8010110.929688007,0.36552233437543463,3935.082372185359,31238.897626618498,0.0629836945467675,8009987.006674934,ok
3775,8010046.669988291,0.4495861405006284,3009.9081606612085,28299.5976215482,0.053179345531919685,8009966.637515243,ok
3776,8009969.561042422,0.602252033930083,1819.2197228791993,8761.612485002286,0.10381763208503307,8009875.127500487,ok
3777,8009919.260819484,0.18863251989045135,9087.288913899096,504168.3093745656,0.00901215798864086,8009878.312777794,ok
3778,8009818.2037856,0.5758074103560651,1707.6299461645383,18894.534138145336,0.0451884638615429,8009779.621198545,ok
3779,8009807.122065669,0.6089892478911548,1534.1233353787384,16106.79011127621,0.047623496822768965,8009770.591906775,ok
3780,8009741.804747188,0.45673710838989073,2346.308710850137,33334.51507689949,0.035193382976134946,8009700.517476668,ok
3781,8009721.131892966,0.4968207125649541,1551.5191826076625,3857.3993583608103,0.20110948316056335,8009565.119282503,ok
3782,8009525.305659961,0.6423646286218424,1427.4075402836993,3449.7115926724946,0.20688795308507013,8009377.648947847,ok
3783,8009333.622590945,0.48448716949093884,2211.8621109748165,21040.51599189904,0.05256197404632142,8009275.49267151,ok
3784,8009329.089702876,0.43688653475465666,3302.5180779727298,48017.755939211485,0.034388509139760534,8009272.3053663215,ok
3785,8009240.610853905,0.44841430678064387,2064.2554145930103,28734.757649644598,0.03591913736948712,8009203.537717004,ok
3786,8009224.958311241,0.4583048267809644,2131.434827222013,24315.768594427394,0.04382824295569436,8009178.249789515,ok
3787,8009160.067703727,0.5626079497384575,1488.4172277009716,1271.5256648254706,0.5852879217759523,8008724.491390758,ok
3788,8008672.9330839375,0.2948661913157849,7064.5305934249045,97371.68729430171,0.03627610237497819,8008544.796266419,ok
3789,8008728.958290964,0.17145841686948804,15563.328811460478,482385.1156248784,0.016131642858942537,8008603.427259923,ok
3790,8008586.808781266,0.44884686301090326,3000.962736868386,43423.289403355775,0.034554760568604806,8008534.960006842,ok
3791,8008518.045135661,0.5488423940118625,2028.209595362006,9844.573189888186,0.10301155551595031,8008413.580622996,ok
3792,8008433.440497333,0.42641657020902873,2399.985101332293,23066.506159505072,0.05202316043739735,8008371.013092346,ok
3793,8008380.80930185,0.5485967742006624,1760.352285951682,24287.93941676448,0.036239226715474644,8008348.912399055,ok
3794,8008347.575886991,0.5566382210332999,1401.300510558231,1846.107700515542,0.3795283747982053,8008081.659234303,ok
3795,8008123.180962758,0.20113688643972155,7552.9877276469415,422974.20289847907,0.008928425984243519,8008089.462816815,ok
3796,8008123.180962758,0.1954900329715977,6682.198497041899,308007.5568596342,0.010847458687656686,8008086.938526689,ok
3797,8008095.401711762,0.4913482010150408,2157.222761974322,68852.35500207945,0.01566556991339781,8008078.504649764,ok
3798,8008085.417712572,0.60226870727065,1251.9410480807155,1058.9363121565436,0.5911314182489003,8007715.386868915,ok
3799,8007550.314967631,0.4445350745200049,3275.437718499946,21796.33822930372,0.07513733921820728,8007427.26113016,ok
3800,8007367.290957926,0.460094580334597,2549.6822328936114,19046.439395013847,0.0669333039108898,8007281.961630041,ok
3801,8007311.652812382,0.4381872621490331,2551.353603961174,14437.749074156782,0.08835704204501084,8007198.937783553,ok
3802,8007296.77694351,0.3925781616965673,2809.6357437039196,19100.301987997846,0.07354951103572668,8007193.453275941,ok
3803,8007137.414593266,0.5025917668108661,2482.46994177501,15558.680725356138,0.07977764906922036,8007038.391785347,ok
3804,8007031.508917607,0.44295425669400473,2796.070804549251,135312.9897495616,0.01033186396119191,8007017.064606018,ok
3805,8007009.044916043,0.43392424093000287,2770.733920783453,116851.53319923789,0.011855787617519783,8006992.620299589,ok
3806,8006973.784869568,0.6873284272528711,1332.4943287995693,3800.991593905378,0.1752824619417904,8006857.00342633,ok
3807,8006752.7061958695,0.5336948486595608,3297.1780387168205,82083.18962762217,0.020084368393058116,8006719.595326676,ok
3808,8006688.9774340335,0.5665969185847545,1896.109822643246,12191.509986099447,0.0777635348207547,8006615.253332925,ok
3809,8006628.318168234,0.25053846846099076,4825.0099877727225,242797.48718576,0.00993628485141857,8006604.346831409,ok
3810,8006608.60817918,0.4071223700419062,2706.49234931902,120841.63496818833,0.011198509313580152,8006593.45383929,ok
3811,8006594.552976781,0.5905907879663078,1284.539058012726,2739.445863883674,0.23445235311050333,8006443.971374374,ok
3812,8006477.32145501,0.35658266216039497,7370.818345499185,309948.64801411174,0.011890386347424231,8006433.500516098,ok
3813,8006403.390622338,0.3806060527487334,3357.4385159410745,34890.51298277356,0.04811391735052359,8006322.620862706,ok
3814,8006333.877301034,0.5393056504865402,1868.455205172127,6126.314064740027,0.1524942392299158,8006191.412973509,ok
3815,8006297.061486362,0.34149635631318936,7667.450428533071,392852.9107237446,0.009758678400024439,8006259.649394922,ok
3816,8006264.284441506,0.4409402473478433,4018.66442171613,55145.46272538363,0.0364369453360877,8006191.070513576,ok
3817,8006155.336052902,0.5300107922753962,1732.4343021040713,7746.732560615656,0.11181709763105527,8006058.4781651525,ok
3818,8006036.355900459,0.5728555164406477,1982.516107767077,31233.475077797368,0.03173704019211696,8006004.896303763,ok
3819,8006064.312600441,0.34823947980812286,3707.2962374008875,105811.56417703468,0.017518388780257337,8006031.839672036,ok
3820,8006021.706883671,0.6297594890782305,1477.908857175098,5998.524914525746,0.12318935723649856,8005930.675562587,ok
3821,8005848.870633797,0.2332020611060932,7726.595830630707,491405.4516675723,0.007861731900216709,8005818.4984213365,ok
3822,8005848.870633797,0.22628814782511267,7537.802551910314,460800.3714929516,0.008179032633468279,8005818.044667269,ok
3823,8005800.687056251,0.5272342423358946,2217.1447203326506,36100.127241093825,0.030708267390936093,8005766.6447197925,ok
3824,8005750.119517023,0.6480066422780802,1289.6233847424996,7904.954149015439,0.08157057969166855,8005697.521853484,ok
3825,8005696.6798263285,0.3008448247981947,4186.215370602206,253168.4282519875,0.008267648931397397,8005679.374746811,ok
3826,8005676.495601217,0.6491415352710118,1453.3135620365763,36622.60729054296,0.019841754445646266,8005662.077455802,ok
3827,8005641.436316061,0.5744947604364328,1113.5352082032605,1014.6363120972223,0.5487361308317544,8005335.917815213,ok
3828,8005451.255689686,0.12689803136189018,16061.37950563372,371684.51886400586,0.02160619919646203,8005277.743007202,ok
3829,8005251.205624602,0.4646993252192027,3627.9273432813156,52076.36229287105,0.034832764651247135,8005188.020254942,ok
3830,8005241.798860594,0.2828676501786741,7294.98327626157,322967.1990574618,0.011293690655817432,8005200.605218363,ok
3831,8005184.110515824,0.6354208037535148,1889.4111248145307,10145.312835653833,0.09311744031068926,8005096.141952004,ok
3832,8005204.148052576,0.33017946009359095,3353.300643306036,80785.3137255765,0.02075439512865558,8005169.350189308,ok
3833,8005148.192046013,0.6512872060061848,1630.140300534587,8153.4283675685265,0.09996655560369624,8005066.712290515,ok
3834,8005036.285752882,0.43976086687340943,3030.239909892619,100085.89965358669,0.015138195891632908,8005013.349570205,ok
3835,8004894.684496444,0.46639889172520266,1354.9595071290018,954.1275834741298,0.7100515332527016,8004413.638958678,ok
3836,8004383.961783678,0.16459404324149193,26175.869138883052,924288.3605550226,0.01416001231648357,8004198.636468978,ok
3837,8004204.659991626,0.34443759162921617,8699.486581518075,186437.51513739876,0.023330837077255664,8004103.176839582,ok
3838,8004066.636756301,0.4428826584564322,4493.046366615536,53910.37386532806,0.041671445071402066,8003973.020888866,ok
3839,8003957.8626066055,0.5621156033848793,2604.3377191417653,25597.212934598534,0.050871509445108494,8003891.619311167,ok
3840,8003863.043358184,0.5570240042507707,2112.2257961945934,10297.629687192697,0.10255883442874225,8003754.72965033,ok
3841,8003827.163381303,0.3747920041567791,3568.8457850910972,78944.63728801228,0.022603471924704285,8003786.829228549,ok
3842,8003729.740667645,0.5903804582065361,1426.8314126449432,3684.8061575613815,0.19361010479710355,8003591.61617798,ok
3843,8003673.651474841,0.34848083369056004,4953.453010422199,83745.47539714501,0.029574451556525935,8003600.403646793,ok
3844,8003666.9035156295,0.4206329899535459,3390.920071577064,58849.98640735413,0.028809862827371194,8003618.057544569,ok
3845,8003630.0527758505,0.5098688158065048,2579.3387730860013,25205.960684317506,0.051165254230734376,8003564.066513815,ok
3846,8003596.122666906,0.44577456467271065,2531.902234664286,60307.64750575395,0.020991551978733022,8003569.548388224,ok
3847,8003589.637406423,0.5598593682072734,1685.525597561558,26489.691028486726,0.031814746267688855,8003562.825121816,ok
3848,8003574.153716321,0.5876794204989678,1128.7222231171868,1025.327668633804,0.5504202498607839,8003263.517932285,ok
3849,8003603.033956977,0.11892191912058718,21594.528814313955,491294.00201132614,0.021977195656681478,8003365.740364544,ok
3850,8003347.694604708,0.20145910526366154,6546.471138251748,102133.35570249258,0.032048644114471114,8003242.79184285,ok
3851,8003205.131821226,0.49585058693240314,2696.839756696042,43932.20007783727,0.03069320170533108,8003163.744497917,ok
3852,8003135.132377744,0.6427284031020299,1382.996761011919,4313.036299646865,0.16032751232874548,8003024.266162618,ok
3853,8003067.423086967,0.21882260892531752,4971.0437255219695,130874.3785722928,0.018991661239392433,8003020.218897747,ok
3854,8003064.191654998,0.6211342027271098,1669.4422548144803,7098.214253093635,0.11759593295503037,8002966.031845263,ok
3855,8002925.745854765,0.5532041467730693,1811.2768729615032,9885.179520644806,0.09161578043062966,8002842.775082619,ok
3856,8002857.608167492,0.5380751123500115,1639.3670230313928,4156.740674907137,0.19719380534461858,8002695.971656677,ok
3857,8002799.980050859,0.1637611285383356,9394.847307663964,233047.10283725001,0.020156541731876663,8002705.296234948,ok
3858,8002714.746080247,0.5088973655097204,2402.3888474704263,16583.786165851197,0.07243185673779817,8002627.741337833,ok
3859,8002604.866353467,0.4056016080014335,4297.273339290807,91496.94812221125,0.02348315122790214,8002554.409593619,ok
3860,8002532.837592048,0.44783844441296816,3408.8197833229733,89516.46558545555,0.019040183060337626,8002500.3853157,ok
3861,8002446.759233923,0.5023248148304766,2620.2845202106982,71693.4262480659,0.018274231385903297,8002422.817391112,ok
3862,8002426.053781766,0.5484548540104673,1438.2146545289386,2442.5339103408087,0.294410376134402,8002214.341123065,ok
3863,8002179.35931843,0.2453311447684724,5996.488204779602,159776.5492373128,0.01876523254946864,8002123.096570608,ok
3864,8002116.115756316,0.3808641390458584,3263.320935038777,62956.37181991188,0.025917320524549762,8002073.827488992,ok
3865,8002082.993623169,0.6237279440261203,1484.1357754177575,8675.11595778234,0.0855398234813425,8002019.517267043,ok
3866,8002072.717299995,0.37178162559188327,3706.784223789041,64196.52542706245,0.028870598518610967,8002019.208760435,ok
3867,8002038.745492966,0.4979701999509293,2088.8948936322663,16525.546103312317,0.06320199285921256,8001972.73433289,ok
3868,8002022.169719418,0.6037890786444837,1274.125236115989,1755.953600934923,0.36280151008477846,8001791.042439567,ok
3869,8001575.399872096,0.26680235046542705,12370.34682155514,908076.259465619,0.006811292935262283,8001533.27084414,ok
3870,8001520.689979405,0.5166408226940272,3215.0737099629278,52816.676008200055,0.030436161009675916,8001471.762728858,ok
3871,8001472.381310644,0.5663654122390754,1712.9096449692165,2897.9231199038854,0.295540905347763,8001219.2638770165,ok
3872,8001096.450962385,0.286888798141027,8010.663397763095,612321.5174464054,0.00654122317240325,8001070.251193863,ok
3873,8001063.628072378,0.5155112466040167,2711.0591464146655,14909.874251978737,0.09091488970991396,8000940.390250732,ok
3874,8000899.513584737,0.5137669177487553,1631.7521049422226,2395.814989640147,0.34054217708757906,8000621.673377594,ok
3875,8000775.228964115,0.22010689105708592,13006.67112328465,475913.98774897074,0.013664938894531136,8000686.361281054,ok
3876,8000712.620207324,0.3445311502101355,4914.474576748279,139709.80229301352,0.017588152356128692,8000669.401943521,ok
3877,8000758.065418942,0.2958396927344729,4375.22743261918,84692.72958027103,0.025830006036541647,8000701.559343444,ok
3878,8000646.798240086,0.439746358610501,2645.7308431369693,25178.449241563296,0.052539590857119435,8000577.295432078,ok
3879,8000509.298866331,0.4916066457223219,1987.2942457754407,17451.869023581552,0.05693643022103082,8000452.724146253,ok
3880,8000410.668174561,0.5047469085530929,2102.2988907982076,21416.745421415468,0.049080727473559876,8000359.076995098,ok
3881,8000420.707719799,0.35334404445157036,3871.5843654897326,114696.05378240267,0.016877583133046437,8000388.036226307,ok
3882,8000332.236801766,0.5037906432957892,2369.5350872973386,33583.099559207745,0.03527868359976416,8000290.439762454,ok
3883,8000199.81472717,0.5559010212431392,1473.8471044124778,2057.539052692112,0.35815774735455846,7999935.87984774,ok
3884,8000014.850008301,0.1968457075973128,9138.912092200164,234449.9625018768,0.019490112079090235,7999925.790797823,ok
3885,7999922.806468565,0.41216332918750487,4133.296018119068,51313.048902603936,0.04027529163161186,7999839.5716173,ok
3886,7999815.292711924,0.4724453108290784,2423.077368201672,13726.073733478514,0.08826549438867128,7999708.3556510005,ok
3887,7999801.820599843,0.19504668615335505,10999.077731617868,681350.8681472858,0.008071522504643104,7999757.430948122,ok
3888,7999741.378210839,0.553417448945926,1498.0919972268048,3878.863258351782,0.19310966866403256,7999596.730186232,ok
3889,7999489.102310186,0.5428650704601026,2388.754262539125,18882.83093562262,0.06325201636034139,7999413.555548338,ok
3890,7999476.1179725705,0.5917498488512252,1752.6508303230676,14516.983747591963,0.06036552980965459,7999423.218124599,ok
3891,7999320.920098301,0.5840204008451103,1891.0590819100523,37486.58457503779,0.02522314453754348,7999297.070870025,ok
3892,7999300.995382624,0.4659533039942274,1672.8452099388278,3910.723317220674,0.21387925893050755,7999122.10193572,ok
3893,7999106.245311475,0.4826918615377368,2540.7799436968876,112102.81992411763,0.011332364098497883,7999091.848789767,ok
3894,7999104.313456068,0.5738091424733169,1334.5062194186298,3225.353056434389,0.20687754116659704,7998966.273773395,ok
3895,7999060.161333845,0.2753887956796514,7108.2539985284375,468548.76975030144,0.007585393941292986,7999033.201880438,ok
3896,7999042.260989437,0.5393923444224847,1752.7937817252064,11716.38189348642,0.07480098368505941,7998976.7056399025,ok
3897,7998912.199604918,0.6452440535552189,1288.8089214662755,4090.0030780097004,0.15755598429689235,7998810.669825822,ok
3898,7998713.729355695,0.6859214481424654,1606.4035466566115,12840.919740843849,0.06255017471789937,7998663.488944439,ok
3899,7998650.513024808,0.6020233502929688,1374.3212623100053,8622.708386920242,0.0796919715152787,7998595.751839363,ok
3900,7998551.9965496715,0.55353778404998,1475.5879623637732,7797.503840644565,0.09461925204013728,7998482.187035013,ok
3901,7998408.860210551,0.33730992844793684,3411.364327713155,79520.95912018426,0.021449466690645534,7998372.274237792,ok
3902,7998362.696064429,0.5415013910853248,1209.1303152906853,1746.134835501742,0.34623051172999725,7998153.377160523,ok
3903,7998031.406068025,0.39484299158490016,5227.981245913781,224633.7620017956,0.01163667740620395,7998000.987902403,ok
3904,7998024.367947634,0.34930966749864467,3150.561001487477,45232.40840814967,0.03482636799989441,7997969.506649213,ok
3905,7997942.810587212,0.44525473446284974,2121.504177733349,17043.91020820726,0.062236427903491535,7997876.79316631,ok
3906,7997818.220838198,0.5930229071570078,1319.9980182812483,4530.607775770638,0.14567560067111768,7997722.0750861,ok
3907,7997797.439326899,0.16463230586391997,6697.560647635133,188829.22177968302,0.0177344390463292,7997738.050586367,ok
3908,7997816.5739762075,0.29037206670095356,3912.790754955907,107636.72127173218,0.01817591017603531,7997781.014709558,ok
3909,7997793.539584106,0.4390987546536756,2389.119222170575,23405.539480947857,0.051037473930377074,7997732.572279097,ok
3910,7997725.830172838,0.5236509899955609,1562.2844521682462,18085.265797409866,0.04319218942283926,7997692.090929843,ok
3911,7997701.814761553,0.5412355977816177,1137.3607556346833,2576.3983539371156,0.22072688291712125,7997576.291714381,ok
3912,7997543.228440015,0.531094140251496,2137.6705617266007,29289.939145977307,0.036491550068996806,7997504.224983848,ok
3913,7997535.789035426,0.525408706041552,1634.9300270015212,5444.224978990978,0.15015268778482185,7997413.044466479,ok
3914,7997420.700434207,0.47610773729857064,3311.467171662025,110302.18434134881,0.015010886644883335,7997395.846405036,ok
3915,7997368.021274474,0.6043908201149176,1182.2823082662196,2251.73718643983,0.262526709463705,7997212.830932451,ok
3916,7997114.272936392,0.45811906985171746,3392.1128711901633,137896.44748664784,0.012299493326391214,7997093.412301581,ok
3917,7997062.9435630385,0.6306283942638127,1570.3090783442249,4729.56531663543,0.16600987334088968,7996932.600157437,ok
3918,7996965.172457589,0.6304520651632683,2127.002382700837,18644.77384962467,0.05704017650886269,7996904.510161917,ok
3919,7996859.606150537,0.583069742615029,1497.9125530912652,2469.750077205606,0.3032518486214758,7996632.483775137,ok
3920,7996701.060624022,0.36050520729298224,5881.208637107342,84030.82333524145,0.034994353284176605,7996598.156077629,ok
3921,7996660.3921383,0.33638012719327187,5107.408725589097,225621.88688364113,0.011318513456593677,7996631.488001105,ok
3922,7996664.9227972645,0.4396073276990215,3400.8938834761684,47458.05895156777,0.03583052023837376,7996603.994898705,ok
3923,7996570.0517101195,0.552053396811179,1437.9102558552327,3372.6241402013975,0.21317380711290398,7996416.789308355,ok
3924,7996366.924429528,0.3756146208898032,2974.5920198581925,41707.83164423713,0.03565987372864539,7996313.887641617,ok
3925,7996332.28044249,0.4961963974174002,2459.113703765522,81476.22949596666,0.015090988617037416,7996313.725214034,ok
3926,7996332.28044249,0.5104909739243078,2348.1976871695388,84755.0132696887,0.013852854224077709,7996316.015822366,ok
3927,7996312.050213015,0.6054814475562832,1703.6158112315115,11867.547044108349,0.07177624006459164,7996250.910644293,ok
3928,7996195.815362492,0.5274660417618686,1925.3118941223465,30087.752585293165,0.0319949436014612,7996165.015239758,ok
3929,7996185.482181367,0.6201997040561554,2213.6085121559418,28703.955166565283,0.03855929434307332,7996142.804590277,ok
3930,7996126.6572847795,0.5867197110184458,1758.5238784931723,15192.368927534353,0.05787523614260242,7996075.769792414,ok
3931,7996049.2601273265,0.3008679825161758,5862.611172460953,477126.01045076695,0.0061436717387532746,7996031.251148039,ok
3932,7996010.302967779,0.5321458427529498,1505.5598427524342,4193.742401875872,0.17950075356070908,7995875.178404626,ok
3933,7995890.093960555,0.5926395560303709,1432.3296199107835,2554.5842755083404,0.28034495351024624,7995689.320770203,ok
3934,7995719.998503089,0.24920845983558132,8329.005949567818,115695.48615256892,0.03599537988277376,7995570.095636489,ok
3935,7995597.411938947,0.4045400411396114,4025.296008346715,40175.939094589696,0.050095854621712906,7995496.586617124,ok
3936,7995460.748965159,0.49372484148126367,2664.3832934682705,17512.18890269017,0.07607225196899789,7995359.4061465375,ok
3937,7995277.293087351,0.542910226795458,1225.226341704548,886.1316630863128,0.6913342524276813,7994853.772618853,ok
3938,7995174.163247371,0.14727225033876273,17646.984261500274,333497.5713257332,0.026457440441543936,7994940.7162298355,ok
3939,7994876.455482973,0.39146382162449767,5608.992207034384,59205.612211466825,0.04736875439274695,7994743.60999585,ok
3940,7994794.88524233,0.4461031504992507,3829.9748191050257,48266.114782703335,0.039675607166101724,7994718.90695414,ok
3941,7994839.02760779,0.30994989376276816,4944.049448265677,87140.6342591183,0.028368220465117493,7994768.90066542,ok
3942,7994781.914866153,0.5164605578288838,2575.9654594072827,15157.705737277218,0.08497214235635385,7994672.472214293,ok
3943,7994746.854572773,0.4071376002089451,3705.112219869631,45541.6673385751,0.04067826713857811,7994671.495800444,ok
3944,7994682.446231112,0.545192868527697,2449.307380877532,12562.389841576925,0.09748572571642454,7994563.059977348,ok
3945,7994498.493055992,0.4551862763926855,4267.100089685783,185947.46673403823,0.011473939829976392,7994474.012831152,ok
3946,7994447.039568799,0.5813930820185871,2166.1734145094097,11626.372248931364,0.09315775239815297,7994346.141645499,ok
3947,7994405.98503885,0.5273604369581048,3034.726910004747,34997.08098392402,0.043356857553330734,7994340.196927676,ok
3948,7994314.584527525,0.546370614770158,3498.5703433123426,64575.63969358537,0.02708893291582734,7994267.19825886,ok
3949,7994242.485946933,0.537428256360237,2560.7758800285087,20228.644661946353,0.0632957848344081,7994161.442787377,ok
3950,7994196.102833991,0.24329126396641734,7123.182027672294,278780.2753981804,0.012775620544707279,7994150.601298663,ok
3951,7994159.142128365,0.4134828350602178,4261.3877000388275,178594.47248598066,0.01193034599761574,7994133.722213519,ok
3952,7994136.780167098,0.6150976849109818,2263.0616212959403,27616.67558834952,0.040972737903519504,7994090.418251763,ok
3953,7994090.737334553,0.618092426818021,1885.27063903539,20488.15820532002,0.04600878761629863,7994047.367826338,ok
3954,7993985.550282357,0.5552152874101458,2139.1660710859624,17245.565341684705,0.06202075805295081,7993919.213931692,ok
3955,7993924.996546941,0.29450440266021555,5701.373337412451,352325.3928718281,0.008091062200967367,7993901.931463788,ok
3956,7993843.851711499,0.5264260251806804,2702.087483317978,53008.68482994577,0.025487214896826767,7993809.41736932,ok
3957,7993757.198016264,0.5997698935658569,1428.9833500620746,5437.0614006685355,0.13141136771844883,7993663.3056880245,ok
3958,7993579.213885272,0.5830987082135735,1858.3585035715407,6826.488071136936,0.13611380289587435,7993452.7397637395,ok
3959,7993381.757473626,0.3722653638037007,2761.2940589534874,37366.57189002919,0.036948720731996086,7993330.744332104,ok
3960,7993343.420096968,0.49049202941916953,1681.7507251289987,7259.897762706082,0.11582468376952298,7993246.025974009,ok
3961,7993148.980464338,0.6200635463378175,1430.7348514381463,3917.508242257832,0.18260776531430487,7993018.3488173485,ok
3962,7993272.532703174,0.11704114185104639,19092.246605365683,534565.96271872,0.01785770881133683,7993102.0608129585,ok
3963,7993087.777470454,0.3402163373578242,3886.40599547045,102538.88238795781,0.018950889189362132,7993050.952045771,ok
3964,7993066.435959335,0.4620925172825924,2409.7911393772292,36669.097385114044,0.03285860999070423,7993026.844765732,ok
3965,7993034.313673281,0.5736304866468044,1664.4463079732527,3799.973303862889,0.21900763174852417,7992852.05045124,ok
3966,7992934.51624525,0.46549153007164007,4037.0212819156245,175182.70484547748,0.011522316901878354,7992911.258325975,ok
3967,7992906.474596682,0.5701692508616318,2299.667973323843,13409.389599733715,0.08574842114250711,7992807.878147749,ok
3968,7992805.564613469,0.36677379383614644,5552.968212737225,155570.530919607,0.017847108253448048,7992756.012401059,ok
3969,7992737.590600941,0.4469006846043165,3124.4756959864453,51803.871231739475,0.03015677807175272,7992690.478540865,ok
3970,7992729.550146486,0.17052707361250063,12564.910679973997,841057.8396250937,0.007469706652740361,7992682.622048037,ok
3971,7992690.635058079,0.3993920458616248,3893.911198194647,150012.74244749165,0.012978601466330826,7992665.366297285,ok
3972,7992595.586101527,0.5429872307677642,2297.3265979000234,20479.04477964807,0.05608969125803882,7992531.157931729,ok
3973,7992592.262434721,0.27056933430926317,8457.095887036636,709952.2994051976,0.005956101483241933,7992567.076774042,ok
3974,7992592.262434721,0.2566236713928595,8762.355447312226,704970.1371892152,0.00621469973341608,7992565.03473069,ok
3975,7992591.439326351,0.3541966751244244,4772.367407173122,201885.57240540048,0.011819486034370677,7992563.23586139,ok
3976,7992576.051269526,0.3725519031507546,4337.061447146907,167358.54723429494,0.012957394524568868,7992547.952761402,ok
3977,7992546.91320782,0.5370861598489864,2462.0681154703652,14853.729852375209,0.08287710022801661,7992444.888674833,ok
3978,7992517.752170881,0.36818511837946716,4848.759180378508,73379.34873486444,0.03303899028797687,7992437.653117147,ok
3979,7992453.400936372,0.4260699940072537,3069.413197760762,39308.99449035285,0.039042123024974,7992393.482732532,ok
3980,7992420.710763733,0.5715034700060072,1879.473249129223,18795.33328341096,0.0499984017518879,7992373.725434436,ok
3981,7992452.017287594,0.4057129032304087,3153.391331328233,42482.80678953082,0.03711373576316212,7992393.50022128,ok
3982,7992349.515657176,0.6174740779371866,1618.1893310512978,2778.822514029558,0.2911645711234664,7992113.9359558895,ok
3983,7992314.295749692,0.3663832053523878,4453.005885399498,60453.1146313301,0.03683024367359649,7992232.293103773,ok
3984,7992320.837876502,0.39491684738950955,4807.911392903547,82061.0008485691,0.029294740151754935,7992250.414619038,ok
3985,7992312.908757745,0.36413764019299305,3853.634708522294,37710.216221485316,0.05109536744483971,7992214.45731703,ok
3986,7992095.75991893,0.48063784567424456,2624.602939876493,15564.221652840679,0.0843152647918461,7991985.112873005,ok
3987,7992023.754912502,0.6141501007647706,1186.8659931521506,2562.2518663994006,0.2316060354402223,7991886.312248865,ok
3988,7991830.290759218,0.19780173496119544,11191.78895431276,835034.5098127055,0.00670139306986428,7991792.790470749,ok
3989,7991784.734032201,0.5733783140476277,2487.4080665047786,36473.12918501905,0.03409918647076839,7991742.324736456,ok
3990,7991671.311474454,0.5971134237476441,2676.4088446437713,88048.87038934592,0.015198428059377022,7991650.972870813,ok
3991,7991649.780303024,0.7652997827252795,1063.6989577888708,5883.3160190379895,0.0903996108951837,7991601.7013170775,ok
3992,7991617.135161931,0.26208220181289804,2824.590186845183,49120.6604398859,0.02875154936385607,7991576.529489836,ok
3993,7991584.643426338,0.41751875853815656,1644.5885963324386,15749.419314077782,0.05221108675614491,7991541.710547397,ok
3994,7991574.969534425,0.35258898804465166,6052.2880011529305,421136.12682033674,0.007185667074977554,7991553.224671116,ok
3995,7991574.969534425,0.33068267149363595,6088.04551518206,397132.23067212244,0.007665010599716885,7991551.637067722,ok
3996,7991548.838716454,0.6295965405235022,1835.5742647354198,66434.81207606803,0.013814852540214025,7991536.159622557,ok
3997,7991540.004464457,0.6421759960416398,1033.2589591923615,804.9735053621939,0.6417968742508188,7991208.433279307,ok
3998,7991001.178326433,0.40515991401049156,3856.2872430817442,71104.78353053519,0.027116932586017245,7990948.892985831,ok
3999,7990951.664139124,0.4279953203593405,3609.79427347365,220794.38306637466,0.008174560927096779,7990936.909897513,ok
final,7990951.664139124,,,,,,noise_plateau
