round,old_loss,beta,direction_gain,interaction,step,expected_loss,status
0,300524382.60936177,0.0004163215495137825,173724689.0612557,57915732.24257889,1.0000458947540147,184712768.91737348,ok
1,184048955.52264822,0.0004892741587178059,143124632.1456094,262241425.7063108,0.27288715305013905,164520518.82386634,ok
2,164330660.40599266,0.0006915481549671695,99391450.9267271,154929247.3733555,0.32076400231651897,148390060.60834122,ok
3,148819113.30953828,0.0005855692385672885,116363705.87577914,456962350.6996326,0.12732307781770247,141411220.72034922,ok
4,141339984.63864696,0.00092708415942828,8940788.185766697,1028870.2982208563,1.00053689937364,133424371.5437448,ok
5,133218776.88469878,0.001191533804201852,6773322.580286978,222830.22650388596,1.0000274756204168,126668110.67464118,ok
6,126654290.76295643,0.0012845935590732416,5991091.480961481,148226.9739648348,1.0000291412288813,120811260.3073499,ok
7,120629279.77648015,0.0014515668723131037,5281717.9522412345,113206.07874313362,1.0000022744200316,115460756.40509388,ok
8,115381121.71407379,0.0015570025839522087,4738231.112789038,100953.00087106827,1.0000001363319182,110743842.98370993,ok
9,110717654.02886963,0.0016404141136372318,4421000.777571185,94148.47943164041,1.000002605573447,106390790.70211005,ok
10,106378091.91396585,0.0017348914290778003,4169238.1361523313,83030.01665969453,1.000001624127674,102291877.29280108,ok
11,102229031.01226184,0.0018214798636557708,3829597.914710803,66870.52055776533,1.0000190957745771,98466233.04288346,ok
12,98379408.05640265,0.0019031107951728145,3647842.4081574725,59631.898525576806,1.0000040418967373,94791183.28462136,ok
13,94763515.11743432,0.0019190473633970018,3534766.5767312683,61509.71545012219,1.0000000355604812,91290258.1348298,ok
14,91286482.82400095,0.0020312728851831566,3331945.9169729985,57140.3489652072,1.000000410940923,88011675.93372285,ok
15,88100445.00955948,0.0021078825943599265,3141338.4045613706,51342.21485850378,1.0000003316935526,85010447.81195469,ok
16,85019930.68911316,0.0022931037000222454,2968586.6866957853,45425.168934432804,1.0000021618377812,82096762.95015286,ok
17,82129339.40225093,0.0023053312277387813,2812230.288562106,44868.52114591473,1.0000000626139791,79361977.4643686,ok
18,79336632.21873006,0.0023716224891681733,2724031.396118746,42151.745213493356,1.0000001337543423,76654752.21474974,ok
19,76670151.29103935,0.00241807438100706,2589781.2135967603,40862.03555574482,1.0000001149231748,74121231.82476443,ok
20,74079542.54534133,0.0025942541770535656,2426241.2026165333,39963.41487880617,1.0000032549297224,71693257.12051564,ok
21,71716056.42631203,0.0026895643813690407,2323027.123630436,34317.17459907467,1.0000008575198427,69427344.54409416,ok
22,69433513.175776,0.00278530055548706,2223378.32259427,36488.51633507505,1.0000000431023501,67246623.27682947,ok
23,67254367.7195588,0.002802954913662252,2133580.918997339,29330.797226643408,1.0000003391052688,65150116.894172035,ok
24,65105620.494405314,0.0029336469963999437,2067175.8727684806,30718.57799739697,1.0000014076005779,63069160.37635531,ok
25,63057702.73702494,0.0029862174383083434,2014275.8698356966,36303.978893756095,1.0000013093953066,61079728.30367221,ok
26,61053116.2388645,0.003177559738128927,1904024.73008407,25673.282036988123,1.0000028904291804,59174759.4357826,ok
27,59189628.65675656,0.0031977282763298496,1855131.2821565743,26410.66424546049,1.0000037172511156,57360901.33920713,ok
28,57348835.63705871,0.0033314139619004066,1765860.4216486113,24299.372217480897,1.0000005519515855,55607273.63978229,ok
29,55625819.8737616,0.003430063825248756,1752435.830991609,27653.44657293635,1.000000704596796,53901036.293551326,ok
30,53909543.5827429,0.0036684569053710716,1672111.6163901484,24752.815468840923,1.0000027224433394,52262180.364368916,ok
31,52256874.3573798,0.003664576115290243,1630433.8754953824,26698.226282398093,1.0000000038685157,50653138.70206602,ok
32,50626092.02169859,0.0038703577533957716,1557768.2392754103,23282.43935310938,1.0000001250651964,49091606.03277735,ok
33,49086594.35868254,0.0040513188349251186,1459566.1444008523,19225.404838449012,1.0000000243377831,47646253.58453334,ok
34,47645293.64039384,0.004073041448099374,1430157.9428826454,21516.500444094916,1.0000008757342564,46236650.98320247,ok
35,46253337.00892235,0.004368194572229008,1344613.3521424474,20973.33634412493,1.000000588791564,44929696.22612488,ok
36,44943326.26009973,0.004647876304638581,1307895.8841688954,21509.014065111784,1.0000009442779694,43656938.195599675,ok
37,43669021.59871878,0.004683056924601368,1273299.5692658701,20995.102518599608,1.0000000523182093,42416717.067551605,ok
38,42405924.55994308,0.004784384072513448,1245568.3631312037,18094.624432721957,1.0000003110236457,41178450.4450991,ok
39,41159965.09110584,0.004839348707501811,1208386.6644255223,18264.50503065294,1.0000000581238544,39969842.863598086,ok
40,39981037.56257561,0.00502906381549939,1163879.7234979197,20353.987958338214,1.000000594293409,38837511.15954246,ok
41,38825932.19751179,0.00535577725710137,1135350.5762996455,20400.32115633198,1.0000003019910388,37710981.611824214,ok
42,37726185.88183204,0.00548308047251112,1060091.34785954,24047.819542090037,1.0000000708337902,36690142.2818311,ok
43,36684542.8133983,0.005670581596399118,1055523.376924375,35832.668436275875,1.0000017792415299,35664850.35438923,ok
44,35666779.74304549,0.005944695433705567,1032824.4068860075,64299.44666154483,1.000000338051186,34698254.47714652,ok
45,34706244.36426841,0.006025830688342324,1014515.5531838341,311656.54290433327,1.000000147101997,34003385.29644225,ok
46,34001699.62985184,0.002976146078885129,1806271.215569112,3842197.186799149,0.23505706861883854,33789411.22132071,ok
47,33778520.65135359,0.006787250572063349,879572.5845643233,112738.58642682158,1.0000000011295844,33011686.652477235,ok
48,33005359.245502107,0.005363576412266753,1128618.2645953654,1453815.6310157233,0.38815728780094505,32786318.543228135,ok
49,32770020.68494944,0.005466721182801661,1078960.8073443575,1393293.7640295469,0.38719788862898996,32561135.01169086,ok
50,32561659.51010213,0.004967337864375351,1159091.0876532681,1985833.1167118973,0.29184000354784795,32392524.936535627,ok
51,32361995.690721422,0.006957601157433461,854985.7095479518,382494.1783020029,1.0000000503952915,31889504.15494003,ok
52,31922015.232083138,0.002309124999286249,2048200.5210073537,3891640.1424225457,0.26315389476535067,31652519.259901386,ok
53,31655189.79121106,0.007880546916455474,729102.22446421,19255.51497207793,1.0000000000576388,30945343.081679124,ok
54,30950692.018204875,0.007548809650431716,762693.5005561926,23547.241469590634,1.0000000003029699,30211545.75890147,ok
55,30204555.26267091,0.007517856760766456,790134.256805873,70350.38206449104,1.0000002884997563,29484771.200568132,ok
56,29491296.05255477,0.006430478839533202,954111.5374271658,1305577.9476338178,0.3653981515069104,29316980.75650112,ok
57,29285226.773338437,0.006193499649437545,944542.8430807905,1415922.6713121973,0.333543230226493,29127703.837854195,ok
58,29138207.57164176,0.004821364719375019,1114824.9614383308,2822812.899936861,0.1974670303978111,29028136.98436747,ok
59,29038211.818099156,0.00867431501547243,680256.0006353969,270857.44116675836,1.0000000001996563,28628813.258602858,ok
60,28654590.757543944,0.002596777609790155,1879173.5971346728,4446184.523389183,0.2113242924634895,28456033.242128666,ok
61,28447709.409811355,0.008777034907350524,615780.4260967376,19410.463540917277,1.000000000540313,27851339.446943797,ok
62,27845973.673444137,0.008395231138282404,656959.1896954454,18757.56438848625,1.0000000321141573,27207772.028244253,ok
63,27205952.604367312,0.008794205027434858,692202.8343235994,54616.227219085864,1.0000000024764704,26568365.99581909,ok
64,26560109.51420068,0.008645150811277853,717758.3607892765,204007.61780180503,1.0000001420473592,26046358.72721502,ok
65,26021595.04548736,0.004632494752012121,1346930.7468064153,4327806.209329995,0.15561356974610688,25916794.694631692,ok
66,25917112.004025243,0.009677881751897334,632570.8894504381,379099.9360298083,0.834306246626087,25653233.081774086,ok
67,25661013.623330005,0.0032610853536220044,1272249.3480524607,2401871.0048693377,0.2648454778531438,25492538.880063355,ok
68,25486507.984577715,0.010521850764795037,544327.6814742496,23104.411443171484,1.0000000001393823,24965284.714477208,ok
69,24970302.331335735,0.009709332007189184,607829.454845354,164233.0582497645,1.0000000002131402,24526705.9346806,ok
70,24537569.86386931,0.0043957963753736415,989662.592759251,1732228.4303607482,0.2856616874003006,24396215.52076703,ok
71,24379961.027990174,0.010866182687791208,499014.74848802417,33596.678761590185,1.0000000264420768,23914542.946845487,ok
72,23914128.365228985,0.009646727347529511,577865.1296767106,303254.9045974341,0.9527712840189956,23638841.71443304,ok
73,23598121.65687126,0.0038733460891924197,1713006.0901892993,6623227.774228588,0.12931807183611577,23487360.334557857,ok
74,23492609.4525226,0.012217289361172052,499691.9031297065,78598.49735998141,1.0000000007892318,23071516.046482567,ok
75,23082816.72455335,0.00626423516100318,801265.6052146318,1640210.0070896018,0.244257016403772,22984959.351515006,ok
76,22996516.817094285,0.011265556341930844,512499.9824445094,520464.9828050325,0.4923481880398601,22870352.598230775,ok
77,22874100.82177668,0.005550921473448829,796993.6959515435,1939214.640728559,0.2054939353314996,22792212.136268944,ok
78,22785736.960388653,0.012812569266545205,425046.0101233112,8130.191737857982,1.0000000000037914,22368821.14200165,ok
79,22366911.562878788,0.012653458428944971,446483.9703350257,17540.760099590625,1.0000000005614298,21937968.352412377,ok
80,21929220.436838053,0.013333420844402201,471017.0167221525,70844.98348268469,1.0000000061454912,21529048.40157471,ok
81,21524463.768943965,0.01080323236363362,606639.693162302,955696.2168002746,0.31738102678347224,21428195.804592237,ok
82,21436655.96660976,0.006012074804922492,807586.1298814532,3192327.261125171,0.12648861846275913,21385580.739680566,ok
83,21381319.71690587,0.014227632795159139,376048.04391744663,14207.080827817335,1.0000000000009677,21019478.7538159,ok
84,21018169.61860703,0.013918108860912081,397013.2714949901,37836.19798475008,1.0000000000028104,20658992.545095887,ok
85,20656719.039589558,0.0107412046548601,590723.5825223395,1559513.4382494816,0.18939355315380077,20600779.42047673,ok
86,20599511.205311023,0.010056836812488954,523607.9117891898,1855140.797613396,0.14112349651918646,20562564.515652623,ok
87,20560192.098875247,0.014048875985817175,398242.1862440548,277460.49820902856,0.7176556461454087,20417291.722129576,ok
88,20448039.145029414,0.003470909116654163,1251376.836887321,3683854.9297774173,0.16984610696422436,20341768.402984153,ok
89,20343690.100544713,0.01606045502975169,326605.98619955056,13455.448795205006,1.000000000161482,20030539.56309197,ok
90,20033365.906405643,0.014693954055333682,372893.63361146406,20095.557879502754,1.0000000013514514,19680567.83022405,ok
91,19677862.262715816,0.015320490814914847,391871.23651431024,75167.76748808258,1.0000000000005793,19361158.79368945,ok
92,19364069.822190296,0.008490831174026948,715510.9318622758,2903752.648427654,0.12320452505651885,19319992.729923874,ok
93,19320856.593755603,0.01618474644907643,389856.6936099767,255333.95569743277,0.7634250848953898,19172043.40404749,ok
94,19142985.79784911,0.006632736555781606,818324.9979436964,3104130.4679665654,0.1318122750297541,19089053.158002775,ok
95,19094885.651980475,0.014717890910741119,415734.6990277129,584533.6305419336,0.35561230124798504,19020965.46546553,ok
96,19020528.24547083,0.010198018430663466,645249.7932066129,1997975.2092513656,0.1614759257819785,18968432.091611493,ok
97,18966205.55783508,0.01759138464729187,307337.69570880744,70121.69937455482,1.0000000022336206,18728989.561127603,ok
98,18733396.66138523,0.008557199264372685,681981.353612405,2238134.269183633,0.15235487946421553,18681445.067922,ok
99,18679163.986820284,0.019179405828564793,315156.09699068277,54893.27172780091,1.0000000001959455,18418901.161517162,ok
100,18426378.05104824,0.010241339417511302,595476.4686669868,2284310.817816478,0.13034050883587495,18387570.69808532,ok
101,18392366.070286155,0.016432675350241403,386392.94875975046,933545.0960084193,0.20694926812419662,18352384.201309063,ok
102,18339513.623411015,0.01148850648374431,430319.4182520696,1832644.739815813,0.11740393784539992,18314253.02629395,ok
103,18313894.22900451,0.019054191664646204,285976.69637688866,49765.43967365461,1.0000000000310763,18077682.97229548,ok
104,18079100.722820967,0.009743088010992435,558197.5103046875,2294841.825247224,0.1216200402492997,18045156.720985807,ok
105,18048634.738482513,0.019641817100511293,346693.5743717223,450408.0947290209,0.38486605639304017,17981919.444109887,ok
106,17986627.922477614,0.007801082175741988,574275.3749506783,2380725.999935755,0.12060929627478664,17951996.44805724,ok
107,17962320.198745176,0.01529515390721192,380258.0403500549,1249134.3033443762,0.1522086293411241,17933380.921186365,ok
108,17924619.35004312,0.01597800002711935,332393.71480498224,599252.8764061219,0.2773401079010545,17878526.2956783,ok
109,17869325.14770244,0.011724009334493937,459745.69256125414,2056694.6325748411,0.11176809752882078,17843632.69700012,ok
110,17839467.168650135,0.019461919217672558,277672.98442027974,200210.42587395216,0.6934528589312732,17743190.606203027,ok
111,17751171.39295076,0.005337208588791757,1111854.5582692625,5510299.4720202135,0.10088875966859465,17695084.57929293,ok
112,17697314.62564405,0.020545075201346696,297640.18466741213,113463.95969152916,1.000000000018282,17513138.400666874,ok
113,17499567.532329336,0.005291729885076804,818323.7901416791,2714243.8124532676,0.15074618322552932,17437887.938326083,ok
114,17440626.99219735,0.020416619896082313,279828.8993065319,61859.24187449902,1.000000000001596,17222657.334765065,ok
115,17219931.657652933,0.011931190304154779,582517.8339969637,2725573.1368536376,0.10686153053838318,17188807.28399952,ok
116,17183674.549209297,0.022080569786998114,275802.60726435465,76297.77088013914,1.0000000000005722,16984169.71282501,ok
117,16975793.489227824,0.011509712998138476,555458.444592338,2067585.2954846162,0.13432540021574915,16938487.400291283,ok
118,16940737.070836857,0.01868092399240129,331107.3499911877,608297.5481718695,0.2721590371244074,16895680.14205765,ok
119,16893526.106523197,0.01300457778638307,396880.1272624986,1559420.259919336,0.12725245960413134,16868274.12034212,ok
120,16872508.0367291,0.022386902347584767,232008.26004086924,30035.69283961147,1.0000000001763416,16670535.469497524,ok
121,16666002.01925217,0.014334862706598301,379043.09247097664,1304229.2605434775,0.1453130611074574,16638462.063222872,ok
122,16641352.14620759,0.01882038573356847,283165.87238058273,972956.470983422,0.14551826357368847,16620749.243181515,ok
123,16619359.957467455,0.016901614768101612,293873.3854343416,968148.2591307022,0.15177085878262578,16597059.249427091,ok
124,16597132.120733902,0.01328814382788168,362153.2929431185,1796981.3375619838,0.10076712689583696,16578885.54732103,ok
125,16576064.168809727,0.02432023296435493,211089.05249599175,41377.52031099028,1.0000000000083538,16406352.636623653,ok
126,16403189.546737343,0.007996978641855267,529961.7922875313,2313019.112172019,0.11456061679271547,16372833.171836827,ok
127,16371656.965866156,0.023383936848109042,236415.74314219836,251995.65834061746,0.46908693724921235,16316207.19743212,ok
128,16315408.02873785,0.007010587255306368,561395.7534097049,2271210.7661388395,0.12358953245983924,16280716.709393429,ok
129,16283286.103153715,0.024800074712778106,215590.73998181007,57712.735934921904,1.0000000000002647,16125408.0991068,ok
130,16129541.137955964,0.008051365744987252,697358.9655912395,3158183.155985475,0.11040508595417997,16091045.149687454,ok
131,16091337.78802015,0.021618857358900158,290371.84845575783,740438.8968775426,0.19608089855912914,16062869.60153941,ok
132,16071343.853823442,0.013843749063767534,367502.50168738747,1672512.1693190825,0.1098654193460984,16051155.945594128,ok
133,16054128.205922045,0.020286056913263264,263796.4258094978,731790.5325555629,0.18024039262182479,16030354.820241975,ok
134,16032169.270381214,0.014279123391764091,319099.12199310074,1461985.213945822,0.1091321303899746,16014757.286886876,ok
135,16012302.237910248,0.024396130460747175,197071.5337941139,20571.963817097407,1.0000000000094815,15835802.667931754,ok
136,15836119.706367156,0.012278558557410595,421384.578432734,2271509.1574572683,0.09275432085522224,15816577.08617146,ok
137,15812526.371666329,0.02611478943754522,202909.25491175454,20947.68160580413,1.0000000000077782,15630564.798359128,ok
138,15628439.290530376,0.01702193739738476,337585.33151643374,1365998.2458905939,0.12356726391560527,15607582.04265361,ok
139,15608560.477391621,0.02143611277957055,243941.39024902333,839651.1237624305,0.14526354062145203,15590842.582365774,ok
140,15583801.695054607,0.02060171586368065,240108.76410176157,1043645.5136720068,0.11503367808143623,15569991.397917502,ok
141,15574483.085719902,0.017125864711949355,273107.3539987138,1224540.7728420177,0.11151419375153314,15559255.41252551,ok
142,15556299.45240523,0.027555985800412592,190163.05320776056,95798.90429872321,0.9925116294377858,15461929.931506181,ok
143,15464390.965311483,0.005617681362726955,1115493.3785568373,6090995.635875692,0.09156905087787547,15413318.63034398,ok
144,15412807.869103137,0.021233276422171262,261640.94729959298,1117909.939500155,0.11702237275776396,15397498.946871344,ok
145,15396891.750804193,0.022695535192058663,230975.44462696515,768986.189822252,0.15018178979284022,15379547.597968055,ok
146,15380196.666343985,0.018590994591690273,249649.7776311265,975878.1245285224,0.12791032576518724,15364230.274151983,ok
147,15362962.587482687,0.021444907511908723,229947.03525896708,816123.2698085874,0.1408776368506798,15346765.390018634,ok
148,15346155.18488717,0.02180389226787116,223485.5506710803,533469.7320269918,0.20946413381497403,15322749.08124143,ok
149,15318007.597685283,0.019054146710322514,243418.1380085045,1040811.3875294998,0.11693671923896262,15303775.338454297,ok
150,15302598.94688531,0.021420464895175104,220733.923908427,637788.1636130757,0.17304642552314495,15283500.338623283,ok
151,15292202.332222056,0.012141496697891076,328929.5646401468,1815325.499542739,0.0905979574249909,15277302.15887551,ok
152,15277061.805982273,0.02933134805867291,164813.58155749142,8446.460733272184,1.0000000000002267,15120694.68515802,ok
153,15119465.49920507,0.02327152024557597,233033.98057563504,464794.81487874064,0.25068478941232464,15090256.462031811,ok
154,15095867.019769927,0.011032776922764309,433378.86969101976,2343990.9334015627,0.09244465571846457,15075835.239567807,ok
155,15079252.190390296,0.026205727995944894,183786.6971703523,99462.49444918551,0.9238994969317166,14994351.971861081,ok
156,14989680.593235694,0.005916668823047097,1030204.4987562697,5723023.933704613,0.09000525864386875,14943318.682052378,ok
157,14945198.060861338,0.02837291522086473,189571.1781493747,157848.1281338861,0.6004859873554574,14888280.642818755,ok
158,14906229.585713618,0.005260423797107389,654143.8733636786,2088299.1785244916,0.15662120640823848,14855003.184408229,ok
159,14851973.760373168,0.028905475686015526,161640.42926060705,18855.2425249266,1.00000000002263,14709188.573634684,ok
160,14710871.01524173,0.014934726438733885,367109.7686861398,2305499.308938913,0.07961610902739741,14696257.08955736,ok
161,14695287.422278814,0.03130521677385619,162950.10486499802,23231.211891620223,1.000000000002897,14555568.529305099,ok
162,14554032.110642511,0.021878277276996205,278761.1751077434,836063.4796197782,0.1667105320965086,14530795.89872748,ok
163,14527194.824552588,0.020006560308157458,280224.05283941026,2018094.874945107,0.06942786890706328,14517467.145150019,ok
164,14521757.323770622,0.02526218628058609,203210.3635686908,676741.4066581321,0.15013885774492453,14506502.437836556,ok
165,14506975.095714701,0.015389221817299775,334843.98292629863,2861093.4396855817,0.058516785624991005,14497178.098931344,ok
166,14495679.211879887,0.03189930374983541,165765.7526589193,122137.70418979057,0.6786018853004425,14439434.735743592,ok
167,14436774.096969519,0.006564639818534941,571746.975734263,2486997.5287879747,0.11494723438927196,14403913.730153976,ok
168,14406035.464887515,0.033697155956499254,159981.5978676025,34145.55576110605,1.0000000000000042,14280199.422781019,ok
169,14272322.508239746,0.017633541489369846,322468.141673192,2029855.32186023,0.07943131172956479,14259515.474497696,ok
170,14261007.770448849,0.029015481979486224,202426.95318289776,279619.97666940547,0.3619679745239143,14224371.733332518,ok
171,14221038.479749192,0.011977538511532554,361840.9008246993,2296106.502802677,0.0787944506021451,14206782.952256257,ok
172,14208773.693879541,0.03085298281334341,170853.78089870198,160239.52099262504,0.5331199813888781,14163230.911633074,ok
173,14164667.234360188,0.012143419979324792,526022.5890561622,3005507.6917627435,0.0875097725582009,14141651.1757958,ok
174,14139883.514080044,0.02225574588620771,254492.88643429172,883704.7441797655,0.1439920336008302,14121561.039952734,ok
175,14119977.287820099,0.022372815378122184,246299.55947136,1458633.1201198995,0.08442820750262212,14109579.972662672,ok
176,14113095.737482166,0.019087588243698737,243179.35524926963,1490432.3500586506,0.08158013855499721,14103176.434734691,ok
177,14102107.686807524,0.02721166326590675,200404.90026701917,1173285.35138933,0.08540330791214276,14093550.066105222,ok
178,14091223.569057409,0.02568304543386953,185025.9082243778,739506.7473580989,0.1251008925107081,14079650.115929171,ok
179,14075383.503356982,0.022111500678250403,228889.52949230498,1725684.8652169926,0.06631846118193885,14067793.70266869,ok
180,14065338.155899445,0.027754894583041784,175223.7318757699,608547.7066190002,0.14396877185626636,14052724.783160333,ok
181,14049690.006045356,0.018711491805686726,279094.1665840619,2504507.412332697,0.05571837504048626,14041914.669322686,ok
182,14050092.266869184,0.019396733137371187,237587.05094353395,1397816.595849242,0.08498505871551346,14039996.592131943,ok
183,14041805.035106469,0.026560507712963144,188649.60275186098,918411.0975950814,0.10270433537108388,14032117.469072144,ok
184,14030768.42464168,0.022616126939603742,203691.85589440182,991256.6931274997,0.1027442524759841,14020304.34090702,ok
185,14018607.811457442,0.026860061591026906,190376.92574386107,932298.2460380526,0.10210087091383988,14008888.986497268,ok
186,14005801.37925818,0.026361550836543363,185764.05687706074,765615.5520548334,0.12131679952065309,13994533.228835031,ok
187,13992949.468537934,0.031392744467854804,168520.57036691363,569938.809734613,0.14784093264800105,13980492.349391226,ok
188,13979854.772678098,0.01934934940753905,226981.48309311256,1173515.2664259165,0.09671006828245715,13968879.075313702,ok
189,13968058.920614611,0.0339207662802618,135547.70971194058,13135.419512928684,1.0000000000309235,13845646.630412221,ok
190,13842887.66160749,0.01792713081093229,265397.8254092006,1560783.6922189067,0.08502069400529635,13831605.507955598,ok
191,13834924.063279603,0.026782033058597336,212575.72550788795,1298362.8817498945,0.0818629862636649,13826223.021430982,ok
192,13822671.577761441,0.02836750966437796,173002.9776248694,460167.06153188855,0.187978445316083,13806411.162376953,ok
193,13812085.389530292,0.01143345457685271,476396.48995137785,4291455.473501773,0.05550523509948531,13798864.139942631,ok
194,13796926.721207218,0.034589520475701394,146813.02869391302,87059.12105262262,0.8431800535016447,13735031.812512783,ok
195,13746900.445723593,0.005191063756025422,707733.0103398393,2687587.5191606632,0.13166696996733807,13700307.915214937,ok
196,13701643.944197344,0.017635045556937474,248779.7818792715,1895375.1353849086,0.06562811161621307,13693480.470550828,ok
197,13693484.900382115,0.03716102462345978,133761.17301135263,34061.93826993957,1.0000000000001292,13593785.665640693,ok
198,13588706.532170193,0.012498233246949063,392298.0328381693,2728709.1774414517,0.07188344512514226,13574606.66511208,ok
199,13574080.55052912,0.03448104391626851,164665.58701169735,139294.28008565443,0.5910708857192186,13525416.033347882,ok
200,13526876.04797819,0.009266099949330036,506379.24065562,2777289.102389469,0.09116430122812053,13503794.193162791,ok
201,13507128.487408021,0.02976909610274506,208572.3656224137,576757.7977285438,0.1808145173275838,13488272.031599078,ok
202,13488043.616675954,0.025231350961303186,213619.21954754362,1219369.8393156666,0.08759410502863953,13478687.724499362,ok
203,13471685.292063203,0.035630236140133664,145164.798723772,196297.6098412515,0.369756918693938,13444847.447723739,ok
204,13436038.128372714,0.0108728430118847,365051.05666809226,2373184.133898863,0.07691165878232048,13421999.787218422,ok
205,13423391.000981223,0.03718995142458969,135067.6031889518,166328.7353007994,0.4060260632195844,13395970.517385567,ok
206,13394178.353118498,0.009809659807317513,384518.98261483083,2218430.0220058723,0.08666466347835357,13377516.24900382,ok
207,13377229.439807786,0.04077097629297518,122633.45888618247,48795.77228354614,1.0000000000000016,13303391.75320515,ok
208,13305498.964171248,0.007796968993492911,838379.999440011,6774564.977227568,0.0618770358139742,13279560.729545714,ok
209,13281295.807168031,0.030894236690659174,177866.0931785112,337489.86546313926,0.2635132360706958,13257860.77226767,ok
210,13258107.3050018,0.021806135727042097,267726.06331417133,1787814.707385524,0.07487522678054548,13248084.280148944,ok
211,13245941.766861947,0.03712102212068722,135700.61859950118,38920.38016127933,1.00000000000013,13149161.528423717,ok
212,13144194.26237845,0.01689709371139016,382083.842721098,2194168.233114741,0.08706803720759125,13127560.617261222,ok
213,13125131.025222301,0.04135100506055766,133752.0885906463,79839.69266780361,0.8376290296304182,13069113.70913369,ok
214,13063171.624847412,0.010469289467495828,529362.9574344202,4066007.8539106217,0.06509615530197357,13045941.87820328,ok
215,13045789.262409559,0.034022744537133,172415.47199528496,304334.2958414602,0.2832665827533007,13021369.491626607,ok
216,13026406.186465878,0.0188042977151829,290774.97914132266,1413716.2303546425,0.10284064542018427,13011454.44320241,ok
217,13011451.436523557,0.039060368700963764,159056.60327790416,390520.825180792,0.2036467622491947,12995255.755387608,ok
218,12992553.760153856,0.033134317723683374,172000.5351678069,542749.9376094979,0.15845283734657858,12978926.773742622,ok
219,12976599.870919973,0.03177184329327511,163314.20286397252,745256.1396492884,0.10956917640479076,12967652.769568468,ok
220,12969917.284719285,0.026257356755603686,164398.31110901665,1034807.5410360615,0.0794342448183259,12963387.856873108,ok
221,12964687.827523207,0.03293128159604426,137196.2806744466,580768.9802552934,0.11811605417883898,12956585.285862567,ok
222,12956953.41424525,0.026647138746933037,160496.09722320372,1015756.3626408495,0.0790032448361595,12950613.558013164,ok
223,12949964.287314031,0.04104652862910175,110918.93029934433,54526.41529581128,1.0,12893571.7723105,ok
224,12896867.417723937,0.005840399657044639,566129.0289413759,2076699.3191577496,0.13630500663210643,12858284.307201695,ok
225,12858947.183704948,0.0309990300456281,162045.43957874848,842222.4978384457,0.09620108700173424,12851152.709989375,ok
226,12853982.576002978,0.03114011141341189,151996.87682403158,821337.2600579947,0.09253012386976031,12846950.431082806,ok
227,12847325.131984398,0.026906993021909888,166064.8770265466,1125262.3914109361,0.07378940160717641,12841198.218032518,ok
228,12840701.687641611,0.03953231984521873,125014.36542821192,268139.85069467255,0.23311411023825063,12826130.381359713,ok
229,12832977.653592065,0.01071850089327447,321818.65458383295,1781444.8426351994,0.0903251806852979,12818443.489530474,ok
230,12819027.507800147,0.04310993269340381,108645.12870452272,90517.45583604761,0.6001335747952825,12786426.713063378,ok
231,12791111.437414054,0.00732419518142718,482720.2340335288,2327185.9726893543,0.10371329143834715,12766079.1852563,ok
232,12764738.439525658,0.04360106900168488,118288.94649777169,93309.65641869893,0.6338515810570866,12727249.621646063,ok
233,12729762.191728314,0.011153529051921943,516925.5703053449,3802494.251047215,0.06797190688230265,12712193.983363375,ok
234,12713751.720548222,0.03825580482416893,127207.36614908093,253086.39331516562,0.25131213986417483,12697767.342851516,ok
235,12696762.970840689,0.013876472627912943,371181.54944415094,3905358.648869344,0.04752208219744596,12687943.310789257,ok
236,12687677.747253135,0.04664663522984864,103684.98265971451,71414.87804710737,0.7259340455032411,12650043.517793084,ok
237,12645805.368953034,0.009029340608398287,420694.1118266942,2495613.650935768,0.08428670673221966,12628075.90833928,ok
238,12626951.785086501,0.045969460990660425,102282.4357620716,38053.59226365602,1.0000000000000009,12562722.941588085,ok
239,12567624.680016134,0.008369178059206886,744286.0034613198,6470188.591703613,0.05751656175955049,12546220.294073708,ok
240,12549081.128520593,0.025144089181446328,212936.4597601957,1596168.058492508,0.0667023934689253,12541979.44275919,ok
241,12542771.46663789,0.04224595203997854,122364.06296990992,92537.73506679221,0.661157650344422,12502320.498458,ok
242,12503662.121351136,0.018307985471970274,358739.8810314279,1749097.3411008038,0.10255000468002913,12485267.733111793,ok
243,12485463.906592768,0.04007527821789342,146298.64651440075,300903.980072086,0.24309855668800517,12467681.411686238,ok
244,12465216.430262603,0.020061924636788263,301883.5451754036,3009083.3530466594,0.05016204434313032,12457644.882372828,ok
245,12458207.2648324,0.03720812353369205,148487.6796155462,498634.4965724604,0.14889431099956832,12447152.77945826,ok
246,12446299.394297944,0.035889480464576275,135262.29163366838,462419.6537918326,0.14625491209610156,12436408.007011546,ok
247,12438725.728337009,0.030392104849881987,165309.894365205,889328.2807823598,0.09294087343077552,12431043.705352481,ok
248,12432179.155451523,0.044401982524246396,101252.03586976694,36198.195287658615,1.0000000000001894,12367125.31486941,ok
249,12366353.279740337,0.011286776510122493,422129.301697241,2052273.559794345,0.10284430642363826,12344646.482113265,ok
250,12341894.666130854,0.04734551952738374,112917.23828576977,94357.34227880876,0.5983489761301239,12308112.709172988,ok
251,12316326.310203848,0.010857782143802874,488490.7406099796,3078534.5967387543,0.07933819245160706,12296948.324009178,ok
252,12295476.933239449,0.024904549331683526,197047.39498290024,896188.3013513453,0.10993637982429375,12284645.594610335,ok
253,12284018.360999634,0.04396157749266688,133651.74546476494,266955.6594895512,0.2503257389641446,12267290.125025978,ok
254,12269079.484129582,0.020637530764261565,229117.25124133372,1189995.092214101,0.09626814965053297,12258051.137214573,ok
255,12257250.395356998,0.04809273963248929,99802.44573130575,72576.94441518084,0.6875630169849791,12222940.16001225,ok
256,12219847.132324193,0.014906382150982042,394815.95454226434,1865674.2768416659,0.10581052637190087,12198959.290339122,ok
257,12197284.714167234,0.04961511666986762,119667.90750815244,137758.45663936026,0.43433960581248626,12171296.458279487,ok
258,12171293.594790239,0.017423592925083622,341108.6336077216,2985499.767303694,0.057127559905286535,12161550.242839921,ok
259,12160868.343103725,0.04167792992217607,132048.14382346306,464703.6474613509,0.14207780006121581,12151487.788215423,ok
260,12151569.06193533,0.031119148485104973,162956.83453496898,1177981.1556013424,0.06916784439212097,12145933.375448456,ok
261,12145783.382857192,0.03978171267606538,125985.75950116981,932545.798577877,0.06754936845637867,12141528.253612792,ok
262,12137477.488643264,0.04509570130649919,104315.59012155331,316025.69732390903,0.1650428920889866,12128869.21530145,ok
263,12128583.002461728,0.02001012002200852,233204.21780199435,2737335.318774667,0.04259694020723505,12123616.109400835,ok
264,12123423.017515041,0.05076805353886736,89206.89765184277,67789.52289676218,0.6579696525353739,12094075.30178917,ok
265,12098759.462116312,0.007356891400272627,499707.63973570714,2575267.6599321496,0.09702052480029841,12074518.513389375,ok
266,12075510.552837433,0.030625898024881013,136275.6013208541,913873.1144052525,0.07455936670680048,12070430.241571397,ok
267,12069124.686823314,0.050376261604865094,89313.31500415607,19896.975690663276,1.000000000000037,11999708.34750982,ok
268,11998760.250334077,0.027219690883097555,264800.6466995555,1985181.303397836,0.06669432314477342,11989929.900384115,ok
269,11988567.667191539,0.04719953799821288,128895.57451889559,211974.30858687853,0.3040358413672269,11968973.229967857,ok
270,11971444.38176579,0.02343081220855408,214855.5079536303,1227952.5391914172,0.08748526555232683,11962046.036181439,ok
271,11960707.356936079,0.04295126284768404,123306.1196692109,326106.15099741635,0.18905825494562323,11949051.337031689,ok
272,11950472.647308892,0.016133966078536982,240223.78945259505,2130877.7889991403,0.05636733150365855,11943702.260321323,ok
273,11943444.017964974,0.05186951277255991,82620.97390049676,18342.545396484857,1.0000000000000073,11879165.589460962,ok
274,11876919.012114307,0.021804656272170687,297706.5633927684,3337691.286170025,0.04459767813553308,11870280.501367792,ok
275,11872039.660003781,0.038497950727133357,161691.50288639788,890800.9625334118,0.09075624616892644,11864702.403084092,ok
276,11865609.32844814,0.050105206018735,105955.1010756859,248934.06713552307,0.21281759924406513,11854334.773328844,ok
277,11851714.21734346,0.020102866039946644,201880.73064795983,1728799.7238410746,0.05838754132821644,11845820.557591422,ok
278,11846109.832784027,0.04304828792598511,107992.0921126864,478089.87107713765,0.11294120482973206,11840011.454286382,ok
279,11842793.67010777,0.025059662413114487,157982.3831476713,1338193.2955651958,0.05902823742699528,11838130.95929691,ok
280,11839469.122560939,0.04684874168846899,97750.5994107419,541749.488562186,0.09021752809603378,11835059.713836567,ok
281,11835810.287550058,0.023924747997021042,169068.27374310914,1718558.877589965,0.04918896755524704,11831652.140634174,ok
282,11831731.140061645,0.05204134797003334,80544.57296958036,19143.970819986887,1.0000000000039972,11770330.537911883,ok
283,11769415.595854018,0.01771841352291045,334915.703086145,3171132.292461524,0.05280695855583083,11760572.656027734,ok
284,11759388.280361604,0.04869285977777589,117168.66303600208,142009.21231871872,0.41253895125139595,11735219.961677404,ok
285,11741277.311619941,0.0254433994008203,244290.23213981712,1536685.2878503993,0.07948609714404954,11731568.473058337,ok
286,11731248.822277293,0.03312028040623423,156998.90845372446,1371832.1247756209,0.05722234726038489,11726756.899247771,ok
287,11726094.782538373,0.04383965104280743,113999.65795892001,684337.430710528,0.08329199371760027,11721347.153141111,ok
288,11723517.140025318,0.02545447497685847,167306.47958239692,1701287.1451349857,0.04917055890912591,11719403.863470227,ok
289,11719295.369539486,0.055029670901443464,90091.4042833753,197096.72222510344,0.22854617587318943,11709000.346575482,ok
290,11708951.061270595,0.019363629628862414,216290.54197078702,2007714.9937632477,0.053864851994100384,11703125.832255105,ok
291,11702963.155765766,0.057261114680542236,73721.57852889871,7246.152290716322,1.000000000060033,11636487.729524028,ok
292,11634751.352722436,0.049035188863527125,117411.73049449259,216416.25086218945,0.27126366441228705,11618826.584592974,ok
293,11617834.62596579,0.02559799529723097,225005.34340706147,2299843.0180844166,0.048917543857943994,11612331.271588597,ok
294,11612522.572180744,0.05528460372088132,99812.8607381802,326142.88051803765,0.15302014347153586,11604885.883045515,ok
295,11605046.637821183,0.040841467469726986,124285.61554542242,526247.9387877706,0.11808655805067704,11597708.407543698,ok
296,11599809.892720245,0.02706452971825866,160189.3463149664,1525384.7059949045,0.052507851194982906,11595604.293540582,ok
297,11595615.96059909,0.04481484640540053,105243.49656462892,587856.8580254304,0.08951456049873636,11590905.547928926,ok
298,11588716.146159468,0.04488458148205314,94273.15670032095,554436.4001362157,0.0850171062696818,11584708.730668684,ok
299,11584693.57651799,0.031187356361163997,115908.1328593968,897217.5500413356,0.06459310389885754,11580950.143483734,ok
300,11581306.224616751,0.054123599444222195,74814.18571507631,76473.93925097836,0.4891482408768369,11563008.61094917,ok
301,11558684.016839243,0.014263294026267073,214691.9662119296,1398742.8229942778,0.07674461762468249,11550445.79041223,ok
302,11552165.817912849,0.03083914210931019,116603.48936788714,832863.8776478603,0.07000152875953385,11548084.606655626,ok
303,11548455.464593824,0.03999639082216461,105213.44549675312,873619.824415526,0.06021695167411271,11545287.648112353,ok
304,11544693.233948123,0.06133835001680362,71771.93756638185,47325.287724890004,0.7582831612520182,11517481.508094613,ok
305,11514949.992928095,0.014001931789587155,423762.95120778156,4167585.9295632895,0.0508403375922937,11504177.867178839,ok
306,11503917.79074749,0.04760808426482066,111073.39791465903,385817.3406236519,0.14394557504221447,11495923.52868013,ok
307,11497646.230116572,0.025651611462243575,189171.33545694686,2769005.2915257877,0.03415871685689502,11494415.305073915,ok
308,11494194.725531887,0.05448216180462154,75582.45806581088,15110.639619915846,1.0000000000000016,11433722.907085992,ok
309,11431512.247994263,0.03323307787872572,202109.77744083322,1398181.3951662653,0.07227595008042545,11424208.409901723,ok
310,11424677.296223314,0.04980868236673772,103047.2161028584,456882.3926523351,0.11277214635547601,11418866.868355377,ok
311,11417238.982765693,0.035394011350926256,111732.43968749698,1010588.4566480923,0.05528088063566934,11414150.648934944,ok
312,11413705.013909906,0.06144375498509471,71160.73637774053,26977.66148483132,1.0000000000000158,11369521.939016996,ok
313,11371081.687013289,0.012088617586676993,356190.6624051204,2342505.8113329685,0.0760277009094025,11357541.50843926,ok
314,11357691.469833525,0.04632278240904819,128894.56228870174,601047.2230599296,0.107224987774255,11350781.11090074,ok
315,11351542.009641882,0.032939731648672914,144368.53227150132,1409667.0273798082,0.05120660747093006,11347845.69826029,ok
316,11347971.374053113,0.04313177688599871,109509.4840852137,840464.760738169,0.06514817110775292,11344404.202749562,ok
317,11344119.441707399,0.056341608788155466,84438.79192294704,250854.84113424417,0.16830209762178736,11337013.828806758,ok
318,11337789.820438901,0.021766688586805954,182467.34204876417,1848453.2639700144,0.049356763734688655,11333286.821693502,ok
319,11333826.915079527,0.06270435403307233,70771.08999961674,46248.08859318709,0.7651244857073098,11306752.568160076,ok
320,11308955.95706886,0.011198305044673387,490459.709117668,3574362.151803144,0.06860800448973081,11292131.226106273,ok
321,11290905.954829438,0.051223390951169796,100445.8654127499,421514.8528155526,0.1191486666979956,11284921.95935981,ok
322,11284262.401864376,0.03388680653001304,122554.59795472087,1260613.2788490988,0.048609117487089085,11281283.766439095,ok
323,11281450.386234516,0.061727173877366426,71064.88103061587,22781.432386593948,1.000000000000002,11233166.937590495,ok
324,11237131.750451997,0.016062381930284322,341531.06292641605,3510485.2302961405,0.048644423850432335,11228824.959560458,ok
325,11229334.909919538,0.04284869475646912,118515.355688972,255298.28150348138,0.2321115422145054,11215580.518927002,ok
326,11216023.526110958,0.04173570873548751,147401.64106750232,1346535.9071430664,0.0547336466430528,11211989.611442562,ok
327,11212056.685867578,0.06294752468535865,78014.37051098022,144846.3817736201,0.26930037725384337,11201552.036162665,ok
328,11204142.42647827,0.018594239085482987,253129.6199896047,2746313.37042816,0.046085348947294554,11198309.643045213,ok
329,11198317.663006192,0.05947129912970478,80639.34003103338,214335.98708023038,0.18811432725212032,11190732.955406195,ok
330,11190923.978371972,0.04073777483916137,94087.60236296558,254009.91558137123,0.18520458571001125,11182211.25066393,ok
331,11180865.116984006,0.05838435176267024,93185.26779916187,497296.9880320458,0.0936917677381519,11176499.770750377,ok
332,11175614.689195111,0.04061217660423947,84065.18631002057,190539.1302811887,0.22059822091651493,11166342.373924607,ok
333,11167802.855913602,0.030684462332448488,180851.55433315382,2713435.5070003425,0.03332519860276358,11164789.398930715,ok
334,11165046.617553368,0.06716502172233527,60015.425966984745,10430.649361560912,1.0000000000000002,11115461.840947943,ok
335,11115447.612039428,0.033987859868638656,179789.57120872586,2210610.073665398,0.040665147904310854,11111792.027287,ok
336,11111277.550471261,0.055333749980101446,91162.17506893592,155453.69590042366,0.29321327659951596,11097912.57044431,ok
337,11099763.435432225,0.023250867834209682,274005.3029030944,2593294.084414906,0.05282958545847201,11092525.642149327,ok
338,11092204.745312624,0.06103368063756479,79149.52670862866,136612.55494434515,0.28968613734247756,11080740.484980268,ok
339,11080418.482483378,0.028161512801386995,168583.59493220825,1079735.3595552589,0.07806708997732904,11073838.067146242,ok
340,11073232.535492651,0.06315771998212778,78927.80250538664,145481.31809691963,0.271264391668506,11062527.384326473,ok
341,11060686.110139113,0.03024107115093304,151029.21547158703,957167.6764783947,0.07889381306066079,11054728.474793056,ok
342,11052888.92859497,0.06404922662245494,76336.30342381026,228337.8283489701,0.16715649784306658,11046508.874025663,ok
343,11045407.42196789,0.03827219947969344,101759.83776381932,589989.9883948335,0.08623861401502252,11041019.608282316,ok
344,11041194.219323983,0.07083267152279554,61470.96332638262,54703.62211204351,0.5618545989557904,11023925.347600397,ok
345,11021274.25718183,0.020438691842518796,238083.299750188,1414594.292609753,0.08415250259173374,11011256.604432194,ok
346,11011750.713975977,0.06658118706396639,85725.45704658597,228960.72784005853,0.18720559166476325,11003726.57152241,ok
347,11001866.185973845,0.0338909249394596,174612.8272630568,1690188.9978743969,0.051654823064950756,10997356.388625273,ok
348,10996757.19778101,0.06693891352551473,56514.352836704835,19906.085552322336,1.0000000000000109,10960148.930496627,ok
349,10958723.713085407,0.021809861468765172,343389.7270798031,3849191.2922821715,0.04460543800048563,10951065.188494775,ok
350,10950829.781501673,0.05010501134953065,106664.35349882624,617659.2134643606,0.08634563459400324,10946224.780855967,ok
351,10946774.034992304,0.060711880009904594,87005.22691928588,324354.22107405635,0.13412069470096538,10940939.434253788,ok
352,10943954.043525312,0.029134302490125538,153961.81287024549,1503253.083863057,0.051209544993779325,10940011.88633356,ok
353,10940104.075090751,0.07341921761283561,58974.01607243632,37246.53128833904,0.7916712514233455,10916760.058537988,ok
354,10916899.772062723,0.01695066103545346,331328.6108390516,2088784.8588108174,0.07931133008779155,10903760.715651829,ok
355,10905614.549277075,0.043429226207643605,123362.87203853845,858483.152287054,0.07184932616900627,10901182.779661953,ok
356,10900338.197412148,0.05649055798950672,81464.4577976066,327847.9698758828,0.12424121129749187,10895277.575954914,ok
357,10894327.431677435,0.03220219314983681,139963.64032846002,2106569.5998924444,0.03322074911163775,10892002.583187383,ok
358,10892466.283357913,0.06951653957571048,57501.340849045184,22324.805405397536,1.0000000000000553,10857289.747914266,ok
359,10857226.275872627,0.023340913294919698,301238.19260645204,2981564.6279828735,0.05051679741891921,10849617.481497256,ok
360,10848614.415680684,0.05571799933153732,109129.31997843474,402615.1695443102,0.135525593958556,10841219.5077265,ok
361,10842698.003879927,0.04823164699938534,104823.4374849935,513395.5763220383,0.10208837231900958,10837347.376823064,ok
362,10836937.789553339,0.05016648746806208,99943.46119020157,761103.9212170468,0.06565690860611158,10833656.800204767,ok
363,10833550.373850552,0.06617840877204868,75679.15722664264,149970.08038894134,0.25231418503734815,10824002.911410576,ok
364,10821752.696028067,0.030130906371756288,183834.68410960326,1761894.1097692514,0.05216961765474072,10816957.403437229,ok
365,10817247.13689724,0.07257808833510776,60949.24552521802,41920.59925321322,0.7269605708289851,10795093.287737936,ok
366,10791368.775506455,0.021239294168885318,280463.2537987971,2195714.7632717486,0.06386604910851211,10782412.735536333,ok
367,10783663.74448926,0.057343970924559846,93875.84805356273,349471.94840068027,0.13431099188815465,10777359.465356052,ok
368,10776868.79493647,0.05645649663475113,97599.86046266623,894486.2776769089,0.05455637660319681,10774206.447564559,ok
369,10773900.438941669,0.06842970479062714,65268.451571188416,82913.294865606,0.39359460793942586,10761055.783638181,ok
370,10758706.637330303,0.024613885500014598,218114.3464833926,2766275.1748258728,0.039423833982301155,10754407.185437843,ok
371,10754900.412616009,0.04604090983935795,105495.72174589535,1379017.2894871263,0.03825032599305935,10752882.789742181,ok
372,10751703.847960318,0.07558166640371917,62156.714744555065,45187.8839135385,0.6877586352957393,10730329.439306727,ok
373,10732332.114867587,0.026724954144003374,242589.661651919,1377208.007584984,0.0880729927200011,10721649.316115277,ok
374,10721255.082732871,0.05545950192405663,98791.97120777512,366699.1865109624,0.1347043773777526,10714601.22724714,ok
375,10714063.139817141,0.06060569237345453,84863.11417948008,498204.2091957102,0.08516900561366313,10710449.28629317,ok
376,10711881.879813498,0.04437127681296994,95800.61177445916,853269.5332437776,0.056137368112901494,10709192.882709185,ok
377,10709122.561037697,0.07503704928633645,54200.05870149576,31656.729522624573,0.8560590357693112,10685923.336042374,ok
378,10680719.092382494,0.02367226937950234,285370.7231061188,2431997.4250923824,0.058670029861417027,10672347.73795939,ok
379,10672938.090849582,0.04599479203905852,101122.72061452456,1047840.5840980327,0.048252912775644044,10670498.357940858,ok
380,10671611.151248092,0.05363599874744485,84124.13937065739,800789.7576216555,0.05252573385835127,10669401.810170269,ok
381,10669806.35994225,0.06256650893414682,69646.29670105287,235960.72731736465,0.14758027213439492,10664667.150232103,ok
382,10667602.490136048,0.023951281316256734,186312.6646998882,2336619.640810139,0.03986799165894432,10663888.534254942,ok
383,10663621.819959972,0.06243611227494021,78361.28887730741,569936.7735774535,0.06874559820507725,10660928.323119977,ok
384,10661495.058789026,0.061316335087721725,72133.76490566495,540554.7117479335,0.06672198330527336,10659088.604860134,ok
385,10658490.158872439,0.03760356174692332,120517.51343514562,2144609.3405265263,0.028097777799838637,10656797.021715695,ok
386,10656890.806598477,0.07432098486513826,49315.49250325283,6425.570290583309,1.0000000000000002,10614000.884385807,ok
387,10613558.211844943,0.047175890113059345,110961.06680615827,655100.1895936849,0.08469015012419707,10608859.557142066,ok
388,10608111.700075097,0.0728359302504164,72181.77885904667,240643.83112136828,0.1499763748829321,10602698.919312157,ok
389,10600555.52562486,0.04415467084893658,92586.87996356977,714870.8573711993,0.06475776639156916,10597557.665853059,ok
390,10597612.474881826,0.0745430639151487,58078.28357953999,101482.18480743557,0.28615014393779886,10589302.920278853,ok
391,10589176.198403504,0.027224039178327167,160321.68135640136,1165564.8225860645,0.06877424500539236,10583663.197106864,ok
392,10583225.563735131,0.06662782873074011,67588.30816837522,528224.2164931534,0.06397691175263572,10581063.518121533,ok
393,10580844.158735305,0.04452285458196619,74965.95178064302,667407.2177710389,0.05616207750270457,10578739.03693832,ok
394,10577962.591155592,0.07174455180894986,56965.87087662513,305078.53078182245,0.09336263474627192,10575303.349257763,ok
395,10574648.311055545,0.04807562646644611,68904.51331579644,565411.7320689876,0.060933041717808924,10572549.030263336,ok
396,10573275.20813512,0.06290576906190365,64836.725219298314,482393.5242942997,0.06720314634628323,10571096.592168357,ok
397,10570600.33491776,0.07982116130334051,42819.298206695166,5396.223242823233,1.0000000000000902,10533177.259953886,ok
398,10534033.064447107,0.052438920156109015,105474.46680325008,611278.0153343045,0.08627372828512954,10529483.226702105,ok
399,10529336.299112255,0.04091297671637887,100519.52437334027,1205219.337102684,0.04170175555554336,10527240.378795266,ok
400,10527273.143278282,0.07575701369130959,62108.51850844416,81645.26740902873,0.3803559010793068,10515461.472517291,ok
401,10519345.94100133,0.027569114556204283,203962.26567359612,1517480.6269535709,0.06720424038726018,10512492.376435202,ok
402,10512435.346619949,0.07429402283176788,63527.48999213007,105091.99741994133,0.3022470385555525,10502834.848761454,ok
403,10502171.402409784,0.03940227737702134,147144.37263613887,1094085.4822877648,0.06724537297051766,10497224.01330057,ok
404,10497744.167439112,0.066074935952462,78106.80089467495,596587.0704186143,0.06546135909371018,10495187.678768598,ok
405,10495597.150087215,0.05209807424769879,82993.29600225677,1097299.2034413524,0.03781707657399778,10494027.868172191,ok
406,10495018.825355437,0.06110967515858051,71244.98049109554,474463.3419187005,0.07507954165962036,10492344.305115025,ok
407,10492705.680463674,0.05619019322840998,68378.94278760487,650636.7564345644,0.052547709694665753,10490909.102046257,ok
408,10490449.256950228,0.06798725056832161,54821.11796958331,329503.6474480833,0.08318742204245393,10488169.04321154,ok
409,10487173.84521881,0.06932445492682593,57646.137878885966,437949.7477517105,0.0658136443448389,10485276.894010702,ok
410,10486384.310089476,0.03745749297543012,82706.66699837646,900293.2065238866,0.045933183988866456,10484484.819813306,ok
411,10484315.784834377,0.07274113628935173,57158.895532191294,324408.51098283293,0.08809709609501588,10481798.018478185,ok
412,10480696.407140445,0.046918263652160196,69071.6171434235,702393.7672505575,0.04916872868462136,10478998.32533888,ok
413,10479422.68277961,0.07245343976460593,52173.05792926985,166812.82063712986,0.15638203865266026,10475343.21819875,ok
414,10473038.96370413,0.042186225067190324,76358.27855090375,769908.8674621278,0.04958916683386547,10471145.691997027,ok
415,10471357.658111542,0.08212773886783946,47012.38319659073,74080.5486040994,0.31730585209238854,10463899.005956998,ok
416,10462788.694596011,0.018163909282634224,169834.65684063634,1325581.3153772755,0.06406044460286447,10457348.852782918,ok
417,10456733.891859204,0.07225021858520254,58107.38554916619,195510.7878054842,0.1486040391975144,10452416.395759296,ok
418,10452129.80687796,0.05522435882036316,85359.62132370056,730110.2822765822,0.05845666291504467,10449634.887572823,ok
419,10449620.829495493,0.07190067388100921,52079.58238409209,104685.49938508029,0.2487430574912768,10443143.61221795,ok
420,10445361.464467755,0.01868385629685513,211234.1761052947,1624860.4490545886,0.06500071320838646,10438496.27841734,ok
421,10438451.32308055,0.07925375343526679,46327.253958465866,17089.727097214658,1.0000000000021152,10409213.796219274,ok
422,10405705.574554108,0.030277747387672926,161530.51387548313,1004111.4694237923,0.08043455273356112,10399209.25723591,ok
423,10397853.532871809,0.07530679903294694,73233.93104397837,145004.0004101018,0.2525238298145479,10388606.87650201,ok
424,10392203.994317673,0.03963671163367958,125175.49746860977,1677307.3465736618,0.03731441876896128,10389868.568851596,ok
425,10389055.882919785,0.07454149600735914,62405.55854693728,115388.94157964367,0.2704139482199157,10380618.216181012,ok
426,10379578.838366821,0.03497232976900203,157593.07695791766,3024270.047967188,0.0260547296468856,10377525.815859642,ok
427,10378039.88925857,0.07128997498307107,70824.72984397723,284499.4405294433,0.12447252921161274,10373632.022631366,ok
428,10373300.11004603,0.03478890427021147,95930.32556231003,857924.3707596461,0.05590838122325915,10370618.455439825,ok
429,10370793.861603715,0.07116125733372099,58358.67472523439,335533.43714332086,0.08696402245643685,10368256.309054047,ok
430,10370258.467969254,0.026335479788205978,111074.65852260742,1097020.1008083145,0.05062562593008303,10367446.855912916,ok
431,10366607.773908049,0.08106411658039994,40633.944055000844,4869.5186878438435,1.000000000001608,10330843.348540843,ok
432,10331686.399558831,0.04814494415213448,108375.20414585415,795341.1863352347,0.06813126618352582,10327994.529618153,ok
433,10327607.712388556,0.08539721971663104,53569.91867998496,63366.753484062356,0.4226973589033448,10316285.780817207,ok
434,10314212.148748007,0.045520213427987934,115399.29669922823,822207.286052468,0.07017652279224888,10310162.988060495,ok
435,10310472.703211572,0.07848997675478128,58089.27820561813,77473.74077882024,0.3748965625104976,10299583.967852572,ok
436,10300573.095408387,0.0428620112013867,164589.46441887852,2053315.7672644523,0.04007894622027723,10297274.809261953,ok
437,10297409.276579335,0.07619106339276052,61851.29340020099,171596.52385915548,0.18022303718392294,10291835.762604166,ok
438,10290671.073353618,0.07187331385964345,53707.37614018788,86268.83955898053,0.3112791154647969,10282312.081084192,ok
439,10280941.90269731,0.054987532336034865,97912.14495287015,1053548.3071537947,0.046467800426438895,10278667.021691812,ok
440,10279189.06384961,0.09104676463813113,50350.102866481626,109789.68620173771,0.2293025174239213,10273416.36117969,ok
441,10271591.04754771,0.04924318672798779,71875.33750087747,808427.6357984061,0.044453785545006216,10269993.48212809,ok
442,10270167.421090528,0.07922696221254126,42908.54987040913,9928.32023172229,1.0000000000000364,10237187.19145184,ok
443,10237715.741147187,0.031498750783521406,227161.809207721,3473955.504103166,0.032694979676540926,10234002.21577952,ok
444,10233365.181459285,0.06987268308547244,80642.5965087657,354528.3350462066,0.11373223031419384,10228779.350279652,ok
445,10230798.652628113,0.030130238944751597,140371.67882912338,1969978.8262424031,0.03562771258229017,10228298.091714103,ok
446,10228250.252421755,0.08582686037904654,55166.66701238097,114995.96830786603,0.2398634831470323,10221634.017970154,ok
447,10220668.109841922,0.02951559732877218,175091.15927300235,2518895.4233402577,0.03475554357092313,10217625.415634425,ok
448,10217781.806505509,0.0795213711919983,57744.39475948246,273402.90683473967,0.10560311049360288,10214732.812655423,ok
449,10215143.878171917,0.033747531582948354,112408.85625581964,1722797.6705954152,0.032623928559460516,10213310.268923946,ok
450,10212827.942629892,0.09241333586810901,41061.69471907728,26834.598559880265,0.7650886713928262,10197120.023901014,ok
451,10196077.56082781,0.01610231759368527,356709.38400191505,4941702.524238386,0.03609174998417079,10189640.427875608,ok
452,10188939.411109317,0.06411910053482699,80841.44392863262,557892.0017195863,0.07245259268770268,10186010.825004695,ok
453,10186657.668530736,0.06851368247515341,66672.81230053538,432287.3575507255,0.07711631063916999,10184086.887878459,ok
454,10184063.09618506,0.06416365021363965,69097.56608969223,751982.0270035854,0.04594362870946834,10182475.799724484,ok
455,10182565.004954115,0.08009879024120373,49633.009089717845,116391.74547196784,0.2132153310720459,10177273.74572153,ok
456,10176105.385851638,0.0460326759475221,83968.52190563365,899476.101925088,0.04667634955832706,10174145.713811457,ok
457,10174220.497536056,0.08875924625015624,39634.42035174793,6871.531410853443,1.0000000000000004,10141457.608595163,ok
458,10139949.396774158,0.057404929031740236,107749.12387240984,743843.5456014274,0.07242727621256048,10136047.408995975,ok
459,10135585.654852856,0.09301698057495841,48074.312254562166,58532.556172673554,0.41066301728512317,10125714.483790673,ok
460,10127992.243568417,0.045689871368008145,129156.79070872457,734685.012973264,0.08789943202055268,10122315.839295968,ok
461,10122817.592075929,0.0379719838680415,110230.51792557965,1601440.0300322664,0.034416061750173275,10120920.741920087,ok
462,10120671.44052861,0.07677970153475887,59049.027636150655,218891.7868428021,0.13488177991474143,10116689.121553712,ok
463,10116474.282851616,0.04428524394523031,104530.4777943202,2255859.927068864,0.023168654343299844,10115263.367597437,ok
464,10114586.10273131,0.10365393266309461,37718.043376909074,28557.45207980544,0.6603888062475574,10102131.815911476,ok
465,10102779.370733298,0.01963133565773417,278890.32584046444,2960163.7444728357,0.04710724640844673,10096210.49308315,ok
466,10096907.518492669,0.045416145860353786,123029.08186755743,1939048.1586501847,0.031724091358618124,10094956.025576202,ok
467,10094686.958652692,0.07714970739390278,64114.7063731447,395385.89648458175,0.08107864613178593,10092087.791857755,ok
468,10092136.003288908,0.03915292831964667,112041.90204415417,2273926.4166856995,0.024636219805093305,10090755.858825836,ok
469,10091044.392643899,0.08863884528204383,42875.51067506054,15980.478718072794,1.0000000000000002,10064149.360686911,ok
470,10063942.69715192,0.036283493621488166,187755.44935555776,2536978.1964230845,0.03700375699331519,10060468.868640857,ok
471,10060535.689425185,0.060123863716415496,100985.6569310532,494026.92673399614,0.10220663233750002,10055374.98747053,ok
472,10055405.578221424,0.03684052687763822,141080.3226055696,3246197.541678751,0.021730088941631507,10053872.734242357,ok
473,10054010.699691528,0.08448727224572594,54988.76311310725,91714.72015588738,0.2997815564374123,10045768.39119522,ok
474,10045451.339960188,0.034500627240969965,125111.87408940576,1294192.9356247971,0.04833586656420959,10042427.644534396,ok
475,10042950.042418538,0.10007525929323849,43129.95156950258,55275.16147859815,0.3901386302254581,10034536.71230503,ok
476,10035148.065281212,0.02802338454928535,221360.01748565334,4211757.748944886,0.02627881643253433,10032239.52564871,ok
477,10032045.757011805,0.05746539300087027,91719.34712297106,748299.7456981699,0.06128516523642283,10029235.239339901,ok
478,10029117.681279223,0.0926831146431069,45486.880141843656,75016.22463720187,0.303180281078061,10022222.31872584,ok
479,10023903.646328427,0.041319882018950406,119337.5114469703,1000452.0445067673,0.05964179497769174,10020344.894632993,ok
480,10020729.478585519,0.07805735346612845,55952.6293591968,167166.83132856173,0.16735565576769076,10016047.48409635,ok
481,10016213.722151263,0.08255007978068482,56312.72183180615,197754.9035133443,0.14238008977614613,10012204.816956287,ok
482,10012419.978927221,0.059419527906669226,60359.590145425514,203528.98890369685,0.14828253820389603,10007944.842311366,ok
483,10007939.477543036,0.07785685569438827,59150.13703394678,920860.7846129353,0.03211676402248431,10006989.622046528,ok
484,10006954.331688184,0.0975710488652389,36730.077564322084,34618.02492891097,0.5305051001573352,9997211.584949661,ok
485,10000361.64589443,0.019188859970042556,339300.2487733647,4279861.164935997,0.03963916534877116,9993636.856562426,ok
486,9992411.16090522,0.05774789291369816,83173.988481848,859252.3108789317,0.04839904846852788,9990398.389955292,ok
487,9989857.523169074,0.09973666293413332,41243.734603659934,54214.23547396423,0.38037735147502694,9982013.431902336,ok
488,9981731.589616915,0.028779026886659995,147680.48812036574,1469862.1495272638,0.05023616948292146,9978022.138601648,ok
489,9978523.159447841,0.0888348030075425,48415.285823842045,149151.02789965487,0.16230289025032618,9974594.189037088,ok
490,9973664.043311661,0.061270125811209865,58080.75638363779,381265.90482389234,0.07616830622510742,9971452.086892653,ok
491,9971160.806728333,0.09621523976482911,36957.64529821809,12304.429594273799,1.000000000000028,9946507.59102439,ok
492,9947813.551495155,0.020340569682444843,319106.97888082627,5656014.449369272,0.02820952649054948,9943312.623108126,ok
493,9942332.829757927,0.05421225927261217,98389.21405336936,891173.1206014047,0.05520207677884841,9939617.185283734,ok
494,9939793.819723576,0.055860507324901984,83614.22705621003,784588.4034008118,0.05328540843439868,9937566.110603768,ok
495,9938912.009759024,0.061517741678479045,81447.73921808702,937721.4236393226,0.04342853707126905,9937143.431678023,ok
496,9937033.536200685,0.09113512621518895,44190.896553651786,45780.87979477862,0.4826348548973476,9926369.502727708,ok
497,9927317.072272105,0.057044026705244874,98750.47318767087,446188.4012925128,0.1106600629931345,9921853.205480332,ok
498,9922770.450154925,0.07106070311919548,67405.04357632862,381503.0522942042,0.08834142108560089,9919793.12148599,ok
499,9918924.138118418,0.0724076593393052,63085.29989735308,958845.4537581189,0.03289649007047759,9917886.495647585,ok
500,9917366.558817156,0.0910970648293196,50163.313969554896,367909.4703290575,0.06817344756671924,9915656.655789819,ok
501,9915217.177384498,0.052240059342035725,62531.98966654955,884668.5300678153,0.03534204481183256,9914112.173194014,ok
502,9914540.696783356,0.07497813996399944,49101.25336265776,676370.2182650384,0.036297616332522514,9913649.567555355,ok
503,9914220.852868453,0.05963643547805595,54852.318303639404,743760.7727537788,0.03687497399234189,9913209.51396302,ok
504,9912965.728886966,0.10696495468362015,32932.26681098608,11159.2915740196,1.0,9891192.75365,ok
505,9890821.32513757,0.041046549195348454,155294.16416308153,3020585.7529759337,0.02570596845497318,9888825.33169496,ok
506,9888789.19513699,0.06646284851398837,83143.54440157143,278708.3768211131,0.14915867500985894,9882588.40467771,ok
507,9883087.583068054,0.0561190401353041,73564.51370550654,677250.3086263527,0.05431117030770745,9881089.895651823,ok
508,9881371.675269898,0.09527367980707216,40571.488861245845,25351.5814557153,0.8001766858631091,9865139.495521137,ok
509,9868450.786780648,0.028095231710711915,238048.36332698786,2022465.1186035762,0.0588510430012632,9861446.08954738,ok
510,9861903.191305155,0.057399183737293594,102148.02694097077,551300.7344033483,0.09264274520831327,9857171.554488443,ok
511,9857760.01226303,0.0748779084781136,66821.34590764414,472537.30842280894,0.07070483612254258,9855397.716107087,ok
512,9854316.699142944,0.09651679427047141,44950.91017008004,83953.44930877276,0.2677133014794597,9848299.720859876,ok
513,9846861.450921874,0.05929020698153421,63698.92481607372,453031.75931261835,0.07030293517691079,9844622.340230782,ok
514,9844709.23540333,0.1025760705985534,39396.21861004234,42828.64339235123,0.45992839709088373,9835649.51556495,ok
515,9833411.884008987,0.05118981485452398,100957.66701392495,631606.3801255636,0.0799213483197039,9829377.547573505,ok
516,9829939.136083378,0.0933252263297554,49573.05335623034,294671.1760313945,0.08411588473612497,9827854.195462313,ok
517,9828038.30276893,0.10986554946258874,36680.37326434057,31151.690673385456,0.5887380824514696,9817240.736459304,ok
518,9818578.817439785,0.03586673867443331,176008.65691950975,1898463.9265911758,0.04635554419923731,9814499.328902146,ok
519,9814428.796886405,0.07873235090658881,54437.32801363591,158957.27043186876,0.17123258302604186,9809768.074742,ok
520,9808777.514141537,0.08999475060094318,44144.554817021904,117050.85826519434,0.18856997492921634,9804615.345343985,ok
521,9804521.620416358,0.08213908775190612,51262.54511144116,140938.98206180756,0.1818607753565313,9799860.297316,ok
522,9800216.168567322,0.09516182841710898,44169.81295711596,131767.43997660166,0.16760518746117906,9796514.623676922,ok
523,9798617.483809138,0.043714514413944416,98938.42845607438,1225117.4194099833,0.04037916157608923,9796619.958414782,ok
524,9796294.75115173,0.0913270083211118,46595.570773620195,286716.9525866538,0.08125709057879603,9794401.640894268,ok
525,9794012.21483037,0.0946123398724229,44094.19404218605,176474.5393368123,0.12493075263970407,9791257.854406005,ok
526,9791644.065616973,0.061024582567924875,75491.88769056596,945074.0822952911,0.03993966669111253,9790136.505200852,ok
527,9790256.009689597,0.11427489856373477,27379.119738186637,7571.736816338819,1.0,9770448.62676775,ok
528,9771904.18597592,0.03325137239320193,160856.20836320246,2056761.1906671177,0.03910425019032671,9768759.105267668,ok
529,9769684.288206533,0.07403433768692406,76780.11556126582,513734.48366680124,0.07472743022158504,9766815.497842528,ok
530,9766722.830826078,0.0903391694202506,50869.89972009251,272187.6204917,0.09344638751056593,9764346.026645143,ok
531,9764607.745701358,0.07964257338108144,56015.26148422431,554834.5643787503,0.05047924650021106,9763193.94160524,ok
532,9763271.285732977,0.09855311558538202,40059.602249977186,205976.36145776,0.09724320297354191,9761323.52371666,ok
533,9760330.406286439,0.1034840136716119,39877.37940565306,143279.4246721681,0.13915947630615802,9757555.748669162,ok
534,9756819.924282659,0.06278879557481289,59817.17433799224,636078.7153146291,0.04702026093453257,9755413.61470979,ok
535,9755248.979550993,0.09370246006881458,43550.623125392696,238951.46201304125,0.09112859732788711,9753264.625951907,ok
536,9751876.195287988,0.10677316769618693,30154.935458620374,7748.709098359403,1.0000000000000002,9729469.968927726,ok
537,9730407.461524896,0.045575711728317383,138562.84393088406,1299199.993738974,0.05332621790280085,9726712.945320552,ok
538,9726880.214707412,0.06797729270144483,84372.77258691969,713932.4716003379,0.05909016324596585,9724387.414254574,ok
539,9724777.18813464,0.0700870750088697,71688.44071155819,876354.6464786854,0.04090150089328121,9723311.10572374,ok
540,9722972.284563487,0.09410325243884098,46621.08040779714,186805.46763261268,0.12478510666370342,9720063.476317754,ok
541,9719584.171170987,0.07002280053400879,68173.51538718701,844166.1957798772,0.040379202417721416,9718207.775082313,ok
542,9718356.15510999,0.10290292086714085,40770.67214632599,159424.3458958701,0.12786840026602914,9715749.514797429,ok
543,9715704.077424325,0.08591253622379041,49549.2505978674,488078.91433408466,0.05075946649474749,9714446.530661544,ok
544,9714414.608651906,0.11318936493934377,33398.63442464439,35506.085787989214,0.4703226740349718,9706560.541126048,ok
545,9705459.75105888,0.024828825188757682,141953.78856760095,1042283.9554753052,0.06809746414203738,9700626.404545475,ok
546,9700631.708892806,0.0928018446884994,49933.54401198611,373469.89340967534,0.06685082906697895,9698962.659485077,ok
547,9698819.647706658,0.06555367716246144,65959.9475597952,700895.9043681049,0.0470540255326942,9697267.807178352,ok
548,9697223.310915919,0.10985853747096726,34310.62532141505,39811.306025589685,0.4309155959284664,9689830.81913739,ok
549,9686917.456358695,0.04586873255038062,100759.0811523028,1004317.6597636694,0.05016295400800424,9684390.26978183,ok
550,9683884.200049654,0.11400218763800898,36806.05725867742,95901.16449989071,0.19189577858942142,9680352.736542422,ok
551,9681965.266000904,0.04650818040716418,113306.41083644787,1388489.1762897663,0.04080205044853794,9679653.699055359,ok
552,9679566.961052129,0.09172209990584605,43262.764707689945,157514.78248192734,0.1373292208705991,9676596.34016712,ok
553,9677941.463303283,0.062336845023286465,64694.21384928361,421981.40083995985,0.07665529063663573,9675461.886420721,ok
554,9676321.81152496,0.10904527100232748,33088.39637439576,60561.02440284766,0.27318227111131804,9671802.229890464,ok
555,9671425.645695765,0.05001164703725878,76102.90102845756,495979.76022205286,0.07671976472828838,9668506.347364744,ok
556,9668781.044558492,0.11475730052086038,32862.083496227984,31265.592027038263,0.5255311248833716,9660146.0207056,ok
557,9657921.147563344,0.04727160373718817,99241.24828323547,764449.5124896831,0.06491026984896849,9654700.259460237,ok
558,9654461.313597336,0.10524754112443774,43500.921324013616,106805.3950435094,0.2036457114656643,9650031.925561115,ok
559,9653531.332342943,0.03995182700812447,97167.20823794411,775593.5003139217,0.06264055088046487,9650488.028617173,ok
560,9651237.114117008,0.08854706899428463,51161.86809370655,515135.54847919394,0.04965864639389467,9649966.79955875,ok
561,9650312.774997745,0.09248512691972925,38759.81279927766,152212.81861929502,0.1273211190452403,9647845.303627951,ok
562,9648173.898028802,0.04320183899423917,88376.01335276244,1233482.358290037,0.03582378489599038,9646590.916382646,ok
563,9646776.74448634,0.11034778650575243,37598.897955595276,175817.15826022113,0.10692613373930887,9644766.592090713,ok
564,9643590.656412173,0.07041197908580056,48779.4341350881,450825.4196429794,0.05410013722575562,9642271.169371922,ok
565,9642956.498792816,0.0969397254503791,38142.94095431626,338924.0420275721,0.05627063327542468,9641883.335071573,ok
566,9642741.170241624,0.07027068728013545,47446.38310704248,341486.0557582495,0.06947045465984052,9641093.10933842,ok
567,9641103.481776329,0.08706553530810748,42280.18340568611,398855.4823533286,0.053001883233777324,9639983.017104344,ok
568,9640170.0558455,0.11917833229765529,27432.94249150669,30602.31038281063,0.4482168527203067,9634022.1022733,ok
569,9633272.415993249,0.03276113004962639,110444.58316697659,944251.1097828811,0.0584826334979749,9630042.870953655,ok
570,9630637.893926714,0.10810377443985278,38245.460283093285,122933.22897115405,0.15555379372678593,9627663.280706784,ok
571,9627268.937051252,0.07275622913309113,60333.59736156209,780419.3323510622,0.03865460199441968,9626102.8514548,ok
572,9626208.057657832,0.09177865840021844,39062.25329747838,229307.67322836682,0.0851743265882263,9624544.507098015,ok
573,9624442.834531333,0.11750140738624841,28500.005089722792,8594.207716720752,1.0,9604537.03715833,ok
574,9603421.40518726,0.05906498546670618,109217.41625820415,1234318.1924397277,0.0442420021543745,9601005.406604564,ok
575,9601319.655701756,0.0896332442395113,61844.013740229566,375308.01094242034,0.08239101209821718,9598771.96025962,ok
576,9599607.724890474,0.043852472111442414,85434.17294611869,1627497.2194819886,0.02624710258285765,9598486.525139775,ok
577,9598439.478058295,0.113671325018936,37409.54439815966,107422.17275598795,0.17412394219178726,9595182.529385192,ok
578,9594822.912588008,0.039164820430866394,87063.14837079411,1556505.963653976,0.02796749591836095,9593605.44346466,ok
579,9593941.102902677,0.12518232185236627,30836.43844501461,135142.17174634538,0.11408888153319363,9592182.055516347,ok
580,9591642.682334727,0.05769121116345599,50356.88760439119,805134.2220133926,0.03127235573123704,9590855.293083386,ok
581,9590855.665190835,0.12751686977763516,26143.735616587794,18215.629099532052,0.7176182462251444,9581475.054339359,ok
582,9583329.672234306,0.018287584949690964,287697.7344557645,4224257.813970053,0.03405305110690909,9578431.179406924,ok
583,9577475.46382849,0.08039993358820591,74299.90751543973,703262.1110455449,0.05282518875144398,9575513.010509131,ok
584,9576277.33108031,0.09197008071886835,53212.22116829014,305038.9759017793,0.08722200337019252,9573956.692813272,ok
585,9575559.338544808,0.04366430095020521,89827.79684737892,1247004.4659661527,0.03601743189339031,9573941.655267267,ok
586,9573016.553463766,0.07020011832944026,56787.154468666224,814462.7506511272,0.034861725980265754,9572026.704354623,ok
587,9572313.40673048,0.11652264164210797,30748.611064515426,23958.045687901315,0.6417178484646456,9562447.440462682,ok
588,9564249.405294634,0.02891345608697284,193620.1048318927,2408060.2541532707,0.0402025041727982,9560357.398758413,ok
589,9560844.245133435,0.044767151406112926,116142.24846743885,2166462.471301445,0.026804583510202575,9559287.672834381,ok
590,9559227.040700968,0.08210998511328002,60026.518085927564,720478.6691446378,0.04165738741244892,9557976.766741507,ok
591,9557867.537075717,0.1130025797821636,38211.82821867785,190293.06332335115,0.10040257787470497,9555949.254046487,ok
592,9556070.05799799,0.03190778056588125,80548.78139246217,997882.4906126055,0.0403598530639679,9554444.58950725,ok
593,9554300.549435673,0.11025796614777578,34514.57200285943,206008.0264123999,0.08376996907335536,9552854.907121044,ok
594,9552413.592977231,0.11005156605290808,31283.091344619617,255599.19997826492,0.061195597144435114,9551456.399249554,ok
595,9550708.521111852,0.07039828212156486,47351.52973404093,954048.7102147155,0.024816096509047286,9550120.981045987,ok
596,9550489.481316341,0.10771663455094828,31060.750870844702,225025.41198312445,0.06901609599802459,9549417.635434406,ok
597,9549731.388843648,0.1169828304856639,29635.979774652355,42406.703409009104,0.3494256496292085,9544553.60310107,ok
598,9542567.911644118,0.030611221731289374,98140.06426768492,1340062.2545598561,0.03661772575630043,9540771.078664588,ok
599,9540972.586630024,0.10631440531909672,39644.91751404642,210355.7354905068,0.09423303201503523,9539104.656239357,ok
600,9539487.325955914,0.08682670275216314,37666.93084247177,271038.39132966485,0.06948633855463184,9538178.657401498,ok
601,9537614.621627385,0.08817458288980234,39581.76009352744,389812.02303730126,0.05077031717123287,9536609.832370313,ok
602,9536319.039957752,0.10988189970453104,25466.361408923643,10462.507689070504,1.0,9521315.1862379,ok
603,9521207.948788112,0.02749356430467494,173393.33399016713,1891872.403262725,0.04582585318416105,9517235.000054838,ok
604,9516696.219360642,0.07578488659620221,56292.06838969921,557701.2861869758,0.05046793846807326,9515275.747038776,ok
605,9515753.454730615,0.08658047388663531,48910.467804296524,462319.3462118062,0.05289684306428393,9514459.850060793,ok
606,9514163.759058785,0.10444632916190805,39892.30935670443,335212.45197358844,0.05950302430866673,9512976.902532093,ok
607,9512480.089353396,0.10581848484602945,38205.399240695304,57450.33681151574,0.332508052703332,9506128.287901258,ok
608,9507590.622379446,0.021971076431908414,226437.5175760833,3756809.239746304,0.03013694642522953,9504178.554711519,ok
609,9504132.258860758,0.06471015159457771,73353.48483615785,1422086.6556106121,0.025790792898152014,9503186.336592875,ok
610,9503486.212663097,0.11006885074622554,44904.7371988416,323209.9775633383,0.06946681772848702,9501926.518066028,ok
611,9503143.108433507,0.04254670935006706,85433.69988410316,1698755.7150985603,0.02514596393253234,9502068.952065554,ok
612,9502383.482556805,0.0807104014853594,43840.64556697896,754995.7078465685,0.02903370516636654,9501747.054367958,ok
613,9501695.88444891,0.11236510777658561,32110.379447093615,157072.91828293446,0.1022148814643317,9500054.80513443,ok
614,9500453.204516169,0.04695271534713017,59969.98375349387,904162.8489917571,0.03316326468200232,9499458.804294072,ok
615,9499229.368282028,0.13035008072314092,26692.014202030856,20846.58230813424,0.640201204386768,9490685.238462204,ok
616,9491218.854652394,0.01992015493776278,224425.76307869898,2841479.2845398253,0.03949100813435008,9486787.454834744,ok
617,9487889.023595506,0.06091367304086663,93593.82044363479,2025975.679819212,0.023098456061423855,9486808.087220937,ok
618,9486926.031397529,0.10280750006623716,44179.22834182854,261250.64289280272,0.08455333899399496,9485058.280762289,ok
619,9484796.568742694,0.10250046537215272,39425.49826165238,221845.2025488554,0.08885812676740211,9483044.930781493,ok
620,9482060.65669471,0.09547530004299798,40448.481667500906,418541.40733447514,0.04832076463485573,9481083.405913463,ok
621,9480963.630746944,0.11826204477543822,25335.1169023591,7080.053986969113,1.0000000000000002,9462708.567831554,ok
622,9464069.146545496,0.03361234795507719,159729.71779453187,2063904.6654423971,0.03869600192029555,9460978.695812242,ok
623,9460966.184109718,0.08310410545502252,72241.33984049593,760034.4951846383,0.047525040177910635,9459249.547820505,ok
624,9459326.101537745,0.10830242719178595,42323.01211776888,152829.7229895688,0.1384645973632288,9456395.982121702,ok
625,9456230.367447615,0.06882858397288548,61041.28534890277,835213.5143536836,0.036542323788988605,9455115.072240757,ok
626,9454911.717924625,0.13129305381165285,30730.93982380013,53923.67689831221,0.2849484826651537,9450533.350587793,ok
627,9452560.075273342,0.025099313710318694,146027.12296731194,2035412.3112835386,0.035871632041772086,9449940.959661743,ok
628,9450240.774452232,0.07056650861222853,61186.08827821583,1141467.5676188373,0.026801500986074134,9449420.834949572,ok
629,9450208.900453238,0.06263371306354514,64923.61857895906,1465887.3413828118,0.02214481861809204,9449490.039574508,ok
630,9449844.202694826,0.1061838867786439,38830.92894389156,368513.66291785927,0.05268587416329645,9448821.281976834,ok
631,9449207.48313566,0.08146626466063207,47254.3622683181,838686.6138429749,0.028171644502463355,9448541.866588151,ok
632,9448794.507411983,0.12947356027007192,29981.710651805643,77086.90850832811,0.1944669414818118,9445879.281626558,ok
633,9445647.165717332,0.057687419561143566,82669.55675163555,2054921.3841012488,0.020115016903138692,9444815.715951616,ok
634,9444646.859107336,0.12888602981735126,24058.542954416647,9193.5756838363,1.0000000000000004,9429781.891836755,ok
635,9431509.771586709,0.022651659977317155,274443.28517383314,5931355.554924356,0.023134954786683093,9428335.155089706,ok
636,9428818.717935726,0.06715032474090052,83806.94182615232,666602.5934918894,0.06286124794920409,9426184.613460727,ok
637,9426123.318142489,0.11204702600419901,41497.471414992986,178146.00444003037,0.11647039613779932,9423706.704675278,ok
638,9421682.482771257,0.09566764849805147,40417.45198591355,558044.8813035841,0.036213442090445316,9420950.65524279,ok
639,9420881.435455067,0.10869150218139319,36522.55366658808,377304.45941394207,0.048399313545508686,9419997.602191871,ok
640,9420628.457840212,0.06391004968505286,55424.437426151104,1055284.659182596,0.026260420325394405,9419900.723328657,ok
641,9420081.375840519,0.11672705812133943,32607.946892017593,258865.01113643506,0.06298253044872013,9419054.51033652,ok
642,9419138.677310774,0.057896560544010864,63758.00096973311,1345322.5957327154,0.02369617561318369,9418383.266916912,ok
643,9418535.837277584,0.11867005491038075,29958.34588135592,113559.29844839878,0.131906177172136,9416559.991837779,ok
644,9416616.846795054,0.03806937507540112,113952.83514993323,2689780.3541166694,0.02118255399098482,9415409.94075356,ok
645,9415323.052871084,0.1267920914459758,28863.60564767193,108098.64479735386,0.13350586263954015,9413396.322585644,ok
646,9413524.966973213,0.048703802042070046,74120.0352995998,803803.396003705,0.04610582368033324,9411816.28433386,ok
647,9411754.080744762,0.1287513913372913,29061.937370838205,89704.25114604371,0.16198751452438798,9409400.24524378,ok
648,9408021.52757673,0.047002283508828076,98798.46157559266,2883385.8527065963,0.017132369135204686,9407175.201719878,ok
649,9407184.375639949,0.13877983163570376,23564.14721081692,15494.710571912456,0.7603932678010804,9398225.366189659,ok
650,9396680.614286069,0.024258168216804543,233044.54101514802,5051616.90834158,0.023066331557162294,9393992.872960748,ok
651,9394368.436382726,0.09173488734815807,57387.35593049924,482072.4708731957,0.059521502883737996,9392660.545546973,ok
652,9392373.499526065,0.109307565151539,42013.068265978596,297085.6827886923,0.07070867211036415,9390888.155391881,ok
653,9390558.731985364,0.12867470163867498,28781.317135371766,58055.88177159616,0.24787597963461666,9386991.63339531,ok
654,9387458.97487138,0.038830199267769774,111296.12861259526,2317370.840438927,0.02401344805726367,9386122.672969675,ok
655,9386114.114970068,0.10720982084894104,38759.26185886953,356451.27590813686,0.054368246768260145,9385060.478413418,ok
656,9384453.538775882,0.11020519589165499,38079.58701048372,479129.439744742,0.03973830853596761,9383696.929587109,ok
657,9384911.820539232,0.04606000787451949,66427.49584450672,1171353.04160216,0.02835502768390311,9383970.043797411,ok
658,9383410.037339168,0.13063950701689936,26078.146798102687,47055.04296930651,0.2771025712920205,9379796.876573026,ok
659,9378435.50834424,0.05284701317415714,75518.53595071411,1773260.2362938265,0.021293698015963633,9377631.47389467,ok
660,9377328.657941423,0.12273889429927275,27788.376106938707,31904.62654272183,0.43549132395780804,9371277.859590698,ok
661,9370833.847572874,0.02735826379373826,201114.8388693263,4592005.742157012,0.021898365350786368,9368631.80446336,ok
662,9368386.878266595,0.09401779045631885,47956.250653382565,297723.5336650092,0.08053822629174773,9366455.722582981,ok
663,9366424.017453384,0.12236872272577398,34230.35819742463,191324.51582547842,0.08945627811923679,9364892.95723187,ok
664,9364750.658445837,0.11322615501035191,33581.1438219821,371188.0274528667,0.04523468072558754,9363991.142286243,ok
665,9364210.60267045,0.13039872411842623,25119.0986649598,49738.613247426205,0.25251104750351705,9361039.177712334,ok
666,9362073.044579566,0.03629450267226531,117991.85919425191,1508252.88454226,0.039115409757714895,9359765.394619336,ok
667,9359897.490745336,0.11622821432697453,33607.262951655386,347670.3227329659,0.048332084670724126,9359085.33620607,ok
668,9358993.174174309,0.129242262234972,25206.246943602484,74697.06798799972,0.16872313480665624,9356866.73567379,ok
669,9356988.575115543,0.04418791064142869,100049.70347641848,2793209.6328205294,0.017909451245768156,9356092.65747226,ok
670,9355933.131606914,0.11218497032936228,29852.48926618925,183452.8974999728,0.08136281757608564,9354718.690287735,ok
671,9354098.984359104,0.09210384130119649,40934.71740970431,969497.1003380191,0.021111315028911514,9353666.891501676,ok
672,9353581.85003271,0.12954463638172622,24587.0832501154,16835.25980977313,0.730225833397659,9344604.788354142,ok
673,9347739.290357698,0.019392236871782497,324170.7287015398,5418459.796831555,0.02991354931627422,9342890.741817744,ok
674,9341996.84991866,0.058011128541280356,91915.2016232963,1813669.375032421,0.02533956929764369,9340832.30410814,ok
675,9341004.318491086,0.10195196033835881,46801.86047491886,249132.46289790646,0.09392967084762872,9338806.276816353,ok
676,9339294.14021087,0.1211856267697843,32145.944179461705,93967.82891293701,0.1710476050758049,9336544.89682847,ok
677,9336005.748403538,0.11801365699236828,35125.36435249116,187053.304826002,0.09389132254349894,9334356.7649466,ok
678,9336426.860342126,0.03185067255028918,141002.67138318482,3065599.570603286,0.022997568360736135,9334805.501055036,ok
679,9335261.862188488,0.09584527197814988,37243.776117272806,455489.93654897664,0.04088320413778029,9334500.539737556,ok
680,9334215.96736263,0.12758967322456638,25976.94612225274,37300.234970523765,0.3482142423872239,9329693.196055884,ok
681,9330408.65338017,0.03594807071119889,120120.12202892447,1872552.624870996,0.03207389753257263,9328482.293137394,ok
682,9328564.878479827,0.09651261493703961,42280.35453425025,503662.612349029,0.04197289365698514,9327677.564067505,ok
683,9326923.901502393,0.1417913090892248,25090.28719894807,35887.450856987634,0.3495690916991217,9322538.507049091,ok
684,9323778.456438582,0.03855029382656534,137850.8532692992,2342575.2964692805,0.029422929004046833,9321750.468504136,ok
685,9322162.298530454,0.09598501728471968,39961.51289271569,433381.1406659365,0.04610435150836346,9321241.098711848,ok
686,9321225.693759002,0.10914027347156255,40838.94470530909,532386.500381147,0.038354602038248156,9320442.513023086,ok
687,9320942.118357297,0.06015500268137747,49406.99343054264,872731.4956882603,0.028305953019135008,9320242.862339867,ok
688,9320309.442282619,0.11596353369413853,31720.378894599315,296778.2689015062,0.053441208839193295,9319461.854586136,ok
689,9319432.708032623,0.13676382495147918,25867.61740765111,96955.59049426812,0.13339930825948795,9317707.346898373,ok
690,9317709.474372081,0.04725819537039883,68247.65698920816,1440582.0944688674,0.02368752785809496,9316901.165233992,ok
691,9316876.783703338,0.13103594683134162,27346.63011953017,95172.41125328778,0.1436688939547356,9314912.353652006,ok
692,9314101.053168314,0.05247743756903733,54956.85368991773,1014191.0944808361,0.027093934263961426,9313356.5544777,ok
693,9313776.23401732,0.07707968355696208,45713.75331269676,997899.8795304132,0.02290497987343606,9313252.697717538,ok
694,9313466.92107623,0.13461758698295045,26379.575136697233,128252.9552768419,0.10284197771410139,9312110.457237074,ok
695,9311570.568417659,0.07341560818696032,45485.09679104849,946659.6603862515,0.024023996529275306,9311024.201513937,ok
696,9310725.53495228,0.13614180567360176,25548.174654502618,22934.646026583203,0.5569777406830285,9303610.65265346,ok
697,9300931.117123524,0.04807797381667083,109419.58247480361,1794456.5953287007,0.030488222105690053,9299263.11285692,ok
698,9299343.217291646,0.10962702675230476,42117.29759416204,173685.88910046004,0.12124559402117395,9296789.94890896,ok
699,9296787.495810922,0.10977710158386346,35429.05748990546,421955.11932391726,0.04198202115271418,9296043.80409044,ok
700,9295766.872370295,0.1339943163704646,26930.951133675764,76621.81983579147,0.17573943813519174,9293400.457259955,ok
701,9293298.416428115,0.04265520563507367,69457.3064099029,1095048.7436001138,0.03171425327677792,9292197.023124412,ok
702,9292473.355383448,0.12415189236313588,25090.7692559692,172425.3757284539,0.07275834299321375,9291560.573985703,ok
703,9290971.786868013,0.1225940661450071,27363.875297088358,286718.8419077242,0.04771900429532108,9290318.898426594,ok
704,9290571.161281941,0.11717366093999937,27033.780060399324,246320.30274201714,0.054875257458401785,9289829.418461496,ok
705,9289360.483707951,0.09480890690964461,37607.25678284157,792307.7187908791,0.023732734069682584,9288914.222195793,ok
706,9289163.654566325,0.09560570371942495,30538.6254893612,347891.9918464693,0.043890957833312844,9288493.469804505,ok
707,9288150.698896203,0.1385846946175072,21624.012998463353,12737.912178142902,0.8488052318168825,9278973.411213217,ok
708,9277185.085507747,0.053426599100379835,109903.31599224692,1226287.8136999859,0.044811387165564306,9274722.625485891,ok
709,9273911.40554757,0.09419795665105082,52993.095419989004,256863.11780334418,0.10315434904235805,9271178.171416678,ok
710,9271323.272928659,0.11637061256176286,39932.30578574131,416381.2209629221,0.04795161714233169,9270365.863609334,ok
711,9271048.209830802,0.0823021385395914,50461.34504246712,1261933.3948277074,0.019993664185959922,9270543.756237227,ok
712,9270650.026341848,0.13722951428012595,26463.47972578636,77884.30831025867,0.16988967546817565,9268402.090350661,ok
713,9267739.383023677,0.04379612746367693,107503.11846346184,2965509.519409598,0.018125572984986505,9266765.105213767,ok
714,9266603.476112721,0.13307139011040042,29526.131779640345,154497.8870512263,0.09555513134574609,9265192.789412552,ok
715,9265407.251276089,0.07445836728639067,55981.75515142754,1414668.0039205803,0.019786181279381775,9264853.418698207,ok
716,9264885.633854834,0.14507771759147542,23246.881980540147,29170.079662487522,0.39847134888759733,9260254.025644727,ok
717,9259220.294738173,0.04853635484838352,95183.10980272881,1966707.8868707898,0.024198588524036925,9258068.646283897,ok
718,9258089.35363415,0.09389223635013985,44587.510747137014,547586.8936153892,0.04071272638827448,9257181.714071458,ok
719,9257217.231580894,0.14194410768614052,28729.07056567415,132249.3819856552,0.10861703145346391,9255656.998400265,ok
720,9256200.897235949,0.06452277178069277,60876.81089610177,1430734.707217274,0.021274667689618335,9255553.330275038,ok
721,9255663.213304332,0.12324957819598009,30519.690820473388,467373.5064995811,0.032650214866747844,9255164.976072855,ok
722,9255355.28107338,0.07939508711692163,36699.288540201196,697433.8376153028,0.026310229415943638,9254872.497722933,ok
723,9255142.814447975,0.09190269614126517,34465.23002676524,629929.4047365156,0.02735642261467475,9254671.391748913,ok
724,9254951.94694155,0.0698163806324179,40163.73909532872,739646.2000119557,0.027150642492775268,9254406.711280877,ok
725,9254529.018840645,0.14055132615706747,22450.784264710164,121112.97549386595,0.0926852972324474,9253488.590034306,ok
726,9253664.701317346,0.057774053059382234,48112.172992024585,896144.0050356237,0.026843996456859642,9253018.93981668,ok
727,9253010.54266909,0.1470337749181656,20475.123679100707,23979.087157291302,0.42693709616203745,9248639.747745533,ok
728,9247113.453621896,0.03914976475341844,130264.03828884778,3477458.0353602627,0.018729778614762275,9245893.54532259,ok
729,9245681.069593497,0.1024629136704146,40454.82786205478,684921.7154106807,0.029532446520401216,9245083.704573331,ok
730,9244973.082270224,0.14221984461242104,27667.815427862784,256720.30556327332,0.05388708027430179,9244227.613374736,ok
731,9244524.715631587,0.09157977823207299,44648.20316693945,1133509.0044061788,0.019694683938717227,9244085.049506685,ok
732,9244176.763832672,0.1157731773092448,31903.01960248799,558206.8014456816,0.028576344394105734,9243720.927994985,ok
733,9243639.265897054,0.1373307191609109,26706.224085125818,231292.745026742,0.05773251573895682,9242868.357145892,ok
734,9242626.566088568,0.12644599318050545,23597.31679230848,82946.47665333992,0.14224423835945002,9240948.274911344,ok
735,9240348.521316046,0.06397521954798059,57660.31869911001,1541701.7028315428,0.01870021891822817,9239809.391024763,ok
736,9239931.569887081,0.13531191383463628,19712.08545542891,23531.367240422493,0.4188470065089807,9235803.395894554,ok
737,9234455.025188038,0.03943886162930854,124958.8410946991,3674211.816503949,0.017004849929092923,9233392.572017975,ok
738,9233331.765755951,0.14866271529793101,22802.62173985992,27793.31294960672,0.4102177703896681,9228654.74543137,ok
739,9229796.907091057,0.04084634456850321,126550.92461263479,3163904.9417684446,0.019999166685124862,9228531.450573316,ok
740,9228470.77670637,0.10331203794944563,47098.5635025916,313292.8808632448,0.07516698651564724,9226700.648162518,ok
741,9226380.321075287,0.13756919250859923,27952.404284351636,96278.9490482459,0.14516363421428988,9224351.484779816,ok
742,9224922.496001743,0.08118268570259964,42945.611092184256,625951.7608037635,0.03430424976921484,9224185.887517042,ok
743,9224466.611370975,0.12851496935200832,27214.844801211635,163447.33290190136,0.08325264266485638,9223333.757496268,ok
744,9223459.674974797,0.07802250571988385,42325.364528781174,484423.69536732906,0.043686306980386946,9222535.155540867,ok
745,9222701.412188277,0.13974537622156682,19493.046688141505,4290.397257449347,1.0,9207498.762757584,ok
746,9207308.041172203,0.08912947362583083,58204.60801473081,323222.7218519373,0.09003792753374765,9204687.730032923,ok
747,9204203.398892136,0.13473601055787446,30620.812822628883,101864.829976835,0.1503012022382619,9201902.22640176,ok
748,9202732.723580027,0.06551197502101999,37946.203061254,240237.37772942847,0.07897647614184244,9201234.294879656,ok
749,9201181.673597628,0.14123340132772952,23898.10684619117,72850.1742534372,0.16402230393473366,9199221.762325332,ok
750,9198323.456172742,0.07543733409989622,48147.26581032319,634180.8447279802,0.03796020189712214,9197409.616207264,ok
751,9197490.979717463,0.14887099867452455,22248.314119137427,54179.56254950616,0.20532017122515708,9195206.965885257,ok
752,9194648.290699732,0.04702109714126404,67815.35966665509,742353.4147159975,0.04567592626525416,9193099.526015839,ok
753,9192979.72170018,0.1500471026376492,21312.338465097426,31262.688554312208,0.34085901518149686,9189347.470349967,ok
754,9189284.388402866,0.07153335681011652,51197.93305184644,453472.4971703257,0.05645097924496217,9187839.301674819,ok
755,9187927.094135549,0.09153483003559112,41462.55003097003,622544.635087948,0.03330086526656241,9187236.724739453,ok
756,9187125.559656523,0.15970190150164232,19958.807310413067,24106.896935904377,0.41396467084668165,9182994.43910715,ok
757,9182769.834105851,0.07741585283453709,65101.219080788855,1293771.93756755,0.02515946481386323,9181950.878190449,ok
758,9181925.046163825,0.11988476366107435,34782.273556305314,209200.92098213776,0.0831312629815696,9180479.298998771,ok
759,9180437.543085095,0.11243054707723847,41111.67711271066,880012.5903590537,0.023358573254012593,9179957.388024379,ok
760,9179990.484404914,0.1569038203893901,22025.130950918356,117646.75885627457,0.0936070452133143,9178959.63069054,ok
761,9177893.881958075,0.09030909048817012,40569.59990442413,1186363.6629123313,0.017098298427664377,9177547.046394946,ok
762,9177641.994399674,0.1537129846494162,21176.89870400454,50018.37541436803,0.21169118877380982,9175400.512969077,ok
763,9175576.068820655,0.0655753194630388,61650.11050278101,1837781.4924905694,0.016772970767931862,9175059.041070005,ok
764,9174976.635027673,0.14269459550009217,23149.453278469915,85430.33200476423,0.13548731893713656,9173408.406347893,ok
765,9173512.071881723,0.06718274905187555,56146.93183399537,1595448.2908664877,0.017595973544057005,9173018.091918157,ok
766,9172606.087861491,0.1397780740530268,20210.395739107335,33532.846564206484,0.3013522234148807,9169560.864015454,ok
767,9169920.852400616,0.04230724511205189,90055.05015999783,1361366.435231001,0.03307524257593327,9168431.556086002,ok
768,9168510.107867653,0.14351273074511675,23693.64250236275,51568.830927346484,0.22972832693981263,9165788.557442063,ok
769,9166129.879266834,0.05845802251923915,58677.5556436037,598700.6838826237,0.04900408269377185,9164692.15937232,ok
770,9164594.168423396,0.14488095205721785,25190.22992457375,135296.8549168789,0.09309244453631108,9163421.65838234,ok
771,9164252.886246096,0.04459385170571089,99684.04635217987,2878425.133887562,0.017315726780350187,9163389.8353906,ok
772,9163382.162964854,0.14718958693608425,21129.57815465787,106666.86919437847,0.09904470954403635,9162335.776499297,ok
773,9161858.059532296,0.0543847593683478,69202.2558718629,1821783.1713573213,0.01899300008911151,9161200.880306326,ok
774,9161503.73314887,0.07834831021991302,48026.790542198876,1186383.799027017,0.020240832090587735,9161017.68204726,ok
775,9161024.384328883,0.14061746107176198,20953.28862078961,62157.945973596805,0.16854875344248074,9159258.558990106,ok
776,9159038.324511237,0.061692570585202486,69254.95960747739,1935815.614169325,0.017887798584886216,9158418.915127007,ok
777,9158178.137488164,0.13028440286124002,24966.12180705121,282556.7640960692,0.04417894911650874,9157626.648975689,ok
778,9156610.865932565,0.14909758250965013,21799.267285472146,79971.51392629296,0.13629395152856424,9155125.311793182,ok
779,9154623.974603403,0.058353081139497644,53368.20148649844,1265069.7847511244,0.02109298717342992,9154061.127208691,ok
780,9154007.40214141,0.1489617016782276,21110.59309219323,106345.10487750033,0.09925512376197602,9152959.734876385,ok
781,9153141.047057817,0.05641771900795751,85699.33712485246,2199179.060306962,0.01948439276083561,9152306.147285875,ok
782,9152531.967713006,0.12921432461205484,26482.59991728209,304627.28451782966,0.043467215944230496,9151956.40526832,ok
783,9152137.186945315,0.1253368174894623,25942.921577591973,276397.8664883562,0.04693039404970383,9151528.431179097,ok
784,9151134.200734291,0.15929955696480508,17790.19955258303,21183.888716491267,0.4198992873941433,9147399.154676925,ok
785,9147941.1610419,0.038383689373431035,139679.48700867573,3170925.883786102,0.022025031824758026,9146402.938468585,ok
786,9146434.090498917,0.08552761673212057,64515.463497037206,1518224.2053327507,0.021247014528693174,9145748.710003793,ok
787,9145689.004604958,0.1513733873660173,24080.400701381783,37841.80797804158,0.31817191075218826,9141858.151053539,ok
788,9140860.140470676,0.061744003395234864,80717.68254517835,1415886.3245363035,0.02850429485277112,9139709.740159126,ok
789,9139097.05024106,0.12756799889150336,33108.61890426549,251522.36305247305,0.06581645167145299,9138007.50433305,ok
790,9137587.657518744,0.16038687769367962,19776.84942469369,26070.047145281245,0.3793021415435637,9133836.956848858,ok
791,9132835.631848434,0.028947696047268122,137572.87092175218,2519192.4162769793,0.027304954959547316,9130957.421326347,ok
792,9130870.26306021,0.06884967736617038,50247.134373355846,1185225.0298153094,0.021197297183803875,9130337.711340237,ok
793,9130254.976129405,0.14804750184882867,22612.496366946616,47447.14308650066,0.2382914428137631,9127560.793936955,ok
794,9129045.064334316,0.0471535295121161,81353.91523291348,1214977.0322176777,0.03347961034474023,9127683.215643309,ok
795,9127461.515981672,0.14658908433348333,25543.147862777085,153228.503975857,0.08334985723936102,9126397.007117769,ok
796,9126507.92896887,0.07953907568713647,43505.03334616545,605560.8891155712,0.035921270782286706,9125726.550927259,ok
797,9125934.909065615,0.16134831305328542,20886.626781774597,36297.14001528932,0.28771725228181333,9122930.187632073,ok
798,9123603.874398682,0.05936509845004538,77647.42876208501,940613.6450947184,0.04127487899363082,9122001.430285523,ok
799,9121897.974066088,0.13021690296866006,30353.573936411478,212612.87086627338,0.07138225878033248,9120814.62073127,ok
800,9120454.523587484,0.12372711790704961,33690.06055771993,443331.89373881643,0.03799643228191475,9119814.472535206,ok
801,9119551.46689773,0.16341165698377927,21670.78827086452,45553.378446418224,0.23786148261598863,9116974.143983947,ok
802,9117081.949472569,0.05298000046273081,69273.88168406484,1430652.9270003508,0.02421058258669045,9116243.368955763,ok
803,9116301.292449351,0.11591631887566525,41683.57392085719,626310.3300803928,0.03327709277564264,9115607.73837106,ok
804,9115443.162957214,0.14557432378709342,33077.52184296351,512137.5231423472,0.032293593369226437,9114909.066937186,ok
805,9114554.791512657,0.16620964966292232,21609.918010499816,76766.38329602737,0.14075117963528003,9113033.980786758,ok
806,9112877.78963873,0.07638945028352476,57469.321288231135,1604070.002074229,0.01791359517163133,9112363.048560558,ok
807,9112143.644611219,0.14984639271945718,19443.208839881132,22446.440842569205,0.43310226722018874,9107933.195695924,ok
808,9108257.07671281,0.04465978244012873,124361.49915239535,2780201.4208431668,0.022365555642849713,9106866.369698249,ok
809,9106947.794169907,0.08414553352874447,52608.95122089122,552748.8382996431,0.0475884774201661,9105696.00422627,ok
810,9106197.384379726,0.060333449186259505,63475.776086148166,1767335.9083108564,0.017958039495393825,9105627.43413275,ok
811,9105825.414944379,0.11446776824992563,32774.44275795395,429368.57199326175,0.0381658613319145,9105199.982525613,ok
812,9105425.407058146,0.0783446698639053,48041.66217919894,1452822.5001677638,0.01653390630089063,9105028.248887641,ok
813,9105183.031035105,0.1428690185139738,24978.098541579195,99854.75001692325,0.12507215999912843,9103620.998666473,ok
814,9103055.960495742,0.0688240969288526,50149.9959433679,1376524.0274068727,0.018216171655877886,9102599.190028418,ok
815,9102532.450313121,0.14686951587934266,21957.30828741959,66386.63390135461,0.16537446619184254,9100716.8612446,ok
816,9099859.649371468,0.05219912733576896,58185.57205515951,1230639.566717756,0.02364037920962776,9099171.884877512,ok
817,9099034.088280188,0.14142544522652278,20837.338937278695,34981.69232474622,0.2978320594646912,9095931.07449546,ok
818,9093268.380147344,0.05919695180677241,45743.977793588274,676468.9815201273,0.0338108465008955,9092495.058841584,ok
819,9092666.323252069,0.0883007483104324,36270.97114070825,945104.7740535457,0.019188862513699084,9092318.32391284,ok
820,9092202.287476465,0.1558477516786023,21511.842250052752,52718.95422885956,0.20402379528117306,9090007.823626792,ok
821,9090329.821534533,0.055492101993808565,74777.79851584967,1394043.0545178696,0.02682047669672283,9089327.03343327,ok
822,9089437.741988199,0.10708000115185691,30899.34022564309,357495.9920016656,0.043216344961846634,9088770.063715057,ok
823,9088837.274392525,0.14745015999560804,22135.40279845338,104661.79599973848,0.10574729101012507,9087666.894951846,ok
824,9087482.412089067,0.14643103759243353,22382.902540637635,169790.40267940596,0.06591333251885997,9086744.746240119,ok
825,9086993.08926086,0.11589409974103602,30025.054889499446,430035.2673125072,0.03490999130971298,9086469.002058227,ok
826,9086218.967460833,0.1365436809814442,22491.27176894195,121667.43462246844,0.09242930057139738,9085179.541201552,ok
827,9085554.279236741,0.11289661877764595,27508.860079553288,322160.9918355505,0.04269427518648097,9084967.043815589,ok
828,9085088.968981255,0.1125083477259025,29399.72501811544,374164.57273450925,0.03928715752436588,9084511.453167275,ok
829,9084403.839917995,0.16182144968059436,16487.930315151214,6654.027429421887,1.0000000000000002,9074569.937032266,ok
830,9074553.983568106,0.04790630596792159,123047.18050888645,1588148.6615635157,0.038739188429547836,9072170.609612375,ok
831,9072090.488806063,0.07187464478713354,87419.16744007934,1148644.4942758041,0.03805318698506245,9070427.199843725,ok
832,9070546.318321537,0.11705004473623876,43816.01160904701,428632.9605726412,0.051111341916531675,9069426.570746152,ok
833,9069222.562853366,0.06973057004136296,55091.81315184217,1531012.7915496724,0.017991950640751642,9068726.958261898,ok
834,9068809.838486101,0.15428584776118684,26118.047815028745,138448.95316822373,0.09432374610768549,9067578.062430635,ok
835,9067916.64144066,0.04165535337844422,64374.101046354794,977850.475343415,0.03291612709179643,9066857.168394929,ok
836,9066695.832007881,0.15895878167673375,23055.913999054817,52174.40288511421,0.22095043473542908,9064148.724897224,ok
837,9064607.491248343,0.04821877996667722,118788.43346764962,2827672.1726878053,0.021004633177603628,9063359.937512977,ok
838,9064092.82245341,0.061478657457471775,68152.76399298984,945429.8070309837,0.036043270206920996,9062864.598209435,ok
839,9063385.12000177,0.13817034044923973,29904.538075258482,247993.7041420175,0.060292938037921275,9062483.60377116,ok
840,9062176.071052395,0.14663329676744133,22111.435674548164,184180.12517875462,0.060026660458309705,9061512.433231654,ok
841,9061525.765264668,0.09996557100284494,37925.15405175348,942330.6157935532,0.020123061596495007,9061144.180159148,ok
842,9060934.334224883,0.16525425110523517,18825.048411163865,18210.418947391954,0.5168757639664281,9056069.228585271,ok
843,9053854.54593989,0.05666643235032751,102401.54556172772,3068050.709655613,0.016688372398711467,9053000.08837662,ok
844,9053378.972494563,0.08864833409742866,49063.575601049175,507611.29099323956,0.04832790017834986,9052193.402702544,ok
845,9051918.873480322,0.14482091495033678,30904.204286101638,309047.4812384759,0.04999912013884764,9051146.281968875,ok
846,9050402.574474901,0.1479591291150365,24390.487127400986,237043.07204197548,0.05144737392511081,9049775.16121917,ok
847,9049174.100588404,0.10340134934369194,35335.57642380837,1038713.1944912528,0.0170093037285019,9048873.583812498,ok
848,9048762.103281856,0.17394277728480415,16823.021191576787,9721.39363621044,0.8652576894383777,9041483.979059057,ok
849,9042092.371071171,0.04173562006792816,159785.80897381058,4266535.036201506,0.018725477186760407,9040596.338310817,ok
850,9040884.336074378,0.07230501613058188,76246.97958781748,508551.77589561354,0.07496481499208067,9038026.415715124,ok
851,9037748.626658753,0.12509275168434053,35290.85165708471,442145.91743098455,0.03990860286818473,9037044.42236692,ok
852,9036924.489150416,0.14171298616354205,23717.71881990195,109983.56279816663,0.10782392485060191,9035645.820384583,ok
853,9035235.272565413,0.07192633220642222,56836.47192518265,1878052.1275128452,0.015131761012526503,9034805.254610429,ok
854,9034775.075617243,0.14810442478403452,25434.800831761397,334427.5834076102,0.038027366900475895,9034291.466365607,ok
855,9034716.384483064,0.057956290948812036,47791.321433587436,945549.2782081878,0.02527172434849287,9034112.499932304,ok
856,9034395.401213668,0.13023394771575808,27826.197848040356,509449.2036528227,0.02731008081720669,9034015.433357636,ok
857,9033687.242018018,0.16754358296076777,17639.404245128742,12876.005591884554,0.68497190837842,9027645.993823795,ok
858,9028937.123323238,0.04230946840240632,147754.06915178738,3741355.0792675694,0.019746063394324047,9027478.342715116,ok
859,9027668.788559971,0.08110635054732154,71321.97677602968,862233.190757685,0.04135886761292249,9026193.890462287,ok
860,9025934.999966178,0.12587860585464877,33436.00689659673,151425.2894279607,0.11040430242170224,9024089.260457585,ok
861,9024326.642481219,0.06443097777528163,72881.70962106119,2620661.0457743863,0.013905214819477957,9023819.924566874,ok
862,9023598.650561044,0.16120654148239527,23535.929730364704,54684.48050011514,0.21519752510326168,9021066.213646553,ok
863,9021357.374812003,0.049450320104134374,60845.2967415063,1190679.7535410705,0.025550655648822848,9020580.056199558,ok
864,9020674.263342405,0.08996408939915675,36188.96840988341,650735.7871010575,0.02780619195011582,9020171.124641363,ok
865,9020278.877850164,0.1566702696722391,23165.14566813584,96717.54194432334,0.11975669150830541,9018891.787248403,ok
866,9018383.167332852,0.07216895745462155,50175.214100531266,1245903.8845916963,0.020136069371424477,9017878.001536926,ok
867,9018068.593995554,0.1455541250384115,29703.189296650038,493826.2202006412,0.030074536427593553,9017621.939171296,ok
868,9017362.436853908,0.17731047253747728,18489.56672927727,61280.29567915742,0.15086061942391965,9015967.763109079,ok
869,9015376.579581795,0.06751254487279743,60209.00596097531,1367318.1366255071,0.022017189836144868,9014713.763024751,ok
870,9014665.125591677,0.13548921882610096,32451.090911546842,580251.1410179809,0.02796297035677974,9014211.411145074,ok
871,9014135.672334142,0.18734381739541492,19453.23757251035,74701.0832414675,0.13020719866691047,9012869.196549483,ok
872,9012543.826056505,0.10732074031472091,30916.46945929122,598740.8579228247,0.025817905234117353,9012144.726817168,ok
873,9012152.147951245,0.16603923443536073,19356.628567585787,159611.83294699716,0.060636571268539996,9011565.288157417,ok
874,9010995.740342934,0.14101751488427153,20299.670013227762,169861.6167435549,0.0597535523398284,9010389.251645627,ok
875,9010287.865561686,0.13161403592632864,24949.516567625178,553238.071757338,0.022548625845988927,9010006.576904627,ok
876,9010149.2910207,0.1629191994797675,18205.688807467,77000.04122247885,0.11821869520085503,9009073.164632676,ok
877,9008949.226621384,0.08846088128420757,41379.28114650531,1261699.0448965328,0.01639823748535003,9008609.952981777,ok
878,9008761.097971715,0.1291805600208011,25201.746822748064,341717.501559908,0.036875118639965,9008296.439269705,ok
879,9008106.060633034,0.14799264802042628,24008.14353383945,286756.8438140531,0.04186150052168848,9007603.552176502,ok
880,9007582.716896892,0.09853080353424318,33042.525575235966,740496.3407283165,0.022311066076799876,9007214.109911166,ok
881,9007336.390219659,0.1720362572929614,16390.258858976667,9064.447293879479,0.9040958774201128,8999927.207487533,ok
882,9000223.223386604,0.028694958678393383,133434.58934545898,1622441.1401804108,0.04112155012619485,8997479.704809437,ok
883,8997240.392760133,0.10761978490684494,48781.49879960777,355356.0150717341,0.06863750257577668,8995566.272635378,ok
884,8994487.463996805,0.1475249880057775,29730.069496709213,114554.50753611814,0.12976385711987612,8992558.519751638,ok
885,8992335.220157446,0.12731486878222467,32632.969853820305,495688.44833810575,0.03291681495022613,8991798.133442469,ok
886,8991942.020049732,0.16448850090580774,18744.559949117123,18987.153853660246,0.49361163062108027,8987315.753648853,ok
887,8986803.497945096,0.08754219629035104,55318.49480534182,765525.147381303,0.0361310761603159,8985804.139570653,ok
888,8985793.04619323,0.1523611999479983,25116.408067860546,84260.57847079163,0.14904008804406074,8983921.370358339,ok
889,8984101.636423443,0.12462544141421186,35089.30035021774,473651.43918164325,0.03704126858649863,8983451.76032405,ok
890,8983358.271642394,0.13597660059127498,25567.635463967847,219855.50560033,0.058146452585196184,8982614.937990783,ok
891,8982950.945272457,0.10691057538103761,42922.075970260885,1562760.571065728,0.013732774157780958,8982656.225684617,ok
892,8982675.718919432,0.18451738304666837,17904.860592006567,32934.58691340299,0.2718245812386376,8980242.228303153,ok
893,8979937.642910045,0.06466730751913125,88505.15047406142,2570960.449268338,0.017212468301340232,8979175.946861524,ok
894,8979218.230399713,0.11710594231494535,33578.45909801099,467625.9162249839,0.035903120350001885,8978615.444670632,ok
895,8978595.012299187,0.1763487532181181,20127.812069720112,81162.16370875806,0.12399750789017074,8977347.113031225,ok
896,8976696.878482983,0.1144300674439394,28720.413148831492,940642.4899927987,0.015266380933446547,8976477.650099134,ok
897,8976260.347380051,0.1718292796940573,16483.418996899585,25007.17225122525,0.3295738284861849,8973544.095627375,ok
898,8973571.161650868,0.036621615417815945,136680.52972540358,3442012.8459011014,0.019854738469115348,8972214.283565108,ok
899,8971996.267464198,0.11705166208026231,34421.411537686945,1007444.5971725892,0.017083525800967735,8971702.247928144,ok
900,8971547.706061447,0.17933855774079646,16937.513948122538,12549.611714214983,0.6748222309116291,8965832.800587162,ok
901,8966599.005364615,0.04905840050632561,125726.05802600556,2130921.9422502215,0.02950039030834718,8964744.521472767,ok
902,8964695.314951424,0.12508096086661566,36189.68833375262,176641.4929501809,0.10243824293298796,8962841.710908823,ok
903,8962999.77120347,0.16101754537733193,24379.095603656224,155664.67443170314,0.07830644843686868,8962045.251007056,ok
904,8961714.091411205,0.1056256590632267,32047.88626247455,574699.1510383874,0.027882315646864324,8961267.306770911,ok
905,8961488.738506895,0.17093102929360846,21468.81877157816,108317.92448484726,0.09910095154464238,8960424.948322494,ok
906,8960819.449214205,0.044528041992488304,73013.16094344335,1098126.3628445773,0.033244425875684595,8959605.80890574,ok
907,8959475.18534021,0.1719367183029278,16227.354205944466,21088.382170672652,0.38474630425921535,8956353.47806089,ok
908,8955767.02721107,0.059763369029796676,52961.45773728352,690430.1182752369,0.03835395960824139,8954751.386405645,ok
909,8954725.659208952,0.15608369593920335,27360.069854344903,333513.79976002267,0.041017897721221185,8954164.532935487,ok
910,8953881.96566999,0.17312610200797954,16133.281168099245,11103.909315243214,0.7264685215841873,8948021.805210743,ok
911,8947876.313964043,0.0455438304474614,131966.8397352791,3837398.8824713775,0.017194829593827534,8946741.7403034,ok
912,8947084.294066064,0.06916089696401696,83631.72340142287,1873033.5149320192,0.022325207406782108,8946150.746280704,ok
913,8946197.808016585,0.10815869720578156,44736.67893016212,290605.8841698459,0.07697139212779251,8944476.085788371,ok
914,8943613.486958476,0.16048044715539958,21363.410374405154,27718.732803485356,0.38536051640352975,8939497.179531466,ok
915,8939672.396670066,0.11223826506835917,51695.29244661235,520645.24200714444,0.04964540946088486,8938389.179689711,ok
916,8938095.775576305,0.17246114325851394,19245.745819863463,28753.24733226419,0.3346708216547718,8934875.280792858,ok
917,8934932.309110235,0.15136249831277215,26775.89111232581,164048.57769617595,0.08160964114518492,8933839.723677725,ok
918,8934603.808171675,0.09259252507384566,39527.139730494775,572686.8150705283,0.034510258216462406,8933921.762272347,ok
919,8934128.231022883,0.18317886817648846,16859.34948919676,32344.528807612365,0.2606213494325023,8931931.277815668,ok
920,8933181.240889966,0.06436926451181635,65098.37096903505,1244779.47905937,0.026148555653499078,8932330.126701849,ok
921,8932376.173311235,0.1321992429390371,25223.209457501573,75377.32280098597,0.1673129830048278,8930266.08810359,ok
922,8930300.280175524,0.11635531559093983,33901.1493441894,845855.378044956,0.02003956599681725,8929960.5980157,ok
923,8929817.350590587,0.17612337484747684,17959.700259002908,28635.240808156534,0.31359436400980467,8927001.320200322,ok
924,8927245.192588763,0.09173290713761237,48698.00287176439,639988.5914287237,0.0380459929473508,8926318.810651857,ok
925,8926894.260191286,0.060875779329093806,54265.59448761355,1110614.1792739632,0.024430443758195284,8926231.393914219,ok
926,8926206.845864452,0.12903683087861278,26286.3515797473,99512.31396311652,0.13207587349184813,8924470.949441547,ok
927,8924301.119841713,0.18290324421890142,14400.560773263274,6124.783102050259,1.0,8916025.342170501,ok
928,8916216.921838894,0.03551079737702153,139774.65103035836,3036751.30828704,0.023013845527772567,8914608.545725139,ok
929,8915097.52738813,0.06565998729731788,76138.28236201715,1360694.0811089752,0.02797773703107605,8914032.438967168,ok
930,8914184.705259033,0.101271429871811,45894.81962849897,290908.6234840112,0.07888184798176225,8912374.57116649,ok
931,8912683.366881244,0.10142478841564549,38059.9944497097,442759.0404056029,0.04298048258353312,8911865.448416958,ok
932,8912243.468521837,0.1258085795101346,34357.59550203881,279393.1105356193,0.06148611795790616,8911187.210936943,ok
933,8911895.868556302,0.07121012881037281,53737.14251880243,1156031.141731498,0.023242082578465485,8911271.387004327,ok
934,8911303.178622384,0.17026259568742907,20446.615858138186,50181.18368909476,0.2037279150768776,8909220.405412804,ok
935,8909421.248440146,0.09245448834624308,31340.338300951033,239460.1413799605,0.0654395719478469,8908395.799278589,ok
936,8907852.4323655,0.16595502196635395,18930.97627373082,40947.94272015192,0.23115906460929747,8905664.39898171,ok
937,8907716.399741914,0.05440428771012426,61826.361742604284,432814.2804947112,0.07142366198261309,8905508.467160555,ok
938,8905813.975084111,0.14502165187003443,20196.549933790884,103321.90824804216,0.09773604783462556,8904827.0095989,ok
939,8905249.599808417,0.08726565140598526,31884.455606134736,429636.53557696857,0.03710631308777823,8904658.04251224,ok
940,8904683.530732244,0.1855194156976681,14434.83305509948,12810.775974298154,0.5633863664488248,8900617.33665964,ok
941,8900419.539926488,0.052193617240256056,72200.27642035796,2086122.6068101681,0.017304897656700385,8899794.83072937,ok
942,8899648.14369956,0.1385089800503033,25903.250911708783,153792.72299146873,0.08421481331449505,8898557.424979677,ok
943,8898757.551254787,0.11606220030389486,29068.597319350796,444618.8700843094,0.032689342800316545,8898282.434583537,ok
944,8898486.020184651,0.1948894524694846,14063.14600910294,8530.700991924758,0.8242667292181057,8892690.128502931,ok
945,8892357.11028566,0.059842093476588476,106246.00244711008,1886128.3220997672,0.028165104463526044,8890860.895406783,ok
946,8890810.511338769,0.10552493741959083,50870.64104735151,321073.952221349,0.07921950799092103,8888795.537761291,ok
947,8888511.995554846,0.16021706283461995,26791.5510847433,263304.2359753882,0.05087565527667315,8887830.47669619,ok
948,8887548.842056548,0.15917305690858283,25705.77991212794,343147.0731303631,0.037455921855352965,8887067.42521474,ok
949,8887112.457096063,0.1743900151142912,20062.592955971675,217684.86474597018,0.04608173604394579,8886650.197539587,ok
950,8886613.716548475,0.09987978919508682,33381.386211482124,1284581.6484123406,0.012993096333245671,8886396.852765083,ok
951,8886447.20016841,0.18999075826088016,17393.759125838107,121705.09465366483,0.0714586319304684,8885825.733052779,ok
952,8885829.087917875,0.08337492379874417,30133.28933532648,723248.3523874339,0.020831910114870546,8885515.220930427,ok
953,8885434.395251436,0.18214791193748925,13363.879895046597,5541.3310468771215,1.0,8877611.846403267,ok
954,8877778.512084804,0.05792614075064768,115984.44080033628,3503126.22731569,0.016554419292109074,8876818.48455262,ok
955,8876857.969181128,0.0902885106543908,59294.31749940491,788879.6217113301,0.037581346930205095,8875743.789022662,ok
956,8875691.346846588,0.1415303293252091,31677.687713010164,167862.81316926374,0.09435588238673238,8874196.858758522,ok
957,8875342.535917096,0.0787583561801378,42323.64759894597,417063.6210045421,0.05074003757149205,8874268.78418243,ok
958,8874181.468790276,0.15848765727969333,21311.153229868974,56909.73788963733,0.1872364380872462,8872186.356579129,ok
959,8872452.961850215,0.09874430948611822,43245.556754052595,1202041.4833232085,0.017988379500220874,8872064.00310692,ok
960,8872308.301777456,0.11497639146932498,34142.99614758736,650091.730532132,0.026260137257583357,8871860.001894847,ok
961,8871927.212559499,0.13937589734196454,27151.681820967227,318890.243806419,0.042572142529154235,8871349.259925306,ok
962,8871504.44160847,0.15542556851842934,20532.140848608484,186164.24049292115,0.05514523303252005,8870938.316762595,ok
963,8870499.286158923,0.14475718606120594,22732.607919679213,392296.4266291655,0.028973763685551178,8870169.961554011,ok
964,8870203.285509199,0.14330555391116867,20718.310564251136,327569.1273552546,0.03162433336060659,8869875.684129221,ok
965,8869451.179125383,0.15746875125298126,18729.593687442662,170470.69729160753,0.05493493598903916,8868936.724610224,ok
966,8869274.790551487,0.053957176842077945,45077.90210637315,871422.4707243646,0.025864551133793014,8868691.83069947,ok
967,8868766.453786049,0.16521365591370188,19622.351842180782,333230.75290166965,0.029442588463572842,8868477.58737106,ok
968,8868559.041614547,0.11717288041289362,23063.539281766367,432558.49988081167,0.02665944524049505,8868251.611033281,ok
969,8868232.225743163,0.1893236089219773,14007.454740927373,8326.287258589358,0.8411585083421995,8862340.98087539,ok
970,8860736.289459284,0.060855162556925135,74130.34690996051,1413439.4071306915,0.026223390453095727,8859764.314943563,ok
971,8859477.220874682,0.1190874404323764,43553.461670639095,389901.0217366374,0.05585194606140032,8858260.948078675,ok
972,8858582.342628919,0.11773024762730619,31358.65829601943,622378.9597971459,0.025192575843373838,8858187.339940183,ok
973,8858362.906623367,0.10997726559963275,39383.15862220342,1445733.221521961,0.01362047922670814,8858094.697876418,ok
974,8858145.623524323,0.1655035266967376,23069.571455171535,195267.97514190586,0.059071569309832636,8857464.24562974,ok
975,8857611.44194058,0.10580682725910541,28528.446028903523,628537.7017751521,0.022694299759848817,8857287.72538765,ok
976,8857378.262139758,0.1774910061731324,15999.301188989912,19321.291459259406,0.41403291345006116,8854066.143497538,ok
977,8853138.907454077,0.08708616439063922,50510.03968240023,932779.8142041785,0.02707500683078888,8852455.127619365,ok
978,8852476.522233037,0.16916077700244694,19730.43319770709,92365.7509939924,0.1068060021457,8851422.857887812,ok
979,8851196.628631469,0.17733778695567814,15560.268158380935,39949.440999934166,0.1947495104926071,8849681.45132798,ok
980,8849363.682484366,0.16531777773292333,23805.50444693319,167564.28725434,0.07103394415660792,8848518.183047613,ok
981,8847926.508822503,0.1587968258425274,20475.08102937754,219068.05973149047,0.04673223712866595,8847448.085651556,ok
982,8847894.83034512,0.05536495825284825,70908.88094799152,2306027.234872101,0.015374684191863922,8847349.729519634,ok
983,8847590.802437432,0.09880224056930158,30547.51103772861,882982.9714718481,0.017297904956654394,8847326.598466136,ok
984,8847298.187908037,0.20077890544379046,13257.50516797656,61192.34090270437,0.10832650763480313,8846580.118290637,ok
985,8846711.323036259,0.05424694136256258,45277.41587775384,894121.2466584011,0.025319505630231418,8846138.122143138,ok
986,8846106.0471871,0.17620008353534142,17174.79013381938,165265.83780293708,0.05196110207089076,8845659.836675504,ok
987,8846051.809011783,0.0774142002189727,44663.61858146062,1589513.0620361655,0.014049465728909,8845738.05902249,ok
988,8845580.889665062,0.17223508139957666,15827.311446338665,113843.82985818436,0.0695132598141454,8845030.785658699,ok
989,8845289.05337425,0.07440696230604213,33502.0303990183,789122.0987876941,0.021227406031643595,8844933.472773168,ok
990,8844797.965694394,0.18061799988495558,14675.731610265582,38397.527796251925,0.19110255858318717,8843395.680764493,ok
991,8844454.32790447,0.03738530674392735,135561.30153044377,4011390.2255702345,0.01689704739597769,8843309.03503596,ok
992,8843305.527677968,0.11961221791889858,25635.480823044858,832113.4648579595,0.015403837280424729,8843108.085290367,ok
993,8843166.216136739,0.17153737121597626,13197.068212154947,3588.022615292456,1.0,8833557.170539876,ok
994,8833170.730440252,0.06561564266878846,86875.20428271074,2032872.9043858314,0.02136759363934691,8832242.573409026,ok
995,8831987.637768365,0.15622727376631684,29120.12463502228,168007.78294850187,0.08666302275992846,8830725.818756357,ok
996,8830915.031681417,0.08735049873469469,36049.725163608826,919894.0920253526,0.01959449760365201,8830561.84355475,ok
997,8830326.109911975,0.17773402574424638,14634.495931448744,13799.157065789712,0.5302677497500905,8826446.009298827,ok
998,8826600.129798433,0.04271507179076418,95029.69680958893,1417526.0244159908,0.033519559843262985,8825007.452993885,ok
999,8824894.620611936,0.14480381119338048,29117.32015600864,171736.1959040108,0.0847733932929413,8823660.433595324,ok
1000,8823893.781860271,0.1611427128719999,21320.212087209344,125729.5159984887,0.08478602624806739,8822989.953829452,ok
1001,8822865.644496016,0.11920103117939006,35449.767681210025,1175875.2818804597,0.015073778753355015,8822598.463518573,ok
1002,8822598.889863309,0.2011534761973362,15072.032564648363,25446.970761773227,0.2961459087949629,8820367.129472686,ok
1003,8820475.072567005,0.07160424720916693,47052.38027431765,315385.167411358,0.07459510645430428,8818720.133909259,ok
1004,8818894.830071306,0.16506057248427838,26214.318539563523,183792.47045436408,0.07131499586124931,8817960.093062228,ok
1005,8817766.516727675,0.17525782579770793,18934.608883031004,64026.26355093711,0.14786595244596207,8816366.624739334,ok
1006,8816227.296576893,0.11894102260604186,28636.979463024734,692363.4808715417,0.020680596431065897,8815931.181669252,ok
1007,8815768.479880525,0.17729633282199228,15519.79409201632,32463.44651503415,0.23903491092402876,8813913.593581352,ok
1008,8814334.702222427,0.07609603036348453,58854.33930561644,1807050.8635311597,0.016284638272607645,8813855.491409246,ok
1009,8813729.356824897,0.18182725807050584,17470.75930796317,158921.87871021547,0.05496650130791637,8813249.203567723,ok
1010,8812657.226161983,0.1888912302727433,12619.145427645562,18520.218731054443,0.34068564769394316,8810507.645295303,ok
1011,8810698.879623061,0.049978821168691616,105383.72549808127,2776806.667846182,0.018975704487886026,8809699.014406618,ok
1012,8809638.144003455,0.1719417899657954,20995.36794129428,144710.22977582514,0.07254279111372713,8808876.612707993,ok
1013,8808411.869427443,0.18023374998182456,16811.970816611876,212537.68045169098,0.03955056529478116,8808079.407952683,ok
1014,8808097.629439285,0.15810297198124906,21654.94208356792,614542.3948707107,0.017618753615951714,8807906.862894716,ok
1015,8808106.643340386,0.1388795978482761,20120.93561201008,318067.36795608676,0.03162999043458622,8807788.430839915,ok
1016,8807653.971670078,0.15263068605474442,19087.842519131824,443415.9380730955,0.02152363151635887,8807448.551825665,ok
1017,8807374.643530902,0.11227439321853172,22563.300794827715,539564.1731573235,0.0209088204122189,8807138.757528787,ok
1018,8807180.479431652,0.1858953851161292,11690.8391404416,2619.871341027706,1.0,8798109.511632238,ok
1019,8798165.149500469,0.11216447535178739,49178.39034533536,620940.1734537956,0.039599942512815005,8797191.418785196,ok
1020,8797344.469609099,0.12810448066439095,33831.06730877861,294916.8571150587,0.05735695755020843,8796374.246063344,ok
1021,8795962.708524507,0.16144736256352468,23812.42315359352,357262.87397089583,0.033326193243820496,8795565.919816695,ok
1022,8795703.242144799,0.17890503121655593,16662.469064912053,72526.78797949375,0.11487113609404022,8794746.223768989,ok
1023,8794348.420760937,0.13597532896449777,25878.846004615865,491615.8123539371,0.02632019287653067,8794007.852651807,ok
1024,8794354.88756379,0.10635378351166104,27053.25461614244,373994.69904680393,0.036167965328242305,8793865.656976303,ok
1025,8793768.598119289,0.19579587029676637,12968.529318601937,15800.77714021146,0.4103763126181394,8791107.609498365,ok
1026,8793022.780261178,0.05163208898479577,75396.82222078144,920434.2508810585,0.040957201532108384,8791478.75883989,ok
1027,8791133.047883524,0.12503263402599396,31297.950169795702,229568.96720268702,0.06816677042886782,8790066.307791464,ok
1028,8790665.964835767,0.10534961339796406,34088.4159096487,1124142.1186372282,0.015161969000402417,8790407.541083118,ok
1029,8790516.055220004,0.18214580364634111,20594.890521361194,177714.79028996103,0.05794365929745742,8789919.383560186,ok
1030,8790588.202795811,0.0635469218106261,53835.44267373918,1655472.5951174947,0.016259841096891818,8790150.524924183,ok
1031,8790068.734667324,0.18446365524255026,16172.684388459114,38190.29130861542,0.21173816478339727,8788356.547411306,ok
1032,8787949.914150085,0.07348009928085626,56569.77368528592,1190601.9141581347,0.023756796042649558,8787277.955862276,ok
1033,8787214.152948847,0.2022778455356225,16021.023175898517,58882.097835771936,0.13604324374262916,8786124.376968386,ok
1034,8787147.856145076,0.06887712525917526,53628.53379028698,665361.4957810217,0.04030029850715675,8786067.23318495,ok
1035,8786724.188821169,0.10538608889055119,36566.70435950149,631542.0815467354,0.02895033080768307,8786194.879727293,ok
1036,8786165.941145007,0.196067075637163,15444.388490980378,48767.51009029026,0.15834710919612233,8784943.154009582,ok
1037,8784747.637904633,0.15363410907404268,25924.347157075546,257257.44845005564,0.050385999148453306,8784094.525837744,ok
1038,8784108.549416708,0.13600519074173117,20837.810871133333,268338.56209164293,0.03882746242043439,8783704.009757446,ok
1039,8783600.345134608,0.18520450298206986,16365.068043158777,165298.41052352672,0.049501589251003585,8783195.296696441,ok
1040,8783217.499968342,0.16675710857799922,15203.84627421279,112834.36920083643,0.06737240781286738,8782705.340102587,ok
1041,8782344.82008164,0.16203811122953796,18924.630841201673,299124.78471921524,0.03163333800468255,8782045.495459633,ok
1042,8782092.82219518,0.14933858244134318,17767.149292196063,241140.5199933091,0.036839825369641414,8781765.552856559,ok
1043,8781567.589736372,0.19840805548327722,10979.589887962771,7741.0269009036365,0.7091817421976073,8777674.327393692,ok
1044,8777496.685587207,0.04130089225114368,142807.53970818853,2681251.716556526,0.026630759586345962,8775595.148958663,ok
1045,8775220.543734841,0.14641741415694925,29818.56972927679,364371.3484406534,0.040917829923904483,8774610.488152463,ok
1046,8774555.713765495,0.14232085954311952,23975.463411716424,328136.63557644235,0.0365327440040311,8774117.769031895,ok
1047,8774214.465080645,0.18842806437335502,16337.453702926232,45110.50431806832,0.1810825876356088,8772735.250884693,ok
1048,8772448.314256582,0.11629836479235427,34061.3653282991,422603.5048052845,0.04029943545308853,8771761.987359837,ok
1049,8772006.579911567,0.17259951033026047,20462.828839191447,186677.45406806082,0.054807981342328824,8771445.816740952,ok
1050,8771014.630129514,0.1081802443146284,29509.497272929686,486324.2215350025,0.03033932504923136,8770566.981014613,ok
1051,8770212.830633175,0.21317890967183353,12891.88488999257,17796.928535204897,0.36219409614671877,8767878.148335494,ok
1052,8767392.230004802,0.12062849641667853,39034.054353787535,612019.4283565582,0.03188955492687936,8766769.840694634,ok
1053,8766795.408401154,0.1957041857555068,15908.16752365688,137192.18449749742,0.05797767409974826,8766334.249125049,ok
1054,8766882.355445191,0.06179375414671251,40744.496210815094,852081.9569206741,0.023908789453810878,8766395.279654538,ok
1055,8766205.754354006,0.21121990653143727,14320.709702852148,48702.32910387099,0.14702284229886964,8765153.01863188,ok
1056,8765175.585412472,0.08466665277097377,38912.80454290399,958805.9700914533,0.020292324910738922,8764780.769775985,ok
1057,8764593.138709866,0.1667345531068105,20635.848191847712,195543.84848854534,0.05276527068315455,8764048.710652057,ok
1058,8763585.064454274,0.21887729458880803,15099.726473879615,94818.4145335742,0.07962444082279482,8762983.910815746,ok
1059,8762711.295309007,0.10732827815505498,31982.0791247328,731948.5212448634,0.02184721889344021,8762361.935567355,ok
1060,8762374.092984766,0.17779926754530365,15973.990325245739,259626.54797286636,0.030763399294041347,8762128.38586342,ok
1061,8762728.677017782,0.057431024546112,55628.9740828263,1645946.9408748334,0.016898775015572215,8762258.646259096,ok
1062,8762325.826219883,0.18900472216800682,17163.70459184338,196774.23581853422,0.0436126826269873,8761951.54861935,ok
1063,8761389.511525428,0.1994172269464417,15287.611184259666,61594.40068462446,0.12409903347006544,8760440.922639413,ok
1064,8760353.671744684,0.07385419542076502,39970.98782132838,669127.9127019657,0.029867972223669395,8759756.745567685,ok
1065,8759656.242460117,0.21155369059607027,14489.973200466266,37338.07289804692,0.19403750750650292,8758250.44331829,ok
1066,8758095.271476464,0.08118017487676547,46010.20236317561,1073833.1572838044,0.021423347775717607,8757602.425193235,ok
1067,8757619.801302647,0.17376534072510996,19292.234072797335,417640.9989171398,0.023096671690301322,8757397.00810437,ok
1068,8757260.81853793,0.22364384013341942,11865.362823465868,19610.932813406762,0.30251908301257,8755466.069197448,ok
1069,8755857.398411727,0.05069766523771415,79736.55631521659,2162238.3236307376,0.01843842916014142,8755122.28998918,ok
1070,8755025.576257376,0.14182489945894114,21548.13550314537,435654.6317184111,0.02473075451780481,8754759.125432653,ok
1071,8755237.378820464,0.08140072799799829,38559.38825452653,1218620.5629673994,0.015820916463379124,8754932.356390236,ok
1072,8755005.434209237,0.1852155977149543,17059.139905853324,155617.6707125356,0.05481106299735646,8754537.919413207,ok
1073,8754393.863850143,0.19301783746103832,17749.822545566683,263089.14171852946,0.03373347609411536,8754094.482242886,ok
1074,8754381.201778304,0.09471816444633643,29425.768769492388,738519.6993821809,0.019922128545866096,8754088.08980431,ok
1075,8754107.247158883,0.18637044014338655,19480.334556136262,360390.41836479673,0.027026709872760478,8753844.002483748,ok
1076,8753607.146766346,0.18892713626136348,12731.196829356795,20119.385299576144,0.31639129724368376,8751593.126826193,ok
1077,8752349.425597616,0.03072063323749064,134330.5099221907,2983093.5556464596,0.022515302892181708,8750837.179538336,ok
1078,8750849.018334359,0.1799468410080601,15715.444847497605,132864.3647980607,0.059140932451614704,8750384.305303274,ok
1079,8750375.76329841,0.20682216023479463,11953.380340900527,67444.12635498968,0.08861691141185778,8749846.12747504,ok
1080,8749705.48407275,0.13740241229764874,20479.365916652227,625085.5911667653,0.016381249388924546,8749537.745272547,ok
1081,8749516.873575106,0.18639829347067974,11248.186308474556,17480.322188620667,0.321738529390405,8747707.386114506,ok
1082,8748503.129772589,0.029796146242135266,134672.09136897355,2923226.2220387715,0.023034839102368206,8746952.054794457,ok
1083,8746722.968707671,0.1516965770845447,18851.64343740454,337193.813109802,0.02795372083423397,8746459.481918713,ok
1084,8746097.93964418,0.1930786814865734,13564.858459051338,46335.1723201548,0.1463775548877253,8745105.144237362,ok
1085,8744999.305389028,0.05277471183978373,72712.14313805848,1516295.8527548632,0.023976898375720125,8744127.599555677,ok
1086,8744263.75571996,0.1710233497952875,21322.79866953021,396658.21364631434,0.02687805008941901,8743977.198094618,ok
1087,8744033.887063095,0.14251638357891,18941.7963542803,401921.19380784215,0.023564067590991906,8743810.714178301,ok
1088,8743875.300710805,0.2127116681450389,11700.467835407384,13165.852235485947,0.4443490488170257,8741275.754834117,ok
1089,8741191.856551833,0.07939378383710964,50993.55842786715,571967.6330063209,0.04457731127182822,8740055.278688386,ok
1090,8739890.679134864,0.17142072238693448,22011.156200958543,134679.00461535365,0.08171710306228841,8738991.335174968,ok
1091,8738716.251947038,0.19826178757179755,16509.873163781092,86363.89894730877,0.09558318559618229,8737927.218811646,ok
1092,8738983.219578568,0.060056138970763895,51916.195771264975,660355.4575799087,0.0393092804605031,8737962.82542856,ok
1093,8737849.216587927,0.1897120080511034,16137.7674712019,45073.21962408448,0.1790172479999501,8736404.747227147,ok
1094,8736491.051053781,0.1231473394462061,28496.451375724188,320318.82998807164,0.04448138652477185,8735857.270219667,ok
1095,8735866.512394747,0.174354572774648,17760.928348981965,180548.9345432139,0.049185912932460246,8735429.718657061,ok
1096,8735219.341795517,0.1726793773882405,17635.29655183113,381450.5451095022,0.02311609824383473,8735015.512171691,ok
1097,8735272.738304377,0.11203527435040797,25122.0444654917,597145.247492978,0.021035120492847195,8735008.515688198,ok
1098,8735081.310263047,0.18896805140636763,14034.379190169779,73776.42403239812,0.0951142548194443,8734413.875503784,ok
1099,8734681.554546393,0.08447235299195022,37424.60121487381,783746.3123094974,0.023875456016241532,8734234.789836278,ok
1100,8734173.424908625,0.1978857321781461,14377.031585740056,75471.00592617736,0.09524870782697052,8733488.72806816,ok
1101,8733211.809225889,0.2128053149950516,11034.43211146884,36331.73655782651,0.15185665697407771,8732373.983239861,ok
1102,8732655.002048528,0.07105282378538563,41594.82727017181,784008.3812586076,0.026527029726007244,8732103.308438806,ok
1103,8732115.9443447,0.20498210223394214,14247.844158687953,63063.068571782685,0.11296504024752685,8731311.190200286,ok
1104,8731368.89702345,0.14288988665311186,23954.562250415147,411134.2055819011,0.029132290533344124,8731019.97138991,ok
1105,8731145.600866543,0.20434184910029615,12522.795076110713,17142.454142597657,0.3652567763034742,8728858.58298664,ok
1106,8729168.59330205,0.06421144813218702,72314.70263375131,1017562.9971208134,0.03553328041524957,8727883.803998634,ok
1107,8728083.759563714,0.11593847068342499,38624.08011283814,1228213.3291090715,0.01572368545326548,8727780.103120405,ok
1108,8727986.559660826,0.12338951854365093,31150.473318402223,874189.1623013961,0.017816780773394218,8727709.059083777,ok
1109,8727750.659709243,0.17330804872493877,19330.568438802005,89141.88959616539,0.10842583955968522,8726702.693153173,ok
1110,8726948.819271505,0.13423780508477653,27406.80148248077,432372.49933492887,0.031693506784818234,8726514.510447137,ok
1111,8726506.054107599,0.19333170361437854,13128.333687366323,13770.155094280864,0.47669520050717845,8723376.947277887,ok
1112,8724964.587363157,0.049862208818362,119206.07062600675,3051555.7073430307,0.019532016135107473,8723800.419915723,ok
1113,8723383.871200455,0.1206546788308723,38292.35476876206,445244.3939881119,0.043001501294348106,8722560.556828879,ok
1114,8722669.625930935,0.19299820470478518,18438.957115026496,116434.22459815255,0.07918186074010693,8721939.610463697,ok
1115,8722015.753957368,0.1286080498554941,21976.26701505207,236043.22475043256,0.04655136159550328,8721504.2413812,ok
1116,8721504.017023023,0.20715542225541994,13448.448354770702,18618.00981011655,0.36116772125297625,8719075.444299683,ok
1117,8718659.57677386,0.12098527119444125,41750.42288698609,700709.8846352871,0.029791518431852,8718037.672527371,ok
1118,8718078.617798492,0.1520095823025857,24344.092985651194,387644.9728551899,0.031399985412354704,8717696.415716179,ok
1119,8717582.910236351,0.18120612736662578,19327.571930262424,214961.24887056946,0.0449559444593192,8717148.465611236,ok
1120,8717382.857291674,0.12208322949045781,22871.465613680048,523865.1716513953,0.021829534440686013,8717133.220568512,ok
1121,8717214.310358908,0.16693767239359059,22660.1051996695,712479.6765648203,0.015902281808881827,8717034.136669556,ok
1122,8716876.553754311,0.21848985768005535,12710.199995321418,25478.766839177926,0.24942729912221123,8715291.418326242,ok
1123,8715874.08510292,0.11745180532149739,30813.57922275264,249508.1520025787,0.06174864222960174,8714922.736763299,ok
1124,8715041.8110837,0.18178658676538914,19461.842389911413,101959.45172047839,0.09543912830791798,8714113.10044722,ok
1125,8714056.34278448,0.19035716516211101,16426.256637285074,240806.24145010955,0.03410679170599546,8713776.21932766,ok
1126,8713708.097632844,0.09811500352364183,36774.01176834678,1609912.635452096,0.01142112030135719,8713498.09742666,ok
1127,8713560.674860317,0.20596409831128934,13127.173785167226,55579.65341070365,0.11809333973499704,8712785.558963532,ok
1128,8713350.278037382,0.05104145418175971,47470.95697622626,969487.54222921,0.024482499727161523,8712769.174191773,ok
1129,8712781.215270255,0.20526870808028694,12007.888000698926,20379.020931042334,0.2946139571996787,8711012.369569506,ok
1130,8711039.521804791,0.04063237658272867,123180.6357234964,4126090.140456241,0.014927041282461626,8710120.16058747,ok
1131,8709843.029231086,0.20386914006875437,14492.166228107544,43613.13035045532,0.16614453160842932,8708639.132146105,ok
1132,8708543.262911811,0.1313609220754998,23318.546077900275,308102.0688528878,0.03784224196338387,8708102.049880356,ok
1133,8708070.927603811,0.21138054105658333,15558.630699063788,106083.74818514098,0.0733318296404381,8707500.456175879,ok
1134,8706772.28563993,0.2062938367485099,11414.37536629715,19859.973153843912,0.28737136948465336,8705132.203299517,ok
1135,8704095.927103119,0.135325235563503,29665.048585861856,1113392.2984800667,0.0133219210454207,8703898.329385584,ok
1136,8703769.039520413,0.21527033454745426,16289.497025891613,157983.77170232916,0.0515543364054634,8703349.142415637,ok
1137,8702913.202394046,0.22640629044145802,15861.65105035754,135144.07913780364,0.05868422483453285,8702447.788045803,ok
1138,8702197.810549743,0.22414323595161817,9992.564784142867,9228.939980664065,0.5413712086696145,8699492.967112293,ok
1139,8701273.300135422,0.03617240903984259,147535.67703454525,2205366.002770721,0.033449249886229354,8698805.821271291,ok
1140,8698413.502321094,0.17854885341309093,18270.076087377718,112428.03902786759,0.08125231145786109,8697671.25936479,ok
1141,8697531.303109132,0.1754818398584682,18946.309326985473,246129.5677759367,0.038488486974943996,8697166.695719253,ok
1142,8697057.168224752,0.19601496648257827,13728.189045855892,25726.231555821083,0.26681305841604325,8695225.738171833,ok
1143,8695541.21493809,0.06288117964292968,58534.84563462442,1083432.6012012963,0.02701360729302484,8694750.596271625,ok
1144,8694805.821453312,0.14648871848997103,21354.14470258933,224710.14000418095,0.04751486671271713,8694298.50178366,ok
1145,8694436.886983713,0.12749136085390383,25079.02480930537,340539.9828091692,0.03682243800335052,8693975.1515656,ok
1146,8694206.934479445,0.09609636132310191,29565.233748899147,495187.10713971197,0.02985258836773149,8693765.635102894,ok
1147,8693617.370155983,0.17964129536713844,15376.688345546192,113151.8314625155,0.06794714741599264,8693094.96910109,ok
1148,8692759.460695531,0.20584743091953253,12692.214161704358,34125.57672043321,0.18596336503969912,8691579.317267872,ok
1149,8691520.787658643,0.20421162519991645,16721.66517599764,260186.3202301903,0.032134020653360566,8691252.120491581,ok
1150,8691214.602876266,0.20005190059616443,13446.336162297112,68659.62697417659,0.09792025353818469,8690556.26855318,ok
1151,8690786.847270252,0.11557193522776775,31300.15958644768,1190316.4107456738,0.01314783166218791,8690581.082655631,ok
1152,8690663.24947906,0.1783568016127548,20826.1404116076,463727.65507849614,0.022455141701741205,8690429.422512038,ok
1153,8690429.64337431,0.2192335762268018,10859.749478554539,11506.698432612575,0.47188815897771175,8687867.349780113,ok
1154,8688614.082114208,0.05089643981205343,101831.22676842616,2108548.05038312,0.024147238842843442,8687384.610636989,ok
1155,8687280.400585089,0.11624367814107005,43839.98198896214,737456.7396276485,0.0297237652279763,8686628.85591897,ok
1156,8686672.38567431,0.20964823320432124,15340.31620609375,40882.371857845494,0.18761529124868867,8685233.346727885,ok
1157,8684792.257629974,0.13306426680269365,32190.668850230028,410221.8395685029,0.03923568389738854,8684160.746176248,ok
1158,8684019.4979854,0.16603133595399341,26698.847287286975,593457.8637028618,0.022494307448131492,8683719.211945705,ok
1159,8683805.349168736,0.2084260815402737,14016.020161671026,39043.60067447345,0.17949190033124487,8682547.468121786,ok
1160,8682716.122226208,0.1459786585008251,27347.786959593534,498313.59341796266,0.02744033809314074,8682340.905966073,ok
1161,8682404.708856493,0.09508255455555359,33392.07175543374,1034681.0387754813,0.01613640846987609,8682135.294801744,ok
1162,8681814.788968774,0.20082200755330468,15556.21485572259,61915.731285912545,0.12562409045842957,8680837.67129766,ok
1163,8680226.832367517,0.12735226298053173,24957.609214915195,936191.0102053637,0.013329336077175357,8680060.498187063,ok
1164,8680106.395934507,0.16794787929826424,19336.91889831578,555324.1744321138,0.017410478229306442,8679938.063431757,ok
1165,8680238.188382316,0.08876671403546736,27702.320595264613,792543.9774460774,0.01747683496664348,8679996.113939697,ok
1166,8679947.212075159,0.22655413106963243,10893.494155586159,15139.292560815147,0.35977553481533414,8677987.605732242,ok
1167,8677499.349800099,0.09744298798936339,46893.69162276069,682537.6091932739,0.0343524598433387,8676693.89297091,ok
1168,8676591.387347268,0.13457032491546053,27023.219758382336,521449.64999440097,0.02591162901218986,8676241.279524721,ok
1169,8676457.580327794,0.1374751224598446,22605.96779309847,335705.1689551704,0.03366937700640117,8676077.015901685,ok
1170,8676263.865298562,0.21713800255159393,12460.658021151328,21804.271560731944,0.28573892015709784,8674483.617814858,ok
1171,8673534.96364329,0.14472560365144077,26998.24819641005,414892.7958081204,0.032536414790986394,8673095.750542315,ok
1172,8672586.624828573,0.18086413768295764,15403.529110343003,81801.43224886386,0.09415195239785636,8671861.488658795,ok
1173,8672018.928059004,0.12450923257407218,27605.365128970057,661632.0479205756,0.0208615689156308,8671730.982445464,ok
1174,8671868.63701437,0.21406130982076527,13271.399853175953,81235.8387972779,0.08168438985590101,8671326.6039146,ok
1175,8671447.863843206,0.12253616409396402,25838.697954284697,423298.28670919273,0.030520673914321752,8671053.556605889,ok
1176,8671094.096226718,0.22075410353564842,10344.840489520466,42457.88552046882,0.12182472540387401,8670463.967550727,ok
1177,8670761.68764899,0.06966536892590239,61599.018721403234,1843900.1871328298,0.016703458015584496,8670247.229337482,ok
1178,8670096.14755266,0.18434739972308758,18670.344203910463,427911.02377710294,0.021815684998145513,8669892.49437868,ok
1179,8670017.822387192,0.1266702375856056,20582.525358724582,519383.3508182382,0.01981438693240629,8669813.90732644,ok
1180,8669852.362259258,0.17382738307166123,16471.98426760241,363208.9944507428,0.02267562824608999,8669665.605963394,ok
1181,8669680.207918826,0.21450242833438823,12294.401329136832,38664.239674403194,0.15898930682032872,8668702.868746283,ok
1182,8668161.547733346,0.16104732047128753,21864.80290718828,255927.0452323539,0.04271686661200152,8667694.549798703,ok
1183,8667672.359636836,0.22606915397429692,12133.452943050152,55821.018855847215,0.10868175815980453,8667013.017137635,ok
1184,8667307.675958797,0.045005295213117025,111515.24164053037,4038978.578363283,0.0138048815408325,8666537.948608376,ok
1185,8666446.650703745,0.2157788940746963,17274.40439715566,260160.07121298608,0.03319956885892295,8666159.899314605,ok
1186,8666793.960034475,0.0597079122640295,51808.71119237847,1221444.0994613688,0.02120797473057712,8666244.58111558,ok
1187,8666205.16435915,0.17612800726152833,14353.81330306762,230386.52469645353,0.03115159040221543,8665981.592302788,ok
1188,8665752.26582573,0.24685329160125097,9602.307975133604,9020.133900528574,0.5322708111112916,8663196.751698498,ok
1189,8663225.503037723,0.07168759687198988,64680.138007114394,1207909.0320875824,0.02677359647494738,8662359.64308025,ok
1190,8662004.023227721,0.18453952220126338,18135.956772144862,108808.49161359001,0.08333888515131162,8661248.30801845,ok
1191,8661524.833499456,0.13938446294245058,25684.717365664714,463948.36950722797,0.027680577251457034,8661169.349597845,ok
1192,8661153.876845688,0.23077207202908484,10852.19499933576,15456.704093502318,0.35105139277065545,8659249.03776112,ok
1193,8659630.333473913,0.06733202626251777,61343.85968144359,1155413.0424632495,0.026546290126110796,8658816.107525634,ok
1194,8658814.563866435,0.13415663318369592,28636.708481049754,398244.7429284668,0.035953655370905314,8658299.766692592,ok
1195,8658678.337266821,0.14352516142541008,29688.7274895344,1005668.4976758499,0.014760692791981916,8658459.224173892,ok
1196,8658411.54605502,0.22426719327328873,16330.616808495995,77013.18714749164,0.10602480830471572,8657545.820796711,ok
1197,8657535.116454758,0.20956466115655067,13918.76497711067,64446.202756847626,0.10798747157862419,8656783.590336071,ok
1198,8656839.290024914,0.13966171202928038,26917.282959729055,565629.6795490514,0.02379408642522867,8656519.053946376,ok
1199,8656506.486045068,0.21747287590529413,13411.681710054792,60286.17411967707,0.1112334785371402,8655760.572040247,ok
1200,8655793.82093415,0.10239884154344794,28280.670618453965,480539.2211857606,0.029425975416397483,8655377.727774963,ok
1201,8655472.459318262,0.203459904403356,14900.088095975349,112359.56760364861,0.06630538197038907,8654978.481301963,ok
1202,8654813.600919746,0.20042733542778698,15309.621794397517,234277.9238385647,0.0326740598165515,8654563.487170607,ok
1203,8654602.026517589,0.20038205315837065,11807.550226272713,11948.57686606045,0.49409860097279373,8651684.97949373,ok
1204,8651805.198288918,0.07553407304679213,62473.25355455328,857844.7680924429,0.03641291284754974,8650667.781720424,ok
1205,8650934.528994929,0.1281198235627323,31849.4504135076,616856.6548827246,0.02581592511112873,8650523.417481575,ok
1206,8650235.241331458,0.21023202541656624,16874.46992276775,86014.81733713594,0.09809048280965414,8649407.628880518,ok
1207,8648951.823149085,0.10844599045264115,26202.025896864296,751468.8688365312,0.017433873167248985,8648723.42175098,ok
1208,8648725.315973802,0.18519846506773008,14652.467661670293,95050.82419425707,0.07707701530143905,8648160.63173672,ok
1209,8648208.978123102,0.11468454624363207,21646.026008710294,367927.6910913526,0.02941614144956517,8647890.606841655,ok
1210,8647766.001734268,0.22887043124140294,10609.691105233785,12906.943692688777,0.4110071043094313,8645585.672524877,ok
1211,8645076.242843028,0.10653088465240272,34731.516278577095,391546.6316809721,0.04435169845475258,8644306.041974597,ok
1212,8643744.07172377,0.22261218082885714,14221.928573925616,54267.60440547913,0.13103516112174005,8642812.285372697,ok
1213,8643574.960428642,0.06959912143141225,52450.84759219487,738514.8635759067,0.035511030433583016,8642643.668606086,ok
1214,8642488.12873539,0.165642214393776,22227.612193999186,413765.8539105645,0.026860133556119502,8642189.610419307,ok
1215,8642231.208487628,0.22717152041756652,13605.42402579551,68742.35392124063,0.09895954422351824,8641558.015207347,ok
1216,8641798.42700405,0.1514384201981713,21455.06456093138,428595.8315198062,0.02502948347030284,8641529.92241216,ok
1217,8641512.986757426,0.16202540140788002,20029.929110076577,504310.27127590834,0.019858736031095225,8641314.102219965,ok
1218,8641338.276665324,0.21622218705679033,12779.68001234499,42376.04489729184,0.15078896630536787,8640374.759295937,ok
1219,8640471.030570144,0.1501648247236304,20657.533395388484,436881.23817946453,0.02364204684260516,8640226.83738405,ok
1220,8640033.348348957,0.2184343832346937,9147.838633291583,7830.677148280479,0.5841026554964239,8637361.709930077,ok
1221,8636284.897843525,0.11968765305833497,38644.15449852246,575400.9833790646,0.03358019504205847,8635636.058720876,ok
1222,8635530.79517227,0.20743394762003362,16274.763997057487,78693.12507307857,0.10340651729070288,8634689.336839939,ok
1223,8634936.784071252,0.07288827690376852,43805.030024733045,1246666.0527953173,0.017568870960475706,8634551.981611291,ok
1224,8634568.097679868,0.16389149674650133,16074.418542098294,180246.4258358722,0.044590117300676045,8634209.717575701,ok
1225,8634200.294784144,0.25186412657779866,9579.130121838096,7144.2814022759085,0.6704054321535077,8630989.34434965,ok
1226,8631169.173830278,0.06351207438921948,68675.7046989367,1670697.547871923,0.020553003380657808,8630463.427834855,ok
1227,8630619.66523856,0.09763115301703658,49170.76279584701,1260245.6037907575,0.019508404809325957,8630140.043665858,ok
1228,8630541.556846898,0.0898626283699819,48594.10281147444,1272875.5518117214,0.01908831650600446,8630077.767039504,ok
1229,8630064.520087587,0.15179774401085852,29064.833546909394,239415.94519563127,0.06069945241775766,8629182.41034713,ok
1230,8628802.20821106,0.1929546614129622,19599.574396562097,232619.7908510706,0.04212791681407337,8628389.363591176,ok
1231,8628372.372855835,0.12080885505792022,25263.647839126243,843202.1667110075,0.014980777348847176,8628183.138314186,ok
1232,8628300.260033417,0.19568315972530015,15624.666242981264,303066.1960605679,0.025777646016084663,8628098.87647565,ok
1233,8627862.739067148,0.16542520825963697,17926.82144239545,457449.79930281144,0.019594304631587223,8627687.10726694,ok
1234,8627503.769902125,0.22975392922474483,10462.289240126143,12036.309510505607,0.4346136675446233,8625230.242953343,ok
1235,8625330.756979547,0.07396428147787873,62285.74066680583,1168168.322765444,0.02665957441790354,8624500.501310306,ok
1236,8624217.462676112,0.15438272062054081,24821.407506057287,155859.89095246524,0.07962730935577074,8623229.231729047,ok
1237,8623386.274261352,0.21176418564215782,15931.790259458206,50356.643219256584,0.15818955793071832,8622126.152832258,ok
1238,8622160.635454627,0.10255750083419822,33516.018708488846,894610.342615252,0.018732188256682825,8621846.721268596,ok
1239,8621800.4413847,0.17484249057688556,23082.577938851868,470054.76516384043,0.024553073013530984,8621517.067273961,ok
1240,8621552.440115497,0.190626484994986,16846.28638918692,161010.035117981,0.052314398841173816,8621111.788442917,ok
1241,8621047.367613442,0.20859968147028213,13929.510108162987,67970.90366802392,0.10246671264072037,8620333.712058702,ok
1242,8620414.725339562,0.22290211577527824,12079.67176607962,174675.29495380653,0.03457750499082921,8620205.88288417,ok
1243,8620143.050944718,0.21278412512089728,11111.037334529301,131912.42977727432,0.042115202309932334,8619909.07915211,ok
1244,8620059.057866137,0.10349579668808628,29904.370765179585,1213911.4818405241,0.012317360537622887,8619874.886407955,ok
1245,8619649.102872968,0.20335021712757145,13146.318384112714,272491.8060503987,0.024122410458245556,8619490.54242893,ok
1246,8619457.979031494,0.23190759182816154,8313.984350430306,4356.965154026666,0.9541026903493365,8615491.781613361,ok
1247,8614247.87511937,0.08693166913638334,60642.17617102486,1476451.5390996814,0.02053646007508095,8613625.187304467,ok
1248,8613448.51255752,0.15200189704358882,29145.48818555111,236420.96398262298,0.061638967404966064,8612550.263659384,ok
1249,8612843.247088168,0.17594011705900736,18964.265186329198,303068.121829192,0.031287132859551266,8612546.578345934,ok
1250,8612504.984050563,0.19650544399990932,16424.120109360818,92963.66354577598,0.08833623527150186,8611779.561581507,ok
1251,8611739.096667174,0.0954423841956263,34452.519134348826,1243561.4043280978,0.013852359447004423,8611500.472327722,ok
1252,8611482.650825363,0.18991233931725918,13662.044780523305,95222.58144073759,0.07173742075573729,8610992.61089796,ok
1253,8611619.612398928,0.04752330330939263,48626.77554710243,969326.0485725193,0.02508277561441415,8611009.765148977,ok
1254,8611186.229780858,0.1456420570641352,18572.311834501146,551059.8345070175,0.016851447584740126,8611029.744611155,ok
1255,8611052.488350391,0.24038640879969161,8956.75555779884,7734.3514739471675,0.5790243427628864,8608459.398600321,ok
1256,8607666.064057387,0.12922571144369885,29572.877288952765,701103.2090282955,0.021090245279250495,8607354.214439569,ok
1257,8607411.386393335,0.13503356709723277,25979.338571934706,1051936.09092819,0.012348344541069738,8607250.985481517,ok
1258,8607429.591021867,0.1801954778717017,16053.088112303809,294305.93574564497,0.02727279025418256,8607210.684769358,ok
1259,8607126.11583389,0.22487691311747332,11815.465168374561,61375.64434146544,0.09625532485360827,8606557.46511485,ok
1260,8605871.702393286,0.23726039483835976,10550.29508950366,45097.72814443882,0.11697146977906756,8605254.660631675,ok
1261,8605659.879755475,0.06261362928001128,65403.35052508294,2648647.0755189587,0.012346558197503197,8605256.12661869,ok
1262,8605347.161184814,0.23914486462570592,9620.468605826925,19263.602109951804,0.24970585851274613,8604146.017498558,ok
1263,8604026.904259773,0.06647578020926556,73163.75092472087,3051373.965173902,0.011988656873879955,8603588.336707052,ok
1264,8603653.75816701,0.09553292616711043,43827.28022837684,2042268.735031671,0.010730047294118025,8603418.623772198,ok
1265,8603372.280055776,0.2115628884897897,15871.83172345923,146252.14593186107,0.05426187637224114,8602941.662370386,ok
1266,8602773.10616006,0.22256809011297882,13118.728127222532,82712.17934808487,0.07930348487139871,8602252.925731275,ok
1267,8602529.273918463,0.11677362507399319,24913.931713840095,657055.8429311757,0.018958762776309212,8602293.105257869,ok
1268,8602209.579165552,0.21172150599323628,14188.558094993525,126949.02029334828,0.055882897174815614,8601813.130299011,ok
1269,8601915.993275309,0.20409095688538503,12563.171545264442,122701.0441968503,0.05119423240241233,8601594.41231341,ok
1270,8601623.2461789,0.1786466635954339,16253.431706568252,294206.01934804796,0.027622534274766686,8601398.765691703,ok
1271,8601358.30917668,0.2244510719447141,10622.49516974813,50716.495692585486,0.10472426204420399,8600802.092692818,ok
1272,8600552.19655833,0.17354031166738557,16272.034460529525,226475.63042135496,0.03592447105733985,8600259.914442819,ok
1273,8600366.837432813,0.18121624039432038,15880.991865047847,280001.19987997087,0.028358792519202793,8600141.654556163,ok
1274,8600378.351796767,0.15754305294864637,17416.287762760312,320265.0595648757,0.02719042749531083,8600141.573641941,ok
1275,8600219.201655868,0.2369818315355284,8473.439025797763,10727.423094143669,0.39494289315500175,8598545.939393958,ok
1276,8598647.176299512,0.06395045679323615,69049.64711106347,1546672.8645713534,0.02232199474521717,8597876.513369527,ok
1277,8597760.327980608,0.2269077697396862,13397.13503537008,71632.49645312471,0.09351297036071453,8597133.925034868,ok
1278,8597171.632582454,0.21659126676163967,12885.445158728602,138060.1004266045,0.046666071945886935,8596870.976027038,ok
1279,8596733.299537536,0.18934361546370013,14761.170506097946,311631.95249364735,0.023683660144572072,8596558.500264736,ok
1280,8596526.254181374,0.23606638405966737,10253.450443396627,12395.215244090676,0.41360517915511313,8594405.814077575,ok
1281,8593875.457949394,0.06308091592161863,45347.14785436631,1094876.1290278726,0.02070880287372303,8593405.915376494,ok
1282,8593365.006643822,0.20395187338723023,15954.86271429224,70345.90381614497,0.11340292645888549,8592460.342582298,ok
1283,8592535.197309515,0.10699652459836939,32296.71329975321,1213495.8103774118,0.013307303174663844,8592320.306231802,ok
1284,8592335.032106617,0.2160267906146285,14426.061311790563,70646.06325042217,0.10210095685483477,8591598.574774826,ok
1285,8591590.172303041,0.16753314112538872,18276.242632535836,256945.91748345984,0.03556437637058841,8591265.18071723,ok
1286,8590774.367658682,0.22483348271265738,11078.963845535804,65756.4818418771,0.08424237075348023,8590307.708568761,ok
1287,8590133.023583986,0.12059104790214649,16586.4021575831,323313.4046928661,0.025650656478872987,8589920.297532003,ok
1288,8590042.985367429,0.22704164037147054,8701.122688493484,7029.442859333249,0.6189055706556235,8587350.398715995,ok
1289,8587709.044371255,0.05889371532647795,63518.235400696,1005095.5964376411,0.03159810650142315,8586705.516387768,ok
1290,8586710.674120665,0.18260895885043021,22459.164824008847,435529.2761434039,0.02578376019045602,8586421.133260716,ok
1291,8586522.705238992,0.16753229298788666,20812.051304934415,468551.22461772326,0.022208939184733042,8586291.598448122,ok
1292,8586422.90808615,0.21002611708422447,16328.33927326844,135095.73338818885,0.060432475784968034,8585929.52710228,ok
1293,8585766.584355865,0.20016665698595495,16430.51075224836,346994.6520900383,0.02367545242164851,8585572.084468076,ok
1294,8585545.66831367,0.20458764663145515,9978.406431069909,31177.55312699219,0.16002548998033833,8584747.268624494,ok
1295,8584190.140571468,0.2371896968240767,15181.197349553346,246779.55339260842,0.03075862068159504,8583956.664226085,ok
1296,8583677.53322374,0.26171265311137526,9308.844902739173,13576.828095130139,0.34282104912553746,8582081.899235887,ok
1297,8581716.89836507,0.0790378673970109,64601.38784581141,1965221.4682399486,0.01643615971274433,8581185.99900092,ok
1298,8581167.97036311,0.14329602845723632,29113.175575390756,561695.8947183902,0.025915424920442787,8580790.7302052,ok
1299,8580624.245688327,0.22905099356017858,11242.136544532077,16895.11287985836,0.33270380092974927,8578754.094908858,ok
1300,8578734.950539334,0.1096423599824832,42107.6407967011,908195.3225964935,0.02318204011242706,8578246.88003034,ok
1301,8578355.904628228,0.20789262645934928,17188.871692317764,109310.20821485102,0.07862427477282247,8577680.173342744,ok
1302,8577590.132158551,0.22148717174800164,10932.819837700466,21808.247288952625,0.25065792066744147,8576219.933214776,ok
1303,8576691.284981936,0.0875351045296602,53616.17408816914,1259897.3297550853,0.021277993381647903,8576120.862683237,ok
1304,8576160.500205383,0.14081024426720284,26804.819037247173,503618.32237649197,0.026612235741106126,8575803.832123773,ok
1305,8576173.355791906,0.10900333245183659,26017.505871290425,423584.81663928897,0.030711093562928726,8575773.842763362,ok
1306,8575490.154499002,0.23417287692303818,11471.96575443585,35089.59711585065,0.16346676361886386,8574552.511941891,ok
1307,8574488.161778167,0.11223152149091907,28148.928050109596,777635.7179526762,0.01809904522146874,8574233.427417308,ok
1308,8574194.452259634,0.1964156756075976,14878.628424124825,196020.38667743752,0.03795173725631008,8573912.11736129,ok
1309,8573811.763883865,0.2212553985511943,12874.77850005262,214173.33286111694,0.030056913080774187,8573618.27583471,ok
1310,8573665.750351889,0.2372693408702068,8743.965369769641,8560.390884335568,0.5107223191040254,8571432.881215982,ok
1311,8572003.816759188,0.08433770726195806,58789.61769143428,876434.6835940755,0.033539075296718256,8571017.942051979,ok
1312,8571051.731103074,0.13832777795350454,28030.436160222467,197605.58967548088,0.07092521068421101,8570057.698807957,ok
1313,8570088.2276208,0.19845129685416804,16749.561003684772,87733.90786480457,0.0954565994569361,8569288.799552895,ok
1314,8568975.448108042,0.24588783908830272,11523.274301168258,30884.913490469302,0.18655183063284597,8567900.60415016,ok
1315,8567775.954354215,0.13885344128227567,27035.714878305385,560779.0093168635,0.02410549827037934,8567450.099665098,ok
1316,8567595.061091144,0.14248143784523745,22622.727106190025,504504.6477625168,0.022420732104770538,8567341.45203918,ok
1317,8567432.641478688,0.24113571583604476,10663.640198197278,17413.246613753647,0.30619333759893824,8565800.073687067,ok
1318,8565042.110152286,0.18499981659755937,20705.111584704777,217449.41283500052,0.04760903079654601,8564549.235004745,ok
1319,8564467.760589285,0.15167479692326624,28829.122473545318,782956.8850625412,0.018410415071094557,8564202.382533848,ok
1320,8564427.524331218,0.12648132126762318,23246.94204980862,708756.3436421576,0.01639981233208243,8564236.901587762,ok
1321,8564214.978197906,0.2701683424203332,9602.79793492945,39586.931955046835,0.12128747367734838,8563632.628647026,ok
1322,8563676.770251602,0.211707057220681,16364.449174630587,209043.150726969,0.039141318712719204,8563356.507191252,ok
1323,8563519.08750141,0.17426519075120614,16206.228150406563,194697.23131089658,0.041619051388892436,8563181.843580306,ok
1324,8563274.14465603,0.23829227117998342,9149.50401664827,26420.228282838776,0.17315338684244674,8562482.010851825,ok
1325,8563028.802218758,0.09323050641556391,34741.6992926285,814109.1441624677,0.021337249152489114,8562658.156071864,ok
1326,8562347.219069352,0.2540425128688395,8141.472821216487,6533.140033877276,0.6230903347394423,8559810.78255663,ok
1327,8559681.662649658,0.051654461537633194,98151.3801162254,1784349.3789059613,0.02750340860274936,8558331.913893526,ok
1328,8558534.145163465,0.09774701936187911,44221.98072262331,1010869.8963042466,0.021873230612712596,8558050.506372217,ok
1329,8558049.668833405,0.18334967278424646,22723.681355623965,696839.4012623371,0.016304819528330062,8557864.416071642,ok
1330,8557686.518952684,0.24473437166818712,12577.63069890649,81966.24908897305,0.07672444962836883,8557204.013056183,ok
1331,8556994.3415518,0.07922679998546812,30269.894950640366,842215.8882073429,0.017970389406372907,8556722.360652024,ok
1332,8556747.6100583,0.26868536234235363,10332.869583167885,47693.26102968655,0.10832630606592633,8556187.949261798,ok
1333,8556003.25103196,0.18800974999635128,13228.035319789016,264326.3818218006,0.025022162427787636,8555837.754007773,ok
1334,8555765.083208954,0.25129183984745296,8600.361595610022,9759.081857115694,0.4406337461622577,8553870.278434841,ok
1335,8553934.005050495,0.08117722243910012,57322.76750382717,1286951.8454986445,0.022270750729455925,8553295.694517396,ok
1336,8553252.93543569,0.19682118842939866,15318.80278448016,104506.00184534633,0.07329149768426582,8552691.566436289,ok
1337,8552623.35883777,0.23624015985030794,10204.731213713461,29974.399293713202,0.17022411548133662,8551754.81316548,ok
1338,8552097.016569966,0.10615586609589732,30375.701638325783,705054.8528405998,0.021541374771015993,8551769.849383503,ok
1339,8551836.150438238,0.22723065445090443,12321.171140640137,43778.149124447824,0.14072284218337822,8550969.215327268,ok
1340,8551287.258239713,0.1175101144059943,30873.027002037757,926746.670144812,0.01665667004620237,8551030.137327664,ok
1341,8550985.041675117,0.16825202526966307,15401.920595440695,86936.82475013456,0.08858110840663556,8550302.882076148,ok
1342,8549936.685687773,0.10472432452073488,34916.14803690248,1738710.0171356872,0.010040819829870934,8549761.392311977,ok
1343,8549795.48908171,0.20849515036948515,15020.688343599384,417768.745723302,0.01797727630102317,8549660.473549418,ok
1344,8549440.241354208,0.2582249183334603,9383.403391563003,15333.09943224401,0.30598521300366127,8548004.650011476,ok
1345,8547894.715922281,0.06261664700426905,79318.20085214503,2756764.4930889476,0.014386103900240893,8547324.175982961,ok
1346,8547306.246790374,0.23265176657321632,13993.770104217625,110699.04645633798,0.06320637147374644,8546863.99907461,ok
1347,8547178.565755002,0.10961480496375323,29082.346630066386,763753.4474821098,0.019039093522879066,8546901.714996325,ok
1348,8546910.165918577,0.22705017456552073,14695.761161780434,223919.32398767403,0.03281485693166299,8546669.046268566,ok
1349,8546671.580361687,0.27546836314820367,8847.077983643467,14314.788033564038,0.30901882594767127,8545304.623535901,ok
1350,8545869.258606538,0.0775787272814368,34611.149911640925,258574.10615228408,0.0669269449030931,8544711.049344955,ok
1351,8544507.902717603,0.22128144090781618,17118.58565623425,278937.8698812384,0.030685302184896446,8544245.258230682,ok
1352,8544343.814311929,0.12678893599505092,27749.392229212324,1358530.3274289537,0.01021301905042069,8544202.111776192,ok
1353,8544225.233538752,0.2551212117592036,11560.479507034084,144862.34131647623,0.0399016038329046,8543994.59270205,ok
1354,8544174.386766523,0.1356019869568441,18842.366720185375,648341.1015762677,0.014531214105025277,8544037.485533994,ok
1355,8544047.205638254,0.2671605795739347,8553.941275974837,9766.428424955848,0.4379257648639097,8542174.210000312,ok
1356,8542294.032881927,0.1328161739334568,36809.786960602956,785165.652920247,0.02344077763953201,8541862.607866375,ok
1357,8542043.672910132,0.15467991327702918,22835.30248622925,294794.44970407797,0.03873088945390915,8541601.457122011,ok
1358,8541352.681138258,0.22622708200900365,12938.537417159612,50870.802027944235,0.12717056642877622,8540529.980572209,ok
1359,8540381.443610001,0.1633729313257686,17415.9936887598,330285.92801557475,0.026365025287935585,8540151.857052993,ok
1360,8540276.062044717,0.2530866571095928,8594.738220151394,12788.71099222536,0.3360283231584634,8538832.024308665,ok
1361,8538460.746153433,0.1478982367928585,26176.509933084228,540141.76195498,0.024231147984504483,8538143.60271048,ok
1362,8538082.49640721,0.21709101755357196,14054.065681648448,59074.462398687676,0.11895212508917098,8537246.615917724,ok
1363,8536853.84852404,0.22944526371219595,13814.314099234729,131118.92917639777,0.05267856512407132,8536489.989401579,ok
1364,8536426.599046018,0.14414781876624194,16671.687110463034,542802.07271042,0.015357059182930965,8536298.5850032,ok
1365,8536269.670595972,0.266266571805288,8882.220801144296,19015.265421301945,0.23355500447535021,8535232.42703649,ok
1366,8535243.60958394,0.0512285163621604,47567.15564871386,967495.1585739704,0.0245826323920964,8534658.946633317,ok
1367,8534597.990973383,0.21879490542473623,17025.19261333864,232518.35750311794,0.03661042679847406,8534286.341189433,ok
1368,8534367.751109868,0.22898539925719014,14014.201217821268,223392.09293081597,0.031366824657848194,8534147.960613709,ok
1369,8534142.134141581,0.22121320995111735,12129.32131929548,241763.4628568439,0.025085100072540018,8533990.001522029,ok
1370,8534105.954954173,0.2731464735597998,10242.084728691796,87893.22322143844,0.05826435960192208,8533807.58070032,ok
1371,8533813.703649025,0.1232117723736902,19506.877509563896,658157.67535117,0.014819304127354972,8533669.16447383,ok
1372,8533548.015616434,0.2728133954794335,8352.594413207727,19908.571797301774,0.2097738225084474,8532671.937787473,ok
1373,8532854.861796062,0.09954742467365031,30160.790318475007,657848.4420068654,0.022923813748395444,8532509.161626179,ok
1374,8532418.513544353,0.2570515700570645,8928.394346147066,31534.54158379942,0.14156531057254923,8531786.538085088,ok
1375,8531426.188169524,0.23544861064885517,10089.117392428525,68564.10287908404,0.07357434115502941,8531055.03808703,ok
1376,8531165.597490245,0.1517311951401515,14266.361105510834,181633.03368876557,0.039272484789184145,8530885.45976549,ok
1377,8531204.998125268,0.14989482262191023,18373.05735761317,349990.23646645853,0.02624795700461484,8530963.870515486,ok
1378,8531062.290239763,0.23512964984094664,10543.628808605448,88734.86359088196,0.059410858268839836,8530749.08722137,ok
1379,8530455.29470568,0.23999455692663008,11225.460187684019,101622.78585405806,0.05523101976265964,8530145.297898944,ok
1380,8530295.3731484,0.1641729359959853,19643.10349312116,884041.5110112795,0.011109830957287781,8530186.257368756,ok
1381,8530111.378654769,0.23116736512081063,10301.421924984275,69124.79906166674,0.07451321425031776,8529727.58262528,ok
1382,8529832.160223061,0.14169994426763255,16996.78906787876,292951.1676210854,0.02900959433939358,8529585.625245094,ok
1383,8529322.642082615,0.25768897023559645,8436.933106105935,8726.733427882795,0.4833958305148339,8527283.452939704,ok
1384,8526820.774776261,0.10012366316237004,53971.28714000595,1830896.2375645728,0.014739034914342728,8526423.032433497,ok
1385,8526297.32241746,0.1545415394038745,23799.580398116974,246325.64258882962,0.048309181593902475,8525722.453291804,ok
1386,8525660.693947393,0.24587270016034468,12016.355715183683,68732.33917531258,0.0874141332839996,8525135.494287355,ok
1387,8524879.231779683,0.2387756505411559,8313.582637125137,4231.557618479333,0.9823312579769072,8520795.885734571,ok
1388,8519756.388565253,0.09468157218386583,48375.90166463548,584364.5361642998,0.04139188697364253,8518755.203638278,ok
1389,8518458.861088073,0.18916984266105627,21654.989053759367,175992.93350378622,0.061522325421359866,8517792.728446292,ok
1390,8517893.41975042,0.19817220932986362,19642.144540305962,242501.5836456574,0.04049900261477675,8517495.676118871,ok
1391,8517423.951390853,0.14249026196352854,23049.59161839707,901090.061883779,0.01278983788269211,8517276.551120821,ok
1392,8517285.40843631,0.2471667327710159,11191.202127927168,25396.912396795266,0.22032603713944654,8516052.551828472,ok
1393,8516737.3960909,0.09539252053429059,40939.327482908324,840127.4260059436,0.024364951205996396,8516238.653732637,ok
1394,8516274.136813484,0.20654349163397526,16468.135794213566,81041.17308253457,0.10160351317620958,8515437.526587406,ok
1395,8515438.616097158,0.22633723295941616,13657.738668489994,288589.8769855165,0.02366288591123284,8515277.025341198,ok
1396,8515326.076795535,0.26665321227772965,9443.19856382462,33311.741528570725,0.1417397909941965,8514656.838300157,ok
1397,8514303.518929005,0.10858642162401426,32740.96773239536,1392225.4224361475,0.011758500888133645,8514111.026579926,ok
1398,8514122.779314872,0.28208332379854256,8880.319542583218,16742.30713353991,0.26520596808289487,8512945.222444285,ok
1399,8512848.682750903,0.12084551578341816,40645.880888665575,1775477.8365063458,0.01144646248264229,8512616.05697557,ok
1400,8512648.547710303,0.1917649546173167,19341.250497808047,199319.7548994373,0.048518147404822666,8512179.34688898,ok
1401,8512212.733085107,0.24344999951524848,12416.33708846007,95055.87118403065,0.06531073217151268,8511807.27305204,ok
1402,8511684.865414675,0.21625526416567317,12087.04992652973,285805.66063459555,0.0211455747581975,8511557.07160576,ok
1403,8511690.398236308,0.17499789905741386,17135.512427922975,662181.8926389002,0.01293867487046137,8511579.542824285,ok
1404,8511619.084438205,0.20287627130420213,14112.62483077664,371499.08047328447,0.018994158495355302,8511485.055721795,ok
1405,8511470.440932453,0.2980922110785745,8045.71367780493,17119.6481058302,0.23498478555365027,8510525.130780851,ok
1406,8510706.612718524,0.07510313183517156,50161.505600201366,1862843.359400592,0.013463693913679853,8510368.9331397,ok
1407,8510605.59708806,0.08898438408798319,41694.288917907616,1574166.860045944,0.013243287600620279,8510329.512358338,ok
1408,8510205.11831166,0.21956389216046446,14771.043968049635,108737.71911170435,0.06792051593833599,8509703.489848033,ok
1409,8509817.397684775,0.15779033530422718,20847.478092197238,608173.9461192468,0.017139404133656853,8509638.74100868,ok
1410,8509911.73033708,0.11023012003412805,23400.73439857061,742352.007595368,0.015761211769582492,8509727.31837187,ok
1411,8509792.108209495,0.20222857092405336,10701.64156684059,99547.23696326782,0.053751575097907615,8509504.493164318,ok
1412,8509748.839019917,0.08552301093587811,31768.373526218194,1171698.9364601502,0.013556542784870338,8509533.50436246,ok
1413,8509401.15278637,0.23308490250261782,10423.016919394404,208688.987216242,0.024972608901000965,8509271.007823821,ok
1414,8509193.739057329,0.2736581081090314,9682.056027862354,60286.67055782215,0.08030013880577548,8508805.003835848,ok
1415,8508784.902475342,0.10555022277657392,19474.181644940334,535712.3595337422,0.018175968220977494,8508607.921421988,ok
1416,8508761.977878414,0.14744044610510598,15466.678375885851,377647.27762936504,0.020477677573867405,8508603.617051955,ok
1417,8508626.558070498,0.18439541641221407,11661.904774313629,226077.73095347104,0.025791803387998795,8508476.167292964,ok
1418,8508481.261306727,0.1825578140698236,11968.587443288125,215326.41171165823,0.02779173104717678,8508314.947425108,ok
1419,8508573.35946116,0.09301134218820949,28434.7974939267,990862.8899697717,0.014348502593933133,8508369.361078361,ok
1420,8508407.750286989,0.25344975748541204,9614.493242930694,88397.3938673347,0.05438222113968632,8508146.321538148,ok
1421,8508353.779956363,0.10216839284264378,25154.95524029537,985846.8676525638,0.01275804390401562,8508193.315944685,ok
1422,8508399.101041202,0.21690654362958933,9749.916721692509,107198.94590649201,0.04547580500556979,8508177.408385374,ok
1423,8508227.930671582,0.20436575902419554,11720.761170550202,260483.91681216552,0.022498051538057187,8508096.083527142,ok
1424,8508251.42652367,0.09194401449369108,21881.608851686084,551856.7339783792,0.019825443366378644,8508034.520225143,ok
1425,8508081.45370513,0.2768219534432035,7292.70682669573,5280.935459631135,0.6904749056718367,8505563.738176001,ok
1426,8505744.690201145,0.06060954738992537,83452.77566528675,1126143.5808428423,0.03705245809012559,8504198.624964723,ok
1427,8504242.55767836,0.14656485148542017,32317.84561777522,945063.6391337351,0.017098237769150884,8503966.26857408,ok
1428,8503976.17277592,0.20849420599801635,17841.91469716896,136676.1671880919,0.06527076030971499,8503393.895107087,ok
1429,8502981.88605767,0.1437721438963716,28534.82597715797,1524303.8602468402,0.009359953327329744,8502848.343737993,ok
1430,8502856.57261378,0.24976033160510028,13023.778139091088,61728.357369857025,0.10549266734133779,8502169.616066402,ok
1431,8502269.590713536,0.16222915532634458,25566.88398253284,531017.1529151488,0.024073501055641204,8501961.848509265,ok
1432,8501989.848071117,0.2106961833254244,17124.598630820517,258386.48012774446,0.033137567070758184,8501706.114303272,ok
1433,8501788.293862682,0.21111387604158016,14506.664817397748,162098.98705217603,0.04474631544960974,8501463.733962663,ok
1434,8501781.32917413,0.16745962274708825,19524.589402897203,325466.18135657476,0.029994805176864786,8501488.51104648,ok
1435,8501323.050325498,0.24925353279570195,11274.436409675516,93431.1366152964,0.06033554133082056,8500982.92571351,ok
1436,8501048.311779909,0.29114107005657197,8608.808374160064,17243.144421162957,0.24962988663466307,8499973.803850658,ok
1437,8500071.153401658,0.14761872905412862,23570.834065482173,247858.0689718233,0.04754905531875528,8499510.767955214,ok
1438,8499249.74668566,0.1675534475584552,17836.31601515786,740163.387381781,0.012048904552176784,8499142.292651046,ok
1439,8499227.956334058,0.18099344850088483,13036.142252165693,280337.0048085383,0.02325084100307946,8499076.405698659,ok
1440,8499120.890595127,0.24645219694204157,11565.871992733857,190419.50629532177,0.030369451685260482,8498945.265999787,ok
1441,8498726.828893311,0.2746775216544055,7251.961666926949,11337.199491932184,0.3198303810428499,8497567.130061692,ok
1442,8497266.041227115,0.05447990624796097,87443.31486818471,3683688.5146256112,0.011868988721630816,8496747.109368138,ok
1443,8496608.15456323,0.24605266151045532,14674.26662332148,282166.77911044896,0.026002824764813137,8496417.36837145,ok
1444,8496360.839938564,0.25137896905287105,9012.36143069057,22803.992338525753,0.19760490393308924,8495470.396531202,ok
1445,8495004.891901826,0.18165786459519362,18591.796954326288,320503.01068077603,0.029004090967563314,8494735.27281677,ok
1446,8494690.412508484,0.24915125470178734,11689.594385201151,71894.22477066831,0.08129717249535125,8494215.247022916,ok
1447,8494006.65192293,0.19788296622846163,14681.76920527397,523317.2878499754,0.014027598118909211,8493903.676943887,ok
1448,8493878.240808956,0.2827860303084695,7262.795719237865,8128.110191305427,0.4467702546040049,8492255.840262646,ok
1449,8491993.810431581,0.09890575551664968,51031.084383858084,2090262.9961946653,0.012206857337272975,8491682.34584816,ok
1450,8491724.46243291,0.23933587855925834,15955.170180268877,241706.42498248906,0.033005266991609314,8491461.160107061,ok
1451,8491406.545224665,0.1697429603851854,15346.58873898965,411285.6856002243,0.018656847632069987,8491263.385740777,ok
1452,8491443.273729313,0.19628388059589288,14570.664029138952,321421.1942903172,0.022665997588165104,8491278.144411441,ok
1453,8491298.994359363,0.22259680516832112,10664.339697718799,202121.5112905575,0.026381011178934825,8491158.326326972,ok
1454,8491244.088804316,0.19922448226322767,14436.200996055888,393827.418347024,0.01832808017360452,8491111.794879688,ok
1455,8491081.659753293,0.2912840901449946,7800.546252100758,8384.089977412768,0.46519934024538667,8489267.255268278,ok
1456,8488395.168981167,0.18650290906405906,25390.40745793689,580654.7813849037,0.02186359974284456,8488117.606128182,ok
1457,8488168.703843027,0.22521951462170145,15269.264617140589,205905.70029587264,0.03707829505254027,8487885.624693671,ok
1458,8488340.288051888,0.04892286177980026,51941.43703640813,1124943.0932218092,0.02308625091765715,8487740.721527664,ok
1459,8487758.549202986,0.2651526634378117,10744.396172003906,30371.07317386117,0.17688535585319815,8486808.28603283,ok
1460,8486444.389647337,0.1687141217475953,20657.25405476661,388446.6306746638,0.026589565236913724,8486169.755945183,ok
1461,8485897.453137774,0.1474326605100293,21328.303003043467,713092.4015180935,0.014954796150988223,8485737.972925944,ok
1462,8485688.830105023,0.25058144809327043,11989.261177148017,82373.72887217265,0.07277357320895915,8485252.579417024,ok
1463,8485488.560439635,0.10194671694430572,23611.411187886413,758684.7914886147,0.015560751614355208,8485304.854787257,ok
1464,8485307.754390167,0.2986228461078804,8285.97872615382,13978.113117097706,0.2963911744289221,8484079.808907198,ok
1465,8483769.793651555,0.21834080125869315,19054.41188485563,229677.45168627764,0.041480806550576295,8483374.59746489,ok
1466,8483704.507868962,0.0893510905815077,25446.158499413476,750465.5360085918,0.01695358232887736,8483488.806097426,ok
1467,8483473.175780524,0.253899075102148,8517.709307096065,12288.105492174247,0.3465835035563708,8481997.127013559,ok
1468,8481811.48855688,0.2386335433493974,10948.251938317913,30200.00307510591,0.18126243085290678,8480819.235176915,ok
1469,8480588.708951721,0.18674518542460378,12859.599672704295,57086.71984036976,0.11263214727228406,8479864.506789623,ok
1470,8479586.065833716,0.2673119273449918,8318.090417577687,16629.30895810583,0.2501033097206092,8478545.874861721,ok
1471,8478003.987637367,0.20848733477655498,17882.086729847208,294321.03724828747,0.030378539871008244,8477732.371795017,ok
1472,8477793.57228947,0.24079817258416591,10847.976392355247,67792.10650442561,0.08000914082561418,8477359.603654047,ok
1473,8477457.884272655,0.23765204236830326,12351.806665802305,120837.76503778568,0.051109049649916666,8477142.239722582,ok
1474,8477107.937347688,0.3094280723280048,9112.22215560223,38977.80203131581,0.11688989220430165,8476575.374014933,ok
1475,8476552.942609377,0.25807843870892866,9975.412557893167,86776.125194276,0.05747786349966669,8476266.259908698,ok
1476,8476318.478643939,0.26023400008967257,8861.702126780358,35889.85896399399,0.12345690931344616,8475771.459466023,ok
1477,8475573.85880789,0.24327850363974687,9253.38723388121,88373.94138914494,0.0523535959154234,8475331.634759845,ok
1478,8475174.159682155,0.29852861954188936,6851.196590191961,9945.762767498145,0.344427911179475,8473994.288016835,ok
1479,8474071.167841623,0.11910976151987539,29122.525885862487,837926.8733439889,0.017377725200315303,8473818.126215631,ok
1480,8473876.92611368,0.2533881952458259,11198.23506348858,61591.994118236864,0.09090657985509905,8473367.929488663,ok
1481,8473545.911280014,0.1064316627491555,30478.825283667527,1305883.3341314173,0.01166981172324246,8473368.07020371,ok
1482,8473473.566153876,0.21386146147006818,11256.760470483001,104070.10015622653,0.054082586898565155,8473169.168790706,ok
1483,8473152.185449826,0.25541602600400026,11719.900637751587,224793.10423123505,0.02606819430211664,8472999.427126313,ok
1484,8472988.11682671,0.27852421951332795,6986.222881827248,10519.515304593955,0.33206011301567806,8471828.193846863,ok
1485,8471277.920113686,0.11107957641495507,43442.94790671187,1743357.8742520234,0.012459561099969445,8471007.280081784,ok
1486,8471084.97499508,0.22102053959801943,14092.605732301323,132755.95414223144,0.053077113653233414,8470710.977577018,ok
1487,8470833.723081978,0.2637380354697687,8515.019874809837,23798.92812049413,0.1788950290470696,8470072.075718056,ok
1488,8470116.657675283,0.21352440842449297,14298.712033899696,371278.98021441395,0.01925602147695269,8469978.989522275,ok
1489,8470053.923775205,0.2853724866921292,8247.384192159352,43579.41900088816,0.09462476073844936,8469663.720397254,ok
1490,8469754.511359658,0.15623566204611206,10742.802845656042,95710.3052797961,0.05612145324503414,8469453.060505847,ok
1491,8469589.439668804,0.27335670485213964,7197.155198072025,36707.65267883231,0.09803344361245835,8469236.658714663,ok
1492,8469481.544895727,0.1234701769052072,29866.32717681548,1143752.3737728044,0.01305629079408938,8469286.57316944,ok
1493,8469328.213225253,0.16646051575145873,18411.42026039355,594286.1694432904,0.015490365759008676,8469185.613408264,ok
1494,8469203.62304714,0.2502370815188409,8372.607836527915,73127.417285296,0.057246708193340136,8468963.97092832,ok
1495,8469084.799575772,0.21289640345604724,13240.87574279343,412782.73247225455,0.016038553337115943,8468978.617329856,ok
1496,8469068.625730319,0.18876957661459565,12483.959410641055,322205.66551392095,0.019372656577482935,8468947.702001125,ok
1497,8469052.18131093,0.24191649104734025,9597.117500685003,106290.41146094773,0.04514573501397673,8468835.546849137,ok
1498,8468930.971516069,0.17941361203083275,11922.97654168988,356472.5653477654,0.016723554209646028,8468831.274243802,ok
1499,8468729.429829068,0.270003075371364,9015.276709681912,114085.7559857892,0.03951096537767991,8468551.328686094,ok
1500,8468831.758619446,0.09065632299222472,21520.557997237083,570649.2316676732,0.018856205180847355,8468628.860590845,ok
1501,8468606.856737938,0.21315895720036054,10062.365141780992,212920.51195583044,0.02362939354539123,8468487.972944971,ok
1502,8468394.056527529,0.28008537467953776,7157.873976822884,39102.68190135295,0.09152663741684712,8468066.488459453,ok
1503,8467967.958204497,0.19675143926254038,13648.47015765406,450643.77534548205,0.015143302653177202,8467864.616747322,ok
1504,8467750.209471852,0.26757692489407076,6882.456749935924,6622.526682166365,0.5196246901103108,8465962.06224391,ok
1505,8465512.238960303,0.045793472655239684,62494.681010455184,1322382.5908334507,0.02362957643410407,8464773.877539473,ok
1506,8464696.470756654,0.21191797958452196,18693.70524390388,398534.99775644596,0.023453028402951003,8464477.258756634,ok
1507,8464620.437265359,0.1984795870660028,16057.686208631076,465641.29685696634,0.017242549487146975,8464481.99954081,ok
1508,8464516.175424695,0.2675486166992248,11499.985133141134,102508.99896632416,0.056092563819294845,8464193.643599695,ok
1509,8464217.328269526,0.09553408842191044,24059.23402755613,852012.0710220997,0.014119068758435509,8464047.48127977,ok
1510,8464100.75763138,0.27021658958234546,7316.519781848037,7526.972283664728,0.486020109156412,8462322.769759871,ok
1511,8463075.976851758,0.0726759253046669,78651.04339823726,2957355.9656550274,0.013297527303382427,8462553.044653242,ok
1512,8462409.818735419,0.18319079080356995,21772.878274813564,479693.94122213416,0.022694552092259065,8462162.755875316,ok
1513,8462149.903927725,0.2225337315346668,14736.24876112572,362343.05598495476,0.020334664232861135,8462000.07559242,ok
1514,8461965.506942984,0.22691831884531133,11707.806917853513,174898.09733290737,0.033470366734660494,8461769.574647384,ok
1515,8461963.956168775,0.09885174227980009,32745.243434710428,1412746.7788192627,0.011589211855106142,8461774.21038707,ok
1516,8461696.75693303,0.263690047462526,8002.499707842491,10697.85818804408,0.37402345250688035,8460200.195648324,ok
1517,8460473.687491357,0.06748851159267066,81103.19173243467,3743338.6515707932,0.010833002204916974,8460034.391963927,ok
1518,8459846.428633645,0.15247184707941885,25428.054056936926,270444.1029748861,0.047011662996582736,8459248.721079653,ok
1519,8459279.603179552,0.2469590645590116,11091.671211624758,49612.49940232089,0.11178303195006827,8458659.672860838,ok
1520,8458419.797317192,0.25781638745535473,8389.034468338265,22128.256639984433,0.18955479875400086,8457624.706446998,ok
1521,8458020.190047503,0.0856075547091697,27756.13212929671,446323.4441701329,0.03109419020202356,8457588.662821652,ok
1522,8457761.505789183,0.23986819472816073,10380.33789392818,64955.00822461278,0.07990406111591297,8457346.790212443,ok
1523,8458297.242805803,0.07865125629170443,28224.24873424387,282947.6836086046,0.0498753839831498,8457593.395184176,ok
1524,8457327.643163528,0.2402764521174659,9320.391030294933,71274.10055267865,0.06538413643961903,8457022.94030413,ok
1525,8456905.24670187,0.29706314830480757,7904.955475850007,27738.670295202348,0.14248980559852648,8456342.05891736,ok
1526,8456563.385343121,0.11318583221633874,39965.94756285967,1471398.4437919527,0.013580939864209421,8456291.997777887,ok
1527,8456328.062823044,0.1813514351255613,20165.227106571918,405462.70688666357,0.024866931981747678,8456077.339157617,ok
1528,8455871.156354304,0.2826004468595561,8535.779164334068,30051.40522076355,0.14201963438362616,8455265.032236256,ok
1529,8455379.436147943,0.09322668264889442,24192.133681313368,759598.6403000022,0.015924287115468456,8455186.814906605,ok
1530,8455196.536498094,0.1728871507679225,14989.98906789383,483038.45720456296,0.015516351590972486,8455080.241527732,ok
1531,8455097.82627882,0.2994561387745254,9317.30872797225,43182.26170663405,0.10788351929399798,8454595.234250858,ok
1532,8454609.071212169,0.12785260882697155,27045.95679217657,1329195.6073332366,0.010173806113623425,8454471.491051888,ok
1533,8454662.06371073,0.14745029222717917,20274.672200052846,785101.844267144,0.012912128756351546,8454531.16912176,ok
1534,8454635.910383292,0.21117185970374697,14579.666545717577,405786.29633868794,0.017964710338010916,8454504.950640133,ok
1535,8454423.491868353,0.26821072389066347,7223.094871521513,6211.049392092992,0.5814713758931711,8452323.480411777,ok
1536,8452433.20271795,0.08260469404040292,47213.12701092593,656098.8971640462,0.035980190802790746,8451583.834058827,ok
1537,8451394.109464776,0.21875650318627182,15498.640976318944,98147.63447914211,0.0789557540462814,8450782.256022286,ok
1538,8450736.241441648,0.13457330907068085,24521.530554047407,733239.0280041756,0.016721375716178984,8450531.224578883,ok
1539,8450499.199552163,0.23185786792144192,13163.151964938548,151887.7273673904,0.04333184844190583,8450214.007699182,ok
1540,8450372.736066028,0.15645509343064765,20326.23395592335,802359.3030604013,0.01266654096138348,8450244.004528532,ok
1541,8450447.89472843,0.11717863988019002,21596.927000935044,674659.4461113734,0.016005799018613164,8450275.056691932,ok
1542,8450210.796676155,0.2695956226992045,9011.977456403383,34357.14367981138,0.131151435934107,8449619.829784147,ok
1543,8449488.181161977,0.20768965826106045,17266.25942486937,655762.1094706026,0.013165032849190112,8449374.52572572,ok
1544,8449391.727794338,0.2966204498922632,7518.566901880235,29785.832609087327,0.12621045381800747,8448917.266923964,ok
1545,8448999.573705537,0.12025377843545723,30293.63086850564,845536.1560437054,0.01791385894735161,8448728.235790348,ok
1546,8448612.823879205,0.25942072291136764,10795.81921149934,155353.5867514157,0.034745960609116604,8448425.268324671,ok
1547,8448390.161252476,0.28712852291672153,8061.204229922276,35787.782078450335,0.11262508825290324,8447936.214333568,ok
1548,8448007.61824466,0.15026842044595834,23255.972649712756,650973.9810348656,0.017862444066306844,8447799.913989328,ok
1549,8447826.888711672,0.2875067669600443,7989.01899943144,27151.81672065016,0.14711757746499954,8447239.226150913,ok
1550,8447073.952778928,0.11607217535198791,35142.52054185647,909005.1749293623,0.019330209283235027,8446734.29664052,ok
1551,8446809.32608092,0.2154820226679611,12418.782306090654,249807.0285239808,0.024856751188044503,8446654.980789999,ok
1552,8446637.575310178,0.27491570309138397,7696.373156015982,33316.39568591181,0.1155042884676519,8446193.093257595,ok
1553,8445948.144199435,0.11048262396531132,26264.803295851136,718188.4455145034,0.01828545381082766,8445708.012275675,ok
1554,8445686.829656804,0.26405045466459176,10157.762433202184,143866.38680069768,0.03530276480521482,8445507.53110774,ok
1555,8445601.08923806,0.2697499180061546,8922.777562306022,73791.01070954099,0.06045978687992364,8445331.354623165,ok
1556,8445532.317525925,0.2916164401842438,8451.075137080747,70349.12266937198,0.06006524897829398,8445278.509559805,ok
1557,8445473.367534038,0.1863185556927648,13507.272518713562,233240.81362322494,0.02895563668486658,8445277.811696209,ok
1558,8445254.636103608,0.26982302105743483,7894.417036049534,16445.12820078479,0.24002297031873543,8444307.215390645,ok
1559,8445270.713542692,0.049515700105550065,86475.9492566358,2955642.503768191,0.014628959548792921,8444638.186960882,ok
1560,8444487.794113833,0.14236015651283643,23988.37070783128,604926.6454577866,0.019827503787403635,8444249.9793583,ok
1561,8444028.816095445,0.2504392314015393,9256.98832113487,54053.04567169624,0.08562873938093464,8443632.483975243,ok
1562,8443476.416170446,0.2615944941809653,8982.833587004543,36839.64989446159,0.12191800970881386,8442928.83157421,ok
1563,8442666.998714749,0.28452575273151837,7594.233136987637,13629.989317897001,0.27858543979252975,8441609.177325571,ok
1564,8441685.767998734,0.08297621211312477,39887.486383833006,1552502.136169838,0.01284619371997742,8441429.56681019,ok
1565,8441423.165464086,0.20703547500766645,12977.53451170782,236010.19081428435,0.027493589295726217,8441244.765962118,ok
1566,8441258.087342778,0.29735917388387695,7758.701119657936,29034.460064026207,0.13361194082046995,8440739.759785358,ok
1567,8441317.632487144,0.09333249579348168,31960.21190010653,559846.8523219557,0.02854370955874099,8440861.500984188,ok
1568,8440771.502597637,0.23284942807037695,11944.581534180623,156862.36533950423,0.038073445814515265,8440544.11690873,ok
1569,8440381.357360363,0.3007370635828572,8607.545645568916,33899.560563104314,0.12695659622999977,8439834.965011835,ok
1570,8440197.471497225,0.10257888585537193,29378.041525857192,907377.4804515352,0.01618843433894673,8439959.6792491,ok
1571,8439953.621326644,0.20046373497001024,13845.960285577241,294893.34769467224,0.02347621673024839,8439791.095944392,ok
1572,8439635.016813153,0.288156338034478,6712.652467081581,8606.169414784628,0.3899907231404163,8438326.08071824,ok
1573,8438533.147541387,0.13787846272017815,30197.70296263409,817444.9298726064,0.01847078736382903,8438254.259866238,ok
1574,8438176.18871224,0.20210152651463553,12760.072862910281,104718.64681219972,0.06092550491888009,8437787.481771253,ok
1575,8437781.755085949,0.27756824802258784,8634.604353088223,34485.71991558127,0.1251910120221523,8437241.267657263,ok
1576,8437385.271092545,0.1850583715249687,17488.01778989861,375333.7119768832,0.0232966254187363,8437181.56519266,ok
1577,8437134.745370902,0.27727759939751917,9763.353609377002,79937.16815375074,0.06106892347373513,8436836.626623692,ok
1578,8436472.520215005,0.28262768495173773,8313.794024247014,72971.17160034573,0.05696629122100888,8436235.717209237,ok
1579,8436012.826967599,0.28192398183621,6801.527089251371,8740.090013175713,0.3890993730612641,8434689.592004456,ok
1580,8435669.039283186,0.06363203636051484,80866.99642765822,1722874.04392068,0.023468632751478518,8434720.12036275,ok
1581,8434634.472498719,0.17205368083646935,23098.337899025057,440681.33404303144,0.026207529244669077,8434331.797315722,ok
1582,8434045.298339255,0.23152555238445172,14891.578481092985,299295.5399217232,0.024877715326108236,8433860.06411415,ok
1583,8433813.16547666,0.2503578481402073,9094.02835904818,38987.126810621136,0.11662860414441624,8433282.853559878,ok
1584,8433401.40542299,0.1540075559609364,21726.30614233894,944165.6355427366,0.011505558624705698,8433276.418778481,ok
1585,8433240.597728353,0.28527750311026606,9709.87568197542,74663.45782556396,0.06502428339617337,8432924.908874309,ok
1586,8433341.747821426,0.08203813968820851,19354.553189404935,197958.5914956509,0.04888535790029135,8432868.670691593,ok
1587,8432846.388324276,0.29478650942975887,7960.918543082645,17387.9874987892,0.22892006747868313,8431935.181319239,ok
1588,8432228.028227828,0.15797679770544773,21190.04747381134,210413.5467461046,0.05035333466285871,8431694.533451842,ok
1589,8431868.016711105,0.13776029075933818,24742.8178518605,631349.7574755824,0.019595174908115357,8431625.596789341,ok
1590,8431551.972572714,0.27658723075158953,8068.690845568939,28570.209870959872,0.14120811296122718,8430982.29026853,ok
1591,8430581.515496965,0.17747897681292926,14104.760568522692,325873.50724654866,0.021641465560824715,8430428.891651923,ok
1592,8430448.620567536,0.2667577831992144,6974.848610975729,17449.64371798837,0.19985647626104666,8429751.636234615,ok
1593,8430017.753542503,0.10620311255396223,29348.45737411086,683568.0631895713,0.021467106901666182,8429702.740306579,ok
1594,8429671.86144808,0.2930513980088203,7042.940007157677,12818.51258081138,0.2747175213487943,8428704.451937193,ok
1595,8428510.19038282,0.24433562874345777,12994.715518458288,108287.91567985502,0.060000764798521816,8428120.343948096,ok
1596,8427923.0199051,0.28624285576991443,8606.259691669497,27394.809204845995,0.15707829222893613,8427247.091617675,ok
1597,8427767.339184772,0.08379819119626453,31740.23467717981,958974.5904044822,0.016549048845909575,8427504.703837747,ok
1598,8427463.989560707,0.25258937469750564,13019.974428779122,121525.25078655564,0.05356900868136091,8427115.255999103,ok
1599,8426867.327474825,0.284392394278274,7352.109114979458,49887.92932032967,0.07368625251783525,8426596.452790434,ok
1600,8426708.308795152,0.22205582183221048,12103.573725228991,497938.3407357975,0.012153687249051444,8426634.757270325,ok
1601,8426602.415232956,0.21842255160711316,12162.888352422666,455600.4712354677,0.013348195535707126,8426521.238926953,ok
1602,8426545.114287047,0.30418561715463643,6303.295881911632,7629.704669118926,0.4130760072158555,8425243.244139448,ok
1603,8424980.668668965,0.15832188625430973,25758.17901944575,558661.2114824827,0.023053487954795497,8424683.760734085,ok
1604,8424597.383448197,0.2564746493064408,12912.120549238645,335353.3197618056,0.0192515174121578,8424473.094491405,ok
1605,8424303.093584284,0.2173717518906828,13467.961000111882,393945.15679106745,0.017093700440204602,8424187.984938845,ok
1606,8424026.505932318,0.2882350872158972,6294.981035941464,8822.942912975885,0.3567393044492812,8422903.672354177,ok
1607,8423244.468137497,0.08183589086048666,27028.523744735743,359700.7551653412,0.037570846539245834,8422736.725878598,ok
1608,8422735.748003352,0.19693530713718788,15776.679550936567,188018.0668835605,0.04195522220932911,8422404.79095521,ok
1609,8422273.587774824,0.2877285158861476,8319.570124902977,31767.964267851286,0.13094276445850608,8421728.894019194,ok
1610,8421533.46653236,0.17479414403527066,16100.252423329432,875545.8219829532,0.009194408801395035,8421459.450381067,ok
1611,8421483.11774508,0.3059819123272683,6689.756773691699,17083.674061842954,0.19579385410523398,8420828.211114205,ok
1612,8420654.488368198,0.14431428084667283,25188.38194180639,596626.7423218801,0.021108995084415157,8420388.6376529,ok
1613,8420349.483672146,0.2847399574312243,10443.070573473557,111100.67705711129,0.04699823101935417,8420104.080750464,ok
1614,8420283.929927455,0.26293054847136144,8552.812314366136,81508.96870471016,0.0524654676060936,8420059.566278746,ok
1615,8419881.347856767,0.248635593489337,9415.003153991565,115058.12859290894,0.04091411562629837,8419688.744592935,ok
1616,8419691.403004872,0.28124301104149685,6791.38195692894,16476.369125314297,0.2060946166377961,8418991.569374446,ok
1617,8418739.94955298,0.1574071309635754,14558.857267906453,377059.9668416263,0.019305758431286214,8418599.414662253,ok
1618,8418565.297015162,0.27804494075054087,6674.013658312044,7013.5874423392315,0.4757917195145192,8416977.576797888,ok
1619,8417327.301675536,0.0590838862035413,34097.607476202335,479512.1941189275,0.0355544737906556,8416721.140429867,ok
1620,8416879.53533255,0.11465705287159794,17606.402927370174,295817.3874790206,0.029758904771307305,8416617.56169851,ok
1621,8416625.23252733,0.24946565808488538,9075.0193610965,34741.201347523645,0.1306088881371307,8416032.593433043,ok
1622,8415744.550871598,0.21555147739904376,14456.185115983597,350095.2834910043,0.02064607236611779,8415595.319149576,ok
1623,8415678.445879344,0.2690566158947712,7398.276417821247,46109.27970435071,0.08022546074519542,8415381.680812173,ok
1624,8415259.603631359,0.23543917222389454,12320.309419754576,279454.6950285206,0.02204348260904543,8415123.812368143,ok
1625,8415191.506735906,0.3598652543251847,6205.834495593104,41020.50204240898,0.0756430831731071,8414956.792508451,ok
1626,8415311.061173782,0.08353485995607032,42671.57833680282,1265071.603331275,0.01686528186406091,8414951.227075664,ok
1627,8414977.901380053,0.18196553529385442,14374.404169231078,410929.6065876962,0.017490105286638,8414852.196458876,ok
1628,8414767.860042963,0.30663167472590036,6264.1260445888975,9590.613950416351,0.3265758624512749,8413745.003860205,ok
1629,8413850.052097728,0.06059169976795741,56792.31469170375,1427559.3795784889,0.019891401893374357,8413285.212719735,ok
1630,8413300.960041258,0.1768363250243309,20777.79311178931,519542.8340905813,0.01999622721017719,8413093.221305264,ok
1631,8413064.832518347,0.2500148592715597,10900.758989794747,79885.788064585,0.06822714811914884,8412692.968669241,ok
1632,8412729.257586803,0.17417582285823602,15683.531236645707,337585.5461951927,0.02322897323864905,8412547.101423113,ok
1633,8412592.29841303,0.1485246967339933,17152.38079402743,379692.7938843849,0.022587182414700067,8412398.586436111,ok
1634,8412506.34875878,0.19772725447463324,14438.443569525643,428966.9081176609,0.01682932097592635,8412384.854158169,ok
1635,8412387.282918882,0.2724175588921349,8195.721741947142,46790.540754631824,0.08757883120997957,8412028.39705334,ok
1636,8412195.973633438,0.17549046825072376,16337.000139337153,414947.8629510762,0.019685605829066942,8412035.171760853,ok
1637,8412053.761438986,0.28062906206648053,7397.984735686392,27050.68764860884,0.13674300690220817,8411547.950100098,ok
1638,8411570.751868866,0.2255798778260453,10308.31718842683,79959.1003302837,0.06445993730448878,8411238.515129026,ok
1639,8411270.638149595,0.2672798414947461,7434.968004037811,13713.423727533214,0.2710835802845575,8410262.889276676,ok
1640,8410181.686588552,0.11355857804137222,36449.8582369605,943074.8528133132,0.019325008045875624,8409829.489686701,ok
1641,8409868.14893093,0.15968038966331988,23503.561965735073,507778.9208234597,0.023143499072017005,8409596.171598658,ok
1642,8409712.490060274,0.258000677553495,12247.430609345844,74612.70100535116,0.08207336314274072,8409209.89615029,ok
1643,8408924.062704777,0.26309955926049144,10876.455000460506,180535.79014729074,0.030122711379242068,8408760.248547373,ok
1644,8408582.470644329,0.3120552591453766,6507.62263144061,7932.132244329709,0.41020638782797586,8407247.736457832,ok
1645,8407004.094775334,0.10062549974243548,43496.29228709328,1240602.8821811534,0.01753030438339008,8406622.843153663,ok
1646,8406838.880225506,0.10825565666269908,39274.8603941577,1818864.8303431915,0.010796530819375717,8406626.86410517,ok
1647,8406471.714513004,0.19416796252790264,16694.249211894494,193233.67923645812,0.043197048459305866,8406111.143366905,ok
1648,8406324.771937516,0.17630790756884626,17278.397322989695,221524.01407872004,0.03899892613188587,8405987.852467077,ok
1649,8405961.866206698,0.20303791653155695,16227.659303658962,226660.04687368625,0.03579735274806141,8405671.412584515,ok
1650,8405657.82817829,0.2600051601008621,9929.672313095027,31528.261486611,0.15747256342237306,8404876.002701746,ok
1651,8404810.079339573,0.2509645979588054,12290.961043550804,100965.63709310332,0.060867050401598295,8404436.022066914,ok
1652,8404359.803352632,0.31965752501312494,8650.814337752814,75758.92128447435,0.05709436057879608,8404112.846996082,ok
1653,8404040.324144103,0.29267530254671875,6942.997812523137,12679.080960054082,0.2737973609600456,8403089.836904991,ok
1654,8402430.78516651,0.19264929185103716,14684.272377553578,226389.3340868705,0.03243145803838732,8402192.668984791,ok
1655,8402195.712620113,0.2711508928713479,9680.728197937317,94285.6967555229,0.051337204533996594,8401947.221858345,ok
1656,8401918.045434382,0.2020051419154762,14238.857159296564,298701.40660320036,0.02383460011323563,8401748.356701152,ok
1657,8401800.786545515,0.2987676327579846,8472.273214452018,47273.730300051044,0.08960868076918894,8401421.191932583,ok
1658,8401505.543364575,0.29533950609412196,8948.259129254364,50247.19460469803,0.08904237539679197,8401107.156240309,ok
1659,8401200.262498306,0.16778364044368047,16778.626112842096,507860.04882564605,0.016518946658277488,8401061.679883428,ok
1660,8401045.81936909,0.30167206172185185,6067.246858929668,7083.462229099967,0.4282684556433768,8399746.61414795,ok
1661,8399521.769606616,0.13712934284732703,34477.46616753943,1127936.3913589637,0.01528342663277323,8399258.302694289,ok
1662,8399107.745862698,0.234579562045447,13674.016600970339,104969.96328455694,0.06513299696934373,8398662.431021784,ok
1663,8398403.766913235,0.20825650291277384,14610.130887905158,741283.5636819801,0.009854616778049247,8398331.778292745,ok
1664,8398577.186449666,0.11779061490026772,20781.776565457672,697962.2613359075,0.014887464349205013,8398422.4924708,ok
1665,8398367.583695019,0.2812871466283695,8147.545693280155,37147.284941867554,0.10966542650466103,8397920.831658307,ok
1666,8397879.938731411,0.18081584543565138,20263.74611974932,938784.1948958081,0.010792547547095376,8397770.59000967,ok
1667,8397710.68799704,0.29032987376974856,7729.522831044947,20704.50900033643,0.18666278999708105,8396989.280848546,ok
1668,8397139.726935212,0.15955801234754108,18865.407109544023,257867.77319282375,0.03657961379966078,8396794.68228209,ok
1669,8396765.022010773,0.12961256746480354,16861.254809011385,536848.203659317,0.01570393147828386,8396632.628015695,ok
1670,8396588.556564182,0.2718900512303406,7898.218069826872,58548.6070157956,0.06745009379724476,8396322.18878936,ok
1671,8396246.135718513,0.29304215996179356,7157.960122375376,85403.56318385745,0.041906683137831524,8396096.152535131,ok
1672,8396282.840154191,0.0694454333444443,26922.63932528278,611232.958543972,0.022023222855501477,8395986.378511332,ok
1673,8396134.223766197,0.10390140105743159,16193.729208987912,374191.5039951542,0.021638290869903903,8395959.021454751,ok
1674,8396034.287936414,0.2014020251462452,8394.75403261519,144932.04601504293,0.028961000218488166,8395912.727699729,ok
1675,8395970.51409507,0.19426739644929014,12812.538744715785,614899.0795079343,0.01041840781008232,8395903.770968206,ok
1676,8395889.227878854,0.2894927859892475,6837.147774533578,25131.23101127699,0.13602890704927237,8395424.203009302,ok
1677,8395397.087037455,0.06762276203607868,39039.61972339664,1299759.8513884954,0.015018012628137326,8395103.938286453,ok
1678,8395461.482630054,0.097134301975166,21812.48390748013,617373.696456349,0.01766554360242522,8395268.817937281,ok
1679,8395290.872059412,0.20877057087109008,7538.94414784621,110417.05140647851,0.034138496055709185,8395162.187951883,ok
1680,8395216.820084037,0.2909575854330327,5947.841951606757,9278.088712962997,0.3205316383371424,8394263.584321378,ok
1681,8395325.40728707,0.044199972975489325,81925.2431639087,1405242.632760324,0.02914985684820229,8394131.35273183,ok
1682,8394213.640891945,0.11185545139393097,30756.80662684804,787055.504733091,0.019539159844437146,8393913.159811452,ok
1683,8394005.72801625,0.2185396221065888,12760.737530977916,234260.8180166349,0.027236175556408615,8393831.95117244,ok
1684,8394019.98468839,0.0803531948708598,34650.2212339368,1301567.7461524387,0.013310955705673498,8393789.370908372,ok
1685,8393749.285894211,0.15884108307514266,17778.885684690416,824142.8085772803,0.01078628940255036,8393653.401791086,ok
1686,8393627.87061912,0.29503421817752323,7600.966388791439,15358.628754606516,0.24744938204563607,8392687.443401193,ok
1687,8392868.404035175,0.12278548105092368,34713.46903001733,790006.0680561662,0.02197038126265971,8392487.069960406,ok
1688,8392507.577315524,0.2242479022364824,15550.286150151354,174248.42825902018,0.04462102271314569,8392160.642479774,ok
1689,8392254.41173437,0.22089093720480804,14518.351518859592,374638.0751480786,0.019376502926352453,8392113.754294025,ok
1690,8392092.431885075,0.2823478238951314,7928.170452002665,31733.78562770083,0.12491687164297952,8391597.250759715,ok
1691,8391665.822666127,0.1074198673628224,28433.01978283416,1411410.5034192451,0.010072554977433245,8391522.626088658,ok
1692,8391464.596856833,0.29736770530284706,8084.0328368673145,41774.36634756808,0.09675829394522859,8391073.498244086,ok
1693,8390949.140079161,0.29645218478909,6192.285612602161,12874.983607372125,0.24047741734818603,8390204.58765336,ok
1694,8390095.459369509,0.17675319294881542,15076.4863381613,318959.03388099204,0.023633891404039275,8389917.301349074,ok
1695,8389853.479869539,0.3072669905924623,7980.4861496713165,37945.97355689182,0.10515590195236782,8389433.882259997,ok
1696,8389166.563036785,0.3083525905187313,8414.701463972997,148647.39720218026,0.02830423412166404,8389047.477196636,ok
1697,8388983.212458156,0.311548752638552,5865.37237364473,6680.22357072046,0.4390101851794873,8387695.733352206,ok
1698,8387788.31008978,0.13770006524936765,29894.186410299437,835046.8565149446,0.01789970597282551,8387520.76151626,ok
1699,8387571.7931975555,0.22299195099258468,14258.019897266271,167602.8661011627,0.04253513149548509,8387268.559821958,ok
1700,8387180.635536896,0.2290654756051848,11481.93021133748,267109.23258082225,0.021492948971472303,8387057.245266832,ok
1701,8387108.446880523,0.13292345976021944,17832.153502381174,585379.9408060487,0.015231264567954697,8386972.643756617,ok
1702,8387059.587719474,0.1447738228648809,18522.172059553668,850204.3552258556,0.010892776510556264,8386958.708779106,ok
1703,8386962.988932405,0.20855126856269718,10986.221263938152,302814.95156221814,0.018140156566345864,8386863.343045504,ok
1704,8386841.591197472,0.3163563538432104,6631.494280443489,13960.669925570031,0.23750630577897272,8386054.080343301,ok
1705,8386111.596324818,0.20682760814383747,13048.245600650607,216495.08462652413,0.030135200582406173,8385914.990575606,ok
1706,8386026.071058372,0.2074668359608158,15334.836453965783,525625.2425763435,0.014587233652252254,8385914.224637186,ok
1707,8385813.862118821,0.2547143752346957,9910.855450410692,94100.24431846103,0.052661156844979275,8385552.903562149,ok
1708,8385581.933880719,0.19188549847973554,11354.360049247687,374456.0853132011,0.015161137039274868,8385495.861376369,ok
1709,8385528.18191807,0.299622491659422,5532.9083373115645,5656.353079684701,0.4890879564417134,8384175.142502133,ok
1710,8385038.747501114,0.05029376164554395,108910.69458421844,5054340.8248369,0.010773976108717689,8384452.046890397,ok
1711,8384586.940586688,0.13197067104289464,34905.337155554575,1178496.3446834472,0.014809268315944759,8384328.47933489,ok
1712,8384309.012127571,0.20449308789728224,20001.396063191292,317805.5372769704,0.031467979184012604,8383994.310370088,ok
1713,8384167.79191673,0.1390678732011829,20706.55715869173,686284.4361188279,0.0150859877252895,8384011.602483165,ok
1714,8383925.5650540665,0.20533604498372038,16089.572845557013,421635.93512437184,0.019079935443371304,8383772.071048465,ok
1715,8383694.904462632,0.29202914035519656,10006.114055143586,81196.26520015876,0.06161683687345278,8383386.631913895,ok
1716,8383130.578046014,0.2735988085986315,10591.180098315746,130434.48742104821,0.040599615591415464,8382915.5791256875,ok
1717,8383078.117117657,0.19788167496101353,17844.06555294911,751232.9116088653,0.011876520102622813,8382972.154416031,ok
1718,8382887.583055835,0.2653358727499622,9927.398799881406,207631.49814632325,0.023906292851784253,8382768.919404352,ok
1719,8382825.961954819,0.2552336898947367,10804.003436924675,284822.6122632748,0.018966196804167418,8382723.50652709,ok
1720,8382614.1613180265,0.28578809338846234,8973.14805797137,106651.667378578,0.042067546989770326,8382425.422154238,ok
1721,8382309.419861505,0.1938845799950429,14966.908642223398,728072.6554251033,0.010278444418081185,8382232.5015922105,ok
1722,8382221.350729264,0.30067758028605496,7027.972606339765,14512.734213757842,0.2421312380845974,8381370.504875065,ok
1723,8380984.011527854,0.13531348216992894,21452.674857260696,682629.4621983127,0.01571326469573651,8380815.465748622,ok
1724,8380832.268984985,0.29961084352675776,7582.879328376638,21826.478474950294,0.17370826304113418,8380173.664586494,ok
1725,8380392.040134773,0.14544257431487312,24095.436145185973,452277.99959812284,0.026637860084501423,8380071.114706418,ok
1726,8380026.25117774,0.2543785476141381,11211.915459727046,150864.2683853373,0.03715894949720496,8379817.939677573,ok
1727,8379832.449503331,0.2528469574505637,9495.560070355768,151110.0584167559,0.03141935146423995,8379683.277333732,ok
1728,8379430.329193904,0.31964752900603965,5653.827778799496,6377.272733480124,0.44327944052928725,8378177.216386586,ok
1729,8378317.653381627,0.14299053460319636,30136.715632785403,759659.2455675877,0.01983568014779339,8378018.762255629,ok
1730,8378049.68580295,0.23183545740570072,13845.880085990319,116042.11178887085,0.059658859497411454,8377636.671095616,ok
1731,8377652.4238713905,0.2166467320315813,12534.435864042829,357083.04959530506,0.017551149345017288,8377542.426993488,ok
1732,8377614.442649051,0.32496964923142213,7733.660123100732,91229.1140260343,0.042385921455368715,8377450.54349378,ok
1733,8377399.04636771,0.27624864598432575,10135.424522360961,144716.8011108079,0.03501813350130781,8377221.584543202,ok
1734,8377153.904865741,0.19271543873156957,15407.029888619405,815702.7643584483,0.009444022113089846,8377081.152700258,ok
1735,8377059.732327484,0.18638830157630623,12859.332277594525,534315.5588578943,0.012033462309315396,8376982.36118234,ok
1736,8376766.881201502,0.252448637786971,9980.655693411296,322536.47207437945,0.015472135025879612,8376689.670175235,ok
1737,8376660.62771837,0.3346357135441548,7008.424546312621,38328.32858800317,0.09142616968309791,8376340.25101248,ok
1738,8376405.67871706,0.11166784437337636,21830.330773453254,846559.6673613779,0.01289355707288519,8376264.943409187,ok
1739,8376269.098006012,0.1372151913176736,16308.679085207437,627083.7884940872,0.013003588503198256,8376163.062330084,ok
1740,8376156.584210918,0.30876787139210976,7346.676086081476,47929.20344981083,0.07664091573913348,8375875.056219481,ok
1741,8375964.244076614,0.1509219077013178,22713.848561420687,1280440.6194089896,0.008869543896500517,8375863.513338177,ok
1742,8375862.865887868,0.26484947791045754,9212.020340953004,101091.80984353602,0.045562644269653646,8375653.003884968,ok
1743,8375699.676415216,0.26456234661971423,9283.619265652376,147389.62874410738,0.03149346173389942,8375553.489761168,ok
1744,8375387.496884121,0.2241917245007903,11889.594203179307,553448.4101265711,0.0107413753347491,8375323.641587163,ok
1745,8375334.129237504,0.32824269946386037,5636.0702883731265,8801.050457825386,0.32019304487465233,8374431.813984123,ok
1746,8374245.8907846315,0.13351995722454463,26366.75494211593,773663.1573303994,0.017040203279872473,8374021.243352609,ok
1747,8374122.402016393,0.24486406440539757,12342.745848440409,335661.01757944457,0.018385730248701156,8374008.936818545,ok
1748,8373926.3684916105,0.2695151240633426,9018.381824949234,55605.254606228875,0.08109289210896806,8373560.705159447,ok
1749,8373495.672470419,0.2393380440854015,8727.247338384512,82890.28912145415,0.05264336408331863,8373265.956640879,ok
1750,8373341.946885444,0.29322711992571826,7599.0275921477805,97290.35422121067,0.039053345282666706,8373193.56316126,ok
1751,8373109.938597257,0.30866402722546266,5572.607070050059,4449.855433860808,0.6261559676350117,8371365.278011158,ok
1752,8371660.70136478,0.10060013431001043,48733.64557588959,818784.9038743752,0.02975973625386156,8370935.551145266,ok
1753,8371109.990980863,0.18890975292152615,25009.85135011986,331850.6290563607,0.03768239255902126,8370638.7754626535,ok
1754,8370452.843748806,0.2601607970153337,12455.328908997086,67555.30765163134,0.09218616080639158,8369878.739271956,ok
1755,8369900.496074691,0.2017774143263418,18698.22605607419,518848.46717760735,0.018018966267537982,8369732.034722407,ok
1756,8369753.921162523,0.26966964136965926,12597.010609054887,183487.73832846413,0.03432657332803566,8369537.71505833,ok
1757,8369444.038967315,0.20617212427907797,14365.144311529482,363120.08780126844,0.019780156474559135,8369301.966566184,ok
1758,8369325.3932799315,0.294163809393302,8401.480466052548,34712.30000675864,0.12101590019123973,8368817.036919162,ok
1759,8368460.996349899,0.2445387263323676,13327.086973638918,475235.4532228555,0.0140215622416846,8368367.563060149,ok
1760,8368500.930013422,0.12888476875342697,17661.073351271203,694215.9149184925,0.012720158794792812,8368388.604184665,ok
1761,8368318.324403917,0.3239223086927422,7102.128917034084,14665.758015187757,0.24213303225374266,8367458.494398848,ok
1762,8367776.692598808,0.05326771166457612,47084.66362827273,1122666.1388362125,0.020970020382498587,8367283.009420813,ok
1763,8367446.129222337,0.2697661795262857,11849.40509079968,84524.62127992294,0.07009439919025262,8367030.840757037,ok
1764,8366945.113563491,0.22768475595855403,14438.139088116797,545576.4765891201,0.013232002943365835,8366849.590814036,ok
1765,8366804.178783657,0.3093760836228374,7470.653920009289,16534.99071070302,0.2259043881764497,8365960.352032118,ok
1766,8366360.406203045,0.13397306944574583,21505.358884764675,267708.3056446178,0.04016565498963822,8365928.517790348,ok
1767,8366061.626359741,0.20213139212938533,14582.204652845925,147664.7626779225,0.04937604743472806,8365701.620545421,ok
1768,8365753.297294052,0.29625538610020574,8227.824996846844,30642.975402618235,0.13425303660531335,8365200.99204881,ok
1769,8365240.892750604,0.20873845832366986,14495.538943287866,133236.69629065602,0.05439769728178275,8364846.630780918,ok
1770,8364655.75464585,0.28340655760807393,7228.219105306944,28479.830151759128,0.12690067087462029,8364197.121719004,ok
1771,8363948.815600496,0.24282309353259288,12190.999556893861,269897.58122057334,0.02258449205391505,8363811.151834184,ok
1772,8363857.616006465,0.30488031716248026,6690.504197511885,17823.827522467203,0.18768427233371743,8363229.764800537,ok
1773,8363707.2462900495,0.11592047665192542,21202.316687505838,239809.14776742755,0.04420664700428428,8363238.604625311,ok
1774,8363245.7868576,0.25298733616151575,11162.557860358227,113811.74690039964,0.049039568253560616,8362972.083348561,ok
1775,8363018.721106455,0.31670193287838283,6333.695736373853,10717.423232864037,0.2954859390525948,8362082.962090287,ok
1776,8362139.128247948,0.16159165732137934,21855.109498374568,229280.58940221387,0.04766018256354749,8361618.318993629,ok
1777,8361508.862727068,0.2797791264952602,9835.747122163093,51180.027790220476,0.0960897008739268,8361036.305727648,ok
1778,8361127.270085681,0.2785491419987589,9551.742683969187,88259.2445122249,0.054111853872973965,8360868.838833507,ok
1779,8360868.748413997,0.2779318924301544,8733.306345175133,200481.95799538287,0.02178077876059117,8360773.639307321,ok
1780,8360798.163550462,0.376654900034632,5574.181352657883,17283.005800139872,0.1612619187055058,8360348.711960391,ok
1781,8360922.74911093,0.0670162123567375,61035.90936863488,2651396.9523278284,0.01151014172265824,8360571.483127427,ok
1782,8360548.79878122,0.17063300607373252,21023.750335096738,994042.6086774957,0.010574873829134633,8360437.637027615,ok
1783,8360482.314461792,0.26107152730406064,10301.457737563755,88812.03974992885,0.05799584024063588,8360183.593613195,ok
1784,8359872.810537272,0.321383601637031,7456.215354955494,39810.46742997616,0.09364641809431724,8359523.686607007,ok
1785,8359365.562328512,0.3252292167430278,7931.648315699484,166143.9504810158,0.023869807756273922,8359270.898868269,ok
1786,8359187.822514831,0.16938090503456021,11451.483636475761,306547.4456305994,0.01867815863368049,8359080.876200854,ok
1787,8359180.448906912,0.2560601807685801,9969.335318337493,403521.3112890191,0.012352922930502958,8359118.873691484,ok
1788,8359140.577632306,0.34728383436866467,6671.1146379212305,71235.14917415423,0.04682459933937828,8358984.391497272,ok
1789,8359375.15144969,0.07617849922317656,24558.707911598973,624787.520431178,0.019653647927098904,8359133.81735027,ok
1790,8359136.056296803,0.2028248598030695,8439.183586451602,192275.55595424044,0.0219455446236235,8359043.455056811,ok
1791,8358991.971057599,0.2859304235181464,5929.242314191231,56401.03668056247,0.05256323875545563,8358836.140967899,ok
1792,8358808.436426127,0.2380723802221876,8691.13227194227,230168.07754098857,0.018879968857528785,8358726.392272811,ok
1793,8358656.530173727,0.276244985879387,6573.126531642004,32495.0370407485,0.10114046836443608,8358324.125625713,ok
1794,8358097.9618529985,0.31601612957850095,4732.36522996998,3915.4239759352563,0.6043234728928155,8356668.022157612,ok
1795,8357029.544404105,0.09686499004666442,41477.26463582051,1043302.8786204382,0.019877863603072768,8356617.3046995755,ok
1796,8356636.689416264,0.18784771664256725,19277.74536165481,304087.34923456045,0.03169771023059685,8356331.159223078,ok
1797,8356204.93438626,0.19945880548751166,15758.704960050585,400681.38500901626,0.019664882809187628,8356049.987843128,ok
1798,8356092.658679124,0.2708324207158343,9378.378058507285,61502.52457478192,0.07624384627580583,8355735.136871619,ok
1799,8355783.562182015,0.20770877256275724,11712.07620314061,158359.48710246966,0.03697939547998813,8355567.009433111,ok
1800,8355657.227745201,0.2832523404451751,7784.8147980503145,106083.17846831713,0.03669203218856858,8355514.407407626,ok
1801,8355551.362279231,0.3079914199095621,5820.674099343822,11274.363026491885,0.2581376032360639,8354800.09484862,ok
1802,8354833.08477057,0.061440966799662315,48735.00901817373,1688987.7456123235,0.014427283189229239,8354481.527882403,ok
1803,8354560.126490417,0.2062011242405646,11038.76959452093,313730.26373723836,0.017592771355597274,8354463.025215655,ok
1804,8354398.774341619,0.3308890475728906,6837.220315071194,18420.609309557454,0.1855861605925199,8353764.3276079185,ok
1805,8353937.372339016,0.11916803571715821,28747.670592016588,1088799.2920947112,0.013201547246007908,8353747.61547325,ok
1806,8353780.654858599,0.1814384600174926,14725.259964144829,169294.06245951963,0.043490184328425066,8353460.452723538,ok
1807,8353219.41331332,0.28118062682860506,9670.904070684177,108050.01641199768,0.04475197872163551,8353003.017266724,ok
1808,8352871.76332624,0.3114588567947108,5574.478901002101,7356.066942728202,0.37890349179820343,8351815.668565967,ok
1809,8351807.102483815,0.10973240320681105,42624.43312949092,2379724.883554628,0.008955748083329324,8351616.235641163,ok
1810,8351519.005366601,0.25463750643336575,12715.452253176805,165186.84579593764,0.03848808962937868,8351274.308633601,ok
1811,8351321.961695015,0.24590457231810345,10914.43945136918,181842.36294714754,0.030010717179641634,8351158.186617241,ok
1812,8351344.941623788,0.12897505565967624,23305.12073302523,1239988.1688219046,0.00939731576437826,8351235.43883456,ok
1813,8351262.615274895,0.2330868791089396,13343.676013529604,478786.99946773576,0.013934877125280843,8351169.64403207,ok
1814,8351122.881920757,0.31300374176955387,7563.7907919080335,19032.97935109992,0.1987022276538886,8350371.410880827,ok
1815,8350592.506334359,0.1373852845620131,26246.067235085815,620109.9047728386,0.02116243187947497,8350314.791029375,ok
1816,8350249.993756399,0.30467573669325365,9225.15799611139,63955.15814294575,0.07212207946927673,8349917.324967342,ok
1817,8349995.335943329,0.33277855924149463,7823.349014411856,98531.90875896155,0.03969957099659006,8349840.044143515,ok
1818,8349974.075833187,0.12772097246077704,17380.406785541003,585800.5384557011,0.014834748045264327,8349845.1588553935,ok
1819,8349673.249402787,0.21440829982326923,9826.370251901502,210080.94369311753,0.023387105177554057,8349558.344225489,ok
1820,8349360.776170358,0.33406881152681217,4383.933317923882,2018.9623247061693,1.0000000003478644,8346995.805177021,ok
1821,8347044.796540421,0.07853278530836034,60730.090361216964,1598986.8588666697,0.01899017806946245,8346468.1589253545,ok
1822,8346396.9331134735,0.1545960435717372,24725.293594259514,370718.08173083124,0.03334783871185963,8345984.665562032,ok
1823,8346101.497166902,0.15313682795598269,24193.297650996567,1020923.2212994476,0.011848735118495466,8345958.167179148,ok
1824,8345975.338561495,0.2530792381036516,13514.41225965179,77019.90552743983,0.08773324354985751,8345382.50695039,ok
1825,8345445.04251436,0.20863587809797485,16795.726802783975,277705.8783648663,0.03024013553778066,8345191.089986874,ok
1826,8345151.443998439,0.3017210033090063,10428.248728910978,110894.76766962066,0.047018668905908036,8344906.282811312,ok
1827,8344783.229261367,0.33219389563913265,6013.964035605897,12500.166473495925,0.2405553577369266,8344059.883626366,ok
1828,8343962.171900485,0.10471587067069138,45189.594091380626,1797218.785498496,0.012572090403241127,8343678.108069384,ok
1829,8343611.233311347,0.29599859744974727,8100.04267603152,62170.755400372334,0.06514351179962509,8343347.400698525,ok
1830,8343249.994085898,0.3208528414829018,6870.650177490779,25099.04865902579,0.1368707290628732,8342779.798636434,ok
1831,8342898.851114694,0.12395861135177592,23506.609032346405,680976.6548924809,0.017259482291693135,8342695.995163528,ok
1832,8342501.176114072,0.22882072256029365,11391.848937560588,292529.1454138249,0.019471305878676064,8342390.269026479,ok
1833,8342499.886760751,0.254707667885104,10125.754059122486,217982.75148609738,0.023226044239945957,8342382.296154881,ok
1834,8342414.454424551,0.3236193546371787,5946.46387049835,27095.88730849402,0.10973000815209052,8342088.201660058,ok
1835,8342423.668747192,0.12660332997074666,27525.99151314356,749406.2465411468,0.01836520021029223,8342170.90857463,ok
1836,8342074.503248775,0.3085188224952333,6622.720926981313,24992.40449449186,0.13249467310039958,8341635.7656266475,ok
1837,8341509.738808112,0.3272495367923607,10338.259345894226,221305.09166802984,0.02335748189969845,8341389.000955339,ok
1838,8341251.0422463585,0.3230008386003924,6026.986732141272,10742.390630802725,0.2805235323904296,8340405.686442474,ok
1839,8340372.285181633,0.09599267493055352,30368.15115482635,664578.1485725811,0.022847690087353007,8340025.3641285775,ok
1840,8339973.7745539285,0.27042581324845627,8955.593840638447,53960.86148345073,0.0829823097189158,8339602.196623028,ok
1841,8339607.50400788,0.3031643986165587,6087.550392107398,8850.706555254561,0.3439019446697897,8338560.743798818,ok
1842,8338510.188205948,0.14781298430886913,24283.56010992996,449382.65598146676,0.02701879988769688,8338182.1318803625,ok
1843,8338189.449345895,0.25717531698031554,9763.184650883424,62526.36052975431,0.07807254866719321,8337808.330991494,ok
1844,8337653.806735587,0.29990655769733077,8315.207506805993,84124.66785559588,0.049421933653749785,8337448.329918728,ok
1845,8337385.040182458,0.30706757649711924,8490.740012210088,91283.51662436823,0.04650752033989604,8337187.598550549,ok
1846,8337376.535613665,0.12166763417783848,16470.364871446232,524958.1583952821,0.015687312034347322,8337247.347737136,ok
1847,8337239.295488915,0.26420072047332327,8700.269949006237,204369.23589524557,0.0212856644271689,8337146.699975636,ok
1848,8337059.356720477,0.31597966555589874,6013.45866811347,9359.736400799056,0.3212408133417139,8336093.472543707,ok
1849,8335806.054237856,0.08441185956673024,40364.166906157756,1611180.3831851154,0.012526271833809978,8335553.247974349,ok
1850,8335605.636553359,0.18162823908437908,18817.773439015113,283373.65041759616,0.03320311082431999,8335293.232244878,ok
1851,8335291.323078025,0.1661838541396375,16149.081118971855,393054.3571959653,0.02054306334902223,8335125.447279798,ok
1852,8335172.54596119,0.21967609378634076,9874.981773094793,86985.36421208235,0.05676231779071604,8334892.282534399,ok
1853,8334946.111030015,0.26660615624071266,8121.964192679051,77548.89250706836,0.05236673232914807,8334733.450667583,ok
1854,8335016.141057769,0.20514348731161014,8928.431766433865,98250.00466735908,0.045437309629971424,8334813.299098427,ok
1855,8334905.7101569185,0.3017281595051902,6622.869761385395,19705.8700059029,0.16804306938494754,8334349.246475499,ok
1856,8334101.32050186,0.3358366516212765,7543.446653431745,41785.93766764106,0.09026298169292218,8333760.87350827,ok
1857,8333643.216044245,0.2545370816983871,10703.597191299643,305320.03732817067,0.017528487951472,8333549.407107042,ok
1858,8333454.261966443,0.3213743551067386,6395.157893761181,27536.903524267193,0.11611977156627977,8333082.959829565,ok
1859,8333089.703569578,0.2458445834218222,10877.19248005493,172459.27233492435,0.03153553976190648,8332918.194501601,ok
1860,8332903.690370426,0.31320295980282387,4395.456662884921,2264.785717990821,0.9703912886699719,8330771.033942731,ok
1861,8330835.236031062,0.08278473940022438,58668.00358755963,1439590.4072572095,0.020376630495662056,8330237.507915551,ok
1862,8330283.611901884,0.19456054353131952,21961.615830324725,517142.5404443966,0.021233619469259314,8330050.449605148,ok
1863,8330098.699664084,0.1771312855351236,19594.03574334894,735206.4057490464,0.013325533884179135,8329968.149170471,ok
1864,8329919.742373144,0.23545485525002777,13709.111093080544,345569.34333437844,0.019835542934454387,8329783.778542304,ok
1865,8329749.201995108,0.29405485481305377,9053.688147960198,43853.186702956584,0.10322725471795414,8329281.908308815,ok
1866,8329787.922774985,0.06387617611775664,66027.53457042885,3002505.8637065096,0.010995404766490564,8329424.923040818,ok
1867,8329521.205927027,0.11867859749912041,23387.436518845418,1030882.5261443106,0.011343405250217362,8329388.559341929,ok
1868,8329421.240042922,0.18872834140047368,12362.529980072333,396118.43851866934,0.015604587893337461,8329324.783950093,ok
1869,8329480.837072173,0.10380634937627245,24032.49468712679,788370.0863406337,0.01524188645885721,8329297.686794501,ok
1870,8329254.347837482,0.2715575969076059,9035.342586612214,144588.01827982668,0.03124512907122696,8329113.192614821,ok
1871,8329430.710329054,0.0871617884258198,31843.598590014088,1209237.2954687313,0.013166811307151544,8329221.071002066,ok
1872,8329352.596667663,0.13328392169486358,18696.19332397574,803903.4391371727,0.01162838247342387,8329243.893424279,ok
1873,8329247.763899593,0.2023418743226473,11839.75637120825,339771.07218156237,0.017423137725040755,8329144.621046649,ok
1874,8329169.1778653525,0.31260250874530726,6945.81511066468,25496.968937488364,0.13620864361748117,8328696.137837832,ok
1875,8328897.310062191,0.062079488107285634,33062.864208604515,771539.9776584456,0.02142653988517052,8328543.098672849,ok
1876,8328690.028533908,0.1736988295897312,13249.804355422602,407047.69330011704,0.016275493724089842,8328582.204980092,ok
1877,8328470.110517662,0.34057491585170135,6996.152352736344,25300.60662887335,0.13826056535641032,8327986.4645278575,ok
1878,8328061.23963101,0.09945987405137229,16338.697714541275,161110.06165459057,0.05070663354834527,8327646.9994521765,ok
1879,8327701.102812171,0.2651399086250244,8438.049047662927,40701.36076920382,0.10365807049438348,8327263.766870662,ok
1880,8327124.15375279,0.2520174820316646,9344.26275701985,180706.1211310166,0.025854859532525237,8327003.356452282,ok
1881,8327072.073485956,0.21166999654730617,8085.272945251331,80616.59951942478,0.05014645242697916,8326869.349608401,ok
1882,8326841.170304999,0.2388375309260533,11368.1999150666,380692.10468786233,0.014930963599031863,8326756.30121544,ok
1883,8326790.688697993,0.23987429273870473,6427.0854257985175,49670.54861746763,0.06469714553885866,8326582.781657401,ok
1884,8326586.48676103,0.2092874574647907,13389.82746732605,636963.4497154228,0.010510671745221994,8326516.118720413,ok
1885,8326572.868863345,0.2083316303469924,12867.148652374519,614039.4567325917,0.010477460781464111,8326505.461340658,ok
1886,8326419.086748268,0.3286502528836344,4687.822814779884,3010.546873073505,0.7785666545683154,8324594.195485213,ok
1887,8324726.936016647,0.07736289314390987,78227.81382482835,2389541.2508146907,0.016368793340177188,8324086.688557671,ok
1888,8324100.690901888,0.10907461517718905,47870.33405555347,1840233.0948372,0.013006595248681911,8323789.375872148,ok
1889,8323804.463348563,0.1670463610431403,25786.166987409848,492929.5586715594,0.026156036429326058,8323467.2313870145,ok
1890,8323463.105339374,0.23210314403317314,15643.24612260576,167484.07433872556,0.04670069731814716,8323097.830088251,ok
1891,8322976.386215663,0.3063562511211324,8060.362870466504,38308.832756219395,0.10520240751994608,8322552.401425934,ok
1892,8322645.730265027,0.2939841517526484,8834.281593718704,125148.01064700914,0.03529533369346383,8322489.825806631,ok
1893,8322396.34298447,0.30154553738628836,7796.509349908672,131366.71336886985,0.029674600018410074,8322280.66383622,ok
1894,8322403.964698335,0.153446118052379,20708.692272534663,1319804.2850782473,0.007845364841843542,8322322.731075197,ok
1895,8322329.229888251,0.2977118431953864,8096.557304314456,130351.44332010885,0.031056646163983934,8322203.503930578,ok
1896,8322357.117157612,0.09944827496967228,22971.929369021374,858472.4227337147,0.01337953832918109,8322203.440252868,ok
1897,8322148.904725927,0.33318117799074054,6855.673302211333,20688.686228082668,0.1656865309529779,8321580.958362532,ok
1898,8321639.42231174,0.15172438417261616,27172.062656953138,1255413.6633406514,0.010821955921942244,8321492.39487955,ok
1899,8321441.870700812,0.22811782556489962,11552.870891246948,261196.16955504884,0.022115314537206686,8321314.123014028,ok
1900,8321254.789571358,0.3076390306967452,7369.2231205359385,30108.560569719502,0.12237753949531623,8320803.875874616,ok
1901,8321022.529369267,0.2724006538478599,11542.15093357235,185170.0344055114,0.03116635737155971,8320842.665968851,ok
1902,8321232.209674984,0.0630536764027962,32517.502708281925,800786.2516999929,0.02030348463104253,8320902.100366746,ok
1903,8320995.259515021,0.1165205547209187,17863.57247298801,565635.2348640872,0.015790717561362962,8320854.220201243,ok
1904,8320827.4072233485,0.26483106763956543,7697.548627006348,132111.03054316808,0.029132876321372455,8320715.281357284,ok
1905,8320839.213739946,0.20320807577736685,12883.49359928493,661916.9420533632,0.009731956368512375,8320776.522941154,ok
1906,8320798.055526137,0.3117069847743636,6869.894331511388,52143.88873093935,0.0658743958180776,8320571.780456927,ok
1907,8320535.375985303,0.2853659496411237,7384.351325498194,136230.28815319866,0.027102457998158504,8320435.308949482,ok
1908,8320334.705515658,0.18846234658643296,14870.451827274948,720463.8166205423,0.010320054584439315,8320257.973578381,ok
1909,8320130.522853411,0.24726595517216557,9734.093725758637,249485.73888263793,0.01950831692696012,8320035.574960711,ok
1910,8319986.098978611,0.32252803853568657,6754.34782135485,59031.17163001205,0.05721000985452972,8319792.8908259,ok
1911,8319865.959579653,0.3063004248035662,7196.085003198248,119058.38619161845,0.030220823720962055,8319757.2237714715,ok
1912,8319772.691395916,0.14072944968367063,20067.394528730794,1158181.2908473352,0.0086633218336869,8319685.766247333,ok
1913,8319680.612807734,0.3175241157132234,5426.304912551841,4413.898178747145,0.6146839701331829,8318012.881484333,ok
1914,8317773.289740507,0.13185864850230689,27310.920080800275,487394.66251052107,0.02801725396429709,8317390.701248555,ok
1915,8317182.778206777,0.24793014493341017,12191.663508821774,66535.16659762974,0.09161819329731784,8316624.289114794,ok
1916,8316536.146301549,0.21547744251635007,12729.504128317374,217963.53963104312,0.02920099423478163,8316350.289213218,ok
1917,8316412.279303679,0.30383045920473734,8133.168808238537,92170.24663106767,0.04412035936495533,8316232.860138381,ok
1918,8316335.7576358095,0.2808384899349774,7173.404720614557,50011.44628773358,0.07171762919375912,8316078.527845905,ok
1919,8316317.124547435,0.16905314329672103,16255.128527142726,692166.2966836281,0.011742213254983534,8316221.6889546085,ok
1920,8316148.119402347,0.289339992084477,7279.242844281198,113661.37597281206,0.03202162028208422,8316031.572827197,ok
1921,8315906.413801002,0.3122254472894134,5071.566221508368,5806.829478929709,0.43668978397856606,8314799.063222151,ok
1922,8314799.308205184,0.13344661048706577,21912.995349898396,665051.0964402417,0.016474670493132098,8314618.803516231,ok
1923,8314521.439100118,0.31762888141734075,8516.642101821675,33922.46412875919,0.12553100608338968,8313986.887774372,ok
1924,8314147.99059828,0.16489663128662463,19618.373734764886,662349.0788089745,0.014809693530518931,8314002.7195469905,ok
1925,8313988.469725943,0.27030268796734547,9323.951990345886,105286.91176212241,0.0442787799276122,8313782.043116826,ok
1926,8314202.064916724,0.10360465995651065,29746.253265088162,829272.6780169082,0.017935146094661073,8313935.313217685,ok
1927,8313982.018112678,0.27961736984859586,8867.922329836467,73012.74109002785,0.06072859474555227,8313712.749881976,ok
1928,8313538.328187065,0.29453198461133406,8592.810319357717,115898.75285312183,0.037070331249583685,8313379.059024613,ok
1929,8313335.477604069,0.3059132595121197,8444.300924698071,128986.37039931,0.03273330700971194,8313197.272656743,ok
1930,8312962.7966738725,0.34266562011153334,5695.957349068688,13012.824940607774,0.2188593704697396,8312339.489854053,ok
1931,8312481.483369499,0.0793559548065372,51365.688505312006,2459195.1608108557,0.01044359742647987,8312213.262083357,ok
1932,8312290.076034354,0.23295622339219274,10851.53032470196,201762.32619871636,0.026891864623959216,8312144.167092127,ok
1933,8312301.347884143,0.23357898904085375,11227.586496723794,243993.85592854314,0.02300792873245944,8312172.186129166,ok
1934,8312198.256284796,0.3406921825046879,6052.274242529215,36003.32229730375,0.08405160768986122,8311943.9045946635,ok
1935,8311939.775901938,0.23866694517737277,9186.672196621133,175401.80310928315,0.026187507864150708,8311819.487876741,ok
1936,8311883.892700622,0.2444085870051193,10177.753231128114,244746.99247573808,0.020792396932389354,8311778.08275809,ok
1937,8311890.8826047,0.22371683785025337,10405.085048238478,239118.35234585195,0.021757186234682955,8311777.689918108,ok
1938,8311741.789562797,0.28520610177302785,6281.009695673173,38321.06382632855,0.08195244427632245,8311484.417514255,ok
1939,8311566.370092457,0.21216708358149508,13289.81987483472,361925.55396930076,0.018359880545989287,8311444.370339768,ok
1940,8311482.423575135,0.2945011216293769,7527.634604025578,83485.01230790789,0.04508374854316541,8311312.736582329,ok
1941,8311262.071887689,0.33490173646902344,5576.582518365836,10073.417635363503,0.27679694817719147,8310490.281376518,ok
1942,8310163.731908273,0.16650608388789287,23306.398012928694,393362.48678749107,0.029624581392174883,8309818.510765827,ok
1943,8309858.457742516,0.21044354470588242,13507.48251752683,220108.8710835929,0.030683639534903075,8309651.22838022,ok
1944,8309666.131197056,0.30902038181646346,7664.123360479483,47634.81636940157,0.08044665587713451,8309357.854649765,ok
1945,8309384.412925871,0.20231731969956482,15433.673264003999,570142.8177296644,0.013534918606413052,8309279.966170157,ok
1946,8309235.267537938,0.2609653955858719,9846.425848762829,349252.363746852,0.014096434084408657,8309165.867791466,ok
1947,8309192.006311704,0.34154357138176494,6619.762858949074,76840.4177761036,0.04307474536537292,8309049.434011941,ok
1948,8309278.12953507,0.1332359057786438,10071.825674101634,110921.70391536428,0.045400608350673465,8309049.496028666,ok
1949,8309187.275440258,0.1672579722231237,15274.998154793211,675974.0990996326,0.011298508459968236,8309100.983092319,ok
1950,8309108.250224536,0.30100994511032303,6579.368896570407,25120.49540983174,0.13095619312498416,8308677.445672607,ok
1951,8308925.563100632,0.0916507992177522,17121.837009949093,162796.24871469242,0.052586706220595615,8308475.372594233,ok
1952,8308805.515154156,0.10073872233176503,12716.593308039966,105153.33262265228,0.06046690575977304,8308421.048629585,ok
1953,8308494.4740237,0.2041355375497278,7723.414273028883,59072.25895866293,0.06537259967012186,8308242.0241890205,ok
1954,8308264.221103393,0.29560658305290577,9587.21426861157,264623.69670188887,0.018114806776756694,8308177.385836391,ok
1955,8308245.907408822,0.28308623341969724,7380.737892460922,58210.71149909911,0.06339673319896759,8308011.9500733325,ok
1956,8307935.148808634,0.336233062668667,4757.149883134032,7610.765758257589,0.3125276768617259,8307191.7783079045,ok
1957,8307294.217118559,0.11333767269189922,40973.284402480815,2030511.3407690823,0.010089400531730509,8307087.5191798415,ok
1958,8307003.930828176,0.28150785300595643,12451.505511885334,237454.43224637618,0.026218726250108473,8306840.699520967,ok
1959,8306797.169611203,0.25239821193987616,9970.513260700169,171982.2770403521,0.02898703701417092,8306652.661792733,ok
1960,8306680.088973564,0.32670519285292826,6983.559541152343,52446.95373365203,0.06657736097140964,8306447.615491346,ok
1961,8306158.694048664,0.36628415931869945,5945.253107769701,34226.777632286525,0.08685090328458898,8305900.518747332,ok
1962,8306010.02760203,0.17564780337724245,12177.745474731273,187266.13253483403,0.032514543099420416,8305812.050686983,ok
1963,8305700.306390189,0.13842144927928285,19549.12246600858,1153868.3123514384,0.008471123722155922,8305617.504872655,ok
1964,8305604.8379304735,0.3407110918091364,5155.204099022052,15222.603287236585,0.16932728265159616,8305168.379579673,ok
1965,8305236.939228851,0.07933800239134811,21006.66603732258,469915.2847873509,0.022351545818336864,8305002.17349964,ok
1966,8305029.420756932,0.167993586419166,9878.469735520546,289892.6481108969,0.01703815153625695,8304945.265324782,ok
1967,8304895.562022388,0.3439543529688985,5020.18240577611,15341.00192307655,0.16361976978258994,8304484.861477638,ok
1968,8304220.730147525,0.31120765388068977,9228.77565740488,357635.6727895909,0.012902481994342995,8304161.1930916505,ok
1969,8304079.969219799,0.36193187071727634,5813.474915871242,42010.116137228244,0.069191369251173,8303878.84807503,ok
1970,8303820.081330598,0.1039757589197108,26537.810319205862,1325933.3102133414,0.010007219109283842,8303687.296489325,ok
1971,8303696.045615093,0.35604214795985345,5809.4268401914105,23572.61445384951,0.12322406688416154,8303338.115014335,ok
1972,8303039.267251484,0.2036791530673187,10813.828756841325,390313.7466412866,0.013852738790134968,8302964.366678939,ok
1973,8302930.978645017,0.3665882788430386,5691.33870550471,19841.94569581316,0.1434168501606583,8302522.861709847,ok
1974,8302486.507037757,0.25212648312254216,8646.23730777899,131886.13043409967,0.03277917579096502,8302344.798771435,ok
1975,8302133.917394692,0.34926339817315427,5210.420162948911,7941.488542231017,0.3280506000380842,8301279.276664238,ok
1976,8301637.841750779,0.07628608687002587,47249.71536081575,1271866.8006529808,0.018574946423854127,8301199.011285095,ok
1977,8301604.820082033,0.09347836904538817,38708.764385718925,1795167.1489127711,0.010781381669434677,8301396.153100636,ok
1978,8301477.799267406,0.22381952772872588,13152.05070676375,243374.17411479552,0.027020226683050083,8301300.113571684,ok
1979,8301130.858513531,0.31167290667642145,7323.203654261932,33517.765650555,0.10924361323202747,8300730.851899718,ok
1980,8300496.207632989,0.26140012286888026,8643.165027962765,88495.12918955206,0.04883412853971627,8300285.1669170065,ok
1981,8300311.060435846,0.3262843658299866,7663.558118828645,85125.70797820756,0.045013182861225305,8300138.579864361,ok
1982,8300190.590757547,0.3513952899808424,5813.577772008633,31890.864756081508,0.09114801082494946,8299925.642732699,ok
1983,8300163.50798977,0.06580708865859954,43952.828589475626,1603938.0822350117,0.01370153532617339,8299862.3973729685,ok
1984,8299816.134165205,0.3295218050008031,7414.461625009959,146580.95175422504,0.025291354491414144,8299722.373276545,ok
1985,8299715.65409442,0.3363771296841977,4737.504740138883,4722.547440053309,0.501583605064368,8298527.526741137,ok
1986,8298632.305586476,0.16857091382001377,19828.687680506864,285049.5094157265,0.034781129287242495,8298287.473511569,ok
1987,8297855.0491025625,0.27677549781259714,9911.085755535772,88369.36070960757,0.05607761375633802,8297577.154083109,ok
1988,8297610.065274722,0.30995909066173993,8533.730459312821,108731.54856188063,0.0392422005029026,8297442.62409386,ok
1989,8297437.972743377,0.3551557405540544,6084.7305858889395,15198.838206310542,0.20017091120038918,8296828.979710484,ok
1990,8296983.823099457,0.09863939559331808,33245.17452204056,1108540.3435387448,0.014995022380472614,8296734.567031456,ok
1991,8296622.792448057,0.24921044189663535,13383.199027282219,376110.22902339604,0.01779159139334351,8296503.738243743,ok
1992,8296553.994472052,0.25037390548801375,12730.79850967095,499446.263954992,0.012744913145269014,8296472.868011414,ok
1993,8296452.481024029,0.30610061664987553,7410.396635485859,46793.094864796534,0.07918258726952535,8296159.093834883,ok
1994,8296401.759722353,0.092293528709509,37526.81738557911,1678412.8554026876,0.01117925701795689,8296191.998754043,ok
1995,8296225.978786143,0.36669084854082074,6208.645743662795,36963.25749297526,0.08398401770789178,8295965.265279103,ok
1996,8296013.437421523,0.2642786903071547,9195.40660901851,272345.9025859138,0.01688185230933985,8295935.819673374,ok
1997,8295975.711751052,0.15184950037820147,16620.117310969938,913417.522592942,0.009097765753272381,8295900.108784009,ok
1998,8295897.062840167,0.33754734790862084,5217.932143641687,40297.67727451316,0.06474234368517615,8295728.152262083,ok
1999,8295725.004717884,0.18858516311962276,9671.910156171463,293569.30095020833,0.016472959067698797,8295645.34222783,ok
2000,8295669.135596312,0.3669633795738677,4798.636333186367,7039.595222017892,0.34083183633751907,8294851.371579633,ok
2001,8294493.96255089,0.09833361025577556,24230.959194335534,686820.3785561664,0.017639953582386306,8294280.246053167,ok
2002,8294271.385787124,0.31479674712443206,8592.533793688835,66605.53924915516,0.0645031471147336,8293994.263051433,ok
2003,8293964.553068896,0.3205121190178077,8468.063438992422,122223.78822969097,0.03464163384904533,8293817.879292363,ok
2004,8293720.055584724,0.17456053612571987,14486.558105085518,606569.9195511501,0.01194137529586473,8293633.560871185,ok
2005,8293669.255970522,0.26927058339462423,9866.444771161634,355369.7349238308,0.013881942947781396,8293600.773258816,ok
2006,8293638.60015629,0.26346064667622116,8519.961474460742,279965.3925394409,0.01521609759902819,8293573.779873623,ok
2007,8293609.590443362,0.24044503559569727,10083.996018737482,419604.88167301455,0.01201606137008153,8293549.005485853,ok
2008,8293579.944445043,0.24048857154843573,10243.196186048399,465889.43395737145,0.0109931621533465,8293523.641886721,ok
2009,8293501.871126268,0.32848172404845516,5939.740433836602,101914.68487186101,0.029140748662985782,8293415.326884716,ok
2010,8293384.2817775505,0.22158121351319213,10940.055226436776,594398.2130838213,0.009202631321583417,8293333.943130107,ok
2011,8293310.217641559,0.32254437560120996,4722.786036884736,2940.10607916343,0.8031659249227744,8291413.627233796,ok
2012,8290893.99340281,0.17706285743468275,18513.770891746848,209384.2374143054,0.0442100396867839,8290484.746129872,ok
2013,8290423.249037281,0.2114781600549904,16474.4990235214,393711.2503915687,0.020922057735379106,8290250.908827415,ok
2014,8290289.43570232,0.32592379242161695,8447.83565440913,76892.11064696607,0.054933045687844274,8290057.403031336,ok
2015,8290094.563366279,0.22121629080863014,8891.161683857383,308049.29379922734,0.014431394362572767,8290030.407435978,ok
2016,8290077.907630937,0.3267030500918026,5550.088697183912,68491.38743220035,0.040516690530454987,8289965.472017856,ok
2017,8289840.197056344,0.24726647684483427,9515.156479067871,385221.45088806923,0.012350242253036702,8289781.4398125475,ok
2018,8289743.391857512,0.3422748043048295,4783.629395445088,8672.879532906241,0.2757809201255051,8289083.774999405,ok
2019,8289372.867861672,0.17775243523653195,18484.53943842466,601432.4946492115,0.01536709406531639,8289230.84103352,ok
2020,8289268.833881104,0.23400703945386825,13332.670938002464,385387.52562952274,0.017297745841959745,8289153.521304465,ok
2021,8289154.994059796,0.327315417649248,6735.1006181242465,45496.9609098323,0.07401703853881735,8288905.73795879,ok
2022,8288887.362232371,0.2601792386324085,9846.844353260774,295581.89849145984,0.016656710717935383,8288805.354213433,ok
2023,8288881.327722827,0.17322978241267825,13288.942412615657,310779.831724897,0.021379994864626637,8288739.268962557,ok
2024,8288710.097090257,0.3492882331908772,4444.12454913757,5121.725311446688,0.4338503413298319,8287746.0546139795,ok
2025,8287231.759815733,0.26321147204327355,10318.168580698155,95755.33333401951,0.05387777485305022,8286953.799833889,ok
2026,8286970.21188402,0.19327920936282203,16026.149707867839,510160.43618185027,0.01570697036780328,8286844.350754734,ok
2027,8286824.513212151,0.3479849477943031,6884.027743219819,51308.37459536196,0.06708483554107855,8286593.606277644,ok
2028,8286576.766368681,0.30735025921554276,8155.632294786228,101549.84282908862,0.040155809539323455,8286413.01836013,ok
2029,8286350.875243718,0.3331240784388242,6018.483237565397,29305.79070835039,0.1026841981071422,8286041.873681183,ok
2030,8285993.378012683,0.19129629754231042,17428.549916895507,809360.4937076529,0.010766864736043585,8285899.552592932,ok
2031,8285846.994786052,0.2521526330115609,8978.880273021387,191089.45575785005,0.023493918692194846,8285741.520244511,ok
2032,8285778.863400814,0.3194096895061303,5757.3473747540975,33404.81328407481,0.08617541618618801,8285530.79249774,ok
2033,8285381.133963826,0.19769186251736232,8992.070819732013,96577.85372609226,0.04655348236063897,8285171.82785868,ok
2034,8285254.802650053,0.20912441036334528,7382.569481078261,56756.24404964868,0.06503750912957001,8285014.73068504,ok
2035,8284970.051408883,0.16208320240821278,13800.728103533584,359689.4649040623,0.019184226186906204,8284837.673264142,ok
2036,8284907.047685765,0.282049792132994,7112.776600166646,49619.38234203195,0.07167336899860503,8284652.14935483,ok
2037,8284539.780709658,0.3465054754303888,4478.49654425367,4039.4005650510367,0.5543516262043556,8283298.4497885285,ok
2038,8283327.558493265,0.05605550470199781,52347.87635245743,1268862.7354363143,0.020627872066262928,8282787.645845096,ok
2039,8282789.76408052,0.15547339166123794,25007.434684359017,760827.2282007255,0.016434371534979703,8282584.27334415,ok
2040,8282659.4606906595,0.22438110188715152,17319.358067538968,556513.7111739108,0.015560585228893543,8282524.711017,ok
2041,8282420.3679941185,0.2735104765605909,11234.497543583067,193692.47361027286,0.02900086238298529,8282257.462935517,ok
2042,8282293.1565176705,0.29104199548167664,8854.682043531178,61762.11462631108,0.07168376679705704,8281975.788036335,ok
2043,8282068.909067696,0.27642218001181207,8478.741621764835,81048.19462519951,0.05230678894807007,8281847.161193418,ok
2044,8282083.376827491,0.14607423286148966,20527.566486287604,646353.1541307141,0.015879528362397567,8281920.392790377,ok
2045,8281927.780699198,0.21689261892015388,13617.3929438874,415984.6602269628,0.016367662375407904,8281816.338254129,ok
2046,8281759.483498828,0.3189265218376849,5695.539434047952,26499.63827953626,0.10746447506127287,8281453.449421093,ok
2047,8282050.920022562,0.08599893283304612,33302.17019573253,734669.0753277119,0.022664742068309814,8281673.527473662,ok
2048,8281599.848678164,0.28902953572181644,7283.455143781671,117051.29768483271,0.031112235779703994,8281486.546391303,ok
2049,8281529.161590593,0.1352930394890419,13227.735119969499,446931.7848708842,0.014798382625427847,8281431.287047806,ok
2050,8281394.859335475,0.282638250732398,5921.7582999436,90712.05008973008,0.03264041708949332,8281298.215005068,ok
2051,8281257.0778526915,0.3345871541656464,4283.779612795008,3322.629153102251,0.6446370352218447,8279876.336358123,ok
2052,8279191.56303939,0.08532405612537573,34848.12810542599,1055416.7396016626,0.01650917916963229,8278903.906044081,ok
2053,8278775.322632974,0.24104676641884465,13457.057198048573,272158.8453525778,0.02472279962206474,8278608.97456867,ok
2054,8278886.988971233,0.13170713721206526,24546.35513910374,661092.927397628,0.018564980898925748,8278659.137664086,ok
2055,8278788.982312713,0.2649065351173017,11056.943256401226,163833.1728267109,0.03374451909106448,8278602.426696311,ok
2056,8278638.755453244,0.2835074765383622,7620.924022171426,70978.00430991365,0.05368511059352929,8278434.190378766,ok
2057,8278407.911313593,0.23831378805521597,12826.64290319628,414745.20726789325,0.015463280441130286,8278308.740325428,ok
2058,8278229.284045532,0.307247662570488,7934.683524822009,103877.888038371,0.038192360639306845,8278077.761898163,ok
2059,8278162.0662474865,0.1709906800992755,16024.11656254316,871966.2897344556,0.009188495444831397,8278088.447486466,ok
2060,8278088.961801777,0.2672719891072767,8088.8266176688285,151886.8224187227,0.026627809078030126,8277981.267936356,ok
2061,8278022.700402618,0.16652342416630456,14904.680429757122,787144.2954659828,0.00946756555031227,8277952.144883131,ok
2062,8277944.093426137,0.3328345177998588,5090.3891414241225,5482.33571034793,0.46425368769519104,8276762.477460783,ok
2063,8276485.59289307,0.1244270998682524,34908.418428781784,1193691.2677377437,0.01462204649236457,8276230.376634449,ok
2064,8276472.135335654,0.15296707956825295,25299.718672621635,668727.9355378643,0.018916301628907447,8276232.846780885,ok
2065,8276083.371459673,0.26641475280135235,11446.8846049867,114538.80384940105,0.049969461092143924,8275797.374132226,ok
2066,8275775.143751745,0.3384156176512409,6112.53944434681,43298.68472966433,0.07058574045043743,8275559.414690389,ok
2067,8275646.483661939,0.12355281759554235,21223.026372890807,1149631.833137212,0.009230357824633138,8275548.535598167,ok
2068,8275534.868462571,0.25210603037979257,9476.916080162562,401720.92911624844,0.011795397492745727,8275478.976466485,ok
2069,8275496.707192718,0.3402398295793125,4735.57064052532,6690.164598824468,0.353920338623463,8274658.699810383,ok
2070,8274260.00405046,0.10667511104336029,30067.28335352376,643940.4819694844,0.023346321745111698,8273909.023814873,ok
2071,8273916.975489901,0.28106369198335435,10398.090975201492,196721.99719827395,0.02642838910567121,8273779.573092776,ok
2072,8273761.292806441,0.21151671561974328,15028.230911644223,712480.9781509286,0.010546408516509695,8273682.045875204,ok
2073,8273654.1762752365,0.30555815465514463,5821.744886310468,17745.078810615203,0.16403829333313158,8273176.681727551,ok
2074,8273084.934849125,0.34845305184646236,5815.34354639271,25019.698542373815,0.11621530004735546,8272747.018901564,ok
2075,8272557.158110142,0.224498805705645,13333.151615703198,172105.66113433416,0.03873536619256304,8272298.9258549735,ok
2076,8272285.877862844,0.2716057198927047,10133.910276567205,145494.41953237166,0.034825769638238496,8272109.417250431,ok
2077,8272090.312998849,0.3376508098691381,4563.653957387103,6934.67582663786,0.32904594760269423,8271339.48707838,ok
2078,8271443.867605477,0.19410773830802688,19815.728944527385,299419.5741247514,0.03309023633884283,8271116.014028476,ok
2079,8271077.231981069,0.3320755717739225,7282.885160173577,57727.97114425396,0.06307934451718983,8270847.53217002,ok
2080,8270571.221731002,0.2638599377379288,8679.744122448963,277321.064209241,0.015649269461731233,8270503.305903686,ok
2081,8270543.412036024,0.29161849889928754,6549.420939344516,105808.31366102287,0.030949462819749855,8270442.061506098,ok
2082,8270477.910986779,0.3151473169842803,6507.788815195303,102150.73304146464,0.03185385274011537,8270374.261913488,ok
2083,8270377.495769275,0.37650904473528185,5190.832849084785,31325.254127875352,0.08285380268416764,8270162.455648953,ok
2084,8270129.665138157,0.24172447458803253,8045.963357349145,237258.20000517642,0.01695613335423939,8270061.450924331,ok
2085,8270099.735354157,0.3357986224183408,4232.370004075761,4177.55763786086,0.5065603363216513,8269027.759967806,ok
2086,8268876.344982384,0.1365835335421389,27318.401547017827,484364.733990035,0.028200237992120063,8268491.152269788,ok
2087,8268306.841904228,0.29616325283199946,8918.822680173726,67244.28785210867,0.06631658215928334,8268011.108985711,ok
2088,8267850.047960088,0.2737121433643892,9044.60805058209,264495.0386708164,0.017097878463116983,8267772.726155491,ok
2089,8267816.085404719,0.28321677102624476,7963.357380605285,181674.3033614898,0.02191657607394274,8267728.8206408005,ok
2090,8267613.184376638,0.3783114253238576,4288.178106638055,4563.083210019557,0.46987726382264206,8266605.725678873,ok
2091,8266464.566570718,0.15029848882438285,29666.767939489,752568.0657168417,0.01971035530934374,8266172.195302234,ok
2092,8266283.051087601,0.2350553220560978,13389.27114866281,134256.75182857626,0.04986442382338693,8265949.2269419795,ok
2093,8265933.619554919,0.29281007788649344,5943.162209415943,21596.11221125879,0.1375979655800633,8265524.736040355,ok
2094,8265474.31018007,0.3527521765912302,5216.836329775462,23761.715042379885,0.10977398559975668,8265187.973721999,ok
2095,8265814.210607812,0.15428076975892466,19807.869541548916,204326.90115488422,0.048471027137376596,8265334.156716771,ok
2096,8265602.255590178,0.1724560053115023,20539.020751956225,566411.2121659854,0.01813083878884915,8265416.060753111,ok
2097,8265318.3006434515,0.25665670314210715,10263.49482948364,113785.45408332362,0.04510020596291602,8265086.8577780975,ok
2098,8265091.726563512,0.37169833444900396,5564.0199632916,27569.94067706075,0.10090736190667757,8264811.001275466,ok
2099,8264796.412436425,0.2754625737425664,8766.34610223422,116614.19417716902,0.03758695999269064,8264631.662286311,ok
2100,8264680.37709018,0.27217461482918665,9910.967460864094,165982.49532279314,0.029855459883254012,8264532.428844465,ok
2101,8264509.650939615,0.25136411124834773,8452.274385599907,275529.11920640233,0.015338259727219979,8264444.829349709,ok
2102,8264397.344568519,0.33856715439789586,5011.276375627003,11304.377350546858,0.22165203001581413,8263841.964777704,ok
2103,8263859.823795209,0.24325548348110734,11227.750230648624,224154.764090655,0.025044638859667023,8263719.226320342,ok
2104,8263701.2162368335,0.386445782189727,4842.494563192962,17005.230556746264,0.1423825024610402,8263356.472989802,ok
2105,8263213.407101797,0.2565210622614561,6602.180590274441,63213.201039122614,0.05222153349098992,8263041.019104393,ok
2106,8263074.018704947,0.3676738266869423,4842.317903105824,65057.80582239684,0.0372155027509305,8262983.914057325,ok
2107,8262983.905422151,0.19443769949649178,5992.521636185524,70755.23168204704,0.04234684484614602,8262857.023230168,ok
2108,8262909.7433486115,0.35854698750025304,5183.761003316886,50554.82029694902,0.05126871159731652,8262776.860974678,ok
2109,8262705.9188030865,0.2222355903298389,8854.675601652125,120832.0352985133,0.03664043057694432,8262543.699239754,ok
2110,8262679.38916264,0.19687825666995465,14615.767408954147,634993.0594433618,0.011508604063929773,8262595.28562254,ok
2111,8262555.0344392415,0.305789397669346,6581.045210234686,53277.039302084726,0.061762489962323884,8262351.803569872,ok
2112,8262485.267285476,0.11915832623950717,25218.137432176067,1404413.2410657036,0.00897817561625947,8262372.060852186,ok
2113,8262402.124688987,0.32786134237340997,6641.603671987772,80689.84610578243,0.041155139044885464,8262265.4566276865,ok
2114,8262266.464472724,0.3566528563774963,4790.788088669154,23173.917844873147,0.1033659504780077,8262018.862290562,ok
2115,8261997.997713869,0.35503517215106223,4665.651860582125,10684.526370505644,0.21833685924822718,8261488.655827076,ok
2116,8261240.9205883145,0.1551848323876247,15670.603037201681,658342.0715195664,0.011901565853927005,8261147.668231306,ok
2117,8261088.5342589365,0.2672967247167289,8788.662867240406,159011.15569063253,0.02763536567314614,8260967.095302879,ok
2118,8260895.775621217,0.33075012540186,5893.694052795589,33364.110322764995,0.08832386051628364,8260635.498715494,ok
2119,8260832.699598784,0.23481201405872365,7434.510087761857,83748.32643000652,0.04438602181486768,8260667.705435315,ok
2120,8260706.747379493,0.30478846949606553,6294.42822742635,36811.200863830934,0.08549610009613919,8260437.672846602,ok
2121,8260566.271612665,0.3025456473061548,5830.096724619749,23960.586456747405,0.12166014248323977,8260211.6264135605,ok
2122,8260510.42112837,0.15811523227223956,12663.551652344107,149066.6685595473,0.04247613425158633,8260241.471768327,ok
2123,8260198.427326659,0.35410248355366825,5004.548876189158,16075.103457236739,0.15566148266175528,8259808.919577598,ok
2124,8259751.593121176,0.33516262515205786,9016.72257486515,192813.91637622318,0.023381928919672747,8259646.178938009,ok
2125,8259656.709391907,0.3707823732648999,5303.369512534281,38798.759646633654,0.06834457545596337,8259475.481122997,ok
2126,8259262.987195413,0.37598169764583844,4855.999368017347,9705.990339679483,0.25015476000245557,8258655.611517173,ok
2127,8258677.832248122,0.17102146872403884,15696.732152293032,185623.26940075864,0.04228115419733276,8258345.99427186,ok
2128,8258322.018975303,0.32761388143408887,5676.439722611989,11277.191454417776,0.251677899836855,8257607.701761333,ok
2129,8257634.80174158,0.12369948164044618,29030.44089536543,1437171.0018383574,0.01009985619603761,8257488.200102405,ok
2130,8257544.481634283,0.19661286536149425,17474.488609521824,631889.2612893598,0.013827176437423082,8257423.6702157045,ok
2131,8257467.28538451,0.3009085646913144,8523.951245252287,96778.43864342204,0.04403848297583407,8257279.59444361,ok
2132,8257379.671285421,0.21513729340424545,8341.568229627668,65100.82850843859,0.06406652895781814,8257112.463624152,ok
2133,8257042.610248558,0.3092781729911103,5530.154916633203,13687.497933359282,0.20201482197688828,8256484.023618064,ok
2134,8256669.481009515,0.2150826405671296,9538.728167291309,79503.3516049655,0.05998947198281106,8256383.369376443,ok
2135,8256311.800313307,0.3617328722147878,4928.512604838392,18206.397835834014,0.13535111803220196,8255978.260467656,ok
2136,8256419.989718665,0.1154271092812251,11401.29982437343,66355.24847264928,0.08591106270269554,8255930.240826613,ok
2137,8255855.382648225,0.34685677943492993,4942.5831348786105,10190.55553300463,0.24250803201409554,8255256.074593672,ok
2138,8255066.474974015,0.17658224085427618,13104.280853989301,79170.7938551356,0.08275956458114547,8254524.222685202,ok
2139,8254536.4158044,0.3347842409789839,5458.6877523487965,16646.99350322136,0.16395416239252106,8254088.9285153,ok
2140,8254335.023939851,0.18074820553471796,10245.901052068224,70714.5370711883,0.07244550750402055,8253963.889189075,ok
2141,8254002.684057653,0.3240386954414344,5382.20820039065,33065.16259641017,0.08138789858808962,8253783.660750056,ok
2142,8253555.888231549,0.3319859053335208,4583.29663381188,3880.277588391444,0.5905887567842627,8252202.466501081,ok
2143,8251877.705603621,0.16038165718062103,20119.800397200157,247087.49941634786,0.04071391803455393,8251468.1276515,ok
2144,8251650.556329624,0.19853113941762401,16173.076026566021,654535.9961270163,0.012354611604452956,8251550.650293245,ok
2145,8251588.766622423,0.27795627376660004,8851.160124476846,55999.65668071876,0.07902869989847981,8251239.018783808,ok
2146,8251410.089550695,0.2510165131551009,9744.697295044592,92440.27958045383,0.05270806914080923,8251153.277461304,ok
2147,8251268.517606895,0.3055607523283174,7045.771048448,43389.05445752686,0.08119295449668118,8250982.4841228295,ok
2148,8251144.62793813,0.26076468500919503,9717.004181572884,81914.55883337966,0.05931182637104838,8250856.461305698,ok
2149,8250736.276918083,0.33404559088607827,6896.468598203421,91384.70021387094,0.0377331685832714,8250606.164111961,ok
2150,8250544.4477478145,0.3644490481181069,4695.735303256479,13617.811853943933,0.17241152079423538,8250139.648315374,ok
2151,8250362.86268844,0.1717724241251938,16725.316548373594,311880.2039103572,0.026813687336790543,8250138.628984172,ok
2152,8250092.876416902,0.3235969472527198,7584.971129638539,75789.99267334935,0.0500393974329127,8249903.102724466,ok
2153,8249839.918566965,0.1493070351702404,14960.655473881261,364456.8444605633,0.020524591184485363,8249686.387898238,ok
2154,8249710.522024216,0.37662516033844706,4617.673454375537,7970.793516834004,0.28966209227620765,8249041.739547095,ok
2155,8249117.753302041,0.22991565665830418,15108.708044254905,397297.15558149765,0.019014367246276007,8248974.112040356,ok
2156,8248820.538913647,0.3529826244540627,6600.744443183841,41132.0172621156,0.08023852077470824,8248555.72192858,ok
2157,8248498.443363481,0.29453860518647135,8001.015130930111,371017.19685105636,0.010782539460215495,8248455.307732796,ok
2158,8248425.257102836,0.4028268233053417,4425.67618952333,33288.024918862895,0.06647549982779978,8248278.157584449,ok
2159,8248325.15034577,0.09530402848098987,19408.858056569705,618344.8821526099,0.01569420125949997,8248172.847083491,ok
2160,8248093.926612275,0.22881615765344018,7636.76581713395,254447.2262515114,0.015006580990561276,8248036.625739904,ok
2161,8247991.036792478,0.3650638428296273,4011.545031257091,4947.669926983879,0.40539739821554205,8247177.90183323,ok
2162,8246983.365842732,0.1967155954727722,17000.499365469044,303029.76966226794,0.028050873325773246,8246744.926415644,ok
2163,8246697.65777586,0.29956601918301695,7452.104676638859,82640.33296505733,0.04508757654564279,8246529.659105844,ok
2164,8246606.951113653,0.17187774189028918,16003.257687376452,998625.3015325491,0.008012643812857993,8246542.836911807,ok
2165,8246512.496516892,0.3114098976159163,5320.719368856209,12429.438055393675,0.214037004132593,8245943.081100121,ok
2166,8245677.015819905,0.23987927202076056,10955.655493539984,287692.0220903474,0.019040596631663714,8245572.714711362,ok
2167,8245585.428647084,0.33552894566551644,5994.551535394748,19307.385501589422,0.15523985717541258,8245120.131984991,ok
2168,8245263.583778147,0.15093455857151966,16585.764924006653,566608.2144439837,0.014636008180963604,8245142.2090825895,ok
2169,8245295.751775189,0.2325668651315874,7945.5412922249925,135715.62981638912,0.029272756951334883,8245179.457825642,ok
2170,8245219.211461257,0.3387570352834006,4656.033758347186,11434.90163116504,0.20358871062158881,8244745.253506521,ok
2171,8245147.8753619455,0.09370302483789249,32419.454048548443,721477.0249644074,0.022467419562076693,8244783.6846239045,ok
2172,8244623.984780546,0.3262459931247084,6831.402635376742,40248.416307503976,0.08486548368988975,8244334.10963608,ok
2173,8244181.159388609,0.36246890199611337,4739.852907100769,24317.611890085343,0.09745720362107757,8243950.192983658,ok
2174,8244308.589104334,0.14830899667001118,20987.09475310069,605561.1000301694,0.017328635171624383,8244126.75025019,ok
2175,8244118.728337062,0.3162335971624972,5383.890827464625,25948.25595250611,0.10374282644118597,8243839.458311215,ok
2176,8243950.594471554,0.3175459743009008,6237.1219931057685,90386.24934500737,0.034502604313729535,8243842.995995462,ok
2177,8243837.982195833,0.34639345233971575,4067.460301658858,3466.309269172221,0.586713415596381,8242644.765432638,ok
2178,8242382.835690783,0.19532590840371464,19216.906871962638,268164.58293872647,0.035830434171006,8242038.560632461,ok
2179,8241937.0774702635,0.30010692441819514,7801.004875407456,45026.372010308674,0.08662706461916847,8241599.188393545,ok
2180,8241673.380398532,0.3430888783714223,6049.595405687547,22618.93211656115,0.133728581316581,8241268.878492962,ok
2181,8241519.47667583,0.22743391101411042,8048.367075164114,65559.38709449014,0.06138226295163556,8241272.46318376,ok
2182,8241248.778872534,0.34283705310926604,5541.727504298999,27743.898450870896,0.09987290564288093,8240972.044658465,ok
2183,8241066.1525930315,0.2118709078083976,9912.699578047825,173167.71902838314,0.028621672773847296,8240924.293571218,ok
2184,8240867.662051303,0.3438439248994926,3863.9432788306203,4154.109745596257,0.465074771186144,8239969.1507831635,ok
2185,8239646.169279828,0.2585217203024795,11536.055027259092,111705.61194683498,0.0516359689822457,8239348.331590045,ok
2186,8239235.282291295,0.3291486721906653,8489.014896629247,141292.81626890783,0.03004050425491199,8239107.775147234,ok
2187,8239101.643738858,0.2928269557550144,10770.50176725692,516845.7968727795,0.010419453763989934,8239045.532366268,ok
2188,8238997.122348176,0.30094762471843545,8675.96662073426,435515.4344081176,0.009960573076503288,8238953.913548408,ok
2189,8238978.618208123,0.36853302465992616,4532.523045770974,10971.100519972357,0.2065664715002718,8238510.484561845,ok
2190,8238814.426845963,0.0772865104793816,49051.16729447953,2492351.7085901704,0.009840338168449333,8238573.086809095,ok
2191,8238636.048710024,0.11450952699266999,23757.649918140934,1274668.6088683696,0.009319147640747424,8238525.348186432,ok
2192,8238439.6087257825,0.3080388275995629,6315.878403406039,236128.184995419,0.013373834223831793,8238397.37497041,ok
2193,8238417.52374003,0.38350568961353537,3953.991295604421,15373.535717045965,0.1285973301255706,8238163.287378053,ok
2194,8238233.662105843,0.13598532001622612,20738.75091729412,1281575.2701783902,0.008091117002596097,8238149.762275764,ok
2195,8238150.289292019,0.38370623078327987,4342.168113863921,44368.285836363175,0.048933241751534885,8238044.051110999,ok
2196,8238077.830865688,0.1402956122089159,12365.79989162648,475368.3925942144,0.013006544065901135,8237997.412705088,ok
2197,8238002.461719174,0.36708088293160324,3830.101881074116,18494.772466739098,0.10354552584959213,8237804.166762507,ok
2198,8237698.457208499,0.15444938171950148,12987.315329905901,462770.3562856043,0.014032138352754193,8237607.337305729,ok
2199,8237649.054180357,0.2133321652955384,9396.552936711545,323609.6188750149,0.014518346162542065,8237580.842976222,ok
2200,8237614.80962959,0.3460951782499653,5751.777271285897,118493.65425286029,0.024270402105296945,8237545.010655993,ok
2201,8237616.074923432,0.1881193957004788,14241.547137478788,892052.6608996327,0.007982458750314262,8237559.23364215,ok
2202,8237541.650715392,0.37349171534095355,4776.355061084779,44342.49625713621,0.053857534692987666,8237413.029361188,ok
2203,8237336.638002164,0.2979435232876811,8669.165484099347,613071.2756021641,0.007070275373433876,8237305.9913085485,ok
2204,8237330.986584527,0.40223187150850037,4025.8454276461357,23920.698995913983,0.08414982832094102,8237161.599483736,ok
2205,8237164.561777838,0.20865949494020883,12840.079208267127,886426.6256382051,0.0072426069100883506,8237118.063954638,ok
2206,8237125.717658998,0.43813165786506925,4102.954050296789,19954.386019899677,0.10280832610447357,8236914.808740001,ok
2207,8236918.256204732,0.28528295588878094,9223.916504536981,215872.9002539218,0.021364229816913778,8236819.725268724,ok
2208,8236809.374610045,0.3989603365529706,5553.559827179976,71057.80657515758,0.03907776002982865,8236700.8642709255,ok
2209,8236728.795333308,0.16657526356624974,12653.330322291114,511775.8224062091,0.012362180634871663,8236650.58395577,ok
2210,8236621.224005197,0.3448748817981083,6468.500387966147,115409.58383258262,0.028024104121844817,8236530.5870410055,ok
2211,8236364.411467589,0.40239400817543497,3738.6124441471025,36227.4564077205,0.05159915730863125,8236267.956841778,ok
2212,8236279.588173507,0.38752839940645395,3211.7291493762955,1814.0449915620673,0.8852396617271019,8234858.01316063,ok
2213,8234930.4057915285,0.07865819973658086,59406.991862033334,3057844.4580143765,0.009713867509894454,8234641.869967475,ok
2214,8234561.809757987,0.21458168901448332,18011.38701636703,221209.43267599575,0.040711164073071446,8234195.177491983,ok
2215,8234109.880180957,0.25704236383880086,14290.463696907198,351912.13606217457,0.020304022272170815,8233964.803234366,ok
2216,8233885.305233242,0.3186441970497333,7568.51974857518,40954.37009061576,0.092401857626293,8233535.632591117,ok
2217,8233541.851024809,0.35330862379409245,6578.121278869805,74190.21116620809,0.04433281140104091,8233396.037719795,ok
2218,8233346.02473437,0.3602680401736857,4927.429947186127,10318.107678632528,0.23877585409339153,8232757.7490873085,ok
2219,8232447.585800329,0.2901130862909221,6509.6782257035775,68835.3420347597,0.04728441839089281,8232293.682625921,ok
2220,8232246.434348065,0.3787916948766806,5128.937407900417,25455.727610687565,0.1007423061391307,8231988.083856808,ok
2221,8231965.908399213,0.3529686603903982,5600.551100256245,76360.76256375814,0.036671655129033136,8231863.217659973,ok
2222,8231919.177770141,0.34716767468712456,4233.787609183113,6001.17513162349,0.35274654682821693,8231172.450790568,ok
2223,8231202.7394821895,0.08286264779946616,45381.65497673431,2238061.844044285,0.010138606110796181,8230972.686119957,ok
2224,8231125.604487515,0.22949124086822076,10642.338018589053,221701.32854823538,0.024001520622988978,8230997.888339801,ok
2225,8230983.791215102,0.18663274204901112,12762.68683296077,515769.25846652046,0.012372477249716908,8230904.83818886,ok
2226,8230799.311959958,0.36119923734652865,5366.862510652587,22383.93872281932,0.11988199612924547,8230477.616864594,ok
2227,8230142.349097963,0.3262948012213778,6371.43997594741,49670.32911529789,0.06413728366040844,8229938.025671433,ok
2228,8230045.019757507,0.1892296304749667,13760.922136719062,493264.8771772303,0.013948816116269674,8229949.04547127,ok
2229,8229890.324255152,0.38943651684963837,4466.796673430957,23464.806044593075,0.09518077125679518,8229677.747678939,ok
2230,8229627.419731014,0.3603711755367269,5259.056989682329,56375.540806532605,0.04664307352483018,8229504.770440093,ok
2231,8229444.972069392,0.17922150081100377,11256.34420978938,535063.7425794327,0.010518694609659825,8229385.771045811,ok
2232,8229385.677153135,0.39865990289053715,4036.7631966139106,31160.315926977837,0.06477410572591435,8229254.938290091,ok
2233,8229186.210671654,0.18621862447819906,9480.249817899981,384878.9954652081,0.012315883601859182,8229127.831845017,ok
2234,8229125.633726179,0.39157098613455005,3929.855372878285,14694.990719628191,0.13371411550567203,8228862.895158554,ok
2235,8228570.284794791,0.3980005685033604,5305.864043285648,31952.346390913608,0.0830277685771849,8228350.017768847,ok
2236,8228147.100838094,0.4191347065271286,4886.866685994147,34356.13302645588,0.07112073239195785,8227973.322069189,ok
2237,8227824.864205133,0.29836308607565387,6293.977102387093,101491.78496196607,0.031007322931337514,8227727.284514865,ok
2238,8227853.155561985,0.23016013214676415,9663.575743839261,293118.33801182057,0.016484085931617078,8227773.507955501,ok
2239,8227655.997806503,0.3720397488636207,4180.719933139605,8691.851959562126,0.24049649905393808,8227153.273552781,ok
2240,8226982.395311172,0.16541113256644085,17781.43585741655,446874.7167635406,0.019895325457431758,8226805.511584431,ok
2241,8226769.2230234705,0.3104811379117613,8323.150832263429,187963.484660889,0.022140339777376162,8226677.084329748,ok
2242,8226491.26026376,0.37966457772259016,5316.82583972396,40752.86079709945,0.06523254730748106,8226317.845217202,ok
2243,8226269.173576456,0.2908917942340862,7994.792603332154,172503.1167480954,0.02317289320345113,8226176.542338866,ok
2244,8226153.034969372,0.355612691677134,4291.8508099121045,9332.965233226343,0.22992964736612656,8225659.623097736,ok
2245,8225593.457049429,0.32964140037511813,8679.074214068345,226605.82035481543,0.01915015730946099,8225510.35423118,ok
2246,8225497.198415746,0.3639704939046138,4960.608596549394,19732.697796584886,0.12569514436611706,8225185.436208902,ok
2247,8225283.59224849,0.16903916137529398,18651.47426327604,1030905.1814359967,0.009046163798156256,8225199.2301028585,ok
2248,8225230.91224738,0.268038409096984,8326.128471653463,162046.10863416744,0.02569061528793138,8225123.960565679,ok
2249,8225376.41467941,0.10757154640006077,27080.080712277362,1360819.241687704,0.009949918358992458,8225241.692383288,ok
2250,8225250.16100116,0.26620720993363584,8844.858798691354,330763.0601718759,0.013370384821834789,8225191.0314182425,ok
2251,8225213.838134067,0.2508124979518976,7441.045618842658,189228.38736158234,0.019661546881504944,8225140.686900427,ok
2252,8225006.115984613,0.3448826523078277,4762.431031584264,33291.58556993137,0.07152604704844165,8224835.797051597,ok
2253,8224774.200121101,0.24372383713379528,8540.064776240373,400381.9236068545,0.010664898029495065,8224728.660661099,ok
2254,8224695.40970724,0.3598589445848141,4016.7796428550155,4799.998795367979,0.4184146511381655,8223855.069980757,ok
2255,8224136.809504738,0.11486238918232587,30802.264650146702,988108.6519223219,0.015586476542950136,8223896.760117019,ok
2256,8223924.631696015,0.21788940689623376,13204.74784550746,263246.9784706527,0.02508053069064865,8223759.040654214,ok
2257,8223779.651942963,0.2546736452657834,7978.7439011390925,135315.41463872968,0.029482021403256425,8223662.0371937305,ok
2258,8223592.470977922,0.37801804024341695,3901.431740717356,7214.8235092085,0.27037610384632693,8223065.044021183,ok
2259,8223488.2713173665,0.06103441832476391,61574.57193774802,1952891.4402412758,0.015764975632782896,8223002.910504268,ok
2260,8223299.908434337,0.14543447973087953,21337.298547333143,358908.6188872621,0.029725252368535994,8222982.780142246,ok
2261,8223046.004601131,0.23420960891853632,10621.848097907885,113452.25334145204,0.04681197501622024,8222797.389757238,ok
2262,8222978.393616149,0.2642051667539686,9762.461170020342,197602.37317814401,0.02470228725749972,8222857.816056068,ok
2263,8222819.055061695,0.3472703134677301,5522.286717082754,53264.370056276144,0.051838468297364784,8222675.921619238,ok
2264,8222677.529609558,0.3137701523474768,4584.011493532603,12551.498095889412,0.1826081420126995,8222258.990698659,ok
2265,8222057.261917492,0.2103068251498294,10799.973173431028,523150.5761138321,0.010322050348923889,8222001.522984061,ok
2266,8222012.231971666,0.28408629045492245,7319.0455855231185,197732.1132173691,0.018507478290785296,8221944.5034330245,ok
2267,8221992.733892265,0.3766847278419135,3507.991015469463,5046.635439786004,0.3475574030782591,8221383.119768585,ok
2268,8221605.740926071,0.10907710911633488,28461.081059656775,1413726.273044309,0.010065980098951145,8221462.4965883,ok
2269,8221430.755275501,0.2724584276693455,7394.211872397178,93138.91967661314,0.03969453316653532,8221284.0003812965,ok
2270,8221409.5589327905,0.2672675094832159,6302.533408726521,48644.273398678226,0.06478186401379957,8221205.414001677,ok
2271,8221173.939295309,0.34361724843096103,4300.280503258378,6118.014647518605,0.35144411635255907,8220418.28515454,ok
2272,8220321.195039675,0.17293568938710452,21981.1660038034,508811.5858274384,0.021600496741890456,8220083.79298735,ok
2273,8220059.48517165,0.31889004181802083,8961.79055166132,96715.6204588567,0.04633062637215727,8219851.882486812,ok
2274,8219929.363267754,0.34510967926361896,6147.091789036034,29886.54081635442,0.10284046967510274,8219613.278364394,ok
2275,8219776.558817489,0.11001223420160744,24427.40171440166,1285537.0473090836,0.009500854823878345,8219660.518218783,ok
2276,8219668.715085484,0.3242346102986597,7622.368709894975,222210.0486932877,0.017151269158884857,8219603.348436799,ok
2277,8219590.313331314,0.3897329798725407,4717.657685218903,23879.519447135175,0.09878041506787692,8219357.307239167,ok
2278,8219772.840808418,0.05093822495956591,35517.1050770295,680827.5567532785,0.026083774609831453,8219309.630726606,ok
2279,8219243.0065459125,0.31908986172770476,5385.52912448313,112491.9803272375,0.023937391398109915,8219178.548786643,ok
2280,8219203.784330223,0.24842594532645607,10174.051773316733,677228.0411111123,0.007511540541517154,8219165.57292904,ok
2281,8219175.69747316,0.3894902442541258,6200.659150287832,115982.46441200493,0.02673101999394153,8219092.822501299,ok
2282,8219197.184401793,0.25631362178882533,5315.373376375975,68649.9867590278,0.0387135790355923,8219094.295838139,ok
2283,8219052.384305951,0.26608851582087517,9334.73829034715,460879.4233822729,0.010127093787179693,8219005.117420879,ok
2284,8218959.457987294,0.36886275632818916,4252.181088535029,11540.022706052672,0.18423625311866956,8218567.755031627,ok
2285,8218489.074818894,0.1467835635121115,16151.327554454107,384969.83898441005,0.0209773934460203,8218319.668442502,ok
2286,8218284.84304535,0.35928385988259404,5162.214610214571,18685.5616279884,0.1381337824623447,8217928.3049303545,ok
2287,8218058.7971767755,0.29098926621597393,7704.425176200157,73653.31363535445,0.05230195897460574,8217857.318912031,ok
2288,8217870.8512571445,0.39969344834721116,4972.831543204926,21858.769222257855,0.11374912037914063,8217588.023650228,ok
2289,8217678.602274139,0.3186915116242594,7139.152112659926,90502.58222650546,0.03944170396592886,8217537.812112042,ok
2290,8217500.062712859,0.2663220803899613,7005.030654213117,104115.35272210302,0.033640719024937774,8217382.23557886,ok
2291,8217440.41378426,0.4044549368654996,4116.410155476071,21570.45268427209,0.09541779710718624,8217244.0243897475,ok
2292,8217145.550859716,0.25432423210891225,7667.492900160068,115062.7561206306,0.03331874343476332,8217017.815245352,ok
2293,8217014.2766087735,0.3963240785308693,3971.534883357862,9386.633070518936,0.21155268633177207,8216594.182172056,ok
2294,8217118.396638593,0.08048526033909907,32785.141453271804,545653.0784677278,0.030042111688746622,8216625.929197957,ok
2295,8216625.749395837,0.18252565583740002,11160.092466743678,259270.9956842434,0.02152206118793007,8216505.655299371,ok
2296,8216515.402876791,0.279220685498195,6485.856047676461,109011.59898075194,0.02974846763242901,8216418.930737439,ok
2297,8216406.569060655,0.3915523344598079,4478.276724159381,19608.620957315205,0.1141915266225979,8216150.87843277,ok
2298,8216059.803116143,0.42384832954959484,3592.921601575208,6227.1943174605085,0.2884863887658821,8215541.548627164,ok
2299,8215229.339220421,0.19008104579686863,19171.30041691401,693892.3609406226,0.013814318686925656,8215096.91999362,ok
final,8215229.339220421,,,,,,noise_plateau
