round,old_loss,beta,direction_gain,interaction,step,expected_loss,status,max_gain_sum
0,300524382.60936177,0.0006061716540533689,173724689.06125572,61203026.230141036,1.0000004196588548,188002698.24193758,ok,347449378.1225114
1,187704462.94592896,0.0006451735203474292,156049473.30089697,274960593.2819133,0.28376697809366014,165563619.21007752,ok,312098946.60179394
2,165311214.4814586,0.0009983385671043462,101150722.18459806,161005080.51572996,0.31412276513446974,149424342.20747137,ok,202301444.36919612
3,149919611.72878665,0.0008484307872408412,117096396.53165135,474123224.4184043,0.12348730298467316,142689652.6303279,ok,234192793.06329605
4,142768305.0767984,0.0013797425653034783,7164454.996891197,595750.4813537527,1.0000047913022683,136199571.94304645,ok,14328909.993782394
5,136299257.3625178,0.001652062510320993,5713383.397185514,164946.62330452137,1.000000413112266,130750818.36465102,ok,11426766.794371027
6,130665773.71200627,0.001843471581074656,4937481.478448109,115074.01320355567,1.0000000031927636,125843366.23173232,ok,9874962.95689115
7,125825528.7861042,0.0020306558796259295,4515653.707491109,76867.87666811276,1.0000000143452266,121386742.8927085,ok,9031307.414982216
8,121325045.82250349,0.0022006126007828044,4114855.3753137602,73234.79741302828,1.0000000134781968,117283425.19111608,ok,8229710.750627501
9,117213237.30473295,0.0022928163469017066,3901168.8939409386,65306.834018792986,1.0000000002260963,113377375.2439583,ok,7802337.787881876
10,113394890.00242871,0.0024389682148783128,3689830.5110464524,60588.57693913767,1.000000007144678,109765648.04282452,ok,7379661.022092903
11,109720897.77267033,0.0025060404679919436,3473150.2531210966,49503.20726106007,1.0000000075938855,106297250.70118743,ok,6946300.506242192
12,106329082.05464138,0.0027075454447346966,3291039.1200947287,51909.589651985356,1.0000000079585576,103089952.49883297,ok,6582078.2401894545
13,103148782.22435538,0.0026783751432029033,3200841.6069363067,46315.32071391854,1.0000000049288496,99994255.92281309,ok,6401683.213869902
14,99967340.06219597,0.0027668255181897503,3059529.4779434097,47058.30473000482,1.0000000073791764,96954868.86710027,ok,6119058.955886819
15,97025901.55861056,0.0029225204532291847,2864349.730483522,40331.098219787345,1.000000010859074,94201882.89611855,ok,5728699.46096477
16,94206876.99821791,0.0030538590038640093,2783863.0393277025,38270.279500146135,1.0000000228140014,91461284.1766255,ok,5567726.078653063
17,91482416.94563293,0.003216321791567135,2590883.804577645,32774.2359596592,1.0000000006198375,88924307.37544964,ok,5181767.60915529
18,88941795.47163412,0.0032533188224095136,2552890.0210843813,32616.411453516248,1.0000000164922054,86421521.8209763,ok,5105780.042168763
19,86381835.58906923,0.0032454813051232315,2508368.297711146,30724.386047368498,1.0000000001012792,83904191.67715763,ok,5016736.595422292
20,83900988.07875338,0.0033694904912524217,2420189.262084456,29611.243697870137,1.0000000027325462,81510410.05391534,ok,4840378.52416891
21,81460107.20559141,0.003447755598841308,2311496.793087868,28796.318387589174,1.0000000000680187,79177406.73073782,ok,4622993.586175736
22,79121452.92661604,0.0036401481368277945,2211184.297860468,27554.743956912847,1.0000000442543298,76937823.27729684,ok,4422368.595720936
23,76937561.04471311,0.003676948689520203,2137776.4555074526,27281.64646180573,1.0000000018443238,74827066.23182535,ok,4275552.911013256
24,74824810.3106436,0.003994618150466238,1995047.9625751302,25389.954152020426,1.0000000084670082,72855152.28575836,ok,3990095.925150212
25,72843397.97051662,0.0040589186899332675,1964287.9890695948,23396.187515201396,1.0000000000903309,70902506.16878903,ok,3928575.9781376277
26,70922431.19946495,0.0042232428709993945,1859718.100562538,22823.05437044919,1.0000000010283656,69085536.15140733,ok,3719436.201123618
27,69099803.01815778,0.004238295866154224,1849963.7563932282,26391.751795270193,1.0000000000849474,67276231.01340716,ok,3699927.5127864564
28,67300058.98035607,0.004229188943247739,1831213.8642570782,24854.878010999942,1.0000000124811446,65493699.97187478,ok,3662427.7285141563
29,65510412.24748041,0.004568090336712683,1713103.8297419832,20384.680830052275,1.0000000000083997,63817693.09855443,ok,3426207.6594839524
30,63818203.356109194,0.004625124006441295,1667202.9296022765,20144.233215220105,1.000000000423479,62171144.65903317,ok,3334405.85920332
31,62161193.8705197,0.004859602836329581,1568634.4394634115,17961.571400225308,1.0000000000092124,60610521.00244239,ok,3137268.878926823
32,60652519.18100934,0.004961271488195451,1526616.789959398,19204.222770705874,1.0000000005796923,59145106.61295794,ok,3053233.579917636
33,59152171.16795815,0.0050695637367852596,1484452.8097328334,17018.104953886606,1.0000000000318958,57684736.46313294,ok,2968905.619465667
34,57689107.69130297,0.005225071400046358,1430099.7149511233,15703.45362722599,1.0000000013119963,56274711.42814399,ok,2860199.4299022467
35,56296560.748640746,0.005142778232161961,1395919.6762191195,15271.09917297916,1.0000000026242484,54915912.16801152,ok,2791839.3524371376
36,54920223.3860897,0.005434258108076835,1354770.6676223762,15627.866225123078,1.0000000001578344,53581080.58448355,ok,2709541.3352447515
37,53572092.57613499,0.005617256321722211,1296910.6718791402,15370.22081412161,1.0000000011645025,52290552.123595506,ok,2593821.3437582804
38,52287805.44327797,0.005723495723458815,1252229.4094901849,13617.527832825832,1.0000000019787616,51049193.55919664,ok,2504458.818979459
39,51048037.610810384,0.006205327830685445,1195311.6729061697,13079.15817796082,1.0000000000628086,49865805.09600874,ok,2390623.34581233
40,49872417.065016344,0.006421473449454838,1158593.0629011355,13247.098175986526,1.0000000001427125,48727071.10012963,ok,2317186.125802271
41,48748063.990502566,0.006059802495286083,1166398.5979485614,15195.189773085762,1.0000000135484322,47596860.56693596,ok,2332797.195897123
42,47597747.26050292,0.006675516043261506,1107446.6745093116,14000.355290566184,1.0000000005419145,46504300.940699205,ok,2214893.3490186115
43,46512973.42399931,0.006661990777755431,1114248.8587323055,14646.04432662184,1.00000000018449,45413370.60939346,ok,2228497.717464611
44,45437218.36317089,0.006623207026112479,1098808.4056097623,13819.42056206128,1.0000000000012161,44352229.37812189,ok,2197616.811219519
45,44341268.10799305,0.006944285273650671,1064294.2249010263,12084.847027289921,1.0000000000290845,43289058.73008907,ok,2128588.449802052
46,43281581.52959305,0.007082502714011822,1040629.2734574482,13545.400888396642,1.000000000037256,42254497.65698624,ok,2081258.5469141358
47,42250458.47814067,0.007689598305157862,957593.1069719327,14386.206000838647,1.000000003303285,41307251.57410141,ok,1915186.213943853
48,41317262.8083069,0.007683836931920308,944911.5042561854,11243.519941661856,1.0000000000043079,40383594.82398841,ok,1889823.008511723
49,40371465.079200104,0.007620769033824797,922977.1885087893,12427.160309073526,1.0000000005326364,39460915.050522014,ok,1845954.3770169395
50,39448288.41150456,0.008291951518764771,899790.7361482078,10654.74698214795,1.0000000000000004,38559152.4223385,ok,1799581.4722964151
51,38573967.91230265,0.008102960647189,876067.8013238406,10763.081792794877,1.0000000033786658,37708663.189884394,ok,1752135.6026476813
52,37706436.62214331,0.008400749930118984,860392.4614248506,10659.50815654858,1.0000000000000855,36856703.66887494,ok,1720784.9228497013
53,36843766.68439916,0.009378719973353971,782465.8244889074,9170.377763052767,1.0000000000000357,36070471.237673275,ok,1564931.6489778035
54,36071009.240820944,0.00925400699789204,777027.064966397,11106.033821705265,1.0000000000003013,35305088.20967602,ok,1554054.129932794
55,35320362.36168231,0.009294184601395711,766244.3722239679,10242.01424236597,1.0000000005508543,34564360.0032899,ok,1532488.7444479356
56,34562323.08942579,0.009725922772985748,726511.1999430258,9621.116297014423,1.0000000001265281,33845433.00569029,ok,1453022.3998860517
57,33834886.86344106,0.010074792406017588,705570.1776454623,9388.041152627035,1.0000000000006142,33138704.7269478,ok,1411140.3552909247
58,33122944.065767296,0.010255668070691747,676288.0880833109,8119.2308313903895,1.0000000000011138,32454775.20851464,ok,1352576.1761666217
59,32456260.273445196,0.010444421065014501,660019.0501230935,7848.754592059083,1.0000000000001057,31804089.977914095,ok,1320038.100246187
60,31793081.268280797,0.010807103612828106,642627.5563497214,11471.012688050741,1.000000000009184,31161924.724613436,ok,1285255.1126994428
61,31162338.337459765,0.011078399700025105,633643.3127234947,12098.119045506915,1.000000000002853,30540793.143780038,ok,1267286.6254469892
62,30546794.376988433,0.011578947695495471,615589.9052345912,11762.617070808641,1.0000000000002747,29942967.08882449,ok,1231179.8104687536
63,29946997.068264335,0.011449560489779841,618253.2147163602,13868.567963048054,1.0000000000102478,29342612.42150497,ok,1236506.429432713
64,29343550.527437348,0.011749788150557463,564502.9075616016,7876.098483724304,1.000000000001114,28786923.71835886,ok,1129005.815122815
65,28783768.42291706,0.012721512422400215,556225.7931323794,9474.31383332717,1.0000000000001295,28237016.94361794,ok,1112451.5862647586
66,28239692.103974767,0.012371934170593435,551754.8848101924,8223.148241123385,1.000000000000226,27696160.36740558,ok,1103509.7696203848
67,27698160.024266414,0.012954825339422889,519472.76606600283,7389.743249229314,1.0000000002588585,27186077.001319,ok,1038945.5321320057
68,27181309.067502227,0.014132218487658941,496635.592863147,9202.099863845666,1.000000000014292,26693875.57449609,ok,993271.1857262931
69,26708610.755762607,0.01458373714949895,472432.21035001974,6873.388219373788,1.0000000000005231,26243051.933631722,ok,944864.4207000395
70,26241130.75781428,0.014085167134870886,488815.4529993804,8946.385141038058,1.0000000000004126,25761261.689955745,ok,977630.9059987608
71,25758379.54399124,0.01511570485032056,459056.88163269695,10014.499289534178,1.0000000000000453,25309337.161648057,ok,918113.7632653938
72,25310614.58756876,0.015349987505457715,450924.0851659401,7107.260612748193,1.0000000000046594,24866797.763013534,ok,901848.1703316019
73,24870831.05114542,0.015677006718209312,420138.5590760895,7197.192794603508,1.0,24457889.684863932,ok,840277.1181521789
74,24453532.449443057,0.016368858056633382,414678.4965887088,5883.648257426091,1.0000000000001699,24044737.601111706,ok,829356.9931774174
75,24051997.74513282,0.0167128333275371,401764.3760973661,7046.937438851606,1.0000000000000056,23657280.306474302,ok,803528.7521947322
76,23655745.559260495,0.016987646925851297,395211.4564437068,5505.825666861741,1.0000000000000175,23266039.928483646,ok,790422.9128871453
77,23264008.650889833,0.017800735497504393,383430.8314559417,7147.916834846159,1.0,22887725.736268736,ok,766861.6629118833
78,22890864.425388493,0.0183467554458112,372768.10004513024,8291.26343777571,1.0000000000000984,22526387.588781103,ok,745536.2000902604
79,22524113.593320373,0.018143280257619854,369170.7288999059,6613.084983390358,1.0000000000002502,22161555.94940377,ok,738341.4577995761
80,22166833.82023291,0.01821954937140229,364012.28325056046,5567.598084221656,1.0000000000000002,21808389.135066573,ok,728024.5665011209
81,21810384.434703905,0.020868333043358136,330892.1882746216,5168.380098818894,1.0000000000000255,21484660.626528095,ok,661784.3765492422
82,21480800.86968993,0.020257519166228744,343116.4827037832,9691.26163055277,1.000000000000055,21147375.648616683,ok,686232.9654075664
83,21145068.11145082,0.020863983077235686,321892.4241209028,10303.743870708051,1.000000000000046,20833479.431200612,ok,643784.8482415808
84,20829609.93991613,0.021554872973302844,319962.57500150107,14164.546641743238,1.0000000000001334,20523811.911556333,ok,639925.1500030021
85,20521287.533919908,0.0190554782455432,345781.9232792661,108443.40975170095,1.0000000000047449,20283949.020391732,ok,691563.8465585322
86,20283162.737819962,0.008074170053454479,884451.4698889309,3045839.8531172345,0.145190080985996,20218955.947549284,ok,1768902.9397778616
87,20218918.779981192,0.02431233798228775,280882.7519984044,10949.05299919591,1.0000000000001166,19948985.080981955,ok,561765.5039966046
88,19952487.113903996,0.022128346962680415,330731.581340028,215056.02111106156,0.7689428541255025,19825330.270851474,ok,661463.1626800558
89,19820617.181913495,0.007722769993686026,636966.9114545296,1313073.045626477,0.242548163476552,19743369.60462918,ok,1273933.8229090588
90,19742642.999279715,0.026238357096038868,269334.355765413,12403.208734442253,1.0,19485711.852248743,ok,538668.711530826
91,19483397.12685726,0.023424580629262174,306575.45940793294,122084.00269269253,1.0000000000002822,19298905.670142002,ok,613150.9188158659
92,19310786.85838201,0.005405460916185003,935496.1862279937,2593307.950424596,0.18036735399566162,19226420.37249052,ok,1870992.3724546072
93,19228725.4473815,0.026488060299204183,241867.31073215982,14146.398872509817,1.0000000000000675,19001004.53552184,ok,483734.6214641651
94,18999878.760864496,0.023087207804015703,304728.586020731,387293.14888379263,0.39340818046869824,18939937.40158289,ok,609457.1720411803
95,18931460.633133493,0.010571416547113412,503871.6198824205,1848089.9143186589,0.13632226873230474,18897116.171947397,ok,1007743.239764841
96,18904075.553596925,0.024537880052524934,255517.81831163698,203332.38150240906,0.628325445321678,18823801.380107783,ok,511035.63662327395
97,18822396.49956881,0.007895200892499045,624810.4859384745,2044106.179597669,0.15283219926996472,18774650.919222355,ok,1249620.9718769486
98,18771233.76076924,0.027649250815991722,221097.6865649976,11665.36752957599,1.0,18561801.44173382,ok,442195.37312985084
99,18559021.623671163,0.024603277961663363,264538.9102602283,96766.91652598316,1.000000000000702,18391249.62993687,ok,529077.8205204566
100,18405664.092255984,0.007344370268722077,987097.0985298493,3756204.336516188,0.13139555387518723,18340814.007261023,ok,1974194.197058508
101,18338380.304451715,0.029396918753046838,243709.2693595003,62418.27448542885,1.0000000000000009,18157089.309577644,ok,487418.5387188116
102,18158661.837252907,0.009879060460408286,610866.8785773022,2288219.5231625154,0.13348082917609055,18117892.32851855,ok,1221733.7571546042
103,18117436.30118304,0.022425453347708083,265849.6786222176,573015.5334973304,0.23197423375212584,18086601.163437225,ok,531699.3572444352
104,18080046.650647067,0.018723903304165415,316659.2311281197,891132.210829288,0.1776724190193038,18051915.844847403,ok,633318.4622562393
105,18049553.569710314,0.03049457243801,204995.5148924843,9566.256806992938,1.0,17854124.31162482,ok,409991.0297849686
106,17852792.312590733,0.02787290681207681,263854.00619870744,172027.32908454776,0.7668956078165604,17751618.073361438,ok,527708.0123974149
107,17750308.82890503,0.007506703223597368,642369.3553493185,1669449.0287042656,0.19238962804629328,17688516.228233036,ok,1284738.7106986318
108,17681652.009782713,0.03007153430800118,209291.25051913716,15478.885540021252,1.0,17487839.644803595,ok,418582.5010382743
109,17481664.864408642,0.02289467356394227,296167.5606996994,738112.6076848214,0.20062491658871973,17451955.56832781,ok,592335.1213993988
110,17442984.144570593,0.019121030939803302,291689.996858294,784774.7648367182,0.18584312972842826,17415879.853607282,ok,583379.9937163419
111,17416247.33197531,0.023849216996679475,266648.11348193313,633745.5266376087,0.21037475001729608,17388199.31686714,ok,533296.2269638662
112,17391246.946266167,0.021250602924143207,270985.69919604016,650117.9173670798,0.20841272941184913,17363008.511665653,ok,541971.3983918659
113,17367737.41873994,0.02337257647602506,268097.3958244977,663388.36610779,0.20206669993134618,17340650.640722718,ok,536194.7916489947
114,17345290.812463842,0.019321530991929056,284830.5528686685,799357.3099154363,0.17816222441175938,17319917.790024083,ok,569661.105737337
115,17320834.017607287,0.027914849671379718,240499.50307054905,553595.2820588824,0.2172159977376475,17294713.84784985,ok,480999.0061409053
116,17286123.794396456,0.027361473370534444,224876.3407496703,285645.29627915344,0.39362864307400447,17241864.909962084,ok,449752.6814993406
117,17233267.508912835,0.014195207046924145,411485.0742278338,1556206.8849464853,0.13220770265451687,17206066.76074269,ok,822970.1484556675
118,17206289.283480473,0.032900609602041136,197483.4081382965,26148.977723910815,1.0,17034954.853066087,ok,394966.8162764569
119,17034666.140475135,0.016903638590363416,322481.8458759143,1026893.5589125648,0.15701814617349846,17009348.38966811,ok,644963.6917518283
120,17001379.120954245,0.034253635288608,190552.950196147,32751.06255123417,1.0000000000000002,16843577.233309332,ok,381105.9003922924
121,16842940.07024026,0.015304709990438559,342600.2019262831,1032512.6789605174,0.16590605079600376,16814520.34698851,ok,685200.4038525661
122,16816354.12476327,0.03539698797815034,174581.45418462975,5328.552582565833,1.0,16647101.223161206,ok,349162.90836925944
123,16645044.743542628,0.0323914382781175,199390.43036901453,28294.145346663998,1.000000000000002,16473948.458520276,ok,398780.860738029
124,16477991.548922598,0.015453257934153376,451140.58788764395,2286256.1757333656,0.09866361273861425,16455735.96879559,ok,902281.1757752878
125,16456371.149014605,0.03690746932576946,185998.46955381727,142060.32299019102,0.6546460885023473,16395489.56373419,ok,371996.9391076345
126,16412631.97763668,0.008378101178455853,823367.9113399829,3485651.7284137853,0.11810817251594334,16364008.737978362,ok,1646735.822679047
127,16360701.009536427,0.03738211790345016,177927.81857007253,36935.5693919001,1.0000000000000002,16219708.760358255,ok,355855.6371401447
128,16214345.565546894,0.018008465633761687,376417.88230073184,1363898.0029119505,0.13799341354598066,16188373.97129768,ok,752835.7646014636
129,16188190.278815454,0.035284997092487426,183585.39619356912,134864.17115415595,0.6806307213489733,16125713.348495271,ok,367170.7923871382
130,16113593.114238413,0.011077770397498729,397583.8794147634,1305442.1944357126,0.15227938897234056,16083321.199127147,ok,795167.7588295268
131,16083126.367613345,0.03948039198656631,153743.33976460132,6981.210765938983,1.0,15936364.238614684,ok,307486.67952920264
132,15936374.802281274,0.03485598241137394,190391.99411762826,62533.756325492104,1.0000000000000087,15808516.564489136,ok,380783.9882352565
133,15809940.186092667,0.009133321270294172,538694.5355390264,2020416.8991171971,0.13331271773028727,15774032.769813085,ok,1077389.0710780527
134,15773790.736067679,0.040105655225353386,162091.35798717843,49753.27289656566,1.0000000000000002,15661452.650977066,ok,324182.71597435686
135,15664488.467250071,0.014364862191490736,528234.1153398193,2472580.2474624584,0.1068183966692146,15636275.90661678,ok,1056468.2306796387
136,15632682.319339434,0.030632746941947904,205879.13378615593,396073.4223863457,0.25990021312933903,15605928.30396448,ok,411758.267572121
137,15602149.877039023,0.03300657276676652,192015.49686250676,291125.7187012686,0.3297810611152817,15570488.339886075,ok,384030.9937248485
138,15565068.407736499,0.02732843075350408,231763.39990490282,595417.0272811699,0.19462275118600086,15542515.192479642,ok,463526.7998098056
139,15547150.307321794,0.030118553778776116,204882.50943686586,394033.97641397215,0.2599807652394121,15520517.55152801,ok,409765.0188737317
140,15519714.42315013,0.03208939889066227,202645.38708003773,328546.796750644,0.30839653450317883,15488466.85559586,ok,405290.7741600751
141,15483766.550110584,0.02134687316397493,266954.8418552751,770229.1144782745,0.17329573553974306,15460635.482272983,ok,533909.6837105501
142,15462906.066790776,0.03917504516837271,169944.6498355799,81378.23171190733,0.9999999999999998,15374339.648667105,ok,339889.2996710242
143,15377405.909348313,0.010501036886232365,533572.8820942674,1292161.4894637414,0.20646524696990656,15322323.780909294,ok,1067145.7641880722
144,15320807.979201656,0.03969604038172384,165069.87965095483,22633.69772298049,1.0,15178371.797273682,ok,330139.75930178165
145,15184010.11235483,0.026773395353301532,307107.5933541468,824779.0854616098,0.18617566738023297,15155422.131779706,ok,614215.1867082936
146,15165752.052402593,0.025947717936172843,235810.0436983378,628017.8431676315,0.18774151583730958,15143616.3848758,ok,471620.0873966756
147,15140767.514290504,0.043823610392419304,153339.5977799012,30916.172119133054,1.0000000000000002,15018344.088629736,ok,306679.1955596882
148,15018889.871774275,0.024734409692438116,279393.5304728954,702733.0335128203,0.19879066242002577,14991119.459274987,ok,558787.0609455331
149,14990155.054237101,0.03906425254001707,178455.6023714623,205819.82319211567,0.43352384528308735,14951472.674760908,ok,356911.20474278415
150,14950713.440203255,0.02118578647109252,275820.8716090478,817958.8505686298,0.1686031463668999,14927461.306809783,ok,551641.7432180956
151,14924683.891985629,0.0415194034645613,155913.298177525,90956.41643027232,0.8570769622231598,14857869.043999534,ok,311826.59635505
152,14853816.922175467,0.013799830912647018,401420.1144668096,1082344.5908553672,0.18544007049990008,14816597.235012066,ok,802840.2289332908
153,14814671.046415297,0.04412909196548385,136733.8067639298,7213.621644431681,1.0,14685150.861295799,ok,273467.6135278596
154,14684755.77922197,0.04438033814617084,159878.4701938958,61229.70136954611,1.000000000000003,14586107.01039762,ok,319756.9403877916
155,14588924.129297048,0.009689175038069603,470058.2218644148,1509853.855414671,0.15566348364733507,14552338.679130806,ok,940116.4437288295
156,14551134.803772587,0.04381527481305746,134045.54401805653,39550.134969915176,1.0,14456639.394724445,ok,268091.0880361113
157,14459389.606150985,0.019677838956941623,425132.24925157777,2669126.0879207514,0.07963884718214187,14442461.08503581,ok,850264.498502668
158,14440248.059347983,0.03956025115982195,159526.59794243664,336725.43830509746,0.23687933817149578,14421353.781877307,ok,319053.19588487135
159,14420172.873105684,0.02405687094069775,257953.23636460456,1695011.3189971384,0.07609189197545413,14410358.798207596,ok,515906.4727289665
160,14408668.415010791,0.051503205525120964,124213.4655211537,10101.274561187622,0.9999999999999998,14294556.224050825,ok,248426.9310423074
161,14293866.176936518,0.04420263336862545,145095.49174466563,32532.257907353298,0.9999999999999998,14181302.943099206,ok,290190.9834892236
162,14175972.155918695,0.020580258442769683,290215.0456301676,1655155.35531023,0.08767003190941307,14163250.574763201,ok,580430.0912601126
163,14160956.770339545,0.0496267528543137,148212.2480063287,144343.18131871088,0.5134023188773805,14122910.514433306,ok,296424.4960125429
164,14116957.434153032,0.023568548067779048,241796.99196848558,670981.0192624618,0.1801816929443603,14095173.738472164,ok,483593.98393697117
165,14096593.884985313,0.029677318606728856,164869.29141869763,611168.0581366201,0.13488048763654698,14085475.05977389,ok,329738.58283725753
166,14089390.501981605,0.03247936526752795,160686.73734610793,736980.8066805297,0.1090169078282138,14080631.716364365,ok,321373.4746922158
167,14082881.27149066,0.040076939510358345,132059.62091308238,339308.8257757195,0.1946009223473202,14070031.8094734,ok,264119.24182616477
168,14068873.276941419,0.028765902629415183,168280.00063297307,788474.645992951,0.1067123727365087,14059894.497865597,ok,336560.0012659461
169,14059575.896445971,0.049272315394030236,115977.93205242729,63972.32759131061,0.9064695347131673,14007010.665393692,ok,231955.86410485458
170,14010734.580847155,0.008031247388143817,465433.61411424226,1279347.301014242,0.18190276156648605,13968402.75098053,ok,930867.2282284843
171,13966413.813703282,0.05480673941568315,109934.50459937163,10639.254023323818,1.0,13867118.563127235,ok,219869.00919874327
172,13868384.31407677,0.048088598453104564,134758.3547171511,67760.0871190356,0.9943785526752511,13801383.9052145,ok,269516.7094341987
173,13798779.110344768,0.009573046659678801,500520.4127105756,1837042.8871703055,0.1362299204352147,13764686.182344887,ok,1001040.8254211511
174,13765815.624661066,0.043422361833902245,179899.2392888916,543446.0925244478,0.16551709706220635,13750927.424735667,ok,359798.4785777832
175,13751568.268010344,0.04275145637221734,133557.29673412454,163111.35003731173,0.40940528265989246,13724228.736599982,ok,267114.5934682491
176,13719251.107281234,0.03342755805019877,227137.86416427855,1774109.7374636454,0.06401460387929724,13711981.037081001,ok,454275.7283285571
177,13710821.635039898,0.05549022839872727,102192.29571147912,6957.488825506849,1.0,13615586.828153927,ok,204384.59142295824
178,13616565.01224374,0.048309922546448114,132091.40680712747,70751.97154341631,0.9334821625858918,13554912.526201075,ok,264182.81361425493
179,13553456.038337106,0.01233255043689352,438694.0570820415,1360348.0490463756,0.16124331467581868,13518087.796390861,ok,877388.1141640737
180,13518320.238944009,0.051539849209048576,125897.35435632584,73036.38601043187,0.8618810515784815,13464065.966862218,ok,251794.70871265169
181,13461785.312228521,0.021039515731987236,365217.842440572,1084285.9977424352,0.16841398081363354,13431031.41687373,ok,730435.684880749
182,13431415.59116194,0.050112908498062735,142461.32080568385,301126.1693347679,0.23654755931774696,13414566.152295057,ok,284922.6416113677
183,13411189.89699709,0.02749096592643153,189209.14557401498,639410.9920464803,0.14795581240200273,13397192.600573445,ok,378418.29114802997
184,13398959.079963936,0.04814325831119308,137051.57049993664,413407.2735882777,0.1657585379550308,13387600.345988682,ok,274103.1409997449
185,13386800.98743359,0.06125897756336698,91106.47273321968,12430.898067686947,0.9999999999999998,13308125.412768057,ok,182212.94546643936
186,13307953.110810716,0.03244592162596425,178105.49711027753,676821.1022820428,0.13157501776300848,13296235.993837727,ok,356210.99422055506
187,13295044.210692365,0.05129230617907508,115584.52986937572,154838.299139941,0.373242700647699,13273473.669651596,ok,231169.059738746
188,13278631.217933385,0.025410421787771458,229116.26340911427,1010855.0218154407,0.11332795428845667,13265648.5792202,ok,458232.52681822854
189,13262495.108198863,0.05987514740381392,93923.66885358491,6666.561641664288,1.0,13175238.000986943,ok,187847.3377071697
190,13176809.015762415,0.04660773822317675,149280.01096348258,499275.298467309,0.14949669192702608,13165650.581857478,ok,298560.02192696516
191,13162000.382555895,0.04678458730280725,143874.73950704982,645811.8816105655,0.11139059500441996,13153987.236135997,ok,287749.4790140992
192,13153961.415784586,0.03791846458311724,135561.28287925868,726300.034945792,0.0933231972716182,13147635.909612319,ok,271122.56575851736
193,13150146.845607193,0.04134620117640559,137913.51358256774,822207.4223044787,0.08386783543988478,13144363.591676153,ok,275827.0271651355
194,13143937.969557412,0.049531227301884626,109196.50984134988,305418.0107249952,0.17876566870130114,13134177.676006595,ok,218393.01968269976
195,13133456.322407257,0.03014972326188025,178925.7321694078,1326105.2008775976,0.06746287249721866,13127420.900479348,ok,357851.4643386357
196,13127909.41790564,0.06055568972344805,84969.5956418966,3941.836463584681,1.0,13046881.65872733,ok,169939.1912837932
197,13046873.438765783,0.0482833256753576,127757.0423830385,295802.19956171606,0.21595012236611735,13033078.864297908,ok,255514.08476597053
198,13029686.439166522,0.024266537845061963,202342.40075803024,1374552.436815938,0.07360301263833316,13022239.934026388,ok,404684.80151585955
199,13022488.275582049,0.0672612001338082,82381.71147860953,13518.864054214502,1.0,12953625.428157654,ok,164763.4229572185
200,12953338.13971801,0.025676479852019554,228394.45200716154,1401064.3241965792,0.08150748258404594,12944030.211308375,ok,456788.904014323
201,12942465.753597524,0.05932821735453609,113207.23988802638,128821.21405009778,0.439396727948864,12917594.308204062,ok,226414.47977605276
202,12917404.501852032,0.02566471024260389,235587.51526492133,1327712.8902599476,0.08871929955383524,12906953.922183067,ok,471175.0305298426
203,12905794.751238674,0.052452902911826554,112790.17094876338,211192.31393810798,0.26703190292667955,12890735.464248737,ok,225580.34189752676
204,12890041.03718013,0.0437057838026783,137511.43413718912,561915.6714501568,0.122359493713984,12881628.122449676,ok,275022.86827437824
205,12886698.003098344,0.02753647514389701,199240.5881217066,1714701.1612761011,0.05809775855444962,12880910.287306875,ok,398481.1762434131
206,12881504.578109406,0.06267968171219515,84750.62879889108,4180.760660544769,1.0,12800934.70997106,ok,169501.25759778157
207,12802374.856012644,0.05769962594946103,122361.56626974209,157704.96642048765,0.38794455573291936,12778640.104279995,ok,244723.13253948418
208,12780590.427763086,0.030759729423769568,167113.2453464038,393830.9699407514,0.21216366677758303,12762862.748313189,ok,334226.4906928075
209,12760539.570152706,0.043450083829871096,136947.72661398,1035131.3861071871,0.06614992475930932,12756010.02924697,ok,273895.45322796
210,12757712.230715174,0.04693250961308741,115293.56628095458,462812.12534215744,0.12455763361398314,12750531.883821739,ok,230587.13256181503
211,12751417.242918286,0.04202867425341194,138475.72573408386,810855.7508430198,0.08538863144900634,12745505.116563614,ok,276951.45146804437
212,12744719.51721884,0.06734801421607298,84975.2736032675,20754.33963507323,1.0,12680498.583250646,ok,169950.547206535
213,12684505.414846933,0.01904245745176201,375625.7947209548,3015572.38907875,0.06228101107460192,12672808.237706471,ok,751251.5894419095
214,12672539.312201202,0.04501797651497981,113787.53657503666,527450.1287841398,0.10786568280619804,12666402.427037451,ok,227575.07314998237
215,12665619.806273509,0.06937925400177698,96570.81018613075,168873.3973566035,0.2859266518521146,12651813.722061925,ok,193141.6203721757
216,12652593.289298823,0.023673850600217317,216092.56659378894,1270878.1075168368,0.0850170308685273,12643407.515096541,ok,432185.1331875778
217,12643050.66492787,0.06365157350067686,85950.81230450625,112161.27139348265,0.3831572664818268,12626584.325780626,ok,171901.62460894376
218,12622932.41486331,0.02166420743792556,271684.6896965696,2261346.5871446016,0.06007143956637478,12614772.169654204,ok,543369.3793931392
219,12615173.84753941,0.06675569479325144,85343.79300233835,75936.82747705819,0.5619394162083092,12591194.826931043,ok,170687.58600461375
220,12584601.03282326,0.01786437058649748,357332.1879811486,2813650.2116887285,0.06349975318479281,12573255.77995237,ok,714664.3759622972
221,12572361.745663589,0.06858312447268695,79252.59869110343,17280.250137379495,1.0,12510389.397109864,ok,158505.19738220685
222,12506922.140070127,0.026773951618918074,212914.42633264,1318744.3294217365,0.08072619596628029,12498328.25421804,ok,425828.8526652772
223,12498937.848886836,0.06258691644976624,96256.9173826295,95958.05074988326,0.5015572775312269,12474798.670173846,ok,192513.834765259
224,12470357.398426373,0.025411945866453976,236618.90962557262,1675788.8158375118,0.07059926268433686,12462004.838148005,ok,473237.81925113883
225,12461034.91055566,0.07128571628823627,89365.17239913065,117486.67136708715,0.380320471076711,12444041.208323317,ok,178730.34479825938
226,12444603.527731366,0.019831221833673373,323421.64851895557,2033702.9353218838,0.07951545992821368,12431745.017165003,ok,646843.2970379111
227,12432717.143792378,0.07333726647699887,85112.73276570579,38579.72793721645,0.9999999999999998,12386184.138963887,ok,170225.46553141158
228,12390118.72171751,0.026590083500744762,259171.0872330761,678781.7178229704,0.19090900684855305,12365379.674283748,ok,518342.1744661522
229,12367118.196621824,0.03689847625627753,171655.5425012687,1351968.7113769134,0.06348354849368001,12361669.54514353,ok,343311.0850025299
230,12360408.336968698,0.06347310322191213,93006.71096482099,72817.89373025845,0.6386253858793869,12330710.113629058,ok,186013.42192957853
231,12331075.751064334,0.02722043404799705,298499.7517871636,2176432.524267947,0.06857546660849625,12320840.871183673,ok,596999.5035739326
232,12321232.299012858,0.07332052665134321,91106.08151684212,71004.84606132752,0.6415483348710663,12292007.821565978,ok,182212.16303368425
233,12290552.702513216,0.03313617694573558,207335.4309541713,595803.567073595,0.17399646663122506,12272514.88631647,ok,414670.8619083426
234,12270299.722727366,0.06572444837130088,96322.87066899292,169762.35728199623,0.28369914335304836,12256636.364780316,ok,192645.7413379855
235,12258343.897535052,0.02454145051397334,196054.13329886837,1395647.950956212,0.07023767461004195,12251458.704324752,ok,392108.2665975335
236,12251701.382366728,0.0688142008371915,83223.10005981708,33899.41351527324,1.0,12202377.695822185,ok,166446.20011963416
237,12201166.167652609,0.022447872970372536,271913.8146458664,997496.2778650655,0.13629816004318415,12182635.491339331,ok,543827.6292914925
238,12184080.730597194,0.05270645138807212,130809.99088710567,633357.1481816482,0.10326716234486161,12177326.542314561,ok,261619.98177408785
239,12176400.057342969,0.061282760342609294,102667.93030825524,323753.25585729966,0.15855891554880308,12168260.59949731,ok,205335.86061651047
240,12171464.959660327,0.030371185984642023,186049.66555854218,1771525.2501504275,0.052511152619118456,12166580.118468888,ok,372099.33111708437
241,12167010.808917679,0.07064185792140922,76273.71428110148,40349.58083500134,0.9451611727145585,12130965.332299069,ok,152547.42856214498
242,12137876.97244026,0.015437366022829033,325442.4581060515,912738.5400220515,0.1782780302550766,12108867.352244,ok,650884.916212103
243,12108152.350191701,0.06061731649236919,100382.52421095606,234806.27468507015,0.2137560513354943,12097423.664192488,ok,200765.04842191213
244,12096906.15439444,0.039612269734449014,140936.06937978708,1231315.4096700635,0.05722988126070457,12092873.277136464,ok,281872.13875944354
245,12093166.661314026,0.07331808572015738,75121.78701268409,107234.42956684255,0.3502689729228165,12080010.245723497,ok,150243.57402536814
246,12078444.644291043,0.021828072381516597,279895.4660685428,2537577.4106330834,0.055150133528086835,12070726.50812725,ok,559790.9321367651
247,12069522.20142053,0.07621114637947875,64618.321059196576,3789.8238339049567,1.0,12008693.704195239,ok,129236.64211839315
248,12009114.412183646,0.07166441741363783,82857.87747130805,70090.003296812,0.5910819915389901,11984626.51256843,ok,165715.75494254983
249,11983728.711982353,0.016991717449615737,216453.41700136082,1069458.0618059905,0.1011977115941492,11972776.416748716,ok,432906.8340024589
250,11973388.546965431,0.07361393318089995,75198.41970492977,107700.69178488117,0.34910834117541845,11960262.34918433,ok,150396.83940985927
251,11958923.306814503,0.027952680507056352,161893.12721039972,962462.3278099779,0.08410361763393756,11952115.407980269,ok,323786.25442079944
252,11950360.379525434,0.07130312325988186,75278.68227099505,106116.26611041438,0.3546990722075883,11937009.74014617,ok,150557.3645419901
253,11938339.340069344,0.031609187960691176,146376.42823727336,587947.6441574467,0.12448083574434322,11929228.81000922,ok,292752.85647438944
254,11930584.330545874,0.05953309413304671,100375.72714919019,434677.74535379175,0.11545993350486881,11924789.6431548,ok,200751.45429838038
255,11925386.023981323,0.04168462282979596,115673.37731489379,442632.4085984662,0.1306652823741007,11917828.776726315,ok,231346.75462978458
256,11918165.815899178,0.06446208065399618,88547.16385847617,273962.2046634624,0.161604707421683,11911010.996644994,ok,177094.32771695234
257,11911307.24069759,0.049874344307941895,96804.60555571651,312115.4135981563,0.15507822000798543,11903801.097738512,ok,193609.211111433
258,11904778.075449146,0.0706858188363968,83641.91301629195,268489.03986771416,0.15576411062720236,11898263.871353075,ok,167283.8260325839
259,11897637.040538464,0.05047418862172037,99074.18623468773,365479.83772855403,0.13553987936849096,11890922.788913073,ok,198148.37246937546
260,11888919.424187023,0.07540014971104142,70442.88621932089,44576.23193678726,0.790139533543511,11861089.569557626,ok,140885.7724385914
261,11866420.446105942,0.016257055591012693,273715.2292917082,816083.831183721,0.16770043642127253,11843469.364402257,ok,547430.4585834162
262,11842091.68514648,0.08054555403346322,84327.28352491217,59780.38326299352,0.7053089903583319,11812353.289545173,ok,168654.56704982434
263,11811517.119328111,0.02001631741709493,284601.9490808267,2014863.3600454277,0.07062562025903583,11801467.02473773,ok,569203.8981616534
264,11800854.225156836,0.057436657697055075,103541.8666738493,322816.21387497877,0.16037277903573535,11792551.57670432,ok,207083.73334769858
265,11797426.405711962,0.02497420270557822,152024.9023941209,841690.4001547225,0.09030927664505568,11790561.776228337,ok,304049.80478824174
266,11789072.874733366,0.05496931254244314,88515.92201579385,502683.7115231408,0.0880433560773125,11785176.255313091,ok,177031.8440315877
267,11784288.157901559,0.08598769065721179,61034.833402489414,9754.931224042208,1.0,11733008.255723111,ok,122069.66680493427
268,11735101.300697124,0.04376491528057111,135436.01486661553,482303.4739624862,0.14040539015187542,11725593.327443141,ok,270872.02973323106
269,11723945.922442093,0.06844038277514539,84144.0140716336,159163.67678303042,0.26433171114266696,11712824.956831109,ok,168288.02814326718
270,11711923.288797542,0.046976334208774034,99416.4295512507,340258.4929181077,0.1460895636999984,11704661.437388666,ok,198832.8591025014
271,11704439.840767698,0.07950953893591693,70960.10242375647,76926.88835363876,0.46121781305872844,11688075.809140544,ok,141920.20484751294
272,11689723.425772231,0.032176317539470756,131441.84371048404,417701.0658595806,0.1573396077407558,11679382.921707166,ok,262883.68742096797
273,11678144.085400324,0.08481712671550909,64086.62067842872,8563.749744941018,0.9999999999999998,11622621.214466836,ok,128173.24135685744
274,11622377.778323336,0.04287985881793721,145185.4739942412,1549196.5239659399,0.04685831388988877,11618976.205067,ok,290370.9479884824
275,11618234.197869942,0.09397270437703385,67163.723073287,36205.94721911987,0.9275233522659881,11587086.23708214,ok,134327.44614657378
276,11590280.789614422,0.032465498347776706,236218.17873742263,915014.6700428714,0.12907890248707982,11575035.39798496,ok,472436.35747484496
277,11577872.880264312,0.041514485403403786,169218.56930095595,1780074.9350312916,0.047531304994747677,11573851.290550204,ok,338437.1386017354
278,11574066.660933876,0.06322982619713448,105546.51187976444,328357.07890652807,0.16071910529726982,11565584.990455596,ok,211093.02375952443
279,11563151.802189007,0.052124531661494056,106687.94523523933,1069862.6655501549,0.04986057961952399,11560492.040795086,ok,213375.89047047863
280,11560277.568750167,0.0844245103982266,64013.60742059057,17589.84855471154,1.0,11513853.80988429,ok,128027.21484113415
281,11514983.177895004,0.053243336668311284,153438.07435669776,672407.5262556691,0.11409604173463408,11506229.839427263,ok,306876.1487133955
282,11506600.490845954,0.06862042242289526,76565.81569693799,120278.68834064738,0.31828504597627494,11494415.613761298,ok,153131.63139387593
283,11497340.420122564,0.02952684789672943,212182.55146950323,1983892.668092251,0.053476318271174925,11491667.049295576,ok,424365.1029390064
284,11490496.117796341,0.08748215868142079,53681.97961999672,4380.895871780711,1.0,11441195.034048125,ok,107363.95923995652
285,11441170.268623153,0.06112763270283111,92781.34550803508,517356.6145332879,0.08966865688161152,11437010.479305467,ok,185562.69101607002
286,11434067.568343876,0.04861972147306921,92119.43981321769,616448.1561680944,0.07471791333260015,11430626.082183769,ok,184238.87962643534
287,11429675.100965656,0.08737979525586528,62081.35269386157,116005.31002149961,0.26757978872844634,11421369.243346756,ok,124162.70538772314
288,11418577.304432107,0.03410704256475505,112562.79900472249,718018.2790353274,0.0783843547520496,11414165.72324757,ok,225125.59800944495
289,11413458.452492129,0.08716326163024025,51108.17893351752,3212.6480105859696,0.9999999999999998,11365562.921569197,ok,102216.35786703308
290,11365097.828953808,0.07688188791643549,76180.7522724805,219208.97530150408,0.1737628492804642,11358479.13666621,ok,152361.50454488836
291,11358158.153919652,0.04812513023807008,92446.74425900931,646305.154189488,0.07151942364976495,11354852.284985801,ok,184893.48851801862
292,11355108.190656623,0.07600015641192119,68970.8709806127,323715.23025629396,0.10653016066931208,11351434.45167309,ok,137941.74196116556
293,11353666.745757263,0.03228507524899602,142890.61607894278,1083436.2285179372,0.06594325181206413,11348955.409818426,ok,285781.23215775914
294,11350026.789626371,0.09285039420675945,57544.7257312788,90143.26826573812,0.3191848201112458,11340843.088160926,ok,115089.45146255469
295,11343069.61574566,0.026867258558206975,191255.2702857901,1539691.0397062,0.062108327370108275,11337130.343276577,ok,382510.5405714145
296,11336499.564069308,0.09100648447265124,58941.48485715687,73135.77336107453,0.4029593326795094,11324624.053366719,ok,117882.96971426415
297,11326639.381702226,0.022260389718397566,159495.19204102637,904900.5961841478,0.08812857053780138,11319611.340061111,ok,318990.38408205274
298,11320373.061209418,0.09433184030174106,51032.89478040277,7015.621790917145,0.9999999999999998,11276355.788219932,ok,102065.78956080438
299,11277031.54482485,0.05693338977841867,110862.49762525804,464689.01391040185,0.11928676416550035,11270419.330520337,ok,221724.99525051608
300,11268851.917069618,0.0855857615739738,66759.03818570427,101522.13414821799,0.3287905575755476,11257877.046375474,ok,133518.0763714054
301,11258340.600167159,0.05282714003431272,126076.28372630314,653895.0376345877,0.09640406829081764,11252263.466834057,ok,252152.56745260628
302,11251281.350759126,0.07756799315717101,66952.20067279754,407313.8113057751,0.08218749133274021,11248530.034052875,ok,133904.40134559505
303,11248340.114745457,0.08894113557118835,57604.70541094428,83814.13091647507,0.34364554509519535,11238442.314549962,ok,115209.41082184705
304,11241422.92135099,0.017950413815291274,204382.17522332602,1130633.5713449381,0.09038391411826047,11232186.490864646,ok,408764.35044665204
305,11232456.695132958,0.09633435710354388,46460.5541905093,5302.588860272384,1.0,11191298.72980272,ok,92921.1083810186
306,11190696.981473275,0.07367842618680873,91763.9795558097,210761.49144186126,0.21769626635310385,11180708.643605772,ok,183527.95911153755
307,11182260.84424918,0.06760128211252199,85999.2058957133,288435.8549533601,0.14907856360232905,11175850.525206244,ok,171998.41179142657
308,11177394.652630344,0.07748873395135077,78427.234196887,310644.048824243,0.1262332796873565,11172444.589135602,ok,156854.46839377398
309,11171001.666192751,0.07060446137597273,73084.66678736298,284842.3941603696,0.12828965822098704,11166313.662731078,ok,146169.33357472596
310,11164896.307166936,0.09988041643420009,55412.51613744037,59273.66657992917,0.4674294618059258,11151945.58586922,ok,110825.03227488072
311,11155259.28526501,0.028509462460394912,162812.2824916909,735890.297597659,0.11062265871910364,11146253.921484333,ok,325624.5649833818
312,11146250.378166243,0.09949834682012197,55983.738902752506,94143.31950920584,0.2973325095960639,11137927.485373981,ok,111967.47780550501
313,11136796.613222452,0.05108945783061537,96550.63525726684,401610.5589467023,0.12020430377937358,11130993.712277174,ok,193101.27051453368
314,11132648.119203715,0.07033044782948018,78353.09102162646,435200.1907014146,0.09001959637855896,11129121.462389324,ok,156706.18204325292
315,11129808.817465438,0.07929532345197017,64904.659785362586,153211.6416405208,0.21181373389904617,11122934.968297146,ok,129809.3195706765
316,11124124.990051795,0.030824475241081103,147116.22864009204,830637.9335247288,0.0885561703255106,11117610.965151247,ok,294232.45728017547
317,11117947.585056623,0.10766441441867142,44546.68352558614,16780.93133138948,1.0,11090181.832862426,ok,89093.36705117227
318,11091971.61078352,0.023163690333352797,219163.33656362648,994168.0202643392,0.1102244953048043,11079893.026702499,ok,438326.6731272529
319,11080112.657327741,0.080398366585931,65849.40847065322,237565.42834424533,0.138592153179868,11075549.551674958,ok,131698.8169412482
320,11076175.377162658,0.04041959051981942,128947.50664797894,1557379.0158626337,0.041398884065660405,11073506.23572352,ok,257895.01329595788
321,11073408.321869187,0.09286438840828165,54123.72476909734,53557.545832327625,0.5052857065047589,11059734.349614875,ok,108247.44953815601
322,11059631.33121635,0.018764938719795798,333919.894394977,2898760.2124793166,0.05759701905618722,11050014.935955998,ok,667839.788789954
323,11049315.688195515,0.10225541730914824,43634.82247923523,6530.794184586123,1.0,11012211.659900866,ok,87269.64495847045
324,11011455.169080164,0.05956571642463237,100359.58311903931,616740.6191509753,0.0813628776852719,11007372.396837234,ok,200719.16623807861
325,11006705.488626143,0.09813388680471864,51659.39775122513,18884.370655220075,1.0,10973930.461530138,ok,103318.79550245026
326,10976163.276871575,0.035009306931037744,188578.08000452205,884148.7721744529,0.10664386240153789,10966107.9294636,ok,377156.1600090437
327,10965127.565454835,0.1004133656257733,55766.29496798631,42930.91287252748,0.6494888093058988,10947017.773195757,ok,111532.58993597262
328,10945493.678942852,0.03825126725369065,161946.7182956884,1252794.249096511,0.06463420406522499,10940260.030323844,ok,323893.4365913767
329,10939545.866421841,0.07930726742346002,72761.56079868507,166620.7339179093,0.2183448574729398,10931602.310110793,ok,145523.1215973701
330,10930733.584706306,0.0678204413186219,68717.34748099308,299113.12310805236,0.11486849317568967,10926786.855626222,ok,137434.69496198324
331,10926885.169236679,0.11377922806509282,48218.35355710562,27977.915307043535,0.8617217013478928,10906109.768404968,ok,96436.70711421124
332,10904286.77363301,0.024024319458061043,232638.07243127405,1792397.423795049,0.06489578408863941,10896738.158573361,ok,465276.14486237284
333,10896015.090307627,0.07296435724833097,91189.69732094154,311074.88847724546,0.14657193604943122,10889332.165065581,ok,182379.3946418831
334,10891322.31667261,0.05077095654231817,106818.84495514937,641937.552316078,0.08320033979142707,10886878.634574413,ok,213637.68991029874
335,10886699.70398837,0.10369250413598335,57416.90377190894,108973.80388179039,0.26344360629180236,10879136.64589248,ok,114833.80754376815
336,10881103.625227878,0.03924323136436866,119114.29047381223,725147.2002047085,0.08213111106282033,10876212.13071784,ok,238228.58094762446
337,10877038.829523534,0.11184394907848366,46253.99609884455,29449.91507220645,0.7852993121616344,10858877.213862957,ok,92507.9921976552
338,10861100.459213587,0.026324155111160347,288337.4869679478,1969162.9445375726,0.07321321167651247,10850545.402479758,ok,576674.9739358956
339,10850725.5675563,0.06582562361455807,88354.90159016135,460151.0369678247,0.09600641364667774,10846484.248941412,ok,176709.80318032266
340,10847549.911354743,0.08694305266502637,64592.057465613325,267541.0490036699,0.12071429357505306,10843651.319060981,ok,129184.11493122665
341,10840608.73324211,0.10144873429750208,49518.695837735315,21457.689502934983,1.0,10812547.72690731,ok,99037.39167547063
342,10812833.32019521,0.02499186595643703,269542.5391085602,1559646.408277137,0.0864114255891854,10801187.54266456,ok,539085.0782171204
343,10801788.77115468,0.08182178621815979,76372.46460496853,689774.643018822,0.05536044661682681,10799674.7642798,ok,152744.92920993705
344,10799906.02695009,0.05870977019191754,82255.7819643043,837889.025222663,0.049085129109099755,10797887.259111244,ok,164511.56392854848
345,10798587.560762394,0.09347371405270329,59111.01197932294,351633.96881775407,0.08405190797985615,10796103.364092652,ok,118222.02395859153
346,10797592.398172114,0.04949375304641166,91748.77079878558,946267.3782772342,0.04847930558793148,10795368.43982368,ok,183497.54159757117
347,10794932.38079213,0.11378107744116495,43777.48137450048,24221.88721971728,0.9036761045370654,10775152.048874654,ok,87554.96274896745
348,10779217.77099499,0.015663090289153605,447555.4068891953,3876664.956010625,0.05772428259440853,10766300.363603026,ok,895110.8137783906
349,10766446.40035885,0.07883169103848829,90979.53853632526,672950.8831067756,0.06759745831397455,10763371.407577032,ok,181959.07707255182
350,10763232.11201731,0.09045927268777329,68092.74678747452,350373.1763958393,0.09717174626197088,10759923.766460754,ok,136185.49357489074
351,10761326.527230103,0.052884873193952985,76808.66114954746,576653.9904143583,0.06659856900873617,10758768.853770083,ok,153617.32229903503
352,10759130.112751968,0.10839879987324276,42677.66005454855,8933.02763008346,1.0,10725385.480327504,ok,85355.3201090971
353,10724623.33298003,0.07838480277433237,93225.85414642995,436207.8012606345,0.10685945308292118,10719642.30108639,ok,186451.7082928599
354,10718863.371073302,0.05535638499941377,82915.2659757671,828680.3519400808,0.05002849758754896,10716789.307981383,ok,165830.5319515342
355,10717699.060518848,0.0637801467477959,79233.13985662023,928898.1090686386,0.04264899405170685,10716009.453663627,ok,158466.2797132404
356,10716862.57835801,0.08334881477719977,56607.37234542644,338133.72650878795,0.08370559915731333,10714493.401348563,ok,113214.74469085288
357,10713940.597611258,0.08157358217182589,57014.965509196685,436937.12657863175,0.06524390128580228,10712080.658220509,ok,114029.93101839337
358,10712095.089535024,0.0894724000474063,51311.38290667855,265456.89322427317,0.09664729795381082,10709615.536278922,ok,102622.7658133571
359,10709585.565808928,0.0789383800566907,58044.37958740037,492281.74782909284,0.05895442990052908,10707874.579155175,ok,116088.75917479927
360,10708140.373714613,0.10999696352435878,37922.90780301583,5033.917724140963,1.0,10675251.383635739,ok,75845.81560603163
361,10675162.5662296,0.052304970679127864,112888.59004288183,1581602.1146798963,0.0356880497930194,10673148.179418342,ok,225777.18008565306
362,10673207.77103649,0.11319779373488027,49579.01511000198,96326.7915707162,0.2573480041303184,10666828.240743838,ok,99158.03022000377
363,10666685.928124392,0.06392250528040924,60830.80515964217,133901.7978548505,0.22714708142150092,10659777.158198126,ok,121661.61031928434
364,10662946.492486153,0.04082844842929836,133405.36904722237,1527680.818435814,0.0436627099840841,10660034.072516639,ok,266810.73809444474
365,10660770.021976136,0.11539382506372588,42458.47540355791,14176.72001565346,1.0,10632488.266588232,ok,84916.95080711582
366,10631293.58196015,0.04809085962125246,124631.82305051631,723411.8010430291,0.08614168504772783,10625925.584336078,ok,249263.64610103262
367,10624859.983162655,0.08818660185859407,68320.7694382609,477261.12525887875,0.07157587934823097,10622414.923587508,ok,136641.5388765218
368,10622386.518529372,0.10149091611720225,54866.10292060043,114555.57775739404,0.23947372967205463,10615817.023379888,ok,109732.20584120086
369,10617788.75470138,0.03230318315771204,148670.91457299248,1311603.3320102186,0.056675258039003744,10613575.773478221,ok,297341.82914598496
370,10612802.702686425,0.07379293486702798,70373.56783456527,721032.231059371,0.04880057007380201,10611085.567572197,ok,140747.13566913054
371,10609882.746068735,0.11447077400444229,39754.697973470116,7905.001629502411,1.0,10578033.049724767,ok,79509.3959469119
372,10578448.877358168,0.039858473861062,166369.9274132502,2108978.198274604,0.039443254451222085,10575167.791668171,ok,332739.85482650035
373,10575740.580567459,0.08741043513608698,66815.32462824974,564824.0297554625,0.05914702731147705,10573764.616652153,ok,133630.64925649948
374,10572211.144365735,0.11115384064382976,49042.82744297107,73123.33539386769,0.33534320596024075,10563988.054873694,ok,98085.65488594215
375,10563602.63250501,0.03263038651000162,158599.41468068815,1567354.9910850632,0.050594605428503296,10559590.49510153,ok,317198.82936124085
376,10559160.837565929,0.09524310866303008,59406.3980895093,350675.1363022639,0.08470289441664898,10556644.890633404,ok,118812.7961790186
377,10555993.724230036,0.08330137507368705,52600.23514744864,362652.04218525055,0.07252163096958282,10554086.396808898,ok,105200.47029484814
378,10554926.64008424,0.08485102549815114,52140.65832506369,457210.09276674525,0.05702045859217753,10553440.097959744,ok,104281.31665012738
379,10552816.214662239,0.1184056603112742,39047.33849041066,13360.700130434823,1.0,10527129.576302264,ok,78094.6769808213
380,10525892.686423158,0.03169472988477741,164108.2638025781,1515747.938029184,0.05413441763145528,10521450.733778426,ok,328216.5276050167
381,10520307.683863707,0.08448047139603045,78170.21940088249,544805.1248562087,0.07174145013917967,10517503.661414947,ok,156340.4388016823
382,10517438.253706196,0.07642869212014936,71267.9620974544,832848.9643331069,0.04278564610722744,10515913.630803654,ok,142535.92419484016
383,10516382.364962023,0.11775078028493817,43769.40695001938,35844.094674918706,0.6105525519193302,10503020.603407359,ok,87538.81390000465
384,10506038.644304376,0.031406156277108944,224005.95119963205,2884387.214837011,0.038830769677414834,10501689.482555674,ok,448011.90239899943
385,10501844.064004313,0.06972873709923232,91865.18346403138,649962.6821133593,0.07066958303308347,10498598.026898984,ok,183730.36692796176
386,10499906.118156705,0.11445067449315102,49800.38506777661,71824.1951758688,0.3466825137812915,10491273.656815419,ok,99600.77013555322
387,10491473.58248533,0.046678603803436455,134426.44823211542,1330831.9623530817,0.0505046662669689,10488079.00103262,ok,268852.89646423084
388,10488485.648429219,0.08364427069059269,75419.26305381324,393338.06395895523,0.09587079152055218,10484870.396206787,ok,150838.52610762647
389,10484825.14038047,0.10362551849475635,51548.93242872092,114785.62946079376,0.22454436444210116,10479037.62924553,ok,103097.86485744183
390,10479433.122022906,0.07127643668771269,67283.27115649625,511784.5502915005,0.06573398036163193,10477221.723410472,ok,134566.5423129925
391,10478698.987736914,0.08711923815786825,52134.0631979062,254621.56924278854,0.10237558301314796,10476030.36017955,ok,104268.1263958124
392,10475685.848551419,0.10949731277785099,49066.01388340661,156988.71919005606,0.1562724192430845,10471852.016205331,ok,98132.02776681073
393,10471787.853214543,0.055137762879253614,73897.04376625732,477100.79622412793,0.07744384871194249,10468926.417475697,ok,147794.08753251462
394,10469071.15727941,0.10138014696190024,46066.60410280469,166207.93114074142,0.13858124515067952,10465879.173601193,ok,92133.20820560938
395,10465522.708170518,0.08998768056125356,51415.70052094596,259392.6630511391,0.09910785431662227,10462974.858292108,ok,102831.40104184658
396,10464081.052915506,0.09536722977204824,53580.186196911585,306706.1684874561,0.08734774794577199,10461740.9986161,ok,107160.37239382314
397,10461761.30739977,0.08347119399442476,50197.77398075102,224629.07564667365,0.11173480956603482,10458956.88804158,ok,100395.54796150203
398,10459744.821532842,0.052144576338638095,91254.68667855783,728421.4367982985,0.06263866085521756,10456886.785847688,ok,182509.3733571156
399,10457035.965113612,0.12395610558864203,35477.881096257435,14327.010930982888,1.0,10435885.094948338,ok,70955.76219251486
400,10435525.350902624,0.02587277528324723,179679.43312063228,966168.1575499281,0.0929855904050259,10427171.551816443,ok,359358.8662412645
401,10427211.224880012,0.09787825502326623,55661.07572098433,169924.85442669928,0.16378144300542838,10422653.099229602,ok,111322.15144196866
402,10423497.045882931,0.058612804268039345,82960.3129417956,556372.7557233344,0.07455461476895985,10420404.508796688,ok,165920.6258835912
403,10419897.158531617,0.12940836507004724,36727.85165705587,7604.5583976148055,1.0,10390773.865272177,ok,73455.70331411164
404,10390096.860482424,0.08732115661675155,74383.9552623225,252386.27634463797,0.14736133109066096,10384616.201152802,ok,148767.910524645
405,10386165.781500053,0.054821797779990175,94398.87857134292,781344.6988878219,0.06040795996038096,10383314.559661532,ok,188797.75714258978
406,10383014.991400393,0.11947186154666073,40876.04582271639,11209.075024777134,1.0,10353348.020602454,ok,81752.09164543278
407,10351690.119013,0.08061343558500823,80793.48597098672,764780.4590982503,0.05282135873754542,10349556.308159936,ok,161586.97194197343
408,10350289.076992257,0.08819235788362258,60542.09634503181,290374.9470098258,0.1042481401520207,10347133.37651982,ok,121084.1926900636
409,10347272.549658,0.04204542412978273,130448.21929106448,1845835.0879485959,0.03533582716645629,10344967.80179248,ok,260896.43858212896
410,10345311.848467909,0.09984783901328426,51340.04716865595,262251.8895697668,0.09788308342197466,10342799.187407961,ok,102680.0943373119
411,10341079.526910678,0.115219128233212,44319.15391088115,256207.8767863318,0.08649061548533447,10339162.931460906,ok,88638.30782172347
412,10339549.549360212,0.059514273294945214,64352.37575717908,665367.7153641757,0.048358504832141644,10337993.557023205,ok,128704.75151435712
413,10338117.783627484,0.13839051487925763,31450.686068119707,5065.297362154164,1.0,10311732.394921519,ok,62901.3721362394
414,10310810.939165689,0.10480001678892376,47767.3277784142,40593.214683194485,0.5883659147373438,10296758.605414238,ok,95534.6555568284
415,10295581.622682914,0.08507735434987516,62422.64414181383,73592.63464649605,0.42410931774397304,10282344.610173535,ok,124845.28828359643
416,10281735.56364173,0.08066963124786874,64852.236091579536,471518.59375984664,0.06876954265414399,10279505.634333672,ok,129704.47218310382
417,10279229.088495718,0.11518684776068511,48422.473591383576,250902.81030865363,0.09649647513277272,10276892.789486328,ok,96844.94718276715
418,10277921.91548548,0.04340973903171314,89331.29398488443,828100.3823940739,0.05393747900865823,10275512.763088418,ok,178662.58796976885
419,10275723.36232642,0.12619096720157785,33909.454529526636,7273.041916972964,1.0,10249086.949713869,ok,67818.90905902987
420,10248177.67103948,0.06997752367018936,89491.8384691079,774096.8033855277,0.057804035669514184,10245591.176327981,ok,178983.6769382158
421,10245331.534037527,0.11017226798059869,48780.10288667569,204445.46784440792,0.11929856748842071,10242421.835839367,ok,97560.20577335119
422,10243709.962770518,0.05066315474687273,84411.47561268075,1035486.13458795,0.040759346162694166,10241989.684493218,ok,168822.95122536147
423,10242194.763191866,0.12924925963873204,39745.29844730648,42496.74595407249,0.4676275507101228,10232901.764909286,ok,79490.5968945836
424,10235720.320795503,0.022147671266446553,153691.34217048314,891585.5844008257,0.08618989856917028,10229097.000199186,ok,307382.68434096617
425,10229539.943048323,0.06247694008771196,63815.16331717772,571410.6620084645,0.05584001801162787,10227758.2231138,ok,127630.32663430186
426,10227017.634961918,0.1148664704529368,35884.71174187533,81488.84485614694,0.22018174269878882,10223067.055778133,ok,71769.42348375067
427,10223099.486363253,0.045431627498938434,89056.07717411681,1032643.6297573356,0.04312043119611574,10221179.418139061,ok,178112.1543482336
428,10221440.804852676,0.09782969286917514,43272.384172444945,329895.2079130035,0.06558504509082817,10220021.794219108,ok,86544.76834488989
429,10219993.20164467,0.1330179350686678,29488.28719831303,2109.306915524585,1.0,10192614.221361883,ok,58976.57439662606
430,10192448.394151393,0.12376170355838807,40082.36371821105,23763.04556808892,0.8433759806452823,10175546.14274768,ok,80164.7274364221
431,10173823.966964416,0.03947711616126381,178391.81591680995,1332161.944292658,0.06695575439648638,10167851.787657982,ok,356783.63183361985
432,10167793.403433565,0.0892524695320626,64733.05545612565,371018.3380447575,0.08723700261995761,10164969.844569353,ok,129466.11091225129
433,10164066.668046996,0.12010567596663461,41591.00909174423,123453.1041551215,0.16844861608131062,10160563.694085531,ok,83182.01818348846
434,10161923.928961428,0.05640519948082784,78443.39457380917,673485.4359089601,0.058236890058312216,10159639.77928863,ok,156886.78914761834
435,10159941.504628327,0.14081335323096733,31136.73536105189,9413.71579373884,1.0,10138218.485061012,ok,62273.47072208113
436,10140381.708899632,0.039328647356274074,184985.17584718237,2248797.2761228355,0.04112980254185393,10136577.50702175,ok,369970.35169436474
437,10136763.548065089,0.09287135100090421,68847.98490112944,410305.89145374333,0.08389836258162912,10133875.431464963,ok,137695.9698022589
438,10133671.63425507,0.12699778051948474,46892.404019622816,76996.2732517984,0.3045108681187213,10126532.010926977,ok,93784.8080392456
439,10127440.285000002,0.06396239457041869,99829.24698156826,1278102.5989790305,0.03905369062754176,10125490.934736403,ok,199658.4939631365
440,10126045.538649522,0.07378132661576656,60654.040915248006,824482.7533968624,0.03678308652628198,10124930.017231945,ok,121308.08183043684
441,10125580.080307756,0.07113461370703153,62387.879281048576,761163.4338533421,0.04098192090311922,10124301.692740751,ok,124775.75856209715
442,10125205.462269332,0.08686235140532063,48964.41843049926,581905.2639141305,0.04207249999866366,10124175.434522158,ok,97928.8368609985
443,10124426.67372362,0.1463652561674178,29496.585529047534,7718.809688371268,1.0,10102648.897882942,ok,58993.17105809507
444,10101760.04308344,0.07014788292000641,97185.8300469874,628411.4292120216,0.07732659331868832,10098002.51850525,ok,194371.6600939748
445,10097807.530471046,0.11203321899342336,54036.77184219098,290055.64113863005,0.09314897588281086,10095290.795492489,ok,108073.54368433013
446,10096594.087118864,0.06946761339953979,61742.914592070796,419634.2571655164,0.07356753355782096,10094322.95014826,ok,123485.8291840818
447,10094259.581610426,0.14203097335864945,33816.24946277273,21626.216260640438,0.7818346273619317,10081040.224211674,ok,67632.49892551945
448,10081727.091965664,0.026752726236624846,188203.5472097093,1617156.1346041223,0.05818966492551484,10076251.341290701,ok,376407.0944194186
449,10076178.459349561,0.09144476985720329,69550.56660313887,307866.7279359123,0.1129556400417797,10072250.394966599,ok,139101.1332062132
450,10073359.547852233,0.09076423972962554,50518.65057561053,158696.67232412123,0.15916732794633373,10069339.088540446,ok,101037.30115122104
451,10069956.860985288,0.0984603613363115,47915.19606836919,320516.4044236359,0.0747468700619739,10068166.10551803,ok,95830.39213673837
452,10068487.70983326,0.1285573545964073,36572.023894614766,75872.12752565072,0.2410109290941562,10064080.581104415,ok,73144.04778919948
453,10062593.82956377,0.051722243777582666,87088.806737167,740558.1464088905,0.05879943874729989,10060033.443085112,ok,174177.61347433398
454,10060448.567263875,0.11467419485623512,41635.687989659054,246890.7119135641,0.084320077630615,10058693.20504213,ok,83271.37597931811
455,10057365.705552015,0.14645647094435113,30989.214633784253,33126.59712353423,0.46773917825336325,10050118.270658253,ok,61978.4292675685
456,10050391.857904866,0.03904898676414485,104999.73196261398,579264.7465004176,0.09063190242195956,10045633.695174081,ok,209999.46392522796
457,10046268.113401785,0.11093025374251803,40957.410625153454,107833.37716907995,0.18991063667111757,10042378.989437675,ok,81914.82125030691
458,10041184.048413316,0.08080152694761278,53933.9169998994,377991.1513820086,0.07134283012010544,10039260.149274198,ok,107867.83399975896
459,10039252.019278781,0.1435295121367327,31109.969797025533,47962.771532450126,0.3243137208613715,10034207.324248403,ok,62219.939594051066
460,10033861.267073885,0.06387393790945124,67852.26100067061,362089.5899448349,0.0936954042382274,10030682.544562418,ok,135704.5220012819
461,10031528.74040703,0.08720730573881093,53604.441734481705,495036.03794010443,0.05414195899508172,10030077.615663858,ok,107208.8834689053
462,10030070.861862406,0.13660841777712443,29028.550684900838,22440.81132842695,0.6467803293753657,10020683.314075772,ok,58057.10136978013
463,10017886.26929553,0.038942765211076584,127047.43217553508,926793.704412427,0.06854137634441594,10013532.266364364,ok,254094.86435093894
464,10013694.171062203,0.13083922795211403,34145.77804265469,74422.26495032855,0.2294056628446105,10009777.553639593,ok,68291.55608528267
465,10009166.9665914,0.08780624334895787,49647.49869789898,227929.88049596635,0.10890958787384084,10006463.422280323,ok,99294.99739579795
466,10007059.992432106,0.13244694079032515,34361.98749674417,125862.15809370193,0.13650642900609705,10004714.676328741,ok,68723.97499348834
467,10004990.430102397,0.09586499839819955,44468.19400378857,264599.80306131416,0.08402915174030613,10003122.117791617,ok,88936.38800757713
468,10004130.68702063,0.12067457343118612,39612.8962594751,302345.03935871756,0.06550941987256544,10002833.178093916,ok,79225.79251895018
469,10002876.868907023,0.14314957431243283,26391.70945851534,3841.1150626712692,1.0,9980326.274511179,ok,52783.4189170303
470,9980510.055274844,0.07557500040767069,92448.83281982361,897692.5941807998,0.051492478282161226,9978129.845516752,ok,184897.66563964158
471,9978454.463203741,0.14185777273146,36617.89099194926,47672.32253662114,0.3840581813883723,9971422.76289342,ok,73235.78198389852
472,9971361.072552867,0.07983726435611359,72090.2240007407,437452.29622011894,0.08239781185702824,9968391.034195896,ok,144180.4480014814
473,9967975.312114382,0.13020936773745498,38207.57306920952,93609.72462469968,0.20407908057838758,9964076.628922833,ok,76415.14613838778
474,9964467.900928393,0.06688064524203104,88914.16884513653,1392032.598766418,0.031936812731228385,9963048.083348613,ok,177828.33769019958
475,9963146.11722089,0.13463983610196778,38701.7190998769,196081.01915930456,0.09868808124776722,9961236.418021413,ok,77403.43819975277
476,9962176.478031747,0.08414951239638131,39658.915513468164,149058.94434728,0.13303098209615039,9959538.545791933,ok,79317.83102693633
477,9960343.306678772,0.09414925416844488,53974.41839396366,782053.7720563893,0.03450812483906278,9959412.028694743,ok,107948.83678792731
478,9959337.776860967,0.13472667203389163,29302.967800922997,25674.241437469056,0.5706686188234985,9950976.634779777,ok,58605.935601845995
479,9951802.422789622,0.032286272780116004,176634.6252285069,1983873.890886054,0.04451760417836259,9947870.747624563,ok,353269.2504568187
480,9947642.861167517,0.11459502553911939,49566.93244418886,232975.87791396596,0.10637782093151525,9945006.45003568,ok,99133.86488837772
481,9946279.623098334,0.09580484903417164,53941.90604175419,457561.5754515892,0.05894496930660793,9944689.821100349,ok,107883.81208346097
482,9944816.343631584,0.1398476597051717,29177.726524533857,20014.42073847782,0.7289175866189207,9934182.264630938,ok,58355.45304904533
483,9935419.013365595,0.04088088578134241,126038.67358267898,692810.2388344891,0.09096190162743059,9929686.654651754,ok,252077.34716535793
484,9929920.235812,0.08122925153599912,67649.33771086196,728353.6791521794,0.04643989564905292,9928349.42171999,ok,135298.67542172392
485,9928602.422963107,0.14858949263336904,33241.12402644292,68225.95315108741,0.24361055061282874,9924553.47869957,ok,66482.24805288583
486,9926458.723302098,0.061359214362569345,87903.11935148606,837016.4193009371,0.052509793908763085,9924150.835961556,ok,175806.23870286703
487,9923593.870260064,0.14457872656173526,27414.39218191742,10402.555964853373,1.0,9906582.034043,ok,54828.784363815335
488,9905510.73833051,0.035385995203472645,163752.6485392619,1876523.2393782968,0.04363192661379299,9901938.31655857,ok,327505.2970783537
489,9901684.819315122,0.10449664263286271,53821.31579688465,204424.25478493015,0.1316412180479972,9898142.2675309,ok,107642.6315937693
490,9897514.389216203,0.12597417964950142,37557.14066232916,99484.77438545629,0.18875823408320286,9893969.779441886,ok,75114.28132465832
491,9893549.98253593,0.10447150889995613,51506.05913741434,577047.7761386614,0.04462893825019933,9892400.652169552,ok,103012.11827478232
492,9892507.991931187,0.1557679310243082,28266.733187855883,19112.74152158593,0.7394735380042533,9882056.741332065,ok,56533.46637569039
493,9881472.249223348,0.049377337982338954,122003.87620711923,755389.5557150574,0.0807556017183938,9876546.001005808,ok,244007.75241423846
494,9876392.02713511,0.12510750117029124,43154.656450040464,99476.52042087568,0.21690875528947548,9871711.715727348,ok,86309.3129000809
495,9871462.746049926,0.0908804038982994,74363.38464899907,1223101.3575140852,0.030399518483137117,9870332.440506872,ok,148726.7692979981
496,9870499.486998424,0.14030096338561618,33925.85461803293,130415.51380283276,0.1300683240389765,9868293.147472546,ok,67851.70923603681
497,9868947.617567651,0.05306902303035313,96543.2491156009,1613512.9144243205,0.029917098354941347,9867503.470628003,ok,193086.49823120178
498,9866816.311582858,0.15463065600159853,28279.51068679204,49197.432481411495,0.28740839979278415,9862752.42712615,ok,56559.02137358289
499,9863581.177861143,0.040808014402204565,84252.68473391763,820340.2176207368,0.05135228221424937,9861417.894039262,ok,168505.36946783526
500,9861441.702148927,0.15716687447207783,31520.04312954006,43555.13713056304,0.36184070589714845,9855739.084820976,ok,63040.08625907952
501,9857869.318628933,0.0646849946940111,84787.41387360156,301344.34964319476,0.14068193741477758,9851905.28980287,ok,169574.8277472031
502,9852028.132474042,0.08775462786778288,63302.676395052615,890410.2372450773,0.035546916324160106,9850903.025003586,ok,126605.35279004677
503,9850249.912506528,0.13304531952921708,27771.53587468604,32347.110080926843,0.42927383319880025,9844289.115677156,ok,55543.07174937207
504,9844029.85334197,0.041526637417497195,138139.25649701557,1923676.8933380481,0.035905004882943285,9841549.908002444,ok,276278.51299403113
505,9841771.628777055,0.10546952416367474,55692.81237873295,521349.2955433355,0.053412187236861496,9840284.291315794,ok,111385.6247574659
506,9840718.41271865,0.162536239522988,24997.326110299437,11560.39920575133,1.0,9827281.485814102,ok,49994.65222058121
507,9827177.436272033,0.03737835585631576,193341.9314044235,1862696.0286834456,0.05189841187911848,9822160.366677267,ok,386683.862808847
508,9822312.537880851,0.07445509092557463,86935.38702671538,888930.6923370248,0.0488988555441593,9820187.017414903,ok,173870.77405343065
509,9820177.111924216,0.11733935267356845,37751.786210759434,102305.26063232968,0.1845055961806006,9816694.404013366,ok,75503.57242151887
510,9815502.69793927,0.1460696051357066,30445.85798964101,77814.2083656919,0.19563174019941912,9812524.60984908,ok,60891.71597928201
511,9813045.185083743,0.051705618728171844,77286.36364031036,561492.6353172914,0.0688222416280108,9810385.67468724,ok,154572.72728062072
512,9810016.049437206,0.14760093170076027,26658.30586788716,6972.021277375575,1.0,9790329.764846694,ok,53316.61173577432
513,9790387.760097906,0.05815450464095909,127198.50521113872,2420908.650224917,0.026270818851285696,9788716.955653628,ok,254397.01042214385
514,9789154.502530523,0.09075513573432042,82569.05984256888,903618.0538852256,0.04568803129129186,9787268.293635633,ok,165138.11968513776
515,9787532.042292252,0.12838274345109693,44172.79897534147,156403.3671390008,0.14121434782182044,9784413.125792868,ok,88345.59795068295
516,9783737.945915403,0.12434664289267404,45920.69929364984,311013.7550149384,0.07382422570256451,9782042.915880864,ok,91841.39858725667
517,9781151.77891563,0.1424684654408789,29484.137831543598,156528.26056572833,0.09418151624818832,9779763.348512508,ok,58968.275663087195
518,9780332.446503896,0.07724026303719655,58214.85687695745,1132127.0817103044,0.02571038968037593,9779584.083176149,ok,116429.7137539149
519,9779698.451663941,0.1763172716582566,23873.303692658934,17570.74895126151,0.679347925318372,9771589.311996888,ok,47746.607385317635
520,9771040.481891822,0.038810151645823465,175164.12367213756,3157014.451919818,0.027742052869859084,9768610.775701916,ok,350328.2473442751
521,9768564.05061682,0.08918330305809487,61694.662959097506,558639.9597702952,0.05521862684551377,9766860.703330671,ok,123389.32591819501
522,9766975.287760586,0.12517822144334032,41974.90312808954,221606.1662208803,0.09470608116168602,9764987.648469383,ok,83949.80625617909
523,9765752.067377863,0.156545528531901,30939.419614807695,99635.81330516566,0.15526254359989064,9763350.200884415,ok,61878.83922961539
524,9762571.217447536,0.08644343659583129,41462.192141380954,427526.58271410543,0.048490776735054454,9761565.9504965,ok,82924.38428276191
525,9761198.530349143,0.1575527859841,24748.253057536727,21821.075858752658,0.5670722474393936,9754181.506608374,ok,49496.506115073455
526,9751896.362297133,0.037816545486042026,158892.96460184306,2539878.900855054,0.031279633951908394,9749411.305411993,ok,317785.9292036861
527,9749478.872586947,0.15295369630342392,30608.23683681029,57578.21536472888,0.2657970262096749,9745411.083422575,ok,61216.47367362058
528,9745957.54868236,0.07497295815319648,67754.48083468256,802382.7622085887,0.04222079786970112,9744527.224562317,ok,135508.961669308
529,9745004.508215252,0.08386385066453401,60235.32145360266,1064600.0975265412,0.02829011644539181,9744152.476086227,ok,120470.6429072053
530,9743988.26597038,0.15607233684817862,29326.651126196382,106842.66711259456,0.13724222690589952,9741975.838516252,ok,58653.30225236708
531,9742073.50054117,0.09180954399539232,46964.983267647694,383321.8125031367,0.061260514971690244,9740634.951010862,ok,93929.96653525443
532,9740561.97629895,0.17771606614317345,22456.285267654508,7619.022442549601,1.0,9725724.713473845,ok,44912.570535308776
533,9724419.975598648,0.04230028227042904,157353.2760020083,2476061.2876780415,0.03177491542415906,9721920.03208031,ok,314706.5520040166
534,9721893.111595958,0.13153374352651187,40027.92005634209,360174.8990172661,0.055567337098667756,9720780.989132395,ok,80055.84011268418
535,9720818.195016596,0.13996903034547448,36919.28374284717,205127.91921401655,0.08999087955532785,9719156.995608311,ok,73838.56748569408
536,9721184.668846026,0.04203430380204827,105641.22606897145,1319288.1423308123,0.04003720744519579,9719069.87900458,ok,211282.4521378369
537,9719220.448465124,0.13848351390375524,34527.6906576676,156456.84308601197,0.11034253912015225,9717315.511936564,ok,69055.38131530775
538,9716591.436454404,0.054810071134350595,57803.29018850965,599355.5011917991,0.048221206006760324,9715197.764272379,ok,115606.5803770193
539,9715256.275802022,0.17767129638427784,26445.60958283572,58387.21205741322,0.22646748021494215,9712261.740519537,ok,52891.21916567144
540,9712296.773143496,0.05433719942665188,71201.87038289165,801120.4405184082,0.04443893001707498,9710714.70567598,ok,142403.7407657833
541,9710467.495977145,0.15948030119356407,27998.037842615602,78783.43375068333,0.17768988040821945,9707980.011979185,ok,55996.075685230535
542,9707713.676513059,0.07894067084278635,70347.26836496596,1296460.4557750255,0.027130510634399675,9706759.39785682,ok,140694.53672984996
543,9707166.034826972,0.09406186049336142,47214.0476783984,714070.918984189,0.03305977489292195,9706385.591932956,ok,94428.09535675589
544,9706400.66003136,0.17743601978202822,24241.29319002713,31723.72191215281,0.38206887037332005,9701769.738278609,ok,48482.58638005426
545,9702635.256166201,0.042948303283379376,120723.55585047908,1098131.2772242392,0.054967724876953505,9699317.306564122,ok,241447.11170087714
546,9698748.319282563,0.11633738312198252,47038.15992468406,313048.1068887976,0.07512928347046861,9696981.347657107,ok,94076.31984936811
547,9697957.790302131,0.13283108357011592,42288.715547993794,453546.43640311604,0.0466200505105581,9696972.039274694,ok,84577.43109598759
548,9696483.872821037,0.16288309826823463,26479.683120110574,37154.74885810787,0.35634318537900983,9691765.945505613,ok,52959.36624020141
549,9692282.078937933,0.0356947958463484,170853.43676326622,2509813.118062547,0.034037083385546396,9689374.402601022,ok,341706.8735263668
550,9689308.406288896,0.09418237376372923,51767.395232625844,551288.7043689912,0.04695125695698695,9688093.134151114,ok,103534.79046519521
551,9687891.712018846,0.11436348869191393,37142.536221853865,518736.25620214146,0.03580098342632536,9687226.842357,ok,74285.07244370773
552,9687656.245021828,0.0787738038105744,50038.81485802125,736360.8372536508,0.03397710220755848,9686806.158058438,ok,100077.6297160425
553,9686657.334588576,0.17083604992518953,22219.951130621655,5187.926695632828,1.0,9669625.310153589,ok,44439.90226124331
554,9669590.954195147,0.09001669974967291,76604.39069457295,655206.959305594,0.058458163185385235,9667351.878209177,ok,153208.78138905633
555,9667920.019413043,0.1460048973612775,36736.27923680931,91297.09661533142,0.20119084066601206,9664224.517961744,ok,73472.55847361762
556,9664064.416329827,0.15779520903411992,30623.54791516165,56893.36333606728,0.26913110879268404,9659943.54162704,ok,61247.0958303233
557,9659327.270814536,0.08386498719373724,51065.5387926589,565230.7720460428,0.04517229184799158,9658173.897103677,ok,102131.07758531606
558,9657742.930793216,0.15015090816430823,25328.562149040896,16266.273347662824,0.7785606945022894,9647883.019324467,ok,50657.12429808179
559,9647333.501119997,0.06553251749368816,91460.30731097294,579245.2337079243,0.07894782899248717,9643723.204769403,ok,182920.6146219459
560,9643745.487801792,0.13227441931401057,37086.566706162455,117323.23680830456,0.15805294720413535,9640814.667216998,ok,74173.13341229415
561,9639909.838346103,0.11474816329524619,38996.714320680905,218675.28490378903,0.08916580201973524,9638171.251691833,ok,77993.4286413618
562,9637539.48774867,0.16211544538185746,25220.736420305748,33812.00627155838,0.3729553374879245,9632836.383617006,ok,50441.472840611495
563,9633339.677164152,0.04752608323917442,61731.315350730816,362661.33195469994,0.08510876389551461,9630712.73919258,ok,123462.63070146163
564,9631087.26826562,0.16459102750754784,22777.21747828723,8313.933689695343,0.9999999999999998,9616623.984477028,ok,45554.43495657446
565,9616270.837230941,0.06609744853658962,117391.49680876176,1606077.8073039986,0.0365460179684003,9614125.741355086,ok,234782.99361737177
566,9613541.407246595,0.12416841844691301,46739.46729120656,128297.43664266591,0.18215277138149435,9609284.545496602,ok,93478.93458237044
567,9609676.212133037,0.17373190161815522,26825.396401013346,15380.852147697522,0.8720386927660911,9597979.8203278,ok,53650.792802026685
568,9598921.779925423,0.050462486133214995,126810.73520605419,836865.7405725854,0.07576528053310559,9594117.854461674,ok,253621.47041210835
569,9593156.916407935,0.12160591474230709,49592.860499267634,203916.5339610855,0.1216008813408228,9590141.648635475,ok,99185.72099853527
570,9589857.565042464,0.1510212450039407,35476.618627659285,176534.59134797353,0.10048064335938013,9588075.208310502,ok,70953.23725531856
571,9587236.054809147,0.10491498661211635,37771.08939406493,397409.2698937274,0.047521651173569046,9586338.582541833,ok,75542.1787881286
572,9586474.581913052,0.10143335132483461,45267.465527522174,778940.8706546584,0.02905706147469016,9585816.912148733,ok,90534.93105504435
573,9585812.873609936,0.17528558038613348,21985.566063893257,6695.511618713228,1.0,9570522.819164755,ok,43971.13212777016
574,9570163.259172585,0.12433477054658996,47918.94029122476,142732.79106036923,0.16786240896444501,9566141.364796432,ok,95837.88058244952
575,9565594.768623237,0.1298332084167688,37729.09982689309,241804.47098446463,0.0780157200429042,9564123.037178455,ok,75458.19965378617
576,9564027.484578937,0.17415013207815938,22973.495210189154,11428.239526910162,1.0,9552482.228895659,ok,45946.99042036063
577,9553299.565073065,0.0624708582182095,87454.81960775807,469464.71025893756,0.09314312417595942,9549226.65751181,ok,174909.6392155139
578,9548909.57527687,0.12957199456505916,47134.027732079834,127995.37044555531,0.18412395529621509,9544570.323469335,ok,94268.05546415967
579,9544158.078561135,0.15663179685280776,31434.664113756447,96819.01165120365,0.16233724956314224,9541606.57010455,ok,62869.328227512895
580,9542639.005104637,0.06385997225222356,60444.86811566321,437617.34283821046,0.0690613261847006,9540551.803728072,ok,120889.73623132642
581,9540375.557419397,0.13701997528254237,32913.63404209524,176905.52588775996,0.09302602017920494,9538844.645227112,ok,65827.26808418903
582,9539046.927552465,0.15961854448908291,31338.568664289374,136215.73343844985,0.11503285220150414,9537244.445083782,ok,62677.13732857867
583,9537980.072818369,0.10674663420451867,40471.2980206455,470372.83086404117,0.0430204460856111,9537109.526171112,ok,80942.59604124953
584,9536583.030033778,0.14469425718678244,34301.796841337666,357974.4650052582,0.04791095482303998,9535761.314114371,ok,68603.59368267533
585,9536041.167396251,0.15057472194222232,28415.540085281937,204745.80885705806,0.06939223870785081,9535055.258425947,ok,56831.080170563786
586,9534815.630929343,0.11787417270810172,33015.87132658587,365626.58242570935,0.045149714098391996,9534070.30235379,ok,66031.74265317174
587,9534262.662289854,0.1801378775205891,21544.15240773074,15345.216274987004,0.7019826902944379,9526700.851256208,ok,43088.30481546148
588,9525336.845848696,0.04088270298268727,122120.44006516271,1902958.0898523119,0.03208700199872516,9523377.60644647,ok,244240.8801301891
589,9523285.548551485,0.15879952332496008,26641.85554275476,75566.89377457628,0.176279943583695,9520937.336155463,ok,53283.71108550952
590,9519906.914940592,0.1337393744479075,27560.7570138385,145504.25077788893,0.09470773831862059,9518601.806459028,ok,55121.514027676996
591,9518220.154069364,0.14622774344169662,26857.94006410405,129377.18472332701,0.10379704938525185,9516826.266603753,ok,53715.880128207726
592,9516816.714154446,0.09800357754813031,33383.33473672437,247067.14039818253,0.06755923649523476,9515689.037851209,ok,66766.66947344874
593,9515947.28391229,0.17008807456807304,23412.26745340677,61991.449559218774,0.18883465074519395,9513736.760238431,ok,46824.53490679725
594,9512437.917118689,0.16119731736550386,25492.938775459075,90012.19631410125,0.14160824765624216,9510632.911924887,ok,50985.87755089964
595,9510921.035136871,0.09878188203022963,34788.97231378552,244401.79437746998,0.07117167941094404,9509683.040344596,ok,69577.94462757104
596,9509872.6474034,0.1846766112446329,19363.032041193037,3025.4480353277017,0.9999999999999998,9493535.063397534,ok,38726.06408238607
597,9493968.373013552,0.0682149193272102,75035.6740814758,955169.230488465,0.03927873286030331,9492494.719914932,ok,150071.34816295153
598,9492537.408501768,0.14877983726892136,39193.96680757437,184133.3615377038,0.10642820638330895,9490451.736707581,ok,78387.93361511128
599,9489740.21104005,0.16963641548442335,27764.18865459824,180139.60622695848,0.07706297697691769,9488670.415524513,ok,55528.37730919648
600,9488786.17148844,0.10343725868650741,35439.62238336274,473203.41017738805,0.037446499350118394,9488122.626590166,ok,70879.24476669412
601,9487942.943670265,0.12358863088209202,34740.425845514226,440919.81146298855,0.03939540132053058,9487258.63716115,ok,69480.85169102845
602,9487240.842050042,0.142657228036171,24885.81682390276,170556.17187170614,0.07295489969903314,9486333.070914885,ok,49771.63364780552
603,9486092.486747937,0.18510960226754225,20604.337399253207,40940.71945399106,0.25163623983706784,9483500.087754197,ok,41208.674798506414
604,9483916.250152653,0.05021332326465793,56153.31354768094,516187.5277949863,0.05439235793583848,9482389.094587767,ok,112306.62709536188
605,9482137.182152305,0.1725942363636575,24522.363818952435,116883.25982134447,0.10490109471807492,9480850.970747463,ok,49044.727637884986
606,9482542.255106075,0.03979833736675794,71437.48669768228,645512.577865515,0.05533392310797501,9480565.796908095,ok,142874.9733952758
607,9480530.01445003,0.19717806884353684,18534.812345308426,7654.554977702816,1.0,9469649.757082423,ok,37069.62469061685
608,9469124.142179612,0.0324968688902099,174016.78481554816,2220300.363280648,0.03918766750963962,9465714.486227388,ok,348033.56963109627
609,9465284.13998482,0.14358012097462605,35856.73926823484,212769.25001079522,0.08426203332111099,9463773.459105317,ok,71713.47853646969
610,9462944.217802783,0.13063613002752059,33532.476510986875,512558.5492415286,0.03271087426071363,9462395.779491382,ok,67064.95302194252
611,9462265.20313199,0.1394022609015013,31707.765962965546,333292.5548219533,0.04756746813607044,9461511.074058436,ok,63415.531925905554
612,9460744.970412014,0.18428658184590097,24066.53579046067,46804.45244210361,0.2570966493009464,9457651.25755601,ok,48133.071580921336
613,9457290.60626945,0.050294774659571405,82680.63856554122,1166973.5776964258,0.03542524018785008,9455826.115529416,ok,165361.2771310824
614,9455703.807170987,0.14181575501995156,28177.65556628751,262828.35009684076,0.05360467308017814,9454948.580163589,ok,56355.31113257501
615,9455627.880729463,0.08835083767615667,42902.26367991867,702068.6868269243,0.030554178305416322,9454972.459022373,ok,85804.52735979766
616,9455029.60288908,0.18082532940651902,19430.136118875438,7639.399626408558,1.0,9443238.866396612,ok,38860.272237750876
617,9441599.424685791,0.03397465631709293,108166.31496916004,966207.7908333477,0.055974665074821704,9438572.138059402,ok,216332.62993831953
618,9438543.517479839,0.16316697955828266,31259.115907733172,96256.2175325025,0.16237452867487762,9436005.675373683,ok,62518.23181546634
619,9435497.988534506,0.09872373304368907,60194.727452054256,1224796.8415256406,0.024573351845467713,9434758.395426046,ok,120389.45490410851
620,9434386.695731144,0.19170549777503362,26026.299743656826,56640.8304564261,0.22974857125090098,9431396.943140617,ok,52052.59948731365
621,9431612.87758581,0.11051628437917244,44988.69377559832,434810.6483982054,0.05173366147003497,9430449.162658928,ok,89977.38755119663
622,9430657.768571423,0.09867738139671665,51563.90496111083,1140173.9173422758,0.022612298078746325,9430074.779376881,ok,103127.80992217292
623,9429948.76912759,0.19965223642118812,21329.90393238867,40998.21491866556,0.2601321054429329,9427174.472718176,ok,42659.80786475963
624,9427024.565155348,0.0667441487157355,64702.79029210073,730691.9951064575,0.04427500966578532,9425592.206822554,ok,129405.5805841361
625,9425461.735598862,0.20333109431652166,19886.23668711587,12243.392658101235,0.8121211678185254,9417386.718717935,ok,39772.47337423174
626,9416509.062430635,0.043854769997233735,114855.21533419512,1285263.217257799,0.04468159276325005,9413943.105451485,ok,229710.4306683137
627,9414615.525747608,0.087190188083832,75200.44307251685,1181208.418918478,0.031831995890010185,9413418.635650203,ok,150400.88614503268
628,9413460.745195732,0.13207987435027074,43852.373835011735,413050.12456961523,0.05308359836557909,9412296.824295713,ok,87704.74767002347
629,9413916.597451461,0.049461976401259315,106573.84326313718,1840090.0220994374,0.028958866681300332,9412373.468592076,ok,213147.68652616296
630,9412402.351258766,0.15065743126577433,32050.93328055725,296839.08162952,0.053987051005230324,9411537.183573876,ok,64101.866561086965
631,9411773.17472849,0.10492761996475138,38022.13781492668,655109.21577587,0.029019693891724346,9411221.479328241,ok,76044.27562985335
632,9411222.461011887,0.1964094116157181,20862.12180629182,10822.664138502576,0.963816373644683,9401168.83371895,ok,41724.24361258364
633,9400898.773383584,0.03880380189982693,169626.5666515752,2813576.2659663376,0.030144298681968742,9398342.136438813,ok,339253.13330315036
634,9398492.046778308,0.09387877751301772,68976.00929696593,761310.2194527566,0.04530085603379075,9396929.710644836,ok,137952.01859384897
635,9397447.002783712,0.13116145287190403,44213.72530915172,148200.11196814798,0.14916900102833386,9394149.344165659,ok,88427.45061830344
636,9393165.349775776,0.17148357323940125,28589.840668742174,160217.74288356025,0.08922183072295592,9391889.930813506,ok,57179.68133748433
637,9391225.690063294,0.08331893146835159,51114.48041894781,748842.682824667,0.034128984358999,9390353.447411925,ok,102228.96083789562
638,9390362.398897871,0.13603676812934606,33240.52797610579,383491.9439372065,0.04333927804953921,9389642.088655638,ok,66481.05595221158
639,9389754.63019111,0.17624336668375512,28100.290592793368,195676.5883662176,0.07180289381426255,9388745.78910032,ok,56200.58118555992
640,9388866.044450277,0.12387263293692867,33534.75078221441,374693.9910476393,0.04474951771771373,9388115.712488133,ok,67069.50156442854
641,9387996.901835658,0.21709844324381236,16249.896964056343,4189.624817867515,1.0,9375936.629689468,ok,32499.793928102416
642,9374338.93767419,0.09596220385732247,54121.43043510006,546081.9932948352,0.049554307869184175,9372997.96266114,ok,108242.86087020012
643,9372975.142816158,0.18289796206838815,29211.683980020818,66633.28274376267,0.21919739488412968,9369773.580301858,ok,58423.36796004163
644,9369916.773922257,0.11511514969303056,49748.5779771484,424908.89296955697,0.05854028804795183,9368460.625879878,ok,99497.15595429679
645,9368791.478386782,0.16399553990356566,25335.01642355096,220743.02434813324,0.05738576903702101,9368064.543686267,ok,50670.03284710191
646,9368188.232970897,0.14467137387399384,30641.875872570192,535815.6144040676,0.028593675742960557,9367750.15103947,ok,61283.751745111345
647,9367656.197176598,0.18982747142834158,19312.723808603554,29354.589929919253,0.3289557758209276,9364479.68115476,ok,38625.44761719251
648,9364254.192390854,0.044493441193936195,116535.21783929056,1964377.1697675334,0.029662128951814654,9362525.851061366,ok,233070.43567858113
649,9362939.76321556,0.13422870756211933,27911.18524271805,247859.76615869446,0.056304388718029494,9362154.002103817,ok,55822.3704854361
650,9362459.53877537,0.16413926965985573,25587.46198443543,243067.0867409447,0.0526345675334192,9361786.146277456,ok,51174.92396884834
651,9362063.512857564,0.10304746679347207,31869.859252236365,357108.00149831973,0.044622157888537704,9361352.461911844,ok,63739.718504444914
652,9361303.676653275,0.19346244438448604,18909.15712344824,9360.710482321,1.0,9351755.230012149,ok,37818.31424689644
653,9351881.6590248,0.04154544955275915,114346.18940387155,878965.3648683848,0.06504590167838617,9348162.783528168,ok,228692.37880766817
654,9348422.706435652,0.14506608337242174,35412.47957167162,144786.222833665,0.1222922971488613,9346257.369698374,ok,70824.95914331028
655,9347412.085031327,0.07005733028850243,62163.99630018323,705812.1598795289,0.04403720978028605,9346043.3205584,ok,124327.99260036643
656,9346087.563609354,0.19500005741674462,23354.965501758255,17684.916006122123,0.6603075042503253,9338376.834118195,ok,46709.93100351651
657,9339707.123279167,0.0798139888831889,84501.18497697561,578737.1910832385,0.07300479931038507,9336622.6272538,ok,169002.3699539469
658,9336222.701992914,0.1644584880268952,28024.83126546823,81751.96816305497,0.1714015692537975,9333820.951964427,ok,56049.66253093646
659,9333031.455865372,0.17030792524477337,27502.290937643887,170793.52967500946,0.08051326941358958,9331924.306185495,ok,55004.58187528777
660,9332484.561731834,0.14887594852839273,24211.99992523507,123244.60143730933,0.09822742595971215,9331295.420516837,ok,48423.9998504519
661,9331746.394548682,0.1619711659072757,22834.78266311835,106859.71700098639,0.10684467123802867,9330526.507125465,ok,45669.565326236625
662,9330582.699204948,0.17458051471312658,20653.46567717541,113976.83974356737,0.09060378285467005,9329647.058145242,ok,41306.93135435075
663,9328900.920441985,0.18807315576109201,17630.171179643366,28598.093601830697,0.3082403223289467,9326183.755618421,ok,35260.34235928672
664,9326878.333358496,0.07447746203795065,54678.80321753338,460094.4285974602,0.05942128378321686,9325253.791017039,ok,109357.60643506676
665,9324941.924727814,0.15901502034498738,28994.328191853732,472625.3052153912,0.030673694226592507,9324497.243149182,ok,57988.656383707465
666,9324654.990913484,0.19187802562821707,16386.308756104845,3085.8698221086606,1.0,9311354.551979488,ok,32772.61751220966
667,9311085.637363348,0.12156758657437078,50478.89139215516,350742.67790885526,0.07196000739504063,9309269.40666441,ok,100957.78278425457
668,9310321.225596767,0.13720797064132348,36104.82389895761,196513.32116233435,0.09186355328332269,9308662.866889752,ok,72209.64779791523
669,9307996.60533623,0.18149209141338785,23298.528931102403,60074.204610829525,0.19391458515376161,9305737.643050047,ok,46597.057862204805
670,9306616.708659906,0.056311795957935326,56475.650623546906,383093.22187898314,0.07371006245757492,9304535.296792509,ok,112951.30124709381
671,9304868.202364076,0.19148714104999937,21582.543941352815,73060.00483274799,0.14770423291622053,9303274.285815457,ok,43165.08788270563
672,9303065.59615693,0.14327500671364982,29033.545483696034,282806.3116802663,0.051331148359447916,9302320.433541618,ok,58067.090967368116
673,9302541.768663405,0.18886361786404687,17701.880776857095,23992.79457542482,0.36889993621227973,9299276.657318695,ok,35403.76155371419
674,9298678.304934125,0.07904824079975509,44916.17458532183,451457.3781744175,0.04974575315055409,9297561.110467432,ok,89832.34917064366
675,9297385.340177543,0.18472866145141492,18004.356258489122,8307.84188233835,1.0,9287688.825801393,ok,36008.712516978245
676,9286439.960365796,0.0466030181269166,117012.09356772789,1677551.7452885823,0.034875852234173194,9284399.512123356,ok,234024.18713545578
677,9284685.435901102,0.13210374578968404,42234.075811178176,208478.00300389042,0.1012914437078286,9282546.460644811,ok,84468.15162235635
678,9282722.354188297,0.11737601197796439,38214.812251288175,465116.06855692476,0.04108094176347633,9281937.403949998,ok,76429.6245025428
679,9282886.410447098,0.07256300337720595,62271.75038122805,1110757.438676814,0.02803121015125006,9282013.634186387,ok,124543.50076245434
680,9281898.644227799,0.1755209276733839,28029.77677775406,92467.87493165463,0.15156494511456864,9279774.478438353,ok,56059.55355550812
681,9280576.465201398,0.08815214999712948,45819.83732839262,398211.11446219985,0.05753209248098732,9279258.409642078,ok,91639.67465674042
682,9279219.189860862,0.18922342999076922,23013.45211000785,69925.51912577683,0.16455689137332652,9277325.678791365,ok,46026.90422001568
683,9276709.798475975,0.07211562520811828,53334.67179608169,689759.3093051829,0.038661799178765305,9275678.791290851,ok,106669.34359216323
684,9275981.450713113,0.15448075628357197,31122.291713529637,412553.32909791835,0.03771911352840259,9275394.498085909,ok,62244.583427059275
685,9275300.715413455,0.22422458031099263,16927.269917254707,50329.392519905916,0.16816485427039235,9273877.42947404,ok,33854.539834509415
686,9273549.452216543,0.07069580674246179,40087.79226373155,501455.283664647,0.039971452659516335,9272748.268571196,ok,80175.58452746308
687,9272424.931424625,0.1816169978494641,19396.794934223,74122.20103366047,0.13084335505238504,9271155.960561397,ok,38793.589868446
688,9271647.112730281,0.07859520397561263,44271.89777430675,817293.4537636181,0.02708445636658146,9271047.572588515,ok,88543.79554856001
689,9271145.816837683,0.14135952589288328,25172.483891126536,385128.7494109718,0.0326806086660969,9270734.490790084,ok,50344.967782230306
690,9270103.717754843,0.19874561689094375,15451.91609235479,2393.833993121686,1.0,9257045.63565561,ok,30903.832184709507
691,9256607.969080003,0.13497849031032969,39302.5242164331,282090.88877570326,0.06966287423711053,9255239.005679157,ok,78605.04843282628
692,9255257.56013632,0.2070404637700461,22353.59738122314,41074.377054715,0.2721112160927725,9252216.227852594,ok,44707.19476242602
693,9252764.856610024,0.0489666117122027,73543.1432398175,803956.2689120166,0.045738273388515556,9251082.988414347,ok,147086.28647957422
694,9251011.750404797,0.13423433944375496,29002.58150764703,366394.86142918735,0.03957831367301029,9250437.813770678,ok,58005.1630152925
695,9250150.045984726,0.19562992329973722,15905.38666984894,3378.6333062875055,1.0,9237623.292621166,ok,31810.77333969785
696,9238275.579422856,0.08892809392250207,65146.372357438006,709541.8478172863,0.045907350326018975,9236780.230753714,ok,130292.74471487601
697,9237307.448627174,0.1556595195847355,30089.175856965005,107506.7010246089,0.13994093191492044,9235202.094972186,ok,60178.35171393
698,9234725.370093694,0.152432505739396,29522.814447938013,205171.48209295393,0.07194668125115594,9233663.335833332,ok,59045.62889585378
699,9233480.106463727,0.21766361064630574,18585.16753663285,27509.033942781807,0.337801166978266,9230341.060822546,ok,37170.3350732657
700,9231019.090655062,0.10283266959512236,44607.465703082984,504681.1438556126,0.04419371146135491,9230033.40592091,ok,89214.93140616597
701,9230004.153766073,0.2040533923801938,18636.93252984968,15908.978525696362,0.5857363029231291,9224545.989787143,ok,37273.8650596993
702,9224850.349508025,0.09023924333069484,74166.68405131222,960460.0338693697,0.03860997929946114,9223418.562440058,ok,148333.36810253948
703,9223529.040970474,0.1460712013272542,34175.843148203916,269132.3802390353,0.06349262604122544,9222444.083956148,ok,68351.68629640783
704,9222723.905468011,0.2076360088779381,21981.739781332326,36791.82538868929,0.29873130171043444,9219440.588598642,ok,43963.479562664645
705,9218338.603367634,0.1141775096866534,38769.047699114424,430273.2390313534,0.04505166041280269,9217465.2983819,ok,77538.09539819266
706,9217606.854130711,0.18783743341047934,22550.352232527217,108027.7620802134,0.10437294913034946,9216430.030747492,ok,45100.704465054434
707,9216207.053714395,0.19249813597739523,19959.42943774755,54671.34025921823,0.18254015123016995,9214385.355080377,ok,39918.85887549509
708,9213819.31667114,0.1480675823105995,32672.35273863324,369435.98635281576,0.044219234110332115,9213096.943463797,ok,65344.70547726648
709,9213285.9356872,0.2277120563428608,18827.79425756039,37733.13251127542,0.24948623404025977,9210937.297944898,ok,37655.58851510498
710,9210456.470626228,0.11151512607644921,44318.160854909474,521583.5295672371,0.04248424110677026,9209515.058910644,ok,88636.32170981895
711,9209244.574152749,0.24471702729698003,16275.563943383419,14104.491850755567,0.5769638536290674,9204549.368106369,ok,32551.127886766826
712,9202781.876767892,0.059516418465697225,102253.14433757818,2404604.616416553,0.021261945444062295,9201694.826379698,ok,204506.28867515633
713,9201657.598897237,0.1679819475671344,26930.81265948045,208962.238621363,0.06443942416859046,9200789.895867154,ok,53861.6253189609
714,9200958.304835504,0.12408435993192106,34648.86653023923,606077.5075501448,0.028584517737916964,9200463.094265537,ok,69297.73306047847
715,9200615.877208125,0.21760097684714996,16931.27861659816,11432.85780569247,0.7404657218848643,9194347.361486487,ok,33862.55723319632
716,9193604.836455679,0.047954961461976815,119694.88936801704,1814787.2772196785,0.03297766379302429,9191631.207546018,ok,239389.77873603386
717,9191753.617675953,0.10661287411460313,54881.13431525003,1039174.4415210314,0.026406122072691156,9191029.018709846,ok,109762.26863050004
718,9191241.010498203,0.1807377843799191,29623.044369954943,94570.86926978365,0.15661823032126768,9188921.25610523,ok,59246.088739881874
719,9189311.23357701,0.10951740841125912,39356.03175102004,371416.0303014253,0.052981062393941875,9188268.67139012,ok,78712.06350204008
720,9188662.154740673,0.16354604273981713,29428.008026693693,293105.9759604016,0.05020028665445804,9187923.507521367,ok,58856.01605338728
721,9187666.732851239,0.21731209129235818,21036.007609318855,75264.00102648625,0.13974813537959566,9186196.861431621,ok,42072.01521863771
722,9185537.92683533,0.22497763012976107,18806.634584563137,49598.88748704417,0.18958726230982154,9183755.177653255,ok,37613.269169109764
723,9182648.615332069,0.14674711221060163,25382.70723689486,168925.92774172168,0.07512969612250289,9181695.11779133,ok,50765.414473765646
724,9182008.709627545,0.2027759014823196,22656.40922024895,140176.66344489655,0.0808137697939828,9181093.234708002,ok,45312.8184404979
725,9182094.524949925,0.1017663635776091,27476.369922218557,144595.88189339318,0.09501090059562062,9180789.247624222,ok,54952.73984443711
726,9180772.889638491,0.25074217384279945,14942.509223326753,15332.080939078303,0.4872955368126641,9177132.180611838,ok,29885.018446653507
727,9179547.520248082,0.04533699838110833,116840.05040462781,932432.0774233122,0.06265338421620169,9175887.30796316,ok,233680.10080925561
728,9175462.620627815,0.14821770282836785,32208.35110395037,313672.45217838907,0.05134073916958623,9174635.82035126,ok,64416.70220790074
729,9174015.543825991,0.1959435935699956,19979.334300463684,80130.46923449007,0.12466752342356247,9172770.156762546,ok,39958.66860092737
730,9172814.361140177,0.1825913880388538,21408.181548463865,161494.75978215353,0.0662813504826478,9172104.87954797,ok,42816.36309692773
731,9171724.557250906,0.14769968378299686,24961.293927133258,147130.3174508161,0.08482715989339695,9170665.859415354,ok,49922.587854266516
732,9170532.595428629,0.18159629439861952,23433.639954516526,240952.27801144327,0.048627139257433415,9169962.83999194,ok,46867.27990903305
733,9169648.743515195,0.21896157005006084,15178.275878778764,10670.60121902807,0.7112193384058108,9164251.201850872,ok,30356.551757557525
734,9163107.924942257,0.06919342116905246,67289.84600602915,777839.4060424586,0.04325433083185562,9161652.636311872,ok,134579.69201205552
735,9161749.8743397,0.17380443313746524,31136.141438862585,238567.8642748321,0.06525636118994112,9160733.958693802,ok,62272.28287772517
736,9160400.901252838,0.1707541903732184,30558.919573898245,252720.1224481594,0.06046000468396973,9159477.10504255,ok,61117.839147796476
737,9159678.134049758,0.15621359598141726,26483.466228044992,291863.9931522558,0.04536953315483052,9159077.362800214,ok,52966.93245606552
738,9158904.006084025,0.1904613618633182,21319.44226114194,124462.07674322596,0.08564633830241099,9157991.040001865,ok,42638.88452228387
739,9157820.337717734,0.23160985851847912,14674.016470056613,7659.429634633681,0.9579052990907468,9150792.178649928,ok,29348.032940113226
740,9152252.710395055,0.049489349642289474,138864.46641646454,2858811.4115065,0.024287098102649504,9150566.40293564,ok,277728.9328327752
741,9150383.083723066,0.11656667774259047,53844.44753736924,244387.84658492455,0.11016187647993032,9147417.281033697,ok,107688.89507473848
742,9147187.540379386,0.20217282069851936,22145.634555261688,35908.998779443165,0.30835772797902966,9143773.15160133,ok,44291.26911052337
743,9143954.578487024,0.18313480597253007,25022.944742506923,60588.51046245584,0.2064990915894243,9141370.970807914,ok,50045.889484992724
744,9140969.65545894,0.17411064974388804,19205.998414478403,40598.13277477308,0.23653795263230246,9138698.181687329,ok,38411.996828956806
745,9139691.290345697,0.11105329378642223,37991.8704224831,712488.1471707659,0.026661405227122594,9139184.832019363,ok,75983.74084492463
746,9139071.447528591,0.22166789344431412,16162.288980489135,26261.01177576009,0.3077240343688422,9136584.685143737,ok,32324.577960965547
747,9135964.814480817,0.1590087886599714,24755.769304965906,236194.52103100493,0.05240546901110431,9135316.145630239,ok,49511.538609908486
748,9135142.19500195,0.15845603383275617,21918.97258762776,265714.32126312476,0.04124537300705445,9134690.166901795,ok,43837.9451752555
749,9134035.795065697,0.21396889464195598,13951.401092765482,12805.838610814422,0.5447281320952945,9130235.93473701,ok,27902.802185521192
750,9130697.276758967,0.09644920380977476,59133.515069392204,591513.7807323439,0.049984900602129616,9129219.385322468,ok,118267.0301387251
751,9129618.674988657,0.16943368677268977,28653.085611806167,136585.73559882084,0.10489047588382842,9128115.957095975,ok,57306.17122358915
752,9129056.261378523,0.11981152466315992,41021.87786972742,546904.7047709227,0.03750367981101013,9128287.025692087,ok,82043.75573945482
753,9128216.327142263,0.21214299432643044,19973.589012408014,31326.023648513186,0.3188018568286437,9125032.518509919,ok,39947.17802481603
754,9124203.970171109,0.1502806894164775,38175.50749574098,325459.6524203146,0.058648602387185084,9123084.500091085,ok,76351.01499143946
755,9122955.307416555,0.19668156046856475,18563.638805962048,20045.20961116014,0.4630442675846795,9118657.414149249,ok,37127.277611924095
756,9117944.57507325,0.11915311990464109,47305.71147941849,961472.3621392086,0.02460066110177447,9117362.699185107,ok,94611.42295883698
757,9117606.945988327,0.14721676968125286,27922.45500828584,350597.2632881124,0.03982126777946329,9117050.992209354,ok,55844.91001657167
758,9117353.587357292,0.09451454283014625,51210.64664781539,1433541.8620234015,0.017861580468788364,9116896.235814312,ok,102421.29329562731
759,9116968.613606822,0.2338050544335701,14368.98306695207,16297.908573195156,0.4408229130265355,9113801.52512042,ok,28737.96613389426
760,9114342.572813971,0.12579180502805262,32119.02557879532,92269.92673969164,0.1740492634691706,9111547.426441303,ok,64238.05115759064
761,9111054.838233622,0.1789727181205597,24023.85281116017,352147.9864188291,0.034110450347126606,9110645.10601439,ok,48047.70562232034
762,9110592.25119888,0.2390285229746623,14636.7379188702,7949.330476402953,0.9206270869174682,9103854.762502767,ok,29273.475837729424
763,9104096.960095339,0.08013196810958131,81812.27806692824,573629.3169952399,0.07131110252128826,9101179.898220973,ok,163624.55613385647
764,9101807.4333025,0.15852390658666746,34190.60021029701,160606.1662329787,0.1064423646122634,9099987.769135552,ok,68381.20042059396
765,9099373.09812951,0.2357122782796274,17193.127843843133,21339.055447212293,0.4028558781895199,9095909.921821332,ok,34386.255687686265
766,9095167.282798827,0.1398386329529919,32480.334603305593,144639.5885398769,0.11228023714389515,9093343.83296294,ok,64960.66920661117
767,9093596.228689328,0.18700715579643945,19178.425581505497,26217.402983184642,0.3657575388722938,9090088.901819259,ok,38356.85116299645
768,9089589.226372479,0.17460398324097318,22504.163864683753,56509.44756656377,0.1991185972768145,9087348.727601668,ok,45008.327729367506
769,9086928.665067593,0.18754713134262735,22150.59482481845,62218.3880774658,0.17800682008379554,9084957.186593726,ok,44301.18964963683
770,9084789.120580062,0.13776405687646198,26811.777745787585,244736.8514143034,0.05477674814978967,9084054.789581547,ok,53623.55549157514
771,9084337.241938781,0.21363057399452412,17629.683736257048,75757.24902495636,0.1163564144894529,9083311.578544715,ok,35259.36747250139
772,9083272.33369102,0.17714040364778705,20856.114546881487,159338.24832516065,0.06544603937254455,9082589.858644124,ok,41712.22909376297
773,9081854.974988274,0.24265247525324307,13148.54399638761,3852.683492498865,1.0,9072559.114484385,ok,26297.08799277521
774,9073307.908413934,0.06504947429344,97311.18371362324,1607574.0565749262,0.030266469938235077,9071835.275405673,ok,194622.36742724647
775,9071533.85992943,0.15132987617240493,38790.71182134797,342611.6163838583,0.05661032779736119,9070435.882473579,ok,77581.42364269594
776,9070094.41887246,0.20210601171817,22999.701102042207,135675.65263428533,0.08475986905343312,9069119.693045622,ok,45999.40220408441
777,9069169.768016111,0.08247739484577084,63045.89151400756,1667835.8214718401,0.018900508881734685,9068573.968299853,ok,126091.78302801451
778,9068706.368993707,0.23201803516072433,18286.97734895788,46945.58347555555,0.1947678140850019,9066925.511691468,ok,36573.95469791576
779,9066650.934828915,0.16321305712717307,28274.72306120956,579662.334744501,0.02438896006040505,9066306.139283184,ok,56549.4461224189
780,9065973.246409833,0.2546858920139285,13468.686413307989,16332.286367809596,0.41233315746454,9063196.453411985,ok,26937.372826605846
781,9063081.664160576,0.07985306793626701,58779.14432752796,738532.9649244986,0.03979452991210558,9061912.119952,ok,117558.28865498399
782,9061943.526901096,0.20348385609420766,22173.479901811785,186065.43371576603,0.05958516705387644,9061282.921649039,ok,44346.95980362356
783,9061398.935818966,0.13188445852953357,33688.404006143326,830413.475426343,0.020284114482154413,9061057.266097177,ok,67376.80801228665
784,9060881.257856779,0.21436692339006955,16896.226966085007,59990.286198076996,0.1408246904365212,9059691.554890756,ok,33792.4539321562
785,9059797.562445186,0.19711307102999723,18605.87900066668,151488.38762813798,0.061410248310051846,9059226.266620457,ok,37211.75800133336
786,9059401.03395712,0.1748210771381648,21754.02108249104,211296.66506366056,0.05147743594518369,9058841.113343708,ok,43508.04216496265
787,9058652.379485536,0.23749037458536207,15530.08398583088,51786.34079136435,0.14994382445747742,9057488.059392044,ok,31060.16797166176
788,9057236.14556668,0.15831561726418664,24514.571623123447,323149.66601956903,0.03793067764092771,9056771.218409808,ok,49029.143246246895
789,9056585.241430249,0.24947893920202963,14726.684739634607,60404.27175159718,0.12190102051222239,9055687.642480986,ok,29453.3694792581
790,9055515.553581016,0.1545149151567608,23411.137650459572,275474.8052157473,0.042492339058238654,9055018.156581625,ok,46822.275300919144
791,9054921.707115367,0.24453664649016385,12010.451124359577,3896.663399326128,0.9999999999999998,9046807.919390334,ok,24020.902248711012
792,9045690.326279681,0.08829401265526866,60926.221263462634,776908.7518997529,0.039210667349596384,9044495.847382266,ok,121852.44252692527
793,9044948.870992368,0.18787605364130924,30701.739060295055,245088.9030870189,0.06263388238633226,9043987.386435688,ok,61403.478120589876
794,9043661.030750042,0.23599498120816104,18721.57508884473,47014.70194106456,0.19910341144258686,9041797.26601616,ok,37443.15017768946
795,9041611.740299106,0.08927558982157505,37263.445096535885,345993.59199503396,0.0538499064125308,9040608.423783576,ok,74526.89019307177
796,9040441.28999112,0.2585281257271111,14793.17728434861,16173.910790433485,0.45731602814015926,9037058.711451495,ok,29586.354568685867
797,9036746.282086976,0.0823149011443661,58421.647101548435,586643.8025870752,0.04979311708732911,9035291.784129696,ok,116843.29420303696
798,9035522.538003728,0.12759180018823432,35085.158524520986,909932.4480141011,0.019278990765244846,9035184.334780132,ok,70170.31704904189
799,9035197.201194685,0.2437276333553091,16163.114094514945,40879.07281976977,0.19769423545607187,9033599.523952933,ok,32326.22818901635
800,9032992.099008068,0.1100026967687951,31376.72961860789,286986.6912069305,0.054665826987746684,9032134.481571684,ok,62753.45923721578
801,9032339.068501614,0.24357582837760636,14150.260312787294,40858.9125135552,0.17316002118378523,9031113.938813856,ok,28300.52062557458
802,9031439.47329178,0.1448155848390945,24099.200299350636,217825.58451940698,0.055317653232794466,9030772.917689107,ok,48198.40059868411
803,9030732.158141408,0.2323223521109884,16142.24477669091,72178.02259666474,0.11182243705189025,9029829.6255662,ok,32284.489553368287
804,9030059.727896314,0.1278181686728768,26152.31361160531,268604.2007103517,0.04868187754034152,9029423.156031996,ok,52304.627223188305
805,9029649.889295328,0.25975167835192936,14089.068426431419,50618.4275216884,0.13916936100390218,9028669.505970305,ok,28178.136852851567
806,9028190.797086222,0.22462919402559745,16080.69942418265,66970.44075862558,0.12005818717947968,9027225.487275498,ok,32161.3988483653
807,9026572.227737695,0.24466642012211454,11976.600418243486,2588.938635143146,1.0,9017184.565954594,ok,23953.200836486973
808,9017326.446192384,0.08329392042941673,59312.7647486816,731018.8729917074,0.040568559130315665,9016123.329490438,ok,118625.5294973632
809,9016033.450999472,0.19374064508153452,25848.686020790476,163788.24920576139,0.07890885379792321,9015013.60590643,ok,51697.37204158095
810,9014922.316039948,0.23297209075870723,19583.201061869855,127911.27185188966,0.07654994269991128,9014172.769580364,ok,39166.4021237397
811,9013857.697810236,0.2513534959803903,16003.110842646001,68659.43583133648,0.11653977817381153,9012925.19831639,ok,32006.221685292003
812,9012845.37764696,0.1912736139582637,18169.31703838792,229708.3595384602,0.039548663084997174,9012486.091547944,ok,36338.63407677583
813,9012566.734919524,0.27106907640713007,12162.94322812797,6252.927105643304,0.9725799631624397,9006652.017481143,ok,24325.886456246804
814,9006223.28758595,0.04315896935610158,148338.57018825598,2208564.451605688,0.03358257670053724,9003732.491880452,ok,296677.14037651184
815,9004050.3860574,0.14683214756695906,40127.82187380163,675095.9922410633,0.029720085984063126,9003454.084899178,ok,80255.64374756339
816,9003476.012514599,0.19835318200986385,26186.231627565838,100296.60648499275,0.13054395629768414,9001766.785376005,ok,52372.463255131675
817,9002325.057389759,0.14121422775116343,27467.62904465718,175084.8334577202,0.07844091490451717,9001247.764413498,ok,54935.25808931436
818,9001431.368808808,0.27589351159846537,13157.435797680151,11370.0031384384,0.5786029976191917,8997624.902912047,ok,26314.871595360302
819,8997836.386036405,0.09146274797045796,68175.07522487844,790220.0067471731,0.04313676864846242,8996365.95981262,ok,136350.15044975688
820,8997169.026717488,0.09549279363234213,62607.24073200964,1713777.435148908,0.018265860971197166,8996597.239139987,ok,125214.48146401902
821,8996297.1859609,0.17043431543244925,27440.775751774352,142192.81890191455,0.09649142609199964,8994973.286168221,ok,54881.55150352437
822,8994864.925173301,0.2623891711013454,16131.346684533113,21996.700503313048,0.36667650864509155,8991907.432232287,ok,32262.693369053522
823,8991811.487723457,0.1129524153634999,46758.04258091784,980037.2422098004,0.023855237621116937,8991253.775615225,ok,93516.08516183568
824,8991420.943153135,0.1415211844124015,33651.989992565155,511234.62069712975,0.0329124717205934,8990867.15806865,ok,67303.97998513031
825,8991436.01053756,0.10864227245783141,45183.609225749846,1157752.0478739603,0.019513508660478223,8990995.165162591,ok,90367.21845149969
826,8991041.337074928,0.21738026201418545,21770.249959900633,104839.50112561758,0.10382656215530704,8989911.17196963,ok,43540.49991978171
827,8989756.312860705,0.14721418345965373,31885.50147460597,484938.5280776695,0.032875817890777155,8989232.181890788,ok,63771.002949211754
828,8989145.914803062,0.2535167328842862,16052.031754821111,28075.847742054946,0.28586904841303684,8986851.525281638,ok,32104.063509642223
829,8986751.759449508,0.1239934162832279,42620.24752204541,640124.4351190752,0.03329059569028734,8986042.33273527,ok,85240.49504409081
830,8985857.09865174,0.18362704150042267,19595.083187884426,243225.8693774583,0.040281659261900166,8985462.43741965,ok,39190.16637576885
831,8986009.000955613,0.08151730225087962,48824.3339804674,1047097.8474610823,0.02331412202730274,8985439.852715453,ok,97648.6679609348
832,8985519.919705026,0.23117454337995763,15971.062373121775,181617.00509368654,0.04396907207252744,8985168.803308748,ok,31942.124746229674
833,8985321.178486938,0.19010721971233407,17575.649957001704,193338.30483311857,0.04545309831947751,8984921.744614176,ok,35151.29991400341
834,8985192.115434332,0.10533851921559036,34733.06930731077,809293.3782612713,0.02145888638180454,8984819.448940353,ok,69466.1386145871
835,8984834.523382204,0.25244875451631105,11040.43204858487,2009.9701039360734,1.0,8975804.061437555,ok,22080.864097169735
836,8975745.838904075,0.10804261563960876,41017.996998954455,558984.0033694447,0.036689777123948185,8974993.368320094,ok,82035.9939979089
837,8975060.102770073,0.20377533059354744,22955.52815938128,175516.09680278195,0.06539436717640541,8974309.521651482,ok,45911.056318741284
838,8974479.758983668,0.11236963171723331,31098.142624415945,560775.9923098023,0.02772777637673519,8974048.617811458,ok,62196.28524883189
839,8974027.880778596,0.2686285136300089,13232.437161859012,14904.359175716549,0.4439116437632027,8971090.864312839,ok,26464.87432371793
840,8971670.49846535,0.15591162253420834,28326.304091559792,184457.24124729825,0.0767828465285981,8970583.011335459,ok,56652.60818311958
841,8970012.11213011,0.23145145029724096,14944.845292987184,16767.167314143655,0.4456580235941439,8966681.967022013,ok,29889.690585974367
842,8966789.638467856,0.14716521597073956,29433.015177112098,294473.5724989949,0.049975647945814494,8966054.171465619,ok,58866.03035419444
843,8966293.589178093,0.13875661373491024,31551.26343470687,532714.2334175511,0.029613685401546623,8965826.414583405,ok,63102.526869413734
844,8965812.603170652,0.1893956866981385,23956.894842926133,194572.86150478607,0.06156278593440136,8965075.176576218,ok,47913.789685852265
845,8965129.502312688,0.08023316696729027,42063.10293529938,743627.6870789385,0.028282367417308284,8964534.680246724,ok,84126.20587056217
846,8964445.312597113,0.2241210565046557,17423.093673386298,31957.780021642702,0.27259549414237927,8962070.584182419,ok,34846.187346772596
847,8962679.560468532,0.08844324434088038,59428.31182212735,1657979.6161666426,0.017921906651521293,8962147.026140064,ok,118856.62364418717
848,8962218.010799304,0.22116865585962037,18784.453960650524,103044.22345622261,0.09114753515819801,8961361.9324604,ok,37568.9079212837
849,8961549.382434517,0.08249149560240415,41819.61119754413,868380.957771626,0.02407906968898678,8961045.89376832,ok,83639.22239508826
850,8960984.24418247,0.2518117190412973,16504.32033981933,106664.37340096009,0.07736566490564868,8960345.810324015,ok,33008.64067962386
851,8960147.434132429,0.1042853515720387,27256.510254816934,488851.18246249773,0.027878126547139854,8959767.50391137,ok,54513.02050960431
852,8959636.566913946,0.23325911213291808,12834.425420373054,3264.6167928957716,0.9999999999999998,8950066.758286467,ok,25668.85084074611
853,8949909.501157917,0.11630045048257823,51743.15734568868,1174682.011009604,0.022024325247484208,8949339.697094562,ok,103486.31469137719
854,8949191.20947877,0.17283857772400463,31751.250847305128,301793.654990591,0.05260423856209806,8948356.084291661,ok,63502.501694577004
855,8948417.054737644,0.10235427660226457,40573.95238733533,1131485.4145238088,0.017929507471561655,8948053.319246406,ok,81147.90477467066
856,8948168.122270655,0.14871930389873844,28675.23130671888,676873.5940413887,0.02118211698546884,8947864.421218593,ok,57350.46261343776
857,8947956.143156491,0.21659110550337957,15639.762460648064,21072.795190026376,0.3710889400199331,8945054.271719648,ok,31279.524921285712
858,8944994.349428823,0.12264078058799527,40180.14912019165,526209.685280125,0.03817883844042319,8944227.333717939,ok,80360.2982403833
859,8944036.706393857,0.23287560041597227,18014.024324193277,24686.222311394788,0.3648598821027038,8940750.408998298,ok,36028.04864838655
860,8940570.190330587,0.0988974318401057,50385.95535965828,592772.3007799637,0.042500261308904747,8939499.482196044,ok,100771.9107192668
861,8939312.6000775,0.21107117669843764,22132.02423414008,130246.49340320285,0.08496207328064556,8938372.408745086,ok,44264.04846827911
862,8937963.636454588,0.25382812862602205,16164.328597081749,66145.65477496304,0.12218738065315932,8936976.097968942,ok,32328.657194150594
863,8936453.92450926,0.2162702746939132,18281.433651451425,96117.70179102257,0.09509920290852666,8935584.64962512,ok,36562.86730290285
864,8935373.284996744,0.09304295345683113,32123.4066550356,523883.49801564484,0.030658922047279578,8934880.85048648,ok,64246.813310071186
865,8935103.219307564,0.1679986415464143,20506.712078956803,393148.8592139837,0.026080085950084594,8934835.810900778,ok,41013.42415789516
866,8935059.027666613,0.24973323519113053,12401.755640216006,18590.63017260093,0.33354855443506826,8932990.733833488,ok,24803.511280423267
867,8931825.346197722,0.10195789970454266,37401.03334021318,886695.5882275497,0.02109012035064681,8931430.950050531,ok,74802.06668042627
868,8931470.222513847,0.24721005203233995,13317.2383988469,76934.83096359433,0.08654882471340344,8930893.926847922,ok,26634.4767976938
869,8930887.260399759,0.14653154766575496,20261.41756586678,318718.08658699243,0.03178579819996587,8930565.24773476,ok,40522.835131714906
870,8930551.998553254,0.2675426260112555,10603.454478754986,2405.7419222751687,1.0,8922354.285996774,ok,21206.90895750997
871,8922565.772926407,0.12419825962474625,37585.083566086454,393063.1813400814,0.047810486138572646,8921667.29236798,ok,75170.16713217291
872,8921513.333699428,0.2412177146261566,18612.707436101722,49154.29504032335,0.1893294107954649,8919751.367233336,ok,37225.414872203444
873,8918993.366492584,0.2305121322568843,15969.225354211832,52532.36571216863,0.15199415767518645,8917779.752014365,ok,31938.450708423665
874,8917875.475575075,0.16847338325971875,22300.830945312704,261996.54214538902,0.04255939937737301,8917400.920589749,ok,44601.6618906254
875,8917223.137853114,0.26723759823711535,11389.782040193044,6752.323443155418,0.8433972495599604,8912420.082430221,ok,22779.564080386088
876,8911141.116383906,0.08929565736084198,63209.086605150216,694085.0111187738,0.04553411008203842,8909702.031630075,ok,126418.17321030043
877,8909829.972466744,0.14817297150355369,37340.51599264644,841518.5470692813,0.022186389190523827,8909415.746856552,ok,74681.03198529288
878,8909549.961353809,0.20487889570496498,23787.616504063713,120684.80206547819,0.09855265989149825,8908377.794914331,ok,47575.23300812743
879,8908554.880518716,0.20202840909190062,23383.46666799882,202695.27865414953,0.0576813303774506,8907880.485785592,ok,46766.93333599725
880,8908007.853010606,0.26539983002842193,12058.457949217915,10677.91403243668,0.5646448319675317,8904603.480029345,ok,24116.91589843583
881,8905220.237765983,0.09223150738888869,65801.10939536666,832129.1273659111,0.039537799622312714,8903919.422226882,ok,131602.21879066585
882,8903884.631027514,0.21239298298390885,20272.120356581683,149538.1443501589,0.06778243920531886,8903197.584144697,ok,40544.240713163366
883,8903351.23587552,0.19910057956606778,16120.35317134949,46385.343272665355,0.1737655909603792,8901950.654527867,ok,32240.70634269898
884,8901605.120691985,0.23298565214807274,18274.372771186645,107021.92594887888,0.08537677027002746,8900825.017229028,ok,36548.745542357705
885,8900732.036703102,0.24636977288866616,14069.808512905023,36693.63794928493,0.19171999969519524,8899383.3048612,ok,28139.617025810046
886,8898949.950308157,0.22429814378910284,18318.608336679084,233404.55561070473,0.039242182503139905,8898590.519222382,ok,36637.21667335817
887,8898546.966582926,0.2026221941150016,15484.32770559903,211679.51055058307,0.036574932702092784,8898263.79746104,ok,30968.65541119806
888,8897906.422401793,0.26790753313578375,13993.792030266857,141108.1967896002,0.0495853265389407,8897559.479028124,ok,27987.58406053351
889,8897626.402487988,0.2603078183740478,11468.263915397982,25679.378119462683,0.22329715038360018,8896345.98716191,ok,22936.527830795963
890,8896335.738030706,0.1057998952756052,32016.519276265783,757279.6531214016,0.02113916513159844,8895997.336786747,ok,64033.03855249696
891,8895923.985008936,0.2888893308548244,11172.769332214331,6602.713898759467,0.8460740161945755,8891197.490098476,ok,22345.538664428663
892,8890463.691774886,0.0920509463707572,62751.727958936826,638393.3675861051,0.04914816721562588,8888921.62556549,ok,125503.45591779702
893,8888560.068545002,0.23569329156580937,20119.465323691693,107890.95741711336,0.09323981270232198,8887622.100955777,ok,40238.930647365036
894,8887277.78823203,0.17035079106546433,22726.08550592917,505419.7695208518,0.022482386796497854,8887022.319909673,ok,45452.17101185771
895,8887183.432887759,0.28444042010369747,14334.734176067157,18152.787494638542,0.39483561905577713,8884353.501066554,ok,28669.468352134314
896,8884352.235270832,0.08290912333879061,63676.00658431384,945256.189694444,0.03368187761081853,8883279.871540572,ok,127352.01316862769
897,8883449.829554921,0.17716396441547114,32039.22384486411,492294.52583938994,0.03254070699875793,8882928.540057119,ok,64078.44768972822
898,8883080.419521332,0.22577816377870344,20110.369301236693,123569.88288591879,0.08137245432126382,8882262.204467656,ok,40220.738602473386
899,8882434.60033026,0.12757133472354024,29479.800727241705,496826.53449461237,0.029668102124647478,8881997.295460964,ok,58959.6014544834
900,8881958.38004676,0.23297540122412108,15339.977738212605,120357.69646223559,0.06372661736271183,8881469.597600924,ok,30679.95547642521
901,8881632.526802665,0.22398577603632272,14734.557868047916,120257.93213802933,0.06126231179135828,8881181.190263554,ok,29469.11573609583
902,8881376.046729123,0.24055865637068066,14875.09707210692,118818.03008697521,0.06259612729321593,8880910.484994212,ok,29750.19414421377
903,8880802.112712972,0.25199364184738554,13644.04885153982,77234.80985965826,0.08832836434978045,8880199.53445389,ok,27288.097703079624
904,8879870.886895824,0.20936708990020086,16908.374405897295,193116.25680682916,0.043777708530283004,8879500.781952593,ok,33816.74881179459
905,8879347.576412702,0.3041233721667797,9456.423962392953,1853.9137696682283,1.0,8871745.066219976,ok,18912.847924785907
906,8871611.779515497,0.1127297823115364,43944.546605365154,811490.8371930947,0.027076428094596296,8871016.848837342,ok,87889.09321073031
907,8870850.320909573,0.24115374440470672,19361.11703062228,66564.39642622591,0.14543147741210596,8869442.462982517,ok,38722.23406124451
908,8869246.281504732,0.1291249803348449,38516.175763695996,589132.3880245419,0.032688896881774815,8868616.755855823,ok,77032.35152734641
909,8868838.160743654,0.2985341710368361,11346.023616465838,16269.566843976758,0.3486885583762886,8866860.04643459,ok,22692.047232931676
910,8868259.30546514,0.04689385342160255,65486.71778710141,757544.502366105,0.04322301698617112,8866844.0387075,ok,130973.43557412764
911,8866948.376638232,0.1527868719104586,23989.197028876777,411757.30131582427,0.029130263084851397,8866598.97082791,ok,47978.39405775354
912,8866680.640874371,0.22531772326832353,18963.407708036902,216515.4413935874,0.043792275474627065,8866265.415487228,ok,37926.815416073805
913,8866469.51308016,0.17120214426637492,26293.53276201529,604344.4747028986,0.021753762847704892,8866183.521442093,ok,52587.06552403054
914,8866132.942716068,0.2777010967815188,13888.085955180753,25091.914549302797,0.27674424619716087,8864211.218776675,ok,27776.171910361507
915,8864917.756315093,0.1505459897749664,25891.904266294827,174749.01307983111,0.07408312015606792,8863958.679787679,ok,51783.80853258965
916,8863560.255429193,0.27506862812547195,11199.756296046307,8742.831621655132,0.6405108082091856,8859973.47295073,ok,22399.51259209261
917,8860097.195992522,0.10912537443578542,54750.02484334819,576288.9127023147,0.04750223684385685,8858796.821668865,ok,109500.0496866962
918,8858604.414588546,0.2072855710584635,25008.20293715191,138386.14200456714,0.09035660137243572,8857474.58647663,ok,50016.40587430382
919,8857221.520175759,0.2361446001177066,16809.405738407324,111437.73671634412,0.0754206170805242,8856587.632298984,ok,33618.81147681465
920,8856621.560553325,0.08356683243681455,39126.975287867426,848620.6699420048,0.023053277320325808,8856170.558047317,ok,78253.95057573481
921,8856137.547945976,0.28009610254709333,11956.780098036637,16949.09387239898,0.352726233863978,8854028.812939415,ok,23913.5601960638
922,8853599.818253674,0.17818776847410633,21415.71023759587,326843.9868573171,0.032761364899983374,8853249.014304832,ok,42831.42047519174
923,8853126.323504936,0.2612631442341797,13746.552204383475,43405.863074024164,0.15834902511833673,8852037.946934786,ok,27493.10440876695
924,8851669.503603857,0.2886054574100719,11202.429164152505,22987.91512915439,0.24365909438096545,8850304.716731355,ok,22404.85832830496
925,8850545.778633993,0.10753787571984674,33686.92932807567,548280.8386324337,0.030720505764983804,8850028.33888068,ok,67373.85865615134
926,8849902.978678841,0.2832794791659758,9227.14314292718,2593.9664603234137,1.0,8843269.801996237,ok,18454.286285854356
927,8842961.022451483,0.1213094958968076,42864.18576203933,596122.7917571069,0.035952480222820056,8842190.485556046,ok,85728.37152407866
928,8841876.755103845,0.2557161148748527,17225.230564843074,46576.960364666826,0.18491149304270715,8840284.183552971,ok,34450.46112968614
929,8840937.130357672,0.11806945494567095,34172.32971347665,504765.93925962766,0.03384967868830391,8840358.769167256,ok,68344.65942691748
930,8839994.859334383,0.2635081136386996,14017.47810393748,50461.084371580524,0.13889394449707929,8839021.387921505,ok,28034.956207874697
931,8838921.978505202,0.2081615995635458,15836.776678493805,114456.70381987534,0.06918239015259742,8838374.165473735,ok,31673.553356987602
932,8838419.545625752,0.178090141333245,20797.37932568818,300219.7554296042,0.034636926700456205,8838059.36697412,ok,41594.75865137557
933,8838120.1441384,0.28546511075247555,12398.61860240939,17358.129965422322,0.3571415419491512,8835906.113255547,ok,24797.237204809062
934,8834475.674903382,0.1069012348965761,47564.19098739709,1303705.7000437635,0.01824192031445457,8834041.843812475,ok,95128.38197475192
935,8834154.700007211,0.23193480815105916,18944.897312997207,203748.7009237613,0.046490841971272276,8833714.317893641,ok,37889.79462599373
936,8833777.327753786,0.18416922736644617,18479.440521310928,191348.08242474045,0.04828749859194204,8833331.164774708,ok,36958.881042621855
937,8833418.423890267,0.2914358498960325,11013.282796211042,14908.693900368353,0.36935773414527395,8831384.503300712,ok,22026.565592422085
938,8831406.397969991,0.10074195853614937,45133.30375753559,472269.2615633817,0.047783444139608056,8830328.085620522,ok,90266.60751507117
939,8830742.56992394,0.15401188512087238,28635.797304917833,430208.6956494543,0.033281286029898216,8830266.05184354,ok,57271.59460983557
940,8830040.691621114,0.29550527850276287,11260.837639336081,7183.958672407774,0.7837487764640704,8825627.857760219,ok,22521.675278672163
941,8826288.233846406,0.08474767146658942,68859.63815178734,588114.8559735381,0.05854267874070302,8824272.620009145,ok,137719.27630352235
942,8824729.012531107,0.18887427027336234,30976.538179781106,151032.2264216364,0.10254943237512754,8823140.699327467,ok,61953.07635956221
943,8823324.277508194,0.15748010056652362,24946.047229332333,328955.68958102877,0.03791703262695444,8822851.33746484,ok,49892.094458664666
944,8822569.003761003,0.2540693257578131,14332.130453727043,33275.52498458431,0.21535543707224378,8821025.752651982,ok,28664.26090744214
945,8821267.117878223,0.08960051125171255,43811.807758307055,642570.7006555521,0.03409104065405577,8820520.322818516,ok,87623.61551656766
946,8820515.268849872,0.2887965980202075,12887.90527738171,54604.09071681245,0.11801226893623154,8819754.803378062,ok,25775.810554751904
947,8820186.769280573,0.07703437497256219,34642.47980057322,531872.9876921644,0.032566496703366594,8819622.677178461,ok,69284.95960114643
948,8819726.112250041,0.28880522767951733,10869.944047351306,6514.715125364701,0.834260887711709,8815191.927664882,ok,21739.888094702597
949,8814452.518118791,0.06536350467617322,63464.28485356459,582466.9246039443,0.05447887439850591,8812723.786717126,ok,126928.56970708288
950,8812762.669142397,0.24522624727497583,20660.135887047807,89808.28698900036,0.11502354949481577,8811574.46806101,ok,41320.27177407628
951,8812093.06993731,0.13838095310338117,36648.72539865614,759062.3169187155,0.0241407883001131,8811650.70537665,ok,73297.45079731228
952,8811705.488318853,0.18957966444358113,19128.07285364485,315889.36799855606,0.03027653791395139,8811415.922407366,ok,38256.1457072897
953,8811533.06236075,0.29269459387886587,11987.946666675829,30078.61836322064,0.1992768836971312,8810338.60203392,ok,23975.893333351654
954,8810975.567527514,0.061621780765782196,44051.82502426073,433602.7603916327,0.05079744532123464,8809856.70744103,ok,88103.65004852146
955,8809362.271053957,0.2168669127764717,17782.366815518057,142441.07907654345,0.06242007899267023,8808807.282683307,ok,35564.73363102087
956,8808870.722183874,0.2711023885711315,14503.237264782707,83790.14723754505,0.08654500405439097,8808243.130819932,ok,29006.474529565407
957,8808725.524187196,0.12848305060571624,30462.4479390401,896544.5373912675,0.01698880907114699,8808466.763831258,ok,60924.89587808019
958,8808421.816725736,0.2771091697467061,11105.397990690393,35707.11568971355,0.15550679152012295,8807558.334320692,ok,22210.795981380783
959,8808094.89274501,0.13796829320820597,30049.670178595894,394792.7120400702,0.03805752900467163,8807523.084647808,ok,60099.34035719144
960,8807309.245911535,0.29294217687382135,13550.808689557995,75903.75414810245,0.08926309931336088,8806704.452320619,ok,27101.617379115873
961,8806563.650313556,0.2706818694755251,10832.74886090176,78866.89836764784,0.06867741146864656,8806191.667738127,ok,21665.497721795015
962,8805911.486666715,0.1999302620373995,17933.730339970425,523213.9579422749,0.01713804655604105,8805757.812113969,ok,35867.460679940676
963,8805784.86686394,0.3133441742376492,9135.574004566313,7080.87278722781,0.6450881324294295,8802838.241677303,ok,18271.148009125416
964,8803192.258776885,0.06577836378104669,75767.63366472445,1113520.2187278382,0.034021669472372305,8801903.388082262,ok,151535.2673294489
965,8802034.936584454,0.13502974419248548,36412.50957953892,416506.52102500456,0.04371181211032339,8801239.10819585,ok,72825.01915907783
966,8801409.065898262,0.22239413084677756,18850.98830671745,156794.75197251115,0.060113581830922365,8800842.465684177,ok,37701.97661341975
967,8800884.590365808,0.24463785759866682,13918.09152620768,86718.87980455684,0.08024833552725574,8800326.13852646,ok,27836.183052414908
968,8800586.020669613,0.19027682850178085,18673.175561569977,254987.23620520276,0.03661590250451322,8800244.153081706,ok,37346.351123139946
969,8800254.589650579,0.31064349161194516,9110.712969401837,4642.440530911717,0.9812417529894137,8795784.683668038,ok,18221.425938803673
970,8795776.889671847,0.08636745238093971,67612.47479370148,716333.1636384121,0.04719345566124776,8794181.456506185,ok,135224.94958740257
971,8794096.055431584,0.1496744253433066,35144.41038051201,668195.1462117214,0.026298013821082374,8793633.941336622,ok,70288.82076102278
972,8793490.050071016,0.23611382972311093,20904.62042390035,82841.89225509546,0.12617179457664152,8792171.263334101,ok,41809.240847780435
973,8792481.824755207,0.2748387464541343,15353.20531270465,79677.06075577653,0.09634645886201038,8791742.211273177,ok,30706.4106254093
974,8791567.780579068,0.22661755068762363,16550.71102203158,88676.94349963932,0.09332026098812764,8790795.52224301,ok,33101.42204406316
975,8790431.09631654,0.28544988144748656,10313.518056125627,5632.058147796053,0.915608271921121,8785709.525094142,ok,20627.036112251255
976,8785292.577640874,0.09990163835732015,74238.33662984398,1108401.8632088718,0.03348890826244227,8784049.497218397,ok,148476.67325968758
977,8784221.941401727,0.16683925343644956,31342.145667282042,200688.36722834295,0.07808660287624193,8782998.240560723,ok,62684.291334564085
978,8783048.962517835,0.25611658076091637,16156.14194824272,81248.75469523041,0.0994239358427431,8782245.808907572,ok,32312.283896471607
979,8782952.028338518,0.10855216626680364,24656.76224527532,272958.62798290956,0.045165749893092084,8782395.207760146,ok,49313.524490536285
980,8782162.88997542,0.29201290576517536,10932.655936374082,12446.645697250466,0.43918081233681966,8779762.183617853,ok,21865.31187274816
981,8780557.985338002,0.12220946526186607,36063.29411485371,275431.63525369734,0.06546686999413877,8779377.509844312,ok,72126.5882297074
982,8779647.071533263,0.22426048987620417,21170.589717147508,272268.1685918467,0.0388781946612423,8779235.534379205,ok,42341.1794342721
983,8779144.412737299,0.2195693532364039,17595.988418668137,215193.28880584237,0.0408841477267074,8778784.714242347,ok,35191.976837336275
984,8778784.87228393,0.16081240281125844,24549.641889619874,647190.4017653246,0.01896632105687634,8778552.064088976,ok,49099.28377923962
985,8778611.243080871,0.27006847731896344,12177.05074660382,15601.149840986893,0.3902613227459883,8776235.127115114,ok,24354.10149319826
986,8775225.721039193,0.18950774398667938,19229.122051757255,329195.9546910012,0.029206194331589847,8774944.91630146,ok,38458.2441035145
987,8775060.170178294,0.2884614427883044,11785.27437309088,25721.70243830451,0.22909203621647461,8773710.213926543,ok,23570.54874617186
988,8773198.300162023,0.13886949219024733,27023.37365283934,293550.8415395396,0.04602843839778168,8772576.378317282,ok,54046.74730567868
989,8772655.808200896,0.23759720759621894,12361.55045829191,20858.73423079373,0.2963159298526026,8770824.346041663,ok,24723.10091658382
990,8770722.054715596,0.1991500246755998,24168.346268856858,346490.30840360624,0.034875934019927286,8770300.607890675,ok,48336.692537713716
991,8770233.088185716,0.293188438692236,9256.468416441265,4057.4899478830366,1.0,8765034.109717159,ok,18512.93683288253
992,8765661.974276781,0.1030656078188863,58781.99723963676,490358.66120514943,0.05993775769675287,8763900.343723042,ok,117563.99447927352
993,8763704.449947234,0.1781486042347807,30072.72151504131,315318.1994664927,0.047686307935798346,8762987.421417916,ok,60145.443030054055
994,8762844.241099922,0.22782339754383232,19791.935596904237,69701.14748731857,0.14197711451239153,8761439.24014659,ok,39583.871193808474
995,8761696.527782297,0.1493689793327283,23350.23119879177,364098.2587023236,0.032065837504982764,8761322.155422634,ok,46700.462397557494
996,8761413.54544274,0.3065242412112677,9262.967232975932,9900.793473413676,0.46778913517636334,8759246.987727199,ok,18525.93446595186
997,8758697.746020772,0.2210294666968271,21510.89465173627,226781.20136790394,0.04742653827121995,8758187.652386546,ok,43021.78930347254
998,8757997.936544167,0.2524164403775107,13483.176497191342,232777.4759550534,0.028961514514820978,8757802.68993825,ok,26966.35299438268
999,8757790.096631013,0.2100149674281201,17900.59330701048,428123.5720064753,0.020905872133034218,8757602.982873622,ok,35801.18661402096
1000,8757830.93100512,0.14226051001552895,19827.83107586448,357107.96828696755,0.0277616755108795,8757555.704098914,ok,39655.66215172896
1001,8757627.50105446,0.27042977136366597,12001.548707328333,97504.04454035882,0.06154385063668132,8757258.190293934,ok,24003.097414656662
1002,8757139.451766556,0.1431905266057869,26260.31291043377,720099.5186821134,0.01823380812591984,8756900.03901309,ok,52520.62582086754
1003,8756701.566824516,0.3200784606923359,9897.392055291939,18372.777454618066,0.2693493697329957,8755368.63866847,ok,19794.784110583874
1004,8755239.291555949,0.1833998699733844,19760.169148856716,359863.56690189755,0.027455084324003738,8754968.03300083,ok,39520.33829771343
1005,8755019.143271105,0.2459793273743064,15312.482419580232,227030.90034827127,0.03372334425862402,8754760.949213061,ok,30624.964839160457
1006,8754795.34235092,0.3184049209608438,9669.293362923185,17433.00566039521,0.2773272019549146,8753454.56331431,ok,19338.586725839214
1007,8753186.580036111,0.07617585656312649,65348.392081654645,1686706.1126060316,0.019371599946563494,8752553.628581833,ok,130696.78416323813
1008,8752713.03351902,0.1635555844635691,29732.089258067204,931034.6520212877,0.015967230217220418,8752475.66396201,ok,59464.178516103275
1009,8752489.302731652,0.3028027130410401,12945.337890235976,82077.32314544775,0.07886062431212441,8751978.864017673,ok,25890.675780460668
1010,8751993.331138114,0.1719311463136367,13220.178392841719,75187.8866331049,0.08791428370205667,8751412.209881203,ok,26440.356785683423
1011,8751199.98947148,0.30887138797252023,8274.092909637598,2538.4815657570243,0.9999999999999998,8745464.3781276,ok,16548.185819275197
1012,8745196.317536712,0.16100217075100098,33156.08969432101,271392.4888162477,0.06108512774052873,8744183.645549536,ok,66312.17938864193
1013,8743688.915182333,0.2692895275349424,15168.091706505158,142794.34814883393,0.053111666894181,8743286.113865266,ok,30336.183412996103
1014,8742945.745320205,0.2381915413634541,13844.971010623205,196069.40252357852,0.03530630183095056,8742701.337957535,ok,27689.942021234812
1015,8742570.007827386,0.29747051164790933,13137.50126011009,204612.19360582382,0.03210341727096405,8742359.12848496,ok,26275.002520220176
1016,8742298.523266874,0.24517641510404392,12998.720096036472,159397.3182801885,0.04077458841932124,8742033.514535926,ok,25997.440192062706
1017,8742230.557868762,0.1184583443214421,34706.396135019575,1108852.1620820947,0.015649694937624182,8741958.985612813,ok,69412.79227003915
1018,8741899.766628094,0.31580743543927897,8721.235136723517,6133.446958319899,0.7109570846531358,8738799.554674406,ok,17442.47027344703
1019,8739136.309128797,0.06607783672449631,65407.724321945236,961885.5409438736,0.03399974401203823,8738024.386187118,ok,130815.44864389012
1020,8738252.56283075,0.11699185483118082,41037.43593222063,551416.0366497579,0.03721095616075301,8737489.04171604,ok,82074.87186444124
1021,8737560.998349782,0.22828352138874788,21087.701809187423,113221.2019111902,0.09312611707535329,8736579.090456014,ok,42175.403618357064
1022,8737200.009148883,0.2808895548106098,13910.85322093316,56613.9203871977,0.12285718005212433,8736345.48504946,ok,27821.70644186632
1023,8736422.370544275,0.3041794079538436,12231.004210630072,16069.060236754904,0.3805762138676283,8734094.955907136,ok,24462.008421260143
1024,8735277.093147088,0.11635058411047586,42531.17931265873,618955.9437794748,0.034357194352924725,8734546.467150236,ok,85062.35862531746
1025,8734801.49143181,0.13942724181227048,35985.83115225157,1056932.6863048628,0.01702371003306817,8734495.185254391,ok,71971.66230450314
1026,8734636.809473945,0.23575707836015805,19864.640393271045,236005.06516616629,0.04208519927164437,8734218.805799238,ok,39729.280786524236
1027,8734032.77809697,0.2978479448600007,15034.6726015321,151725.21006114435,0.04954573005854867,8733660.326181853,ok,30069.3452030642
1028,8733928.186662348,0.1664690117148781,23926.152843457756,568092.9926051742,0.02105830661080384,8733676.264531052,ok,47852.30568688923
1029,8733584.28907481,0.28198901934128345,12221.920933951842,67033.24193647277,0.09116313474391202,8733027.194762344,ok,24443.84186789282
1030,8732741.164080879,0.1863666540436137,17453.458403641805,421232.86945775844,0.02071711358388196,8732560.371440789,ok,34906.91680728337
1031,8732458.281598356,0.3096896864452766,10166.988367116202,5783.178207624118,0.8790139264351902,8727989.819416055,ok,20333.976734232405
1032,8727719.866140228,0.049475961521850215,102684.31304613841,1122120.1978108883,0.04575459618606913,8725370.726501193,ok,205368.62609214956
1033,8725726.961735062,0.15021045630768715,37443.00025333496,743400.6885678325,0.025183592663513138,8725255.487101821,ok,74886.00050666992
1034,8725197.117116392,0.2683021121358862,16839.361852995753,58613.17620986899,0.14364826257411065,8723987.64457987,ok,33678.723705991506
1035,8724124.280582562,0.3035960604306447,10585.857597458786,11312.343711054458,0.4678896729028067,8721647.773858227,ok,21171.715194917568
1036,8721443.534129223,0.1998090219568954,21291.737082207015,116494.89491205268,0.09138485037598051,8720470.66302547,ok,42583.47416441402
1037,8721184.168912748,0.14765108837732158,23568.636457968045,257882.1997917981,0.04569651662075988,8720645.666618934,ok,47137.272915917325
1038,8720802.329732424,0.2970712268723682,12230.6011097143,15508.970880751316,0.39430730780770545,8718391.022034202,ok,24461.202219428575
1039,8718190.870172039,0.12309128680473712,46196.34778276763,791498.0903221774,0.029182854859424564,8717516.799515849,ok,92392.69556547533
1040,8717492.008304246,0.15682330074778497,27306.952894783877,663342.2976919108,0.020582852163805922,8717210.980817007,ok,54613.90578956775
1041,8716907.690587169,0.2780421389312379,12000.06813356623,29362.433982574676,0.20434389296009567,8715681.62026807,ok,24000.136267123067
1042,8716557.69610047,0.08028588744788454,41491.95216175426,390860.1575741933,0.053077745784153293,8715456.546456004,ok,82983.90432350851
1043,8715463.449159404,0.32241840516214887,9997.785801664544,44207.25824413422,0.11307855540884096,8714898.181571536,ok,19995.57160332909
1044,8715267.809444893,0.12462290651049103,24293.399709870995,264417.28511046886,0.045937616558844936,8714709.819004502,ok,48586.79941974199
1045,8714849.85415797,0.23599427707275483,15251.492088834271,148247.5992782227,0.05143925487862752,8714457.59146355,ok,30502.984177668535
1046,8714627.494181715,0.23196446234137796,14125.043237690656,152634.8367933317,0.046270705739398246,8714300.706322111,ok,28250.086475381308
1047,8714539.58614723,0.25255151334548026,13555.555407049576,129488.68112329966,0.05234262674334415,8714184.819458745,ok,27111.110814099113
1048,8714393.729292162,0.27803527084169377,10160.82645391627,49913.11007918866,0.10178514660572956,8713876.61868704,ok,20321.652907832315
1049,8713812.1345617,0.13807169594003343,25171.89602461037,410025.08051163645,0.03069555646839998,8713425.80188378,ok,50343.79204922024
1050,8713517.253575213,0.31373538429535036,8189.300852431801,8460.162256902182,0.48399194978504106,8711535.47573174,ok,16378.601704863602
1051,8713000.992402561,0.07258322700975546,47698.057359774764,251102.72571748702,0.09497717960544828,8710735.878922215,ok,95396.1147195217
1052,8710431.151069582,0.24618811921560674,16180.662633555652,96634.21672768767,0.08372118687085897,8709753.818929562,ok,32361.3252671113
1053,8709921.783121545,0.23742430506927834,14863.725114338351,149063.8920194643,0.04985689328572439,8709551.253543118,ok,29727.450228676702
1054,8709502.85882832,0.24346633759354847,12978.173585843311,150055.1063361392,0.04324469157607619,8709222.240271349,ok,25956.34717168662
1055,8709036.378694788,0.3061952621155095,8792.315890756061,5801.884219178575,0.7577121120146093,8705705.356573246,ok,17584.631781512122
1056,8706385.253230533,0.051359191701426866,86090.13345687662,860367.7307353284,0.050031010218908475,8704231.665057167,ok,172180.26691375324
1057,8704347.82480323,0.23094106710056847,22451.268581851247,262984.9568263979,0.0426854616567894,8703868.65342113,ok,44902.537163702495
1058,8703819.448116641,0.2397387068239279,16887.615442012342,361108.7138353132,0.02338300738114296,8703622.006498376,ok,33775.230884024684
1059,8703391.28811482,0.32690693921314384,10846.837876186544,51204.10671851503,0.10591765554875315,8702816.852295838,ok,21693.67575237309
1060,8702870.118474383,0.10978041342646194,26734.249237596683,598402.7067702044,0.022338008280319357,8702571.523533965,ok,53468.49847519336
1061,8702644.210051358,0.2070526852197483,15254.045462895114,304911.3950451729,0.025013898645269084,8702453.428477788,ok,30508.090925778066
1062,8702451.015270201,0.32174460726259596,8655.173028736519,7677.028570824186,0.5637059279438973,8700011.529098362,ok,17310.346057466366
1063,8700207.175055604,0.08490060809973622,54920.26234169444,1093786.0863426684,0.02510557732789109,8699517.77260906,ok,109840.52468338843
1064,8699474.681059433,0.21779309105164082,24685.32657177272,300881.81471296825,0.0410216326887714,8698968.364859717,ok,49370.653143519114
1065,8699018.14375085,0.3063521282711919,12470.134507505602,53958.721735384235,0.1155525381852043,8698297.665903922,ok,24940.26901499988
1066,8698564.15823309,0.2885104663765371,10794.816129734054,49599.31923481752,0.10882020455389994,8697976.81118341,ok,21589.632259458267
1067,8698110.11927259,0.10527847069819624,39751.917954208155,1075943.7468959775,0.01847304660159495,8697742.949756153,ok,79503.83590841628
1068,8697710.694892239,0.21929695953588413,16806.310983921976,279080.78436362447,0.030110118513255332,8697457.67488449,ok,33612.62196784382
1069,8697126.077760197,0.2797668666185798,10068.49802594497,50485.734082250856,0.0997162684565651,8696624.081234142,ok,20136.99605188994
1070,8696849.794353893,0.1577523617675355,20102.243181065125,287604.46676495724,0.034947724225530795,8696498.53052839,ok,40204.48636213025
1071,8696549.77349817,0.28892521112564595,9804.606837900948,28823.148226149293,0.17008216383881847,8695715.97912488,ok,19609.213675801897
1072,8695508.322946737,0.20657176099706537,13813.338758506194,150457.89863691662,0.045904332320366885,8695191.276900323,ok,27626.67751701238
1073,8695178.81730712,0.34029202363919026,7278.5802484039,3499.442684190277,1.0,8691399.679742906,ok,14557.1604968078
1074,8692050.998188082,0.0610998848002636,81888.44064017401,1054758.8155688038,0.03881856185103972,8690461.602439145,ok,163776.881280348
1075,8690279.248900818,0.17374801768122528,28238.970394213997,235190.58584492235,0.060034227757810706,8689431.596510673,ok,56477.94078842798
1076,8689331.439706303,0.2560961091153325,15340.117220496733,165398.9760328285,0.04637307191506439,8688975.755526777,ok,30680.2344409801
1077,8688956.772149697,0.3208271512730088,9807.349424699889,11616.71037596581,0.42212249024433945,8686886.820768772,ok,19614.698849399778
1078,8685981.541988831,0.2043908369573845,17780.068835396265,103367.56995521057,0.08600409607723397,8685216.962614642,ok,35560.13767079253
1079,8685305.983222768,0.32858832655871795,8640.252801156865,8199.273673858832,0.5268913531148481,8683029.74597794,ok,17280.505602307716
1080,8682515.817225613,0.1747615593644339,25985.7481686967,112619.40214236175,0.11536976610765619,8681016.832381435,ok,51971.496337374854
1081,8680672.662001202,0.26452116150579497,15010.635011414417,107230.07757374863,0.06999265202009526,8680147.344924726,ok,30021.270022828445
1082,8680112.4098595,0.294622497790958,9416.33371788148,11374.555926370245,0.41392093804959396,8678163.601016754,ok,18832.66743576296
1083,8678506.878239427,0.1674703524937757,22680.656617665285,133761.86196306118,0.08477998244345847,8677545.4454045,ok,45361.31323533057
1084,8677237.592337508,0.3144409279135485,9329.068292779762,19550.108078917656,0.238593777976092,8676124.663513023,ok,18658.136585559525
1085,8675846.305171128,0.25661860483122917,10608.597072438994,31411.77802579232,0.16886336494114149,8674950.60347165,ok,21217.194144871115
1086,8674888.586026132,0.22247883079389325,12592.168910433595,108963.10325459954,0.05778180197846951,8674524.786920901,ok,25184.33782086719
1087,8674479.144736068,0.3199736353629298,8014.3883732395425,5901.793947151249,0.6789790057909448,8671758.344011225,ok,16028.77674647377
1088,8670990.020031098,0.16204656228903516,28241.733189233586,215206.0879146974,0.06561555359072356,8670063.47155231,ok,56483.46637846717
1089,8670282.28700412,0.27282628162553424,14379.46672644926,59520.21095351649,0.12079482327170508,8669413.804433139,ok,28758.93345288564
1090,8669110.682080103,0.26567839271213056,12686.585793913884,79340.26120458271,0.07995049172576396,8668603.532693831,ok,25373.171587817076
1091,8668680.224214187,0.34433440810512406,8484.720751187791,11555.261043338098,0.36713669727433157,8667122.698037243,ok,16969.441502368572
1092,8667572.093409512,0.10516650875985974,40507.14649340322,1027999.8444126956,0.01970192248255897,8667173.05907941,ok,81014.2929867664
1093,8667176.290973078,0.20903636481780427,20226.74634547256,203200.272824548,0.04977047044355402,8666672.9436325,ok,40453.49269094481
1094,8666719.888472278,0.2943479155943239,14177.41657610998,132017.81645629226,0.05369508812018475,8666339.259656092,ok,28354.833152206014
1095,8666417.625767332,0.32001747067037434,9872.421571387305,14118.546979776633,0.3496259772881917,8664691.798247283,ok,19744.843142774596
1096,8664084.563715236,0.24631148139654763,15786.277612032914,89456.52838997578,0.08823435190338705,8663388.117728204,ok,31572.555224053962
1097,8663042.842381585,0.3462301983562712,8761.69880871069,24775.59855689719,0.17682113286969514,8662268.215626976,ok,17523.397617421375
1098,8661933.402427068,0.2059561836037421,16418.638777717257,315415.7087659162,0.026026983313475752,8661719.73860832,ok,32837.27755543451
1099,8661687.656921554,0.33453048718822964,9833.45060418755,27407.646802635256,0.17939246435491243,8660805.633453054,ok,19666.901208367435
1100,8660852.659864437,0.16862493836131678,19480.622191321454,549389.6732812992,0.01772933050868155,8660679.970669763,ok,38961.24438264291
1101,8660706.402752906,0.34900821838311075,7047.411676725582,6160.823261555861,0.5719537290334329,8658691.006058639,ok,14094.823353451162
1102,8659436.195930751,0.06372641245966967,103767.08964453387,1922136.2421037536,0.02699264687162917,8658035.721726915,ok,207534.1792890677
1103,8657733.201457178,0.3051639530152368,12874.914105081723,52723.37325647896,0.12209873259104849,8656947.196109952,ok,25749.828210163447
1104,8656881.955948742,0.20071053684054246,20599.469209028204,294590.626191786,0.034962872843783944,8656521.847637441,ok,41198.93841805641
1105,8656581.597275969,0.26270725625143465,13470.47313756698,92772.54795254357,0.0725994566003383,8656092.622761,ok,26940.94627513396
1106,8655906.65369314,0.30958063356128995,10134.590498960477,42531.31795430357,0.11914268104563873,8655302.922551468,ok,20269.18099792095
1107,8655709.377621207,0.11478104381664092,27126.064733549094,301936.32956141344,0.04492017368852543,8655100.123851549,ok,54252.12946707331
1108,8655073.276244035,0.2856799849966917,11522.347739284221,133920.21113629386,0.04301945031865895,8654825.433710974,ok,23044.695478568443
1109,8655250.074083464,0.07270237922779452,38541.858624351225,689643.791819437,0.02794330861927216,8654711.580558315,ok,77083.71724870219
1110,8654697.108064378,0.32082956951068137,7516.082565892577,2036.4527748147361,1.0,8649217.4782733,ok,15032.16513178503
1111,8649015.336477194,0.1443138769261349,44383.189193127175,775288.26180395,0.02862366901431981,8648380.131618563,ok,88766.37838620011
1112,8648575.13630534,0.2205107677522144,19039.399392438827,137724.37152097732,0.06912138782037885,8647917.121450704,ok,38078.798784877654
1113,8647683.453707209,0.3122184087279617,10528.568780072905,42866.65038916546,0.12280605884165374,8647036.967688648,ok,21057.13756014559
1114,8647077.902144548,0.2003550961730718,24068.206856922006,598797.4798074821,0.020097117697172102,8646836.051351566,ok,48136.413713844006
1115,8646944.606164712,0.28590212237552715,13308.45610612963,129305.71273992608,0.05146120702685838,8646602.17155727,ok,26616.91221224863
1116,8646519.760827864,0.2731926819914985,9958.263213032427,36775.93107627342,0.13539104139034513,8645845.631014436,ok,19916.526426064855
1117,8646332.867071513,0.14075937113420298,20613.583453499014,260925.12390117475,0.0395009555716574,8645925.738949427,ok,41227.16690699803
1118,8645939.922739673,0.3711208983354026,8259.901946251215,17142.066125042886,0.24092492369354196,8644944.914616616,ok,16519.80389250243
1119,8644562.538462754,0.23381617675324384,14839.281419656694,205930.3515348815,0.03602985501907217,8644295.209883684,ok,29678.56283931339
1120,8644126.821623527,0.3718755914222676,9282.662762345217,44107.56097794457,0.10522756820522104,8643638.425609052,ok,18565.325524682605
1121,8643648.822518975,0.16726841531490394,16928.325717420626,282369.63003835524,0.029975471716135325,8643395.105244601,ok,33856.65143484068
1122,8643418.254595956,0.3543579777089826,8633.158291340138,7954.720863474062,0.5426436979694208,8641075.890125772,ok,17266.316582680276
1123,8642246.908362221,0.07383472723972047,61785.668148673496,594049.7735635751,0.05200378057383537,8640640.364197714,ok,123571.33629734699
1124,8640405.981756922,0.23136528433722964,22106.318800333444,316564.4262910285,0.034915987022512675,8640020.049786747,ok,44212.63760066688
1125,8640106.460761935,0.27821465736418877,14434.93204050825,113201.66882334533,0.06375759381707705,8639646.292495025,ok,28869.864081003805
1126,8639399.832337456,0.09449112400546288,39113.05110147242,961721.604223697,0.020334913414493026,8639002.152083693,ok,78226.10220294484
1127,8638942.668060318,0.33447963370819866,10612.67790548132,99335.30532419041,0.053418459181485446,8638659.211609567,ok,21225.35581096264
1128,8638924.294122139,0.11492957436621365,23663.122288048577,450950.1112810846,0.026236962466674018,8638613.86989648,ok,47326.24457609715
1129,8638709.200869335,0.22483602244199258,14463.93309708519,344785.8314920413,0.020975242855098386,8638557.50861466,ok,28927.86619415814
1130,8638686.807605237,0.2916686783975314,11520.806338263494,131084.0194857551,0.04394435867720497,8638433.670382248,ok,23041.612676526987
1131,8638380.250044703,0.34980842291056286,7288.830137240067,3981.27633903242,0.915388623716018,8635044.193950789,ok,14577.660274480135
1132,8635199.998943226,0.08264125312870121,69341.7076324232,1411866.3530868765,0.024556753364373293,8634348.595337128,ok,138683.4152647716
1133,8634031.524242343,0.20414347827740245,23922.535266324012,204755.65412884165,0.05841727635826568,8633332.779565422,ok,47845.070532648024
1134,8633299.87463054,0.2726499338593512,15846.315055461495,123680.65092332507,0.0640614151735234,8632792.30594667,ok,31692.63011092299
1135,8633239.154078772,0.08815476792346187,36307.48594305603,710343.7158440299,0.025556280103017102,8632775.211938472,ok,72614.97188611203
1136,8632754.435929753,0.2796103797685245,13359.767918840886,140926.8914985097,0.04739964025596266,8632437.811833125,ok,26719.535837681768
1137,8632141.194289781,0.3225144336812037,7593.624060349631,2738.3977704112585,1.0,8627285.967999842,ok,15187.248120699094
1138,8626803.622427447,0.19865159797338386,26482.027111197523,197283.32869887128,0.06711673836266996,8625914.92878498,ok,52964.05422237163
1139,8625813.413463866,0.3076644902501111,11246.645248250277,22689.537459744493,0.24783769321441526,8624419.742156504,ok,22493.29049650055
1140,8624849.135839002,0.19652834546347772,16834.78845065159,102642.58448007419,0.08200684216948813,8624158.851919288,ok,33669.57690130318
1141,8623736.555005156,0.30690470482036,9447.608050625324,12220.396291645771,0.3865508051111236,8621910.564755984,ok,18895.216101250648
1142,8622327.237483274,0.164778374822129,23037.028540545492,141560.60855878788,0.08136807539570085,8621389.998145685,ok,46074.057081090854
1143,8621531.962963436,0.2958107549321579,9466.923055835257,19797.944217620825,0.23908853747070827,8620400.246569553,ok,18933.846111670515
1144,8621844.813361738,0.058012983006826606,73664.16851028736,1253373.6121562358,0.02938635686751037,8620762.452589642,ok,147328.33702057472
1145,8620730.263624953,0.32146476998809764,11186.307089718746,40129.6650728311,0.1393770303018575,8619950.706493847,ok,22372.614179437493
1146,8619809.020663697,0.29891573941483196,11781.215582574983,57688.5033781222,0.10211060170303268,8619207.527157731,ok,23562.431165149967
1147,8618988.346672628,0.1721153031199701,21027.19056873434,385813.93150368147,0.02725042935435536,8618701.846687071,ok,42054.381137445875
1148,8618711.272234932,0.350136501735479,9620.053723826299,13381.802254920367,0.3594453699347221,8616982.330350155,ok,19240.10744764416
1149,8617291.9108501,0.11164289318102046,43047.834740797065,658463.0597134067,0.03268811674836661,8616588.334526215,ok,86095.66948159412
1150,8616591.43357959,0.27043619380008926,13363.335057508571,56368.19885959853,0.11853611901627248,8615799.414642176,ok,26726.67011500704
1151,8615208.759523466,0.359887742726254,7765.525599125196,5787.876846512214,0.670844059493484,8612604.031164957,ok,15531.051198244557
1152,8612692.04571366,0.16346584115238583,31752.861277773933,484013.6191353953,0.032801619647082246,8612171.27307449,ok,63505.72255554786
1153,8611564.067137357,0.24194312720513592,18527.561889643483,143386.44061084447,0.06460709189346536,8610965.561190573,ok,37055.123779286965
1154,8610951.442794368,0.12893904831246636,21377.41627193558,400865.20729554683,0.026664095415213477,8610666.438060766,ok,42754.83254387116
1155,8610687.647409158,0.28548866710007276,11368.632209319372,104237.21350058685,0.05453250248892814,8610377.667427031,ok,22737.26441862872
1156,8610218.463436902,0.343642127681447,8312.62812640566,7454.771898825091,0.5575373894213833,8607901.162944488,ok,16625.256252805077
1157,8608316.422743687,0.15003077052401795,27927.386055714065,179842.08759456725,0.07764418893611005,8607232.223123986,ok,55854.77211142813
1158,8606935.34494158,0.28927167443333623,15402.437174586958,57787.84787037039,0.13326709457270047,8605909.025915783,ok,30804.874349173915
1159,8605949.522498418,0.20035943506170778,17822.78579104146,445085.3729936657,0.02002176084912041,8605771.100721031,ok,35645.571582067205
1160,8605762.452875158,0.33921826025101,10121.432901063461,30997.570551838853,0.16326171246447946,8604936.231641147,ok,20242.86580211761
1161,8605159.225526065,0.32026609339954043,10831.163250298323,51837.6970824388,0.10447187915266809,8604593.449536981,ok,21662.326500586325
1162,8604539.012334563,0.3536126048183879,8800.105122040073,26040.25075435364,0.16897120548212835,8603795.530149141,ok,17600.210244080103
1163,8603389.172241531,0.23902832669950116,12414.282138474759,279529.2538235769,0.022205693981335407,8603251.338366449,ok,24828.564276938825
1164,8603115.634632703,0.29507139813816957,11068.055776541241,227145.92829428034,0.024363315379798384,8602980.807365939,ok,22136.11155308248
1165,8603050.160964126,0.36950053247819464,7291.371112101122,8304.571276288158,0.4389974430660857,8601449.714326797,ok,14582.742224202242
1166,8602058.007414833,0.09172622314361516,41112.507041738645,477325.39799429994,0.04306549286345496,8601172.742225531,ok,82225.01408344167
1167,8601275.455420988,0.22481707048785202,17229.701179025185,153915.47753756636,0.055971307936915925,8600793.270965813,ok,34459.40235805037
1168,8601061.752395477,0.18032767439292605,25555.240082402946,571969.5088470137,0.02233968741962981,8600776.30435779,ok,51110.480164784065
1169,8600957.819549687,0.29293765726744025,12052.507548036585,165096.0190931046,0.03650150868035064,8600737.852195246,ok,24105.01509606275
1170,8600734.848540658,0.2947428672920319,10376.828869620726,126348.73289204326,0.041064237970977704,8600521.790255615,ok,20753.657739241356
1171,8600530.042026315,0.17908038833817005,18424.695121340068,634399.6285344822,0.014521363421903872,8600396.266179416,ok,36849.39024266038
1172,8600460.406005017,0.22813635471844035,13977.744696491392,342807.78615295695,0.020387145889175753,8600317.922844853,ok,27955.48939296874
1173,8600271.296296667,0.3451002032651156,6759.093226407891,2540.383214577898,1.0,8596052.586284837,ok,13518.186452815782
1174,8596344.95781445,0.1034046778356577,45751.746611512805,838986.3059361484,0.02726608663800692,8595721.222270975,ok,91503.49322298515
1175,8595821.22946519,0.17465317701723262,28402.06014541341,294360.0210649631,0.048243745945284605,8595136.118578201,ok,56804.12029080234
1176,8595126.162380427,0.29249589479260446,14781.448178141174,98645.77113670812,0.07492185426609074,8594572.435627306,ok,29562.896356268648
1177,8594252.92209116,0.33884149700572525,10669.06343830857,61708.68016498506,0.08644702341537394,8593791.767702723,ok,21338.12687661714
1178,8594123.196777936,0.09731948166946895,26996.66908903522,465558.650833865,0.028993843246904894,8593731.828182058,ok,53993.33817806974
1179,8593800.29390978,0.2374698176033619,12558.496507612424,224491.62837396332,0.02797096844674357,8593624.657255003,ok,25116.99301521461
1180,8593756.05161618,0.210670337639731,17258.671765279672,490371.1098629641,0.01759756174267961,8593604.196345188,ok,34517.34353054343
1181,8593480.114016019,0.37492073092597056,7367.428408037367,16020.299292077278,0.22994041102842802,8592633.079257837,ok,14734.856816069054
1182,8593174.011147942,0.060880023557378336,60870.54673448425,1171326.763307028,0.025983589140671275,8592383.193509385,ok,121741.09346896577
1183,8592337.283615276,0.23694994271615305,13564.343768586503,339098.4434462769,0.020000598691535268,8592201.63611716,ok,27128.687537173006
1184,8592045.932669839,0.35188111021215174,8134.696700981393,30124.021524559197,0.1350200984013609,8591496.758895323,ok,16269.393401962785
1185,8591168.021179223,0.21170776024913535,18687.57018169203,504119.98555797944,0.018534843605741903,8590994.835583879,ok,37375.14036336738
1186,8591057.269872045,0.3757567290932233,9153.31618895004,26929.818118627227,0.16994760507904685,8590279.477789624,ok,18306.63237790008
1187,8591200.802836346,0.07276353473986875,61849.24987965092,1419085.058354442,0.02179194598503163,8590526.89508005,ok,123698.49975930183
1188,8590687.419013815,0.11562258769142406,34790.54167181536,904087.1108883439,0.019240702169523595,8590352.721788503,ok,69581.08334363069
1189,8590489.3495408,0.17621719226130234,23004.93595802576,485834.2636496929,0.023675703505561408,8590217.020519348,ok,46009.87191605052
1190,8590250.43417881,0.29217144854298593,10843.89767661671,111553.13204326887,0.048604182948492274,8589986.904785536,ok,21687.795353233418
1191,8590065.855551485,0.35066233273109565,7508.470951308542,8224.136142836363,0.4564899474486933,8588352.084796494,ok,15016.941902617082
1192,8589272.2719851,0.05254106252077168,54688.55796583269,681878.3918532837,0.04010140123167281,8588175.728082215,ok,109377.11593166535
1193,8588042.546840198,0.22547480324917238,16635.91061891307,262983.1379743558,0.03162923438181668,8587779.456282137,ok,33271.82123780998
1194,8587882.497991718,0.30673761572827657,10379.614189510248,35695.273978912286,0.14539199496888885,8587127.941584708,ok,20759.22837902049
1195,8586344.182959143,0.3217223668377332,9561.221702019138,71013.44131653997,0.06731980259483779,8586022.35318037,ok,19122.443404030997
1196,8585923.169678617,0.22119565151802362,13979.696388290682,411366.1759342826,0.0169917912630279,8585804.399637142,ok,27959.392776581364
1197,8585870.922350602,0.3613569942230881,6963.679991025912,9402.649541969859,0.37030413395408857,8584581.582606498,ok,13927.35998204667
1198,8584787.712135099,0.06099107164678705,64915.61652988546,1293676.1960586368,0.02508959225177825,8583973.358960345,ok,129831.23305977062
1199,8583987.230603594,0.22190216265924878,16490.08080592207,410490.14222433517,0.02008584264236746,8583821.62201948,ok,32980.16161184414
1200,8583931.835753564,0.23243534189977094,13222.984806906663,235798.36663797346,0.028038754032610008,8583746.457744276,ok,26445.96961381331
1201,8583870.22796574,0.2877227591178743,12160.674236521458,238490.50950499662,0.025495090479201395,8583715.209220765,ok,24321.34847303139
1202,8583393.420870183,0.2075241269419052,13215.124084855677,258459.48970872103,0.025565174836004036,8583224.497391328,ok,26430.24816970052
1203,8583235.794552458,0.34391928185123266,7915.503195056301,7311.542900254813,0.5413018362225871,8581093.456345404,ok,15831.00639010702
1204,8582090.62003091,0.06998522574240122,68263.04386614767,986637.4360969078,0.034593783576768136,8580909.881548012,ok,136526.08773229533
1205,8580803.87976129,0.20966285110478877,21171.44735117411,192355.1018359865,0.05503219605068275,8580221.324140636,ok,42342.89470232861
1206,8579943.602499641,0.34241685829380786,10242.141260594886,27948.039062229367,0.18323541837389087,8579005.240980176,ok,20484.282521180692
1207,8578893.151659785,0.22833615637460714,15092.59485024547,323880.56889460044,0.02329963001756523,8578717.325721778,ok,30185.189700490937
1208,8578786.277979203,0.32460216173558093,11142.889699831012,46736.00800125273,0.11921097004618295,8578122.100634085,ok,22285.779399662024
1209,8578269.292117232,0.15380596260373916,16751.896548790824,190588.6286710049,0.04394778603950196,8577901.187734593,ok,33503.79309758164
1210,8577992.34760707,0.34955230084141,9036.361601836248,36664.25220912835,0.12323122738592841,8577435.566641422,ok,18072.723203672496
1211,8577480.024371188,0.10269580654167824,31633.092457891064,821500.685956287,0.019253235571597745,8577175.504680714,ok,63266.18491578213
1212,8577218.090686396,0.40705959339035164,6384.672303994716,4856.47293474158,0.6573363415989524,8575119.652119089,ok,12769.344607989431
1213,8574311.910928294,0.2167478983209178,19542.982879400963,206345.7116954967,0.0473549528091004,8573849.182412293,ok,39085.96575880157
1214,8573942.4421055,0.16050166523268664,22772.105705763322,725459.9795456599,0.015694942758954812,8573763.738657722,ok,45544.21141150781
1215,8573822.506458022,0.36122092891670743,9763.16039281443,50029.05764572144,0.09757489799180127,8573346.18676832,ok,19526.32078562886
1216,8573321.702694286,0.2943330176281804,10548.786545855237,151265.2703718619,0.03486850127568179,8573137.792505719,ok,21097.573091701495
1217,8573115.512220297,0.1792973927020289,14740.80267180557,317761.9801930779,0.023194723709313483,8572944.557797685,ok,29481.605343596682
1218,8572846.006152531,0.36337723741471833,7277.986066514919,19969.20330348278,0.18223025615763006,8572182.871519925,ok,14555.972133029838
1219,8571987.169265114,0.10891171981351104,22794.98993325136,455983.31663088157,0.024995420996623767,8571702.284080116,ok,45589.9798664791
1220,8571671.892439477,0.3409943586811627,6751.7486942023625,4254.86378983768,0.7934153744625438,8568993.421830233,ok,13503.497388400041
1221,8568285.262664085,0.09076074935246173,45996.61440656167,1087380.2236814736,0.02115019815738136,8567798.843909452,ok,91993.22881312334
1222,8567833.730283683,0.2451195405613323,17989.22225725084,135290.14967231476,0.0664838582144465,8567235.733832713,ok,35978.44451448423
1223,8567216.42932931,0.3050472556898573,9408.451181024036,37425.37611491643,0.12569614734311463,8566625.12629635,ok,18816.90236204807
1224,8566578.186970565,0.1624608683310103,19813.011724506374,555237.5761216768,0.017841922608066135,8566401.435859656,ok,39626.02344899405
1225,8566406.822533894,0.33036669447736267,8972.282983110134,20189.16735051501,0.22220537447972705,8565409.977783795,ok,17944.565966220267
1226,8566095.738755703,0.06383649757210559,40564.31582751833,485614.46437511017,0.04176596745292234,8565248.6348084,ok,81128.63165503531
1227,8565179.097218988,0.30458421146245057,10697.9993871283,146428.24050124778,0.036529836561947686,8564983.699134411,ok,21395.998774256597
1228,8564838.54376435,0.33026047278508575,8170.187580243861,78443.14640015096,0.05207712818253385,8564625.803811403,ok,16340.375160487709
1229,8564389.504768383,0.37194663600804984,6387.007708191952,5155.649257527175,0.619418368973317,8562411.389819767,ok,12774.015416383903
1230,8562249.961019853,0.1498360158813691,34770.83423168457,731098.8133271806,0.023779845896237255,8561836.538479997,ok,69541.66846336913
1231,8562130.633596983,0.16690482052579758,31440.361949095175,822076.004737827,0.019122539624010802,8561830.0238134,ok,62880.72389819035
1232,8561689.296547133,0.26996436719323286,16130.315633241893,99927.43360262219,0.08071014661192409,8561038.356477305,ok,32260.63126646987
1233,8560866.634994082,0.321629401403941,11396.047566641835,29792.681502553052,0.19125582176389969,8559776.854772974,ok,22792.09513328367
1234,8559532.661407098,0.16441385088581253,22675.044405158034,435749.79486555513,0.026018422351930335,8559237.676966006,ok,45350.08881031607
1235,8559246.042176612,0.3058900424888105,11608.419305758896,46211.264094869344,0.1256016204396336,8558517.02403884,ok,23216.838611517793
1236,8558794.49363083,0.13069509828943573,30789.471371520012,993410.8620995983,0.015496846544664163,8558555.923774311,ok,61578.94274303999
1237,8558550.405675562,0.2846964530204495,11826.089131798548,94828.07021607236,0.062355424426817824,8558181.695272,ok,23652.178263586644
1238,8558286.342656802,0.2599941545586014,12734.215511898048,157568.87063080491,0.04040841144865226,8558029.05794686,ok,25468.431023796096
1239,8557921.083285045,0.3505499704623952,7591.061261863501,6383.940182701657,0.5945435768988515,8555664.474927502,ok,15182.122523727003
1240,8555222.579741364,0.0992826986186247,52946.36262736849,796075.6279164419,0.033254605951160886,8554342.224528505,ok,105892.72525473699
1241,8554554.131601188,0.23505270274108153,18934.422023926865,159584.05749160738,0.059324290663942535,8553992.496023336,ok,37868.84404785373
1242,8554177.282952141,0.23020608284920535,18810.808228721944,306512.7535862788,0.03068519663314267,8553888.676277477,ok,37621.61645744389
1243,8553951.44054845,0.30675458502195785,8477.512681035674,10784.474722684281,0.39304244754748713,8552285.429381814,ok,16955.02536207135
1244,8552245.350403102,0.28026376342654113,14548.572204739634,197815.67556228786,0.03677305189132649,8551977.852702787,ok,29097.144409479268
1245,8551686.54374412,0.3564420296526271,7940.703714017707,15994.26713086023,0.24823593507127537,8550700.959738335,ok,15881.407428035413
1246,8550450.206682853,0.2802841697781183,10240.828978391153,124537.46665692104,0.041115454060916656,8550239.678516151,ok,20481.657956782306
1247,8550177.3195725,0.356801933100127,7583.801281314823,46581.66351331245,0.08140328950626108,8549868.64638687,ok,15167.602562629647
1248,8550000.087048015,0.10901497887222196,35167.73247864492,1011646.6815268239,0.01738143025664264,8549694.454303334,ok,70335.4649572563
1249,8549696.847568251,0.4136836474917651,7007.70869291735,15029.837959795028,0.23312655504547167,8548880.00607508,ok,14015.417385834699
1250,8548735.054003824,0.12145453590702773,22866.631771196415,509484.9561416027,0.022440929310620333,8548478.479770249,ok,45733.26354239171
1251,8548470.649102874,0.3743163313331821,8026.239617647718,44831.542816635076,0.08951554099393522,8548111.412512112,ok,16052.479235288512
1252,8548166.138206793,0.37078025115265134,7531.69368849925,62633.108623835236,0.06012549795135858,8547939.714790074,ok,15063.387376998491
1253,8547890.813728642,0.34404675887936104,6132.471239149907,1811.4613799735212,0.9999999999999998,8543569.803869465,ok,12264.942478295732
1254,8544179.027103959,0.06000259364747482,93150.32945033349,2167709.320109922,0.02148589033275226,8543178.318222443,ok,186300.65890066625
1255,8543274.755221233,0.23601690696815278,19438.83493870852,335256.6091535998,0.028990979458666695,8542992.97978903,ok,38877.669877397064
1256,8542884.155162435,0.2924560175123983,14304.533487611328,170730.42575564314,0.04189216252551435,8542584.531241579,ok,28609.066975207177
1257,8542403.738668768,0.3482655048044034,8847.05800543978,20632.99845657786,0.21439099179061177,8541455.373898659,ok,17694.11601087956
1258,8541866.620451052,0.09148858904369728,39870.38039611275,884470.4003850383,0.022539126452821877,8541417.298678318,ok,79740.7607922255
1259,8541742.981701955,0.13296197321472966,27554.489201735156,759236.8290560312,0.018146175308693866,8541492.977406157,ok,55108.97840346969
1260,8541402.864626825,0.30336272166079514,9380.898413762772,49206.54585333011,0.09532165132789856,8540955.763262955,ok,18761.796827525544
1261,8540865.65159697,0.22399863295627548,18209.453549652313,503772.3202357934,0.018073098519117998,8540701.100972978,ok,36418.90709930462
1262,8540695.989597328,0.3612553852463124,7718.432452076533,42236.36375341958,0.09137188628663169,8540343.365731167,ok,15436.864904146278
1263,8540443.439830227,0.09746879945148808,24766.489482350284,439522.17408091115,0.028174334473726744,8540094.55015102,ok,49532.978964700305
1264,8540060.092861217,0.33868219439409186,8046.385647267296,75617.05466945024,0.05320483376693912,8539846.039555822,ok,16092.771294534588
1265,8539661.194991449,0.2194432995751811,13428.480614875192,398028.4422169878,0.016868745032490126,8539547.934183616,ok,26856.961229738634
1266,8539487.89752819,0.3820854583244782,6966.095906795203,55299.96185999678,0.06298463572571086,8539268.51902163,ok,13932.191813590405
1267,8539142.798794568,0.3360431658359048,7581.892440836977,18716.124636241955,0.20254974221948113,8538374.943614854,ok,15163.784881673952
1268,8538473.119778994,0.0988390618056462,33400.78511311569,894248.8384243626,0.01867533044379839,8538161.23442946,ok,66801.5702261863
1269,8538111.48408422,0.36819199064830027,6611.749453953087,5789.123530618725,0.5710492632419645,8536223.666757012,ok,13223.498907906174
1270,8536262.649668645,0.13196181713841762,36404.27330884189,574949.452688877,0.03165867289601663,8535686.394178296,ok,72808.54661768378
1271,8535828.339297092,0.29746178650889277,12567.51048641167,132717.80896817162,0.04734673735242875,8535530.823988006,ok,25135.02097282334
1272,8535517.148661476,0.365910192229868,7505.434916355955,9361.939993714554,0.4008482708388953,8534012.878357418,ok,15010.86983271191
1273,8534030.32266267,0.1257642872484205,38543.71954456379,637159.8783818538,0.030246505510085103,8533447.416249879,ok,77087.43908912757
1274,8533325.993045382,0.271961443762136,10664.620281357533,52900.809664276734,0.10079827084914372,8532788.50540357,ok,21329.24056271477
1275,8532704.677135898,0.21695267637822055,13233.215806197697,148456.9583219686,0.044569200244214666,8532409.780213328,ok,26466.43161239539
1276,8532425.200132333,0.3649449595461515,8186.772241869177,27467.680132116944,0.14902554934547763,8531815.181016976,ok,16373.544483738353
1277,8532135.176197153,0.19888885475157136,15732.415949939374,109958.59561823745,0.07153790870774833,8531572.444129163,ok,31464.831899878744
1278,8531573.9511243,0.3413837218213566,7372.146618723523,23531.017239301196,0.1566474271756229,8530996.537224006,ok,14744.293237447046
1279,8531499.15431463,0.09042126402794398,42451.63652306516,1012853.6640957169,0.020956451078728282,8531054.336492626,ok,84903.2730461303
1280,8531064.830038335,0.34231700340244653,8925.479594258606,35635.99555780117,0.1252312367670714,8530505.95561417,ok,17850.95918851721
1281,8530192.293249637,0.3829674541327153,7200.70100214472,12913.509187072537,0.27880496686962525,8529188.497647466,ok,14401.40200428944
1282,8529116.234138777,0.19313436437605094,21919.799707728755,336740.22534139873,0.032547046741305874,8528759.521765955,ok,43839.59941545718
1283,8528507.880707353,0.3561889622986269,7660.763354094288,10811.356726573134,0.3542924143491153,8527150.805535113,ok,15321.526708182846
1284,8526461.078579659,0.17721045297095475,22018.852111666056,347897.99609306914,0.031645557546953515,8526112.67915385,ok,44037.704223331835
1285,8526156.721588567,0.3548145258844206,10101.876556721407,43627.74363197128,0.11577353898860071,8525571.956588868,ok,20203.75311343357
1286,8525852.958285194,0.16026014028871133,23642.66245718856,696386.8588433583,0.01697523593168967,8525652.288398562,ok,47285.32491437712
1287,8525671.078410374,0.2637381154567092,12390.383986508801,95274.08256448212,0.06502494515296386,8525268.2363908,ok,24780.767973006652
1288,8524996.786720065,0.195563790625625,16680.14826542088,485550.75588116056,0.017176523837503177,8524853.533237917,ok,33360.29653084176
1289,8524794.377622182,0.4035535592852254,5973.4437792653525,4902.820710948019,0.609184399291476,8522974.913241994,ok,11946.887558530703
1290,8522998.676900072,0.12132435102699109,31539.42342307385,311275.1670066542,0.05066164404692075,8522199.75737862,ok,63078.846846147695
1291,8522214.126047619,0.3072392134960152,14683.862423979597,184263.8221071072,0.039844670147578656,8521921.58922023,ok,29367.724847959194
1292,8522181.325499637,0.19618491331164367,17570.248142305118,357856.3636108744,0.02454930235837673,8521965.656832557,ok,35140.49628459797
1293,8522139.974336939,0.24762767032493982,17483.566211705267,547750.841098303,0.015959415212077742,8522000.460590659,ok,34967.13242341053
1294,8522060.3340029,0.3445695599229245,10692.853284850833,52752.84312453025,0.101348597075696,8521518.481163323,ok,21385.70656970166
1295,8521431.20497777,0.12347954864197959,29178.470207780018,912315.127528853,0.01599144271936739,8521197.902060285,ok,58356.94041556002
1296,8521278.823772496,0.20061510898354856,18555.653215618342,700091.4146748948,0.013252307360628848,8521155.87116265,ok,37111.30643123668
1297,8521114.037911976,0.35627989194872245,8397.11853849626,14629.895392560664,0.28698491387594655,8519909.114741689,ok,16794.237076985806
1298,8520211.027578905,0.09946334109709486,34332.998186179306,711325.4877870589,0.02413311400733694,8519796.746499185,ok,68665.9963723586
1299,8519810.610828599,0.27575229752392927,12211.510212954963,68213.64393154693,0.08950929395598141,8519264.088999951,ok,24423.020425909926
1300,8519240.491471909,0.3329143043332856,10550.539516381017,43675.52797219234,0.12078319377270508,8518603.327542502,ok,21101.079032762034
1301,8518323.983480198,0.3049157680785009,10398.426476981884,211373.84250799567,0.024597240494855795,8518196.097181786,ok,20796.852953963768
1302,8518142.735564712,0.3755442284475201,8014.905101361326,33720.35525163389,0.11884372275367668,8517666.474984832,ok,16029.810202722652
1303,8517775.980508842,0.09134526956243816,26260.31707518695,477776.54903395637,0.0274817978491035,8517415.140146185,ok,52520.634150373895
1304,8517426.101315243,0.42428186669907514,5988.170171572812,12815.194590181067,0.2336355538510869,8516726.576587947,ok,11976.340343145625
1305,8516846.898271976,0.10299294836414769,40596.509391728934,1293507.7578472856,0.015692410480510566,8516528.36972725,ok,81193.01878345787
1306,8516499.57619502,0.3696796731379789,8494.374430027812,76832.35374940436,0.05527862948031619,8516264.797506627,ok,16988.748860055624
1307,8516266.832135214,0.36655624724099906,8364.14640159415,184042.0486511528,0.022723465813641815,8516171.800937805,ok,16728.292803188015
1308,8516203.564630482,0.3541899248924691,7287.974535549474,74823.69099536414,0.0487009825270516,8516026.098870225,ok,14575.949071098948
1309,8516174.416426774,0.1865170861670798,15547.776058825588,444762.9555242891,0.017478721941329153,8516038.538799504,ok,31095.55211765106
1310,8516058.709566738,0.41009173955063566,4984.449723294765,2589.8130115961612,0.9623184571581742,8513660.395582987,ok,9968.89944658953
1311,8513369.87255913,0.1866885514068395,20882.600998629296,114147.56797092539,0.09147194885461037,8512414.786453882,ok,41765.201997258584
1312,8512658.652404556,0.1953967599031018,18801.376943324958,338914.628726034,0.027737629700433045,8512397.899588801,ok,37602.75388664991
1313,8512313.948401507,0.34743834175192284,9454.238478170726,26009.31594136336,0.18174715743168354,8511454.807916962,ok,18908.47695634145
1314,8511245.929745179,0.33117569538212505,10946.58474552216,71091.0126074069,0.07698993405800529,8510824.54132632,ok,21893.16949104432
1315,8510915.553308275,0.19506350979027823,17180.860718137254,369087.6457128422,0.023274770799974594,8510715.613010593,ok,34361.72143625475
1316,8510722.291077435,0.3958037816415195,6797.460553564857,8908.11246348855,0.38153203506497213,8509425.566598296,ok,13594.921107129505
1317,8509998.480727322,0.183474386887495,23473.253100072583,216263.69327921537,0.05426998111459827,8509361.534226103,ok,46946.50620012346
1318,8509647.363998566,0.1592021037219947,26360.59736260189,803534.0939477071,0.016402911563524396,8509431.168724917,ok,52721.19472520378
1319,8509396.216856198,0.2863863793779301,12382.322498749525,134611.34168350397,0.045992864880073196,8509111.467613406,ok,24764.64499748719
1320,8509694.167584825,0.06609133217170846,39926.63331393867,639294.6143926625,0.03122709969320596,8509070.771105371,ok,79853.26662782623
1321,8509008.989613477,0.28916934324215104,10685.4280692297,242929.23328991391,0.021992882298520273,8508891.48793256,ok,21370.8561384594
1322,8508887.413992723,0.27619437652730366,12654.015543462237,345783.6319619945,0.01829759186642625,8508771.64498678,ok,25308.031086924475
1323,8508772.119536126,0.31024501132335336,10071.753156162915,231144.29388967325,0.021786722455217154,8508662.4042908,ok,20143.50631232583
1324,8508711.492866823,0.3934240067468562,7701.250765732077,25696.406094259084,0.1498507366649346,8508134.47381658,ok,15402.501531464153
1325,8508398.506603798,0.13242753343145292,20838.89569220857,496265.0323587483,0.020995732454855094,8508179.742664494,ok,41677.79138441714
1326,8508218.328690663,0.23110746433255497,15127.255819921545,467731.84534150455,0.016170863680317404,8508096.018294802,ok,30254.511639842338
1327,8508078.784227073,0.33802193418233123,9209.12100522695,71584.59439936839,0.06432334416710898,8507782.603497125,ok,18418.242010453465
1328,8507619.15772526,0.3857708092613386,8377.132624965177,54328.97888230063,0.0770963562844938,8507296.234524513,ok,16754.265249930355
1329,8507264.658126187,0.42387094918174517,5665.745069149145,12473.30454373124,0.22711483750296957,8506621.270740831,ok,11331.490138298268
1330,8506508.867098324,0.17814184643812198,18239.481873474757,332091.29638788605,0.027461547580233562,8506258.42489867,ok,36478.96374693522
1331,8506229.461227022,0.3842598921953988,7237.400428138759,38455.54914970445,0.0941008591499256,8505888.938427871,ok,14474.800856277363
1332,8505849.920257058,0.2375952488560827,10706.766175604753,217254.8520228143,0.024641028902039015,8505718.007389667,ok,21413.532351198868
1333,8505735.83326416,0.3842615943042477,5612.537365714066,3100.062538813814,0.9052297002791446,8503195.515505476,ok,11225.074731424069
1334,8502697.339578105,0.085587776987007,66663.74766705524,1911369.0935306088,0.01743874270351324,8502116.073606497,ok,133327.49533411046
1335,8502016.123015452,0.16399949351455484,31464.07458477393,586675.7987233344,0.026815555246392404,8501594.2597003,ok,62928.14916951355
1336,8501570.637554143,0.29052401457143856,14302.76500112285,135574.34132223774,0.05274879030069395,8501193.410778262,ok,28605.53000223175
1337,8501443.041312788,0.20453860072680655,20535.53507822565,567079.5546528155,0.018106396985867506,8501257.129037565,ok,41071.0701564513
1338,8501212.59902416,0.3525953881912321,7118.847730535962,8753.259202535524,0.4066398335647293,8499765.195496002,ok,14237.695461066653
1339,8499817.458250161,0.20005255298161964,20594.13914834335,260051.47994026597,0.039596273693719874,8499409.73266506,ok,41188.2782966867
1340,8499374.736130668,0.3138629898518934,11813.620622583063,43670.833072099864,0.13525755969755557,8498575.795382367,ok,23627.241245156234
1341,8498298.312991302,0.32885211552072613,8754.057765081545,47125.36714597554,0.09288052587436586,8497891.772246925,ok,17508.115530157284
1342,8498052.6593749,0.42470426707792036,6523.214348884123,10946.164139515047,0.2979680491605128,8497080.804648003,ok,13046.428697768246
1343,8496980.017380415,0.23122094565596765,17485.513571899464,312801.0543601701,0.027949895513724884,8496735.658241745,ok,34971.027143798914
1344,8496653.2941716,0.4470225611504162,6484.656218387417,14636.970423565923,0.22151633947237273,8495935.065517481,ok,12969.312436774833
1345,8495890.322358645,0.2036706404894668,21502.598211688914,280609.6662842317,0.03831407252718936,8495478.396304943,ok,43005.19642337782
1346,8495320.299732784,0.3235229493156618,9635.659996581444,76323.19152269753,0.06312406363219182,8495016.178725403,ok,19271.319993162888
1347,8494944.403633147,0.45294511325775605,6337.095764650288,21329.525225082965,0.14855219930535607,8494473.708876625,ok,12674.191529300577
1348,8494683.552399833,0.132753479011063,21223.080413339016,282384.7272364972,0.03757830783030395,8494284.788675394,ok,42446.16082667803
1349,8494383.226089869,0.26295665398372076,9854.21958672097,125152.12950336677,0.03936896489825959,8494189.250877364,ok,19708.439173434035
1350,8493981.075244324,0.33447581216555633,6706.253893799052,38941.69492409525,0.08610634317369611,8493692.34974473,ok,13412.5077875981
1351,8493748.048950482,0.21260883917884948,14842.838189059086,270201.53927487915,0.02746623544205515,8493544.210506316,ok,29685.676378118173
1352,8493592.530865941,0.4318731698569147,5756.874088465522,10818.856523585364,0.2660574190957889,8492826.701334922,ok,11513.748176926558
1353,8492792.283672575,0.11388634247973042,25139.350458022676,529401.4172234064,0.023743183943360998,8492493.839561505,ok,50278.700916045345
1354,8492663.092586104,0.17962461746199876,20387.081463085822,662893.7636767554,0.015377336897852539,8492506.343076093,ok,40774.162926171644
1355,8492498.009456713,0.3451494816390334,8051.3025959631905,67167.8563010909,0.05993419352161479,8492256.73529277,ok,16102.60519192638
1356,8492349.762742499,0.38054970663471915,8200.543263758027,80569.86768328738,0.05089088203541302,8492141.096302569,ok,16401.086527516054
1357,8492026.42250355,0.24193940946277206,11107.65991213092,152293.05147028487,0.03646804566884072,8491823.885179074,ok,22215.31982426184
1358,8492052.724405013,0.18249932494940582,16856.506733999606,366791.66211456794,0.02297831231607229,8491859.057366868,ok,33713.013467981684
1359,8491756.024716862,0.43586699929997746,6030.931281450434,8183.269163586325,0.36849156253387694,8490644.851071144,ok,12061.862562900867
1360,8490218.945852142,0.25736410609847726,17145.405675858616,236442.10997023573,0.0362570899025071,8489908.12459464,ok,34290.81135171723
1361,8489817.922257131,0.31028685130002204,10947.890259247497,113161.0824804186,0.04837303611487598,8489553.130911684,ok,21895.780518494994
1362,8489554.856550029,0.3480255216311096,7205.070909802458,28952.095156001356,0.12443090683039824,8489106.589796485,ok,14410.141819604913
1363,8488944.883375116,0.3640926641920113,8355.01541216224,60683.81374058926,0.06884055975682576,8488657.301406242,ok,16710.030824324476
1364,8488924.587409537,0.24695449566977223,12495.299298904229,170246.41493939457,0.036697687006661456,8488695.313118175,ok,24990.598597808457
1365,8488613.18744091,0.40584223343722464,5999.205556565672,11430.125205861874,0.26242956435372267,8487826.002990572,ok,11998.411113126462
1366,8487598.282613847,0.17018184417750631,23886.351119477004,439260.5756426121,0.02718927265955144,8487273.556357134,ok,47772.702238920916
1367,8487366.227788128,0.38295755982134333,6965.491407931098,29665.426086219904,0.11740083199355575,8486957.35054486,ok,13930.982815862197
1368,8487327.03478276,0.1309117218492319,32495.153822582295,839983.8116779098,0.019342726235206602,8487012.76235058,ok,64990.30764512278
1369,8486972.440088557,0.169085042729364,16375.838852397854,279606.8241916321,0.029283689516058562,8486732.667598298,ok,32751.677704776586
1370,8486723.842511108,0.39817094637829553,5379.676605849065,6193.636937700397,0.43429060017251003,8485555.671020165,ok,10759.35321169813
1371,8485440.821361791,0.2461792683195339,14702.046397190072,185044.47698176058,0.03972570983201844,8485148.796747236,ok,29404.092794380143
1372,8485210.08429989,0.3432100104148142,7664.533036801536,22443.464821357225,0.1707520005892307,8484555.717125082,ok,15329.066073596252
1373,8484506.595612172,0.2521334756425193,15613.997780375314,365152.91883495287,0.021380080748351838,8484339.681345496,ok,31227.995560750234
1374,8484301.072249513,0.3646235092396927,6793.994766454207,10334.553294065336,0.3287028753509689,8483184.469442086,ok,13587.989532903475
1375,8482996.809619078,0.30286002179684207,11361.01038825268,79038.83564719133,0.07186979853147923,8482588.55285522,ok,22722.020776504716
1376,8482523.417432133,0.4086425789586088,6534.911113771055,26053.885071939865,0.12541145199126522,8482113.641086427,ok,13069.82222754211
1377,8482186.82310728,0.2697439503723142,9765.1162645867,81864.99400113459,0.059641586637454364,8481895.61959342,ok,19530.2325291734
1378,8482001.023966338,0.3655885694080885,8565.97898232704,95888.57970405479,0.04466631484565005,8481809.718609245,ok,17131.95796465408
1379,8481799.152137022,0.2357805625680941,7785.000657142222,60434.625215364955,0.06440844656022585,8481548.442237623,ok,15570.001314284444
1380,8481538.98069511,0.3740760363442117,5664.721212767401,4605.201929124925,0.6150350516599176,8479796.979643244,ok,11329.442425534802
1381,8479881.830191968,0.08718011265856115,70586.85436711273,1797576.9190862942,0.01963388982625342,8479188.882931056,ok,141173.70873422545
1382,8479076.484196573,0.28307028398824,13726.503513091897,110202.0397224248,0.06227880875737873,8478649.049052974,ok,27453.007026183153
1383,8478419.187605627,0.3362269676279926,8164.293152603781,24185.34011736353,0.168785990045729,8477730.178454235,ok,16328.586305207562
1384,8477277.85383085,0.26438044074670747,10855.560207198381,179389.27837837776,0.03025699279613923,8477113.625527356,ok,21711.12041438914
1385,8476957.166608151,0.37946879322230825,9290.611963756586,59605.23048083436,0.07793453601982057,8476595.136841783,ok,18581.22392751317
1386,8477136.998369686,0.12157534185865569,25235.964705936007,368545.93659826857,0.03423720383253653,8476704.993935913,ok,50471.92941187028
1387,8476695.752255222,0.4044238762433778,5177.0575826756685,4274.107282410498,0.6056302802670793,8475128.060837844,ok,10354.115165351337
1388,8475195.879223779,0.11375191580832997,36180.51162761826,457602.30618253583,0.03953270245668953,8474480.722523326,ok,72361.02325519551
1389,8474289.481563235,0.315264573651714,12897.244600929516,154318.01854878344,0.04178787649756015,8474020.007330963,ok,25794.489201859025
1390,8474686.042438041,0.07750803093316354,46720.282984709804,1130055.9084606343,0.0206716688240462,8474203.149329428,ok,93440.565969355
1391,8474191.100403905,0.36880760545687885,8997.816817447227,32163.032800869194,0.1398782396106014,8473561.801015522,ok,17995.633634894453
1392,8473282.219205976,0.4138185687629663,7176.55594902245,28178.04029561401,0.12734306349436764,8472825.276896032,ok,14353.111898044794
1393,8472672.324439213,0.3690004340747145,8549.110267344127,46609.70803851902,0.09170954536208427,8472280.30693128,ok,17098.220534688255
1394,8472134.77040464,0.30213019673075264,8359.239481638197,88087.82813662448,0.04744832321596686,8471936.454456259,ok,16718.478963276393
1395,8471947.739842467,0.4027314792846676,6622.524365704332,25473.563266230565,0.12998818218893599,8471517.314890567,ok,13245.048731403585
1396,8470873.482045885,0.3481705810134695,7721.5710281592055,43570.5324905969,0.08861001446132914,8470531.37778565,ok,15443.142056311888
1397,8470527.016392684,0.35871846402658986,8337.00175699162,163348.40354641902,0.02551907939101002,8470420.640087822,ok,16674.00351398324
1398,8470417.303769086,0.4289503754469704,4512.726201731766,1194.1611458739399,1.0,8467098.738713227,ok,9025.452403463532
1399,8467115.389606945,0.13078243011356327,27921.391629057063,622379.8275587303,0.022431150876610222,8466802.235132787,ok,55842.78325809283
1400,8466716.604942761,0.2084304700616201,18090.612470983273,419621.3185595417,0.021555878682574994,8466521.625418903,ok,36181.22494196654
1401,8466700.02615372,0.15620856628314667,27745.032668079428,1055342.774786631,0.013145033694710664,8466517.67145908,ok,55490.06533615818
1402,8466600.611094957,0.313024513521214,13212.761969657031,88640.44322079277,0.07453009873126207,8466108.236867903,ok,26425.523939301853
1403,8465894.22720422,0.22771365906200963,18260.42080357919,716592.312944787,0.012741150354055042,8465777.897820726,ok,36520.84160715838
1404,8465578.85657226,0.3907548407863633,8638.732985518458,57235.821973496866,0.0754661389288568,8465252.890660433,ok,17277.465971036916
1405,8465075.354568023,0.3753804759043789,8371.102208706607,46402.18106215059,0.09020160278128352,8464697.811149888,ok,16742.204417413213
1406,8464675.800489388,0.1996945995430442,13440.302157067319,380217.39157595154,0.017674496820567594,8464557.025200516,ok,26880.604314134634
1407,8464473.13409585,0.4399371365116689,5748.123273011179,4314.249389551627,0.6661788359908155,8462558.495060276,ok,11496.246546022358
1408,8462634.621974919,0.12480442269490515,41025.33524358948,753529.7295563079,0.027222107923828,8462076.223923113,ok,82050.67048717896
1409,8462040.053333586,0.3252399649080774,13649.00161265971,86486.09143133825,0.07890865101410971,8461501.541181114,ok,27298.003225319415
1410,8461439.830818448,0.17606572095087517,17678.956406808757,548942.1006677788,0.016102751442549777,8461297.490898056,ok,35357.91281361751
1411,8461353.22868402,0.32559652085792995,9884.044361913828,177617.21654232577,0.027824004210646108,8461215.721838046,ok,19768.088723817622
1412,8461191.824328732,0.37135404298578156,6837.9798914896555,15285.803143522897,0.22367093921352557,8460427.095636405,ok,13675.959782979027
1413,8460488.10815656,0.12066159247637875,32397.569205011223,1059701.1459038493,0.01528618201944965,8460240.490586631,ok,64795.13841002168
1414,8460246.473094024,0.34732729435073867,11064.32256991633,187963.80924986096,0.02943205560174748,8460083.650215486,ok,22128.64513983266
1415,8460024.78476677,0.3910837614134351,5534.224106942091,3832.320407499402,0.7220461128605352,8458026.802264713,ok,11068.44821388418
1416,8458317.26533235,0.12076324896830197,45955.21540489113,693907.7541495223,0.03311334621214563,8457556.399853373,ok,91910.43080978226
1417,8457923.084532619,0.114410051760411,34840.724701627274,936922.7130374147,0.018593169007866693,8457599.184791252,ok,69681.44940325455
1418,8457691.463820279,0.26895335605840565,14047.669015950483,112750.69590314149,0.06229526524615926,8457253.91218656,ok,28095.338031900963
1419,8457380.033492096,0.3151458047118986,9259.976202824797,85661.35313524147,0.05404990619401738,8457129.783069536,ok,18519.952405649594
1420,8457412.581171222,0.11493597732125083,27292.159904740955,727466.6479468727,0.018758358188493966,8457156.603115607,ok,54584.31980948191
1421,8457193.098140411,0.3013523443630343,10478.557092261504,221002.07367510177,0.023706920297196343,8457068.890981503,ok,20957.11418452301
1422,8457026.050530836,0.2578402164135473,9572.364529837705,161929.61726806586,0.029557176418169274,8456884.584497264,ok,19144.729059668
1423,8456855.92184994,0.42227127817288634,4953.783818843087,3628.89450473118,0.6825472347549066,8455165.326126376,ok,9907.567637686174
1424,8455659.2468818,0.10859841314268333,55676.17725676247,1460639.397794183,0.019058837294421566,8455128.685280044,ok,111352.3545135213
1425,8455027.742665274,0.22573598862689462,21579.94322529168,306260.0971299048,0.03523139878085101,8454647.596872555,ok,43159.88645058332
1426,8454597.229644682,0.2849482052352038,10282.38424217929,99520.96003717829,0.051659390335151885,8454331.638794111,ok,20564.76848435858
1427,8454436.927919878,0.3952754441605404,6612.558907874582,12603.372171771123,0.26233292240172473,8453569.58196845,ok,13225.117815744105
1428,8453482.94553718,0.18841669824601628,14649.516710639762,194494.98598710552,0.03766039683822745,8453207.092230774,ok,29299.03342127952
1429,8453189.439504523,0.37119154589730907,7408.98453798345,15647.445992586127,0.2367474072603887,8452312.410564622,ok,14817.969075966885
1430,8452191.950939495,0.17230028805810976,21416.471250761937,494290.9819238666,0.021663829640797105,8451959.969547154,ok,42832.942501506346
1431,8451896.267916152,0.3379023630551915,10549.754843549217,74409.4280322334,0.07088990684741706,8451522.332347091,ok,21099.509687098434
1432,8451477.820370497,0.2541163906646643,9210.954018957003,121020.42226485648,0.03805537051754199,8451302.557236493,ok,18421.908037914003
1433,8451394.73882915,0.37184234923826937,6048.300447555033,20999.235448966763,0.14401239660019696,8450959.223707747,ok,12096.600895110067
1434,8450908.067164132,0.2822143396216467,10589.625966440364,104072.37594352347,0.05087625736625343,8450638.686896093,ok,21179.25193288073
1435,8450709.491031168,0.291657901048792,10206.939176561209,135695.42459847784,0.037609739631102146,8450517.550868737,ok,20413.878353122378
1436,8450417.62727755,0.2895176836046724,8727.31846943079,103765.19666233505,0.04205320642252805,8450234.121414993,ok,17454.63693886158
1437,8450387.246802561,0.12908291367758046,27685.33591502814,895059.5397133708,0.015465639260095448,8450173.161093533,ok,55370.67183005628
1438,8450134.185394926,0.3157338029499532,8505.329253778775,190545.14383188947,0.022318409912568265,8450039.272682562,ok,17010.65850755755
1439,8450146.090624126,0.24032604268863542,9911.931515549924,258318.57443174292,0.01918547966857299,8450051.00804384,ok,19823.863031091194
1440,8450082.877812998,0.39814094410026774,5521.979011794656,8809.15970182975,0.31342257370176213,8449217.521376098,ok,11043.958023585092
1441,8448948.887367904,0.16017573108293293,26970.886684875615,920981.9728380498,0.014642461785524176,8448751.427279102,ok,53941.77336975123
1442,8448800.21367939,0.27606114515412306,12855.75509192847,167141.9554709251,0.03845759449118318,8448553.01297129,ok,25711.510183856935
1443,8448569.214443617,0.37667934855662466,7492.19852012238,31146.480493465395,0.12027359755292834,8448118.657608818,ok,14984.39704023866
1444,8448206.206852263,0.27625920880657256,8731.289835879288,55105.37743047096,0.07922357347879494,8447860.344861323,ok,17462.579671758576
1445,8447863.241369868,0.37233283096349457,6511.854375646686,33939.0743414187,0.09593447231558291,8447550.885713205,ok,13023.708751293372
1446,8447478.341858579,0.2510913234814349,9756.983615998815,233027.06567345414,0.020935301201602665,8447376.209163168,ok,19513.96723199726
1447,8447374.11922124,0.37767326739646045,5455.243392144013,1898.421737225803,1.0,8443817.297566323,ok,10910.486784284394
1448,8444040.558308305,0.16209604452115556,29409.149406248955,201394.46917281358,0.0730137960765283,8442966.92148954,ok,58818.29881249782
1449,8442871.733277736,0.24270336801123266,21085.847376383197,515412.58681664336,0.020455308926986323,8442656.0745167,ok,42171.694752766394
1450,8442759.043215955,0.31152076464160766,12661.649000017554,57798.514374742,0.10953265094258811,8442065.611225815,ok,25323.29800003511
1451,8442568.226385558,0.2220996655092482,12602.018662933322,92890.03011044077,0.06783299912784109,8442140.810025072,ok,25204.03732586664
1452,8442269.771279756,0.322842716232176,8755.54740403099,51122.158583694036,0.08563358479569039,8441894.886824228,ok,17511.09480805564
1453,8441925.976276983,0.3551824980052424,7524.27226403397,29516.590095141695,0.12745835883787324,8441446.460579872,ok,15048.544528067738
1454,8441727.096422603,0.18283151528574892,11024.818161377,64436.77953958428,0.08554755715720028,8441255.5232917,ok,22049.636322754
1455,8441010.561470138,0.34213394854659085,7373.598855273371,8867.624570752298,0.41575953043802694,8439477.739471285,ok,14747.19771054092
1456,8439739.39729863,0.1647186720493042,31661.15827325562,842658.4680492084,0.018786471312958263,8439441.996577812,ok,63322.31654647062
1457,8439323.663252635,0.2972327973567274,10709.564165347161,56185.536490305356,0.0953053475532361,8438813.323885173,ok,21419.128330694322
1458,8438941.78004372,0.3111398768637885,8288.097331879932,40159.64345102672,0.10318937893443919,8438514.158235606,ok,16576.19466375986
1459,8438228.223750733,0.2209555325700292,10401.616045426788,188817.64833472398,0.027544077942829426,8438084.97228919,ok,20803.232090853577
1460,8438175.187709497,0.4284499580307344,6912.97996530094,52809.38097549296,0.06545219653785583,8437948.952847822,ok,13825.959930595645
1461,8437723.434642496,0.2648658801192224,9703.159715948212,210557.82289444597,0.023041555954946565,8437611.646693727,ok,19406.31943188781
1462,8437569.26728312,0.4433530613944977,4951.413572606878,3891.5723962331467,0.6361713297945589,8435994.293604696,ok,9902.827145213756
1463,8435893.164061528,0.23140799921680316,20452.3793614102,249848.48285951596,0.04092956484532688,8435474.61056787,ok,40904.75872282002
1464,8435490.957357265,0.3452459259486641,9956.442561428477,58988.05945207378,0.08439371165886395,8435070.826785928,ok,19912.885122856955
1465,8434915.670248857,0.43288793355765476,6269.387406163338,11707.309685170156,0.26775525610742473,8434076.339533571,ok,12538.774812326676
1466,8434494.416389111,0.21946509334245712,20459.80498719638,715409.4913252736,0.014299366471428297,8434348.135264387,ok,40919.60997439276
1467,8434328.025220295,0.2629670968499482,12300.631422015626,224204.3918157961,0.027431736110061777,8434159.311382717,ok,24601.2628440188
1468,8434084.83871295,0.3868813566152023,7990.2406786815845,40032.78861984969,0.09979620398864415,8433686.140868604,ok,15980.481357356155
1469,8433591.7320785,0.3511370922941494,10271.31970814244,132045.08269176976,0.03889323062532582,8433391.989675382,ok,20542.63941628488
1470,8433547.076267492,0.14617625629193673,15740.671736125509,298435.3431019779,0.02637199664844453,8433339.519796358,ok,31481.343472250992
1471,8433268.609635726,0.3819229661053988,7299.132140393994,138029.1572728397,0.02644054446397124,8433172.113121772,ok,14598.264280787986
1472,8433197.584349116,0.4802187030336405,4463.149009199693,3272.97186674757,0.6818190303656398,8431676.054384202,ok,8926.298018399384
1473,8431788.366364159,0.0856783983303467,63751.42984158159,2033061.3323820548,0.01567867846044926,8431288.597279219,ok,127502.85968316317
1474,8431429.687569901,0.2362337555403405,19839.714660382124,278169.8276435394,0.03566115496502683,8431075.93400042,ok,39679.429320763666
1475,8431294.778922398,0.1908997742562061,18040.60682051787,422917.78406196606,0.02132873988798087,8431102.38721725,ok,36081.21364103573
1476,8431156.28659781,0.1390547662370978,25285.277239790223,879612.0591531583,0.014372971002769951,8430974.574319528,ok,50570.554479580445
1477,8430947.093115814,0.36242630835400375,8619.238562984743,48077.36445270082,0.08963925811141821,8430560.782040678,ok,17238.477125961726
1478,8430434.74254667,0.12952058166181257,27260.769740153934,790607.0076060606,0.017240404826855064,8430199.749193564,ok,54521.53948030641
1479,8430178.249576362,0.36248841943383137,8855.43407911704,124296.25168829734,0.03562228932423547,8430020.524158934,ok,17710.86815823408
1480,8430095.952575881,0.34725215779274143,7001.920200079705,35569.941952590016,0.0984246784744874,8429751.371703682,ok,14003.840400159408
1481,8429734.241725873,0.36819321924196907,8239.831482999178,124074.83351664444,0.03320508780652048,8429597.43956192,ok,16479.662965998352
1482,8429460.93863282,0.3928178559727266,5740.780591608824,15970.783071874448,0.17972758648631007,8428945.050312681,ok,11481.561183217638
1483,8429033.397101497,0.1637778343184641,25104.473748478413,802648.0998929882,0.01563853060377607,8428837.098560993,ok,50208.94749695681
1484,8428826.435649633,0.31279378168705696,12681.778978231116,317639.4226237532,0.019962539399986254,8428699.855393376,ok,25363.55795646223
1485,8428728.996733623,0.36790260554373183,9267.812064955493,144199.4091592641,0.03213540235355424,8428580.0842988,ok,18535.624129910982
1486,8428560.679759732,0.3947381537318745,5939.35437370684,3265.1901595224595,0.9094959379908646,8425859.770421145,ok,11878.708747413675
1487,8425755.0884338,0.1132206894863336,52593.90749404441,1416064.5964467768,0.018570447854573267,8425266.742225507,ok,105187.81498803315
1488,8425234.965051893,0.18769532025662272,27141.594745895112,457823.3655575499,0.029641993820959018,8424832.69956002,ok,54283.18949179022
1489,8424705.14124308,0.2523834203642378,16042.781180321945,232097.5508314692,0.034560427550506416,8424427.918554734,ok,32085.56236062773
1490,8424365.15241137,0.26813811402387294,13743.354508991608,207581.45987468646,0.033103521184618914,8424137.675697802,ok,27486.709017982623
1491,8424284.62316801,0.3132368469042078,11401.8621208272,139113.30352869848,0.040980487960574685,8424050.996231325,ok,22803.7242416544
1492,8424088.194624342,0.20630488928777505,15639.561495164147,358814.5849502692,0.021793374839169027,8423917.775211351,ok,31279.122990328295
1493,8423960.128598953,0.3823482347006478,8844.500246784679,41699.86810693238,0.10604949905482229,8423491.151188672,ok,17689.00049356125
1494,8423526.156960428,0.41100667222155945,7987.690310993607,37078.591609143994,0.1077129681083107,8423095.968044564,ok,15975.38062198029
1495,8423080.296855066,0.29827716911307145,7552.76768798812,52251.380295531235,0.07227337962432799,8422807.364831902,ok,15105.535375976142
1496,8422887.440389985,0.2736411512832764,11558.457701308762,371179.13313234865,0.015569918496990841,8422797.458267806,ok,23116.915402605075
1497,8422829.474860154,0.42769977698891665,4786.786749646886,2653.4295315027143,0.9019999764109035,8420670.63409252,ok,9573.573499290647
1498,8420433.550578456,0.1152872187019037,47535.987182655044,1342025.515207409,0.017710537781879802,8420012.606629957,ok,95071.97436531007
1499,8420237.167653007,0.1752013362825389,26461.51608946487,611636.9800755143,0.02163171697548263,8419950.963639611,ok,52923.032178929454
1500,8419922.850601275,0.3353024205534885,12803.511483303944,72949.9139235312,0.08775549411014424,8419361.061362993,ok,25607.02296660789
1501,8419273.59233372,0.36091683317447915,7900.565329779049,35563.836965973314,0.11107582876023941,8418834.811412878,ok,15801.130659557992
1502,8418844.786516098,0.3365925681237261,9776.206431300037,145320.88830931482,0.03363661805621305,8418680.367255215,ok,19552.412862600075
1503,8418650.109330615,0.3866745181814497,6564.831093380105,69469.0346898742,0.04725005265070276,8418495.015023213,ok,13129.66218676021
1504,8418573.105774451,0.22867011414077903,13160.593664217968,297086.7878718657,0.02214940919872574,8418427.356087267,ok,26321.187328423588
1505,8418419.68258239,0.4135658568675306,6251.368898898245,5300.179339043596,0.589731827831536,8416576.366978792,ok,12502.737797796488
1506,8416844.21932748,0.07108329951967232,48940.861695603,852729.3073720962,0.028696598834175645,8416142.00119014,ok,97881.72339120596
1507,8416082.981717922,0.23194900633070906,17861.802510108253,192115.53160415433,0.04648713813236016,8415667.80967763,ok,35723.605020216506
1508,8415642.179356266,0.2913361351727395,13395.330993300151,409913.3395059762,0.0163392230775462,8415532.744705617,ok,26790.661986600302
1509,8415478.278695438,0.38904639870190066,7776.524058194258,23040.316146434092,0.16875905714075493,8414822.099261492,ok,15553.048116388516
1510,8414736.406798357,0.3289055652645857,10182.642205613796,92544.15428187959,0.05501504813906753,8414456.307522796,ok,20365.284411218516
1511,8414516.192096345,0.15114649559370913,16474.398618196334,389859.73343003215,0.02112862294504311,8414342.15141802,ok,32948.79723637354
1512,8414305.81261557,0.3854212783638976,5537.247394114499,8257.74677288342,0.33527592613384394,8413377.559741423,ok,11074.494788228996
1513,8413278.041351106,0.3201544584420283,9248.572613860988,72127.87383151733,0.06411233357207106,8412981.567564864,ok,18497.14522771496
1514,8413192.038906293,0.35855875601648274,7711.303778837058,52461.71068961439,0.07349458945839933,8412908.669353586,ok,15422.607557667854
1515,8412811.044167101,0.43626251704847374,5092.649162764339,5866.410798941295,0.43405152974314415,8411705.80808733,ok,10185.298325528678
1516,8411755.952832818,0.2408127270525043,18023.56009546583,171960.67308665544,0.05240605241869253,8411283.681015251,ok,36047.12019093135
1517,8411464.21268001,0.335432862797496,10959.12877002054,77786.21217482464,0.07044390299780814,8411078.210778004,ok,21918.257540031533
1518,8410950.372038603,0.3261450830879213,9008.780933220234,216537.4889554662,0.02080189665234598,8410856.672173634,ok,18017.56186644047
1519,8410913.083037132,0.4084374702797593,5906.343135218317,4850.626062506338,0.6088227642275197,8409115.124960102,ok,11812.686270436634
1520,8408667.29288974,0.12920392647451853,35068.217041542965,657752.7806846732,0.026657596950817507,8408199.875691902,ok,70136.43408308583
1521,8408217.838959228,0.2676783565224339,13889.425268092065,146896.52519257815,0.04727622130572296,8407889.519187836,ok,27778.850536171234
1522,8407897.736800615,0.4188938307507396,6777.220219137334,17284.96227604274,0.196043824421031,8407233.420715263,ok,13554.440438269103
1523,8407496.477594938,0.17319836247583434,26245.539572285343,843814.6620132729,0.01555172051032251,8407292.395946903,ok,52491.07914457068
1524,8407397.661105605,0.2773359484327856,11758.335865775047,110975.94004414439,0.052976959965816806,8407086.200661393,ok,23516.671731550094
1525,8407189.113547133,0.3512862950972439,7494.458103888665,46432.16048787509,0.08070331021798681,8406886.699758496,ok,14988.91620777733
1526,8406676.328978587,0.265215124879085,12167.754244232954,162651.01607092257,0.03740448273291853,8406448.764701825,ok,24335.50848845499
1527,8406160.485243784,0.4300541844531604,5797.038122264594,14194.293587287066,0.2042031217198662,8405568.598603137,ok,11594.07624452455
1528,8405071.772333067,0.1322102001299707,19797.659224423962,426091.51728076075,0.02323169838110021,8404841.805709189,ok,39595.318448829996
1529,8404861.98689297,0.3624084091640325,9202.932762153629,146689.8338424169,0.03136867948204228,8404717.644968914,ok,18405.865524307257
1530,8404470.197708094,0.48757705225910947,4843.676627796817,10033.375467410631,0.24137822029732392,8403885.618686039,ok,9687.353255593634
1531,8403979.192047864,0.19728357515429926,22614.05199777937,824476.8159899447,0.013714183079015268,8403824.125423236,ok,45228.10399555874
1532,8403854.912105517,0.24482056623652654,12889.566121928226,497039.77687681094,0.01296633259708191,8403771.346904833,ok,25779.132243855584
1533,8403812.505669456,0.39045136446428347,6208.669361372938,13679.016351651564,0.22694136777690602,8403108.003710983,ok,12417.338722741126
1534,8403072.761439092,0.2798515954222517,17029.339051353174,443542.6055096793,0.01919695970557844,8402909.3056713,ok,34058.67810270634
1535,8403094.65811938,0.16881617890468073,17576.331851756848,487487.6993264796,0.0180274618990803,8402936.229792988,ok,35152.66370349951
1536,8402976.956037361,0.27546536769218816,11696.054337341626,292195.8159747637,0.02001406881601581,8402859.91321917,ok,23392.10867468325
1537,8402856.651484616,0.415857573132051,7756.894785305267,67245.72929537881,0.05767574288050979,8402632.959150022,ok,15513.789570610532
1538,8402718.115794685,0.2876585358918492,9038.557096292836,205802.55238258353,0.02195929300111475,8402618.875632893,ok,18077.11419258567
1539,8402547.4728193,0.4523573999773468,5368.556936957297,5209.31833059773,0.5152840157054959,8401164.30703079,ok,10737.113873910883
1540,8400848.10572172,0.11820257168905499,25485.986733845297,550810.7383925293,0.023134976278987307,8400553.296872454,ok,50971.973467670476
1541,8400561.3424211,0.3260869703217235,9122.533451240397,49616.52707820811,0.09193039082381756,8400142.023388362,ok,18245.066902480794
1542,8400539.368579336,0.17385138075836365,11620.687578960511,107678.23388658657,0.05396024414367784,8400225.841009896,ok,23241.3751579102
1543,8400363.275500877,0.3885961161718437,5689.139841131329,15982.034769425698,0.17798546690734562,8399856.983395414,ok,11378.279682262606
1544,8400076.88350647,0.2504522551171684,9413.328461404057,108100.42935014876,0.04353973669666606,8399871.956585145,ok,18826.656922800405
1545,8399867.404884659,0.43237651336016764,5444.062725023012,15193.843742692148,0.17915357092050743,8399379.743245907,ok,10888.125450046024
1546,8399564.16966062,0.2888313222930485,7310.626350374319,41872.34360325993,0.08729659867671173,8399245.073253328,ok,14621.252700743433
1547,8399039.782075912,0.4612840626110989,4522.830633766876,3767.0575763109273,0.6003134465223752,8397682.224053016,ok,9045.661267533753
1548,8397361.019109182,0.10028802393903735,26722.39087689529,495938.1053327711,0.026941255964758694,8397001.051722879,ok,53444.781753790485
1549,8396977.21515295,0.37010066517472917,8678.059092210287,47180.49643816467,0.09196659369177958,8396578.169385666,ok,17356.11818442057
1550,8396850.851884281,0.13878862370744227,18987.527215940718,384174.4511597759,0.024712116017371385,8396616.240896558,ok,37975.05443188143
1551,8396506.707588498,0.3158114695391719,9130.263507944877,127614.8988983596,0.03577271771071489,8396343.40041895,ok,18260.527015882508
1552,8396300.03631691,0.43744222261465043,6078.959055408028,19721.569530539913,0.15411955539325692,8395831.593083473,ok,12157.918110816056
1553,8395417.152547121,0.39321036049940533,6714.648390908228,112579.11109593789,0.029821910679265026,8395317.030724844,ok,13429.296781809542
1554,8395271.888325771,0.4577999257561576,5098.938646932627,6523.223270075726,0.3908296892368545,8394275.480022363,ok,10197.877293865255
1555,8394259.79248151,0.28838680585769905,10579.363561754672,118607.78862823897,0.04459809800060577,8394023.882735053,ok,21158.72712350048
1556,8394014.578504544,0.3599399089429454,7031.158629918993,33178.76567603966,0.10595871315063127,8393642.072244352,ok,14062.317259837986
1557,8393455.70958877,0.4705240402331512,5370.420748292145,13227.231215336546,0.20300623240279175,8392910.595147505,ok,10740.84149658429
1558,8393035.145849712,0.12433466778246327,17616.01578072497,368900.35658934043,0.023876387574673863,8392824.842439562,ok,35232.03156144994
1559,8392801.31362756,0.4649625129245844,4800.076418508352,5809.546589449903,0.41311971120304447,8391809.810535677,ok,9600.152837016703
1560,8391624.838455861,0.20786297524685393,15815.674510893317,316257.8321000396,0.025004399742249637,8391427.10773203,ok,31631.349021770646
1561,8391571.200642899,0.2804630468254347,12092.439589307296,221585.79905981937,0.027286133950404506,8391406.22267969,ok,24184.879178604962
1562,8391499.926259952,0.2551466802418646,13692.447128278001,270290.49470065173,0.025329131798442386,8391326.517360974,ok,27384.89425654261
1563,8391333.602860007,0.3973460782927694,7461.918515272111,41819.6128818089,0.08921553789081066,8391000.743322989,ok,14923.837030544222
1564,8391250.547163494,0.10378479237656586,30402.554877481027,876189.6172670942,0.017349301040743347,8390986.815625006,ok,60805.10975496205
1565,8391070.580113802,0.21245532720461308,14702.713913599122,575773.5239890261,0.012767792631152094,8390976.71951262,ok,29405.427827198197
1566,8390978.496180484,0.3470685480258558,7485.14497057305,200807.21070197082,0.018637639914440552,8390908.74346215,ok,14970.2899411461
1567,8390822.225128792,0.47107627079587816,3965.401291587049,3250.5706130296544,0.6099546454539477,8389612.867659345,ok,7930.802583174097
1568,8390049.936291099,0.08676512591530414,49096.6417528032,615451.783289564,0.03988666788028764,8389070.785569282,ok,98193.28350560392
1569,8389129.636628779,0.2747795537266398,15182.556932235068,241534.23251127606,0.03142941018003787,8388891.047224076,ok,30365.11386446951
1570,8389011.797500024,0.3511794528405762,11963.371453673983,148098.3146249357,0.04038996488235416,8388770.19742358,ok,23926.74290734796
1571,8389011.781391826,0.21775719058339116,13645.704294083269,221335.4975653255,0.030825837798692555,8388801.461258216,ok,27291.408588166538
1572,8388810.952315478,0.39335881688850605,6724.12453890116,40627.847387984206,0.0827526557669634,8388532.732733826,ok,13448.24907780232
1573,8388535.840088396,0.261124657056133,11543.503449320833,211726.61093153147,0.027260398205338942,8388378.49983804,ok,23087.006898641666
1574,8388370.178534038,0.43928407938969755,5845.609457130729,33284.70077029282,0.08781225791202003,8388113.520451386,ok,11691.218914256446
1575,8388502.941939648,0.12099153817269499,24358.345995484156,347804.8292519205,0.03501726248004599,8388076.460641997,ok,48716.691990968306
1576,8388074.155886875,0.424220826139333,5049.3431190198135,7356.821352388024,0.343174237701232,8387207.7536489945,ok,10098.686238036313
1577,8386594.4356566975,0.22806799500619235,14854.807739149746,280066.10391368007,0.02652018136355442,8386397.459559016,ok,29709.615478299493
1578,8386302.9660165105,0.4080166812309003,6231.312918620636,21624.419031894187,0.14408047007944993,8385854.060769247,ok,12462.625837241272
1579,8385686.002848454,0.3564310202097212,7632.588894971812,79041.10064630228,0.048282405182631286,8385501.742973644,ok,15265.17778993711
1580,8385456.957268435,0.35158492570010247,6747.943995391518,52224.3368101423,0.06460535841673938,8385238.9805982355,ok,13495.887990782747
1581,8385281.093951502,0.19688082202712234,13224.670715476685,181615.0202314486,0.03640852694513724,8385040.348561459,ok,26449.34143095337
1582,8385009.729036396,0.3422585450688681,7002.448457461097,76924.97101921374,0.045514794251349654,8384850.371535998,ok,14004.896914916084
1583,8384880.438611523,0.41766920931870316,6576.588612496069,73100.8188349673,0.04498300236105016,8384732.521260981,ok,13153.177224992138
1584,8384630.916649329,0.4781745258082519,4266.742739047237,2993.884745389682,0.7125763183799315,8383110.726733097,ok,8533.485478091534
1585,8383024.042408431,0.16199289442053538,24014.79586038637,423436.2521602362,0.02835703808763488,8382683.5481679905,ok,48029.59172077274
1586,8382683.976481784,0.2911553668668513,12089.446549640463,73635.37771144095,0.08208993370697472,8382187.7655488765,ok,24178.893099280926
1587,8382157.13918175,0.4075134450606965,6972.297159494861,20152.233753558918,0.17299067797542647,8381554.067975416,ok,13944.594318989723
1588,8381706.500489842,0.3963151158377594,5940.941063729395,9204.496274757212,0.32271951046479724,8380747.871693949,ok,11881.88212745879
1589,8380613.576701174,0.196577625226893,21010.152903800816,330126.76868557086,0.031821340916179885,8380279.291082047,ok,42020.30580757979
1590,8380078.933468836,0.42929729519137194,6335.566509521012,27448.427903347612,0.11540854965956586,8379713.344197769,ok,12671.13301903741
1591,8379751.822193164,0.27699109765845137,9954.106627769304,144091.79635901144,0.03454085131594926,8379579.9105346585,ok,19908.213255531613
1592,8379538.529797027,0.4897309468404624,5113.680809123996,9065.998251165543,0.28202524793486317,8378817.436248,ok,10227.361618247993
1593,8378880.1740515195,0.3456022652593076,11926.517525732203,127639.89426148075,0.046719395980146135,8378601.574204044,ok,23853.03505145279
1594,8378608.189823693,0.5156540153031893,6007.89365203072,34841.63754856441,0.08621715388171049,8378349.198077942,ok,12015.787304056332
1595,8378182.0294632865,0.22915969558826188,10804.490448784598,261105.19420444884,0.020689918639313888,8378070.257449124,ok,21608.98089755884
1596,8377855.667878204,0.45373259637548646,4317.37940058065,2578.310679462093,0.8372496446939776,8376048.305693632,ok,8634.7588011613
1597,8376301.626385469,0.09245888508970575,36645.693057659475,402201.87685130496,0.04555634268112513,8375466.904510108,ok,73291.38611531886
1598,8375291.732081577,0.31654251949951756,15685.8434935278,235263.24034648298,0.033336792161891796,8375030.274229364,ok,31371.686987038447
1599,8375272.300731566,0.17357414900142218,19546.23648042159,577196.2505976838,0.01693205427112664,8375106.821763124,ok,39092.47296084318
1600,8375059.037464856,0.3716329447530806,9391.489435259089,150918.50871359208,0.031114438895900876,8374912.932002769,ok,18782.978870509516
1601,8374924.082776677,0.29917104556642055,10731.687950802749,241371.87130909707,0.02223061016306228,8374804.796791065,ok,21463.37590159668
1602,8374776.4523312915,0.37384162439054386,6995.9741912915,12202.315268744744,0.2866658514065412,8373773.69888231,ok,13991.948382583
1603,8374493.053243851,0.15088563414941633,30555.770121699043,609936.9821761211,0.025048300902072516,8374110.3681817,ok,61111.54024339808
1604,8374257.666869759,0.27801359345958976,11651.187996690616,115255.13087722218,0.05054520309860337,8373963.211037942,ok,23302.37599338123
1605,8373876.503910959,0.3409275807564879,6495.120108355858,11519.935906153523,0.28190782315405094,8372960.991325523,ok,12990.240216711714
1606,8373000.477015222,0.2395940513313452,12974.706786579234,188363.00276557275,0.03444069853443277,8372777.048032718,ok,25949.41357315846
1607,8372640.640423433,0.3352131832027005,7820.878471490334,41560.43338798141,0.0940904345062966,8372272.705496631,ok,15641.756942974902
1608,8372570.1975915525,0.3212608369951288,6348.427752371168,15046.156762506482,0.21096509402955363,8371900.549262693,ok,12696.855504738389
1609,8371414.361944841,0.3535445478776855,6275.130380274588,11387.703955126743,0.27552219503605574,8370549.893096586,ok,12550.26076054917
1610,8370279.025547782,0.3522437522457767,8122.654201936641,80086.633909964,0.050711671881904744,8370073.068860433,ok,16245.308403873281
1611,8370011.7010368835,0.43825011492099475,6103.8036806829905,17492.701986704164,0.1744671487950336,8369479.244424396,ok,12207.607361365952
1612,8369703.173379197,0.17915179654117017,15560.73180493778,443759.7537582513,0.01753283355819471,8369566.761518807,ok,31121.46360987475
1613,8369465.333350994,0.34866234306585814,9502.981597466973,134944.53070432474,0.03521069563867259,8369298.030054649,ok,19005.96319492551
1614,8369228.106687337,0.27098756586412664,10647.678183037764,264090.6883246917,0.020159132172707955,8369120.782711425,ok,21295.356366075524
1615,8368984.0185446385,0.44413496633274885,5077.236374607549,11354.084783650262,0.2235863335245966,8368416.418211921,ok,10154.472749215098
1616,8368525.92676902,0.11230940353818043,46688.13303562997,1597627.2384049846,0.014611710389415299,8368184.830029751,ok,93376.26607125995
1617,8368176.247959382,0.2162627110958436,14714.773280335978,262676.1453530116,0.028009344473516485,8367970.172382553,ok,29429.54656067195
1618,8368000.51652338,0.4337273406826095,5417.571836527499,17808.994657997635,0.15210212425142663,8367588.504431069,ok,10835.143673050583
1619,8367891.874321131,0.12005778132659972,27495.481272238154,538894.5141480035,0.025511004983701426,8367541.155641248,ok,54990.962544438466
1620,8367562.960061679,0.3095115682782348,10081.777362070432,202822.46596707232,0.02485369979602551,8367437.675327695,ok,20163.554724140864
1621,8367522.060008885,0.368244224460428,7040.134557412543,48126.46827444818,0.07314202360814377,8367264.595164884,ok,14080.269114825085
1622,8367197.761805497,0.4364741494676521,3622.9686156450402,594.7071794543187,1.0000000000000324,8364169.500369306,ok,7245.9372312900805
1623,8363926.512824151,0.29223475753829703,12586.339489386086,137519.31208179006,0.04576207988118905,8363638.524287589,ok,25172.678978772172
1624,8363560.20688162,0.400659455632291,7728.710758801614,21123.267906172292,0.18294306527597604,8362853.249863196,ok,15457.421517603227
1625,8363038.908789745,0.41287066091484165,5461.9270924204375,15307.767605281448,0.17840377621541553,8362551.694580394,ok,10923.854184840875
1626,8362526.492342966,0.3417331726006495,7196.837107174319,107368.80898602074,0.033514561515306254,8362405.892922994,ok,14393.674214343046
1627,8362311.264114177,0.41246879456164487,5023.785605029849,24574.992997810656,0.10221336798503684,8362054.515090814,ok,10047.57121005573
1628,8361975.280050279,0.22460329308996016,8864.215906906105,139322.08899188085,0.03181195448276216,8361834.286033801,ok,17728.43181381221
1629,8361853.878493509,0.44798248563779564,4365.821069777704,2961.729987089868,0.7370390090940508,8360244.988275934,ok,8731.642139555406
1630,8360239.439804352,0.16008842253532418,26111.630502692795,329824.09502837574,0.039584176681279656,8359722.636106724,ok,52223.26100538559
1631,8359528.607315727,0.36754625985205563,9054.122660364465,49194.922253918514,0.09202293901016663,8359112.0138270445,ok,18108.24532072088
1632,8359163.001264805,0.431942165029203,5826.9388081778525,20200.086948820197,0.1442305377927638,8358742.790005811,ok,11653.877616355705
1633,8358705.443791441,0.4624872533893462,4193.828197796629,8112.79000393543,0.2584701561215221,8358163.454076924,ok,8387.656395593258
1634,8357997.304419124,0.2879700353470661,10513.596551472481,157101.14801441817,0.03346123400227343,8357821.405461916,ok,21027.193102944962
1635,8357882.825100543,0.41402671351383513,6040.053511922506,10451.083402894728,0.2889678169752975,8357010.134561665,ok,12080.10702384009
1636,8356487.328579313,0.24099571113104248,18680.412690004472,765485.8308169947,0.012201671107397945,8356373.362453416,ok,37360.825380008944
1637,8356351.304499377,0.33245955758396384,10420.826552088363,177323.01534059667,0.029383739420605823,8356198.203073399,ok,20841.653104176723
1638,8356040.10458566,0.4771431809372846,4535.16714176431,8444.907815035274,0.268514899220683,8355431.224611649,ok,9070.33428352862
1639,8355688.687987831,0.1665042110416722,15404.724017338469,305426.37475988053,0.025218391878319812,8355494.446804308,ok,30809.448034676938
1640,8355382.154007545,0.36237690683754264,7121.904307963978,36901.87899628718,0.09649785460356282,8355038.529764339,ok,14243.808615927926
1641,8355232.843752777,0.28441649666316254,8292.41460560658,71433.25258893917,0.05804309831252588,8354992.185034676,ok,16584.82921120617
1642,8354925.6678723795,0.4175288391004562,5652.45366390989,32657.44548501076,0.08654157696602868,8354681.081745478,ok,11304.907327819777
1643,8354769.2922839755,0.32813471655244336,6184.363197458306,46232.96948378775,0.06688260852060283,8354562.479112633,ok,12368.726394916612
1644,8355007.343246329,0.19817417457242079,8816.659387207175,68298.7192786073,0.06454483686027734,8354722.8083254285,ok,17633.31877440944
1645,8354684.920713812,0.39234929535581264,5576.1913691176205,15856.27865781465,0.17583543684663475,8354194.674691148,ok,11152.3827382352
1646,8354226.3066785,0.23347962860572902,8553.191961787616,76750.62798177659,0.05572066435611743,8353988.011909261,ok,17106.38392357523
1647,8354028.423261968,0.45243137037061676,4258.226098077427,3336.475992698555,0.6381322849911109,8352669.767486981,ok,8516.452196154854
1648,8352510.728428976,0.20839506726718363,20945.78708478975,217243.82705926042,0.048208014396367856,8352005.851026312,ok,41891.5741695795
1649,8351820.796217118,0.4478875572108858,5521.856997943013,12058.710625272055,0.22895718993250305,8351188.66178639,ok,11043.713995886024
1650,8350940.167744665,0.3301014852227537,7198.719076645513,63268.63413860389,0.056890109725422015,8350735.3997855885,ok,14397.438153291027
1651,8350632.010662477,0.4920891911977679,4647.603460532562,9144.66260257362,0.2541156334857323,8350041.496313696,ok,9295.206921061643
1652,8350139.421142738,0.14617433147206277,9264.008256595505,65395.21480508925,0.070830933763326,8349811.331965135,ok,18528.016513184695
1653,8349857.511667117,0.4848968348741086,3742.6726734919584,1987.396330445811,0.9416019885304925,8348095.457651228,ok,7485.345346981339
1654,8348286.711461906,0.11246774774060211,38949.417273621046,569277.4215849015,0.0342095222792989,8347620.4909829125,ok,77898.8345472002
1655,8347547.869678648,0.2945275964953834,14226.362817857873,140534.09250691516,0.050615343807616814,8347187.83355607,ok,28452.725635715717
1656,8347223.248747391,0.42775119311951587,7047.760441924286,30197.21321362436,0.11669554392430627,8346812.027628282,ok,14095.52088384857
1657,8346716.775576077,0.4459976854678694,4738.40291729536,6660.829710636245,0.3556916422685985,8345874.070418386,ok,9476.80583459072
1658,8346027.320831851,0.1241485287245399,26201.248342208433,390181.49757462833,0.03357571861438283,8345587.45796101,ok,52402.49668441685
1659,8345465.592549248,0.38658110203969104,8162.464941165461,95739.56029101172,0.042628485635168384,8345291.615789501,ok,16324.929882323731
1660,8345344.295918935,0.4184365420009746,4219.558715436926,6977.808492429494,0.30235558341955754,8344706.392350345,ok,8439.117430873752
1661,8344753.458740821,0.38377635631874446,6502.548643123379,58064.6717593025,0.055994018790622116,8344571.4068253655,ok,13005.097286246759
1662,8344693.543035429,0.23474199799627846,10815.60817914945,219413.2922188848,0.024646656703824245,8344560.258744512,ok,21631.21635828799
1663,8344583.848336188,0.46762087835653177,3770.137143984496,3351.73311590032,0.5624160715689601,8343523.65547529,ok,7540.27428796629
1664,8343510.337821884,0.09203251218258268,37798.61893382443,593215.3293337447,0.03185910500347068,8342908.222737084,ok,75597.23786764825
1665,8342774.682480742,0.3900558649192007,8391.324670826863,152501.3925639792,0.02751228867404091,8342659.250207392,ok,16782.649341653705
1666,8342683.807660777,0.33813567973492914,8431.326043994768,253762.8220914719,0.01661261089095942,8342613.774491345,ok,16862.652087989532
1667,8342632.966604079,0.45013281960896384,5089.296957481579,8926.32008634996,0.2850725107462862,8341907.557273277,ok,10178.593914963158
1668,8341716.086688815,0.23224845834392474,18128.587229464443,260651.09240192384,0.034775582681061956,8341400.87059677,ok,36257.17445892888
1669,8341408.876979991,0.31953716131323634,7618.54495440814,50122.24688605565,0.07599963516926525,8341119.373661463,ok,15237.089908816279
1670,8341004.2318881275,0.429782521234292,5599.707152832119,25153.08798734696,0.11131251867860127,8340692.573134605,ok,11199.414305664239
1671,8340766.115473409,0.2857200835544977,9905.367363215859,168975.7261624255,0.029310030464655218,8340620.952163819,ok,19810.73472642246
1672,8340611.872730064,0.40663107815472366,5794.752048201384,27349.636888717458,0.10593837263323765,8340304.929429165,ok,11589.504096402767
1673,8340216.819408934,0.40869746320190303,7124.327536901697,156086.36855930905,0.022821747993306107,8340135.524605099,ok,14248.655073803247
1674,8340111.756031033,0.47377698126775075,4731.022958201225,19346.32557124789,0.12227187381857085,8339822.520509944,ok,9462.04591640245
1675,8339773.130175199,0.2868229886952625,10221.266162282585,194291.1537378527,0.026303992656489205,8339638.700120163,ok,20442.53232456517
1676,8339665.940087747,0.5307883895995624,4451.910028646562,19847.93657897683,0.11215044976922381,8339416.298231724,ok,8903.820057293124
1677,8339291.918903388,0.5391729371734185,4816.622142543438,19548.969474576945,0.12319376089894052,8338995.230005104,ok,9633.244285086876
1678,8338865.368963887,0.18115066970090843,12130.040316892333,338882.1560834587,0.017897136363097546,8338756.822471066,ok,24260.08063378462
1679,8338801.206018985,0.5045905049552912,4391.018475048594,5096.211658543994,0.43081201971732114,8337855.354250059,ok,8782.036950097188
1680,8338031.791392957,0.26856957164365514,13636.297366313227,242142.4052001484,0.028157598738316466,8337839.808698198,ok,27272.59473262644
1681,8337835.159938805,0.12268894177074105,19899.559881566332,392620.1464648432,0.025342000481562425,8337583.012610754,ok,39799.119763119306
1682,8337511.653385612,0.31183094380337084,9943.169746505935,206405.39749511995,0.024086506135918808,8337391.905276057,ok,19886.33949301187
1683,8337309.3593361005,0.46484090168827147,5499.41082534262,37246.18922571172,0.07382514748040689,8337106.361928483,ok,10998.82165068524
1684,8337108.04355151,0.40249887336586104,6013.024425940997,68252.7997109662,0.044049654017158824,8336975.60772873,ok,12026.048851881995
1685,8337048.957920942,0.4354902451900974,4444.211152219901,10226.573460678434,0.21728740175328828,8336566.122373887,ok,8888.422304439802
1686,8336525.791087048,0.17520558747200204,17090.07899958925,670111.6217914742,0.012751665874634952,8336416.827598462,ok,34180.15799915674
1687,8336452.092898421,0.23597016494314954,12292.129303529848,407729.4036643287,0.015073881345150161,8336359.44784912,ok,24584.258607059695
1688,8336452.092898421,0.23741802129141895,12911.081289172444,520255.19536393794,0.012408411683559124,8336371.989892463,ok,25822.162578344884
1689,8336369.250959509,0.44347564206413226,5189.924287126128,23826.944665405255,0.10890872413577782,8336086.636943272,ok,10379.848574252255
1690,8336719.557176118,0.1167597608502394,18448.95534675223,211956.5174379049,0.04352061349601355,8336318.102248592,ok,36897.91069350446
1691,8336444.758447608,0.31592375157710617,5908.228567421637,39208.89861513399,0.07534295499365491,8336222.186748084,ok,11816.457134843275
1692,8336476.5292855585,0.2630753224748379,8664.235658048638,103877.32086281109,0.04170417366410199,8336295.861891284,ok,17328.471316097275
1693,8336301.817448395,0.4732018892181929,3926.212505483452,2242.1568686044398,0.8755436696824874,8334583.032195893,ok,7852.425010966904
1694,8335322.267333368,0.1771630174771062,23617.06553097003,223092.03390602366,0.052931216586869695,8334697.227327985,ok,47234.13106194006
1695,8334551.474976005,0.2669406677378261,15554.608696499114,128614.68560786468,0.06046980025253027,8334081.182935564,ok,31109.217392983563
1696,8334164.4457540475,0.3033521901499138,11493.626846253017,73643.04921084589,0.0780360602216908,8333715.987075678,ok,22987.25369249415
1697,8333739.846507461,0.3979043935266502,7313.896179120971,21844.822646209086,0.1674057120438607,8333127.652508621,ok,14627.792358241943
1698,8333043.021404705,0.35328468773915067,9584.961105600078,112843.81867323827,0.04247003166985708,8332839.484603851,ok,19169.922211191606
1699,8332849.5093171885,0.3572266743292252,9213.438128208913,106737.76793708555,0.04315922239276912,8332650.6869046,ok,18426.876256417825
1700,8332840.071131725,0.1946005239987734,14030.716168910023,250582.01805589205,0.0279962550341112,8332643.667377637,ok,28061.432337807975
1701,8332671.358631316,0.43734887426540314,6679.405643177692,55298.732308082224,0.06039384054922954,8332469.661151626,ok,13358.811286355382
1702,8332612.377114415,0.4627163818402362,4762.05307157098,9428.981574655645,0.2525221326325953,8332011.115215744,ok,9524.106143141958
1703,8332267.3703407105,0.17946950565172406,17070.747093374805,301135.44631893147,0.02834396830736299,8332025.443983412,ok,34141.494186749565
1704,8332083.962754434,0.4058196566724587,6144.52353179244,47479.56231100085,0.06470703638277615,8331885.1658005705,ok,12289.047063584878
1705,8331839.8507791795,0.3714347681648125,6443.703724230505,89435.50590651303,0.03602430410001879,8331723.785807934,ok,12887.40744846101
1706,8331773.942677047,0.363996513755494,7066.4470773051435,54787.397260911406,0.06448971324238073,8331546.086104219,ok,14132.894154610287
1707,8331603.44843697,0.48018381090617224,3984.724663547565,8019.313622909212,0.24844549364949287,8331108.454993923,ok,7969.449327092188
1708,8331054.976744568,0.32234490185671416,7542.895725174629,170036.58721291646,0.022180213825773752,8330971.325224543,ok,15085.791450349258
1709,8330988.467542649,0.47642112996239444,4698.431264930107,22263.582169899437,0.10551831302517051,8330740.5822721785,ok,9396.862529860215
1710,8331023.297771134,0.13389098129265875,14031.302388532356,220111.7210443821,0.03187313770015719,8330799.6869545635,ok,28062.604777064713
1711,8330834.354590328,0.3045006922325762,6119.088744325237,51133.58015966926,0.059834346873598766,8330651.28875109,ok,12238.177488650474
1712,8330681.4868419,0.4231121127006752,5323.039949173521,33216.026419830705,0.08012758482747875,8330468.225674367,ok,10646.07989834704
1713,8330638.928078512,0.13657617544025052,12980.614095846207,210656.63091511876,0.030809887254573464,8330438.962450118,ok,25961.228191692415
1714,8330233.887405852,0.49816878535965575,3909.689912492051,2420.309246314496,0.8076839599000616,8328654.9904906005,ok,7819.379824984102
1715,8328643.7102232035,0.17429565703450206,25985.80028219969,424485.1281297244,0.030608610950273764,8328246.015597669,ok,51971.60056439848
1716,8328109.37556294,0.3465652748632544,11374.274721352003,108205.42914771975,0.05255870620791164,8327810.466981236,ok,22748.549442703836
1717,8327693.4967573155,0.28575948714950733,11431.843886448652,438933.61509397323,0.013022292544171126,8327619.062349611,ok,22863.687772897305
1718,8327606.687966658,0.45676032913490217,5035.383043523053,11722.66484833162,0.21477126185347237,8327065.960181571,ok,10070.766087046104
1719,8326952.663414019,0.29511095411967664,11697.730873819522,187510.51650847256,0.03119219948735773,8326770.224436536,ok,23395.461747639045
1720,8326821.821547404,0.1806726440830787,17876.47662502481,654358.2614124472,0.013659548353862018,8326699.729248976,ok,35752.95325004962
1721,8326695.2582843695,0.47623615015480136,4994.058599272836,15394.987464124863,0.1621975532916332,8326290.246241471,ok,9988.117198545671
1722,8326348.886146256,0.2289948737969536,10721.247633796189,296858.497418413,0.01805784191295174,8326252.084848816,ok,21442.495267583894
1723,8326264.8255833825,0.4757788004067029,4431.708121763411,5472.078513379795,0.4049382799358076,8325367.54145138,ok,8863.416243526823
1724,8325695.280851252,0.2572479548478052,15650.27946973405,152192.14323046323,0.0514161872536185,8325292.942001359,ok,31300.558939467614
1725,8325191.90718969,0.43548739555724586,6007.4606363472285,27837.559838710553,0.1079020695627447,8324867.798471951,ok,12014.921272694457
1726,8324676.850370623,0.5121243673072624,3818.2224544981145,7668.666105604771,0.24894958275126255,8324201.577927173,ok,7636.444908993495
1727,8324342.040962098,0.1879998987825869,14076.570691941672,214118.38808729735,0.032870999118026635,8324110.685490699,ok,28153.141383875052
1728,8324380.805734581,0.33691082724657095,8060.31389240093,78872.33436843634,0.05109721904989388,8324174.875922295,ok,16120.627784801858
1729,8324277.007731461,0.3950056692099978,7769.63833517333,152106.65449969796,0.025540100006567295,8324177.789061413,ok,15539.276670346657
1730,8324241.749719613,0.44399876797904725,5771.99461716634,46298.92020607896,0.062334008994970984,8324061.85393742,ok,11543.989234332677
1731,8323843.842928883,0.41053390015646507,7798.999811788679,118088.22940862474,0.033021918657114985,8323715.073960187,ok,15597.999623577358
1732,8323820.900182,0.3100021270041407,7362.059484883108,111271.00989091088,0.03308166022803606,8323699.125606772,ok,14724.118969766216
1733,8323516.496483032,0.427268680125891,4952.193103165537,21660.384160914637,0.11431452615003908,8323233.442679036,ok,9904.386206331073
1734,8322999.492847985,0.5112390694225942,3868.576845288662,9181.259663224344,0.21067789100793527,8322591.9810425015,ok,7737.153690577319
1735,8322476.143655395,0.4850251249041667,4482.324698734571,23141.113092222145,0.09684764688871221,8322259.092355563,ok,8964.649397469142
1736,8322124.818617514,0.2836684221036172,11069.009425482409,498151.9013649145,0.011110074452344562,8322063.329858099,ok,22138.018850964814
1737,8322052.2893276345,0.4772056604412727,4020.2568578416685,7747.826769249109,0.2594441627036595,8321530.773240466,ok,8040.513715683337
1738,8321588.153549622,0.14939598581565805,19357.442667271323,618170.757837744,0.015657035230023143,8321436.61346872,ok,38714.885334542174
1739,8321429.33288218,0.3362937598574031,7187.01063029425,200178.96235741334,0.017951463394694955,8321364.824203056,ok,14374.021260588497
1740,8321357.969029771,0.3166565511605548,7042.0818922589315,152817.02100439635,0.02304089507168295,8321276.841094788,ok,14084.1637845126
1741,8321371.882521375,0.3417481587499786,6628.786181717125,146952.10648011309,0.022554240087106863,8321297.12890386,ok,13257.572363428997
1742,8321249.894958964,0.5059390001674855,3720.251813388544,4285.06856788291,0.4340947822016509,8320442.42400863,ok,7440.503626774229
1743,8320298.652784243,0.23926362553738328,17180.267826806736,330020.67718720646,0.026029077894808864,8320075.059519485,ok,34360.535653613464
1744,8320005.106679973,0.5177307414711466,5573.378577907433,21034.674129439467,0.13248074449860642,8319635.924008286,ok,11146.757155814774
1745,8319769.864080977,0.21785454432678344,17389.68228919639,777642.5506241232,0.011181025443656416,8319672.64684091,ok,34779.36457837579
1746,8319673.057498757,0.3988195321505135,6225.437900343983,79076.88833231144,0.039363194680740995,8319550.530936735,ok,12450.875800687963
1747,8319553.70462255,0.4184903261490282,6953.9912992983245,196042.50649607953,0.017735927334303368,8319492.036880366,ok,13907.982598596613
1748,8319554.3695265185,0.38652564245313625,6485.358154684798,126834.44078958538,0.025566234669035272,8319471.466432271,ok,12970.716309369596
1749,8319358.422708994,0.5362302502891719,3646.34269913981,3322.5468302582954,0.5487270587027877,8318357.9992568325,ok,7292.685398279546
1750,8318360.148578534,0.22844334222709564,19904.076486477068,286945.2741466213,0.03468270482180275,8318014.984973768,ok,39808.152972935764
1751,8317976.011070317,0.3992749172301779,10359.385209344995,114631.39032813393,0.045185638853769076,8317741.963350908,ok,20718.770418689986
1752,8317764.985663554,0.48284656247333413,4806.3233168648485,11590.547029959718,0.20733807060362502,8317266.718761945,ok,9612.646633729697
1753,8317301.135120338,0.3235778133472356,7124.942331792678,79311.46045151165,0.0449174828658503,8317141.1178827835,ok,14249.884663585355
1754,8317143.243487136,0.4591578006267075,4584.850116279013,8553.88053271639,0.26799825522130816,8316528.8775713295,ok,9169.700232558025
1755,8316383.388196249,0.29377445775234734,11917.731446081762,227708.4190065721,0.02616884236884055,8316227.451578446,ok,23835.462892163523
1756,8316197.3273626305,0.44855459032780254,5491.4945831813,42383.81260467906,0.06478292354679596,8316019.44982576,ok,10982.9891663626
1757,8316133.972139729,0.11662260037769384,28406.697871738732,878221.7555461896,0.016172850246730593,8315904.263504388,ok,56813.395743477464
1758,8316018.690341447,0.17927483567906063,12010.505254464211,256764.80459246563,0.02338814557066565,8315878.238618812,ok,24021.01050891716
1759,8315819.173584325,0.47092938141795254,4199.830754369983,9473.980534343049,0.22165080132609807,8315353.725658255,ok,8399.661508739966
1760,8315743.961857106,0.20111144580217472,14994.452481772201,213237.32057101943,0.03515907168974731,8315480.366342228,ok,29988.904963531997
1761,8315586.336068299,0.40327904100605877,6142.54659799986,27347.72724830072,0.11230451697556575,8315241.418203955,ok,12285.09319599972
1762,8315689.341692475,0.2657836627629995,9735.647605487648,69843.60214479222,0.06969605881226425,8315350.073558431,ok,19471.295210975295
1763,8315327.532063025,0.5550708836037184,3785.4968511416855,9950.072318794064,0.1902245898249151,8314967.4847701285,ok,7570.993702283371
1764,8315052.061470431,0.09961028529104188,31845.398579273646,917503.768404344,0.017354369363875667,8314775.733065689,ok,63690.79715849919
1765,8314751.730274519,0.5288585387716142,3838.218207438812,5996.939848868146,0.3200147328610634,8314137.587087361,ok,7676.436414877624
1766,8314402.102067769,0.12479149169620683,29850.38025691541,716043.5334800974,0.020843970276386212,8314091.001848361,ok,59700.76051380267
1767,8314109.239070063,0.2646846114451095,13345.42697627589,164791.38328820103,0.04049188346497549,8313839.048333107,ok,26690.853952551777
1768,8313795.319324728,0.4067630447518884,8794.696426486014,67877.62923235909,0.06478346788144264,8313510.443857992,ok,17589.39285297183
1769,8313539.763272914,0.3739025954301574,11211.169264950191,177244.11533921713,0.03162635115838343,8313362.47908488,ok,22422.338529900382
1770,8313402.215490711,0.4542799585481663,4756.282942608307,9003.137958182935,0.2641458436325154,8312774.039305496,ok,9512.565885216614
1771,8312343.704356166,0.44994514283441345,6616.594920482545,35519.779779780576,0.0931395825298585,8312035.570911834,ok,13233.189840965046
1772,8311851.488545138,0.48116993415859893,6895.553430361652,89292.7398649274,0.038612060962585064,8311718.362780427,ok,13791.106860723261
1773,8311883.840721334,0.19384533450781335,15691.565623611923,662577.5559212209,0.011841304827926905,8311790.936415446,ok,31383.13124720588
1774,8311865.34974069,0.4570758059495033,4762.497945842443,57895.52749480846,0.041130102375088476,8311767.408726652,ok,9524.995891684886
1775,8311726.188311299,0.35450402337545606,5990.5498957612945,101744.22750273794,0.029439261778266924,8311638.009628011,ok,11981.099791522589
1776,8311619.90098553,0.21105095751794783,9459.734207971907,278943.1589534477,0.016956383234963335,8311539.6995462645,ok,18919.46841593415
1777,8311590.897310474,0.33464510255680613,6379.242290718672,145725.9963872569,0.021887797815313168,8311521.083527736,ok,12758.484581437344
1778,8311505.414723454,0.44465894722140686,3537.0158528349543,850.5447060634051,1.0,8308818.943576682,ok,7074.031705669909
1779,8309067.574364441,0.2191763444894758,16788.068942727252,209626.31366415686,0.040042847315493714,8308731.453323744,ok,33576.137885454504
1780,8308928.04491353,0.1997091501351812,16872.97400306121,642863.4567488375,0.013123295332723639,8308817.330403039,ok,33745.94800610266
1781,8308822.361504719,0.27686095415638684,12035.332710526418,319056.16363321367,0.018860837185333632,8308708.863279356,ok,24070.665421052832
1782,8308707.782921994,0.3361344980171406,7045.715107292085,41825.39839063947,0.08422771065426261,8308411.06069529,ok,14091.430214584168
1783,8308442.298456261,0.32091346949752264,7017.280745734883,52560.4310980804,0.06675440630081862,8308208.081251247,ok,14034.56149146465
1784,8308250.9407662675,0.42408052806431473,4975.069179680417,7460.127625141599,0.3334439723868656,8307421.487351182,ok,9950.138359360833
1785,8307484.434411202,0.34602219131327605,9009.169459366069,40338.39797681428,0.11166989656535643,8306981.407900368,ok,18018.338918732137
1786,8307331.462597823,0.2730514003267621,8333.976566145302,54207.297913854716,0.07687135207688742,8307011.140574414,ok,16667.953132290604
1787,8307093.322476308,0.41383241032492246,6354.5816511373,24559.04099890674,0.12937357064187027,8306682.265017237,ok,12709.1633022746
1788,8307011.843587771,0.25006765759986116,9744.115598041888,78627.29298344643,0.06196395188178065,8306709.951632747,ok,19488.231196083776
1789,8306781.286349932,0.4189449336104982,6313.766948200882,87837.08985577794,0.03594021021511314,8306667.827294248,ok,12627.53389639662
1790,8306642.623326246,0.47387958025356414,4208.092105058652,3770.7405595214395,0.5579927919507566,8305468.580795001,ok,8416.184210117304
1791,8305492.505433365,0.22978109687882317,19562.385955852784,214841.67293431298,0.0455274474655434,8305047.192683912,ok,39124.77191170557
1792,8304993.249467239,0.4111530650062906,6354.816336261226,19346.68098410389,0.16423531099423802,8304471.406848591,ok,12709.632672522452
1793,8304503.169935279,0.41323398679620016,6225.516669471747,57513.22269976159,0.054122481554989915,8304334.699729721,ok,12451.033338943484
1794,8304268.033850945,0.4786865752728658,3991.8891218153058,3638.0990541669485,0.5486229294998357,8303173.0128988195,ok,7983.778243627585
1795,8303073.854735259,0.1908945941854735,13177.319499276275,111574.7908962317,0.05905150882842175,8302684.784435886,ok,26354.638998545666
1796,8302739.55222666,0.44409600592233534,6544.658090599722,35007.216398736535,0.09347584246709671,8302433.668512321,ok,13089.316181199443
1797,8302435.934300249,0.38505712621985816,4974.84637029537,14488.993466881157,0.17167674144055764,8302008.901593239,ok,9949.692740587447
1798,8301502.273422094,0.4930119882025493,3886.106212928763,9461.678267585394,0.20536030200065614,8301103.247449348,ok,7772.212425857525
1799,8300919.650601443,0.2827971838658057,7574.297684591352,70776.99893695005,0.0535081862635821,8300717.007135781,ok,15148.5953691826
1800,8300615.209507976,0.5425736877025983,4942.621318321502,35340.79228784949,0.06992799253146377,8300442.395714658,ok,9885.24263663849
1801,8300403.177932976,0.5292232036225387,2974.3534112709435,1843.0823143986534,0.8068965200399616,8299203.180224515,ok,5948.706822541887
1802,8299027.10109636,0.2152733428833587,22427.04728981678,1063397.6200618097,0.010544995995248331,8298908.854534431,ok,44854.09457963354
1803,8298915.565623343,0.3712974596459796,10833.899950106248,235821.05496084248,0.022970595123292088,8298791.135058663,ok,21667.799900200032
1804,8298855.930088802,0.3714931432328728,9094.880727960759,183274.74308127188,0.024812149713197795,8298743.09831768,ok,18189.76145592115
1805,8298677.7341201585,0.504731068873065,6333.30989511832,36021.556531389964,0.0879099975815778,8298399.353491377,ok,12666.619790236637
1806,8298218.698209738,0.37890632685263387,4856.3838264384385,66809.9014045941,0.03634479114875999,8298130.446081783,ok,9712.767652876875
1807,8298009.98344321,0.5758470557283596,2893.577684712671,3904.5525500717285,0.3705389603041089,8297473.891809783,ok,5787.155369423168
1808,8298067.496251807,0.06690416040502985,81208.18732975991,2358033.498068816,0.017219472792958167,8297368.315165661,ok,162416.37465940815
1809,8297314.0818227995,0.4550441200811433,6196.045303346809,37822.28734264147,0.08190997608388012,8297060.322861494,ok,12392.090606688082
1810,8297044.302329671,0.34161141146104307,8544.299562254144,377153.0001849517,0.011327365231171584,8296995.910128777,ok,17088.599124507888
1811,8296968.306470796,0.563852847527153,3815.5081707987183,4128.452783354142,0.46209904424519377,8296086.735131278,ok,7631.016341597436
1812,8296059.637589689,0.16729892955559228,25809.523664680215,1036975.271203775,0.012444618681561796,8295899.04274951,ok,51619.04732936043
1813,8295799.963466801,0.3454033898579549,8793.390105287435,149241.41508891963,0.029460287883387594,8295670.435564815,ok,17586.78021057487
1814,8295681.030416398,0.46426203298770835,6629.037433067459,46178.503853246344,0.07177622573193694,8295443.126772807,ok,13258.074866134917
1815,8295457.572785027,0.3730798659632202,7733.678935610426,124517.9765877752,0.03105446758588629,8295337.490144114,ok,15467.357871220853
1816,8295266.431640962,0.40849921301008174,5485.002900916559,63197.19237460886,0.043395938132848956,8295147.418217689,ok,10970.005801828996
1817,8295137.619696967,0.46269622962755624,4321.729154301027,8309.368965236758,0.26005158588946403,8294575.683436787,ok,8643.458308601985
1818,8294265.278423272,0.3560999404562851,7441.610256489897,113489.22317287447,0.03278553702475491,8294143.289828978,ok,14883.220512979795
1819,8294183.725103793,0.49556670488900806,4399.057304100464,20467.826439176177,0.10746273711996368,8293947.35773447,ok,8798.114608200927
1820,8293656.954797169,0.5106260659537677,4049.2630832810974,10880.296561918516,0.18608238572529742,8293280.206529686,ok,8098.526166562195
1821,8292904.454029487,0.35612594887859733,7614.34039018471,126052.0811294004,0.030203152228673282,8292789.465488525,ok,15228.680780369381
1822,8292752.870086467,0.4914631236017032,3227.950696779046,1506.1172600804343,1.0,8291031.036649768,ok,6455.9013935580915
1823,8290859.074408045,0.15153855353451148,27802.675420787753,400210.0184793803,0.03473510674023795,8290376.209958843,ok,55605.350841546824
1824,8290414.849324668,0.3016104207063156,10997.168888155604,103562.13847402253,0.053094543286754003,8290122.904494885,ok,21994.337776311168
1825,8290045.271184372,0.43473364290006805,5539.447250673817,9140.248699394528,0.3030249740929239,8289205.975754559,ok,11078.894501347631
1826,8288800.132352683,0.4455046801138595,6090.075784534432,37037.950923443714,0.08221399446641134,8288549.787624259,ok,12180.151569068865
1827,8288422.648659242,0.5129941634378381,4475.832136161718,16921.427825624152,0.13225338258347077,8288126.676689301,ok,8951.664272323436
1828,8288506.205262484,0.1640249947054597,17382.093991169888,339792.4739501059,0.025577514694634207,8288283.909880243,ok,34764.187982339776
1829,8288304.402726641,0.4149471280126218,5039.573874371319,34809.863446185824,0.07238715374684289,8288122.00252221,ok,10079.147748742393
1830,8288105.632984281,0.33084270172103614,7538.585171405049,134256.55626575163,0.028075296213031627,8287999.8089784235,ok,15077.170342802281
1831,8287938.93371261,0.5763426318874683,4157.397734550747,16310.880904960635,0.12744246490348526,8287674.019205173,ok,8314.795469101495
1832,8287763.419067747,0.23680439428296426,10870.73145170118,264910.55404937384,0.020517739451171697,8287651.8976499615,ok,21741.46290340236
1833,8287631.954392776,0.38752223832271976,5137.304904315648,29424.858901216496,0.08729531926665006,8287407.72305688,ok,10274.609808631296
1834,8287442.19051388,0.5224063919977453,4089.728360485632,15501.841591154489,0.13191104864660963,8287172.450335524,ok,8179.456720968305
1835,8287160.177466537,0.4761431555527917,4939.949149693561,43583.96683716458,0.05667163303594942,8287020.1999738235,ok,9879.898299387121
1836,8286902.12433059,0.42846592685680407,2714.6528213069546,524.6223044573985,1.0000000000000002,8284712.09381374,ok,5429.305642613909
1837,8284773.01795901,0.2877642029625946,11578.834358042657,162973.7369592069,0.03552362047432493,8284567.356900375,ok,23157.66871608531
1838,8284596.760286658,0.4477410094852602,6808.810143025332,65826.3662724446,0.05171795534668264,8284420.691417187,ok,13617.620286050664
1839,8284407.233932243,0.46586294340155,5539.114413938131,53005.007614047296,0.052250859525111784,8284262.522187674,ok,11078.228827871504
1840,8284302.897876812,0.2970138260400225,8339.230582637847,185050.60425772506,0.022532297627689914,8284208.946864075,ok,16678.461165275694
1841,8284248.64118602,0.5060731719887093,3760.474609006723,15776.663005254339,0.11917839050483349,8284024.557530303,ok,7520.949218013444
1842,8283903.535750372,0.5133651380659853,4109.608382696335,10141.307460585205,0.20261728572319557,8283487.196902429,ok,8219.21676539267
1843,8283326.088878365,0.40436721115862434,5823.288152139692,46956.872405438124,0.062006771893364974,8283145.547228306,ok,11646.576304279384
1844,8283188.858994491,0.3882676816014701,6857.53817106245,139303.88857432923,0.02461359205849961,8283104.464670958,ok,13715.0763421249
1845,8283157.843005979,0.5876197206175521,4316.193658963679,13543.340137717641,0.1593474584214,8282813.955761174,ok,8632.387317927358
1846,8282828.975621915,0.47497582571684693,5037.209371416553,36505.01246280922,0.06899339339424125,8282655.20853803,ok,10074.418742833106
1847,8282565.2934421515,0.5423414756552875,3333.3287332978944,6157.008712647511,0.2706938457347549,8282114.137655195,ok,6666.657466595787
1848,8281899.553533983,0.4129062979530522,4607.028134407977,47419.535399628905,0.048577322569508245,8281787.654988098,ok,9214.056268815952
1849,8281783.472273072,0.5248165666618583,4154.305701823512,30672.741662890356,0.06771982999566077,8281642.807835133,ok,8308.61140364346
1850,8281830.40397701,0.2075240605609226,11459.169279967853,209219.72713882188,0.027385489496323745,8281673.496497033,ok,22918.338559935706
1851,8281610.618248577,0.5679048183729961,3309.8952268376875,3451.2475523427493,0.479521560919455,8280817.035185751,ok,6619.790453672752
1852,8280627.402246889,0.2326715293358214,13473.714362998344,282154.44369663816,0.023876487973169713,8280466.549757418,ok,26947.428725996688
1853,8280382.829168597,0.41778984709275613,5484.768249557359,38848.83785814943,0.07059114959351098,8280189.241120602,ok,10969.536499114718
1854,8280305.99715334,0.20012834029506685,15552.004112825276,560258.6272592072,0.013879308016108463,8280198.071625666,ok,31104.00822563413
1855,8280295.778300975,0.38863086797929197,5458.6097090492985,30345.207863529857,0.08994187374820531,8280050.2995083295,ok,10917.219418098597
1856,8280126.836713708,0.315795999858571,8227.85506083061,201171.8297137489,0.02044981912362724,8280042.707639823,ok,16455.710121653334
1857,8280103.78355242,0.2779057514943814,8598.683744169797,151422.14000893265,0.02839308618826331,8279981.711968093,ok,17197.367488331824
1858,8279974.267304064,0.49449703230635356,3422.508690469331,4975.96969116551,0.34390369142980903,8279385.760617763,ok,6845.0173809359185
1859,8279122.806209083,0.3858682310907863,5333.7226704590885,21343.75572476605,0.12494808175372217,8278789.587000943,ok,10667.445340918177
1860,8279269.704747943,0.1320295701755562,11170.970722078542,74270.25155966857,0.07520488006630627,8278849.648991254,ok,22341.94144415708
1861,8278860.666547008,0.41618076262799447,4824.534173023181,23107.87392372331,0.10439156343306327,8278608.8462144295,ok,9649.068346042832
1862,8278904.24870196,0.2492866918273103,7866.65603425179,45530.53572660316,0.08638879280367616,8278564.453242859,ok,15733.31206850358
1863,8278376.697117771,0.45548754990021667,3267.361541075371,2351.6944342101115,0.6946824156967515,8277241.8078136165,ok,6534.723082148308
1864,8277521.871604886,0.22936008199045735,17490.998658771823,182306.7610392437,0.0479713384162606,8277102.338296937,ok,34981.99731754338
1865,8277238.1911878325,0.3542270808020252,9161.7369525359,60854.08069273343,0.0752762743947745,8276893.360475446,ok,18323.47390506439
1866,8276896.473625112,0.42169118052668764,7298.864295944695,60645.84434944939,0.060176128918971526,8276676.864925696,ok,14597.72859188939
1867,8276614.043756549,0.5189589195136239,4727.207940116155,12592.790856973395,0.1876950071595294,8276170.407092467,ok,9454.41588023231
1868,8275898.410161965,0.5210682787048457,5430.511101312479,29125.74812255153,0.0932252637505255,8275645.279747105,ok,10861.022202624958
1869,8275496.436152513,0.4158527703630706,6456.001511451894,208778.2727964109,0.01546138260696177,8275446.526797773,ok,12912.003022897505
1870,8275440.859029161,0.5431917410486036,3446.959191625566,5823.75518414132,0.29593956842588337,8274930.813221386,ok,6893.918383251132
1871,8274922.597848058,0.3457147481518915,7846.95420740555,99330.10370689258,0.03949937589192834,8274767.622951135,ok,15693.908414804975
1872,8274681.214448949,0.492671838319551,4219.851464836153,14271.829039707107,0.1478384954407622,8274369.286203177,ok,8439.702929672305
1873,8274445.980318094,0.47559327612479757,3859.6237984976024,12827.995210593235,0.15043752882408165,8274155.664184875,ok,7719.247596995205
1874,8273945.304313454,0.2773791832813374,5539.113938258974,46278.988310124994,0.05984480366273604,8273779.560720404,ok,11078.227876513285
1875,8273749.473868283,0.5466326751797831,3060.38109657925,3798.122966620971,0.4028807286487016,8273132.989585217,ok,6120.762193158482
1876,8273297.851149128,0.16421303592669467,11081.833882303756,91132.18075116884,0.0608008817026011,8272960.958513665,ok,22163.667764599897
1877,8272920.666044298,0.3416287367075844,7102.195597960939,59138.69748108508,0.06004693965598841,8272707.43348905,ok,14204.391195921802
1878,8272741.194689247,0.37264726155757305,4659.50857554357,34005.47872797413,0.06851114511307396,8272581.58055516,ok,9319.01715108714
1879,8272491.355013116,0.4893735818824446,3389.444916770102,4164.982682345066,0.4068978403124713,8271801.77610487,ok,6778.889833540204
1880,8272146.658974566,0.21956694071670732,14328.387754480995,108544.00159674516,0.06600266962569146,8271673.803052952,ok,28656.77550894897
1881,8271484.433619617,0.4354149415735194,5256.956255297531,17803.56330157415,0.1476377556068431,8271096.371008189,ok,10513.91251059493
1882,8271200.913945903,0.47371717031880844,3725.5796350857017,5886.905501556513,0.31642937313166053,8270611.472531661,ok,7451.159270169071
1883,8270253.121210638,0.4348671216143864,4281.6801839202035,14501.20232708796,0.1476319027671971,8269937.064914342,ok,8563.360367840407
1884,8270001.26581813,0.5044442612380564,3107.6530570188943,1048.6652916073213,1.0,8267942.278052718,ok,6215.306114037766
1885,8267959.019768952,0.19258464328471997,22670.180647972018,425596.3874482422,0.02663342701743326,8267657.127468072,ok,45340.36129594383
1886,8267684.591577603,0.3239465449989229,12268.872393028036,136501.1604486117,0.04494054245658546,8267408.906687265,ok,24537.74478604397
1887,8267429.273501834,0.4140647557250278,7090.118833095395,25877.398013140522,0.13699443099911046,8266943.620104206,ok,14180.23766618474
1888,8266896.224203413,0.543341946712467,4537.489659010912,13854.332993727065,0.16375705929204196,8266524.701221849,ok,9074.979318017784
1889,8266399.504215941,0.42982153566510806,5643.124992159241,40684.770417395135,0.06935181069310487,8266203.823747854,ok,11286.249984313825
1890,8265913.147208611,0.5245084905035812,3530.16681337393,12026.071219194742,0.14677140809458417,8265654.083431606,ok,7060.333626745327
1891,8265723.265639627,0.4964849638315795,3877.86681529372,11775.547265283814,0.1646576047775838,8265404.005508902,ok,7755.73363058744
1892,8265305.048581499,0.5148360372687298,2958.191845041597,2529.9694571994,0.5846299520778061,8264440.324803197,ok,5916.383690083194
1893,8264105.717285413,0.21772722271965586,13339.554711920724,261760.9838569002,0.025480410631427808,8263935.768619563,ok,26679.109423841444
1894,8263877.7813774105,0.5257715913492826,4441.2596443262055,12512.54237760842,0.17747231179308437,8263483.681069234,ok,8882.51928865241
1895,8263535.709613831,0.3730875003946987,8862.063401606118,346885.00409661914,0.012773777039865543,8263479.108602828,ok,17724.12680321211
1896,8263429.357974403,0.545709354789379,4756.053566174054,43091.954973262196,0.055184936133961686,8263298.126718253,ok,9512.107132347923
1897,8263237.866458094,0.5430655081078909,3668.5973211031296,29135.948509552236,0.06295654524341945,8263122.385351481,ok,7337.194642206257
1898,8262964.758125255,0.5694121526737661,4435.078230765106,93418.36815144404,0.023737720528232913,8262912.118801474,ok,8870.156461530212
1899,8262896.852571377,0.541896817163519,2914.2110470254365,1755.577346969822,0.8299865147085231,8261687.474636354,ok,5828.422094050873
1900,8261433.87103696,0.1511235381961078,32566.10137465651,1027868.4593084751,0.015841570523803306,8261175.921941154,ok,65132.202749313015
1901,8261102.364853689,0.23572714680300283,15036.665114604946,294340.0136272392,0.025543018988997905,8260910.323942413,ok,30073.330229209885
1902,8260993.375199646,0.4044467223313959,7981.193021694178,50451.700915418085,0.07909736318974252,8260677.729538083,ok,15962.386043388356
1903,8260871.450658467,0.13143240242817078,16792.949957996356,363406.33501137904,0.02310492187411996,8260677.450760059,ok,33585.899915992704
1904,8260645.669614579,0.44951281561365247,4966.681257412378,18748.562952268614,0.13245498521825108,8260316.738768311,ok,9933.362514820912
1905,8260322.069150021,0.4130376135530964,6278.008120549028,179904.54499031947,0.01744816430537328,8260267.299291423,ok,12556.016241098056
1906,8260310.533259084,0.5281263572610932,3958.6892292721677,34961.37818723635,0.056615177011491505,8260198.47231336,ok,7917.378458544335
1907,8260080.698820809,0.35112576816784385,5207.836542828063,142159.12648115004,0.018316926502494404,8260033.003041213,ok,10415.673085656126
1908,8260040.668883519,0.45003578937135985,4071.905383488767,51616.18930682357,0.039444072084477456,8259960.362618785,ok,8143.810766977533
1909,8259959.333431125,0.17658142782534755,15723.36854747477,649958.5138269609,0.012095670887435147,8259864.241085529,ok,31446.73709494954
1910,8259838.793628729,0.4932828670466456,2735.7649146282783,923.9037954685093,1.0,8258026.932509569,ok,5471.529829256478
1911,8257966.453105723,0.12460173278786388,21268.859800958315,416766.5972888259,0.02551651204693194,8257695.099547055,ok,42537.71960191663
1912,8257739.953355406,0.37609665803147846,8430.135143211339,60713.15577374647,0.0694259344270216,8257447.318350574,ok,16860.27028641575
1913,8257222.419987483,0.45899392960170926,5544.918227452306,47544.040125829764,0.05831349431786991,8257060.748208708,ok,11089.836454904613
1914,8257032.493310889,0.5525789420622079,3870.5505227661256,7648.064786285984,0.2530411699510278,8256542.788994572,ok,7741.10104553225
1915,8256428.190485733,0.34193334221226906,10056.423985248228,465090.2599787456,0.010811260577363846,8256373.829175643,ok,20112.847970496452
1916,8256399.281526259,0.5067611115992061,5215.642969937377,31015.490104843324,0.08408125991732936,8256180.012610164,ok,10431.28593987466
1917,8256089.234356861,0.49513876512909505,5243.159039440629,106206.92285890045,0.024683697156005293,8256024.524081925,ok,10486.318078881259
1918,8256026.772761152,0.5848472841367827,3277.160573218548,5162.669878979211,0.3173900956327005,8255506.7036072835,ok,6554.321146437096
1919,8255153.874721071,0.30282718220713417,7453.722448563052,210825.9817208201,0.017677428530686073,8255087.993398135,ok,14907.444897126094
1920,8255132.762160742,0.45022865389876143,5071.503400632697,68529.00006937324,0.037002607622311105,8255038.932735547,ok,10143.006801265394
1921,8255050.07984658,0.27353935156804754,10547.316787421893,508597.2815184607,0.010369025917649398,8254995.3971460145,ok,21094.63357483127
1922,8255062.629836193,0.41574688986106234,5165.4573608855135,96241.08521387208,0.026836030315984895,8254993.319651026,ok,10330.914721771016
1923,8254994.046850195,0.5192336433800052,3469.1832612034996,3612.378249344918,0.48017995649162903,8254161.130716482,ok,6938.366522406999
1924,8254161.867754272,0.2813749553707568,12536.03815792616,209333.59454800823,0.029942728937020102,8253974.186158018,ok,25072.07631585232
1925,8253923.655032379,0.3901897487776255,7029.354322080815,56714.05038186067,0.061971894748757646,8253705.843829279,ok,14058.70864416151
1926,8253468.350927003,0.48037470755283596,4202.013063996097,5765.927351061346,0.3643831085751214,8252702.779635737,ok,8404.026127988876
1927,8252651.251606801,0.372968519753829,8340.436102017127,82522.64071925962,0.05053422932980977,8252440.512851456,ok,16680.872204034255
1928,8252256.807470326,0.4864763502674811,3842.129916487379,18146.366491209003,0.10586499281684564,8252053.433942322,ok,7684.259832971656
1929,8252163.265823549,0.4203308201602862,5799.107052033237,36124.13478315292,0.08026637989870618,8251930.529158693,ok,11598.214104066474
1930,8251821.813373889,0.5487403853094495,3139.483590333095,3574.043132870618,0.43920616982195015,8251132.373092424,ok,6278.967180663909
1931,8251247.88670392,0.12330465690581213,29616.89214234873,539532.8908946448,0.027446790216291053,8250841.442391175,ok,59233.78428467517
1932,8250885.755927509,0.4324152040844116,7927.316818815385,174522.61635560382,0.02271143128711422,8250795.7355718985,ok,15854.63363762256
1933,8250738.241025215,0.483639312906972,4937.35203029703,26876.6504697802,0.09185207129602203,8250511.488019865,ok,9874.70406059406
1934,8250417.59781585,0.30979647913652825,10334.113843897656,495939.5048191768,0.010418724202728668,8250363.76367484,ok,20668.227687785
1935,8250335.735901025,0.520697419808549,4739.352023159952,36685.34957621469,0.06459461444293771,8250182.667592702,ok,9478.704046315712
1936,8250128.010606918,0.5599961528928081,3218.638192996569,3362.8353252712914,0.4785601853306496,8249357.854561841,ok,6437.27638599311
1937,8249600.612559562,0.229891811823365,20294.588282827273,770388.1813846257,0.013171663826898035,8249466.955812379,ok,40589.17656565455
1938,8249515.287592145,0.29661287527199737,11635.529610608013,262223.15101965336,0.022186312622213784,8249386.212843412,ok,23271.059221204832
1939,8249395.556410883,0.4263423786891465,6375.9527637063775,22591.412442291254,0.14111452260883336,8248945.68664567,ok,12751.905527412755
1940,8249175.510760246,0.4393940928773578,6203.492296068561,61830.11191871086,0.050165624026561696,8249019.909729158,ok,12406.984592137122
1941,8249001.8176819235,0.5202284876909078,4187.943660522712,8479.72353442957,0.24693869107399116,8248484.735019012,ok,8375.887321045424
1942,8248535.060748674,0.17201531987643406,13406.302247367748,197531.74731003135,0.03393455085051771,8248307.592326009,ok,26812.604494723226
1943,8248329.869851105,0.3851400783964759,6153.398517587009,54929.91105339471,0.05601136429663602,8248157.539728089,ok,12306.797035174017
1944,8248205.962248996,0.4344548241389713,5235.90942636215,21473.866865369164,0.12191352072704903,8247886.798172808,ok,10471.8188527243
1945,8247810.977674549,0.40139390446957024,5786.4324897181605,48072.60890430614,0.060184298518483746,8247636.851484391,ok,11572.864979431855
1946,8247638.654683227,0.41302777723296485,6431.536960348221,108623.50443384316,0.02960472042340215,8247543.452756425,ok,12863.073920696443
1947,8247482.334596565,0.5120388680556334,3514.725255575745,10435.059103855021,0.16840945607472893,8247186.378112294,ok,7029.45051115149
1948,8247260.306601258,0.20240088440306248,13795.62144965167,606445.959126924,0.011374155637472358,8247181.849828516,ok,27591.2428993027
1949,8247117.660484595,0.5678812637523655,2884.637844577355,1880.292051403078,0.7670717542056384,8246011.298378751,ok,5769.275689154709
1950,8246467.615979575,0.12989600502154947,27554.206308110988,606502.3435677232,0.022715663509249272,8246154.659940194,ok,55108.412616221976
1951,8246220.635090757,0.2743112118312795,13636.081595716916,108526.31411989036,0.06282384924937637,8245792.299523497,ok,27272.163191433825
1952,8245814.485634925,0.48624259157478295,5802.55289396666,25581.740539682643,0.11341200347501149,8245485.446060438,ok,11605.10578793332
1953,8245456.147204919,0.2869801982270884,8868.006766570114,297070.37996505824,0.014925767368010871,8245389.9663019115,ok,17736.013533140227
1954,8245382.614220015,0.5461196955525606,4227.570936684555,19857.004015421982,0.10645037220623019,8245157.600970146,ok,8455.14187336911
1955,8245028.688377062,0.6522736820744671,3112.3991436381175,6521.289611971368,0.23863371578564566,8244657.326690735,ok,6224.798287276225
1956,8244795.241805738,0.3299916024217268,13611.251536745282,334985.12739603955,0.02031620275585137,8244656.977332747,ok,27222.503073475087
1957,8244606.183500236,0.5506344391740408,4615.740746852662,32228.59283109988,0.07160940552140045,8244440.918274774,ok,9231.481493701023
1958,8244447.096559487,0.5392322366184891,3447.0174188180035,9806.354396345667,0.17575427521274026,8244144.182535442,ok,6894.03483763596
1959,8243933.254738673,0.5212035070060569,4443.424903264693,28120.185919347612,0.07900774404566561,8243757.722249951,ok,8886.849806529386
1960,8243927.850173861,0.22656972827321756,14794.67105490102,311590.5193936094,0.02374056676001108,8243752.2332359245,ok,29589.34210980204
1961,8243707.702467497,0.49773292793465884,3469.25543917973,17364.865945083566,0.0998929519568783,8243534.425384042,ok,6938.51087835684
1962,8243500.063698939,0.5622820036765388,3044.3126221512484,6681.0187023427925,0.2278329666315496,8243153.26631091,ok,6088.625244302497
1963,8243043.766793789,0.340248528205142,6424.192297492062,92861.58055269196,0.0345901515958304,8242932.659901064,ok,12848.384594984122
1964,8242910.262176396,0.5418334089859883,3976.033785104534,26333.328300677997,0.07549432680338711,8242760.178179419,ok,7952.06757020598
1965,8242819.397714643,0.25120515214243033,11180.046848192393,272678.252710913,0.02050043730485029,8242704.799789905,ok,22360.093696372744
1966,8242694.43026028,0.6155138061390208,3422.3508375637075,10429.249846611658,0.16407464045343537,8242413.66976869,ok,6844.701675124464
1967,8242260.3131405,0.5282254724069727,4200.255070918778,21245.811126667686,0.09884901653970342,8242052.717599013,ok,8400.510141837556
1968,8242239.882728936,0.13527247513037097,25559.61961579121,920621.9322731434,0.01388171339383636,8242062.477071956,ok,51119.239231581894
1969,8242049.308326902,0.30847425384290916,8863.363877435384,352832.9341109219,0.012560284231642847,8241993.645142127,ok,17726.727754862495
1970,8242004.476861637,0.6073082499463092,2884.4915697362812,6383.303849418377,0.2259403310402579,8241678.615371563,ok,5768.98313947256
1971,8241421.205390915,0.1892005719020142,12190.047882539873,414938.30621621944,0.014688988338651702,8241331.6756553175,ok,24380.095765079743
1972,8241293.33872592,0.5143660092605215,3104.3086661416964,13148.105658322851,0.11805155612575434,8241110.104491553,ok,6208.617332280904
1973,8241047.976299969,0.28445843005576277,6514.13494688474,198869.0356315149,0.016377951766595785,8240994.632205987,ok,13028.269893762601
1974,8241008.236430684,0.6106530444619103,2713.767031269476,4233.177275657116,0.3205354813363229,8240573.307119883,ok,5427.534062538951
1975,8241079.783331826,0.06929043994009196,34332.110437384166,482674.4244378754,0.03556445991246323,8240469.281849146,ok,68664.22087476833
1976,8240620.542055666,0.14207773007583316,22493.92185393739,833261.0665494823,0.013497523619508758,8240468.735934908,ok,44987.84370784684
1977,8240505.424166886,0.2535985230959728,12992.669711742172,582051.3358569231,0.011161102905651575,8240432.91790505,ok,25985.339423470916
1978,8240394.189288306,0.4503105506890989,5098.246009016675,43733.91417959248,0.05828709943593004,8240245.608302267,ok,10196.49201803335
1979,8240122.939570017,0.5435379655601006,4279.641191779048,30363.67109865799,0.07047305277865758,8239972.139880226,ok,8559.282383558097
1980,8240223.901255177,0.17185329545949218,10558.335854976962,169507.41776801576,0.031144170544285192,8240059.485948912,ok,21116.671709947284
1981,8240081.81581625,0.4237261526696241,5353.379719082556,47951.033697846455,0.0558213171463182,8239932.399462698,ok,10706.759438165112
1982,8240397.272065531,0.11698969827647285,14489.80096745197,198733.3869030502,0.036455376706583914,8240133.156489195,ok,28979.601934903938
1983,8240071.114400605,0.4067716034364533,4777.8910604322355,39157.77410472183,0.06100820551819996,8239925.369120725,ok,9555.782120864471
1984,8240028.078242309,0.2864855973980262,6464.69908197615,102126.76940584916,0.03165036512750933,8239925.773199117,ok,12929.3981639523
1985,8239857.010612272,0.5750697359142761,3292.468829333641,8815.071616345973,0.18675224505427426,8239549.572639448,ok,6584.937658667282
1986,8239336.357983675,0.29334680375096756,10997.870975207985,447867.09127300116,0.0122780521158052,8239268.841767176,ok,21995.74195041597
1987,8239246.217959874,0.4809447123536849,5586.488260877289,72893.42074710189,0.03831956439703372,8239139.182061542,ok,11172.976521749068
1988,8239192.414332932,0.500726842765898,5668.588005235983,89652.95010718198,0.03161406288615749,8239102.810784096,ok,11337.176010471965
1989,8239073.174815526,0.3598074524078779,7578.020740530223,287326.5754318077,0.013187121186304506,8239023.208676598,ok,15156.041481053531
1990,8239040.251634648,0.4586360333872105,4096.982985826557,26461.213693777572,0.0774148728255419,8238881.66792624,ok,8193.965971653113
1991,8238786.035171148,0.5248127763574638,2902.661656011873,2494.304191882482,0.5818579917915302,8237941.56673014,ok,5805.3233120237455
1992,8237732.911918399,0.3128288506164614,9035.72310674021,173020.88146437058,0.026111654935132487,8237614.943076473,ok,18071.44621348042
1993,8237611.532428691,0.501080354155985,4177.446461017664,8824.663439778553,0.2366915457753986,8237117.1492985645,ok,8354.892922032213
1994,8237174.171402505,0.18049680975683383,16213.021196512273,720383.2793890351,0.011253052132375083,8237082.948416131,ok,32426.042393024545
1995,8237088.23485501,0.3531567255017707,7332.461985505335,199140.61015830594,0.018410262928481608,8237020.738578477,ok,14664.92397101067
1996,8236935.171607921,0.42845893405420515,3406.0216382809604,7158.64147747368,0.23789581088805709,8236530.03246815,ok,6812.04327656192
1997,8236760.402764632,0.27435473648861436,7492.589288184932,81790.81854622797,0.045803364126684586,8236588.809866924,ok,14985.178576369864
1998,8236583.932889929,0.425629994030046,3302.5293822705726,4854.148197559455,0.34017599461950937,8236022.212281242,ok,6605.058764539068
1999,8236102.719220635,0.2689675889357544,9526.677127979665,130553.7156631182,0.036485660632449464,8235928.925666311,ok,19053.35425595933
2000,8236016.692288824,0.3727386177470553,6316.038763408273,61931.22741617959,0.05099235899980082,8235855.657430785,ok,12632.07752681645
2001,8235822.85369163,0.46903100435986134,3055.2443295093044,1201.690898334401,1.0,8233969.300260455,ok,6110.488659018609
2002,8233933.800509774,0.26160792172573044,17696.742705381537,161307.64562238188,0.05485401090909626,8233448.431851066,ok,35393.485410748246
2003,8233147.270700354,0.45719650571631115,7185.706778082502,34400.85957375534,0.10444080274616929,8232772.030208253,ok,14371.413556158614
2004,8232829.731469966,0.33183860944607974,8602.11475266181,131148.39613807233,0.032795348650720625,8232688.676793742,ok,17204.22950532362
2005,8232716.552999064,0.44511734975631473,5735.046893199356,35008.702911698005,0.08190887431140752,8232481.677381491,ok,11470.093786398713
2006,8232490.46076648,0.4528375018021664,6596.758619666888,78310.36563942145,0.04211931949112289,8232351.535274527,ok,13193.517239328372
2007,8232299.655329163,0.5598334238188711,3920.266384070148,6812.169226516025,0.2877399440409311,8231735.646714174,ok,7840.532768140295
2008,8231655.106074518,0.15236848494976346,22286.29137869234,897348.1933029447,0.012417861619947837,8231516.732033337,ok,44572.58275738467
2009,8231485.324919983,0.40648821449698497,6277.380145193903,150697.7417997646,0.020827718020933573,8231419.953168196,ok,12554.760290387803
2010,8231433.763855888,0.4051597601310254,7113.5218985066695,235611.0576892906,0.01509589992989112,8231380.071348524,ok,14227.043797013335
2011,8231413.690590687,0.536111895338052,4768.618461576556,33566.0885858789,0.07103327588163925,8231244.32529531,ok,9537.236923153112
2012,8231189.248355844,0.5647246280331578,3688.711463453159,7962.6884160809195,0.23162475226354964,8230762.049916397,ok,7377.422926906315
2013,8230890.59927563,0.17162787539973795,12816.672925743787,290294.4810217912,0.02207529554235944,8230749.133354277,ok,25633.34585147456
2014,8230781.833601152,0.400988950287958,5531.462815193734,48774.68477986977,0.05670423950619433,8230625.004905006,ok,11062.925630383199
2015,8230630.205302617,0.49955128247538894,3334.111708503573,2253.7838268323085,0.739669809679499,8229397.134416177,ok,6668.223417007146
2016,8229831.240650401,0.13308771384952492,23433.004060132214,392422.0417295621,0.02985689075574542,8229481.42232925,ok,46866.00812025035
2017,8229359.770763619,0.384781528606982,8664.337578810915,255293.20621671088,0.016969385333850236,8229286.2565220995,ok,17328.67515762183
2018,8229282.022946633,0.4495087381346138,6672.336606238436,59338.53115498194,0.05622263035810114,8229094.454789315,ok,13344.673212476828
2019,8229022.814313378,0.530063037642754,4618.111305692053,19885.929136553725,0.11611504984203071,8228754.69820116,ok,9236.222611384106
2020,8228957.555163763,0.23554189360823918,8424.925501117668,256460.0053324041,0.01642541785452651,8228888.3637028895,ok,16849.851002235337
2021,8228864.000807503,0.5703874206746136,3011.569164866997,2584.425250864263,0.5826380863327141,8227986.673359965,ok,6023.1383297339935
2022,8228148.264063947,0.17098828095919016,20775.2011828673,457974.13694003195,0.022681631458140228,8227912.656335598,ok,41550.4023657346
2023,8227936.360676932,0.39466133996289454,7783.646154480481,56744.28091819216,0.06858529202001969,8227669.438854689,ok,15567.29230895421
2024,8227836.270211222,0.46676021995042716,4960.369840158331,9335.195053928412,0.26568110315332516,8227177.331945631,ok,9920.73968031666
2025,8227317.438710472,0.28909251931779517,11924.703996755674,191682.59609868302,0.031105338302639996,8227131.977734483,ok,23849.407993511348
2026,8227086.561357091,0.4983356114482338,4188.364296584747,10937.399406791006,0.19146984309561746,8226685.588629744,ok,8376.728593169493
2027,8226698.866775161,0.30972617422517695,5186.255961915923,49060.51626410981,0.052855701048848576,8226561.805177817,ok,10372.511923831846
2028,8226559.059930594,0.5629801131678264,3466.2009218446346,5417.86652832242,0.3198861492549452,8226004.665097877,ok,6932.401843689269
2029,8226207.9856808325,0.27976239822559323,12522.285742155009,410745.1473640131,0.015243376364295099,8226112.544723579,ok,25044.57148430968
2030,8226082.466461849,0.4099145414943611,5098.07869214992,19733.869254991765,0.12917078314128233,8225753.20505326,ok,10196.157384295966
2031,8225821.91279562,0.5085973250843449,3593.0391949743903,5426.915303408198,0.3310388124832074,8225227.195081465,ok,7186.078389948781
2032,8225288.337133611,0.3340893883765948,8685.739881684804,92213.89461209036,0.047095613509344166,8225083.807009355,ok,17371.479763369607
2033,8225157.308077912,0.34186307943070166,7412.843374095575,139948.69890113772,0.026484145377200476,8225059.146667123,ok,14825.686748184782
2034,8225121.741681298,0.5267393392814369,4120.348356239952,11254.536776557765,0.18305277409649967,8224744.621082871,ok,8240.696712476554
2035,8224573.354605727,0.3691393902412533,7907.236688030947,201231.77684613067,0.01964708758218916,8224495.677519856,ok,15814.473376061895
2036,8224441.131742254,0.537955426323655,3310.7589733589843,10030.711247475489,0.16503111751882152,8224167.94261565,ok,6621.517946714921
2037,8224046.5078803385,0.3720516619721258,5529.55557433801,142517.12945794294,0.019399617419216236,8223992.872249018,ok,11059.111148675995
2038,8223993.217981586,0.5956823429932265,2730.5946956884304,10664.894460034991,0.12801789581326392,8223818.435487956,ok,5461.18939137467
2039,8223653.2428742,0.3219602679563269,7108.863179701855,239538.87370569003,0.014838641991020163,8223600.499936357,ok,14217.726359396496
2040,8223545.5140673965,0.5462512476417374,2579.7939666023553,2033.4949169597692,0.6343251574140507,8222727.299960417,ok,5159.587933204711
2041,8222865.983675852,0.12170276920362695,33584.637571027895,723303.3792936525,0.023216148667676094,8222476.130706453,ok,67169.27514202686
2042,8222449.833932184,0.2509080474946716,13548.241995355973,311696.76669177064,0.021733048660003425,8222302.611630913,ok,27096.483990711946
2043,8222255.663676633,0.43052773559094404,4974.624951082609,33579.975563815446,0.0740713009398834,8222071.425205725,ok,9949.249902165218
2044,8221847.056987001,0.5993572519884179,3126.4170956512944,6056.29215978071,0.25811313367719846,8221443.57233013,ok,6252.83419130257
2045,8221306.745879792,0.4383594391524211,6723.878572968841,47012.19202939283,0.07151207253604508,8221066.326633675,ok,13447.757145931439
2046,8221278.743750174,0.36451257739724713,9026.627250247173,173674.3321484867,0.025987223150884666,8221161.455261847,ok,18053.254500494313
2047,8221239.143705439,0.3752708584969032,7604.371376331912,172617.78008994888,0.02202661676094251,8221155.394418431,ok,15208.742752663824
2048,8221094.715357264,0.529011344165356,4800.877382051351,42773.981871675,0.05611913097609576,8220960.004823961,ok,9601.754764102692
2049,8220778.516044556,0.5033950828882907,4695.65656650522,28098.08062971226,0.08355831539503462,8220582.335468371,ok,9391.31313301044
2050,8220630.996745542,0.3336497369545428,7959.310671082752,161009.84160956295,0.024716845229819852,8220532.632220546,ok,15918.621342165505
2051,8220521.130133316,0.39791522959104203,6312.604413279803,126986.27577644648,0.024855459279681743,8220442.678792344,ok,12625.208826559607
2052,8220421.084357972,0.5882016842277541,3393.181107990468,8474.702614913305,0.20019470075677573,8220081.435919709,ok,6786.362215980811
2053,8219802.667729269,0.3820989231853634,7365.59910031017,269657.1417213948,0.013657341046654316,8219752.370479806,ok,14731.19820062034
2054,8219681.191958766,0.5658267778839285,3548.0456977597714,6062.6718624422265,0.29261403043595635,8219162.08798287,ok,7096.091395519543
2055,8219042.4532725755,0.5670417222664487,3312.87613073052,5868.321604967561,0.2822677720939966,8218574.894190254,ok,6625.75226146104
2056,8218363.469018954,0.47532427980864056,5640.479452664218,37051.32842749059,0.0761171014920913,8218148.800545473,ok,11280.958905328433
2057,8218193.2812920185,0.28713693901543674,7745.872083656273,238696.53860849998,0.016225354856026476,8218130.441530405,ok,15491.744167312547
2058,8218220.465848258,0.2691512080174867,10219.736798841428,420834.1130292805,0.012142239046731422,8218158.420604655,ok,20439.473597682852
2059,8218148.785250012,0.6779237280274676,3412.7772975723483,11782.387284552153,0.144825374313015,8217901.6568752285,ok,6825.554595144696
2060,8217908.165790994,0.2470006791108419,12575.243861663916,659880.4145353038,0.00952842635170462,8217848.254648498,ok,25150.487723312854
2061,8217835.834110137,0.5354393136959117,3772.772464944491,33739.64745623038,0.0559100753770296,8217730.366113689,ok,7545.544929888957
2062,8217738.605733719,0.347905215751236,5576.366960433531,149254.26235087158,0.018680762855952594,8217686.520339326,ok,11152.733920867062
2063,8217610.174235006,0.5917139991717622,2679.6760430676113,1396.3500309080155,0.9595287656222836,8216324.5611120695,ok,5359.352086135223
2064,8216425.264518186,0.14288387444000494,42232.99618276969,957068.8911182169,0.022063717969887018,8215959.356059786,ok,84465.99236553938
2065,8215928.676698338,0.36144983515711143,9870.952501378502,118035.12019641077,0.04181362498277296,8215722.30654528,ok,19741.905002757
2066,8215724.199485682,0.5558049572470887,5311.205539949152,24666.77368818962,0.10765910465405011,8215438.29966915,ok,10622.411079898304
2067,8215538.395579115,0.36320256217509467,6269.111862902214,72599.62010350244,0.04317592746328828,8215403.058219589,ok,12538.223725804428
2068,8215347.010333054,0.3318885154135931,7116.716879276817,287747.07359448547,0.01236627151473002,8215303.006706443,ok,14233.433758546833
2069,8215283.886801833,0.5989675366826225,2878.453804919054,3979.2459377765026,0.36168332517384666,8214763.342430072,ok,5756.907609838108
2070,8214650.714248814,0.4215790996540151,8770.234077119947,118277.72293082021,0.037074750256434995,8214488.137129764,ok,17540.46815423989
2071,8214447.90211623,0.5052034878038609,4616.875159670924,15663.646220696071,0.1473754927371488,8214107.694990449,ok,9233.750319337936
2072,8214240.947522846,0.5419091013003626,3546.3115177168565,12760.418301662427,0.13895749472628352,8213994.554240836,ok,7092.623035433682
2073,8213917.784140856,0.5453607960880116,2895.763728869188,2105.889897568392,0.6875392042605931,8212922.30859592,ok,5791.52745773837
2074,8213330.75048453,0.19357245462125386,22632.653895716026,309402.9961938143,0.03657471675151235,8212916.859031744,ok,45265.30779143205
2075,8213055.91135475,0.23728862907345616,8680.544150154521,68994.25649741298,0.0629077302288199,8212782.874689932,ok,17361.08830030891
2076,8212750.979912879,0.452260925474713,5994.755162431697,59117.121447370766,0.050702360125641006,8212599.005795324,ok,11989.510324858387
2077,8212459.727648682,0.5611595329438142,3104.745944988401,2303.2997416355583,0.6739778346833272,8211413.46267406,ok,6209.491889976789
2078,8211448.140299588,0.27973494210934596,17521.44272992068,482766.58775755233,0.01814690905941489,8211289.160285684,ok,35042.885459841345
2079,8211290.822770595,0.3162507382668906,14129.070583600711,508116.8011586092,0.013903368823254386,8211192.601930868,ok,28258.141167201415
2080,8211223.380659374,0.3548293319546203,10435.894675974754,207287.06821031444,0.02517256567444537,8211092.031537323,ok,20871.789351949505
2081,8211115.291398876,0.32526332747274,13206.009281126264,556400.6011290639,0.011867357129313175,8211036.93118468,ok,26412.018562252524
2082,8211064.659118559,0.4298263982587888,7485.4886866153265,69850.37540558865,0.05358230820629506,8210864.114237619,ok,14970.977373224092
2083,8210750.5414516935,0.5778761666498486,3626.3182555453113,12443.117559396274,0.14571582395791718,8210486.335475423,ok,7252.636511090623
2084,8210432.640161913,0.4061398367394097,6979.384885513089,261862.0064768585,0.01332645575319434,8210386.134929982,ok,13958.769771026104
2085,8210323.944471545,0.5534776491087525,3771.7869377291404,11448.822817902357,0.16472378853794697,8210013.292954574,ok,7543.57387545524
2086,8209948.170724543,0.4696674208863849,6380.432335252458,128152.63217101077,0.02489387938102674,8209868.753868067,ok,12760.864670498511
2087,8209910.435277128,0.5358430580520332,3511.5248401420254,7117.924326925895,0.24666775585534995,8209477.345301154,ok,7023.04968028405
2088,8209230.464546052,0.35518921152480204,8363.625785756136,214359.36828990528,0.019508421424448655,8209148.883977819,ok,16727.25157150365
2089,8209152.676861104,0.36898161813149494,6097.780671391022,116670.78635790932,0.02613242295584152,8209073.001969306,ok,12195.561342781917
2090,8209082.472788445,0.562463695380679,3280.3903208775782,36135.685654593755,0.045389900059369125,8209008.024494035,ok,6560.7806417551565
2091,8209011.954571584,0.26737082435117554,10010.741494481048,488999.25080499286,0.0102359476809027,8208960.719858492,ok,20021.482988962096
2092,8209011.954571584,0.26815972562187346,9663.038616322148,449899.4642559583,0.010739108827683135,8208960.068359931,ok,19326.07723263217
2093,8208943.006088764,0.42008276655747867,5654.520909872979,208975.87610077937,0.013529123589236842,8208904.75573265,ok,11309.041819745958
2094,8208906.752799726,0.4938450488630059,3999.811824449983,76968.92370940461,0.025983290604083484,8208854.788663228,ok,7999.623648899966
2095,8208830.312303586,0.5242649022801984,2801.798684840036,2808.5010696367476,0.49880676833824766,8208131.534229826,ok,5603.597369680065
2096,8207657.848229697,0.29585079399262987,12513.284743323613,298651.72809358046,0.020949627218300678,8207526.773904373,ok,25026.5694866349
2097,8207567.198526942,0.42112177743711465,5598.842691927429,31099.896095224954,0.09001384883705559,8207315.211837075,ok,11197.685383854856
2098,8207284.490543765,0.3237873310630893,8151.974185683477,299812.91904718237,0.013595101591336995,8207229.077085152,ok,16303.94837136695
2099,8207255.266293553,0.4732913130562277,4812.193822397921,67508.2260283289,0.03564153663568755,8207169.509302343,ok,9624.387644795843
2100,8207158.667463529,0.5677706798868649,2795.011051380915,3596.0541401493756,0.38862193705248466,8206615.566159094,ok,5590.02210276183
2101,8206595.694065668,0.5491813191749186,3961.277667070294,15041.315678492996,0.13167989262848773,8206334.883756733,ok,7922.555334137392
2102,8206373.495994851,0.2883761527126809,8304.050676286852,212246.3399509172,0.019562294167727923,8206292.2728537945,ok,16608.10135256753
2103,8206291.720545981,0.47431599283990394,6057.621631883329,90977.33015775865,0.03329192899692236,8206190.885591351,ok,12115.243263761198
2104,8206148.440676125,0.5315958293252946,4016.722903648398,20147.742174594077,0.09968171293936375,8205948.243766406,ok,8033.445807296631
2105,8206044.785566276,0.12883089289905914,24770.849688611805,749691.3946884493,0.01652069762579166,8205840.169707456,ok,49541.69937722361
2106,8205774.720885604,0.5476958763003122,2913.480398986637,1881.366541654098,0.7742989828088215,8204646.768430919,ok,5826.960797973264
2107,8204231.112655514,0.1473476846444936,22206.34882309535,578394.7323116766,0.019196534462150954,8204017.970185284,ok,44412.6976461907
2108,8204030.293199471,0.27457606096504666,12470.346475701155,293592.50024737755,0.02123750856236755,8203897.873654445,ok,24940.692951389145
2109,8203942.287646208,0.3995163822914411,6584.193377134792,85818.36968900579,0.03836121217983412,8203815.998826621,ok,13168.38675426958
2110,8203752.730313476,0.44338405469444314,5180.588343078878,46732.51953190209,0.055428087282372335,8203609.155262049,ok,10361.176686153107
2111,8203852.92897061,0.17650880777212583,16831.699392195696,415861.86621892225,0.02023712770929444,8203682.616345528,ok,33663.39878439129
2112,8203774.341769732,0.39524262319363807,6305.497108910642,136286.30325852346,0.023133275164671733,8203701.408369897,ok,12610.994217821284
2113,8203753.80687234,0.5331452632118506,4000.52962204174,13371.435142307302,0.14959238030419186,8203454.5824980205,ok,8001.059244083479
2114,8203391.549296172,0.4447326784518492,6008.760780477828,54644.656382837304,0.054980314437159214,8203226.367517629,ok,12017.521560950634
2115,8203570.795176685,0.15246285160878084,20135.710690798616,417621.8518591564,0.024107587523448624,8203328.083472772,ok,40271.42138157286
2116,8203330.445796147,0.5486966507265176,3266.7421937392173,5083.511302144132,0.32130765523835514,8202805.631158877,ok,6533.484387478435
2117,8202965.529584401,0.3207766670051453,9808.380452651028,184519.03886312296,0.0265782341840804,8202835.184868083,ok,19616.760905302057
2118,8202752.237210643,0.5327287506366515,3803.949066198561,11282.25600391262,0.1685810473046957,8202431.600351906,ok,7607.898132393759
2119,8202636.372133369,0.10075515925639307,29780.140135561338,822633.5836626216,0.018100488921793622,8202366.854585063,ok,59560.280271122676
2120,8202367.145216401,0.499652536018153,4714.154820720977,48508.73772996611,0.048590780149375276,8202252.6129861595,ok,9428.309641441954
2121,8202257.108448146,0.6094891512973523,3406.4015085024985,13012.8326643277,0.1308862411579504,8202034.182903484,ok,6812.803017004996
2122,8201962.90327081,0.12729428823848096,17217.643438498315,371373.2802626625,0.023181047686468895,8201763.341764012,ok,34435.28687699661
2123,8201693.647754477,0.5603380184543708,3770.867433401282,28146.351397869443,0.06698678951486978,8201567.348602952,ok,7541.734866802564
2124,8201447.780234716,0.5405438847864277,2870.3024022955537,2236.352288695228,0.6417375332153497,8200526.7898431,ok,5740.604804589094
2125,8200512.391893735,0.23164418140495158,15041.515820603232,433254.3771091415,0.017358758059141444,8200381.840876749,ok,30083.031641191952
2126,8200338.982194121,0.39839930017186453,7234.759851652449,67627.80123588302,0.0534895392090148,8200145.490208744,ok,14469.519703304897
2127,8200072.949966023,0.5102342682289978,5034.492901029635,21541.485001811907,0.11685575299488803,8199778.795236574,ok,10068.98580205927
2128,8199864.583439899,0.3881909225106016,8419.348374631998,237636.5257208537,0.017714760702489854,8199790.010069035,ok,16838.69674925629
2129,8199716.06527748,0.6254183000261465,3706.617742154818,10916.863175671304,0.16976569562652274,8199401.437007771,ok,7413.235484306095
2130,8199336.248837452,0.31350544434143524,10655.42507276806,299331.9405512498,0.017798677035843594,8199241.422602677,ok,21310.85014553612
2131,8199143.120938677,0.5317058213497083,4345.774458518259,23517.041969213315,0.09239628147552335,8198942.3542386275,ok,8691.54891703266
2132,8199003.0776167745,0.28939553423111075,6620.285582156602,112306.01432216332,0.029474314541897622,8198905.513426972,ok,13240.571164313204
2133,8199166.997252973,0.16063115219177704,10055.957226989087,199859.00220343177,0.025157628918694802,8199040.5052328035,ok,20111.914453978174
2134,8199113.300826415,0.2269158695535527,7429.155804563354,144657.29710964608,0.025678468881290748,8199017.916153344,ok,14858.311609126684
2135,8199030.42304332,0.5179103940130848,4217.335199977868,46438.43355830408,0.04540781069502427,8198934.673064121,ok,8434.670399955732
2136,8199036.710195737,0.32165148206134514,4903.720290230727,68353.48041264017,0.035870304340230155,8198948.7612261325,ok,9807.440580461453
2137,8198905.592490284,0.5315867837225972,3050.023199543987,3265.602224076825,0.46699245502967196,8198193.423579358,ok,6100.046399085935
2138,8198209.857305502,0.3429753514981678,10712.083856604817,136800.32728994437,0.03915225960644401,8198000.156161461,ok,21424.167713199018
2139,8197948.4396355925,0.4569387252750138,5593.293146384001,55934.2359942111,0.0499988338712884,8197808.6105681835,ok,11186.586292768003
2140,8197900.66281002,0.39729933116121396,5811.647574744075,104253.60881452243,0.027872644605922352,8197819.669816307,ok,11623.295149488094
2141,8197816.673858158,0.6066062325037154,4182.99105981024,18587.41612069081,0.11252212337232533,8197581.3343401095,ok,8365.98211962028
2142,8197537.592640281,0.5609378256417031,2687.517697694978,1636.7464902674499,0.8209938783054389,8196434.374851459,ok,5375.035395389956
2143,8196463.437392922,0.14757523969929853,25634.956551625743,589875.7611814475,0.021729115043040693,8196184.9249329055,ok,51269.91310322186
2144,8196123.587617606,0.3304849725262059,12035.458813201098,132237.5714038499,0.045506956477766584,8195849.739067405,ok,24070.917626402195
2145,8196161.188675114,0.1774409767234066,16386.40352767799,347013.7647838483,0.023610595876340713,8195967.742299334,ok,32772.80705535598
2146,8195946.2702345485,0.38364154003345874,7193.433648040546,52012.53617289373,0.06915096030050344,8195697.553812238,ok,14386.867296075372
2147,8195658.842667879,0.5636693813806575,4529.727429645386,20372.310386265402,0.11117363086857435,8195407.049545279,ok,9059.454859286987
2148,8195392.949906451,0.2799099674347537,13185.54113210298,665265.567637316,0.009909983150737305,8195327.615661224,ok,26371.08226420559
2149,8195284.528574747,0.4169674491196336,7359.334327779125,146943.51105936305,0.025041372275384315,8195192.384659447,ok,14718.66865555825
2150,8195165.396173227,0.5715883587264848,3941.989953079237,23419.981050082257,0.08415869220067947,8194999.519813667,ok,7883.979906158474
2151,8194923.3946480695,0.6237369312518644,3406.083141403941,21666.814248863797,0.07860138325555995,8194789.53322487,ok,6812.166282807789
2152,8194807.479419334,0.4984753178666842,4719.660431523889,156356.48894612727,0.015092627313824025,8194771.863381363,ok,9439.320863047778
2153,8194781.6492702225,0.5793309272908388,3031.401672676265,17680.614214753285,0.08572670711141822,8194651.713228557,ok,6062.8033453525295
2154,8194658.145858688,0.43406140843288155,6499.9933598708985,218324.4264601524,0.01488608825237713,8194609.766121291,ok,12999.986719741797
2155,8194571.993557297,0.543665348868616,3958.725601247691,89164.78782522792,0.022198929071682406,8194528.053822879,ok,7917.451202492
2156,8194635.852798523,0.47417955308216925,2920.6368745218424,13610.524809356892,0.10729332319772043,8194479.170380463,ok,5841.273749043685
2157,8194424.44232274,0.5376968676698856,2814.7827824401475,8143.971998836392,0.17281387895503095,8194181.2255572155,ok,5629.565564878227
2158,8194017.944860332,0.413754348852862,3365.0264792878716,25455.920138507918,0.06609516491602865,8193906.7388702845,ok,6730.052958575743
2159,8193874.621508642,0.6092464397708316,3778.9042234181015,38396.84560536676,0.04920852434411853,8193781.644358406,ok,7557.808446836203
2160,8193964.969606995,0.34743975053671944,5343.20669301028,67455.17786706376,0.03960560821246607,8193859.159131554,ok,10686.413386020558
2161,8193783.45871523,0.5275889719589242,3186.8872110871343,12112.043357970615,0.1315586114125792,8193573.827487121,ok,6373.77442217182
2162,8193598.567507437,0.2471075140260057,10317.070277881612,486664.2279943497,0.010599782852748934,8193543.888155127,ok,20634.140555763224
2163,8193598.567507437,0.26159099270343,8886.989576956004,389230.5901713032,0.011416098581877617,8193547.840132885,ok,17773.979153912005
2164,8193490.000272684,0.5498753128033101,3039.756981263031,10929.238503686709,0.13906536032851893,8193278.637822729,ok,6079.51396252392
2165,8193160.670243083,0.19869558751975774,10863.037187634794,341228.3512096426,0.015917547807979184,8193074.213786195,ok,21726.07437526959
2166,8193077.630618674,0.6037104397807468,2729.2225510717885,4616.605669366511,0.29558757521587187,8192674.268480626,ok,5458.445102143576
2167,8192514.448405213,0.41331809531111807,8220.846733822273,303338.1916961414,0.013550629229795804,8192458.74958219,ok,16441.693467644545
2168,8192383.084735456,0.557761516028551,3822.9585916461433,19560.15482404734,0.09772311686782206,8192196.289020839,ok,7645.917183288922
2169,8192208.310288738,0.29865099129435446,6491.095834883361,218230.61887260774,0.014872101514482122,8192160.04217064,ok,12982.191669759812
2170,8192153.644222744,0.6598969969393081,2201.5741042470727,3126.7633632508614,0.35205320142265584,8191766.108616959,ok,4403.148208492585
2171,8191762.463830996,0.3403540851562511,6223.956526428939,70597.59852295095,0.04408051163670645,8191625.286236952,ok,12447.913052854052
2172,8191614.871585786,0.5791528672723578,3239.1497873863345,13641.045923195712,0.11872805815712309,8191422.582603618,ok,6478.299574769848
2173,8191442.145494966,0.5012998047929424,4322.868916343821,19420.928295894202,0.11129408570180765,8191201.590623139,ok,8645.73783268375
2174,8191428.646930408,0.1956880081448151,14424.796657525001,335296.45469654416,0.02151051175083253,8191273.504551405,ok,28849.593315050002
2175,8191260.18230822,0.5540229006804244,3174.133414583279,17787.145466653772,0.08922548647656663,8191118.5755091915,ok,6348.266829166552
2176,8191061.568652117,0.34095100428180564,5113.441069170058,69509.90584320475,0.03678210326384686,8190967.527093397,ok,10226.882138335886
2177,8190970.907891483,0.6251216421029969,2493.7744736409913,2198.2304716428416,0.5672231610403607,8190263.644571553,ok,4987.548947280113
2178,8190326.85967092,0.1767523829982999,22651.11324503483,716338.7712231074,0.01581033594367603,8190147.798815969,ok,45302.226490043904
2179,8190223.540447647,0.30058808312333124,12049.581296198303,125261.81461883061,0.04809758397986232,8189933.762573488,ok,24099.162592396606
2180,8190067.438192611,0.33675444782542424,9170.584049575613,210374.24777677353,0.021795880785053234,8189967.497714274,ok,18341.168099151226
2181,8189932.655754957,0.47376406579797353,5295.344882454349,70737.4861757385,0.03742955234017451,8189833.554560739,ok,10590.689764908695
2182,8189840.674670739,0.5856703631241389,3492.535852422394,13767.508362614646,0.12683979411649732,8189619.178406507,ok,6985.071704844788
2183,8189747.851497958,0.1529612560699764,17154.778476245054,589753.3979200434,0.014544026822691436,8189623.10171881,ok,34309.55695249011
2184,8189603.479656922,0.4436885156514232,4972.899229137594,127527.7034622842,0.019497329184667348,8189555.000530285,ok,9945.79845827057
2185,8189569.884174804,0.41470289727500065,4520.2308482652625,114611.98270485057,0.019719713164311044,8189525.315346923,ok,9040.461696530525
2186,8189569.884174804,0.38797185983709614,4724.914915417103,126027.49612260499,0.01874557164422477,8189525.598559274,ok,9449.829830834205
2187,8189491.465359442,0.5555725646414051,3128.1343355788704,18648.362170114855,0.08387155684352532,8189360.284611071,ok,6256.268671157741
2188,8189287.2815810125,0.58762427860637,2351.7229205314597,1640.380413419929,0.7168224215834472,8188444.397721618,ok,4703.4458410629195
2189,8188338.291262699,0.34655891643671716,9603.651996052206,99585.77920153426,0.04821798891896529,8188106.756869936,ok,19207.30399210441
2190,8188152.633620585,0.3163291298738868,9062.799350998532,144637.6125199388,0.03132933126142826,8188010.667899073,ok,18125.598701989205
2191,8188040.597845746,0.39600492259284076,8330.460260907581,200321.26478890787,0.02079275075885217,8187953.99125379,ok,16660.920521815162
2192,8187966.822728374,0.49402701858801235,4957.001701006129,64729.469242487416,0.03829014635077859,8187871.920568078,ok,9914.003402012258
2193,8187851.883188186,0.5663180337842918,3160.963826823389,6651.446038013451,0.23761478397015276,8187476.3373197615,ok,6321.927653643869
2194,8187447.998412934,0.19261999705421795,18162.71338002811,876710.022284951,0.010358449725880294,8187353.929636218,ok,36325.426760056216
2195,8187300.001475707,0.3854531699091774,6567.034866248789,241190.38211709628,0.013613799208337708,8187255.300328676,ok,13134.069732497577
2196,8187265.950079703,0.5805994834525584,3595.7112417795774,15950.181649016136,0.11271693705135244,8187063.301300855,ok,7191.422483559155
2197,8186842.646065984,0.4900154511672946,4838.033552764606,154053.75727677793,0.015702419850988896,8186804.661648935,ok,9676.067105529211
2198,8186822.762548793,0.6853351982084592,2513.08149483146,7043.669275017994,0.1783929225456884,8186598.604572564,ok,5026.162989662854
2199,8186642.7342986725,0.48718157158531233,5875.124615478657,151658.3699393307,0.019369602277239748,8186585.834885106,ok,11750.249230957314
final,8186642.7342986725,,,,,,noise_plateau,
