round,old_loss,beta,direction_gain,interaction,step,expected_loss,status,max_gain_sum
0,300616441.3162829,0.0006077253224461773,172466645.37995988,62845269.17229431,1.0000004904695687,190995042.16637543,ok,344933290.7599197
1,190023014.5078712,0.0006145022986995507,165434818.5885818,403001658.76113516,0.2052532725264009,173044995.55531228,ok,330869637.1771636
2,172934448.49671954,0.0010577718309972303,98853106.88042046,84339913.6278809,0.5860398868593447,143968516.71077138,ok,197706213.76072508
3,143113584.21746337,0.0005994833115191615,156101446.6674993,629161802.2444648,0.12405508893787318,133430994.79262972,ok,312202893.33499855
4,133319704.66758132,0.001489750364843271,8139208.630417834,716240.5639774841,1.000000286563103,125896734.67924038,ok,16278417.260827448
5,125997454.58374582,0.0018823952587374857,6418872.937488551,282716.5578629752,1.0000001164800498,119861297.52231129,ok,12837745.874977103
6,119816213.91318889,0.0021418408399428695,5601253.536300141,155353.7000848424,1.000000001794173,114370314.06748143,ok,11202507.07260028
7,114414135.69149655,0.002367041196055053,5033233.177933428,123763.3809011608,1.000000002417494,109504665.88289487,ok,10066466.355861947
8,109579805.29029098,0.0024156871535037407,4757288.116263648,102844.7519829485,1.0000000002298424,104925361.92496413,ok,9514576.232527295
9,104957934.0981051,0.0026335188538592793,4335728.1909109,100621.17111967586,1.0000000000003142,100722827.07831258,ok,8671456.381817946
10,100714320.98695156,0.0028039097098280907,4038903.0347780706,76618.67314596954,1.000000017515173,96752036.55726135,ok,8077806.0695561385
11,96747136.01149088,0.002954498913475712,3730967.128035331,68219.86120609374,1.0000000001166045,93084388.7442425,ok,7461934.256070656
12,93099277.7211569,0.0030727949914221967,3542765.547737501,60548.9034411481,1.000000002293898,89617061.06901158,ok,7085531.095471884
13,89579862.3614082,0.0032024536346441355,3337841.500020476,58401.985494186825,1.0000000023757103,86300422.83922967,ok,6675683.000040952
14,86302468.8084414,0.0033991540004707087,3157215.6889816746,51692.442685184185,1.0000000101236743,83196945.53122891,ok,6314431.377963344
15,83163562.694858,0.003428643655603031,3002712.155172531,47606.06003241366,1.0000000091889505,80208456.57300101,ok,6005424.310344999
16,80191800.65249538,0.003644332376941063,2890895.083250015,47647.500660612284,1.0000000003862628,77348553.06882614,ok,5781790.166500029
17,77357925.04534608,0.0037796374658670374,2715658.3840910248,41223.69215945838,1.000000000110037,74683490.35312477,ok,5431316.768182049
18,74671386.14230531,0.003799102081434258,2675302.2254336174,47227.96414077016,1.0000000000168006,72043311.8809691,ok,5350604.450867228
19,72038004.13279203,0.004029674056942123,2470738.646898901,39765.83109057939,1.0000000000058118,69607031.31696981,ok,4941477.293797802
20,69599499.54083446,0.004206237874401423,2339386.176617888,35675.51404571729,1.0000000059931506,67295788.8646696,ok,4678772.353235776
21,67314105.38700831,0.004420225403358417,2231837.4807728874,33938.07893563545,1.0000000000071867,65116205.98515551,ok,4463674.961545775
22,65104302.795041084,0.00469289672565081,2076494.1756817226,29804.359372169292,1.0000000000163178,63057612.978698626,ok,4152988.3513634447
23,63010614.39423948,0.004653359594251627,2061961.2201511455,29666.058445987408,1.0000000000027676,60978319.232528776,ok,4123922.440300741
24,60998155.25745347,0.004741143088311738,2006948.9016142117,34180.677866792015,1.000000000000018,59025387.03370602,ok,4013897.8032284235
25,59041027.24683465,0.005230402079272611,1863435.9378901483,29544.88410255299,1.0000000000099214,57207136.19302916,ok,3726871.875780288
26,57216928.08061956,0.005178521254807234,1794512.0349082076,34491.48825737662,1.0000000000049076,55456907.53396026,ok,3589024.069816415
27,55452979.784568936,0.005555183675100056,1727848.4481602993,27037.320252608148,1.0000000000552078,53752168.65656884,ok,3455696.896320592
28,53784234.188478336,0.005535236238844129,1692678.7854640414,29147.09374841938,1.0000000067048256,52120702.485804446,ok,3385357.5709280823
29,52114991.09180869,0.005744508324543944,1617352.711030245,26995.424087041334,1.000000000772809,50524633.80365731,ok,3234705.42206049
30,50525366.74917595,0.005897150589106938,1558777.0964172243,23168.527541359217,1.0000000006585965,48989758.179304,ok,3117554.192834448
31,48970780.77075804,0.00628149746236672,1479501.170720328,23240.056628667655,1.0000000001226446,47514519.656490624,ok,2959002.341440653
32,47503943.417980164,0.006569848056292033,1438690.2134730807,25334.579756800365,1.0000000006976892,46090587.783295475,ok,2877380.4269461613
33,46098827.33886239,0.006687609668270491,1367988.244230945,22307.422767466247,1.0000000001754437,44753146.517166734,ok,2735976.48846189
34,44751495.85490982,0.006748937536809597,1338390.7653445913,21415.48333225453,1.0000000000019473,43434520.57289496,ok,2676781.5306891734
35,43433995.57781443,0.007128953675142904,1282933.7797668097,19158.49111277904,1.0000000000000204,42170220.28916037,ok,2565867.5595336193
36,42177852.635180816,0.007477861291536592,1229935.40295703,17302.556019360854,1.0000000019899682,40965219.78586448,ok,2459870.8059140597
37,40964688.559277475,0.007808698988888227,1180986.171849256,19717.46207590712,1.0000000000150904,39803419.849486895,ok,2361972.343698512
38,39811922.76723328,0.007932219409226822,1151547.714984036,19176.09342534615,1.0000000000000113,38679551.14567458,ok,2303095.429967259
39,38680824.351760045,0.008387119680448217,1121861.5055460366,17560.30822780641,1.0000000000002458,37576523.15444155,ok,2243723.0110912574
40,37562999.146265306,0.008672515669906402,1038393.0458400069,18039.605847919574,1.0000000000001052,36542645.706273116,ok,2076786.0916792636
41,36550614.13442801,0.008981034409889198,1037641.1942145667,23563.500845222734,1.0000000000872071,35536536.44097228,ok,2075282.3884291332
42,35541481.61982282,0.00913757409515268,979169.2362577582,18349.04400297085,1.0000000000018137,34580661.42756633,ok,1958338.4725155162
43,34569646.264122054,0.009902735402428333,938738.0728124894,16688.169843153497,1.0000000000208227,33647596.361133866,ok,1877476.145624968
44,33641311.159173094,0.00976288583002088,906257.2424731385,19886.851620817975,1.0000000000001483,32754940.768320642,ok,1812514.484946277
45,32748367.949541025,0.010429561901063856,865089.727847955,16821.37553834026,1.0000000000000424,31900099.597231373,ok,1730179.4556959097
46,31896718.679567635,0.011343491201933514,819593.4082121339,14242.144603208391,1.0000000000000626,31091367.41595866,ok,1639186.816424267
47,31098096.051962167,0.01163741839246632,819910.1191252682,17861.326833840503,1.000000000076298,30296047.25961091,ok,1639820.2382505364
48,30304261.485984497,0.011835369404851224,790769.5382540263,21926.388884094828,1.0000000000091376,29535418.33660774,ok,1581539.0765080526
49,29525031.21646343,0.01234930244777873,752529.5169876192,29355.949136418345,1.0000000000000038,28801857.648612227,ok,1505059.0339752384
50,28807147.320158824,0.01207631219725067,813381.2818728881,226914.34486623562,1.0000000000007503,28220680.383151904,ok,1626762.56374576
51,28220019.765541404,0.005765104160106567,1748645.3449950265,5962424.99293634,0.14663877089159522,28091810.163483717,ok,3497290.689988198
52,28092201.218205974,0.013496926371238166,722966.9132741606,31755.033304912315,1.0000000000004665,27400989.338236418,ok,1445933.826548321
53,27411061.914514117,0.014161552623195158,639316.3665748547,20259.666685303564,1.0000000000000782,26792005.214624517,ok,1278632.7331497092
54,26799935.262226135,0.015227182477110019,650053.4432844928,39039.32541367381,1.0000000000000013,26188921.144355316,ok,1300106.8865689856
55,26181777.70459132,0.014090287889831738,681075.4638199967,150870.99812937042,1.000000000000376,25651573.23890055,ok,1362150.9276399934
56,25656316.009456575,0.007382049425765012,1372277.3440454542,5445934.533641349,0.125990987916623,25569868.720320635,ok,2744554.6880909083
57,25573724.82733833,0.01510890041382372,712439.0681926964,450424.0605488704,0.7908536983176965,25292007.291385226,ok,1424878.1363847714
58,25314865.941389356,0.004576376087501267,2221451.090022213,7592112.9002569765,0.14629992461960237,25152366.877881162,ok,4442902.180044426
59,25157980.578938577,0.014917883196403948,633524.6696641238,239601.42239665551,1.0000000000032305,24764057.33167061,ok,1267049.3393276893
60,24778673.031654704,0.004740520103738169,1639101.2174786574,5238035.126499792,0.1564614571966371,24650444.94916496,ok,3278202.4349573143
61,24657116.378500607,0.017066419491979172,568997.7293718257,80815.51915443706,1.0000000000000657,24168934.16828319,ok,1137995.4587436514
62,24167716.718637414,0.012140472482830348,702561.2022749211,834599.2814499959,0.4208973203609296,24019863.65492388,ok,1405122.404549842
63,24015946.32620862,0.010779549731288342,884990.7096597346,3516574.5536261443,0.12583135892102293,23960266.53439414,ok,1769981.4193185847
64,23973537.039758287,0.017543829278657882,517308.6729682966,191637.15008297373,1.0000000000000586,23647865.516872957,ok,1034617.3459362289
65,23667657.649612226,0.005919062935348206,1750655.6023174948,7191315.477173161,0.12172012254743003,23561112.642386008,ok,3501311.2046349896
66,23567286.679964527,0.018904770616866563,517734.8602714955,94965.4407841338,1.000000000000032,23144517.260477155,ok,1035469.720542991
67,23162775.90972536,0.010289618412827039,867855.0465763255,1566630.506371227,0.2769814078836403,23042586.053405542,ok,1735710.093152651
68,23052105.040420342,0.016408310324227137,635515.3005306979,1235157.5933390458,0.25726081593065653,22970358.44804487,ok,1271030.6010607253
69,22988015.582604162,0.010448334607665817,856394.2452641298,3201606.99730459,0.13374443615114567,22930746.59987619,ok,1712788.490527493
70,22934515.0676901,0.01985171089223683,502866.2258359054,231789.73862553685,1.0000000000000033,22663438.58047973,ok,1005732.4516718108
71,22651229.333218828,0.0048776926849896,1995912.3543797918,7541531.549157928,0.1323280517604313,22519171.736549,ok,3991824.7087569013
72,22517533.709361438,0.02106578157821947,469288.7678722943,156150.7759171428,1.0000000000000002,22204395.717406288,ok,938577.5357445886
73,22235832.879708644,0.00719650290036345,971747.3216697606,1907812.1354387351,0.2546758414046596,22112092.59631916,ok,1943494.6433395213
74,22111362.607527535,0.020346773588927943,469750.15486999234,216118.9327588391,1.000000000000002,21857731.385416385,ok,939500.3097396039
75,21874259.885630496,0.006008186748577873,1711613.9483285223,6242370.259654826,0.13709647755043344,21756931.764009483,ok,3423227.8966570436
76,21761185.386158086,0.016547111567838207,479080.5134136267,453126.1836467645,0.528639185621521,21634555.01992903,ok,958161.0268272533
77,21651424.35526285,0.009811804128531392,1002365.1157545964,5476815.6919070035,0.09150984551440851,21605561.216816984,ok,2004730.231508008
78,21603756.371757306,0.022723191700216038,424486.4106208724,110486.01122123763,1.0,21289755.97235767,ok,848972.8212413808
79,21294394.90377798,0.007143202671517562,948677.7108558,2793863.2492685947,0.16977883779819114,21213862.204180904,ok,1897355.4217115787
80,21217304.18739585,0.021152204414413255,440268.67820256477,505973.7511335519,0.4350706703818275,21121530.192908995,ok,880537.3564047618
81,21117845.18862264,0.008976538090903053,864895.9212944631,3556258.5694203777,0.12160194547319284,21065258.675292023,ok,1729791.8425889222
82,21074528.73617032,0.017849357371781487,469106.01160380105,549045.1437762409,0.4272016763297169,20974327.298903573,ok,938212.0232075999
83,20975866.909896936,0.011686570777387262,854474.0450982734,3554197.6729127257,0.12020631992564687,20924510.319680315,ok,1708948.090195491
84,20923510.786632754,0.021467699991178552,397555.92468364583,548561.2570578785,0.36236237937753213,20851481.131230753,ok,795111.8493669685
85,20857472.962751716,0.00835327277228151,833645.9352245773,3485529.6533478596,0.1195866938649996,20807626.482127964,ok,1667291.8704491542
86,20804621.56199482,0.025052504090376376,343685.7202675421,16476.33718437079,1.0,20477412.17891165,ok,687371.4405350841
87,20477748.660442982,0.01855729027886977,462991.11325692874,1102838.2629850344,0.20990889090289552,20429155.68490215,ok,925982.2265138561
88,20424642.26845195,0.017552058330214976,482360.0383957195,1613714.116795805,0.14945647230052583,20388596.353593264,ok,964720.0767910329
89,20401139.802515086,0.014757760822513356,535732.8199203496,2365004.729765481,0.11326252611204589,20370800.57626243,ok,1071465.6398406988
90,20370787.16879251,0.02301729837123086,383621.1647060532,348379.61681023706,0.5505792333927106,20265180.245403968,ok,767242.3294117933
91,20281805.99192671,0.005719875737288778,1180290.7878309293,3995138.8723242762,0.14771586489861668,20194632.154648554,ok,2360581.575661807
92,20201286.619965363,0.026436454940414703,328405.5016203448,41949.452774200145,1.0,19914830.57111922,ok,656811.0032406815
93,19912900.80537095,0.013493926297594747,604849.0443716595,2484619.9388865368,0.12171862482974316,19876090.1084157,ok,1209698.0887433123
94,19870044.33115018,0.02564652952210427,334617.46958787995,27364.107213845247,1.0000000000000007,19562790.968776144,ok,669234.9391757598
95,19561069.505451683,0.018069779626742593,485278.17128773464,1564890.219671831,0.15505182574069032,19523447.872226547,ok,970556.3425754635
96,19514716.372075986,0.018501508041837134,453361.90501324774,2060930.328378922,0.10998962429017463,19489783.819276046,ok,906723.8100264813
97,19491267.31949589,0.021859354134208326,389115.72557171946,1101485.099041097,0.17663231482226402,19456902.113825154,ok,778231.4511434388
98,19456122.91437222,0.015306788235558047,506430.0905621315,2264395.434833112,0.11182456976633497,19427807.2508753,ok,1012860.1811242629
99,19423689.218883596,0.023179176540293344,375446.6493566616,994060.2030741927,0.18884502578192428,19388238.60279485,ok,750893.2987133232
100,19383655.13560348,0.02045161083047793,401768.1762240516,1450268.502134679,0.13851510104255904,19355829.655840803,ok,803536.3524477208
101,19358527.541757442,0.019218755572956835,429489.9059190678,1405782.7236522683,0.15275828145164544,19325723.47179293,ok,858979.8118381356
102,19325351.380523443,0.023788789377833134,372778.67545360466,783660.1673666028,0.23784459832013874,19281019.683360655,ok,745557.3509072093
103,19269523.134539515,0.017268821661047856,472455.50003577577,1973297.104257005,0.11971220629081775,19241243.789397758,ok,944911.0000711633
104,19237036.214674696,0.029103036137757908,315540.10315600794,237557.73750042825,0.6641334996622434,19132255.838178303,ok,631080.2063120159
105,19167666.469206683,0.005888039746171946,1495671.3998121487,6014457.731723734,0.12433967171496703,19074680.82378363,ok,2991342.7996242964
106,19073524.467426892,0.026470105800755345,315122.80630419863,188524.78355428303,0.835759628954735,18941841.00759091,ok,630245.612608147
107,18950731.21731865,0.005834591130219335,1059644.0779069925,3124222.8323849062,0.1695852272320318,18860881.226450182,ok,2119288.1558139846
108,18861855.961967215,0.026471190299703903,314458.50805117475,474811.4079383771,0.33114043048854713,18809790.99910379,ok,628917.0161023494
109,18797960.696979478,0.012989058022235524,589316.9983008471,2854096.4758403595,0.10324055323450984,18767539.990511935,ok,1178633.996601694
110,18766452.9584847,0.028979533705770964,313242.5232356758,192903.47183794723,0.8119152036279109,18639289.774965797,ok,626485.0464713515
111,18618558.05346475,0.0076584818221483685,1222745.510861242,6221750.195843063,0.09826379012116195,18558482.24933932,ok,2445491.021722484
112,18557510.160749756,0.028494750522553822,296345.7996097971,103382.76684401181,1.0000000000000018,18364547.12798397,ok,592691.599219594
113,18360556.748696845,0.006656613998106618,1020689.4839012522,3870577.943412732,0.13185233559736803,18293266.60251082,ok,2041378.9678011024
114,18293710.128440663,0.03144408196034374,266737.65145276114,28889.652364203095,0.9999999999999998,18055862.129352104,ok,533475.3029055116
115,18058480.1251597,0.02160188286997582,485100.8806630303,1921308.42767707,0.1262423236360688,18027859.9939733,ok,970201.7613260606
116,18025867.94304572,0.02513213582607931,353562.22601599304,1119660.4440094468,0.15788814720912386,17997956.300651323,ok,707124.4520319861
117,17999617.95473676,0.018325748358059384,453246.6286415707,2508898.3814381147,0.09032781717961952,17979147.565432154,ok,906493.2572831414
118,17979964.055091105,0.03346728554588162,272514.8811594709,80467.3669760814,1.0000000000000002,17787916.54090772,ok,545029.7623189418
119,17790515.296669982,0.008017288279121812,1144548.9799437586,6278693.0093348045,0.09114548029678375,17738355.0634199,ok,2289097.959886125
120,17736909.7928219,0.033220817310848104,274000.0086720142,39401.85298709829,1.0000000000000002,17502311.637136985,ok,548000.0173440285
121,17502086.518339075,0.02399895471662356,392113.3649179645,687213.8594004199,0.28529209616063,17446153.096434053,ok,784226.7298355523
122,17445730.177430235,0.015113154851566855,639304.3123324614,5624926.020532803,0.05682779737891605,17427565.049467884,ok,1278608.6246641607
123,17424776.51542451,0.03379389887621941,254176.17997055175,92982.54093947267,1.0000000000000002,17263582.87639343,ok,508352.35994109994
124,17259242.465521626,0.008609072918385138,1191277.5697082088,7737587.449710599,0.07697990991706109,17213390.24552045,ok,2382555.139416411
125,17206196.99707622,0.031066874324786407,276132.1434604621,277640.32734923775,0.4972839250277959,17137538.959013045,ok,552264.2869209242
126,17125621.140956894,0.014274018568826848,597886.9526378103,3677592.423378252,0.08128782146127395,17101320.677026868,ok,1195773.9052751015
127,17102409.59286743,0.03545584482876919,253826.70175389602,197524.84466515493,0.6425184188454477,17020865.427331597,ok,507653.4035077919
128,16999273.54257544,0.009764593062030313,918825.604760062,5400365.935972584,0.085070679992224,16960190.98307984,ok,1837651.209520124
129,16961846.849521805,0.03625814799177074,217292.7287711454,7726.421607092036,1.0,16752280.542357752,ok,434585.4575422908
130,16757225.668105824,0.03540888327320797,234565.91965011685,15996.314641042205,1.0,16538656.063096749,ok,469131.8393000766
131,16534699.369308606,0.033764978416293626,270123.12889797904,108817.02884162514,1.0,16373393.269252252,ok,540246.2577959581
132,16381598.036526367,0.007615641282787775,1327808.2294957372,7869017.875509859,0.08436937432993849,16325584.861750018,ok,2655616.458989712
133,16325699.80924057,0.0317303008560478,343497.8432834744,1059204.2136781374,0.16214901661439848,16297850.890491778,ok,686995.6865669487
134,16308335.756681725,0.016238505097103388,370713.9706883967,1591419.190126289,0.11647275997060783,16286746.717018854,ok,741427.9413767933
135,16285911.51384329,0.03908002099878481,202420.4796668162,20634.188010438633,1.0000000000000002,16104125.222186914,ok,404840.9593336324
136,16104912.143394632,0.031916706917991915,317823.1028151525,602556.1406786214,0.2637290381417474,16063002.5527923,ok,635646.2056300156
137,16057095.016016003,0.030032468432945988,300344.9210765472,1019995.331908477,0.14722857628896324,16034985.338453142,ok,600689.8421527802
138,16040702.558025977,0.025107641058669555,327698.4980156869,1817289.729564091,0.09016132449455135,16025929.692717992,ok,655396.9960313735
139,16028503.752746193,0.03471587428768001,245909.88441858368,570856.5534148285,0.21538675780068214,16002020.886388162,ok,491819.76883693313
140,15999302.443486217,0.017436250901290973,483843.01474191895,3530596.629792899,0.06852142363970656,15982725.637392094,ok,967686.0294838378
141,15982025.143783387,0.03833030223154375,200345.77444397195,106229.1667909828,0.9429885430532163,15887563.258808492,ok,400691.5488879379
142,15892082.805942725,0.00674893453383942,877551.9166006155,2886234.647602113,0.15202366123102407,15825378.478301762,ok,1755103.8332012307
143,15826549.41780794,0.039392555138493726,234734.9275090149,318247.77473049593,0.3687927240147982,15783265.151139207,ok,469469.85501783725
144,15780373.902563369,0.01757248150626916,520073.7998847247,3239869.040994001,0.08026154657861798,15759502.938806485,ok,1040147.5997688947
145,15756544.364005476,0.03873189013462993,197558.7746068892,75289.30764042177,1.0,15634274.89703901,ok,395117.549213776
146,15646378.590594776,0.008168921462063073,1300112.7735044062,9428496.162648834,0.06894592473054333,15601559.85188315,ok,2600225.5470088124
147,15596844.897447083,0.03454801147950549,291696.6507288562,738992.2219038272,0.19736111022750236,15568060.110028338,ok,583393.3014577123
148,15578618.501644382,0.01593156245878943,432212.7216429749,2297779.75556519,0.0940500760780405,15558293.681968173,ok,864425.4432855743
149,15557101.134197408,0.04171733128684611,199393.58646965417,138413.66049950488,0.7202814583115783,15485291.38257724,ok,398787.17293930834
150,15490500.425039897,0.009290773140322726,1034868.0159335904,6085447.980173371,0.08502808826114619,15446504.000541179,ok,2069736.0318660515
151,15445834.611991316,0.03372011289484076,222277.64403385582,446890.5751429516,0.24869359122504822,15418195.099219406,ok,444555.288067532
152,15419504.424037755,0.023527741863545924,344935.8399700979,1738909.964105911,0.09918162730968427,15402398.77507492,ok,689871.6799401955
153,15409243.82461457,0.02949602511894253,270362.8324145682,1235167.5686643925,0.10944378692962127,15394449.058502335,ok,540725.6648291356
154,15392409.462899042,0.04179479911785989,196550.1777660357,319606.1958160377,0.3074880592727434,15362191.046543548,ok,393100.3555320714
155,15368853.568661498,0.016404717627740824,501359.47835495055,3278793.522105311,0.0764548720397965,15349687.881279714,ok,1002718.9567099009
156,15353069.354978565,0.03617597921007471,230063.27545292594,535782.3379075447,0.21469845044857186,15328372.240606131,ok,460126.55090585083
157,15325859.58467966,0.021750287316033404,349320.6114090086,2020211.0284719374,0.0864564658062555,15310759.07193181,ok,698641.2228180172
158,15315190.555562625,0.04337434903598904,171349.2535868071,28781.444784280473,1.0,15172622.746760098,ok,342698.5071736142
159,15173216.167433206,0.016093224595722502,586229.2263410789,5154858.8873331845,0.05686181126913047,15156549.139618877,ok,1172458.4526821575
160,15160102.592741236,0.047292627954578725,182058.10947961867,42999.31605991655,1.0,15021043.799321534,ok,364116.21895923733
161,15022090.678191405,0.018528834439370288,325112.2074952835,719835.6342825295,0.22582391869174934,14985381.62183585,ok,650224.4149905669
162,14989159.417256877,0.041102026132938334,236436.98250887438,914358.6350662453,0.12929116292085135,14973874.811043842,ok,472873.96501752705
163,14968931.871988513,0.033260684694207024,209845.9079820622,463225.199807956,0.2265052808753282,14945166.268824505,ok,419691.8159641244
164,14946384.141349982,0.029422265391650253,306544.0167157899,2353006.0334747387,0.0651388080512291,14936400.185417932,ok,613088.033431247
165,14936229.874121958,0.04781500843168849,162255.15137354442,18441.166662772528,0.9999999999999998,14792415.889411187,ok,324510.30274708883
166,14793987.968767155,0.026531342331522823,387865.7948340543,3223132.2235545474,0.06016907900947151,14782319.204939935,ok,775731.5896681086
167,14785870.179851709,0.04566273610471727,191500.86175771768,148862.78456648326,0.6432126817841162,14724282.288424132,ok,383001.72351543535
168,14739683.731676653,0.010474032850145266,873762.970762501,5295068.057830328,0.08250724648103279,14703637.843279302,ok,1747525.94152391
169,14703469.28582602,0.037423293530865036,200743.0750200544,215511.41575338325,0.4657365233259181,14656722.594905222,ok,401486.1500399544
170,14647071.482472185,0.015441498751634542,609523.501565554,6069573.7485169275,0.05021139266282811,14631768.970535021,ok,1219047.003131105
171,14633993.984135322,0.044792263155314906,203954.6992239388,291923.64905501466,0.3493288397225783,14598370.35491739,ok,407909.3984478771
172,14601896.035514675,0.02100738035639184,485520.7553250811,2519979.5814851252,0.09633426375600715,14578509.893263424,ok,971041.5106501621
173,14577058.353579305,0.03716363355303499,242617.22394907865,1863777.947691406,0.06508748111587,14569162.68158822,ok,485234.44789815723
174,14572626.848425372,0.03048803800195531,261946.34776411962,2096139.9307252793,0.06248302985991119,14564443.247690853,ok,523892.69552823924
175,14564537.571183475,0.04703676377549919,174016.20823552815,107197.6591491483,0.8116604859505961,14493916.531113612,ok,348032.41647105623
176,14499679.195076775,0.01058025204197986,1051936.4810237207,6767756.235290717,0.07771678267151222,14458802.635636797,ok,2103872.962045997
177,14458234.476965152,0.0373049840391759,266030.3282243536,1286409.9098919707,0.10340029495213315,14444480.669762846,ok,532060.6564484494
178,14444186.005545292,0.036239596746207914,201599.5207314018,501516.03229124035,0.2009901057503272,14423926.251049781,ok,403199.0414628036
179,14422800.92323145,0.027438399321158758,343672.69094490795,3463072.2028790815,0.049619625409367735,14414274.468137393,ok,687345.3818898159
180,14413782.383606244,0.05279912410898781,155389.86244759674,17206.400611023593,1.0,14275598.921769671,ok,310779.7248951935
181,14276393.863775345,0.03878459984767458,229973.0544303715,346540.0227116586,0.33181312310024635,14238239.825065622,ok,459946.10886074294
182,14241630.211431008,0.021975074977223213,451255.0566437381,4708115.309830059,0.04792311009264834,14230817.438551307,ok,902510.1132874761
183,14233145.491628082,0.05106638383525308,161697.65309048654,163745.2755591962,0.493747537259573,14193226.582631042,ok,323395.3061809701
184,14183884.92070831,0.017046093740795132,434317.77357248415,3165844.2644103435,0.06859430491496055,14168989.0578131,ok,868635.5471445359
185,14167731.452844504,0.045598126576172245,192703.95156042225,773248.7965756569,0.12460669348197786,14155725.351732075,ok,385407.9031208445
186,14159799.397726636,0.027841368400797782,200867.36674023332,620744.6634719031,0.1617954841663534,14143549.68129916,ok,401734.7334803287
187,14142106.29981352,0.03630914530447534,232143.29581716267,1746226.7425091837,0.06646997499408121,14134391.020279514,ok,464286.59163432533
188,14134277.914469812,0.04360689444576141,159180.4627063701,308652.6581558674,0.2578634243058828,14113754.504871782,ok,318360.9254127402
189,14115441.692533594,0.021821440634157585,396377.6101673689,3773031.315861269,0.05252773923463817,14105031.282660933,ok,792755.2203342951
190,14105681.048937254,0.05139698903173729,140899.79201512813,22892.714866020287,1.0,13987673.971788146,ok,281799.5840302545
191,13994438.52488,0.014877906151793638,607168.0048848313,4878252.470719931,0.06223212190524711,13975545.84823152,ok,1214336.0097696476
192,13975935.30865587,0.055590195507956235,142134.61974470995,25995.06764744185,1.0,13859795.7565586,ok,284269.2394894199
193,13856757.124175776,0.03037145839486089,256484.87792319304,860883.0620077277,0.14896615419812426,13837653.34123868,ok,512969.7558463861
194,13837447.997754931,0.04670703367152817,188306.95730732026,501956.6493318888,0.18757292841718443,13819787.3540432,ok,376613.91461446555
195,13818651.35120105,0.030103752496154174,234947.77066100086,1157180.699923433,0.10151732165795137,13806725.716997545,ok,469895.5413217695
196,13807369.39868686,0.052219326227697954,152066.38436231477,102407.32181828191,0.7424585550247621,13750917.904686118,ok,304132.76872462954
197,13751405.575191783,0.011188771795545949,536634.5965464299,1703829.7952740719,0.15747893305860072,13709151.25333855,ok,1073269.193092859
198,13708456.691452986,0.058345074957763296,172040.7642416582,164070.8447405339,0.5242880431124985,13663357.233643068,ok,344081.5284833164
199,13663738.00430829,0.01519856181076212,498801.6802672957,2053163.0603882158,0.12147152115940109,13633442.904878825,ok,997603.3605345914
200,13633021.53153627,0.048522773916897834,168295.47936084756,213303.48891818358,0.3944977182848621,13599825.440233516,ok,336590.9587215503
201,13596495.983492002,0.024704127027592022,454239.95135567756,4180585.445522343,0.05432731339604549,13584157.16539485,ok,908479.9027113548
202,13582925.240510872,0.05133437821619436,163561.73215271084,200421.17691234328,0.40804503464283776,13549554.964179624,ok,327123.4643054216
203,13557111.378167715,0.020503652919564366,431748.30871070654,2191682.1565050217,0.09849701687565783,13535848.417943157,ok,863496.617421413
204,13536978.48240686,0.05267774661611051,168105.30740851158,216068.32769538873,0.38900959988338735,13504281.19322023,ok,336210.61481702316
205,13503939.032951076,0.024610817623621568,351519.9461073083,1618357.302528985,0.10860393608938917,13484850.808070483,ok,703039.8922146165
206,13484687.615078613,0.058107481332290864,137566.5391353879,133516.90962168536,0.5151652308504481,13449252.866133124,ok,275133.07827077154
207,13447530.670688257,0.02447552326507507,257516.21427474014,740456.5543434797,0.1738901578790568,13425140.90310993,ok,515032.4285494803
208,13421758.784575026,0.06184372303104023,121784.16529744082,48971.07541450854,0.9999999999999998,13348945.694692094,ok,243568.3305948816
209,13347798.225819312,0.011468545108845079,876019.7299652079,7997527.0415450195,0.05476816304680929,13323809.230117835,ok,1752039.4599304025
210,13321277.906841237,0.056082779623317,167826.61275499873,137993.13023477685,0.6080977091738705,13270250.417463874,ok,335653.22550999746
211,13270627.145940267,0.01900016693125022,444898.7002764713,1946585.3233695135,0.11427670160030734,13245206.367933337,ok,889797.4005524025
212,13248003.924850855,0.049180258448637514,159097.81924311887,292366.80530129594,0.2720859830156882,13226359.781578647,ok,318195.6384862377
213,13229293.521052249,0.029062443134223674,320117.3784192748,2631434.9573424053,0.060825630047602344,13219557.850436479,ok,640234.7568385496
214,13220254.929025562,0.06102567484761158,125953.76532654889,106221.89752820379,0.5928804147614947,13182917.168711774,ok,251907.53065309778
215,13187217.767681137,0.020566697049374368,492592.51471774094,2471298.579234744,0.09966268723188355,13162671.220817596,ok,985185.0294354816
216,13166447.859633535,0.06121356416816012,154024.49108295212,439744.26749287255,0.175129617903943,13152960.73449793,ok,308048.98216576607
217,13155246.081258282,0.04264973587789753,169447.5799623537,475505.35540280293,0.17817631077868074,13140150.308924248,ok,338895.1599247074
218,13134130.888478745,0.04504859612736583,212271.16914476658,2199284.3999800556,0.048259144917022004,13129008.875922013,ok,424542.33828930714
219,13129997.93803592,0.05146140990951456,131258.28649403236,322573.1495660151,0.20345507161805812,13116645.355996367,ok,262516.57298806467
220,13113908.608776953,0.03953236871254696,217875.72328100697,2259351.3668802953,0.0482164320421416,13108656.013774347,ok,435751.4465620108
221,13107108.831296198,0.06575975260736848,114045.60109624523,27088.949540461464,1.0,13020152.179740416,ok,228091.20219249045
222,13027555.078120295,0.014211694181064619,662589.091765632,5469154.688191772,0.06057509153984993,13007486.88067679,ok,1325178.1835312636
223,13007248.950689951,0.047939678963017325,155011.0458110047,734639.8559765682,0.105501385849088,12999072.010612464,ok,310022.0916218629
224,12997775.105090821,0.031645577150266696,209050.62324062188,1910080.4903974526,0.054722987929456915,12992055.167724699,ok,418101.24648124375
225,12990677.121585526,0.0593538102169618,129493.0913147514,520091.6853065427,0.12449063787515464,12982616.782816425,ok,258986.1826295028
226,12982376.485528216,0.03427490052602262,186192.99352698767,1446912.8529881185,0.06434146781627788,12976386.520277899,ok,372385.98705381795
227,12973750.231864203,0.0664221882290668,99142.9714615596,5687.878412457396,1.0,12880295.138815101,ok,198285.9429230552
228,12880835.237110635,0.060204522161424516,141184.95293747695,123802.2646703503,0.5702034341351175,12840583.164604058,ok,282369.90587495384
229,12846742.665600069,0.014380758190061347,647863.6417110687,5616720.174237784,0.057672771796842,12828060.61961813,ok,1295727.2834214512
230,12828390.822107919,0.04703899930168839,170033.03628945735,338294.23283173493,0.2513093925163521,12807025.372579113,ok,340066.0725787601
231,12806698.649820223,0.04399398721166179,216847.96601721778,1946166.3935408343,0.055711568840392654,12800658.17962689,ok,433695.93203417497
232,12800236.434359403,0.06748277070826886,113623.59907645496,84003.13551288392,0.6763057020593477,12761814.290387448,ok,227247.19815282297
233,12762942.522843195,0.01684799531525677,597998.5779986153,4845591.310296285,0.0617054286778109,12744492.643541131,ok,1195997.1559972307
234,12746138.097177057,0.034158232993497364,272041.1094715054,2392230.8506221273,0.05685929294841214,12738404.06460833,ok,544082.2189430107
235,12738048.42905578,0.06667179336776234,129007.82442042789,286413.8740026911,0.22521224725869204,12723521.35802994,ok,258015.64884074303
236,12721704.610178612,0.029204927707679164,232605.2486903224,1850843.8629315542,0.06283762054404163,12714396.430001736,ok,465210.4973806447
237,12714545.713709302,0.06418799168544233,124064.68602641721,298778.1446755435,0.2076200823877941,12701666.553542193,ok,248129.37205283224
238,12702853.756277133,0.030714709019987844,216352.2030404189,1484369.8175967457,0.07287678598541629,12694970.229677908,ok,432704.406080592
239,12694511.651359264,0.0756967615881587,89597.56487753014,8949.340593331186,1.0,12613863.427075064,ok,179195.12975506028
240,12612954.513782602,0.053097233812591994,186663.00279192894,928605.241146684,0.10050718783442841,12603574.027040929,ok,373326.00558365986
241,12605481.511172041,0.03532565410758644,190376.72664784282,2155730.920139197,0.04415595770077605,12601278.377827503,ok,380753.45329568
242,12602661.854717487,0.06951473615543469,130995.4594281165,614952.8996054231,0.1065085305819097,12595685.787769191,ok,261990.91885623283
243,12598141.953218363,0.025857668653570254,211628.11461385034,1553131.3619975788,0.06812949625254565,12590932.894797605,ok,423256.22922770015
244,12589260.313566893,0.07006335442548917,122563.17489328493,603896.1598280238,0.10147702787859109,12583041.640209127,ok,245126.34978656986
245,12581686.126488421,0.034162381996648415,165601.1818444648,1229955.5063633842,0.06731998880760275,12576111.991634274,ok,331202.3636889296
246,12576957.878167417,0.07123990805153531,95744.77056178343,26490.56502633078,1.0,12507703.672631966,ok,191489.54112356686
247,12504376.35481719,0.017727538401256918,262730.0781296176,1317864.8053656903,0.0996802088726823,12491281.860284641,ok,525460.1562590201
248,12490816.333611434,0.07143713723183771,115767.15048154442,61516.488756181214,0.9409440689989972,12436351.126796173,ok,231534.30096308835
249,12439248.821588302,0.02418581164569605,386852.4207732665,1267293.0585211092,0.1526294246512764,12409726.290384512,ok,773704.841546533
250,12410922.280068442,0.056429990319019525,176608.1276074652,361082.09628149826,0.24455398014220867,12389327.16980251,ok,353216.2552147731
251,12385113.851123627,0.04015999533540819,159159.00251920003,924619.9302659818,0.08606725710174525,12378264.661728688,ok,318318.0050382691
252,12377287.56184715,0.05045599473482095,170201.50210407877,2240168.3598357546,0.037988551475782305,12374054.707585182,ok,340403.00420815754
253,12373315.470897395,0.06933325291034424,104008.98775002481,167048.4660454181,0.31131380674200937,12357125.753941474,ok,208017.9755000496
254,12356128.543933544,0.020267348191449153,443362.99653860956,5949899.149807841,0.03725802617620237,12347869.128868246,ok,886725.9930766949
255,12348436.812703295,0.07376105543575441,96637.8868996136,40367.4859779422,1.0,12292166.411781624,ok,193275.7737992272
256,12293720.614719003,0.01304389356634277,817491.5264874974,9045746.148876224,0.04518651712269509,12275250.817289362,ok,1634983.0529749945
257,12274446.18898413,0.044427709523680206,225529.18710506283,1329887.8178709538,0.08479256072369976,12264884.590337845,ok,451058.37421012565
258,12266311.687446412,0.05957925126739755,141365.65991136187,703485.6662301992,0.10047515301122233,12259209.81929135,ok,282731.31982272374
259,12258506.963893797,0.07448680937500343,106964.2321779854,204854.10867739696,0.26107416851089876,12244544.16490566,ok,213928.4643559708
260,12246627.70731745,0.032178613069460765,222786.2589718924,1194091.8664499708,0.09328690079526078,12236236.187497819,ok,445572.5179437847
261,12232973.170232732,0.08270586934330158,91040.56031291871,26428.766848944622,0.9999999999999998,12168361.376768757,ok,182081.12062577845
262,12167140.78012218,0.027237197416548824,300224.26018037344,1475961.16247779,0.10170466127860976,12151873.676777545,ok,600448.5203604604
263,12152034.095612092,0.07164365611501212,120036.54518415037,245533.6376637187,0.24444012300374024,12137363.221677212,ok,240073.090368192
264,12135167.903333455,0.03563102524002223,196033.09415972524,1675947.2000322537,0.05848426912135196,12129435.47721569,ok,392066.1883194421
265,12129270.804494586,0.06864577496302746,115910.04076167301,505772.66187037167,0.11458709564592924,12122629.907031046,ok,231820.08152334602
266,12120805.37247805,0.04289988209410684,145331.7179847198,1337671.0104492744,0.054322668596932605,12116857.969101697,ok,290663.43596943957
267,12117542.649927445,0.08376331091653584,89245.65099033658,38721.52885959018,1.0,12067018.527796697,ok,178491.30198067316
268,12062279.783960845,0.0191352464628703,428403.41589197563,3330508.524150124,0.06431501567786788,12048503.397756072,ok,856806.8317839513
269,12047708.41955929,0.05342629389741649,177383.80140907512,1712786.4554856808,0.05178222913923495,12043115.755234214,ok,354767.6028181492
270,12042762.733826619,0.0728851328263797,113308.60316546552,201596.57450425508,0.2810280964448479,12026841.283297412,ok,226617.206330931
271,12024640.7267328,0.03892623692060333,258526.07866134075,3880312.248386717,0.03331253544979864,12020334.647152748,ok,517052.1573226815
272,12019341.464010121,0.07519801464557456,96284.19915985971,103481.5191848093,0.4652241285127648,11996944.597688273,ok,192568.39831964124
273,11994968.748547226,0.01902506068837732,483455.4003617278,5698613.737902065,0.042418684841386625,11984714.97741582,ok,966910.8007229122
274,11984740.074733574,0.06996042142107702,105287.25714261158,222498.51620370813,0.236602155688571,11972284.478730336,ok,210574.5142851346
275,11967104.036381897,0.04465109113319935,144945.3314436212,693968.057763682,0.10443227885063526,11959535.550746188,ok,289890.6628872424
276,11959285.239820007,0.08254438299362706,72504.52931741849,3466.9173132346586,1.0,11890247.627815824,ok,145009.05863483698
277,11890190.380303044,0.082152352545796,93925.38364540791,47508.13608620544,0.9885189294205996,11843766.870459754,ok,187850.7672908158
278,11842545.69475913,0.025895225679841084,361788.47563627176,1566000.735961313,0.11551350753809912,11821649.966855327,ok,723576.9512725435
279,11818494.370117813,0.06938499965404903,153588.7751260662,637560.5738895959,0.12045033947838078,11809244.460065812,ok,307177.5502521324
280,11806378.361632021,0.07338999067367463,109803.647916274,342473.30512785097,0.16030979097083564,11797577.061709374,ok,219607.29583254782
281,11798528.92487944,0.03758719345201076,205613.83531734452,1848670.3821137918,0.05561127535408535,11792811.701073218,ok,411227.6706344748
282,11790735.64481147,0.09156814643241556,80440.40552245433,58446.04805763054,0.688159492350418,11763057.730497073,ok,160880.81104490865
283,11761535.450948058,0.020618482544853923,383565.0199467958,2150683.368219371,0.08917282423222606,11744433.662895385,ok,767130.0398929748
284,11743971.380833171,0.07063882937243668,128587.46373431504,661713.182002017,0.09716253751003791,11737724.438698968,ok,257174.9274685211
285,11740962.81567811,0.03816396807897702,182899.24549574984,1931518.2968524494,0.04734597797851502,11736633.043853346,ok,365798.4909913507
286,11736636.573008405,0.0779585386243011,112813.39360572673,640658.1953435781,0.08804491570206646,11731670.250143366,ok,225626.78721145343
287,11730509.507122666,0.06109271332741943,99534.68802561058,610586.1550649202,0.08150748850096971,11726453.09590282,ok,199069.37605122116
288,11726619.955444979,0.07891709130892448,89122.46424927862,542415.635132338,0.08215329580934241,11722959.103360616,ok,178244.92849855724
289,11721234.160123453,0.05472414218420303,105029.85734423259,896822.9990524498,0.05855662569715722,11718159.063101687,ok,210059.71468846517
290,11717284.958360355,0.0835522580853507,80515.6564410651,207929.650820803,0.19361273421859093,11709490.530164877,ok,161031.3128821302
291,11710235.124674883,0.028034348177378474,184928.12948286778,1534188.5687592642,0.060269035126634944,11704662.40470903,ok,369856.25896573556
292,11704816.132261684,0.08225277834767294,73182.86194014948,77707.47292050546,0.470886899224064,11687585.706794014,ok,146365.72388025105
293,11687137.779559786,0.021314114739099152,406355.99038408516,5263073.043089167,0.03860444146007653,11679294.206538418,ok,812711.9807681693
294,11680544.228359766,0.04293550599288402,150933.11256400487,1567667.8438822383,0.048139378871938775,11676911.315214748,ok,301866.22512800805
295,11677912.440581387,0.09318010314992539,72239.20259781936,36481.62004494214,0.990076681200383,11642151.265601082,ok,144478.4051956387
296,11640270.05647259,0.015050631255365049,647182.6186408424,7560413.465247717,0.04280074242074785,11626420.108192775,ok,1294365.2372807139
297,11627809.435675694,0.057977011532529814,133185.81169508872,340461.09791804414,0.19559622598519205,11614784.114614526,ok,266371.62339017744
298,11614494.66488024,0.048474990538618486,176976.20349439568,1646951.9149376703,0.05372840636367135,11609740.340191217,ok,353952.4069887913
299,11611148.663598176,0.07266527995188059,96283.67794204489,243207.36069481066,0.1979456494798829,11601619.1960159,ok,192567.35588408608
300,11606633.422887508,0.02298722177081403,345947.4251022916,4414916.919297243,0.03917938111022923,11599856.419881416,ok,691894.8502045829
301,11599821.81260195,0.08935004104236156,80889.69586440802,146685.14496050184,0.27572558859381885,11588670.133100254,ok,161779.39172881603
302,11585343.408197127,0.03358688160461432,164578.81112144617,1456260.9179060822,0.0565073226568799,11580693.454205865,ok,329157.6222428923
303,11581603.109355707,0.09151205670469498,69486.97703882496,34449.33690483309,0.9999999999999998,11546565.469221715,ok,138973.95407764992
304,11546618.363305205,0.01540812944658047,656238.4580241065,6118802.983412766,0.05362474162046717,11529023.054428728,ok,1312476.9160482127
305,11529710.396639027,0.05275636339395104,149717.02763857477,1233664.962117975,0.06067977620987884,11525167.998773068,ok,299434.05527714954
306,11525797.426257107,0.09290891696708987,95498.2293958114,167862.15509607835,0.2844543171185655,11512214.9844427,ok,190996.45879162278
307,11514080.013390604,0.03535473045035429,196474.77422056734,1709785.220474163,0.057455980981658133,11508435.687945107,ok,392949.5484411346
308,11508651.886884782,0.09266682376819756,83312.707757772,89517.14676202978,0.4653449689323125,11489267.312183179,ok,166625.41551554398
309,11491037.257657569,0.030285629387119956,352528.92432332085,5138752.1945336545,0.03430102396242451,11484991.206117237,ok,705057.8486462649
310,11485738.291039461,0.05806271621869339,160660.91853587623,1134961.4185977702,0.07077814095847006,11480052.650470138,ok,321321.83707175247
311,11480760.307807218,0.07128256757794117,106436.39856727206,773613.0048062146,0.06879175886781644,11477099.334274719,ok,212872.79713444423
312,11475507.342943547,0.08228779329618931,100254.12278770868,701233.7167294467,0.07148410037618684,11471924.055055305,ok,200508.24557541736
313,11473969.689843297,0.054925576045621954,107516.05334201324,1091476.4300708342,0.049252576775769545,11471321.968507368,ok,215032.1066839511
314,11470716.82739421,0.07421288986241574,106887.58255402112,1193960.5526989587,0.04476177303864888,11468324.588538744,ok,213775.16510804225
315,11468828.29783076,0.09002894871059272,76499.28515337195,160715.96498492925,0.23799528926869676,11459725.063081298,ok,152998.5703067439
316,11466582.493556015,0.017289497574792527,533507.6216805221,7161714.659385806,0.037247198963821615,11456646.661289291,ok,1067015.243360358
317,11457442.117424704,0.056978244704755605,118068.12709212699,1132789.7302027491,0.05211387601077338,11454365.623556651,ok,236136.25418425398
318,11454145.657289408,0.09324636113181993,68908.46846498636,14931.278958749557,1.0,11400168.467783172,ok,137816.93692997273
319,11400042.96085631,0.03309653372900668,298637.5397134321,4250270.357503728,0.035131593356902135,11394797.154553149,ok,597275.0794265183
320,11394995.515428912,0.060772032510365684,136259.13972208346,722100.1944011982,0.09434919196710395,11388567.545563458,ok,272518.2794441669
321,11387863.38665086,0.07343166873589664,105934.49982316856,646532.7692866105,0.08192508164749139,11383524.04037721,ok,211868.99964633712
322,11382804.84818472,0.07835735465729245,91934.52111991434,362065.9131741919,0.1269582661260964,11376968.92448546,ok,183869.04223982408
323,11375192.522068668,0.045770842943676414,137994.4234296204,1377795.436660844,0.05007797955988909,11371737.281110724,ok,275988.8468590785
324,11369989.364755869,0.09361598969553836,64732.19524764922,10326.434859842857,1.0,11315583.60436806,ok,129464.39049529843
325,11315469.365418201,0.04812939595061344,204737.79873907784,3052407.878750275,0.03353709708397525,11312036.209701667,ok,409475.59747815557
326,11312997.824456781,0.09414774544711428,86834.55481406828,94876.29936172633,0.4576198449889049,11293129.216699934,ok,173669.10962813656
327,11294623.593676636,0.02552983517363469,373485.85057205183,6385335.063289727,0.02924559532664773,11289162.185653606,ok,746971.7011441037
328,11290119.754804136,0.06989851418680582,131440.65457216685,805165.7264667278,0.08162335420619672,11284755.441251518,ok,262881.3091443337
329,11284376.469836675,0.056916440486483165,130160.9826056025,2121663.1286946964,0.030674281144170378,11282380.17254945,ok,260321.96521120495
330,11282354.157999173,0.08955778919606569,79322.57202948863,300152.9391448299,0.13213692368878296,11277113.437675644,ok,158645.14405897562
331,11276328.517609164,0.04616862708779358,162719.87162790512,3136406.164161283,0.025940497357653067,11274218.000409164,ok,325439.7432556399
332,11273905.425596409,0.10801081902761152,63164.01215199397,30906.207626961906,0.9999999999999998,11241647.621071376,ok,126328.02430398545
333,11243856.654445522,0.02748365480329614,251052.43474309746,855882.5847066529,0.1466628946709692,11225446.616048714,ok,502104.86948607315
334,11226428.820947368,0.06446026862787135,132977.46092597189,518645.06222357677,0.12819697960283305,11217905.166524386,ok,265954.9218519437
335,11218009.992136372,0.06319777078275422,120908.03138581809,1209137.675077633,0.04999762801124163,11214987.434747973,ok,241816.06277163618
336,11215494.486819038,0.0872362719706928,85877.04078594444,323286.61155978293,0.1328187399589603,11209791.44664474,ok,171754.08157188888
337,11208391.581813553,0.05974059666892347,119835.10543599864,1266918.2537299914,0.04729393750669654,11205557.844819754,ok,239670.2108719973
338,11205576.425678292,0.10733393602110058,63149.280064733,22356.46104420091,1.0,11164783.60665776,ok,126298.560129466
339,11167738.839462385,0.024697354376641133,381883.98924364377,2801267.946509628,0.0681627028430947,11154723.71702271,ok,763767.9784872875
340,11155887.113413718,0.05543684619716926,156031.5172921896,1057674.1885709795,0.07376161722496193,11150132.54488695,ok,312063.0345843792
341,11151714.38605744,0.08488244603784824,94152.26264642156,513461.6691191693,0.09168382793591723,11147398.266133314,ok,188304.52529284311
342,11146818.153585738,0.09757881396990092,76409.83971787704,283782.1996289698,0.13462761198161627,11141674.71645918,ok,152819.67943575408
343,11140384.18449947,0.07866967723834097,83282.40006437582,540494.2506794487,0.07704281771700858,11137176.029115874,ok,166564.80012867696
344,11136180.448914614,0.08985750522035944,76366.23519509495,294518.5930367251,0.12964586447276086,11131230.165625416,ok,152732.4703901899
345,11131709.934618495,0.06077177267745858,103900.62547203602,807257.0383760185,0.06435411556216085,11128366.718189191,ok,207801.25094407203
346,11128846.587798782,0.11080995571448779,62088.209824919984,13516.289661373632,1.0,11080274.667635236,ok,124176.41964983997
347,11081139.046163365,0.041508073575049785,169492.28473366358,1173312.3236116203,0.07222811919845114,11075017.991690883,ok,338984.56946732564
348,11074049.884955559,0.0876177126183942,93302.39922070326,508822.098735066,0.09168469633360406,11069772.683885684,ok,186604.79844140634
349,11067740.510294164,0.07844422641281801,80255.26538965001,327210.8192511162,0.12263540914284154,11062819.441640701,ok,160510.53077923885
350,11061868.718054295,0.05954462655774871,106091.02415698681,862832.8735015212,0.06147831603034059,11058607.56929874,ok,212182.04831397353
351,11056488.882915558,0.10724268477165604,59244.51975133533,28264.722367231236,1.0,11025509.085531455,ok,118489.03950267065
352,11022691.327421974,0.03148087463546311,314948.9757683887,2110158.1477737026,0.07462686531354816,11010939.50002432,ok,629897.9515367774
353,11011095.199977286,0.08051557329138953,101170.13053987196,433095.9220389537,0.11679875680146957,11005186.927241037,ok,202340.2610797439
354,11005729.008895945,0.08447543512988746,80074.91142279629,271413.17835588235,0.14751478153687966,10999822.892363384,ok,160149.82284559257
355,10998890.076229407,0.07702044255114819,90768.2843610102,537444.081514327,0.08444439848072877,10995057.63964241,ok,181536.56872202037
356,10994813.408028543,0.10127427338134788,64440.046271861196,171363.97685378243,0.18802098158250943,10988755.367651915,ok,128880.09254372239
357,10988651.08626164,0.04536822443409264,155642.1385099691,1450471.5359519045,0.05365225537081135,10984475.81038074,ok,311284.2770198133
358,10983778.572668856,0.11527422166515588,59094.059479677846,39185.934460234326,0.7540213126682761,10961499.482518973,ok,118188.11895935568
359,10962056.237000523,0.014866787404113848,350107.0020159947,2195623.222466555,0.07972838837591766,10948099.503485592,ok,700214.0040315003
360,10947516.91516739,0.08559172655799475,72881.05191443823,363042.59238708456,0.1003753463680795,10943859.184752598,ok,145762.10382887645
361,10944686.461501786,0.047710570899896255,146795.61164956243,3299444.206266558,0.022245505981091745,10943053.690173311,ok,293591.22329894255
362,10943228.794394527,0.10742292823050473,62153.84580267426,118216.46749188378,0.26288150509547864,10935059.246128488,ok,124307.69160534824
363,10935002.804262996,0.028204641178633635,276865.02048660046,4718131.003390214,0.0293405397484363,10930941.119693726,ok,553730.0409732009
364,10931290.924889673,0.11064021351218267,60654.27792393222,66851.66728913652,0.45364820642093856,10917533.072693698,ok,121308.55584786371
365,10916568.685823873,0.02243865065630031,413189.66398883227,6278132.394102272,0.03290705245217399,10909770.258851083,ok,826379.3279776636
366,10909051.686469978,0.0642369573170466,110170.08382959908,1066538.5059877483,0.05164843238714939,10906206.630407097,ok,220340.16765919558
367,10907654.531582676,0.0905649421852273,87036.14764483043,629853.775793286,0.06909234412003837,10904647.765850697,ok,174072.29528966086
368,10904834.28886746,0.08621236048729612,80425.69335495104,539449.8416965316,0.0745441810697524,10901836.655143404,ok,160851.3867098319
369,10901602.653273158,0.10128623291406687,68604.0909445762,353867.7350541032,0.09693465121097752,10898277.596459478,ok,137208.1818891524
370,10899033.158107065,0.05855430923520485,97130.02011334294,782874.174538042,0.06203424718324459,10896020.464268753,ok,194260.04022668587
371,10896301.267038051,0.11314964057320899,51368.85396594672,10141.68483520035,1.0,10855074.097907305,ok,102737.70793189338
372,10857220.581487834,0.04572335392234191,221351.11135462802,1710788.1028677898,0.06469273166664466,10850060.677462345,ok,442702.22270905547
373,10850455.04243688,0.10271798342900476,80031.16407764764,274032.3966095306,0.14602500483124306,10844611.766876336,ok,160062.32815529528
374,10845357.571884856,0.04519951526254453,138464.1737014344,1160991.851976026,0.05963184559209706,10841229.134771755,ok,276928.34740273224
375,10839398.737799108,0.12363085333749944,47598.00342573058,15957.651045727542,1.0,10807758.385419104,ok,95196.0068514243
376,10807490.929655168,0.04878874452778211,183414.5597079186,1261419.6816295234,0.07270164021500782,10800823.65999013,ok,366829.1194158372
377,10800951.61311442,0.09458241285768439,92729.80352112875,386789.0018404906,0.119871303320266,10795393.791912066,ok,185459.6070422575
378,10795206.649183042,0.06073935970752707,130359.44104518973,2137543.673841579,0.030492813466334614,10793219.13612336,ok,260718.88209021464
379,10793622.432392154,0.07280237704019223,87883.53952825771,1107169.9378938386,0.03968836965327921,10791878.455190536,ok,175767.07905651542
380,10791178.139537385,0.11480136727188293,65642.80208060199,149482.92453241572,0.21956622231580436,10783971.668499853,ok,131285.604161145
381,10782384.071634244,0.060564763454136805,114908.10800466369,1227153.14585869,0.04681897625917657,10779694.131643916,ok,229816.21600932739
382,10780177.553669669,0.11047397274954938,75458.44337102317,726515.9186015094,0.05193172058519737,10778218.2102712,ok,150916.88674204634
383,10778155.67405983,0.13611830679499462,44495.510902525944,16023.753636564408,0.9999999999999998,10749683.91679387,ok,88991.02180505001
384,10751930.743208554,0.024338083148351765,407973.15220239584,6807216.246405457,0.029966225358113576,10745818.035499075,ok,815946.3044047917
385,10745104.235417087,0.053238936834031234,153393.31671428663,1013947.6877922779,0.07564163248316984,10739302.774972947,ok,306786.63342857326
386,10739281.216988653,0.08221357780571294,93139.81602427385,526107.6243680348,0.08851783523965676,10735158.949544108,ok,186279.6320484594
387,10735872.095646445,0.07519271608406132,88898.72291524739,903154.5588314116,0.04921567523850686,10733684.490308387,ok,177797.44583040517
388,10733196.91110319,0.12158607424129704,52385.48730379141,27381.879806722623,0.9565721505163071,10708141.661980174,ok,104770.9746075409
389,10709304.805307858,0.029701824141928276,361409.3341529727,4536235.11554729,0.039835824747519635,10702106.28585914,ok,722818.6683059453
390,10701482.050166605,0.06303185414804152,136062.0500850594,882317.4823475671,0.07710492697200186,10696236.52294887,ok,272124.10017011827
391,10696991.32746774,0.09176715085830302,83497.01288666537,167571.33212632383,0.2491387155164496,10686590.158197718,ok,166994.02577325745
392,10684741.127426207,0.09744355467160531,72031.96057858368,223120.98083514703,0.1614190658112168,10678927.461533634,ok,144063.92115716735
393,10682531.603354929,0.06050725360312154,89943.67512666306,412783.056042761,0.1089478768689401,10677632.017133508,ok,179887.35025332612
394,10678640.64233056,0.11828763297578768,53501.58083306128,32704.347369494426,0.8179582400559665,10656759.61288135,ok,107003.16166612189
395,10659225.66623104,0.03317659952116216,311323.19128931145,2881603.16440822,0.05401909519231915,10650816.967678124,ok,622646.3825786228
396,10651111.156998504,0.0564310328307902,140113.7937435188,792742.7366824069,0.08837280195709443,10644920.032725526,ok,280227.5874869331
397,10646810.283183085,0.10473667570905912,78900.7346927617,278413.71579379705,0.1416969247865618,10641220.287448402,ok,157801.4693855234
398,10642160.360826349,0.08118932540488108,80787.58751013225,537750.388859311,0.07511625206027354,10639126.130432973,ok,161575.1750202645
399,10638892.488162223,0.1184548819484691,48344.49843393806,15543.723799314068,0.9999999999999998,10606091.7135276,ok,96688.99686787612
400,10604655.738137562,0.05078366937486322,176289.52632221836,1171741.6709152411,0.07522542327291286,10598025.011019476,ok,352579.052644253
401,10597180.417752199,0.10558614925476989,69379.79741931545,498424.5913309717,0.06959909144334814,10594766.032319745,ok,138759.5948386309
402,10596144.031343658,0.04695819778853027,111250.24748409475,1353934.9681985239,0.041084043952317226,10593858.726314986,ok,222500.4949681895
403,10594290.710966714,0.12592675501751857,50448.2493690091,40713.932077602,0.6195452857863641,10578663.223430341,ok,100896.49873798306
404,10576797.65306637,0.0335742780030494,197410.58490048788,2148728.8035400407,0.04593659855428312,10572263.467671901,ok,394821.1698009757
405,10572917.586933535,0.08638982590131787,102719.7339781085,598310.0037598986,0.08584156485149617,10568508.77558063,ok,205439.467956217
406,10566370.076573523,0.11746419511822048,60223.849809347055,76039.84013439002,0.39600194912896736,10554445.695619246,ok,120447.69961869411
407,10552665.348612124,0.05730639760216578,162886.19947522486,2079117.6243291614,0.039171953902266826,10549475.063263545,ok,325772.39895044966
408,10549875.744104195,0.10756937290285389,70051.51158238357,210709.00368793824,0.16622809266881264,10544053.479524741,ok,140103.02316470188
409,10542740.165529856,0.046567681064772104,160689.41189053038,3065810.701267419,0.02620667541934352,10540634.597899487,ok,321378.823780923
410,10540470.304405894,0.12922027613569992,43989.43526180659,8612.993115380044,1.0,10505093.862259468,ok,87978.87052361315
411,10505569.969908498,0.07233156328539199,130497.85931529237,962688.745572429,0.06777780456844149,10501147.540705863,ok,260995.7186305847
412,10499151.830212947,0.11811114695491835,62767.93848233082,122160.57070677144,0.2569075198289474,10491089.052512811,ok,125535.87696460425
413,10490101.054100454,0.06352100314550425,132364.81177740922,2874521.555356959,0.0230237987832678,10488577.28370428,ok,264729.6235547063
414,10488990.680713266,0.11520656719146387,66429.1877574498,420674.6017749241,0.07895554839437607,10486368.204238875,ok,132858.37551489956
415,10489933.580818716,0.028180842329410916,153328.7283302801,1300924.508886699,0.058930678637723284,10485415.697811134,ok,306657.45666038187
416,10485100.64028824,0.13107510565607572,43104.80316603137,22837.368672834556,0.9437340129580094,10464760.905853419,ok,86209.60633206271
417,10465047.828026613,0.02347733842084176,393832.26267220173,5836569.9796095,0.033738331250039374,10458404.206359118,ok,787664.525344403
418,10458962.193089483,0.07706842654204486,103469.50056076361,431092.3551226041,0.12000850784205688,10452753.582904754,ok,206939.00112152722
419,10452247.760469135,0.11238772179269599,60581.9941065261,162558.4526128835,0.1863391079724288,10446603.363098634,ok,121163.98821305217
420,10446318.269941047,0.06599077871124774,92158.89648489855,879414.7391486117,0.05239785756497577,10443903.805575365,ok,184317.79296970417
421,10443407.029900426,0.14269966539973497,42882.93179522339,26832.615535251673,0.7990822165451114,10426273.535804985,ok,85765.86359044677
422,10424810.03410154,0.047740732232109825,167974.1913169829,1014057.8526134653,0.08282278515179088,10417853.988922294,ok,335948.3826339658
423,10417121.291858802,0.09234234940465551,92127.42583223866,522016.55516906496,0.0882418621784911,10413056.544052226,ok,184254.85166438654
424,10413476.217663925,0.09203846903413589,68090.87160714813,797427.7267709937,0.0426940707735778,10412022.67941821,ok,136181.7432142959
425,10411394.294511795,0.11146918915514686,63989.340494041935,884089.1387293203,0.03618941670633589,10410236.426057843,ok,127978.68098808386
426,10410891.437361,0.06257620856811041,77909.27144726281,1081909.925239346,0.03600543336822948,10409488.85882007,ok,155818.5428944627
427,10409559.321214985,0.13986364254939282,45554.52584759193,46472.26514756576,0.4901259461201247,10398395.593674432,ok,91109.05169518387
428,10397861.911065605,0.036155776409574285,165842.89603338361,1639502.3136676266,0.05057720707401352,10393667.975818386,ok,331685.79206676723
429,10393113.257321175,0.0809609604744313,87272.53505527682,862636.2197199346,0.050584784791212985,10390905.926119199,ok,174545.07011055364
430,10391070.538515236,0.09849171577282075,72349.0768838548,554340.9487112969,0.06525683972296127,10388709.90245808,ok,144698.15376770956
431,10388674.513494395,0.13072711653266458,55002.31936223712,210525.18582100992,0.13063120962876265,10385082.003739055,ok,110004.63872442619
432,10385483.26859467,0.05746269092273872,94487.58898565947,864437.83991303,0.054652621983302896,10382901.271353194,ok,188975.17797121435
433,10383010.186351815,0.13937098890742086,41824.703098260055,23924.597003263985,0.8740942029776718,10364730.82109209,ok,83649.40619651943
434,10367908.19905943,0.029794276802792757,253243.5380605984,1391112.0160582564,0.09102197922859188,10356382.835028868,ok,506487.0761209676
435,10357331.523282133,0.09701471819409023,96342.58478079607,959672.3059204086,0.05019556372859755,10354913.538105063,ok,192685.16956148442
436,10353730.581225999,0.13598615700759836,52778.583779291366,73237.50818875746,0.36032481910268827,10344221.864399614,ok,105557.16755858273
437,10346041.444936465,0.050336928633381635,192518.68171544478,3631059.2336770957,0.02650998914172012,10343489.610855538,ok,385037.36343088787
438,10342733.748926684,0.10991898257281128,61511.54036659305,177698.83545236284,0.1730780626952475,10337410.599806659,ok,123023.08073318587
439,10338129.805583157,0.06535566276497053,109009.7600824895,2214972.748184181,0.024607472072027736,10336788.578269754,ok,218019.52016486472
440,10336833.09640832,0.13423215524217,48779.377582530884,97754.02364461629,0.24950061267998436,10330747.854111826,ok,97558.75516506177
441,10329569.662920944,0.08114691495409065,97075.40009877537,1188895.3521689672,0.040825880899305125,10327588.068559602,ok,194150.8001975507
442,10327452.873177303,0.11355700588985726,53637.78305056375,267148.2212888422,0.10038955676326639,10324760.536544198,ok,107275.56610108489
443,10324258.830207927,0.07633297386651361,82282.46338519186,1080963.5681912578,0.03805977639138779,10322693.00412924,ok,164564.92677038372
444,10322614.405493442,0.13958934141304488,38280.125150575586,10372.716832803048,1.0,10294706.99717567,ok,76560.25030115117
445,10293423.81148674,0.051989355662939093,128370.05096739819,1034761.4945742161,0.06202881129637508,10289442.490652958,ok,256740.10193479212
446,10289758.469075324,0.12130651952224082,55172.534289727555,110768.98328328978,0.24904324592663607,10282888.295562569,ok,110345.06857945511
447,10281699.24943434,0.06530904894797143,121940.97458059798,2430244.1929981844,0.02508821437202156,10280169.608778836,ok,243881.94916119595
448,10279938.791551638,0.1030890644626256,66928.45939493937,413732.4276066275,0.08088374868524235,10277232.079206843,ok,133856.91878987875
449,10276904.13194113,0.1249323066602447,64321.593413123046,700575.223736029,0.04590627189904656,10275427.749663029,ok,128643.18682624609
450,10275155.315145249,0.09053999432065747,56841.15472181458,400396.93669313885,0.07098100598778707,10273137.993973417,ok,113682.30944362907
451,10273132.395049749,0.15118815376802364,43179.670077174625,182271.8780095386,0.11844852466740634,10270575.110941617,ok,86359.34015434925
452,10268550.301806556,0.09000041852162699,49594.1035735646,254430.08871200678,0.09746116079395961,10266133.552355148,ok,99188.2071470971
453,10266464.02995124,0.05185276785750842,127826.14783216709,2818378.742779686,0.022677248073851106,10265014.657318885,ok,255652.295664324
454,10265136.81164588,0.1600506725500537,38537.48186096529,55251.21653111126,0.3487478129939937,10258416.880387228,ok,77074.9637219012
455,10257319.988625672,0.041579472941676666,89444.91655736646,460750.91399253113,0.09706428554020881,10252979.035165248,ok,178889.8331147306
456,10254115.734399391,0.12101261708150002,59319.05597292693,561492.8204173406,0.052822630865374975,10252549.040100921,ok,118638.11194580694
457,10251412.045336634,0.11256591152768132,43958.13075266153,207156.85847298132,0.10609866136388339,10249080.095922176,ok,87916.26150529284
458,10248261.505194146,0.06532429523431561,103412.44553368483,2314830.936383669,0.02233693266931198,10247106.546777619,ok,206824.89106724938
459,10246780.598488582,0.1430861728562641,35540.10737941699,7789.0160593062865,1.0,10219029.50716847,ok,71080.21475883399
460,10219047.99332369,0.06097115570694842,101723.61470702212,506235.1699709408,0.10047071078927736,10213937.871386856,ok,203447.22941404424
461,10212668.617825082,0.13506947236291467,56586.35659371571,161735.59221534754,0.17493476797108506,10207719.157244558,ok,113172.7131874295
462,10205903.79784509,0.08455548020906198,55765.97694544014,343278.642410545,0.08122552651957105,10203638.987425454,ok,111531.95389088028
463,10203608.909701968,0.11559954320096665,55763.78297631375,815011.6241459461,0.034210421866527875,10202655.058431722,ok,111527.56595256904
464,10202669.261830807,0.13040213504392636,38717.93655705957,107056.30208113053,0.18082978677760575,10199168.583724767,ok,77435.87311408827
465,10200691.189844484,0.04997357222066212,127060.7021996163,2473251.214188946,0.025686978635787984,10199059.287073059,ok,254121.4043992326
466,10199578.396216264,0.15008873215912177,36741.779209947315,58735.981224973846,0.31277062580445275,10193832.521577932,ok,73483.55841989347
467,10193940.23855102,0.05636054524154596,112463.90068380389,720078.7353969753,0.0780913913683364,10189549.007309467,ok,224927.80136760778
468,10189708.09475891,0.07415819871108736,102147.37757639505,2327059.0805239268,0.02194774048310734,10188587.142691871,ok,204294.7551527901
469,10188502.789903738,0.14791048703950146,37351.68980667252,13433.372244365788,1.0,10164584.472341431,ok,74703.37961331902
470,10164970.744553491,0.04418241682837764,150211.9988030743,945295.015291275,0.07945244414347688,10159003.389331201,ok,300423.99760614854
471,10160081.56585979,0.06148843447347272,151883.12899138234,4803243.686969794,0.01581047505495191,10158880.893648699,ok,303766.2579827622
472,10158604.213184562,0.12053185835183729,62968.358149016254,351653.4660238138,0.08953183209169914,10155785.376950119,ok,125936.7162980325
473,10155295.523587013,0.0959271947505349,67490.98212440574,856077.3431011947,0.03941874099828139,10153965.31881497,ok,134981.96424875743
474,10154731.259344416,0.11671745738740866,60026.70601931475,674835.631035117,0.04447505678326512,10153396.413765056,ok,120053.4120386295
475,10154271.431588355,0.08178179707154656,65071.63203254837,730509.0417105848,0.04453855347236663,10152822.333406948,ok,130143.26406509553
476,10153443.475402052,0.12792967591646778,48464.49662127235,302533.7418766379,0.08009767161944267,10151502.528734267,ok,96928.99324254278
477,10152389.711370328,0.05542032313678337,83896.89087786345,1101367.9510729092,0.03808758498743967,10150791.99638958,ok,167793.7817556479
478,10150397.97721994,0.15413483927602972,35495.56104466628,17042.202112565523,1.0,10131944.618287837,ok,70991.12208933257
479,10129983.618981961,0.03992904390993316,198715.5008230122,2026494.3694937786,0.049029374029953915,10125112.17067426,ok,397431.0016460244
480,10124940.348890334,0.08675112985452235,93586.2247260264,908613.5091537149,0.05149946802639599,10122530.52849634,ok,187172.4494520528
481,10123709.400212474,0.08077029546945447,90616.59596503116,818986.9078666372,0.055322371514507196,10121202.837718794,ok,181233.19192998373
482,10120220.391765073,0.12901289704437727,51487.528029263296,108682.2717810407,0.23687178776035275,10114122.420359246,ok,102975.05605848323
483,10113620.27956074,0.03921952956298444,197599.16384478443,4752487.977825621,0.020789023009290267,10111566.332778845,ok,395198.3276893204
484,10111377.517200433,0.13694529359203078,49459.52944834283,201325.24879256877,0.12283488967472335,10108339.839278856,ok,98919.05889668564
485,10106851.191576183,0.10194525945075027,61792.05418948767,595985.3257598408,0.05184024800502177,10105249.533869222,ok,123584.10837897532
486,10105912.204982573,0.07511337697661617,90919.91138870377,2777412.285745977,0.01636773766993759,10105168.128353281,ok,181839.82277730294
487,10105298.182566922,0.1569201854422773,38762.96365272178,126991.14578365383,0.15262073356972305,10102340.166592915,ok,77525.92730544356
488,10101113.80289184,0.056107554949358054,66944.97222064815,783982.0806188218,0.04269547345253502,10099684.679249724,ok,133889.9444412929
489,10100511.482459985,0.08855495578619879,78714.63050473601,2346910.2172822324,0.016769842733031576,10099851.466472808,ok,157429.2610094719
490,10100149.643564792,0.16705907584261082,31890.465041061478,8566.671897620814,0.9999999999999998,10076825.85042135,ok,63780.930082122955
491,10075343.27372542,0.0944940872950238,80587.16155766949,313098.40641074517,0.12869302415412076,10070157.770960994,ok,161174.32311533898
492,10069663.235459657,0.053352790080117035,131246.3860748846,3000725.2623171667,0.021869110731839517,10068228.114584545,ok,262492.7721496208
493,10068157.570668587,0.15172422204473437,44794.482135888895,137724.27941657355,0.16262376657785724,10064515.246965166,ok,89588.96427177779
494,10065423.176623482,0.0687465917619934,53759.35476661334,349659.1120085391,0.07687395082857225,10063356.829626031,ok,107518.70953322668
495,10063511.716731643,0.17277157924069036,36308.513365909894,60591.35757675159,0.2996179225718585,10058072.376058461,ok,72617.02673179268
496,10057360.723466776,0.05365475332235216,92098.71487603904,911192.1370635625,0.050537483330815036,10055033.504832856,ok,184197.42975199828
497,10054630.02443776,0.14050307039390392,50533.886273646276,373157.685513571,0.06771116907869294,10052919.17017892,ok,101067.77254729255
498,10052631.22116663,0.12155904428919408,38222.22207796498,360727.4102692347,0.05297937028050795,10051618.726538423,ok,76444.44415592996
499,10051553.752518363,0.1689469489882276,27553.13343199069,4772.204010462209,1.0,10028772.823096834,ok,55106.26686398138
500,10028345.890157707,0.09219828451937886,103557.36902060796,1634864.543989865,0.03167154410477262,10026705.97926755,ok,207114.73804121593
501,10026923.585144956,0.15360070253987582,46430.99538571773,102743.79817653484,0.2259552216764451,10021677.922217438,ok,92861.99077143546
502,10020996.666685186,0.08391213270270065,87441.55653244363,986786.7896333999,0.04430620547977185,10019059.564899588,ok,174883.11306488715
503,10020412.451045219,0.08735825158966798,69792.38075077967,1086980.762676383,0.03210377917771776,10019292.151455263,ok,139584.76150155492
504,10019534.39138024,0.11561542821549319,49543.87104489091,408850.6621835014,0.06058920240008625,10018033.479565028,ok,99087.74208978182
505,10018031.898524094,0.10107287502395551,61204.59252211538,860719.8013009577,0.035554307237736414,10016943.855080647,ok,122409.18504423075
506,10017509.667547889,0.143613520571477,41259.32839620781,178662.78577159738,0.11546704653131784,10015127.621152002,ok,82518.65679241563
507,10015624.611714523,0.08754573673539315,70126.94283549543,1002408.5335139381,0.034979222787372824,10014398.118736103,ok,140253.88567092275
508,10014462.967346461,0.17854963883512162,31596.336440036128,17996.719511337462,0.8778359972808173,10000594.766591832,ok,63192.67288007197
509,9998951.33687912,0.044118563901695974,187005.17215168473,1498605.4510609454,0.06239306417152475,9993117.424025886,ok,374010.3443033694
510,9993419.041087639,0.10162061444965662,93148.86309478278,612654.8097499029,0.07602067396876218,9989878.421411695,ok,186297.72618956555
511,9990020.884151362,0.10813095602653124,71093.97111483538,811369.7979554868,0.04381107806451512,9988463.532392148,ok,142187.94222967076
512,9988763.330759209,0.16424426673366807,36743.770235277836,34755.09315099089,0.5286098655475802,9979051.771037318,ok,73487.54047052632
513,9978492.150830071,0.08134831289005529,107367.27623984037,1162517.7489068897,0.04617876859979013,9976013.106527736,ok,214734.55247968071
514,9975976.384028118,0.1277129364390269,57233.288257267996,149445.1491022708,0.19148593514434234,9970496.699166453,ok,114466.57651448704
515,9970149.654234838,0.1145541075314306,59236.44916435772,415920.837668981,0.07121120631554201,9968040.504733417,ok,118472.89832865847
516,9968320.79850145,0.10571250167881531,50641.17298948842,522611.96932660555,0.048450069996234905,9967094.014313433,ok,101282.34597893881
517,9966729.558749499,0.17101710534389644,31967.996744746903,54661.799457783534,0.29241624920742376,9962055.577898113,ok,63935.99348946893
518,9963405.454935998,0.06015963375034911,93239.55571203958,763672.6872153366,0.061046805308717526,9960559.466433685,ok,186479.11142407544
519,9960366.528666379,0.18395170049401607,32383.180619080464,31376.188363390444,0.5160470775485427,9952010.905806277,ok,64766.36123813581
520,9952094.099166218,0.04426621757407443,140745.21491813095,1651773.5938305745,0.042604269569334045,9949095.925627736,ok,281490.42983626184
521,9949353.259801429,0.1027131331014464,64782.942352460144,424555.0123067989,0.07629510955537327,9946881.948959379,ok,129565.88470492027
522,9947072.328235537,0.13095591070130896,51590.72073538491,573037.2061724823,0.04501515798596877,9945911.14601328,ok,103181.44147076982
523,9946029.154795017,0.16068177311591636,37201.48491246441,190859.9849342922,0.0974575286833221,9944216.372403556,ok,74402.96982492882
524,9944323.873754203,0.10698880086069745,55672.68948274424,701381.1612875395,0.03968789907369679,9943219.107713526,ok,111345.37896543849
525,9942934.769363629,0.16730236143161192,28297.183383951466,9260.898080723453,1.0,9923898.484060401,ok,56594.36676788304
526,9923641.581417758,0.04845471683051562,148661.8811438421,1389363.4910981152,0.05349999553620909,9919664.876428958,ok,297323.76228752674
527,9919665.03797409,0.12922724260548482,56787.05286025886,162577.71632383752,0.17464586827860556,9914706.225897208,ok,113574.10572051698
528,9914617.969704576,0.07216271601951126,105409.72281248393,1597213.052158594,0.03299801572183038,9912878.813859275,ok,210819.44562496786
529,9912956.612617478,0.14520083169157477,48910.74533948885,254669.28701864582,0.09602796220949056,9910608.213014929,ok,97821.49067897751
530,9909553.95986157,0.15983632673678816,36802.58986982708,133183.21658860124,0.1381652689148856,9907011.539998503,ok,73605.17973965404
531,9906492.739045726,0.0592106675818315,79530.03078080015,1079862.637151578,0.03682414227729072,9905028.426461332,ok,159060.0615616003
532,9905061.102761809,0.1762153068513479,35302.63554294189,122459.89585528911,0.14413957849784154,9902516.849258296,ok,70605.27108585488
533,9903143.512140926,0.0725126448420939,67527.77296648685,795537.1315139915,0.04244162232753004,9901710.518022494,ok,135055.5459329734
534,9901226.937761897,0.16936433997315964,28106.631845809487,11574.06848241948,0.9999999999999998,9884694.374398507,ok,56213.263691618966
535,9885586.072015174,0.03936518989313922,179719.89581489723,1442377.2851845757,0.06229989117996237,9879987.807039103,ok,359439.7916296696
536,9879983.857806526,0.09818821737186105,74939.29430499335,575402.6081430537,0.06511900819048974,9877543.871546708,ok,149878.5886099867
537,9878276.496264502,0.10699376447306018,78104.2603703946,855289.5325090811,0.045659544167030545,9876493.393801494,ok,156208.52074071075
538,9876385.461922802,0.11966649347021081,59411.15144539008,553236.2329201401,0.05369419780389375,9874790.44486407,ok,118822.30289078015
539,9874356.412271576,0.16545685127881124,34606.382540191174,47910.94550217371,0.3611531997278272,9868107.309378877,ok,69212.76508038235
540,9865925.445161875,0.08197301876785015,90805.30255031872,1081945.8254388438,0.041963885998399016,9864020.17347974,ok,181610.60510054114
541,9864174.182763608,0.16039988100408115,39152.73749247735,146819.11517837486,0.13333664844972515,9861563.935366169,ok,78305.47498495437
542,9860869.892949263,0.12466582739192007,63761.083125381934,1537817.6628819765,0.020731028347629087,9860208.97653839,ok,127522.1662506937
543,9860079.704765696,0.12943412695896023,39099.19633536554,438906.73334841395,0.044541577247036356,9859208.934828762,ok,78198.39267073089
544,9859354.824166482,0.12013286522344367,54904.327892221234,1462414.1982637579,0.018771811692407683,9858839.497314336,ok,109808.65578438828
545,9858931.89716779,0.17478438731725804,25114.141832042198,8230.4997521386,1.0,9842048.255087886,ok,50228.28366406735
546,9841517.318591647,0.04870544138617039,143842.05099215457,1767823.9508607818,0.04068336412178248,9838591.32932338,ok,287684.10198430915
547,9839043.003322441,0.14292215270471242,53748.61157050269,238371.4996465896,0.112741270768927,9836013.159937179,ok,107497.22314100536
548,9836151.588042967,0.062417680210279325,127663.27392778681,4181319.1209266363,0.015265908943526764,9835177.14008536,ok,255326.54785557362
549,9835302.747905424,0.12117326437738062,61625.27248035514,855570.9081400022,0.036014123373086356,9834193.057822421,ok,123250.54496064277
550,9834517.85570918,0.07884999211861562,86631.97054994485,3108040.5767998057,0.013936750246540452,9833914.17164072,ok,173263.94109979435
551,9833818.256302167,0.18849490185858603,31105.517469213013,40423.28035105768,0.38474756624247014,9827834.370230671,ok,62211.034938426026
552,9825727.772962462,0.10198083210924963,71754.08670566202,777087.2343689548,0.04616861758379739,9824071.37946787,ok,143508.17341132168
553,9824569.84457516,0.1478908833541006,45309.71468366032,262580.94806344,0.08627761270919286,9822615.237567438,ok,90619.42936732063
554,9822805.083664054,0.0968747303885997,54950.43832749459,616022.6965927503,0.04460098518401025,9821579.661821203,ok,109900.87665493853
555,9822057.915588167,0.1752138533519911,32627.32807824533,92778.90998544807,0.17583375404692062,9819189.422797907,ok,65254.65615649066
556,9819379.516804159,0.07583796988915548,69473.40743295221,823383.9898812346,0.04218773275089615,9817914.05403112,ok,138946.81486590442
557,9818439.16689032,0.16106730059042249,41354.88090350771,367519.77355156967,0.056262116870434004,9817275.810319042,ok,82709.7618070154
558,9817245.606636498,0.11948533503836044,42826.300423392764,371048.02662313887,0.05770991536210218,9816009.855550144,ok,85652.60084678553
559,9816120.01871226,0.14558681201014928,40931.91049153097,447326.4592105136,0.045751720749731294,9815183.666042978,ok,81863.82098306195
560,9815778.648849383,0.16905542722884653,29958.328207164166,97014.80027041743,0.15440081370913936,9813465.853723107,ok,59916.656414303645
561,9813807.768692493,0.056731956072048305,100463.91032261742,1454890.4139529704,0.03452628093467696,9812073.446096696,ok,200927.82064523484
562,9812498.353908498,0.14882769622534886,35737.31443345077,242626.45901900672,0.07364677904039146,9811182.384858709,ok,71474.62886690153
563,9811906.22976996,0.16151437124961512,34418.147595311704,239895.1876297845,0.07173580248809976,9810671.723051008,ok,68836.29519062294
564,9811391.353747811,0.09549218725006033,51081.28076633181,552027.9479906327,0.046266933542283804,9810209.666636577,ok,102162.56153261571
565,9810432.122953523,0.1998701641882122,24617.051224673036,23017.671424293345,0.5347424326922069,9803850.232024727,ok,49234.10244934607
566,9803010.055977697,0.05607924408732465,129862.48151641607,1842668.5711009675,0.03523761232841377,9800722.034087857,ok,259724.96303283214
567,9800660.760495655,0.14726777794292725,50046.29002016117,717899.0289840002,0.03485607864032683,9799788.551785355,ok,100092.58004026744
568,9799710.619385222,0.17341244920759216,31691.873211878166,43869.612397793535,0.3612053022546438,9793986.983063966,ok,63383.74642373076
569,9792478.349203251,0.07400425342163053,87969.91988522885,1112800.8745343355,0.039526352781687424,9790739.784159472,ok,175939.8397704577
570,9791333.614677867,0.11072647035577526,47547.416361671916,540532.4438016372,0.04398201893975555,9790287.99899439,ok,95094.83272334383
571,9790466.227759521,0.19255710441076282,26544.912124965173,35993.888565420944,0.3687419334634862,9785572.116649233,ok,53089.824249930345
572,9790120.226060186,0.032522116495123904,184643.7147860314,1431583.3769755454,0.06448933319417327,9784166.451037662,ok,369287.4295720628
573,9785052.196993848,0.08359503790832927,67973.94981002121,611272.1751206861,0.055600395843799715,9783162.507735595,ok,135947.89962004242
574,9782635.58992363,0.17837163068977321,29544.240608060984,36639.8717612705,0.40317063335481124,9776679.904824661,ok,59088.48121612196
575,9777531.473526021,0.06725880196413939,114811.30462897089,2211301.0327733085,0.02596012549340241,9776041.215587907,ok,229622.6092578368
576,9775484.957901487,0.14051972562368167,47275.75914136547,318637.412636777,0.07418425656634416,9773731.39937873,ok,94551.51828273089
577,9774563.855572764,0.12293501287895385,51679.7927274948,573068.1581930686,0.045090441676645825,9773398.723232845,ok,103359.5854549896
578,9774039.673636684,0.07716473940142138,61772.74673146465,708284.3180891917,0.043607309348677285,9772692.801998666,ok,123545.49346286747
579,9772212.478709508,0.1896097829148909,25418.810616828196,22133.9669370878,0.5742036818135002,9764914.691387758,ok,50837.62123365639
580,9766349.33259739,0.04978957560329868,171875.88644573145,1581305.0512879458,0.05434621432017228,9761678.930716764,ok,343751.7728914629
581,9761662.816740166,0.12668519652603494,63191.5128139907,724413.394763689,0.043615643547428064,9760284.747491106,ok,126383.0256279814
582,9760839.135368455,0.14366671186280963,36632.394600403015,150930.29178210956,0.12135534281377841,9758616.366966045,ok,73264.78920080602
583,9759361.596118748,0.07176893200156755,98758.10948295041,2722428.2239353377,0.018137872031791,9758465.965142798,ok,197516.21896590083
584,9758320.664553855,0.1620352895064925,43047.12084004634,280224.3487661754,0.07680831631794724,9756667.476116825,ok,86094.24168009267
585,9756398.27290091,0.14157129024343001,33444.62373940566,165742.09700158864,0.10089357002368894,9754711.099157324,ok,66889.24747881132
586,9755305.614013193,0.09339575962247504,61650.321470798954,862961.7059898644,0.03572019537071037,9754204.533249391,ok,123300.64294159791
587,9754132.834519817,0.17868468138876173,28313.640817528907,62081.208628780754,0.22803712623277397,9750904.553877208,ok,56627.28163503631
588,9750355.653188892,0.08342322296347685,68075.1219142926,786797.6951490163,0.043260880359721594,9748883.15833659,ok,136150.2438285852
589,9748802.504880924,0.18542265087269244,29338.117648832653,46025.891770274575,0.3187131907760278,9744127.282337312,ok,58676.23529766528
590,9742279.364584047,0.09516122120403735,83103.37313511193,1326260.5621528432,0.03132995713912165,9740977.552024826,ok,166206.74627022288
591,9741212.400036596,0.15161464089737953,35628.08942625913,145335.738737427,0.12257167347746159,9739028.902764704,ok,71256.1788525173
592,9739556.436735794,0.06079794118899752,103977.96785769144,2343376.101821457,0.02218550572758499,9738403.03483507,ok,207955.9357153809
593,9739499.883935593,0.0789552444086993,44892.00701267701,404570.63681765075,0.05548104944762818,9738254.556105157,ok,89784.014025354
594,9738827.568953373,0.14277175111511103,34071.33886492427,277953.2648996325,0.06128968997221036,9737783.458055388,ok,68142.67772984854
595,9737448.997888956,0.17239586537819204,24296.15972743476,12053.213817912772,0.9999999999999998,9725206.051979434,ok,48592.31945486854
596,9726722.842700772,0.023522417721022326,345762.56683061755,4620897.006038777,0.03741292722806426,9720254.84782526,ok,691525.133660814
597,9720386.552958217,0.07855782214388346,105591.48729082682,2103739.3695536954,0.025096142806232662,9719061.58343613,ok,211182.97458152994
598,9719298.75009748,0.11516539539230751,60308.44977838548,372174.872723604,0.08102165701978167,9716855.604830809,ok,120616.89955677095
599,9716350.07913773,0.1238082188548498,61516.45252310957,1065187.7121428172,0.028875874093289212,9715461.908468867,ok,123032.90504621914
600,9715584.278139431,0.1664610972689819,30666.79053688424,101502.6317280143,0.15106401683780352,9713267.953858418,ok,61333.58107374401
601,9713684.885724053,0.0661480649262958,100373.50453931128,2519561.292141485,0.019918845564975213,9712685.223556187,ok,200747.00907862256
602,9712602.567856975,0.18160903594981628,31292.730389391803,142061.3104161695,0.11013811676704781,9710879.306660183,ok,62585.46077878361
603,9710190.553565104,0.08930046494759437,64597.42868317644,1171836.9998278522,0.02756246333434858,9709300.321435317,ok,129194.85736629197
604,9709337.729953514,0.1730078294675268,30043.228035302207,82049.26594283096,0.18308041936801284,9706587.566559577,ok,60086.456070580025
605,9708221.504632745,0.0696657318174422,69851.46704136461,603941.1417535434,0.057829697475610654,9706201.76002913,ok,139702.9340827292
606,9706135.10423637,0.17428065408996346,28787.750842179972,60886.24431413203,0.23640603199020255,9702732.305263108,ok,57575.501684359944
607,9702653.56276494,0.04861727439341024,151388.00639569247,3033737.912103384,0.024950739118187456,9700764.94143834,ok,302776.01279138157
608,9700207.238608737,0.17354208363157458,36362.30809335598,162301.22006387805,0.11202105590778864,9698170.566534804,ok,72724.61618671197
609,9697874.228869718,0.10183160900088026,50191.6250403672,549577.0601148156,0.0456638647088739,9696728.257082038,ok,100383.2500807344
610,9697219.666462481,0.11907348426350049,60940.75725108645,1284736.516627849,0.023717220014514158,9696496.993788693,ok,121881.51450217288
611,9696621.788753593,0.19372725188746362,29499.1040355859,96221.27093950304,0.15328785281859766,9694360.86159475,ok,58998.208071148256
612,9693741.932228543,0.15863465414883748,29724.394143842965,113892.0918116286,0.13049367024097475,9691802.509584785,ok,59448.78828766539
613,9692071.408197708,0.08089419104272144,80721.54291878856,2379304.426874604,0.016963264979257486,9691386.757736675,ok,161443.0858375747
614,9691653.964691002,0.14045039700650583,47218.60799898664,958864.0304351632,0.024622160442058363,9691072.65262,ok,94437.21599792903
615,9691224.57409035,0.19128844734647063,25921.93694977901,7695.524321314692,1.0,9672998.161461886,ok,51843.87389955802
616,9672494.20831073,0.05801889427896331,153272.72999385826,2217813.6849284903,0.03455491573423136,9669846.045176085,ok,306545.4599875496
617,9669671.796738787,0.12766098310791893,57977.00102067119,564963.9692769861,0.05131035267157602,9668184.386554182,ok,115954.00204134236
618,9668456.320913192,0.18080300022912946,39463.15075573801,152781.32002263764,0.12914913534550804,9665908.005014136,ok,78926.30151147602
619,9665527.0390759,0.14961633043350378,46985.69556015125,247288.1726673489,0.09500190618367388,9663295.173755111,ok,93971.3911203025
620,9662256.23964644,0.1728049048862976,34887.30981841249,266380.67335379316,0.06548393578853401,9661113.960468449,ok,69774.61963682498
621,9661236.272540603,0.12085452163757651,42204.402387675604,467128.4797845265,0.04517429809368863,9660282.99541344,ok,84408.8047753501
622,9660524.802215476,0.1455770556706806,38647.30756465395,544367.1793208758,0.03549746295585667,9659838.861531164,ok,77294.6151293079
623,9660156.00323604,0.14316777341966092,34654.72932568242,299901.8813304283,0.05777677881170117,9659154.883920526,ok,69309.45865136484
624,9658796.7414073,0.1712852842075041,32297.36360228186,258189.26545096887,0.06254590706137482,9657786.707456201,ok,64594.727204563715
625,9657318.187055096,0.19321407338802432,23074.36152563781,9552.03241606056,1.0,9643795.857945519,ok,46148.723051275345
626,9644568.213050041,0.049875629291329326,197787.41287135793,2242798.576068346,0.04409388675867668,9640207.60515732,ok,395574.82574271585
627,9639702.6766883,0.11224273874692801,73584.12251664005,749085.2332614165,0.049115987907186916,9637895.598252457,ok,147168.2450332801
628,9638142.050488696,0.15216930959846353,42331.40014020658,212922.88422095505,0.09940547324231785,9636038.06405672,ok,84662.80028041315
629,9636283.380017122,0.16907762089852876,36003.46138690453,298570.3974719874,0.06029308613939609,9635198.000117764,ok,72006.92277380894
630,9634806.05852474,0.17249936098530436,31610.483558987937,75944.5389949862,0.20811557998314295,9631516.741465027,ok,63220.967117975866
631,9631770.491021771,0.06899138895330809,130849.04603857544,5218919.36777528,0.012536028708022917,9630950.327322993,ok,261698.09207715036
632,9630942.83156317,0.13451329648490437,49857.8483033855,621047.8519283765,0.04014010204574015,9629942.18200383,ok,99715.69660677097
633,9630099.671350788,0.18631136633240028,25262.190765734078,31390.42255575233,0.40238691787066677,9625017.083810346,ok,50524.381531468156
634,9625196.921378884,0.05506866692393412,124018.22319204376,1348031.8591364296,0.045999737451120695,9622344.51852589,ok,248036.44638391538
635,9622032.683092158,0.17370659349435294,32586.585864205244,128971.07369675122,0.1263329246247335,9619974.303744277,ok,65173.171728383866
636,9619560.337730866,0.12182402409160845,51659.02574062014,623198.580598429,0.041446681161415956,9618489.790146375,ok,103318.0514811849
637,9617904.026535628,0.19269531943915783,22581.364120567723,8490.933610136552,1.0,9603813.596025197,ok,45162.728241135446
638,9603668.61344652,0.05470379554478383,137807.38918682619,1838677.3158283553,0.037474598723904316,9601086.47514104,ok,275614.77837353176
639,9600973.701207932,0.13620490956880418,53469.01266548629,207649.719578923,0.12874809745448254,9597531.684381206,ok,106938.02533097257
640,9597495.79116457,0.07031743183485492,75423.45059266826,964028.311723313,0.03911889810468328,9596020.55002535,ok,150846.90118533652
641,9596041.279896993,0.13725409527003263,56965.615697474626,1006582.0522172159,0.02829655842362551,9595235.314460631,ok,113931.23139494925
642,9594935.441269124,0.17625222288800746,27282.209789714263,15007.843385187225,0.9089317195514535,9582536.60834046,ok,54564.41957942852
643,9584331.914225083,0.04088981454600729,248328.01424484636,5537119.941024326,0.022423933099678127,9581547.668835983,ok,496656.02848939656
644,9581773.644600963,0.07587493295502482,118523.36207145202,851703.2024721499,0.06958020219216426,9577650.20485225,ok,237046.72414290404
645,9577589.259247486,0.14423265921768372,45735.78471589161,199651.56419089128,0.1145390092515444,9574969.993513135,ok,91471.56943178322
646,9573998.002232991,0.16038880115133303,42697.54753203526,371065.78032963106,0.05753366356513055,9572769.72906561,ok,85395.09506406967
647,9572797.63979121,0.205810782792422,27278.81137905905,26086.92876917794,0.5228444409924049,9565666.352348,ok,54557.6227581181
648,9565861.47325056,0.04733142541923726,139446.92761859478,1786805.767623028,0.03902128875599607,9563140.77383619,ok,278893.8552370559
649,9563465.066311907,0.13626489840964975,48268.4896061238,401374.8990504259,0.06012893397210134,9562013.899899678,ok,96536.97921224756
650,9563005.477549331,0.1324774230860202,40100.11234233075,274230.55119056586,0.07311386745247202,9561539.540400017,ok,80200.2246846358
651,9561184.93376101,0.19322582353493428,29949.245986970884,106819.05869430013,0.1401868091380634,9559085.689145507,ok,59898.49197394177
652,9558272.87245759,0.17942318134221288,28781.216479299714,56157.85184796986,0.25625282602703553,9554585.238427931,ok,57562.43295859943
653,9554986.160258181,0.06169215166387572,121996.11990540454,1965278.730241313,0.031037867053704097,9553092.910582837,ok,243992.2398108088
654,9553178.776125755,0.14710749120929564,48865.61469537008,652193.7156382275,0.03746250042255535,9552263.462070167,ok,97731.22939074013
655,9551929.611994911,0.18770578329000762,23054.4993068556,86159.99363308959,0.13378888701543243,9550387.39409343,ok,46108.9986137112
656,9550180.851967921,0.10239438045389496,61820.56849432575,2508795.546465717,0.012320766548995176,9549800.01357175,ok,123641.1369886515
657,9549616.963996014,0.1915140465693661,19945.313910939847,3776.566339757735,0.9999999999999998,9533448.21642483,ok,39890.627821879694
658,9533438.794065796,0.11198184303042791,88369.66401123814,1477414.8029433175,0.029906856163613427,9532117.36465039,ok,176739.3280224763
659,9532103.478902575,0.14432762544230168,42137.89016563834,541978.3143346498,0.0388741477759753,9531284.441617941,ok,84275.78033127668
660,9531214.770253066,0.19912599788915908,30035.558291938163,48472.223588486675,0.3098223690636748,9526561.926339986,ok,60071.116583876326
661,9526590.881771486,0.13262974428466606,58430.04702041902,477827.9464325139,0.061141303534735174,9524804.637151273,ok,116860.09404083803
662,9524176.849920176,0.19899054819940418,26910.548838686893,35219.79708331087,0.3820372498886235,9519036.433884514,ok,53821.09767735325
663,9519176.470999843,0.1049393674802913,55921.799393423804,304625.73840566084,0.09178771249945145,9516610.003977256,ok,111843.59878680491
664,9516834.386725016,0.19045442408200491,26957.740494108744,35986.71756679725,0.3745512555301933,9511785.858950853,ok,53915.48098821749
665,9512141.597032411,0.1495862692138764,39073.16572865941,133518.44973742662,0.1463212230425815,9509282.98033363,ok,78146.33145728917
666,9508746.107359888,0.23243120379543475,21422.109910962703,34981.309051245495,0.3061936572982534,9505466.450269546,ok,42844.2198219085
667,9505616.609514706,0.09889624691300347,42359.70367374155,216598.5637721366,0.09778389786163191,9503545.561045965,ok,84719.40734746578
668,9503858.122449182,0.20624369065313944,24613.372995774665,47108.37077806967,0.26124203182200595,9500643.098663477,ok,49226.74599154933
669,9499961.442946248,0.1610220800106786,37014.790673178926,199411.00228360013,0.09281030196251884,9498243.76599652,ok,74029.58134635785
670,9497833.60659964,0.21433550257460765,23291.201965227337,45927.92784927208,0.2535625169250531,9494880.718703384,ok,46582.403930454675
671,9494129.309991634,0.07703581054689121,81014.52192209245,2410330.433281341,0.01680568788483537,9493448.557606854,ok,162029.0438441849
672,9493676.147017423,0.19959470772718796,24906.86962667587,38658.62419704473,0.32213859318588844,9489664.415046321,ok,49813.73925333283
673,9489123.14965771,0.0810639175675358,107463.55859669144,1531429.7514957192,0.03508602287886002,9487237.915219927,ok,214927.11719338287
674,9487141.594552692,0.1778200426540889,30802.866343554862,201107.8072660855,0.07658297000573336,9485962.107058054,ok,61605.73268710972
675,9485185.441494554,0.1360153517874504,36509.88819082487,759325.478663054,0.024041000346194042,9484746.574377237,ok,73019.77638164972
676,9484885.949825607,0.21434334949507156,24117.11917875905,88674.39065385734,0.13598694617987744,9483246.14313172,ok,48234.23835749936
677,9485243.940848261,0.04325799423928503,95956.69195065013,1158398.541158219,0.041417823202154716,9483256.782197123,ok,191913.38390119717
678,9483099.876797989,0.1727152488062356,34699.23908209361,376069.1772916178,0.04613411730787306,9482299.467414835,ok,69398.47816418723
679,9481979.345140263,0.2202735015046082,19696.91647313044,9474.971288101551,0.9999999999999998,9471757.399955235,ok,39393.83294626069
680,9476194.37796203,0.024677629581175677,218321.30859235494,1347850.0503509396,0.08098872294270072,9467353.595974993,ok,436642.6171847099
681,9466997.94837974,0.1413003074091176,58354.433263329876,459162.98951848666,0.06354435635647027,9465143.900928607,ok,116708.86652660524
682,9465456.908271551,0.14485265928463983,38744.97042196167,414261.8119978279,0.04676386924866348,9464550.975906124,ok,77489.94084392334
683,9464075.344260257,0.16688639906794495,44956.4858193782,917267.575878464,0.024505655166282055,9463524.500190768,ok,89912.9716387564
684,9463105.295083124,0.20517732332670563,26392.6841953707,54381.277214955226,0.24266333513138352,9459903.026698167,ok,52785.368390741394
685,9460567.45322383,0.05755223566359806,154847.8915506205,4637659.078246345,0.016694617795102534,9459274.890040923,ok,309695.7831010274
686,9459764.029906828,0.10194103859521027,66019.2388095203,1119669.9969062358,0.0294815610813625,9458790.854796074,ok,132038.47761896686
687,9458793.16206117,0.22567594816144892,23560.217751349905,28568.253603056895,0.41234963254507245,9453935.638494944,ok,47120.43550269897
688,9453245.594298158,0.11835610310138894,49484.17029219956,233928.89130265132,0.10576754760098911,9450628.68462972,ok,98968.34058439912
689,9451454.152835865,0.15809189136090868,44954.48101745597,1177049.0208174922,0.019096265415621295,9451024.9214853,ok,89908.96203486723
690,9450742.680911805,0.19284060113726037,29664.506364764813,97887.73895086281,0.15152309514297624,9448495.252001666,ok,59329.012729529626
691,9448575.536373679,0.16407952740361306,32746.162457325503,134790.0996860289,0.12147094828775347,9446586.68267044,ok,65492.32491463003
692,9447426.421107845,0.13605963520825504,41196.10174687128,516995.25607666123,0.03984185663471797,9446605.756517991,ok,82392.20349374256
693,9447076.826283276,0.1366011148005104,45423.9075310536,922893.4057931032,0.024609509205463356,9446517.896248009,ok,90847.81506205734
694,9446884.214609526,0.19291400586760812,29841.616323100556,277600.93230062886,0.05374912842652754,9446082.234175423,ok,59683.23264618034
695,9446443.15023284,0.09722904025410314,59820.68558286212,1254639.2036412703,0.023839796098052667,9445730.09375947,ok,119641.37116572424
696,9445531.624217872,0.21659311912999088,25177.14741913253,114340.74161468874,0.11009700944557349,9444145.659899263,ok,50354.294838264046
697,9443322.997528527,0.10867515629623146,31148.352256724927,424296.20476661535,0.0367059048688146,9442751.33330115,ok,62296.70451342504
698,9442603.082905106,0.14179492752038156,44410.57697186362,1908180.87023846,0.011636888741661517,9442344.682433518,ok,88821.1539436778
699,9442569.723423189,0.19869004234428328,22560.02670585076,88155.94175966833,0.12795522488633918,9441126.386777893,ok,45120.05341168534
700,9440446.176472325,0.10089742220384022,62628.52365660349,2603233.743918484,0.012028985834044374,9440069.497660387,ok,125257.04731320697
701,9440208.324672371,0.20999482455652377,20199.90507334507,44131.21860160574,0.22886185463967776,9437896.830803055,ok,40399.81014667624
702,9437842.372980095,0.05772186888174572,118353.3379211897,3914560.004909378,0.015117067789580297,9436947.795263857,ok,236706.6758423794
703,9436613.506769419,0.17102873789616693,29213.32799216027,460265.04445477505,0.03173533200502556,9436149.959438019,ok,58426.65598432054
704,9436036.193413675,0.23313029995399223,18204.852341523423,6507.410529564709,1.0,9424338.751601717,ok,36409.704683046846
705,9424454.670814507,0.06648604423257734,119475.56029294895,1940784.528297492,0.030780222778712098,9422615.928633291,ok,238951.12058589788
706,9421649.654720865,0.15208361210151577,53400.712704411075,269086.0175173162,0.09922610100128045,9419000.282464692,ok,106801.42540882215
707,9418163.822436702,0.211944875601744,23265.245768917757,34647.17291516354,0.3357452255323202,9414258.224842828,ok,46530.491537835514
708,9415303.727401387,0.047708907544102015,174198.53334692144,5490804.1331265215,0.015862752442394167,9413922.093296232,ok,348397.0666936231
709,9413742.292321365,0.14708110130207164,39817.907117342314,309005.10225095705,0.06442920655239599,9412459.574240291,ok,79635.81423468463
710,9411941.08243873,0.13444226656794578,30644.422779282184,427102.1386673838,0.03587481776009939,9411391.400897443,ok,61288.84555854411
711,9411214.59330597,0.141529030699002,42310.217299783224,1492703.8878036465,0.014172341093730976,9410914.77589031,ok,84620.43459956488
712,9410819.351939535,0.2149050160577737,21961.71771260239,20315.875198268703,0.5405063158311275,9404884.128374454,ok,43923.43542520477
713,9405536.11171116,0.04330816782428491,79060.88860942835,742514.601987119,0.05323860864004927,9403431.565857453,ok,158121.7772188567
714,9403914.285731185,0.1589288618131442,37149.652732201284,191017.41478465093,0.09724153364258184,9402108.0411282,ok,74299.30546440257
715,9402279.130216338,0.18875650537656535,32298.073825727515,304797.6336571097,0.05298281590673716,9401423.508766513,ok,64596.14765145503
716,9401819.063620556,0.11330065341384367,32728.447888489893,349537.8160877621,0.04681674826318709,9401052.943867635,ok,65456.895776979785
717,9401176.679867508,0.253867971822381,18875.730311207088,17125.63837307089,0.5510956701295328,9395975.513244988,ok,37751.46062241388
718,9396335.913451485,0.07287463593806076,124838.66456383024,2083700.3097368812,0.02995600278515921,9394466.0797598,ok,249677.32912750763
719,9395093.691025034,0.10780493606478682,70047.4130021247,1883400.3463065191,0.01859599663435674,9394442.390296817,ok,140094.82600424904
720,9394368.613887202,0.2010625610492305,32296.817205278843,110926.44430336369,0.14557762762571255,9392017.766872898,ok,64593.634410557686
721,9391842.48498035,0.10945835376597214,72026.26424809473,1485164.8010014633,0.024248576386784352,9390969.217795113,ok,144052.528496186
722,9390762.526278626,0.23043093972584056,24209.991985511082,128867.837715254,0.09393341432097825,9389625.462674685,ok,48419.98397102215
723,9390607.835982807,0.06386436270266045,72556.2854406001,812744.8407769309,0.0446365709139667,9388988.504092645,ok,145112.5708812002
724,9388951.183181174,0.24226071144849423,19748.08445393647,28729.957396329304,0.3436845412179343,9385557.627508432,ok,39496.16890787294
725,9385012.9981653,0.0751937479255087,114037.17962766376,4353587.351511563,0.013096921046969474,9384266.230196299,ok,228074.35925532752
726,9384298.284136677,0.1335185837042214,48768.85070698284,664014.8945077832,0.03672270841389327,9383402.82199458,ok,97537.70141392187
727,9383269.006886514,0.24252671029767292,24447.074447811818,40561.810256872544,0.30135581095853153,9379585.372913623,ok,48894.14889562363
728,9379582.346126094,0.1305421822236201,63012.67556023197,637661.9675085294,0.04940915310225798,9378025.644659026,ok,126025.35112046366
729,9377879.180306515,0.20569516990700393,26394.352611999002,76155.8697099504,0.17329164982637155,9375592.219851399,ok,52788.705223975674
730,9375187.118130103,0.11100183827568286,77745.08807052737,2387224.5105969952,0.01628357276942606,9374554.13423057,ok,155490.17614105472
731,9374052.444723517,0.19240816745853867,30264.315598445704,489952.42774376465,0.030884953196183913,9373585.08873813,ok,60528.63119688995
732,9373567.577895762,0.23090970163832109,19617.320873604414,34595.013042538,0.283528161262477,9370786.546437668,ok,39234.641747193375
733,9369492.215028407,0.0976081205910101,73031.12540832443,2009515.3658741778,0.018171327935219465,9368828.67876377,ok,146062.25081664883
734,9368774.222928744,0.2229627685839167,23938.709253482466,119713.67189221407,0.09998318853270172,9367577.488688484,ok,47877.418506964925
735,9367707.860808257,0.1166612632916711,44372.40145610301,514107.8222861546,0.04315476202908769,9366750.420595508,ok,88744.80291220506
736,9366777.123431265,0.23118726757342506,17311.350698444836,5421.210250091914,1.0,9354886.982982913,ok,34622.70139688967
737,9355190.85571384,0.049682784123152204,131718.52734037532,1831100.467535867,0.03596703995101658,9352822.09294627,ok,263437.0546807506
738,9352741.09799198,0.1552914142995966,46800.71388498604,239583.06712676538,0.09767116358900146,9350455.557901008,ok,93601.42776997086
739,9350833.619616464,0.12809230962703425,47067.14916097061,589566.6069111739,0.039916735962678015,9349894.236133678,ok,94134.29832194123
740,9350465.578365583,0.09160221361601348,66546.33334213855,1401975.735408128,0.02373305459625744,9349675.90448439,ok,133092.6666842771
741,9349726.78467866,0.22339073914050303,28073.64166758691,114724.8328232449,0.12235207050089851,9348009.350586396,ok,56147.28333517382
742,9347586.058890304,0.21007902600272554,24385.274621693883,75796.0500013136,0.16086111757321964,9345624.737626316,ok,48770.549243387766
743,9345203.672027912,0.1298486474361029,45430.286651058675,1087520.0375352886,0.020887103263871828,9344729.21848362,ok,90860.57330207474
744,9344740.347845767,0.20163195712675264,23551.011243404817,63154.16069228171,0.186456529429288,9342544.727935268,ok,47102.022486809634
745,9343010.895101095,0.08384751712042574,93677.03994295793,3086598.991614869,0.015174799220346293,9342300.12996475,ok,187354.0798859149
746,9342458.366659477,0.1598924778322628,41687.32765182744,968293.7508738684,0.021526178194481452,9342009.682237735,ok,83374.65530361143
747,9341782.215049258,0.23319422247337013,20626.409720738506,45090.339176692236,0.2287231599646134,9339423.346244233,ok,41252.8194414615
748,9338566.761279792,0.1532800288055799,27990.83539903131,143084.1952049345,0.09781246404936972,9337197.834989203,ok,55981.670798043066
749,9337732.509116754,0.17559639616713235,37098.62146101749,954751.5155257628,0.019428417162861485,9337372.125369798,ok,74197.24292203496
750,9337270.630837254,0.23757369452346466,16592.156058797475,20594.361355020148,0.4028324980020057,9333928.701001052,ok,33184.31211759494
751,9336817.044893837,0.04199373308409576,131190.9335798361,1233875.7140241712,0.05316213460104869,9333329.849859133,ok,262381.8671596722
752,9333479.864101322,0.14286384340886313,53769.01450501947,1533171.409292349,0.017535226061199873,9333008.438189106,ok,107538.02900997987
753,9333147.719060438,0.1414363948268631,37498.77403941479,476453.8596669779,0.039351946970924874,9332409.894176701,ok,74997.54807882957
754,9332861.52355732,0.12131277366936756,58232.005741954956,2501093.2108432986,0.011641310585606034,9332522.575124888,ok,116464.01148384805
755,9332452.60565067,0.2107379086464978,25920.769288475494,82443.67989286715,0.15720288882154873,9330415.195744358,ok,51841.53857695099
756,9329887.874611778,0.12246386674432617,34584.38264432211,374360.29406929837,0.04619130713408424,9329089.125691395,ok,69168.76528864422
757,9329339.106390316,0.20341242273181379,35702.94600222563,830926.126315726,0.021483826823769668,9328955.588435812,ok,71405.89200441602
758,9328869.690818826,0.2520821781173983,21890.444239784963,53524.72191042325,0.20448909829386785,9326631.512216903,ok,43780.88847956993
759,9326539.229561822,0.07547593565307446,85629.90052586445,2451993.7474537273,0.017461280359052058,9325791.625711722,ok,171259.80105163608
760,9325719.092575217,0.1863367268486114,34704.836540475415,388047.4803689507,0.04471725535684253,9324943.140056368,ok,69409.67308095083
761,9324724.459884297,0.20498352518940818,24905.259322659982,200416.13417740128,0.06213386817603898,9323950.729834475,ok,49810.51864531996
762,9323793.814396901,0.21193723985181698,28574.2037773596,431850.6192377619,0.03308343499402005,9323321.147990314,ok,57148.407554691876
763,9323794.777505884,0.13569091366180816,27578.744835794903,254329.12817242314,0.05421861238225497,9323047.136867763,ok,55157.48967157376
764,9322877.40537053,0.2519713778365321,21038.75709360284,54618.942109755655,0.19259579443451946,9320851.417302351,ok,42077.51418720568
765,9321631.41685905,0.05731965065428976,45902.825041497505,309342.9742636746,0.07419406429184218,9319928.558282895,ok,91805.650082995
766,9319967.543988384,0.18192237050676124,22902.49001436517,140111.55932444916,0.08172948086792413,9319031.639678657,ok,45804.98002871726
767,9319379.480797049,0.2514369342533064,19647.97184776688,93511.53260907369,0.10505641015373744,9318347.408102484,ok,39295.94369553375
768,9318600.836933156,0.10478204488140895,38491.10713713541,665998.2195033096,0.02889730483502001,9318044.692304967,ok,76982.21427423877
769,9318093.713237163,0.25431705508815394,19515.18361701083,74896.3820865493,0.13028121701832895,9316822.482301181,ok,39030.36723402165
770,9316844.264094532,0.07928567374631067,37521.64458986172,482645.95915348735,0.038870774610514636,9316115.016399598,ok,75043.2891796919
771,9316543.928632665,0.1251011393111836,50190.746000232495,2136613.4626350575,0.01174539683428113,9316249.173518075,ok,100381.49200046493
772,9316038.889806781,0.22870457894891388,17584.41339099068,15538.377600223883,0.5658381410018417,9311063.923914898,ok,35168.82678198136
773,9312080.460319612,0.062464746999463555,81823.92475705946,810678.2795830762,0.05046633591758539,9310015.78348317,ok,163647.84951404994
774,9309798.294788178,0.17184549169935465,31662.118087017625,301972.9459578752,0.05242542173204225,9308968.344841357,ok,63324.23617403525
775,9309139.300416641,0.24637315521982592,16397.428089377583,12966.064461151549,0.6323209381885676,9303955.081859965,ok,32794.8561787551
776,9302389.360285845,0.058102867019303,171777.76911082398,6174027.642056544,0.013911321674420418,9301194.532384537,ok,343555.53822164796
777,9300773.579655364,0.1309168589813083,60008.96523059196,1613513.6324908852,0.018595741623190453,9300215.624049112,ok,120017.93046118392
778,9300283.232356839,0.19195258688237402,36078.895154457074,235065.78351259814,0.07674212430096926,9298898.846828546,ok,72157.79030891415
779,9299362.600543374,0.0877778695391791,38861.05237548276,615671.3661247288,0.03155989909039387,9298749.375097616,ok,77722.10475093243
780,9298790.136486111,0.15752839602599025,42888.70026387839,1911630.376512917,0.011217832900864816,9298549.577349665,ok,85777.40052770895
781,9298500.409458376,0.26090586859395737,18125.793945191832,26364.493368459556,0.34375388314641636,9295385.00343149,ok,36251.58789037072
782,9294504.60791162,0.11072176559854377,56635.8058126321,779574.5549168297,0.036324816821833285,9293475.96527577,ok,113271.6116252642
783,9293669.276911626,0.1396620451854505,53376.90510961828,1948007.2381958847,0.01370038674985942,9293303.63478987,ok,106753.81021923655
784,9293322.265224641,0.19771405319775795,30818.923026781824,383435.1512790371,0.040187920856992555,9292702.991004894,ok,61637.84605356364
785,9293334.426534086,0.07296944375570646,88081.02419995843,3214210.2381363106,0.013701814392052692,9292730.991611563,ok,176162.04839991685
786,9292852.961712446,0.19091526460550537,26581.45665044101,401901.2363771659,0.03306963781705754,9292413.442140406,ok,53162.91330088202
787,9291976.30644829,0.19546107742775226,23401.726673704434,298779.10318508785,0.03916225469625217,9291518.074258126,ok,46803.45334740887
788,9291903.402452504,0.1070882343265356,54220.45546085979,2123952.5942169973,0.012764045583806534,9291557.366269965,ok,108440.91092171958
789,9291283.224869432,0.24372503008407054,19860.91936314868,53767.30106141419,0.18469328914671673,9289449.135608103,ok,39721.83872628126
790,9290074.22969511,0.05582196790569412,67041.27523630808,811531.0461259068,0.04130542852078811,9288689.645394003,ok,134082.55047261613
791,9288630.73100916,0.16459117745795634,35224.29147595476,726373.5392326784,0.02424667858438563,9288203.69497227,ok,70448.58295190951
792,9288262.599503966,0.2714148858754138,18439.62806471536,31929.622362734604,0.28875424606080596,9285600.33905423,ok,36879.256129430716
793,9285386.877539944,0.09172230045643362,61405.42428711877,604360.609473463,0.05080197428867593,9283827.119147034,ok,122810.84857423753
794,9284092.843631502,0.1782314494065271,35232.44452230728,683338.4813026269,0.025779643241475858,9283638.703706348,ok,70464.88904461457
795,9283381.490343552,0.24437481582824802,18027.341322614637,9545.098161361253,0.9443245641825703,9274869.659724627,ok,36054.68264522862
796,9274771.894535227,0.08431760148880292,114373.19884596385,1290531.3191605678,0.04431244602430821,9272237.816434983,ok,228746.39769192768
797,9272357.678136291,0.13030668273941726,55259.1251893788,582834.6037851562,0.04740549448377327,9271047.885059118,ok,110518.25037875756
798,9270897.96270503,0.19781383656560617,33098.59394976389,131185.14808263886,0.12615221476486707,9268810.232238846,ok,66197.18789952777
799,9269407.010405334,0.10155242311279393,50502.79333163072,851918.8408287872,0.029640612996948864,9268658.543529129,ok,101005.58666326143
800,9268842.004875738,0.20345191634095086,25804.93706881856,95333.38456428214,0.1353405063019587,9267095.778251745,ok,51609.87413763712
801,9266829.6859399,0.16135989942656045,40402.02047303062,819895.1651482901,0.024638528308508396,9266331.962777328,ok,80804.04094606123
802,9266241.904068463,0.25223256083608,22532.49318749395,88202.58842993533,0.12773147358023895,9264802.849789325,ok,45064.9863749879
803,9264216.039960347,0.10142185891060121,35846.374434563026,524709.4573642015,0.03415830792781195,9263603.814212332,ok,71692.74886912559
804,9263544.631505178,0.13489577914682238,43942.069847733386,1864363.1298343812,0.011784740092890846,9263285.708569027,ok,87884.13969546677
805,9263249.247067634,0.24127372229761238,21439.7132667064,211702.30190872302,0.05063646704217294,9262706.431400523,ok,42879.4265334128
806,9262560.171295572,0.1336675427847275,25333.118732091447,325611.4600542267,0.03890084017293574,9262067.431494134,ok,50666.23746418289
807,9262164.2375136,0.24495751657120474,15938.191618156465,12143.152597122165,0.6562625105252196,9256934.418691318,ok,31876.38323630245
808,9256476.09392096,0.04371327859258791,214352.0830045328,6698942.855393493,0.015998948463334956,9254761.389956461,ok,428704.166008811
809,9254557.608653553,0.11571946169018055,60866.221909767846,1066053.6654140297,0.02854744741491455,9253688.821018897,ok,121732.44381953569
810,9253096.451263443,0.2444157092335457,22533.24372198087,70930.02951486668,0.15884135306371178,9251306.845802585,ok,45066.487443961705
811,9250903.072257027,0.14948501641735934,37133.56188634217,547446.7537450033,0.03391522703561296,9250273.375666019,ok,74267.12377268432
812,9250290.165027652,0.25281730380767503,16096.992051133591,19491.10570973067,0.4129317312946845,9246966.685629496,ok,32193.984102255414
813,9246888.674299138,0.11383022848380815,75391.60376257682,1363120.9135349782,0.02765404118372154,9245846.233041458,ok,150783.20752507355
814,9245645.297717962,0.1917128640362169,25754.73770848936,137289.4073992784,0.09379724989848244,9244437.435933506,ok,51509.475416977395
815,9244514.227535341,0.1872189073675807,25323.11735858722,313101.0733981758,0.0404392055954139,9244002.204160752,ok,50646.23471717444
816,9244311.040238878,0.15831097730908636,23048.524628740648,158538.82241740794,0.07269047504357477,9243473.33613672,ok,46097.04925746866
817,9243289.550408652,0.26120516200912763,17569.73399394314,27855.11626509337,0.31537714340759454,9240519.00414993,ok,35139.46798788628
818,9239921.87617809,0.08982205368885693,87792.10963993828,1996658.9205812518,0.02198475381423206,9238956.832219455,ok,175584.21927976958
819,9239073.294698078,0.12951056018245893,37942.6961883506,447115.5997406139,0.04243052155903571,9238268.330503765,ok,75885.39237670119
820,9238155.383884814,0.2282800236663047,19370.666327591025,63809.37401859575,0.1517854282816338,9236685.291442497,ok,38741.3326551676
821,9236672.628842674,0.21851678698335253,24826.901249895694,143613.0005900564,0.08643681681982306,9235599.649684902,ok,49653.80249979138
822,9235500.671130726,0.17792291685756553,31967.980958140146,340551.93146232836,0.04693554492683361,9234750.453827485,ok,63935.96191625552
823,9234520.154301919,0.2503429917707668,18511.914265555388,120867.339093522,0.07657947301723776,9233811.337982422,ok,37023.828531110776
824,9233409.758328984,0.1310879023643538,36995.234002194775,784300.7343499567,0.023584852328907432,9232973.494763577,ok,73990.46800438737
825,9232807.17035111,0.2545964674474869,16925.61294680641,14509.620017899675,0.5832548655969717,9227871.197298894,ok,33851.225893612325
826,9226752.6113284,0.0610356421017445,95524.33899548283,1195809.0544454157,0.03994130109668072,9224844.92813546,ok,191048.67799096566
827,9224629.074897993,0.19852216693451846,27482.299098818272,210826.99974681088,0.0651773708581507,9223733.462897794,ok,54964.598197636544
828,9224261.916075358,0.10819016423141739,69534.8965908789,2651897.3660260355,0.013110404927751684,9223806.1007499,ok,139069.7931817578
829,9223843.861847788,0.14091697343258025,34230.10831475143,901461.5028676374,0.018985895795806087,9223518.917213015,ok,68460.21662950193
830,9223272.173643563,0.18386398825392325,24522.93149449169,310846.87861215894,0.03944535586778201,9222788.515763702,ok,49045.86298896346
831,9222645.738360934,0.24718235302677785,16859.652750170753,11059.340281593657,0.7622359164692086,9216220.221928244,ok,33719.30550034151
832,9217614.066595053,0.047106960771656894,170857.10925258085,2286189.3041575924,0.03736722697063306,9214421.838404559,ok,341714.21850516164
833,9214144.311105933,0.099315449333815,91350.32864379651,1528480.519807325,0.029882725837850985,9212779.412692903,ok,182700.6572875926
834,9212797.952413112,0.1602643256812975,35271.859827125896,182316.38459754802,0.09673255616873468,9211091.98383216,ok,70543.71965422324
835,9210772.374561608,0.26090277655025884,20456.989673054566,78193.84991628912,0.13080945429183313,9209434.390733814,ok,40913.979346092485
836,9209520.049841039,0.17070017266512238,26954.978221161393,396247.19749113265,0.03401283137373432,9209061.64227658,ok,53909.956442322786
837,9209203.522782635,0.16716895802415965,33196.1113635338,841204.8973738876,0.019731287506270442,9208876.021773933,ok,66392.2227270676
838,9209139.71845739,0.18012994138330013,23821.20975172904,343688.4471354297,0.03465523783280143,9208726.953612685,ok,47642.419503457975
839,9208620.63200594,0.22894825491197432,15748.09224566907,19801.89951809602,0.397640949326039,9205489.588830618,ok,31496.184491338136
840,9205124.518762048,0.063439139199212,133179.15485924715,4081901.642916598,0.016313371378062904,9204038.218255531,ok,266358.3097184943
841,9203896.2534398,0.15208058698418742,40097.249905330624,1010775.9986458595,0.01983488426666693,9203498.591284158,ok,80194.49981066125
842,9203439.865756305,0.26945774989101484,19483.417251885752,70402.67882147315,0.13837127775557895,9202091.893086212,ok,38966.834503771504
843,9201446.961758189,0.17451983795182466,25666.79398091884,190847.49183306127,0.0672442528177687,9200583.989566453,ok,51333.587961818
844,9200073.384623755,0.22284038966332614,28387.672076437688,538249.4081229164,0.026370369988363264,9199699.087915873,ok,56775.34415284633
845,9200006.693725009,0.1662840693270015,22572.561602170274,159760.10837629894,0.07064517491751715,9199209.372443648,ok,45145.12320434055
846,9199606.5886532,0.1481222567387655,35654.26416074805,1062803.641166025,0.01677368367012319,9199307.561978938,ok,71308.5283214961
847,9199416.763004571,0.2577578456773808,17159.36526952929,46305.726600664915,0.18528340368686597,9197827.09020345,ok,34318.73053904445
848,9197687.228772784,0.0803765471648041,78016.00582814368,2374328.4199806848,0.01642906793592993,9197046.363642862,ok,156032.01165628736
849,9197025.104482934,0.253501499869888,20714.310670117942,135661.9864076453,0.07634530209470151,9196234.384330036,ok,41428.62134023493
850,9195962.687637746,0.16708913475766177,31472.903596341745,701035.0183272213,0.022447454673121033,9195609.44434929,ok,62945.80719268315
851,9195753.343026698,0.20247032551643812,23156.619663205238,390621.6766265274,0.029640725347335545,9195410.153524993,ok,46313.23932641047
852,9195253.044940395,0.250394972151969,21657.131804181252,203603.49671222916,0.053184577263894424,9194677.132240517,ok,43314.263608341666
853,9195148.231824994,0.12708347459043795,34191.09989084759,676151.2446331644,0.0252836182453509,9194715.99446648,ok,68382.19978169516
854,9194752.935808925,0.26712746810987253,17441.38975687529,31736.65916051414,0.27478301463084337,9192356.636980552,ok,34882.77951375058
855,9192935.32071929,0.08797734857130617,74565.68119847441,1615065.8253200436,0.023084409325452224,9192074.668366082,ok,149131.36239687592
856,9192492.42872728,0.1781356232167998,35016.10105722177,551076.4330782475,0.03177063920301036,9191936.186770787,ok,70032.20211440732
857,9192058.534384312,0.22606590839340446,19125.748885591718,158093.71435018693,0.060488644232961256,9191480.089074299,ok,38251.49777116726
858,9191138.999921465,0.18695513055398671,30789.817330893962,1289449.7103742766,0.011939130732735939,9190955.19809429,ok,61579.63466175763
859,9191196.274570774,0.1509154013292081,23602.952478647545,408442.55090024765,0.02889384618060032,9190855.28453161,ok,47205.904957295075
860,9190871.549723199,0.24253214151518393,19231.574664399053,106739.79999283215,0.09008624086653011,9190005.29958947,ok,38463.14932878346
861,9189959.069908049,0.20449050467279586,17776.60269087158,126080.10743421034,0.07049725389926226,9189332.469071368,ok,35553.205381730346
862,9189450.120091995,0.08616937371982532,72081.82732375595,3004738.1220318275,0.01199469377967183,9189017.820369082,ok,144163.65464741553
863,9189103.784858953,0.2506224204899834,15524.538107666776,35134.520783257154,0.22092998227351332,9187388.866894487,ok,31049.076215322246
864,9187277.481863618,0.0548496927326866,136246.38002354885,4703164.070518292,0.014484544657670682,9186290.748475669,ok,272492.7600470977
865,9186756.808219504,0.07954660539930287,76158.45652232325,2536737.883877897,0.015011100872176088,9186185.19708294,ok,152316.9130446465
866,9186285.225984897,0.16612150383368013,37920.24075810652,894349.7858098156,0.02119989368799955,9185883.273448551,ok,75840.481516213
867,9185991.772086687,0.2613149508980876,17433.81932173325,109201.84838761273,0.0798238288964294,9185295.954981413,ok,34867.6386434665
868,9185552.833010051,0.09076859749373875,37262.29578261731,671819.0246261037,0.027732391028488203,9185036.146731421,ok,74524.59156523462
869,9185115.315527206,0.26992159260782816,12215.160473601589,2198.628699822832,1.0,9175098.783753427,ok,24430.320947203178
870,9174800.806068335,0.06296679707650382,119367.82740483785,3519356.188087165,0.016958759077710245,9173788.64095504,ok,238735.65480955906
871,9173685.788695132,0.24033533511423777,20742.024150923637,87448.54204443071,0.11859559728500141,9172455.832323594,ok,41484.04830184727
872,9172325.725441203,0.2512254654935677,16147.780725969997,24230.3055027539,0.3332145507644284,9169635.387690978,ok,32295.561451939993
873,9171501.04243849,0.04849025478431968,91736.6445351869,776440.0801237407,0.05907516039136394,9168791.36394365,ok,183473.2890703738
874,9169112.573122092,0.17190285997546598,30259.023160863057,446740.5863022697,0.03386643623687849,9168600.190482857,ok,60518.046321696354
875,9168727.67999684,0.15857912707117564,27961.639121714605,463148.84023816977,0.03018645054507273,9168305.648678586,ok,55923.27824339995
876,9168385.768131431,0.2444731004041878,16172.76992777816,24513.40244272367,0.3298760742325824,9165718.263204811,ok,32345.53985554505
877,9166335.703192212,0.06590759507978448,86056.59845349699,979678.9146010028,0.043920817918463397,9164445.865096534,ok,172113.19690699398
878,9165053.565992868,0.1301384890044065,43826.57357278164,979974.6304140772,0.02236107558940746,9164563.561330626,ok,87653.14714552266
879,9164955.043942772,0.23111291286806812,21742.981950884925,165159.31423188307,0.06582426807717867,9164239.436006404,ok,43485.96390176985
880,9164164.78684635,0.22677669917609364,21414.960286080885,118729.35374649048,0.09018393350226539,9163199.144169154,ok,42829.92057216177
881,9162928.855511628,0.10129638008366941,43749.590049844,717140.6967271774,0.030502794116624862,9162261.61314264,ok,87499.180099688
882,9162286.578168025,0.2622276234599232,16722.932581111552,27916.249072019444,0.29951969080747687,9159782.154369982,ok,33445.8651622231
883,9160806.953951277,0.06329935407791576,73302.42076125769,852292.2857108269,0.04300309998706733,9159230.838286633,ok,146604.84152251534
884,9159398.422683828,0.24238677634572453,21726.084047426324,114375.94159266897,0.0949766347052258,9158366.687509753,ok,43452.16809485265
885,9158794.771842547,0.13257219965130795,27549.41288517755,248769.1144511293,0.05537144943808857,9158032.046381235,ok,55098.8257703551
886,9157857.587338509,0.2650853076809385,15020.700010662978,18438.784129577318,0.40731264884674656,9154798.526784072,ok,30041.400021325462
887,9156539.342153793,0.048932886101272825,108268.02180578969,982234.0477009937,0.05511314846965478,9153555.846373644,ok,216536.0436115774
888,9152874.291669697,0.2354421913067819,26619.14143097174,366938.44605314825,0.036271943860464485,9152391.527667899,ok,53238.28286194348
889,9152236.877799833,0.22203880236865745,18845.84981432466,153755.64163127117,0.061285067703466145,9151659.393208932,ok,37691.69962864932
890,9151782.222099483,0.12347888496738578,39946.61346378461,1235538.6575608982,0.016165667184644805,9151459.340270277,ok,79893.22692756922
891,9151383.718645997,0.23169534109280657,18051.284663075654,86363.53306213053,0.10450756252693734,9150440.47076569,ok,36102.5693261513
892,9150124.956929011,0.11673421453700417,45271.39378671621,1413459.5144965376,0.016014393522562793,9149762.459971303,ok,90542.78757343242
893,9149830.923328038,0.28012677447264717,13901.28844886939,8882.438507562212,0.7825153214983868,9144391.937728135,ok,27802.57689772869
894,9144853.757086152,0.06723094915482329,121038.17008935891,1754514.2678345118,0.0344933558844035,9142766.250747908,ok,242076.3401787178
895,9142769.394766092,0.17475831159013216,42300.30947494511,246424.6364910162,0.0858280853677697,9140954.117479742,ok,84600.61894989022
896,9140542.122574084,0.23969502488784236,22702.16877383386,83620.60908932347,0.1357450574749068,9139001.26897158,ok,45404.33754766772
897,9138616.673542108,0.14711560112910144,29499.87346260478,289590.60716424714,0.05093375394919721,9137865.403893871,ok,58999.74692520949
898,9138016.841406833,0.2660205501781145,17020.372603984142,34072.776649502965,0.24976497775728568,9135891.294914406,ok,34040.745207968284
899,9134825.332858536,0.22115646990789437,25943.30361464591,311075.56818972155,0.04169935904259665,9134284.423292447,ok,51886.60722929182
900,9134344.17355125,0.23387200834809768,19910.6302356381,214759.2453228598,0.046355699857543536,9133882.687951662,ok,39821.26047127611
901,9133924.780953359,0.2882556448427699,17143.764875414392,88029.04202857715,0.09737561877504561,9133090.088596921,ok,34287.529750828784
902,9133105.019925904,0.17943371908176703,26718.23136668733,204838.92003129382,0.06521766313405067,9132233.769619498,ok,53436.462733356755
903,9132165.155900676,0.27190771764265764,12564.794957173652,3423.2747377188816,1.0,9123023.635681221,ok,25129.589914339245
904,9122804.14330576,0.14445916222457109,60297.3207654201,639751.7279142492,0.04712556303834026,9121383.370710373,ok,120594.6415308402
905,9121558.940888675,0.16011840463684748,42508.35383590545,739451.6351123189,0.028743160348444326,9120948.028673448,ok,85016.7076718109
906,9121122.251819866,0.1996477971087042,29676.3781401517,615607.3881962982,0.024103331692543643,9120764.602026993,ok,59352.756280303394
907,9121042.83357368,0.18325723319472798,27798.47264812718,474324.897258688,0.029303197880593657,9120635.541501287,ok,55596.945296233505
908,9120463.404073736,0.23880629071561468,22541.499271661174,213651.08116124076,0.05275306623571281,9119868.83747167,ok,45082.99854332235
909,9119663.380526714,0.2137984789325769,22085.986881250716,237699.44669378456,0.04645780036186392,9119150.347342053,ok,44171.973762485984
910,9119293.270141955,0.12849248538339034,37788.51286036465,1134796.3876156048,0.016649908861520336,9118978.682494387,ok,75577.02572069826
911,9118992.470163696,0.2817375591059338,17324.006000962785,75184.40159830662,0.11521010763323661,9117994.519865692,ok,34648.01200192551
912,9117936.197248355,0.14911497805804974,23871.048575203567,354151.13442070247,0.03370178188790823,9117533.948812097,ok,47742.097150407135
913,9117142.37025854,0.30222036548970216,14014.934541495495,19519.022752705656,0.3590070752787251,9114626.639928557,ok,28029.86908299099
914,9115135.342094012,0.05156935737304713,49856.9476451111,467332.7751932551,0.05334201910458117,9113805.60696712,ok,99713.89529017326
915,9113855.73866293,0.22478213597174226,27640.114067203926,1106011.6287643847,0.012495399391995064,9113683.051530674,ok,55280.22813440785
916,9114080.184496963,0.0955698600252223,33000.0692710616,600626.340251135,0.02747138034044889,9113626.90576986,ok,66000.1385421232
917,9113511.676205074,0.2907145825884377,14907.205683922628,25996.967712120786,0.2867104704094454,9111374.65022801,ok,29814.411367845256
918,9111700.027352637,0.08701719246561924,41944.67644176571,707389.0491202261,0.029647530233845122,9111078.249321159,ok,83889.35288349545
919,9111108.538558692,0.27953501364292,15020.649776194017,17390.544155742456,0.431862558229212,9107865.110439384,ok,30041.299552388034
920,9107325.254225535,0.08502213547896008,64202.79221114349,1072996.3114488043,0.029917526987792813,9106364.859841201,ok,128405.58442228698
921,9106225.275381472,0.21192230357212963,25990.406172884403,147476.3876271637,0.08811717791254478,9105080.174759096,ok,51980.812345768805
922,9105055.32115051,0.25121157989448634,16736.66565158691,60698.22820212032,0.1378678270134602,9103901.59728809,ok,33473.33130317382
923,9104608.482961336,0.1112753417649636,38008.24653837865,670847.1418491834,0.028328544736442716,9104070.123805128,ok,76016.49307672452
924,9104144.25358097,0.2453233708184398,16304.71094098244,150114.2050359326,0.05430768839324569,9103701.518000407,ok,32609.421881964827
925,9103609.538181035,0.23829591855474233,14317.434574658699,31911.219703208488,0.2243322992323475,9102003.606672414,ok,28634.869149317397
926,9103226.674726905,0.0596052623878893,78948.46549157196,1011248.445346879,0.03903514801671266,9101685.792208826,ok,157896.9309830765
927,9101482.094065813,0.25784127709052673,16808.706767690324,56823.32604820372,0.14790322862684377,9100239.063065821,ok,33617.41353538065
928,9100155.588676535,0.14448708372432045,40847.38768324768,1850655.1267907345,0.011035926438137104,9099930.194293702,ok,81694.77536649536
929,9100095.374307463,0.203260698543302,20512.6526939395,233946.7564158142,0.04384042978027136,9099645.732552446,ok,41025.305387878994
930,9099942.862328894,0.15330589137114406,35697.33897944431,1686066.049928911,0.01058598474862518,9099753.916585894,ok,71394.67795888858
931,9099592.733857986,0.2657620971694106,12785.986611917444,5489.8379387219675,1.0,9092296.58518479,ok,25571.973223834888
932,9092981.962158281,0.04225446825667437,136366.27589670866,1606634.695217951,0.04243848222081674,9090088.373270702,ok,272732.5517934173
933,9089714.459411686,0.18918249332655016,39406.93607769737,335200.1244481274,0.058781207409419736,9088556.26577021,ok,78813.87215535218
934,9087921.162627634,0.23619331740954694,23718.174258722218,269318.2142522027,0.04403373593683375,9087398.962716527,ok,47436.348517444436
935,9087468.499832006,0.18501591275019555,28241.808814732078,533782.2655093123,0.02645442780661226,9087094.939385798,ok,56483.61762946414
936,9087416.726682415,0.23217797029813625,25207.59038297916,315594.1658828984,0.03993671795620656,9086913.372468675,ok,50415.18076593685
937,9087108.951927662,0.17385128070202377,28160.10535851965,498913.8700352552,0.028221409595738184,9086711.592993872,ok,56320.21071703929
938,9086319.888248313,0.28695320654810363,14588.617437238416,12854.046046985957,0.5674718055276916,9082180.573709682,ok,29177.23487447683
939,9082164.171496313,0.13863336127605122,47840.37187384535,324845.986720761,0.07363546700512133,9080402.797433998,ok,95680.74374764408
940,9080352.79403451,0.16197421838678502,32125.158538834792,548745.2296637449,0.02927146952923869,9079882.618734866,ok,64250.31707763912
941,9079798.621721098,0.24224066095859964,21785.900171706002,123010.130645623,0.0885532762926189,9078834.015302505,ok,43571.800343412004
942,9079113.47742643,0.100315171873735,43818.73840475908,766071.7648170459,0.028599630228653528,9078486.8775687,ok,87637.47680951806
943,9078341.416084528,0.2786277381509943,14082.52810051408,15054.148219915147,0.4677291566016432,9075048.011588892,ok,28165.056201028143
944,9075145.974224383,0.11351696801161186,64577.67657517107,942327.7245236835,0.03426497750971565,9074039.597906645,ok,129155.35315028147
945,9073997.182385843,0.21141868531239966,29811.896765269244,154912.71441253682,0.09622159445828102,9072562.908265553,ok,59623.79353053849
946,9071876.65730498,0.2887829637954626,16233.642382606391,56774.514782234044,0.14296592797730298,9070716.22843114,ok,32467.284765212782
947,9070643.832888184,0.1231804858631121,46706.052677554064,1040977.20994113,0.022433753703501067,9070119.936847068,ok,93412.10535510813
948,9070267.505413488,0.2005842560371573,24882.19222776001,426443.5923460133,0.029174072109835778,9069904.547978336,ok,49764.38445549636
949,9070004.275927098,0.26145886737997026,14787.236084275524,113593.31580844146,0.06508849565238521,9069523.036451306,ok,29574.472168539935
950,9069557.688683279,0.1303312096589141,36899.678271859455,1233439.951979768,0.01495803594355468,9069281.71532633,ok,73799.35654371757
951,9069154.862719307,0.2997126831771135,14173.744750288311,26602.52554030214,0.2663984802648804,9067266.930688737,ok,28347.489500576623
952,9067403.441700187,0.08547904563843525,59170.11588159675,1007692.8637645538,0.029359201602633247,9066534.848019678,ok,118340.23176312375
953,9066378.12985839,0.24621095767907059,20252.950372116225,115319.78480072576,0.08781212350991469,9065488.90256863,ok,40505.90074421329
954,9064951.634328686,0.2485587341103335,24168.203948763075,991560.5217044624,0.012186953503966994,9064804.365939787,ok,48336.40789752614
955,9065035.089923732,0.22810393327059827,16497.477191841434,188729.15372462833,0.0437067534778242,9064674.564339416,ok,32994.95438368287
956,9064713.24420538,0.3299180148707217,11927.583681055581,18429.268810053014,0.3236043655337314,9062783.33513065,ok,23855.167362111162
957,9062569.465589905,0.08623256753168626,100276.26658670325,3579331.418985042,0.014007681162860532,9061867.146604631,ok,200552.5331734065
958,9061783.834668078,0.16699023567799587,32592.79760235462,1157420.921134209,0.0140799241689944,9061554.38260873,ok,65185.59520470923
959,9061640.349521961,0.2756782983317935,16420.188387303133,66452.05241806424,0.12354914400536626,9060625.999412132,ok,32840.376774606266
960,9061197.600772452,0.07867209542000735,78001.82428747718,2498170.1044336585,0.015611792037107976,9060588.726642806,ok,156003.64857495436
961,9060521.457175745,0.3032817922107385,12650.708399189942,17171.622111973484,0.3683609013958214,9058191.444001134,ok,25301.416798379883
962,9057763.28302626,0.06536161412818263,74561.14154931052,1140063.400484659,0.032700436448364796,9056544.192090884,ok,149122.283098621
963,9056514.106692813,0.206822513832303,21295.460472484203,218063.65942328796,0.04882854054821472,9055994.193565225,ok,42590.9209449684
964,9055688.549210493,0.13408297736643007,48067.100554955854,2673424.0879072296,0.008989800902217319,9055472.492378524,ok,96134.20110985677
965,9055617.313271293,0.2088760975879147,19493.610529177684,315283.7799944618,0.030914388506633778,9055315.996746644,ok,38987.22105835537
966,9055606.922821809,0.1521565994252122,39648.25261021411,2077047.1270559088,0.009544379637262531,9055417.713834377,ok,79296.50522042584
967,9055234.72398948,0.32394293567495014,13444.991361389988,21835.847836307898,0.3078651092959651,9053165.102122,ok,26889.982722779976
968,9054227.291521551,0.09089210978576502,75194.74783849309,1856388.9388745362,0.020252961613766413,9053465.833350785,ok,150389.49567698617
969,9053430.716961008,0.1415412403984254,27285.312331890185,278095.96948744956,0.04905736746594878,9052761.444164263,ok,54570.62466378037
970,9052646.868405733,0.2803907613514786,18112.126808740955,104682.37963498414,0.0865099115624613,9051863.429161517,ok,36224.25361748186
971,9051746.590334319,0.2189902127536925,19431.35951576726,257448.09124693178,0.03773840276238374,9051379.936098505,ok,38862.71903151747
972,9050805.024390897,0.2954319680676468,12813.701485326734,11187.4551380255,0.5726816924509364,9047135.938264307,ok,25627.402970644744
973,9047202.062494267,0.10695080728158524,74669.41401247137,890479.1532708122,0.04192653681908426,9045636.74752634,ok,149338.82802494275
974,9045858.7681093,0.17006248283765538,34682.34756125313,273803.32185618574,0.06333441706647723,9044760.474976655,ok,69364.69512250627
975,9044638.452264756,0.28998813288194636,17970.437024757364,91791.44052612539,0.09788732436137483,9043758.913265776,ok,35940.87404951473
976,9043309.580700895,0.14204775670598746,20636.725248782644,219187.28366876542,0.04707555316021149,9042823.838072643,ok,41273.45049756528
977,9043067.958770594,0.1785702026279507,28322.546749825775,1008438.9024046654,0.014042767827723355,9042869.095296444,ok,56645.09349965154
978,9042879.206465323,0.30447235772150766,11017.25766458197,10906.435708720299,0.5050805762222145,9040096.905040514,ok,22034.51532916394
979,9040003.088518176,0.055890352438170886,129222.22500660273,4523971.086294818,0.014281946385342303,9039080.316073507,ok,258444.45001302665
980,9038977.301559258,0.20513823643634088,24110.784041352796,175234.1093429246,0.0687959214440642,9038147.939756827,ok,48221.568082705584
981,9037890.575097585,0.27988686929743656,15774.049602482663,32908.25054374001,0.2396670947535874,9036000.314777223,ok,31548.099204952978
982,9035868.236922272,0.1065362640396395,46661.03009626732,852659.4648994555,0.02736205485138755,9035229.866089813,ok,93322.06019253345
983,9035462.061716763,0.2776107357290674,16243.113319226564,58857.05654531467,0.13798781550280909,9034341.38585482,ok,32486.226638453125
984,9034060.62952938,0.1337091282743551,49600.999857680625,1059009.471702895,0.02341858178941585,9033479.836993378,ok,99201.99971536125
985,9033662.464939918,0.2314245357378724,17297.53471392409,254089.34308112934,0.03403829240567772,9033368.075667674,ok,34595.06942783518
986,9033303.195153607,0.33426521930357955,13067.65365953313,46655.83471911134,0.140043080765848,9032388.177915176,ok,26135.307319055777
987,9031887.098057982,0.13123746116857615,25716.87384832448,284282.3527086463,0.04523121749080403,9031305.495300874,ok,51433.74769662155
988,9031541.080116652,0.2508430241950005,13312.732390406567,47846.28890204812,0.13911980109534366,9030615.047775557,ok,26625.46478081313
989,9030921.816465812,0.12493277755264423,45097.76393442208,2285560.5128334947,0.00986579958859035,9030699.353715377,ok,90195.52786884375
990,9030721.2561693,0.32350167405814384,13638.223542721753,40714.99244343282,0.1674840485561916,9029579.163722275,ok,27276.447085432374
991,9029121.031090159,0.12392588572741192,35193.60325094403,610004.2582207249,0.028847014407405596,9028613.415900145,ok,70387.20650188804
992,9028641.892323084,0.28343329982792714,16509.764423350367,123911.61919070075,0.06661911340994478,9028091.95938884,ok,33019.528846700734
993,9027856.261732891,0.31694612768813196,10227.609877072475,3270.362974392059,1.0,9020899.014830211,ok,20455.219754144946
994,9021138.777282424,0.08475207513040849,109068.81067512874,4693261.674108801,0.01161972400525054,9020505.102543611,ok,218137.62135025748
995,9020293.741893359,0.17318557450034033,42747.64749039807,427091.8571932146,0.05004502751624601,9019224.088295903,ok,85495.29498079614
996,9019274.983007371,0.23284293194402855,24052.724002987095,122230.24113987546,0.09839105191432171,9018091.696599342,ok,48105.44800597419
997,9018699.30873848,0.1323712145270594,30277.21889459416,507129.90067805,0.02985154183781363,9018247.397905197,ok,60554.43778918832
998,9017929.789439896,0.31031325254181935,13374.858552336673,22266.76219871275,0.30033236159296384,9015921.338012397,ok,26749.717104663316
999,9014907.11246584,0.20567986401785113,24910.22210444975,306248.5927883836,0.04066993725202617,9014400.563880878,ok,49820.4442088759
1000,9014213.797722967,0.2761568966500604,15186.933948903792,45959.38175037179,0.16522126027925668,9012959.195539558,ok,30373.867897807584
1001,9012605.213240525,0.19757230974349316,24753.353444961485,334958.3245181713,0.0369499003802466,9012147.89626859,ok,49506.706889922425
1002,9012065.214143213,0.2906821487777739,14451.207452043582,96475.71037464586,0.0748955742120216,9011524.048403125,ok,28902.41490407539
1003,9011703.110394668,0.17021047183903296,20773.12484507561,217891.7849531704,0.04766844433703684,9011207.999121977,ok,41546.24969015121
1004,9010550.88337741,0.3057399767840663,11701.264892037438,4784.406074596944,1.0,9003634.02455997,ok,23402.529784074868
1005,9003603.064487575,0.08986568185606655,94535.31457845873,1726046.4610276532,0.027384927553506962,9002308.643117085,ok,189070.6291568338
1006,9002439.876677832,0.1447206934609585,60776.59240753712,1005219.52632349,0.03023050727527282,9001521.22306836,ok,121553.18481507423
1007,9001182.703941064,0.24009688534942297,25560.717039934658,155540.83656197405,0.08216722246363317,9000132.577379389,ok,51121.434079846826
1008,8999905.064056646,0.22247425889980865,20190.91482967967,324550.2160902659,0.031105995048951146,8999591.034808282,ok,40381.82965935934
1009,8999631.93038409,0.28407615973754907,21241.405773852737,340754.2368797526,0.03116821960653791,8999300.901984135,ok,42482.811547705474
1010,8999323.776668571,0.22341290096614133,18467.34638692248,250405.87373296978,0.03687482667961668,8998983.286569946,ok,36934.69277384496
1011,8998864.03745525,0.2889390617886055,17064.950189028033,184011.67601001821,0.04636920482181511,8998468.393369954,ok,34129.90037805607
1012,8998400.788642174,0.2663485071688883,15047.526948051003,110953.80318527517,0.06780987454266904,8997890.603184912,ok,30095.053896102007
1013,8997384.774346033,0.24972363421559549,24099.66637237129,989388.1439924238,0.012179075784718437,8997238.018514466,ok,48199.33274474258
1014,8997324.828414975,0.3232312623190748,12025.643264064023,34314.89837134632,0.17522481246958457,8996271.232872088,ok,24051.286528128046
1015,8996538.859127678,0.11788871749697391,61715.53360747271,2274224.7661624523,0.013568477163233972,8996120.166223494,ok,123431.06721485387
1016,8996114.466275753,0.3296081172363591,13160.481818122327,57412.81217929955,0.11461276079825435,8995360.28669845,ok,26320.963636244647
1017,8995974.960461952,0.08054440353832187,37263.60120163129,571190.6444017022,0.032619232796313846,8995367.205420738,ok,74527.20240326258
1018,8995436.018889096,0.1950350448156676,17785.76621930574,173051.16986125556,0.0513887488699601,8994979.024752242,ok,35571.53243859813
1019,8994835.979906665,0.190459877618728,27053.82685636964,1314048.7408044261,0.010294072821000535,8994696.732874792,ok,54107.65371273928
1020,8994617.366028966,0.31783052977448323,10437.704195922455,11512.577441172527,0.453317436918774,8992251.56937226,ok,20875.40839184491
1021,8992025.58415269,0.05163260766428558,66083.27425142394,725619.8537579252,0.04553574017385558,8990521.008749614,ok,132166.54850284787
1022,8990567.65847511,0.14346360530896032,53126.69123580913,2284958.130289705,0.011625309569474104,8990258.851359101,ok,106253.38247161447
1023,8990601.518233813,0.15152192775536957,28295.009019072455,651443.1871281506,0.02171717317653544,8990294.274428364,ok,56590.018038144415
1024,8990353.164289461,0.27504025882043887,16734.924599690377,317798.8266988755,0.026329431064179558,8990132.853767656,ok,33469.849199380755
1025,8990021.859878317,0.3093847467447933,10727.025154273162,7097.002914135221,0.7557433246158012,8985968.421051653,ok,21454.05030854632
1026,8985847.204325197,0.054591617814868265,114463.70794686147,2837497.4688422475,0.02016983437055978,8984692.847309833,ok,228927.4158937229
1027,8984694.62286757,0.16950554742589427,39923.4702654695,993398.8800008508,0.020094380550054226,8984293.504165374,ok,79846.94053093898
1028,8984500.644480819,0.21387564001598217,28232.573925068602,260589.9398443872,0.05417049856553911,8983735.958178164,ok,56465.147850137204
1029,8983538.169096032,0.2803248095291641,20456.684131728114,105820.48246268694,0.09665748849208511,8982549.523240507,ok,40913.36826345622
1030,8982554.2812709,0.21208830000858234,24651.780600441765,337114.1795502847,0.036562954179690105,8982103.610308629,ok,49303.56120088353
1031,8982267.771254009,0.15658336442078927,26521.89403031246,796820.3784840235,0.016642329153761865,8982047.078208892,ok,53043.78806060394
1032,8982043.860834755,0.28261796436726655,14262.812064106936,16192.828370679363,0.44040521327123,8978903.152440283,ok,28525.62412821387
1033,8978405.755045056,0.11049949951670798,58887.20091323847,1331261.541437669,0.022117066812297616,8977754.548966562,ok,117774.40182647662
1034,8977412.101429801,0.21059281821125217,21817.341383271512,76817.41744682784,0.1420077770667911,8975862.985354127,ok,43634.682766543025
1035,8975501.713097839,0.3154554264117715,12307.380325628867,15095.757884889154,0.4076436711385173,8972993.200248819,ok,24614.760651257428
1036,8972998.03999225,0.16806272739045502,35117.16069890606,275905.27917826833,0.06363988540468649,8971880.613950944,ok,70234.32139781197
1037,8971658.106232766,0.2595713309193913,16657.549540371,48839.933011097186,0.17053206785302252,8970237.783048525,ok,33315.099080742
1038,8970150.854679637,0.2613595714510154,19559.435785699636,210383.9167246125,0.04648510230775499,8969696.243492845,ok,39118.8715713992
1039,8969407.662271945,0.19826786765078355,15909.87450050858,223841.33455738894,0.03553828548236602,8969124.95744095,ok,31819.7490010168
1040,8969498.471597068,0.11395406083578265,50036.989810906605,2549979.05354323,0.009811255065287603,8969253.008762201,ok,100073.97962181321
1041,8969266.15226843,0.23078903056741937,20465.2191722615,739460.6706075014,0.013837936205213165,8969124.554069765,ok,40930.43834452299
1042,8969172.128408965,0.3128621642177949,11283.614587048698,10099.960993687815,0.5585969388446467,8966020.632125251,ok,22567.229174097007
1043,8966547.269803502,0.03506069488855463,243977.1369840648,6405064.383761306,0.019045642819970517,8964223.919099884,ok,487954.27396812954
1044,8965177.213575779,0.05840115443718714,104000.98523993796,2858284.4579923213,0.018192903255155535,8964231.173644323,ok,208001.9704798752
1045,8964282.361620069,0.240417009819413,23759.196800308506,327113.9334970775,0.036316393719928126,8963850.937447334,ok,47518.393600617004
1046,8963682.502223415,0.2813970975513267,18191.390487940087,129632.64778111828,0.0701651582348909,8963044.301327365,ok,36382.780975880174
1047,8962437.406923536,0.25553838424996655,13841.076194107394,91398.91589422108,0.07571794511286173,8961913.397999752,ok,27682.15238821479
1048,8961587.629932696,0.16795680988122796,28460.245357760272,1196189.8006823778,0.011896208002076617,8961418.345433414,ok,56920.490715491134
1049,8961604.79681975,0.28183829374786584,12938.395824384457,106125.66162757493,0.06095790417679072,8961210.448073318,ok,25876.791648768914
1050,8961051.450375268,0.244252223576218,17474.506590259087,532013.577595599,0.016422989305304943,8960907.958557844,ok,34949.0131805024
1051,8960898.188390573,0.3010215402620703,10912.290320913333,68048.73924602784,0.08017995955413905,8960460.714892287,ok,21824.580641818717
1052,8960176.348975645,0.24870586448849913,16121.115595955642,299938.1620063101,0.026874065454226003,8959959.729017785,ok,32242.231191911284
1053,8959846.011378963,0.28357872789382554,11724.02637153781,7581.9235225548155,0.7731564646267538,8955313.757988658,ok,23448.052743068296
1054,8953586.645080673,0.11149946543799734,59257.76439649269,654060.1702668065,0.04529993346966844,8952244.458688311,ok,118515.52879298538
1055,8952430.82167453,0.18461988757138628,36045.19817964749,508235.8107412404,0.035461096422030054,8951791.720550431,ok,72090.39635929497
1056,8951569.312000189,0.27410194180576974,18054.984511351387,98598.00488314181,0.09155856922637595,8950742.767725557,ok,36109.96902268782
1057,8950681.24245109,0.239102935616315,22345.869058148437,436191.2593153079,0.02561476024671481,8950395.050411876,ok,44691.738116276916
1058,8950289.977385743,0.30619713988966035,12937.865393068547,76698.13411497053,0.08434276493398576,8949744.369715944,ok,25875.73078613709
1059,8949650.308308959,0.17103992769209753,23322.516327947873,789505.0787327379,0.014770339644542664,8949478.067565193,ok,46645.03265586773
1060,8949457.103135657,0.29582752717622385,10401.804206173612,4860.184112827518,1.0,8943915.48304231,ok,20803.608412347225
1061,8943514.300874371,0.10852773539560903,75708.42394034564,1177412.7533808271,0.03215033289004056,8942297.275358241,ok,151416.84788069117
1062,8941777.188020496,0.17978612036599578,41606.922535472564,592219.5454378006,0.035127954536450234,8941046.40497888,ok,83213.8450709439
1063,8941127.108572323,0.24097183592477353,20499.845722162136,60491.415409640234,0.16944425571248223,8939390.318022016,ok,40999.69144432427
1064,8939426.492006227,0.3272167600984222,11462.302274763468,27603.315132671734,0.20762546490650502,8938236.559086878,ok,22924.60454951814
1065,8937797.004176842,0.14227879415401165,40015.44391920853,2000108.8564391232,0.010003316517094395,8937596.860601293,ok,80030.88783841705
1066,8937574.833366066,0.24631753728915137,21982.524691211584,700309.516813306,0.015694863602054875,8937402.327002738,ok,43965.04938240348
1067,8937331.254135724,0.30821789490007356,12282.168930016262,28447.277020566387,0.21587600319595937,8936005.541366128,ok,24564.337860032523
1068,8935694.00885508,0.09973236664212248,41095.45650632748,668143.6072783248,0.030753460826879228,8935062.095099164,ok,82190.9130126053
1069,8935212.166656366,0.2410867066477053,15701.863158568274,54562.07278483081,0.1438899070100363,8934082.49684148,ok,31403.72631712539
1070,8934250.50825994,0.16187518186675418,26427.449524677824,553697.5226822424,0.02386451847992472,8933935.169081163,ok,52854.89904933453
1071,8933662.438011603,0.32656563166889524,11453.488996114289,42209.65502962417,0.13567380482114627,8932885.468796315,ok,22906.977992228378
1072,8932698.786541078,0.1765988734197985,25600.943370815752,512189.1771749816,0.02499168716529672,8932378.881157149,ok,51201.886741631504
1073,8932262.752921393,0.31731074557439426,11344.15156266926,28243.464006815506,0.20082790765204603,8931123.641810182,ok,22688.30312533852
1074,8930965.246680574,0.22465944200539115,21548.3110909734,402944.13636003545,0.026738583771969474,8930677.16101995,ok,43096.6221819468
1075,8930747.67983824,0.2454703680302045,17356.81962328526,249449.8994837336,0.03479019165613471,8930445.756297624,ok,34713.639246570514
1076,8930441.580378268,0.3344962702480502,8942.27091963628,5165.9703941685075,0.8654976933017818,8926571.822951356,ok,17884.541839272413
1077,8926066.235842947,0.0747253585099123,95825.73334060505,2806580.826563892,0.01707161476228085,8925248.285840994,ok,191651.4666812101
1078,8925462.976637518,0.13498900000981023,37454.6288532349,426450.36698117293,0.04391440570021653,8924640.577754112,ok,74909.25770644171
1079,8925232.94175521,0.20247325298161575,26434.802785512067,302998.4707988109,0.043622006929309905,8924656.372180067,ok,52869.605571024134
1080,8925198.346678954,0.1568884886584705,32907.99255925826,498683.09233038314,0.03299489501987802,8924655.44879905,ok,65815.98511848916
1081,8924983.065091789,0.19473037591082568,23808.75395406188,378712.1722465831,0.031433837751800295,8924608.864837358,ok,47617.50790812376
1082,8924360.357103417,0.3265083323298407,14236.784017174228,54042.626259368975,0.13171809923565753,8923422.736038432,ok,28473.568034335818
1083,8923293.859756066,0.20874900206071617,20985.597059883898,408362.4644417586,0.02569481635459777,8923024.249224793,ok,41971.194119767795
1084,8922878.390056394,0.3332434865124315,10298.964504583899,12196.539867571137,0.42220845487363917,8920704.235111253,ok,20597.92900915949
1085,8920139.470868744,0.13845238297914694,54613.41296852879,1174551.29890721,0.02324862822906949,8919504.62740153,ok,109226.82593700055
1086,8919451.172074469,0.22614369443398366,26760.912492009422,349900.90554615913,0.038240701964229566,8918939.494035019,ok,53521.82498401884
1087,8918830.16904454,0.34304107079113905,14976.014703778863,97868.85157600875,0.0765106285739335,8918257.256895281,ok,29952.029407557726
1088,8918491.103123486,0.15303736326962017,29748.55070146735,684840.2827810467,0.021719334748141843,8918168.043758009,ok,59497.10140293469
1089,8918145.368260046,0.35304259041794384,11415.050440751656,32211.151759265,0.1771909698551575,8917134.046330774,ok,22830.100881503313
1090,8916687.243935259,0.1581871908003709,39383.5568474047,1513685.1867698955,0.01300916372559826,8916431.070365697,ok,78767.11369480629
1091,8916388.226125672,0.353436133474201,11867.938639148237,31018.373522507027,0.1913049797813677,8915253.028244969,ok,23735.87727829647
1092,8915743.594747638,0.1117909414743327,49464.2611676447,834972.1267004948,0.029620306825755616,8915011.02145129,ok,98928.5223352894
1093,8914965.913024047,0.27799069763442447,16404.348725107204,105251.06301978069,0.07792961065877406,8914326.720769418,ok,32808.6974502144
1094,8913611.865877626,0.3063475317141982,16320.672001507002,238941.8258720424,0.03415197808492309,8913333.174261363,ok,32641.344002998623
1095,8913301.06995204,0.3453752144856211,10436.267592665748,12414.540209664043,0.42032437031142256,8911107.761149896,ok,20872.535185331122
1096,8911328.569852384,0.090687178708329,48699.12119540754,622224.6276203311,0.039133071107820855,8910375.696766071,ok,97398.24239081345
1097,8910735.111613741,0.16753587429310673,40294.585327325716,1231413.9476812778,0.016361104810936822,8910405.479646813,ok,80589.17065460555
1098,8910794.625412028,0.12198267882826246,33210.02723530077,632568.0287628727,0.026250162611166385,8910358.741104405,ok,66420.05447060154
1099,8910472.302817471,0.23543569423434213,20268.811760851277,148916.3278442574,0.06805436332693217,8909782.612277582,ok,40537.62352168579
1100,8909831.05222688,0.32522569501962867,13995.329393046166,48411.58401053268,0.14454525377646463,8908819.57300748,ok,27990.65878608116
1101,8909072.90439488,0.16685925955649225,20705.49928841019,196481.9905430024,0.0526905779791521,8908527.412032453,ok,41410.99857682038
1102,8908773.70850905,0.250907438260537,15524.136173730305,150638.6484961425,0.05152773318371826,8908373.746735716,ok,31048.27234746061
1103,8908481.7464285,0.24296374821153735,14143.665243325297,85052.48477675999,0.08314669042561562,8907893.746950766,ok,28287.33048664093
1104,8907762.865416635,0.36476484502820344,10564.88954743476,18015.037935224776,0.2932241826362532,8906213.92486554,ok,21129.779094861384
1105,8907035.435869435,0.07234878094378447,64328.93888381807,964611.471223784,0.033344481588118154,8905962.928310337,ok,128657.87776763609
1106,8906132.469832966,0.21464629705361388,23339.531383707897,274380.4193758118,0.0425313355756271,8905636.139112236,ok,46679.062767415795
1107,8905592.817554474,0.2978235501783218,14421.066000798117,56206.724259794966,0.1282859496858599,8904667.807480777,ok,28842.132001596234
1108,8904249.363440473,0.11927462782948386,36321.14892849539,727119.4062396861,0.024976055250905082,8903795.783929264,ok,72642.29785699057
1109,8903868.880626706,0.3013774474015616,15773.150247543406,116363.39051041652,0.06777539816584942,8903334.364857528,ok,31546.300495073912
1110,8903395.818423621,0.23424233390385094,19133.25071630215,402237.1128972615,0.023783547194946582,8903168.29013792,ok,38266.5014326043
1111,8902921.626290426,0.32128837902668683,10162.58408579789,6062.326341388569,0.8381752741036176,8898662.612939568,ok,20325.168171588117
1112,8899156.153865986,0.08083080754126638,91330.92653566042,1410990.9769935077,0.03236410722138893,8897678.231916472,ok,182661.85307131906
1113,8898024.11632007,0.16608956848706702,42072.73285670304,507958.4153796442,0.04141356022742355,8897152.925492022,ok,84145.46571340608
1114,8896986.303413525,0.24388736385678123,23884.24430287112,295402.02228496125,0.040426677038505596,8896503.523098156,ok,47768.48860574224
1115,8896282.808542965,0.3086000884839808,13909.75627790447,31364.955953885397,0.22174040828170477,8894740.631024884,ok,27819.512555808935
1116,8894931.352713197,0.21858530415070027,26791.181785424946,321991.2441357391,0.04160234520869582,8894374.064716605,ok,53582.36357084989
1117,8894101.428391457,0.3056507139866547,11615.433899213336,39640.63363812954,0.146509185565095,8893250.544511179,ok,23230.867798426672
1118,8893602.275755692,0.27826708716500526,11641.748182531308,28595.795692418964,0.20355698977136094,8892417.396147836,ok,23283.496365062358
1119,8892023.760404244,0.2092571985598093,15984.0044712829,113402.71133383233,0.07047452518233692,8891460.527841432,ok,31968.008942565797
1120,8891465.695599891,0.3743969631503025,10451.14821653585,34529.85719456895,0.15133494699450517,8890674.8836192,ok,20902.2964330717
1121,8890375.812877862,0.23078762495541105,12049.443339475534,135857.63218448506,0.04434584625732783,8890108.641496953,ok,24098.88667895107
1122,8890293.815408185,0.28268331855409656,15864.242500791357,413696.79647922446,0.019173755556973534,8890141.726854281,ok,31728.485001582714
1123,8890215.301644268,0.296538485288687,9691.380093316258,27911.365026381933,0.17360992707013662,8889374.041748662,ok,19382.760186632506
1124,8889574.114579313,0.0748248046780089,77943.26965018916,2642233.1387063987,0.014749506489111162,8888999.302198568,ok,155886.5393003783
1125,8889051.213376923,0.311160348090849,13382.398830696351,151280.04398666872,0.044230549112861346,8888755.257952558,ok,26764.797661392702
1126,8888144.45416112,0.15168217937650133,16937.34715865516,291469.72216416313,0.029055071368812052,8887898.396245874,ok,33874.69431731032
1127,8887777.568105238,0.35928237988678097,9161.881225686451,3204.39984210307,0.9999999999999998,8881820.086721655,ok,18323.762451372902
1128,8881786.755249336,0.1127265471039736,70299.6817942384,911897.9286225965,0.038545806272651945,8880431.876291603,ok,140599.36358840452
1129,8880480.590066398,0.13956639306820462,50812.2594561656,2701788.112271342,0.009403450112423639,8880241.68479295,ok,101624.51891228188
1130,8880182.50353825,0.21462199617543773,30650.7060429532,961133.826457348,0.01594507715742818,8879938.139601858,ok,61301.4120859064
1131,8879758.887559429,0.2710082427548215,20664.213162295877,96541.55878795442,0.10702237161761143,8878653.121009309,ok,41328.42632457325
1132,8878586.365399266,0.2987700969660387,17631.714523012906,92482.50902801652,0.0953245900674666,8877745.99741972,ok,35263.42904602511
1133,8877541.739524694,0.25220735789335663,18091.649095687935,366828.1721335403,0.024659568798197213,8877318.673391921,ok,36183.298191359616
1134,8877296.990267219,0.3706181986133652,8855.82055909045,12709.505736348827,0.34839358598198883,8875754.334726522,ok,17711.6411181809
1135,8876193.726686306,0.10011790591612353,53967.885215025075,1207625.006055021,0.022344637178110166,8875590.780279106,ok,107935.77043005014
1136,8875612.19220487,0.25915425517096613,19037.1929044896,309055.4339535403,0.030798993987841392,8875319.029009966,ok,38074.3858089792
1137,8875361.111257058,0.20677509182738485,25439.192193589144,427976.9855462669,0.029720280590694304,8874983.08129206,ok,50878.38438715601
1138,8875047.78001498,0.25449739666509147,22705.355299917777,579908.3292183557,0.0195766763089278,8874825.532319387,ok,45410.710599835555
1139,8874900.169752244,0.3262809041550369,13383.669356353003,205302.47180100824,0.032595002970361886,8874682.049381033,ok,26767.338712706
1140,8874711.016471818,0.151860630432638,22523.15394909483,548787.9234329695,0.02052081777620046,8874479.91970285,ok,45046.30789817123
1141,8874445.406484783,0.37395632337604495,10648.62528638677,32845.38618613934,0.16210229994008202,8873582.32315972,ok,21297.25057277354
1142,8873498.022087168,0.12958070296429539,51645.9747068094,2630223.5362928174,0.009817791908972515,8873244.497370865,ok,103291.9494136188
1143,8873143.144362602,0.3268592410492677,13422.665567102194,157269.46171778228,0.042674100300505155,8872856.744274247,ok,26845.331134204385
1144,8872650.022237085,0.32634423109649985,9965.975793661826,37243.33037130014,0.13379544329555512,8871983.321162492,ok,19931.95158731567
1145,8872368.43813847,0.07524200221619487,82785.53777880201,3361449.904937477,0.01231396274226818,8871858.729124567,ok,165571.07555749657
1146,8871806.814646196,0.3151920887792124,11764.026043136868,44775.24231068994,0.13136753076072408,8871034.10911965,ok,23528.05208626605
1147,8872256.260402828,0.04905849954397392,48389.70653951064,487786.21335788124,0.04960134708031186,8871056.163088238,ok,96779.41307902128
1148,8871395.643231984,0.14791078163412472,35461.73554670763,1912412.676633598,0.009271465301393679,8871231.252106661,ok,70923.47109341479
1149,8871216.413035475,0.2868752378566767,12468.71298871516,144488.13217307485,0.04314787934894035,8870947.41377364,ok,24937.42597743032
1150,8870920.996327799,0.18941903862193263,15143.571913219475,247876.78471500543,0.030546571617488683,8870689.704225803,ok,30287.143826429063
1151,8870666.404831706,0.36189499633344213,9406.326580214349,19004.135855013217,0.24748103917950567,8869502.461093238,ok,18812.653160428697
1152,8869525.268354982,0.08150596366367356,28461.990747862525,365428.24328214035,0.03894333740083625,8868971.065900587,ok,56923.98149572505
1153,8869019.508108925,0.23592294360978427,13595.634580314123,155753.03847510283,0.04364484543422692,8868722.818424005,ok,27191.269160628242
1154,8868819.818347935,0.32320741366677774,10202.289049692674,8966.900793514455,0.5688860223072696,8865917.848529981,ok,20404.578099385348
1155,8864475.727771606,0.15381109738174262,39168.73582993492,695834.8936220307,0.028145136288042286,8863924.523067525,ok,78337.47165986983
1156,8863871.111379206,0.2819978029388738,17310.29020315338,151057.16845255805,0.05729714908759844,8863375.196239946,ok,34620.58040630676
1157,8863202.311589222,0.29422503008727857,12974.390715208076,75776.70309814614,0.08560936399148705,8862646.946920568,ok,25948.781430416147
1158,8862808.91959856,0.20237313709077787,23264.425868755483,692806.1359875507,0.016789996984938316,8862613.614778465,ok,46528.85173748492
1159,8862645.711041141,0.35909502569864143,10245.84006942036,22870.028981379117,0.22400146667419113,8861498.16943971,ok,20491.68013884072
1160,8861059.89204566,0.1786888217877035,20568.342888353684,211750.42508615623,0.04856741817633875,8860560.416390534,ok,41136.68577670722
1161,8860599.13071616,0.35316056546633356,11261.114771700322,35533.769802612595,0.1584565166355127,8859706.932206083,ok,22522.22954340062
1162,8859499.662362648,0.1722609210376871,32836.04352831488,1864419.447622782,0.008805970021977163,8859355.085755173,ok,65672.08705662975
1163,8859343.637505915,0.27014380755153256,17883.52596828057,426920.41376700724,0.02094480070709449,8859156.354062242,ok,35767.05193656114
1164,8859067.989759063,0.34957741342517573,10688.294320769517,22872.032163634325,0.23365423422592735,8857819.307146713,ok,21376.588641539034
1165,8857617.044009818,0.15911338434356412,35316.604703338024,1703465.9767768816,0.010366102166055694,8857433.996243563,ok,70633.20940663625
1166,8857325.88321493,0.2717467993616224,14540.952531319883,124702.03736745886,0.058302786539373576,8856901.994189175,ok,29081.905062639766
1167,8856835.538483432,0.31809441012393874,9568.257771568804,27664.199561769776,0.17293574227955522,8856008.191603407,ok,19136.515543137604
1168,8856608.140691878,0.15224697892448324,20188.464225513933,174822.0858928913,0.057740027875776666,8856025.299448302,ok,40376.92845102787
1169,8855941.573271874,0.35972350659636143,9631.184402582996,19785.731984028233,0.24338711376353528,8854769.52018494,ok,19262.368805165992
1170,8854714.939475164,0.09382480774540043,41183.10079272058,675169.2660932746,0.030498352680519626,8854086.931108937,ok,82366.20158544116
1171,8854073.292418396,0.32172485717092,11710.508049017326,42532.44492847482,0.13766558763210576,8853267.225432377,ok,23421.01609802583
1172,8852412.224588154,0.1675493248334806,21923.956779568027,460352.72243734216,0.023812128951352145,8852151.196545174,ok,43847.913559136054
1173,8852322.763796784,0.31417706594442946,13034.092457149354,181714.40114505868,0.03586422533111319,8852089.034982348,ok,26068.18491428785
1174,8852066.865892917,0.3603533731042253,9416.182050064395,33572.80498358634,0.14023525967919484,8851406.625525428,ok,18832.36410012879
1175,8851519.14559918,0.1288049021979335,34524.15762919365,908661.2787642725,0.018997264677187816,8851191.213319061,ok,69048.3152583873
1176,8851182.556666214,0.3571528145935588,8773.378329209007,5018.901638811225,0.8740336990631944,8847348.442509035,ok,17546.756658418013
1177,8847585.381846804,0.08893586503282165,103350.73486593732,1851843.3726415334,0.02790482618368374,8846143.38970061,ok,206701.4697318745
1178,8845284.316799203,0.2253345570736303,26665.31723134824,335087.90991461364,0.03978853972699736,8844753.829782207,ok,53330.63446269648
1179,8845144.310828878,0.21916530865614287,26817.344764905625,434007.4252266589,0.03089502990749566,8844730.049494602,ok,53634.68952981125
1180,8844745.354914512,0.27537835664027244,16458.98976980379,117446.04833634698,0.07007042809421665,8844168.710684927,ok,32917.97953960758
1181,8843966.45433537,0.24184942544175853,19853.06509014967,344141.2034186684,0.028844359368961157,8843680.129863352,ok,39706.13018029934
1182,8843636.12668797,0.312633128794079,12496.151317473159,90745.52244431674,0.06885271570914722,8843205.92971091,ok,24992.302634946318
1183,8843051.293450328,0.26173887857296324,20032.94717804195,361992.58751621604,0.027670383136152676,8842774.133788446,ok,40065.894356065444
1184,8842879.308194999,0.226057172622201,18996.325586288935,262988.4135885346,0.036116278521703495,8842536.269902116,ok,37992.651172559315
1185,8842349.61779683,0.34883854573549766,9819.96652791289,35148.66807556354,0.13969187263087274,8841663.733040104,ok,19639.933055817743
1186,8841473.813788664,0.18396598430859235,21785.122773075294,409183.71282515925,0.026620222274565328,8841183.851383416,ok,43570.245546150545
1187,8841327.188304093,0.37180484927396784,10310.02607841602,44154.70469812876,0.11674889628299281,8840725.34622144,ok,20620.05215683166
1188,8840383.95076625,0.34761456256803436,10314.502371032278,25263.812951456737,0.20413589965321394,8839331.170655757,ok,20629.004742064557
1189,8839638.04656564,0.13930100284815156,47510.71104250777,1446895.2976198597,0.016418157941581125,8839248.027386734,ok,95021.42208501554
1190,8839096.918979725,0.31303212800344726,14632.958303573087,156840.05557508912,0.0466493022140233,8838755.61033263,ok,29265.916607132745
1191,8838759.162597375,0.3927828237257688,8428.02671536637,12168.416946589537,0.3463074429631747,8837299.818406863,ok,16856.05343073274
1192,8837009.517301373,0.24762264831817016,17155.803859041655,192086.39936050354,0.04465647728354785,8836626.458418716,ok,34311.60771808331
1193,8836515.60709139,0.37080021816586467,9285.734657586632,17652.467235023683,0.26301520727830924,8835294.462378541,ok,18571.469315166396
1194,8834678.245859921,0.24434365590648163,21378.152544122564,618619.884503498,0.017278908324520306,8834493.550290942,ok,42756.30508824512
1195,8834315.231768772,0.3577322832642407,9035.923526949431,12990.56672591804,0.3477878878417779,8832743.939389702,ok,18071.847053892234
1196,8832475.274616094,0.06967661689611908,101213.17551772026,4426105.07385747,0.011433661631253395,8831896.656015346,ok,202426.35103530652
1197,8831833.742575802,0.30669217837939805,15447.867765791847,192394.71469046292,0.04014628933711973,8831523.655291317,ok,30895.735531583694
1198,8831492.29739436,0.3610769626086517,11059.231205719087,130116.89550349802,0.04249729123540983,8831257.303709665,ok,22118.462411438173
1199,8831238.265911596,0.20706208899961148,13420.686408307563,229619.12141915562,0.029223799667382498,8831042.1641861,ok,26841.372816615127
1200,8831137.107481305,0.24707452769874158,19865.24266034042,1070809.6481919903,0.009275804851908978,8831044.974424178,ok,39730.48532068083
1201,8831093.369376231,0.350857708659094,12407.383100246028,345737.090902368,0.01794337869255359,8830982.054189457,ok,24814.766200492057
1202,8831011.460875344,0.37087358220469674,7831.138478517244,3590.0236200396917,1.0,8826770.346016865,ok,15662.276957034488
1203,8826324.354787959,0.09390832674655875,62884.79931892012,1233153.0420488669,0.02549756484987374,8825522.650163606,ok,125769.59863784024
1204,8825753.993921183,0.17434099699804304,35221.63001510204,413673.8462557884,0.042571738984585605,8825004.270901375,ok,70443.26003020408
1205,8825158.826275375,0.25746732723232174,22015.59738551075,160669.59958888107,0.06851201920538773,8824404.659759928,ok,44031.1947710215
1206,8824682.145758852,0.1663538857030518,33999.60787409544,717080.1034276055,0.023706980371913187,8824279.13174059,ok,67999.21574819088
1207,8824422.967787493,0.2976427835115383,14422.817842082663,89548.90225021547,0.08053040003652283,8823842.230142254,ok,28845.63568416532
1208,8823957.775506724,0.22075460959146478,20643.775706487868,519283.0280241941,0.019877190850079204,8823752.605371932,ok,41287.551412975714
1209,8823804.351761036,0.3356686767870494,12290.637989497693,31458.719285997642,0.19534549194073975,8822603.891398873,ok,24581.275978995385
1210,8823368.024776697,0.10347980156210303,58914.32727330681,1428827.4431677456,0.02061631989048737,8822760.726468097,ok,117828.65454661362
1211,8822819.214012858,0.27657459463898354,16843.99688948816,179986.91201836136,0.046792282562661616,8822425.129481887,ok,33687.99377897632
1212,8822347.149278617,0.3478426772719244,10154.243734546453,17313.786474601264,0.2932415664661911,8820858.326109119,ok,20308.4874690929
1213,8820955.696289493,0.14187293319632516,47777.24885931235,1383447.9738588913,0.01726745412986001,8820543.200562928,ok,95554.4977186247
1214,8820203.08022067,0.2817918750607732,24437.188984628025,494866.09521566617,0.024690708477389346,8819901.394466057,ok,48874.37796925598
1215,8820326.006888693,0.1086304658335136,37490.69944363564,863821.9462081918,0.021700478673992798,8819919.223826818,ok,74981.39888724138
1216,8819963.959601976,0.24383025293699062,19146.923312770552,345181.3392718342,0.0277345863382437,8819698.443603111,ok,38293.846625541104
1217,8819732.117378589,0.33906159261511665,14122.65407085676,127126.66349747643,0.05554560185219172,8819339.891718531,ok,28245.30814171352
1218,8819382.301024385,0.30832602150072863,11539.416336648721,105211.60597524923,0.054839084669819314,8819065.895509623,ok,23078.83267329744
1219,8819158.898500105,0.3772739266092224,9347.586572379034,13012.642242495289,0.359173271584025,8817480.196874797,ok,18695.17314475183
1220,8818366.853767116,0.05332743290052453,78939.64884015854,1167003.790975286,0.033821504887395125,8817031.924907587,ok,157879.29768031707
1221,8817059.816402357,0.19434070809150508,26586.987950328323,402828.75012421154,0.03300036050322907,8816621.12630883,ok,53173.975900656646
1222,8816662.034596335,0.32330898222347404,13696.775841744966,171250.47029739644,0.03999047657492243,8816388.16429961,ok,27393.551683478174
1223,8816263.215090118,0.35350590160362755,9828.32617283625,58124.1140173341,0.08454602998254039,8815847.742110476,ok,19656.6523456725
1224,8815621.9590501,0.3588777339008636,10235.319579902767,77353.42175002764,0.06615944937108816,8815283.377496328,ok,20470.639159805534
1225,8815491.918628458,0.13842226688811993,28848.33132401387,549217.9682793075,0.02626309861492269,8815113.09534324,ok,57696.66264800262
1226,8815136.815795047,0.346904302027945,7054.625224797049,4162.953219530065,0.8473101729441737,8812148.087935407,ok,14109.250449594098
1227,8812101.842117682,0.07680163400785937,90668.80394103492,1854462.0086091107,0.024446120632322526,8810993.591858316,ok,181337.60788206983
1228,8811081.4643313,0.18682616661633547,36496.565138960366,820694.3760826479,0.022235174385601603,8810675.71058613,ok,72993.13027792072
1229,8810790.80493113,0.33639161391117267,16678.536096596945,165098.04397656844,0.050511004536686235,8810369.580124909,ok,33357.07219319389
1230,8810288.570773628,0.3856784667036905,13043.44471569332,86269.14809897018,0.07559738911951203,8809795.545590812,ok,26086.88943137532
1231,8809921.74243929,0.15893240671855763,23640.67276094675,542637.2511223615,0.021783127413432878,8809664.258545844,ok,47281.34552189347
1232,8809540.634513427,0.39550374273272376,8299.005917541996,9443.555207496936,0.43940050834635247,8807717.340803957,ok,16598.01183508399
1233,8808064.157383762,0.0955645327278493,51903.5019050329,787654.11982425,0.03294815617584415,8807209.095040342,ok,103807.0038100658
1234,8807451.804453123,0.1390979190982456,33906.19127231682,852563.0123553044,0.01988485940684139,8807114.694529887,ok,67812.38254463364
1235,8807061.950968914,0.3369533702436084,12769.010881291502,51808.84718511717,0.12323195337339587,8806275.175892139,ok,25538.02176257243
1236,8806398.494093066,0.2966671550526845,16450.986779202314,214967.77602760983,0.0382638437332333,8806083.755099377,ok,32901.97355840463
1237,8806089.86299555,0.405428925930725,9164.72533913971,22842.42046260906,0.2006075790904366,8805170.606313894,ok,18329.45067827942
1238,8805600.36429784,0.1360172621848556,36066.22972944356,508730.799196401,0.035447263844074636,8804961.1397173,ok,72132.45945888711
1239,8805148.300421558,0.2545009316246607,19124.190087176696,239336.15468348638,0.039952572381861326,8804766.270127207,ok,38248.38017435339
1240,8804633.685256373,0.3361296190850308,10709.36193115621,87898.7029367795,0.06091877111576288,8804307.484672233,ok,21418.723862304192
1241,8804339.292026477,0.37345645154713686,8653.773271608436,18548.164711861373,0.23327842420103242,8803329.922730379,ok,17307.54654321687
1242,8803213.430803644,0.1067085655867025,26978.46086924693,424717.5722392644,0.03176047170241479,8802785.006482137,ok,53956.92173847601
1243,8802831.685723364,0.2980371643901926,13431.483107758493,196355.6152246377,0.03420193278504515,8802601.994382136,ok,26862.96621550755
1244,8802454.174528822,0.36510546650464687,7684.895487335965,9290.927830023656,0.4135698623393783,8800865.053944428,ok,15369.790974666872
1245,8800290.687120697,0.11204191667172418,50264.96962001552,1053507.5246132389,0.02385600883034446,8799691.126341142,ok,100529.93924003103
1246,8799505.396825125,0.22265532529397342,18746.41806522808,628959.2626453174,0.014902728347129501,8799365.710437171,ok,37492.83613043512
1247,8799140.805739887,0.36147248618270367,9982.857437148774,20366.370004781093,0.24508190302948574,8797917.496890703,ok,19965.714874297548
1248,8797274.585218417,0.3562705948427453,12843.012486777603,107879.47471064242,0.05952481934689392,8796892.346219344,ok,25686.024973555195
1249,8796822.95466192,0.231847168771661,14854.592556223091,381506.2562587515,0.019468347258436783,8796678.357478788,ok,29709.185112434985
1250,8796609.945029857,0.3084887272398186,12896.689926193521,361044.3369926203,0.017860257875277417,8796494.775925947,ok,25793.379852375456
1251,8796656.101912608,0.19576401704086036,15326.952339847696,272422.74726268486,0.028130823313863386,8796440.522018503,ok,30653.90467969539
1252,8796432.22321386,0.38806761098555387,7965.708444844921,8495.504253292802,0.4688190487196487,8794564.985286117,ok,15931.416889689805
1253,8793848.559279557,0.24919432936798416,21906.13823172648,367838.85798766423,0.029776813618289776,8793522.411781946,ok,43812.27646345296
1254,8793268.060446542,0.34217902715988546,12056.849152584982,74958.84013764845,0.08042313041693777,8792783.235670634,ok,24113.69830516036
1255,8792954.296488035,0.29826477590337974,11234.963399801516,246646.28316505317,0.022775456527522844,8792826.355777785,ok,22469.92679959377
1256,8792955.106527228,0.23541344222524896,13078.770161283914,266963.6791642015,0.024495411140253928,8792794.921601072,ok,26157.54032255928
1257,8792842.231030928,0.37535049220998357,7539.589890350629,4026.02981114263,0.9363554474290906,8789312.362998324,ok,15079.179780701257
1258,8789052.27445148,0.14416829739839024,45919.86200225091,316720.54577060253,0.07249271102783178,8787387.846808197,ok,91839.72400449988
1259,8787241.983241742,0.25583271886440345,23731.803433727124,434172.41442001495,0.027329930052591003,8786917.68897781,ok,47463.60686742933
1260,8786798.530810772,0.3377186861345521,14268.581185262461,80872.4343452093,0.08821659259294758,8786169.168004122,ok,28537.16237051176
1261,8786115.35204641,0.21540356098345967,26610.033081397152,939358.7346945989,0.014163935511840699,8785926.900650144,ok,53220.066162794305
1262,8786004.494546238,0.38440749671661717,9598.4471411251,14768.731788383888,0.32495840802913784,8784444.946494972,ok,19196.8942822502
1263,8784227.917340867,0.2411401688598194,20961.28011219533,379925.27546395356,0.027586056345682758,8783938.79781374,ok,41922.56022439066
1264,8783840.505891751,0.37213677999237016,12095.117035068988,67985.56511847072,0.08895356693727706,8783302.553990355,ok,24190.234070127328
1265,8783066.706825675,0.22737298441739381,21868.79279895378,1208211.238477139,0.009050070096400433,8782967.749771798,ok,43737.58559790756
1266,8783007.026352987,0.3992626882665364,8718.17057845592,36631.67757500345,0.11899769756115379,8782488.305240095,ok,17436.341156904316
1267,8782979.22958255,0.13577292584098047,39436.17936447782,1066632.4562283463,0.018486301975061625,8782614.715022312,ok,78872.35872895565
1268,8782500.063878145,0.27662734721722376,13769.94023275254,282016.0679145644,0.024413396609947926,8782331.978372047,ok,27539.880465505077
1269,8782322.466922734,0.36168098108091057,8446.878279391107,11290.171223989551,0.37408105297123545,8780742.558362197,ok,16893.756558782214
1270,8780317.152925018,0.11603570584959029,55640.272066019344,1665949.3709529166,0.016699268608083007,8779852.57700069,ok,111280.54413203869
1271,8779833.927939832,0.31504036883275127,14267.375994716233,273814.93268686923,0.02605295455349069,8779648.074290637,ok,28534.751989432465
1272,8779495.831321418,0.39279610199831533,9951.778920543034,27195.352103722536,0.18296837787918954,8778585.400898365,ok,19903.557841086065
1273,8778545.13294445,0.2057356600809269,21639.288865088984,258206.40551404303,0.04190308296575565,8778091.756486133,ok,43278.57773017796
1274,8777785.287118424,0.39006088047859677,8931.328402549872,14871.36952141457,0.3002860089546185,8776444.310638092,ok,17862.656805099745
1275,8776222.952058118,0.1343901173338695,44888.335855850135,1105824.2574776385,0.020296324462188715,8775767.417943569,ok,89776.67171165837
1276,8775862.058353225,0.2673213152680518,17180.678501042355,131221.75566222743,0.06546429139870083,8775299.697881315,ok,34361.35700208468
1277,8775073.397079252,0.20515575943055614,28582.3773089561,1951706.7251232716,0.0073224058053985575,8774968.751196483,ok,57164.75461791207
1278,8774900.703088963,0.2936726480037182,16958.770953047366,595148.0298721597,0.014247523390684988,8774779.892846048,ok,33917.541906094724
1279,8774836.143669723,0.30558786875200483,10935.538191238882,176015.55092602718,0.031064125111975715,8774666.292206453,ok,21871.076382477746
1280,8774668.130609604,0.4079099791585283,7538.933147634425,6700.188698730467,0.5625911065059168,8772547.462238904,ok,15077.86629526885
1281,8772897.956753137,0.12319268191581595,46672.1587659465,1407367.7186461764,0.01658136610197475,8772511.012677504,ok,93344.317531893
1282,8772595.658435551,0.239464203054419,22039.399514588462,158335.82428366292,0.06959700880801391,8771828.720294481,ok,44078.799029176924
1283,8771988.484404285,0.2742055025234172,15791.313724032834,318906.13841202995,0.024758560312862804,8771792.999307657,ok,31582.62744806567
1284,8771810.736945355,0.38729130693128266,9077.413621002275,30922.796868281763,0.14677543010854222,8771144.566301107,ok,18154.82724200455
1285,8770820.04279567,0.2140666375893557,20537.23417505325,339176.3348398488,0.03027515788321502,8770509.1587921,ok,41074.4683501065
1286,8770552.976787176,0.3910460731435318,9256.482329737579,22658.028356441195,0.2042649559820627,8769607.58930936,ok,18512.964659475158
1287,8769515.567039242,0.22414722264076126,16991.42845846943,289908.10125301953,0.029304852787884028,8769266.601384427,ok,33982.85691693886
1288,8769027.04400091,0.3840653465971032,8452.710991232427,23700.173594930064,0.17832592992147173,8768273.375226976,ok,16905.421982464853
1289,8768116.81495275,0.11931335916634837,53990.597135239725,3174700.575414447,0.008503258158163692,8767887.266959973,ok,107981.19427041433
1290,8767876.124800278,0.2807226296365915,16984.667055582373,390098.712212059,0.02176970408242395,8767691.249212408,ok,33969.33411116474
1291,8767767.773961041,0.3894176223957997,9892.807133920554,36241.570378395474,0.13648425041506906,8767092.667777954,ok,19785.614267841105
1292,8767691.484879311,0.097117132861131,41340.42427425478,707611.6730961332,0.02921123678851355,8767087.682418106,ok,82680.84854850931
1293,8767067.359759282,0.26614102846449034,17527.245073407117,368212.47444800625,0.023800449862110887,8766858.781600488,ok,35054.490146814234
1294,8766777.91455372,0.42298353746217293,8138.752140691042,11081.201034409887,0.3672324017684631,8765283.507805709,ok,16277.504281375972
1295,8765628.772130724,0.138177943606409,41915.3602390026,1043577.1806022436,0.02008253966171119,8765207.888688507,ok,83830.7204779797
1296,8765337.506474845,0.2554300191660052,22398.794180747027,373317.08297293825,0.029999690882577045,8765001.528024063,ok,44797.58836149405
1297,8764980.638405018,0.2966548239556746,14246.841015443093,96102.69913005759,0.07412300145786008,8764452.629096339,ok,28493.682030886186
1298,8764558.274201654,0.2516230874752937,14280.096385274286,225333.0861798187,0.03168663916021322,8764332.030070988,ok,28560.192770538466
1299,8764531.45154204,0.16703041052661963,24261.200294425325,907496.5327762255,0.013367103574602725,8764369.30055345,ok,48522.400588828736
1300,8764306.110167656,0.36747934606834676,10323.135679967218,40833.33521692115,0.1264057371890768,8763653.658379791,ok,20646.271359926744
1301,8763213.144852325,0.16523253666212326,23649.511743926963,906952.7789707673,0.013037895848759085,8763058.97491683,ok,47299.02348785392
1302,8763084.785294607,0.38199995597455966,9033.352977924344,40124.284150587264,0.11256715439485455,8762576.355874924,ok,18066.705955848687
1303,8762610.4185085,0.13756204995341015,40883.63858642826,2004497.7383287647,0.010197975733441009,8762401.953331402,ok,81767.27717280408
1304,8762382.460234769,0.3700221707272715,11332.592310638283,177786.03221457684,0.03187143604442597,8762201.867239244,ok,22665.184621276567
1305,8762223.253557619,0.3603469752756988,9839.447467145172,165877.13563458866,0.02965884185756778,8762077.340249423,ok,19678.89493429034
1306,8761939.616244812,0.3901373122405079,7571.680663244243,10573.230315456092,0.358059005495031,8760584.062020708,ok,15143.36132648848
1307,8760828.901817996,0.06437498764747117,111995.38886988665,3381516.826657892,0.016559933694101536,8759901.58371113,ok,223990.77773967054
1308,8759652.584553394,0.36587925218941986,11760.715604407109,68147.8631244493,0.08628821994704436,8759145.17894599,ok,23521.431208814072
1309,8759271.541276965,0.16216704394069448,25658.579358649873,509943.66598927026,0.02515824891056668,8758948.778813867,ok,51317.15871727462
1310,8758922.854014713,0.3899488533961712,8417.921380980817,13500.618891115268,0.31176057367713106,8757610.666015262,ok,16835.842761961634
1311,8757995.630769327,0.14275970118509126,34306.41855733839,417154.7247669424,0.041119537332946224,8757290.298740014,ok,68612.83711467677
1312,8757261.65473451,0.2831560110381318,15830.120101653109,124673.89230681586,0.06348610686949606,8756759.158386245,ok,31660.240203306126
1313,8756715.977496251,0.399551341862223,8582.490484890703,22423.692901567665,0.1913710315817492,8755894.757467436,ok,17164.980969781405
1314,8755623.270895982,0.15237998825058635,32582.69174679047,1124367.6343293502,0.01448934083122422,8755387.220033024,ok,65165.38349358094
1315,8755385.750109933,0.34302121028109855,13129.133698824084,331950.553814894,0.01977573700049511,8755255.930962397,ok,26258.267397648164
1316,8755223.616201378,0.3751157911642776,8557.290025754231,8923.001011806204,0.4795073997207838,8753171.974256925,ok,17114.580051508463
1317,8752859.061333071,0.14974819629151007,55118.33298729573,2164044.1852151356,0.01273502947949656,8752508.094535343,ok,110236.66597459142
1318,8752812.585177813,0.21619389389555368,23003.943568713737,225055.2819263527,0.051107317659493036,8752224.75025212,ok,46007.88713740953
1319,8752196.339032188,0.2854312523945894,19605.606573614532,259051.96777530978,0.037841068612571915,8751825.390480418,ok,39211.213147229064
1320,8751491.519806087,0.32855719738589406,12557.883049495458,174858.0693175642,0.03590878904961706,8751266.05061942,ok,25115.766098990913
1321,8751272.68647357,0.3663794020136049,8508.358398174047,10468.870123208693,0.40636469351700427,8749543.938247168,ok,17016.716796348093
1322,8748753.96749581,0.173220622141525,34123.31082093516,1083235.032316334,0.015750649583390796,8748485.235340128,ok,68246.62164187033
1323,8748458.709878389,0.31099273538685357,14450.191381363878,94945.98662831269,0.07609690464291233,8747908.902460579,ok,28900.382762727757
1324,8747630.297250539,0.3142980264059186,16067.844406279048,350800.7491101167,0.022901667751620645,8747446.307033502,ok,32135.688812558095
1325,8747623.951289602,0.2721289056048921,11538.253526429104,86883.20083351556,0.06640094641850589,8747240.875812516,ok,23076.507052849684
1326,8746953.884983923,0.40467855538319036,7282.092683166235,5693.963789960304,0.6394572350465371,8744625.59155766,ok,14564.185366327736
1327,8745171.772860713,0.16780829341699552,33042.83638255637,467833.2922049179,0.03531475520566749,8744588.32302164,ok,66085.6727650819
1328,8744618.790725373,0.17394914743518697,36425.3732114223,1741650.7675425366,0.010457140401005415,8744428.338104459,ok,72850.7464228446
1329,8744233.54923802,0.3410661432770736,15204.902075238337,115351.00277964897,0.06590710834254182,8743732.493673816,ok,30409.804150476673
1330,8743755.634325389,0.30184224254724895,15365.886074671986,138831.74996107377,0.05533995674253309,8743330.460590048,ok,30731.77214932959
1331,8743218.678219639,0.3741993751499209,12311.479607255322,73601.1541599368,0.08363645752417297,8742703.833949024,ok,24622.959214510644
1332,8742899.877147138,0.2598268903993125,16011.039458976233,144155.33487523205,0.05553398170395135,8742455.29876095,ok,32022.078917952465
1333,8742269.611626677,0.39777255124651895,8606.768373674946,18101.488056344766,0.2377364873784004,8741246.54018626,ok,17213.53674734989
1334,8742127.059128331,0.10483489610929272,54609.81759116266,1192128.4413719422,0.022904334674003674,8741501.658359034,ok,109219.6351823253
1335,8741522.01424202,0.20887737587262142,27239.598682094736,311388.20588383835,0.04373896982510686,8740926.298249617,ok,54479.19736418945
1336,8740463.355611619,0.31037777270239303,12875.225232498517,51734.90887361808,0.12443459854110388,8739662.293870153,ok,25750.450464997033
1337,8739789.245923739,0.3269443258056229,14490.102506371597,113519.60434949749,0.06382202699438734,8739326.852067081,ok,28980.205012743187
1338,8739211.979462845,0.4025713459931149,7863.962758228403,6830.615386504708,0.5756408693252797,8736948.570283601,ok,15727.925516456804
1339,8737552.322719827,0.18611545675403507,39461.19372599386,453250.431899521,0.04353133604375895,8736693.42347744,ok,78922.38745198771
1340,8736813.941751996,0.1782402884918067,33618.28437099256,1070256.679252097,0.015705711079740822,8736549.942221332,ok,67236.56874195057
1341,8736543.066881012,0.2824220246972971,19381.32460407504,210782.7179639238,0.0459746529300192,8736097.542045014,ok,38762.64920815008
1342,8735706.763116974,0.3697078373814292,11084.214176288115,37110.86839695989,0.14933919165842166,8734879.109324345,ok,22168.42835257623
1343,8735008.508214533,0.3351256671402545,14292.5064290737,161332.20937827646,0.04429526653156403,8734691.963023692,ok,28585.0128581474
1344,8734599.390914317,0.3784583660885969,10272.865024916384,59008.36493080524,0.08704583695008848,8734152.285847332,ok,20545.730049832768
1345,8734125.295778964,0.2171579038586762,25642.173096017767,1015760.9395076559,0.012622149611525054,8733963.466106374,ok,51284.34619203553
1346,8733933.319905503,0.43798397774589465,6994.350149165284,8861.551465366878,0.3946459136699101,8732553.174052931,ok,13988.700298330548
1347,8732475.652834363,0.1513568456318689,39596.178076538316,1076803.4446902657,0.018385982266210084,8732111.645520402,ok,79192.35615303025
1348,8732003.049429534,0.2444708376496295,16690.71736086135,314560.69411590684,0.026530201759268887,8731781.645379988,ok,33381.4347217227
1349,8731869.98644294,0.26661506379708094,17579.266851701348,526046.2608407515,0.016708860189981533,8731723.121686906,ok,35158.53370340269
1350,8731733.251145363,0.3561879717602068,11713.616543738344,182066.03961449623,0.0321685926945535,8731544.845865574,ok,23427.233087465753
1351,8731555.595582005,0.23128224916062542,17871.43147260054,464475.34971462004,0.01923829917301423,8731383.687609345,ok,35742.86294520108
1352,8731326.700015932,0.44404475346618383,7846.232570468435,13665.409048479503,0.2870837068481845,8730200.437250372,ok,15692.46514093687
1353,8729801.032776214,0.3388398572226799,12926.209663365054,186408.6446590128,0.0346717012159234,8729576.945936562,ok,25852.41932673011
1354,8729512.103169795,0.44741659928071464,8405.667124731295,23488.6058611508,0.1789307371927494,8728760.087062184,ok,16811.33424946259
1355,8728415.554552741,0.23272177440711606,13628.608129138232,149946.47151662424,0.045444911078241876,8728105.879110467,ok,27257.216258276458
1356,8728227.032009952,0.140973390397046,34634.69400800124,1582848.8287608624,0.010940619653209431,8728037.56950298,ok,69269.38801595743
1357,8727994.518501755,0.4050476614044169,7398.126993415715,3571.036746433462,1.0,8724167.428254772,ok,14796.25398683143
1358,8724377.89131008,0.13003502578584886,67502.80781557153,1118668.9923825834,0.03017103731095715,8723359.576443482,ok,135005.6156310657
1359,8723116.098189604,0.22556833933978104,28558.63663428661,242087.50317568218,0.058984119914611395,8722273.845165687,ok,57117.27326854602
1360,8722020.981815213,0.32890160154980597,13622.074263291797,52662.95961660446,0.12933259317804086,8721140.092720747,ok,27244.14852657208
1361,8721019.689922266,0.2433355909261614,22224.492356390143,469157.2082492566,0.023685549284561545,8720756.49026775,ok,44448.984712780286
1362,8720689.69133668,0.43657101007394405,11233.989448572678,106874.26934113787,0.052557035092863594,8720394.47874784,ok,22467.978897145356
1363,8720153.64959551,0.3712922700725212,6855.663238635307,3444.679215156226,0.9951090958587828,8716742.583172055,ok,13711.326477265957
1364,8716465.606427507,0.10985131804870597,84858.24903309619,3208589.0503604207,0.013223608212395424,8715904.540308107,ok,169716.49806619238
1365,8715937.315595819,0.17144299686163847,43907.50762247886,702793.7099098793,0.031237834803693115,8715251.527860943,ok,87815.0152449577
1366,8715501.249612175,0.21349821107286793,31078.593192378918,862840.5152174003,0.01800946562213087,8715221.395184333,ok,62157.18638475783
1367,8715118.601682238,0.2913547077474903,18925.43380497278,110489.05698872624,0.08564392855169287,8714308.177431935,ok,37850.86760994556
1368,8713955.9048445,0.34712654131049286,12721.39439702268,48358.42985652881,0.13153233505269796,8713119.267489417,ok,25442.78879404535
1369,8713194.418882515,0.1409088897125312,36106.16241226877,884676.2582236099,0.02040642668809058,8712826.020004388,ok,72212.32482453753
1370,8712914.57248476,0.22394831652115704,19715.367273367512,588625.5434917724,0.016746951853647416,8712749.486331508,ok,39430.734546735024
1371,8712758.900540985,0.37723909026467084,13224.784506903072,238960.87572049722,0.027671443007205,8712575.926105604,ok,26449.569013794324
1372,8712638.176923893,0.24195534956885703,12885.913016532902,251376.1441849947,0.025630739659706532,8712473.03918299,ok,25771.826033065805
1373,8712688.143218655,0.2303823023265,17912.46670549905,766807.849838522,0.0116798926284278,8712583.53537474,ok,35824.9334109981
1374,8712567.564610628,0.4222677326923989,7789.841436442765,16818.947012666344,0.23157934413421477,8711665.581425248,ok,15579.68287288553
1375,8712424.071164982,0.09756234198159401,55404.974986820045,1323881.104203845,0.02092520801561688,8711844.390851632,ok,110809.94997364008
1376,8711689.062991217,0.24929984850682613,15248.163768225495,194644.70185946894,0.03916922377685492,8711390.433621805,ok,30496.32753645099
1377,8711539.51141139,0.35932607928162563,10164.116241100972,63314.417164163286,0.08026699681011976,8711131.58986844,ok,20328.232482201944
1378,8711080.633383105,0.24764081573045632,17935.961825522987,776559.0342503041,0.01154835694033133,8710977.06793849,ok,35871.923651045916
1379,8710985.168337762,0.42243576083137185,10549.06781097819,97840.09089289795,0.05390974044845214,8710700.819583932,ok,21098.13562195638
1380,8710865.162451811,0.23495955960986795,13428.636761120651,337922.22883962974,0.01986941907792278,8710731.752846086,ok,26857.273522241296
1381,8710883.003751384,0.16897422246988825,21960.514965012626,804934.5321765678,0.0136411807961765,8710733.220073877,ok,43921.02993002525
1382,8710593.543002257,0.42024387640692856,7019.446140524011,15002.239179142118,0.2339466147921196,8709772.455171112,ok,14038.892281048022
1383,8709967.37092198,0.07582636267168867,76722.81851941108,2607296.168011733,0.014713100003886063,8709402.955671253,ok,153445.63703882205
1384,8709427.779636951,0.15915322748038224,25738.257258604983,995213.8078769174,0.012931018970442253,8709261.368690511,ok,51476.514517209966
1385,8709364.816133624,0.2580438597503907,18073.751298203922,601741.5297189319,0.015017869305651889,8709229.101516195,ok,36147.502596407845
1386,8709362.124667484,0.26507813365662436,15019.86469175518,277612.1681492642,0.027051884634392943,8709158.96684405,ok,30039.72938351036
1387,8709159.318766575,0.21475797934499205,23106.557630644027,1044175.4682743208,0.011064499374243862,8709031.487520354,ok,46213.115261265935
1388,8709042.750594886,0.36937336461610054,11210.616199461445,160553.90896665957,0.0349123116080264,8708847.05633185,ok,22421.23239891282
1389,8708737.018589031,0.1607362326588714,17272.053298751252,423718.12483331363,0.020381537024815613,8708561.00309213,ok,34544.1065975025
1390,8708664.135629345,0.20604575340727352,12733.261851366073,260300.70601882786,0.02445875396597092,8708508.41576994,ok,25466.523702732142
1391,8708583.547549803,0.35762759295139374,10479.893507028653,247976.5903274451,0.021130812173016596,8708472.823219158,ok,20959.787014047142
1392,8708475.442490608,0.43020918262418206,7264.78221820286,19734.29144505105,0.1840649368747596,8707806.846650407,ok,14529.564436405692
1393,8707067.411085377,0.14857748218386832,21926.482700519467,537810.5424349844,0.02038495061964144,8706843.92595182,ok,43852.965401038935
1394,8706881.567557378,0.3077167931487291,11664.27297981469,176206.81637283775,0.033098245629539495,8706688.53407129,ok,23328.54595962938
1395,8706516.012409642,0.4211248523410099,7458.680804475838,10440.606451002594,0.3571957644165198,8705183.907813895,ok,14917.361608951676
1396,8704922.812434047,0.20762651918061825,20448.16467753222,154866.562479705,0.06601865615830375,8704247.83225759,ok,40896.32935504607
1397,8704082.145100968,0.34574828170079225,9979.919423262094,26020.402188110646,0.19177104471932724,8703125.21531396,ok,19959.838846516628
1398,8703065.329175763,0.27419038340682667,12855.945824507093,106312.04980455623,0.06046325815437397,8702676.67299016,ok,25711.891649004094
1399,8702580.933436072,0.3998442084311067,7600.577707781878,11446.333250213382,0.3320092793751304,8701319.202272274,ok,15201.155415563755
1400,8702690.272568189,0.13482232770465438,50722.310960157556,1927901.3345824322,0.013154799483331338,8702356.651653184,ok,101444.62192031511
1401,8702080.745799787,0.2101885453767018,28032.779771924965,423826.33861297485,0.03307106852262388,8701617.208809428,ok,56065.5595438244
1402,8701847.874825705,0.20981220786212457,15162.56835019098,53791.41417394664,0.14093855481433712,8700779.379590431,ok,30325.13670038196
1403,8700347.813196665,0.43923188507236777,7575.025233158535,12046.490687391602,0.31440796451562847,8699156.98906431,ok,15150.050466311355
1404,8698945.332157204,0.21149736603162553,30073.071352691048,813795.6622714999,0.01847704082665534,8698667.50147362,ok,60146.14270534436
1405,8698639.660719657,0.2947943742988412,14165.28558600961,118223.34706464616,0.05990900248435631,8698215.346654976,ok,28330.571172019216
1406,8698104.982850846,0.21873492018453275,16733.963272094818,329951.4193410205,0.025358222894624784,8697892.811065564,ok,33467.92654418951
1407,8698046.357457533,0.27347837386085516,13852.822309196483,362596.69462486985,0.019102245710662283,8697914.047449766,ok,27705.644618392966
1408,8697922.306587966,0.43605400446706527,6804.900746766207,7031.69564887715,0.48387338464036345,8696275.951409725,ok,13609.801493532414
1409,8696108.287067812,0.19061938810939794,30663.97847672131,431591.72200445074,0.03552428940748439,8695563.629044915,ok,61327.95695341396
1410,8695330.05448997,0.3195586081244869,15682.074927516234,128719.37444938249,0.06091575178406045,8694852.411798097,ok,31364.149855018615
1411,8695082.193770908,0.2701553266535174,13629.009827729453,121703.71343483092,0.05599258002520779,8694700.632059185,ok,27258.019655447257
1412,8694467.336655699,0.3009003093122017,12273.032340505388,120138.42686093078,0.05107871253679866,8694153.89131026,ok,24546.064681001513
1413,8694108.172804449,0.37850821912164767,8106.284182194214,24072.75907308232,0.1683704837817801,8693425.743309734,ok,16212.568364388426
1414,8693454.479652928,0.26348150336459286,10416.622821070185,81903.06745189286,0.06359116419655811,8693123.277066834,ok,20833.24564214037
1415,8693117.64337194,0.41731683146233356,6748.353111948089,15963.982768811924,0.21136182648392812,8692404.47125219,ok,13496.706223896177
1416,8692500.076923605,0.18641467592661198,29759.79143248147,911466.0687240966,0.0163252327506499,8692257.159162732,ok,59519.58286493759
1417,8692309.011233548,0.35386843636074766,11717.271838189583,86392.36498418306,0.06781427872899887,8691911.712064357,ok,23434.543676379166
1418,8692069.513003588,0.2758237000919826,11288.011394582209,106922.84788824261,0.05278577786471143,8691771.589772582,ok,22576.022789164414
1419,8691687.749018678,0.37909984982084866,8725.114119168247,32637.56440031215,0.13366674688330601,8691104.620208431,ok,17450.228238336495
1420,8690756.556955583,0.24658433193363233,12291.039712668495,111207.89574439576,0.0552615424938831,8690416.946048897,ok,24582.079425336913
1421,8690578.099819671,0.391655106329311,7356.778242546549,7249.2638047835735,0.5074155418162621,8688711.628010688,ok,14713.556485087858
1422,8688603.524462288,0.14265460270720917,31718.36998251745,899399.3676396419,0.017633084435982115,8688323.878114251,ok,63436.739965034736
1423,8688276.005969731,0.37879583875041656,13149.00040145494,88113.6870612404,0.07461383605657188,8687785.457289599,ok,26298.00080289788
1424,8687559.742508445,0.4516585105050109,7154.9399148901975,15845.358613135224,0.22577399759696867,8686752.04281487,ok,14309.879829780395
1425,8686519.41621756,0.33168151213398106,11865.418893763359,92140.6491456456,0.06438753690028728,8686137.423669131,ok,23730.837787517252
1426,8685908.852669338,0.43007709984187786,7221.00455525218,33828.04003329085,0.10673105134299601,8685523.499965372,ok,14442.009110504325
1427,8686570.030331422,0.059508001612459255,44525.220627303395,552568.4542398765,0.040289325499546585,8685673.084778026,ok,89050.44125460679
1428,8685700.770314153,0.29130539850621495,11941.195183871518,372714.0926751967,0.016019242924465594,8685605.125860924,ok,23882.390367733962
1429,8685511.619740054,0.4517409150849292,6094.225208983814,3698.409129181741,0.8238981946180922,8683001.109166415,ok,12188.450417967626
1430,8683335.307147391,0.08224961831632938,60682.91868211707,759185.8180977799,0.03996578784503939,8682122.686820459,ok,121365.83736423415
1431,8682106.349799938,0.2799175199993219,18157.10063043533,212752.15345093096,0.04267195498592937,8681718.95030955,ok,36314.201260853784
1432,8681678.30140723,0.31155630960481784,15728.447458225637,177413.45268332824,0.044327099271045466,8681329.7031813,ok,31456.894916451274
1433,8681312.223521898,0.382276593387944,10351.894851109133,64147.468944197964,0.08068825646195231,8680894.585348591,ok,20703.78970221826
1434,8681075.646729944,0.2270537420795284,23125.262318843845,677393.1086207879,0.01706930733760212,8680878.280625053,ok,46250.52463768769
1435,8680860.129821602,0.36294184178629996,10640.7227658023,51145.40848638142,0.10402422309947554,8680306.683362138,ok,21281.445531594778
1436,8680449.049866471,0.17043354817750858,43082.92418188318,2799220.650699251,0.007695521282168482,8680283.277086502,ok,86165.84836376636
1437,8680463.69781274,0.22967752128008337,22453.74378424372,612115.8060805434,0.01834109131082396,8680257.784730231,ok,44907.48756848744
1438,8680085.38583853,0.4088061817666932,8959.14113809106,55828.84868640977,0.08023755951349175,8679725.9560284,ok,17918.28227618212
1439,8679447.355509227,0.35931755327540965,9812.620244067324,74859.10239493621,0.06554059513229678,8679125.793023925,ok,19625.240488126547
1440,8679144.343582336,0.3375194187870733,9884.902322050675,137392.25209131086,0.035973288782984544,8678966.547359426,ok,19769.80464410135
1441,8678943.054998856,0.3809197802749484,9317.448464155485,52285.87688161323,0.08910100604463654,8678527.957982892,ok,18634.89692831097
1442,8678914.855227405,0.1375883699698738,30418.665033690922,608244.647219418,0.02500528789916149,8678534.541489068,ok,60837.33006738183
1443,8678594.549085937,0.41353058692495964,6910.599292089495,20786.68349063141,0.16622659634963202,8678020.186386408,ok,13821.198584173819
1444,8677977.203088155,0.27814615485788263,14046.070010391213,344613.0287227905,0.020379481969165458,8677834.077272898,ok,28092.140020782423
1445,8677790.795946702,0.43914409949587746,7093.755363100461,24759.775867931083,0.14325160698018088,8677282.700019058,ok,14187.510726195223
1446,8677248.024587907,0.2353299913968432,23329.945355994616,603454.0141962451,0.0193303423352551,8677022.53667271,ok,46659.890711989225
1447,8676975.794368973,0.3847545648303594,7214.060581311311,38534.00064814294,0.0936064314627422,8676638.153135287,ok,14428.12116261672
1448,8676996.732224343,0.18363916426285398,28835.637435679906,682113.1951806959,0.02113698843491891,8676691.982956847,ok,57671.27487135981
1449,8676850.98350102,0.36236405582026343,10372.343735499806,83653.00192347799,0.06199624339236481,8676529.460327633,ok,20744.687470999354
1450,8676506.527905846,0.38108783401324126,10372.491737478244,146609.56362425882,0.035374539972240784,8676323.066844055,ok,20744.983474956378
1451,8676369.740428267,0.39120461498040227,7557.609169082096,15882.667114347634,0.2379200267395555,8675470.687140469,ok,15115.218338164192
1452,8675497.576242533,0.18834758907218005,32577.069555381237,1293817.319326788,0.012589516722628225,8675292.511461562,ok,65154.139110762466
1453,8675364.751819713,0.2604103537134056,15621.537914904557,145671.49592807965,0.05361906190150323,8674945.945715485,ok,31243.07582979749
1454,8675060.396066803,0.37690125508783695,11279.278062389587,283430.7629756372,0.019897766113975278,8674948.179848393,ok,22558.55612477917
1455,8674918.170131015,0.4364110009580954,6516.703960893232,11205.222834173685,0.2907886820875436,8673970.678252842,ok,13033.407921786464
1456,8673626.281279506,0.1344567651799023,44531.028806600996,2291696.8062558733,0.009715733050951638,8673409.955485322,ok,89062.0576131455
1457,8673412.893635966,0.32459984033124184,14711.572061059755,247175.1434121623,0.029759408365201884,8673193.989795636,ok,29423.14412211951
1458,8673273.292655563,0.36574022215779206,12583.10335833213,133117.60891968902,0.04726310613768469,8672975.93438078,ok,25166.206716664008
1459,8672916.371051788,0.4265121607855815,8300.910922015973,23294.36452559234,0.17817422992793347,8672176.866846174,ok,16601.821844026006
1460,8672427.87352226,0.2885720731689268,16670.496198648925,458793.7410310786,0.01816774588204296,8672276.440852927,ok,33340.99239729784
1461,8672294.213926338,0.37297078160511565,9348.26284778515,155566.30299159588,0.030045911833137057,8672153.775385678,ok,18696.525695570297
1462,8672202.64623982,0.43827021201391686,5620.413709691309,3601.665351652675,0.780252072435367,8670009.976517355,ok,11240.827419379206
1463,8669425.63297791,0.08542351262860955,98646.53587257257,4409723.207486207,0.011185116528981272,8668873.946478453,ok,197293.07174514513
1464,8668877.554936469,0.23995589017936797,25261.555111807487,898710.2640030365,0.01405433771240546,8668700.037723128,ok,50523.110223614975
1465,8668567.790091699,0.31214066108251176,12706.158994165735,82242.66820564162,0.07724797402240731,8668077.027571747,ok,25412.317988331466
1466,8668294.762879562,0.31396799656747904,18773.771685474087,740412.0762306135,0.012677921044352797,8668175.756681995,ok,37547.54337094785
1467,8668176.675131332,0.38025896128977577,8555.281543619498,24337.167049730626,0.1757657644814948,8667424.812330898,ok,17110.563087238996
1468,8666992.878815126,0.27262550911294114,11977.946492812527,103088.80693673143,0.058095281382797154,8666644.947729181,ok,23955.89298562505
1469,8666822.277076509,0.3394236981922165,9122.167612362346,41295.37890008361,0.11045022294666336,8666318.504353236,ok,18244.335224724688
1470,8666357.65362972,0.1862012254528448,15797.731362159275,200932.35617008744,0.0393110688175742,8666047.14077735,ok,31595.462724318546
1471,8665938.36354352,0.44675765212676743,7343.913836965363,39227.988564540574,0.09360553657859175,8665594.648045871,ok,14687.827673930722
1472,8665454.953237278,0.4726900122130461,7784.831310568561,24228.99691849284,0.16065112676263477,8664829.632276429,ok,15569.662621137122
1473,8665060.719305275,0.1794139127476063,21567.58172051546,502762.9588660678,0.021449056001618547,8664829.417171203,ok,43135.16344103092
1474,8664721.609218065,0.3845089611920083,10262.41246364565,77781.6998631073,0.06596932492930271,8664383.10700688,ok,20524.824927291218
1475,8664612.943646047,0.2522339733916126,23179.29896926207,762770.6897715413,0.015194146340497521,8664436.848815743,ok,46358.59793852414
1476,8664402.936577318,0.46868181502625533,8523.677214203088,70522.60754128543,0.06043223238174472,8664145.38415624,ok,17047.35442840617
1477,8663981.2535235,0.32748688406182336,10422.90785805745,342271.42469073983,0.01522608536116489,8663901.90348112,ok,20845.81571611472
1478,8663887.003543062,0.4535639320264122,5482.926492116927,3772.663739639536,0.7266651457042923,8661894.87775392,ok,10965.852984233854
1479,8661563.848051619,0.15558900076232943,53567.56640339948,2319963.1904788073,0.011544917312318197,8661254.631489245,ok,107135.13280679524
1480,8661275.026122546,0.24527089019357481,23919.627670720973,353664.6944906685,0.033816815819245,8660870.583300842,ok,47839.25534144194
1481,8660702.662915122,0.37556493333575325,15224.139656521214,280519.5762235756,0.0271356100374034,8660496.104756685,ok,30448.27931304243
1482,8660456.505894812,0.38745929315261596,9898.547749022575,47323.10242439858,0.10458472967654733,8659938.887424551,ok,19797.09549804515
1483,8659994.541431181,0.22806088133407196,20311.288354830824,988508.5592651825,0.010273703836175894,8659890.205350636,ok,40622.57670966165
1484,8659924.942966659,0.3876458974417658,7466.662377684894,16132.522743318077,0.23141645285383242,8659060.988705607,ok,14933.324755364389
1485,8659236.289037434,0.2533525370573984,15204.630024999244,126159.097594021,0.06025974469921949,8658778.175475657,ok,30409.260049998484
1486,8658945.77475277,0.38224560814513986,10109.601501756586,76069.67003710243,0.0664496210961984,8658609.885158157,ok,20219.203003513172
1487,8658485.100017007,0.4240634584115113,6856.884702447003,11215.418722654627,0.3056900893319486,8657437.059168393,ok,13713.769404889066
1488,8658259.942730863,0.13445347911222752,29578.693398484134,275147.30466427014,0.05375065082788205,8657465.005720459,ok,59157.38679693882
1489,8657334.6864289,0.45375055840622647,7786.938226376227,30417.52571502611,0.12800084890746913,8656836.319077218,ok,15573.876452745952
1490,8656673.886813257,0.41450913372683856,10974.449434100943,169479.56433726774,0.032376910682463074,8656496.227428697,ok,21948.898868201883
1491,8656167.081675073,0.4342288646371575,6549.464876583894,8550.086101007888,0.38300578492489334,8654912.840207126,ok,13098.929753167788
1492,8654833.720627207,0.1363997202691147,51765.36693781677,1614192.390231101,0.016034447706201122,8654418.706092628,ok,103530.73387563354
1493,8654497.669954592,0.23659277517978664,25467.737235186672,793742.6449753012,0.01604281778004957,8654293.382820725,ok,50935.474470373345
1494,8654239.561058775,0.33062866446364025,12615.029914140861,142298.81663847237,0.04432584266034655,8653959.975143211,ok,25230.059828281723
1495,8653917.110290144,0.4093558513847958,10198.982264299111,69623.12811775561,0.0732442116580088,8653543.602082312,ok,20397.964528598222
1496,8653659.636034526,0.23333239282671606,17673.66155803838,397183.8338917319,0.02224871715556282,8653463.027885972,ok,35347.32311607676
1497,8653506.804385263,0.39100420590600665,8528.993364446329,67614.57151681503,0.06307067524879055,8653237.839699918,ok,17057.98672888581
1498,8653128.0001553,0.4378749864283835,6022.424365429144,3963.392157086948,0.7597563055500876,8650840.212712133,ok,12044.84873085815
1499,8650010.676671103,0.19967018614910947,39125.43508645351,1079900.5487843128,0.018115295492024047,8649656.29226218,ok,78250.87017290702
1500,8649586.555740044,0.2464560344798605,25957.281570013147,1127222.291429626,0.01151382551931803,8649437.121934567,ok,51914.56314002629
1501,8649398.27466469,0.2740740418377176,16570.121266776452,365360.6102472246,0.022676392585894968,8649210.39937717,ok,33140.242533552904
1502,8649436.14479325,0.18668944968978401,32280.90103015995,2250617.6089093518,0.00717156501894679,8649320.392502947,ok,64561.80206031989
1503,8649241.50153891,0.2662100647669977,20588.917458554402,1010285.4697132376,0.010189653358272302,8649136.604572946,ok,41177.834917108805
1504,8649177.18069529,0.40757147111240327,9927.24047240158,39259.89195957666,0.12642979866861337,8648549.63118816,ok,19854.480944795403
1505,8648413.524996417,0.3373610335676628,15448.479654706473,324712.98131358565,0.023787899689460497,8648229.781554226,ok,30896.959309412403
1506,8648058.559249032,0.4184042334913345,6034.796985924786,8891.298990014384,0.33936531617609134,8647034.558855439,ok,12069.593971845563
1507,8648046.09306465,0.05975751451605264,132087.33502622548,5411631.392014078,0.012204021805803903,8647240.094706185,ok,264174.6700522862
1508,8647196.250292247,0.170894785623501,42857.32810639709,2125773.6817771904,0.010080407071031073,8646980.240635604,ok,85714.65621279419
1509,8646921.16950913,0.319421604626059,15737.39932687343,425839.21801379643,0.0184781000212662,8646775.770889712,ok,31474.79865374686
1510,8646715.737041079,0.4673905935770574,6675.292113720581,22856.918914000256,0.14602344565417016,8646228.362463482,ok,13350.584227441163
1511,8645971.908687018,0.36815916909666496,9357.458513559191,74367.97864235452,0.06291322343558947,8645677.554747893,ok,18714.917027118383
1512,8645569.420834193,0.17614437147173923,25784.33280541675,1303849.8944657329,0.009887768873878757,8645441.94607252,ok,51568.665610798475
1513,8645443.07014473,0.5042022933751414,5470.176450112831,8034.273203775636,0.34042758513254,8644511.97066515,ok,10940.352900225658
1514,8644811.495531626,0.07867450257247298,26663.275809519586,200745.52366252957,0.0664106360208132,8643926.132979171,ok,53326.55161903911
1515,8644053.595488137,0.30788502751460184,10376.055073852342,81909.65385524317,0.06333841363918884,8643724.994054032,ok,20752.110147697815
1516,8643809.016023362,0.3530436347520352,13461.995215021714,416084.748449816,0.016176987098393207,8643700.128761906,ok,26923.99043004343
1517,8643625.805648495,0.41507927724902427,7657.231938796754,20015.801097483632,0.1912796770287504,8642893.469222402,ok,15314.463877593505
1518,8643177.77499742,0.17924363591060957,31452.833897564135,753770.8900268805,0.020863656525952123,8642849.664435817,ok,62905.66779509707
1519,8642745.88857431,0.4776303838519377,7157.163543381283,32803.01269278654,0.10909308255328572,8642355.490057666,ok,14314.327086762563
1520,8642038.077894166,0.4662060549920098,7282.246542632794,33655.297893720104,0.10818871022371224,8641644.149463678,ok,14564.493085265589
1521,8641728.141270552,0.21098159100995656,17737.114450203633,385688.87372321374,0.02299407068575761,8641524.217038838,ok,35474.228900407266
1522,8641558.586026594,0.3192598780798779,9730.216449505573,152092.55744784346,0.031987812595111104,8641402.961856445,ok,19460.432899011146
1523,8641342.673354475,0.4487940227042285,4947.810807252414,1468.0859489435707,1.0,8637862.948496167,ok,9895.621614504827
1524,8637996.730400005,0.15556902435478331,48522.614462218946,1274513.5043262325,0.019035739636148567,8637534.89847232,ok,97045.22892443789
1525,8637477.525815934,0.32195296365223997,17888.331781897556,436868.1392561391,0.02047337648879161,8637294.40854027,ok,35776.663563795104
1526,8637175.470604982,0.3519398971092981,13255.390237925574,82288.1404746117,0.08054253116835985,8636641.659264289,ok,26510.78047585115
1527,8637330.73502491,0.09980048776629791,71008.51068217965,3844952.1025705603,0.00923399158011703,8637002.889030034,ok,142017.0213643593
1528,8637049.36110888,0.20485667531430735,16064.709742864805,329659.325695929,0.024365623070045594,8636853.64777772,ok,32129.41948572961
1529,8636864.700362783,0.39538566418317816,7635.935319647999,8507.296004191043,0.44878744761474293,8635151.244401656,ok,15271.870639295996
1530,8634847.38122981,0.18983048217924336,22502.42931425998,358591.98133089935,0.03137609105304467,8634494.362094272,ok,45004.858628519956
1531,8634369.813501423,0.32670255218440114,11599.62305580102,89241.02335172259,0.06499041931693131,8633992.881318266,ok,23199.246111591652
1532,8633990.897436233,0.35791704043119144,13635.70451567042,592652.8206587787,0.011503956482070987,8633912.465160558,ok,27271.40903134084
1533,8633847.277319977,0.4168524107904045,7351.912804747347,68675.35817989096,0.05352657051667248,8633650.515980389,ok,14703.825609488724
1534,8633971.507373605,0.10629920243760459,53530.57161223095,2820907.3864374384,0.009488183105478594,8633717.553441005,ok,107061.14322446007
1535,8633956.110394463,0.14269444649589466,17962.572177038564,501670.28584534815,0.01790276670141069,8633795.32052494,ok,35925.144354077114
1536,8633752.231532868,0.38510515960923086,5476.640378256087,3105.9518456241053,0.8816363952924743,8631338.028792169,ok,10953.280756512173
1537,8631616.806442337,0.08016025082098217,90711.35367954381,4105823.7334997393,0.011046669263882754,8631115.77728105,ok,181422.70735908754
1538,8630958.584517505,0.21202473874987843,24769.191447198755,188333.24361072652,0.06575894667431943,8630144.186547734,ok,49538.38289439751
1539,8630329.860465046,0.15996130877121045,33361.62358901338,1699471.7507152124,0.009815292185637491,8630166.133423388,ok,66723.24717798777
1540,8630077.858386137,0.38841208650713205,11159.338936815842,69426.17052498697,0.08036838883976409,8629629.429340703,ok,22318.677873631677
1541,8629629.080650365,0.36206494147110585,9760.139689132517,56658.89826516353,0.08613068721752302,8629208.756880982,ok,19520.279378265033
1542,8629315.309385689,0.3543279974503614,8256.056062035803,27994.87032781136,0.1474565869632528,8628706.604461348,ok,16512.112124065683
1543,8628386.898746802,0.31956697682330837,7796.7169359373365,28462.54351550282,0.13696451498951007,8627852.961969981,ok,15593.433871869489
1544,8627935.806535818,0.24999300746065953,10425.003179399808,57279.59403390374,0.09100102187551519,8627461.463564627,ok,20850.006358794813
1545,8627265.23083663,0.48544306989012953,6897.711602996818,46905.11311033434,0.07352835485943092,8627011.642143399,ok,13795.423205993637
1546,8627030.328633178,0.3091711001556474,8343.649661534695,161396.6999276978,0.025848265996988997,8626922.494195258,ok,16687.29932306317
1547,8626899.427376315,0.46201006993248894,5676.347059333311,3498.8838492575806,0.811165403581168,8624597.19919969,ok,11352.69411866662
1548,8624321.591260074,0.19620901536384008,35922.55861918062,578063.0400509113,0.031071488860468267,8623763.507570086,ok,71845.11723835947
1549,8623774.902961498,0.3189675428056953,15570.245475132002,94968.0710554518,0.08197621212102194,8623136.708088575,ok,31140.490950249412
1550,8623442.821435036,0.2838299860494196,14441.64987481813,124190.0954829386,0.058143323824089266,8623022.978672424,ok,28883.299749636255
1551,8623189.869960655,0.4167509923278878,8758.141400300521,47117.95564135562,0.0929384698581178,8622782.885830382,ok,17516.28280060104
1552,8622764.306870854,0.44359691901195264,7345.5906594643275,15126.971191987332,0.2427978002415726,8621872.560244057,ok,14691.181318928651
1553,8621613.235309087,0.19310082758239427,27006.48088663473,1323697.8313193691,0.010201150235215149,8621475.486724664,ok,54012.96177326945
1554,8621474.667305123,0.40032543448480573,9609.288144709783,121702.64819556919,0.03947854992139615,8621284.986924259,ok,19218.576289419565
1555,8621361.357193518,0.436566122888753,6928.224255816745,60184.044028025484,0.05755864671199668,8621161.967587376,ok,13856.448511633138
1556,8621190.693465319,0.17692913213859163,27447.611433977734,1803027.2659753002,0.007611535319497975,8621086.234233387,ok,54895.22286795498
1557,8621034.465067837,0.4645405825782424,6934.8007407874575,24783.96589978359,0.13990498471529955,8620549.358472016,ok,13869.601481574915
1558,8620417.680813009,0.30156483803545264,18824.39147968365,976697.7891740666,0.009636753399228171,8620326.97780372,ok,37648.7829593673
1559,8620337.253933549,0.42639702309106703,8296.22825838865,61744.24030186537,0.06718220369890932,8620058.574485155,ok,16592.456516771326
1560,8620153.721340127,0.20197297848409596,21943.46900385606,843457.438160788,0.013008047597342417,8620011.0004955,ok,43886.93800771212
1561,8619943.29881195,0.4697817107248675,7317.435810947192,53263.01636609067,0.06869152659936248,8619691.975893626,ok,14634.871621894385
1562,8619579.986136293,0.3555385627509434,8195.086528092132,77324.41150092028,0.05299158680305376,8619362.850816736,ok,16390.173056184263
1563,8619345.394521898,0.4219724522888413,8966.437676990863,220287.89751842245,0.020351634787927942,8619254.153689424,ok,17932.875353981726
1564,8619301.48064036,0.4879181116247599,5490.185614101938,4637.763973857002,0.5919000670420079,8617676.660023829,ok,10980.371228203854
1565,8617472.636028107,0.23422849130721035,26179.67093153568,275240.7445696849,0.04755776796866563,8616850.112670278,ok,52359.34186307136
1566,8616865.063413564,0.3546297999079283,10499.47959731171,52615.34871169735,0.09977582449223116,8616341.266296783,ok,20998.959194614996
1567,8616544.988543972,0.24711142887782014,15127.234606745795,153373.8923009959,0.04931489440542668,8616171.989555335,ok,30254.469213491586
1568,8616182.954496091,0.46535036008189323,7288.523361240592,16127.403431893086,0.22596704398263576,8615359.471456623,ok,14577.046722481184
1569,8615281.075038921,0.4466071226371758,7833.005190246778,37347.99954648111,0.10486512377320616,8614870.370509526,ok,15666.010380493555
1570,8614773.448853834,0.3919634411118609,7115.264164276094,40098.87461505201,0.08872149446315408,8614457.810418757,ok,14230.528328546228
1571,8614751.40732789,0.23729835728917462,8911.299018076246,63958.50404970091,0.06966469236953579,8614441.005875537,ok,17822.5980361522
1572,8614256.244279105,0.43913659028382546,6165.571951741351,11836.93180002287,0.2604379266479105,8613453.36989125,ok,12331.143903482702
1573,8613259.714593956,0.30258393929112215,12144.385906425836,101834.86926305224,0.05962783668458082,8612897.642864224,ok,24288.77181285167
1574,8612807.359622784,0.46336085844804087,6314.47381517386,4477.90953664946,0.7050693815376389,8610581.288548984,ok,12628.947630343217
1575,8610522.90649151,0.18799971823086148,30393.94698878997,281720.85472007847,0.053943374229411936,8609703.130463148,ok,60787.89397757992
1576,8609826.844070788,0.3239646359071337,15901.159590715542,123142.15892855146,0.06456423912439924,8609313.520935703,ok,31802.31918141547
1577,8609058.30383721,0.37363665093974147,12210.778371596869,78072.86836222504,0.07820116403911298,8608580.855295967,ok,24421.556743184563
1578,8608397.454672664,0.4262539431846583,6635.148340504853,9858.737188619994,0.33651106696321353,8607281.054248903,ok,13270.296681005333
1579,8606848.263309326,0.1788557790916952,28729.393497422923,1445637.5332091954,0.009936582593302642,8606705.527313653,ok,57458.78699484584
1580,8606695.3891971,0.35725283597684526,10454.129120187497,104228.46758124861,0.050150066305245496,8606433.251562828,ok,20908.25824037499
1581,8606544.444876084,0.42326843667568675,7294.60696081065,12977.192935644445,0.2810548859443462,8605519.352412393,ok,14589.213921621284
1582,8605717.668578729,0.27679799925381876,15970.09353344372,612737.7708699774,0.01303175215620302,8605613.60942831,ok,31940.18706688744
1583,8605559.696707396,0.40248580936450007,8193.999898755585,20900.38215143278,0.196025121440037,8604756.581794778,ok,16387.999797504413
1584,8604741.221204609,0.3484195449033838,15700.418228388296,559501.6646119071,0.014030716279708247,8604631.077147791,ok,31400.83645676166
1585,8604586.559330778,0.46857628945715213,9534.978054773619,135704.5852696721,0.03513137760166952,8604419.070873545,ok,19069.956109547238
1586,8604288.842883538,0.42895187859437167,7689.936769898007,31657.859420896362,0.12145383343294083,8603821.856733758,ok,15379.873539796012
1587,8603755.9661955,0.29958960724790035,13511.137693754801,722010.846463507,0.009356602992831703,8603692.757019809,ok,27022.275387509475
1588,8603686.89234935,0.4561128982296839,5553.379631141719,23690.8351297832,0.11720523148971276,8603361.449776739,ok,11106.759262278532
1589,8603244.078597065,0.23186197190979138,21442.963057310208,1745414.4305583574,0.006142656632685973,8603178.220217442,ok,42885.92611462041
1590,8603158.729227921,0.44216626898257816,6159.654078225036,26592.38707051392,0.11581611800948405,8602802.03561611,ok,12319.308156450072
1591,8602869.038948093,0.16290123497514872,18665.973769238626,694948.8866959803,0.013429745788919034,8602743.69930678,ok,37331.947538477245
1592,8602947.21193022,0.2014767651510824,13731.614146108654,325799.9403068425,0.02107369039597743,8602802.524037644,ok,27463.22829220677
1593,8602947.21193022,0.21227886452270012,12576.195482315266,241707.5439300721,0.02601531437089456,8602783.625090687,ok,25152.390964630533
1594,8602722.891396891,0.3445321902909074,7788.468198622479,85648.27454110877,0.04546774725090482,8602545.829345128,ok,15576.936397244957
1595,8602556.387185132,0.2823729595745158,11409.933920820862,427572.5695466548,0.0133426869886889,8602480.267596697,ok,22819.867841641724
1596,8602478.353392422,0.41802236146302535,7377.905466258899,92643.6064732482,0.039818751380265756,8602331.463900687,ok,14755.810932512033
1597,8602394.422317415,0.19609189401185392,12741.985841566691,271596.6951496211,0.02345754950101142,8602244.974435607,ok,25483.97168312279
1598,8602293.881378638,0.47043407246488317,5303.170738436123,9452.800339210393,0.2805079208347643,8601550.090679802,ok,10606.341476872247
1599,8601350.950648088,0.1788279866051471,25813.417022862053,741185.8873959475,0.017413591827519725,8601126.198494233,ok,51626.834045705225
1600,8601271.817444036,0.28904365928474907,15727.65268143014,790384.2678134458,0.00994937103501555,8601193.577318018,ok,31455.305362860272
1601,8601216.72198451,0.3901588208720185,6363.116950069743,66262.34562602208,0.048014576679661525,8601063.960801149,ok,12726.233900139487
1602,8601190.170113167,0.24364075737804095,14464.957575272461,627298.778426817,0.011529559814821157,8601106.782816377,ok,28929.91515052884
1603,8601114.487003269,0.4912103638156842,5082.034025156335,6571.594280066078,0.3866667515196354,8600131.960209459,ok,10164.068050312624
1604,8600655.24247517,0.06882998333955316,62596.843474488065,1071504.867697957,0.029209780263981633,8599741.022453617,ok,125193.68694890999
1605,8599519.167610079,0.2657515820294683,15886.726429142018,350983.7038636019,0.022631715168342777,8599339.395676328,ok,31773.452858269688
1606,8599576.089955647,0.15356598154261514,42177.49032432247,2857470.119549853,0.007380215463279601,8599420.450472498,ok,84354.98064864494
1607,8599386.427549442,0.3382910044240817,10962.80199008412,355057.01338952366,0.01543808680953602,8599301.805205043,ok,21925.60398016824
1608,8599326.525409017,0.4655113590409169,6994.173372350192,31788.74336985482,0.11001022108635392,8598941.810129512,ok,13988.346744700382
1609,8599102.390143054,0.15788729204333266,16953.23202052337,436438.03461180517,0.0194222669383096,8598937.75504417,ok,33906.46404104674
1610,8598884.089130964,0.3869063192937607,7483.071832841127,96256.45902079238,0.038870491959530254,8598738.653789207,ok,14966.143665682252
1611,8598814.161731534,0.24638517944201732,13582.536616532774,589564.1291435612,0.011519134174821356,8598735.932200674,ok,27165.07323305343
1612,8598717.369103186,0.4287389547841232,6317.442837885577,47834.93320746961,0.06603377923081415,8598508.786790356,ok,12634.885675771155
1613,8598752.166804874,0.16709960949463876,13925.528302908924,283912.3824087187,0.02452434125057253,8598581.409600776,ok,27851.056605817845
1614,8598703.314051472,0.23944870714859218,10148.265714391791,201555.87993487512,0.025174819304876656,8598575.573673662,ok,20296.531428783583
1615,8598523.078487879,0.5222472148213445,5283.785695012832,8524.047142158037,0.309934096262819,8597704.265815765,ok,10567.57139002566
1616,8597791.629728463,0.1712833783565314,23945.09131790272,571003.5151375508,0.020967551585154877,8597540.594759753,ok,47890.18263580544
1617,8597518.767164465,0.43826889941303454,9188.267147564035,58052.99063656558,0.07913689757247977,8597155.201686403,ok,18376.534295128065
1618,8596965.311901122,0.45791242773861374,6524.967498600149,28514.821561803776,0.11441361266206353,8596592.039349113,ok,13049.934997200296
1619,8596747.995574033,0.13260710620484972,16665.671479767934,332767.4242231848,0.025041020043762432,8596539.332867248,ok,33331.342959519905
1620,8596573.929784516,0.24497537401773245,9564.124199826168,169125.64950087175,0.028275203164192048,8596438.716007097,ok,19128.248399646458
1621,8596402.499069214,0.47749355213260813,5052.688220734972,6295.102207402762,0.4013189980293913,8595388.629182164,ok,10105.376441469942
1622,8595667.984084811,0.23096058213725226,15574.002823606512,113297.21007386268,0.06873074285524436,8595132.777693162,ok,31148.005647213024
1623,8595067.610968614,0.3986638324677082,8418.410199767679,75890.22394551882,0.05546439160471584,8594834.14996861,ok,16836.820399535358
1624,8594768.196180753,0.4650497375116882,4983.289872046678,3875.3008251722313,0.6429552306852467,8593166.180036126,ok,9966.579744093357
1625,8592686.0856971,0.14888011932887182,49648.60833046443,2965082.2662318307,0.008372214305129596,8592478.251302652,ok,99297.21666092885
1626,8592549.50149484,0.2106325501635088,31738.50643714862,1182775.7074820364,0.01341695903812374,8592336.58437444,ok,63477.01287429722
1627,8592325.865913339,0.2937952975334718,17170.21054140948,182179.5867677377,0.04712440851921552,8591921.297905382,ok,34340.42108281896
1628,8591995.62764071,0.3794027403661699,11198.07607406719,281484.38488123886,0.01989111417102546,8591884.256535865,ok,22396.15214813438
1629,8591715.851216119,0.4566447477125337,6120.082498788626,8921.2793017631,0.3430047581617091,8590666.242507406,ok,12240.164997577253
1630,8590584.990306636,0.28148745061098746,21419.15356222396,536756.5308641229,0.019952392128085823,8590371.308631172,ok,42838.30712444791
1631,8590397.525573684,0.3883776921108767,8452.538153535526,98930.4364444875,0.042719604084019536,8590216.981031973,ok,16905.076307071053
1632,8590250.374127895,0.2771851504736304,14572.305342254564,804999.2433998869,0.009051129837531853,8590184.426214052,ok,29144.610684508985
1633,8590131.291622117,0.5008925285408287,6361.770947745026,17482.048875462213,0.18195152619308833,8589552.5246555,ok,12723.541895490052
1634,8589168.86202652,0.3697231632344718,8094.612300238456,67510.97749998109,0.059950341411074394,8588926.224641025,ok,16189.22460047028
1635,8588803.069937447,0.4150621820850531,9030.66512089502,296136.08202180365,0.01524749206385144,8588734.222440066,ok,18061.33024179004
1636,8588772.415117998,0.4086333688088431,5618.351031249062,50127.31456773739,0.05604081407210578,8588614.98663523,ok,11236.702062498123
1637,8588536.892965106,0.37369355318798164,10801.014498577724,588887.2054281401,0.00917069890381218,8588487.366539195,ok,21602.028997155445
1638,8588706.766706012,0.15441106257107465,13252.064878664441,264579.02217224636,0.025043680277185915,8588540.826468095,ok,26504.1297573288
1639,8588585.487803806,0.32271844471068767,7316.317911449209,134539.66598063032,0.027190189072204694,8588486.021770142,ok,14632.63582289841
1640,8588787.315359691,0.13700129257966592,35875.48797280489,2072406.2305599109,0.008655515372367958,8588632.05494087,ok,71750.97594560978
1641,8588573.560216468,0.4781675558105074,4892.9905874899705,4631.30533649693,0.528251781299198,8587281.194719607,ok,9785.981174979941
1642,8587605.623697536,0.05954219431449016,123826.1578773197,5081724.668541165,0.012183477653155406,8586851.307083849,ok,247652.31575444658
1643,8586711.820614971,0.4452946969209938,7888.35169481404,36990.08721730662,0.10662791423648364,8586291.26137098,ok,15776.703389621533
1644,8586125.039988592,0.1292555267193195,43979.7514202299,2679282.462909268,0.008207374927628009,8585944.560834028,ok,87959.50284039674
1645,8585953.819073668,0.3861282043464396,8560.648239617254,192221.49536887687,0.02226766632729914,8585858.506244395,ok,17121.29647923451
1646,8585741.807839612,0.48625260402571063,5052.4650161295,4978.873523587686,0.5073903757740753,8584460.02177805,ok,10104.930032258882
1647,8583820.456146918,0.3077041303804531,16320.404375703247,154726.23799056874,0.052739614779162565,8583390.09022701,ok,32640.808751406494
1648,8583224.897715328,0.4477925975485953,9895.90129719246,69114.20653891622,0.07159093472063782,8582870.669303443,ok,19791.80259438457
1649,8582792.925805628,0.2778496417930452,14885.454661005115,498886.0467017561,0.014918692113575922,8582681.8900481,ok,29770.909321994128
1650,8582696.101889133,0.4689291399675018,6237.600914800132,15216.471467939646,0.20496213356501372,8582056.865893222,ok,12475.201829600264
1651,8581841.170467153,0.40762807656509736,8862.186259890423,106542.88542829988,0.041589760894238235,8581656.882363379,ok,17724.372519780845
1652,8581601.85358033,0.4500032000995599,4877.857655188953,3549.458560277618,0.6871270043518181,8579925.999721197,ok,9755.715310377906
1653,8579881.481599405,0.14612529953142767,48500.19850239356,1887862.6896526276,0.012845266440250944,8579569.982613321,ok,97000.39700473123
1654,8579622.79322126,0.2300301164802404,24253.356430779266,352640.22328886326,0.03438824448978452,8579205.77804594,ok,48506.712861558524
1655,8579240.63712851,0.253417278843372,20586.03141310787,642282.8822472874,0.01602567340817124,8579075.68462041,ok,41172.06282621574
1656,8579117.33392686,0.39309404359880945,9927.149751939509,36874.141781699705,0.1346085532066032,8578449.194294075,ok,19854.299503879018
1657,8578444.296858639,0.32790309612114904,9302.894521101533,91812.02406250726,0.05066272427872822,8578208.64186858,ok,18605.78904219439
1658,8578359.100162532,0.24156948334600117,16753.894775415578,876038.9875756013,0.009562299745232362,8578278.997280661,ok,33507.78955083041
1659,8578303.608475216,0.4603155853845965,5784.442842999526,5121.069071362264,0.5647690709101094,8576670.17127013,ok,11568.885685999052
1660,8576525.337377721,0.247985107334653,21242.066087624044,300250.52193597564,0.03537390368326092,8576149.629977813,ok,42484.132175224295
1661,8576360.574085727,0.22598253516568428,22834.364899541382,950048.0703689936,0.012017478700142319,8576223.368338821,ok,45668.729799082765
1662,8576188.392222077,0.3182861663665757,13210.882322549505,102520.4136675036,0.06443049657112837,8575762.800367983,ok,26421.76464508815
1663,8575829.149353981,0.42483912941290297,8379.990806709484,31616.238698100784,0.1325266880530744,8575273.863140218,ok,16759.981613418964
1664,8575293.18532759,0.4048823870184615,10006.410830902565,143736.6494415107,0.03480813998998346,8575119.03305309,ok,20012.821661805126
1665,8575090.17245856,0.4555325437095612,7378.635072703908,34629.0211629674,0.10653831417843669,8574697.118787767,ok,14757.27014540766
1666,8574501.516140237,0.3544783915100747,10864.086889473487,149622.38954022937,0.036305017326810005,8574304.305708857,ok,21728.173778946955
1667,8574367.627782108,0.4511162774428985,6392.861802637724,59696.73287857223,0.05354448639292622,8574196.476531206,ok,12785.723605275449
1668,8574110.012321189,0.4692803133176824,8383.854127245277,168210.91061131138,0.02492066090355468,8574005.546728304,ok,16767.70825449055
1669,8573920.93578386,0.5122403201600014,5587.870318260689,8514.676058715198,0.3281317034099743,8573004.157080876,ok,11175.740636521374
1670,8572750.299385685,0.2809431270375646,13555.280224159378,228221.8885639624,0.02969759015985077,8572549.019807387,ok,27110.560448318447
1671,8572575.194482718,0.4325801389640628,8053.270545771338,57974.12950219621,0.06945572632932988,8572295.521605175,ok,16106.541091536326
1672,8572251.538086029,0.3794109762631549,9868.545657852552,244852.2955007564,0.020152038267948494,8572152.102431156,ok,19737.091315705104
1673,8572109.840066886,0.43827882863225703,5859.954870094143,22025.013820343043,0.1330295390026428,8571720.066519413,ok,11719.909740188286
1674,8571542.681436177,0.5139208789254579,7393.694012671416,80896.26449678806,0.04569861203520082,8571373.740659082,ok,14787.388025342832
1675,8571484.6488729,0.4159572582510035,7103.591041001624,50892.26699919222,0.06979047564450581,8571236.767374132,ok,14207.18208199807
1676,8571317.597966585,0.2821228129022399,14539.248348787276,603647.6190182612,0.012042827546005315,8571230.05113633,ok,29078.496697573617
1677,8571237.59988395,0.47567600983724095,5084.950270992679,6134.484886614899,0.4144561739884432,8570183.85536683,ok,10169.900541985358
1678,8569968.736352578,0.2182085355364441,23744.318713617206,653075.0073955562,0.018178860348912175,8569752.914025592,ok,47488.63742723441
1679,8569599.689133659,0.41022478566332443,10856.731971982808,138451.19616100643,0.03920779405674977,8569386.854878016,ok,21713.463943965617
1680,8569421.118814196,0.4194428546717667,7400.090931456661,48335.14239499239,0.07654979963629241,8569137.88107515,ok,14800.18186291332
1681,8569166.76942673,0.2631404971047456,16976.968035832404,1435712.975866994,0.005912382321954152,8569116.582263883,ok,33953.93607164319
1682,8569106.625479495,0.4479047035802996,5392.284384545686,5839.183900691216,0.4617327075370389,8567861.728445152,ok,10784.568769087193
1683,8567541.137540167,0.17591625597681057,26468.581145431537,662646.4536415172,0.019971872632816263,8567276.823974462,ok,52937.16229084124
1684,8567304.841663579,0.4219747737103939,7923.172758262641,44501.311255353205,0.08902178986141153,8566952.174153417,ok,15846.345516525282
1685,8566986.176469956,0.3506738767483959,9299.74902011895,136628.0545283074,0.03403308731953061,8566827.92688473,ok,18599.4980402379
1686,8566795.23285696,0.4667711398080202,5639.159919615397,7355.575023283028,0.38332556610227186,8565714.415772695,ok,11278.319839230784
1687,8565497.394649265,0.15508048893445153,34602.57153605871,1211268.535571612,0.014283608679610154,8565250.269853702,ok,69205.14307207859
1688,8565301.446836684,0.2854117331357708,17458.111572462032,324611.8060824918,0.02689075265491961,8565066.715956626,ok,34916.223144924064
1689,8565008.719534509,0.4184841228640801,8708.245242801002,45727.04193684068,0.09521986196733484,8564594.120579509,ok,17416.490485602
1690,8564635.560194876,0.408023474948927,8828.511555052519,89824.31141279932,0.04914321866871845,8564418.629457941,ok,17657.023110097358
1691,8564320.315345362,0.35884904883460317,13309.35542122888,390080.54671715194,0.0170597528295605,8564206.78818846,ok,26618.710842443503
1692,8564294.530284487,0.36526562815589275,9010.741347454143,93516.73441747742,0.048177159968120734,8564077.474320823,ok,18021.482694908285
1693,8563954.615766322,0.4230332364832139,6817.930196824367,42952.303815399464,0.07936629227301156,8563684.058845975,ok,13635.860393643172
1694,8563494.595820721,0.42299451273250416,5999.940276251735,4641.758308256055,0.6463003756119693,8561555.713993626,ok,11999.880552503464
1695,8562101.824082332,0.0783314448226814,80277.27713841644,1682813.728804535,0.02385209835299036,8561144.433327423,ok,160554.55427683285
1696,8561050.382703705,0.19079938865067284,27894.135596428663,366997.7009133194,0.03800314760420929,8560520.350227524,ok,55788.271192832486
1697,8560484.487505075,0.3086947086346873,13591.079049455868,159701.32910194455,0.042551552719952854,8560195.326746726,ok,27182.15809890051
1698,8560130.550707366,0.3100158315434953,15474.35333857615,1178423.3252636143,0.0065657022424919,8560079.75070916,ok,30948.706677135
1699,8560040.383595219,0.4809678734705534,6228.451272717449,18579.954615274844,0.1676121228949868,8559518.401625136,ok,12456.902545430123
1700,8559568.753792286,0.32311039003423403,9801.721879197423,129141.84274328942,0.03794944253150185,8559382.768851705,ok,19603.44375838822
1701,8559347.864877649,0.43894376583079203,6702.788253710743,24915.312506957292,0.13451142248043393,8558897.064086352,ok,13405.576507416343
1702,8558805.724744882,0.3160964641062233,15806.448103989147,602308.4869105734,0.013121555189322759,8558702.02215431,ok,31612.896207978272
1703,8558754.935999088,0.43994293323838823,7439.97891465453,113288.02003635647,0.03283656520904367,8558632.784322696,ok,14879.957829309038
1704,8558709.887657493,0.42350407168139,7362.902913897162,121437.03276495509,0.030315723079912017,8558598.281794593,ok,14725.805827794324
1705,8558617.394188419,0.41450729326827673,8128.751020151369,184856.79813185704,0.02198661640334479,8558528.032323161,ok,16257.502040295474
1706,8558592.09947743,0.3564079160181514,9272.737950384793,200331.4860537029,0.023143486161479,8558484.797736213,ok,18545.475900769587
1707,8558471.485906512,0.5417477820897952,5061.581302650237,9927.257243278382,0.25493352184851303,8557826.302532708,ok,10123.162605296824
1708,8558197.434639636,0.11758059661028854,31973.12533449364,686993.9337397404,0.023270311253291417,8557825.4223505,ok,63946.250668987275
1709,8557612.493543873,0.45874090976390014,8077.798728309886,109088.9627068133,0.03702390474653114,8557462.957718534,ok,16155.597456619773
1710,8557362.743009573,0.5087615774587483,4259.298874824111,2831.1067676298944,0.7522321170511437,8555760.752304692,ok,8518.597749648128
1711,8555578.75706352,0.17584185888103063,45293.157198066285,1543799.3257937299,0.014669379770191063,8555246.545801556,ok,90586.31439613039
1712,8555249.034037877,0.2603805792908141,24511.333324766318,486284.2415999684,0.02520268109462002,8554940.158379382,ok,49022.66664953262
1713,8554726.876095532,0.32590811822356713,10907.483395085152,82396.24722808652,0.06618920012759455,8554365.89729487,ok,21814.9667901703
1714,8554280.707967829,0.4234246788044901,6296.981336650389,23062.302792614406,0.13652108796930215,8553850.87259633,ok,12593.962673300777
1715,8553762.063035604,0.4955640109096014,5798.876374130388,14919.729361220052,0.19433584328959264,8553198.598270455,ok,11597.752748260777
1716,8552865.182797264,0.5222595746380009,5846.568692084636,20929.770548224948,0.13967111293966103,8552456.884419212,ok,11693.13738416927
1717,8552330.882643063,0.42256141161259925,7641.958181644584,77179.73346030377,0.04950754452640802,8552141.71535059,ok,15283.916363289169
1718,8552126.934090234,0.5335680354525434,4027.832169787651,4457.074809256091,0.45184704567028766,8551216.952057047,ok,8055.664339571964
1719,8551265.069087029,0.14343894411912902,35977.896025462214,821960.6553206609,0.02188541251492544,8550871.37353906,ok,71955.79205092436
1720,8550779.433631204,0.39258632262820825,10167.308656804613,79395.13865876998,0.06402979343925821,8550453.92829464,ok,20334.617313609226
1721,8550512.65262525,0.4397911669756731,7574.509535152945,35147.76231161213,0.10775237222783988,8550104.566939812,ok,15149.019070299442
1722,8549969.57969209,0.29487186752139033,13121.791547591907,399529.8637351988,0.016421540338582542,8549861.839677483,ok,26243.583095183814
1723,8549864.23773342,0.44481618704687803,6805.52970070862,27210.657462121635,0.1250526509729175,8549438.712968247,ok,13611.059401417238
1724,8549169.255157053,0.5130830775019839,4957.792954282913,14105.281190609287,0.17574243601692985,8548733.607851526,ok,9915.585908565827
1725,8548674.63034374,0.24576585983174415,15744.195066818575,569158.3686309151,0.013831119715142316,8548565.750420347,ok,31488.39013363715
1726,8548533.548941646,0.5048990327191107,5216.658345704831,13198.294987922785,0.19762622181419567,8548018.074701969,ok,10433.316691409662
1727,8548251.524941295,0.11412106104190038,46595.45773265049,1082166.0209545703,0.0215287935632783,8547749.952946039,ok,93190.91546530096
1728,8547776.022569614,0.21362822050847047,17676.721838248137,416513.36973494943,0.021219873265409,8547588.473671036,ok,35353.443676496274
1729,8547733.775094148,0.29164128626890873,13454.006866146308,211706.3840442936,0.03177515625445531,8547520.023508938,ok,26908.013732292617
1730,8547526.640680851,0.37505576461969875,7886.997647660794,68934.14662537398,0.057206754807041224,8547301.045910556,ok,15773.995295321587
1731,8547043.170286946,0.46448082870543117,4996.5788133865035,12761.92340517991,0.19576119738183245,8546554.102161286,ok,9993.157626769014
1732,8546812.52883841,0.1274757982854358,34401.91698103874,1481259.1101981848,0.011612390007996623,8546612.784599906,ok,68803.83396203653
1733,8546572.35811629,0.45875956233760057,5552.2165607490715,35097.50360265453,0.07909702957234173,8546352.77619754,ok,11104.433121493668
1734,8546333.792881994,0.19829877830954243,17885.71046230512,873429.3089663823,0.010238785370891148,8546242.22890668,ok,35771.42092461003
1735,8546230.945354039,0.5336185955177215,4781.962645626793,27251.09448913685,0.08773890985430026,8546021.163259292,ok,9563.925291253585
1736,8545863.204904674,0.5549037012945107,4213.459574609115,18879.62313823964,0.11158749154465336,8545628.120212346,ok,8426.919149215046
1737,8545695.461901322,0.17401428742777408,10700.808997933307,219811.84096117908,0.024340838398744805,8545565.228570046,ok,21401.617995854016
1738,8545471.46535703,0.3898255247330785,5572.888452719293,75754.31528843174,0.03678264684659037,8545368.972563094,ok,11145.776905434166
1739,8545397.036772583,0.5172377979128485,6849.0259881327565,220223.61995826784,0.015550162124822579,8545343.785040326,ok,13698.051976259285
1740,8545310.441752411,0.4984668901456721,3972.535351895879,1979.1511111861194,1.0,8543317.0575117,ok,7945.070703791758
1741,8543475.071108373,0.12272421495255055,51152.575356942325,1299799.0773241196,0.019677108658304906,8542971.803716647,ok,102305.15071388465
1742,8542886.329865245,0.24386435627441422,29309.729111151064,626477.336579056,0.023392489560117097,8542543.516099125,ok,58619.458222301975
1743,8542544.46122104,0.16896509310900917,22294.388414876925,647720.7469615345,0.017209876725008545,8542352.6193829,ok,44588.77682975384
1744,8542399.915576339,0.36953968867600795,13204.774436871521,178296.01828890078,0.03703048044369463,8542155.426005565,ok,26409.548873742755
1745,8542249.907788504,0.2666732776803973,13214.060190738952,323678.2911312113,0.0204123361881293,8542115.042868992,ok,26428.120381477882
1746,8542261.085156154,0.23994162792123896,24602.819597732996,1888447.5807554258,0.0065140329677277195,8542180.953367176,ok,49205.639195439
1747,8542224.928866444,0.2935727724551422,14102.302048834601,367011.03322553565,0.019212367983728235,8542089.459558254,ok,28204.604097669202
1748,8542118.381133461,0.4327984899225431,7279.023016563524,30361.25842993266,0.11987353938839466,8541682.10000732,ok,14558.04603312131
1749,8541597.727270538,0.4004102496837126,9834.450028695868,289367.6950200928,0.01699299921508687,8541514.16886973,ok,19668.900057391736
1750,8541550.239852563,0.4684632144685278,6388.555602509454,37997.180420416305,0.08406617980365738,8541281.709120579,ok,12777.111205018908
1751,8541364.698337369,0.3723881911064613,10141.403249786505,249305.60604793736,0.020339300448455378,8541261.563813535,ok,20282.80649956443
1752,8541261.949808901,0.4665303675511859,5738.0718437838605,20608.99459424089,0.13921280384505863,8540862.543273881,ok,11476.14368756772
1753,8541029.558286171,0.13027903461717896,40326.251509114256,2590679.9412336973,0.007782947416096226,8540872.62973868,ok,80652.50301816933
1754,8540838.293023035,0.3428500906238203,11152.57670121588,662631.9969434094,0.008415362337361095,8540791.366536066,ok,22305.15340243176
1755,8540768.257968504,0.5204812727325915,5858.655740865899,84741.12453465145,0.034567960792579754,8540666.99707753,ok,11717.311481727045
1756,8540707.268817449,0.19763844056830945,10808.02157078576,276633.82602395694,0.01953488791686988,8540601.702072455,ok,21616.04314157152
1757,8540607.64425505,0.5443517757216848,4583.017624188653,7393.75775771925,0.30992478888044983,8539897.448870244,ok,9166.035248377306
1758,8539637.531665176,0.2370054591732816,16435.498310770687,463435.28651278326,0.017732247402267386,8539491.812504064,ok,32870.996621529746
1759,8539662.493773714,0.1897527437564945,27421.914064415287,1785904.0674777052,0.007677320009451632,8539557.230368942,ok,54843.828128830566
1760,8539428.918803593,0.44494349036936864,7772.718277204415,33978.81520883223,0.11437594615105982,8538984.412800033,ok,15545.436554402637
1761,8539287.678678453,0.1362080141779183,42912.92305128378,1434326.6044729094,0.014959257855728596,8538966.70593782,ok,85825.84610251428
1762,8538877.306420052,0.315453065157744,15939.762642015825,491192.97982173646,0.01622556031623322,8538747.990629965,ok,31879.525284031646
1763,8538801.41671432,0.303449622608489,7935.84002516078,119159.0388649521,0.03329936235116329,8538669.28750804,ok,15871.68005032156
1764,8538576.400815755,0.3190125568117648,11868.069905731796,506019.68947482336,0.011726885487449282,8538506.813067384,ok,23736.13981146348
1765,8538510.774268992,0.5170487818863819,4809.342427201839,6511.185478761281,0.36931388630298945,8537622.695797816,ok,9618.684854399846
1766,8537598.198743328,0.2910251830964757,22571.86325945351,716941.1092359382,0.015741783368726687,8537420.5380525,ok,45143.72651890702
1767,8537467.637713052,0.3288840959305722,12144.81576628007,290282.61845990916,0.020918951039359916,8537340.609309854,ok,24289.631532560095
1768,8537331.228061201,0.5445944441794758,7476.766268098106,45158.53483551403,0.08278353466660915,8537021.751491427,ok,14953.53253619621
1769,8537098.417832341,0.5223365487273152,5806.839399224301,13501.021555034797,0.21505185276364575,8536474.03204659,ok,11613.678798448602
1770,8536339.541914891,0.3841170108774945,8377.106891499865,46509.85648798486,0.09005732896277553,8535962.33197935,ok,16754.21378299973
1771,8535966.63681304,0.30781321074943374,17756.094317029485,1283218.1436895332,0.006918579823839159,8535905.213335095,ok,35512.18863405897
1772,8535892.894459287,0.5145992611514639,8087.2812369870735,72155.75610447927,0.05604044412809523,8535666.287043132,ok,16174.562473966818
1773,8535530.177069832,0.5014671397254352,4518.549486906652,4252.456496099075,0.531286973899871,8534329.853828175,ok,9037.098973813303
1774,8534022.924106603,0.21415689494676868,30098.928962957885,842142.9822911232,0.01787043862852786,8533753.983575195,ok,60197.85792591576
1775,8533632.934477895,0.3914311516452834,13753.754269589841,428032.9913670663,0.016066231513676824,8533522.448977755,ok,27507.50853916476
1776,8533497.543126546,0.4747140308570665,7862.265766795769,138709.64748711002,0.028340731554113395,8533386.131944794,ok,15724.531533591538
1777,8533349.303058084,0.5182160516884583,5966.421228818761,20279.287405750834,0.14710628409770438,8532910.454029918,ok,11932.84245763742
1778,8532970.251851868,0.4302828939897295,10567.849879421143,202994.32435919705,0.02602991466086856,8532832.711736614,ok,21135.699758842286
1779,8532808.255414927,0.5115947890872692,5043.84121021352,16218.6314906958,0.1554952775487574,8532416.10867048,ok,10087.68242042704
1780,8532131.221113672,0.39076300225374866,9492.35562487906,440826.6096493393,0.010766541103802542,8532080.12119517,ok,18984.71124975812
1781,8532033.524906032,0.5403971393657361,4309.09274711753,6372.60107784821,0.3380952843648382,8531305.082937187,ok,8618.18549423506
1782,8531097.372706465,0.1955691552875717,20685.501907433503,425890.6953009599,0.024284989242152714,8530846.199110819,ok,41371.003814854805
1783,8530820.450989785,0.43269798154626626,8664.591707642729,145744.215824017,0.02972533646928752,8530691.672037845,ok,17329.183415285454
1784,8530708.004453355,0.5147535943188694,5469.208120299763,16170.435558773368,0.16911134212870385,8530245.551890554,ok,10938.416240599527
1785,8530838.312234353,0.11651416950187139,61065.393435563325,2838971.426950775,0.01075484466942156,8530509.937823815,ok,122130.78687112665
1786,8530604.463522587,0.18809573393850998,37121.08170983654,1299029.8389909505,0.01428800193638013,8530339.270478912,ok,74242.16341967307
1787,8530237.829065707,0.3868870865191748,10442.048393188401,298634.7684719738,0.017482975017639926,8530146.550030112,ok,20884.096786376802
1788,8530096.076024083,0.5383064600602772,5113.72143520297,14070.558383196469,0.1817170753262339,8529631.450772464,ok,10227.44287040594
1789,8529450.35867868,0.34973793852660734,8074.195872526166,112031.54733570173,0.0360353671110687,8529304.880372483,ok,16148.39174505233
1790,8529373.285845978,0.447974747602558,6362.9533226153435,42278.72671653377,0.07525005856109439,8529133.879540905,ok,12725.906645230687
1791,8529094.507807374,0.4194981381267168,5486.836705296258,29387.11246724862,0.09335447147812215,8528838.39743702,ok,10973.673410592515
1792,8528840.363531614,0.6128648540678027,4682.237646838343,24238.84320276149,0.09658541885994178,8528614.245589452,ok,9364.475293672913
1793,8528635.900262848,0.4979683464947209,4580.865107559924,11590.147764552652,0.1976189260317309,8528183.267441422,ok,9161.73021511616
1794,8527916.120692365,0.18394547291042013,29413.4793090715,1077733.1261991253,0.01364599388941719,8527715.432612907,ok,58826.958618141434
1795,8527723.413777024,0.22822204199082358,14785.524069903844,398241.71390533505,0.018563504969017975,8527586.178202253,ok,29571.048139794515
1796,8527602.345780956,0.43845076144024225,6723.86172350296,90444.21932940048,0.03717131826310789,8527477.378378915,ok,13447.72344700592
1797,8527337.097372808,0.5691414250870778,4511.4037950733,7959.769555698149,0.28338783952882957,8526697.858885445,ok,9022.8075901466
1798,8526426.293967348,0.3370567610431473,12529.342534662057,280279.0155816324,0.022351552984909134,8526286.268835582,ok,25058.685069324114
1799,8526253.035298616,0.4434496722940495,5606.53781481144,21579.909995846003,0.1299017886518216,8525888.885653472,ok,11213.075629622848
1800,8525995.831419118,0.19137489704764044,10889.800269009858,136157.28967594428,0.039989780550595905,8525778.09105762,ok,21779.600538019713
1801,8525801.025970463,0.5546121616275907,4689.308547344296,8816.093579940141,0.2659516091125779,8525177.461393567,ok,9378.617094688441
1802,8525411.89649218,0.23635608711308292,16948.04552232051,169753.2878014824,0.049919638499551076,8524988.876339305,ok,33896.091044640736
1803,8524824.11265983,0.47071755097085416,7621.472141296643,71289.6610977767,0.05345425987397724,8524620.412583599,ok,15242.944282593286
1804,8524665.517092573,0.5285977832849672,5314.242833545244,10121.380608419093,0.26252559009216536,8523967.954724688,ok,10628.485667090488
1805,8523896.549054628,0.22550042781527507,18830.683687593468,793620.4777178585,0.011863783896896874,8523784.84747368,ok,37661.367375186936
1806,8523790.206620729,0.3885753396069376,10117.056123371469,114666.449044841,0.044115154029995,8523567.048876124,ok,20234.112246742938
1807,8523576.089598648,0.33371533061484526,7684.911534579075,196113.67794601904,0.0195930024235596,8523500.804353489,ok,15369.82306915185
1808,8523528.935411183,0.5368519352111748,5379.621942182062,50344.95538027257,0.05342761654616583,8523385.225222038,ok,10759.243884364125
1809,8523435.528052641,0.4588351809302556,5156.397527623149,38872.17371699943,0.06632504738689429,8523264.528897459,ok,10312.795055242377
1810,8523149.050711205,0.49032971223296307,4116.094244073638,2617.6328079318714,0.7862245292008059,8521530.963581609,ok,8232.18848814472
1811,8521797.421077231,0.09572855784756375,70141.05027593515,1743728.0103323716,0.02011238273983039,8521092.06925277,ok,140282.1005518703
1812,8521158.963657413,0.26154187731179096,21840.608601808453,709304.7722026986,0.015395785745233252,8520990.836992122,ok,43681.21720361691
1813,8521051.502697557,0.334089425147109,14855.998049604845,216736.60180063854,0.034272010186977744,8520796.93023931,ok,29711.996099195527
1814,8520898.687270695,0.3466644003515952,12780.799837168954,216676.39850029946,0.029492828765914924,8520710.21630015,ok,25561.599674337907
1815,8520839.526808575,0.22818925148502012,17356.963167571248,462315.54238743725,0.018771771199750712,8520676.616337921,ok,34713.92633512488
1816,8520695.15162933,0.49754205707172433,7461.064483365804,34508.17294856265,0.10810575938759713,8520291.859608425,ok,14922.128966724566
1817,8520233.31577633,0.47480858842219664,5163.230390204915,6585.343450757817,0.3920243817815417,8519221.259675473,ok,10326.46078040983
1818,8519294.84390559,0.1778468487271687,28124.01368035624,658248.7045701946,0.021362756572927778,8518994.440676538,ok,56248.02736071247
1819,8519249.157806018,0.3006271273106796,15539.183862217658,189988.15552339787,0.04089513848747255,8518931.419268005,ok,31078.367724422595
1820,8519088.658292431,0.16075312200037686,23180.384321869242,832791.6554553702,0.013917277010415178,8518927.354377525,ok,46360.76864373848
1821,8518986.880494695,0.4501009173551845,8255.355027734364,46061.7181034163,0.08961188778498996,8518616.991520511,ok,16510.710055468728
1822,8518589.178329978,0.3111938312877743,12624.607674659368,556907.6182721155,0.011334561837948093,8518517.631131794,ok,25249.215349318645
1823,8518491.375035446,0.5276214068409816,7014.418851159635,44428.34039237711,0.07894081558314464,8518214.513062969,ok,14028.837702313147
1824,8518054.773489967,0.37474691090441486,9254.93063602065,91529.11476274114,0.050557304416255895,8517820.821317209,ok,18509.8612720413
1825,8517973.395634275,0.28177990232771705,15006.936711360202,485729.23525753245,0.015447841741915701,8517857.483242601,ok,30013.87342270914
1826,8517855.645232733,0.44062583933564503,7667.87794226149,44545.47655374523,0.08606797519620206,8517525.665868461,ok,15335.75588451705
1827,8517352.722428173,0.44622336747091235,9257.917935190459,281456.7382966041,0.016446431503505703,8517276.59257158,ok,18515.835870380917
1828,8517330.488422964,0.4989356149324522,5209.403485434867,11801.537576470308,0.220708676800779,8516755.608147869,ok,10418.806970869731
1829,8516629.201494586,0.2283285742248258,14711.306176130103,345491.8430759499,0.021290381337448972,8516472.596835356,ok,29422.612352260207
1830,8516502.64093642,0.49508393702779274,5867.055284439453,24368.642394259994,0.12038125041018763,8516149.499210736,ok,11734.110568878881
1831,8515916.733816657,0.47371002946460494,5866.706266587662,45825.271456296054,0.06401169136753275,8515728.964921216,ok,11733.412533175324
1832,8515572.38161933,0.4696937814002645,5416.943458143589,29166.52821310109,0.0928623286694505,8515320.866627432,ok,10833.886916287162
1833,8515747.326894568,0.10693224315351943,25373.427199846567,388384.8298941838,0.03266531703460149,8515332.9113727,ok,50746.854399693126
1834,8515385.129254367,0.4827640149437882,6345.455146691327,81499.9455782578,0.038929198674116296,8515261.617512327,ok,12690.91029337655
1835,8515247.656839604,0.4158338366391591,8417.860497872998,195901.7737978157,0.021484901169299308,8515157.228389176,ok,16835.720995738367
1836,8515164.855290778,0.5566592176834054,4355.324386965084,18285.082648424537,0.1190950150651997,8514905.50657904,ok,8710.648773930168
1837,8514945.979363022,0.5480913875130138,5051.635954783168,48255.60550025231,0.05234247816822809,8514813.771790685,ok,10103.271909566243
1838,8514768.607711717,0.44621636082835875,5459.655631840886,52943.95079176215,0.05156071232117404,8514627.855845015,ok,10919.311263677457
1839,8514697.093993567,0.4204195557724678,9095.637126852635,464949.03792634717,0.009781326968025127,8514652.610293206,ok,18191.27425370527
1840,8514640.605830409,0.5118990435213852,4432.310366252994,12117.283966434234,0.1828920729484767,8514235.288614992,ok,8864.620732503048
1841,8514264.088463372,0.14983761929071468,12031.397696699782,243192.65020008915,0.024736351379864546,8514115.282022864,ok,24062.795393385906
1842,8514405.813484179,0.14580363391383244,35759.60307256687,2350692.879486725,0.007606183560732739,8514269.816431666,ok,71519.20614508682
1843,8514254.113066833,0.2709259439652479,14941.911869522435,917688.2635308116,0.0081410607846467,8514193.291560449,ok,29883.82373904487
1844,8514208.805667209,0.3806461696385734,9677.611740682107,397199.1643620965,0.012182316340247582,8514149.857803386,ok,19355.22348136419
1845,8514082.945459241,0.5201633662109858,4346.282749966305,5275.596260075301,0.4119233671137932,8513187.777746845,ok,8692.565499929373
1846,8513126.126207395,0.300832315406807,19452.97538517625,805262.7684731653,0.01207865068818496,8513008.643360134,ok,38905.9507703525
1847,8513071.104350403,0.33908571162116996,11392.94131254196,122283.20001322206,0.046584245878870036,8512805.738560708,ok,22785.88262508392
1848,8512912.383512022,0.4318358364526293,7305.677722334082,28357.479339886573,0.12881394772027902,8512441.84691793,ok,14611.355444668165
1849,8512681.150672551,0.34928408800552335,7965.685743881642,84089.9295801374,0.04736408856360364,8512492.50695003,ok,15931.371487763285
1850,8512601.512245929,0.41785163935812125,4777.049414204599,17799.47846583677,0.13419071304177185,8512280.994412366,ok,9554.098828409196
1851,8512926.137777831,0.14422467124343785,15616.626346226469,159991.97927709768,0.04880440387320697,8512545.057708161,ok,31233.252692452934
1852,8512621.502306793,0.3886469310468481,7775.027441800679,53774.01154143382,0.07229354123794432,8512340.460173298,ok,15550.054883601359
1853,8512314.043316465,0.49211622202502237,6357.621487293309,52901.97143103664,0.060088701000312876,8512123.032708153,ok,12715.242974586617
1854,8512104.055377044,0.4818821882988508,5154.140120073178,12981.957137405661,0.19851167530134023,8511592.476882057,ok,10308.280240146356
1855,8511499.422342643,0.3068098004978735,8570.57274710326,108979.49680754452,0.039321950450178306,8511330.916524198,ok,17141.14549420034
1856,8511339.148729365,0.5485690357408052,5144.627684291638,13326.280049302408,0.19302564801498914,8510842.626183087,ok,10289.255368578932
1857,8510743.696084592,0.3078481458367222,8649.351891799353,246397.1865029162,0.017551644997571805,8510667.79090766,ok,17298.703783598707
1858,8510665.889891062,0.4614927457265965,5904.120238394864,51844.323716025174,0.05694085499826753,8510497.797063868,ok,11808.240476789728
1859,8510378.81425057,0.4691518914309401,5330.802193830728,50034.05518496129,0.05327173836024593,8510236.823700711,ok,10661.604387661457
1860,8510470.692480002,0.1457213660857114,35376.309161279234,2445422.857658917,0.007233168090026386,8510342.751084719,ok,70752.61832255758
1861,8510390.825193718,0.3681849185654787,7219.221071289957,201701.8007201574,0.017895777443519105,8510326.228406915,ok,14438.442142579912
1862,8510358.21696663,0.32203648938920537,12766.118324688721,861834.0000721061,0.00740636730717321,8510310.94168593,ok,25532.236649364437
1863,8510319.69427387,0.4666329167301845,6801.477791204965,199292.56081310337,0.017064053378247755,8510261.663883831,ok,13602.95558240993
1864,8510218.466853177,0.50197135898512,4373.436591260277,3348.2712922390765,0.6530887448393774,8508790.345746167,ok,8746.873182520554
1865,8509190.504729353,0.21944205773103956,19696.481854031954,169643.34177750553,0.058052622778041976,8508618.78851379,ok,39392.96370806391
1866,8508802.3892118,0.3980993711587869,9342.981409724927,60328.60246382017,0.07743409451037783,8508440.656559056,ok,18685.962819449855
1867,8508113.959366957,0.5132755746054842,5697.635137418836,20635.361981054295,0.13805512940964978,8507720.665488843,ok,11395.270274837672
1868,8507520.464887315,0.2698406627956353,14745.625168320068,667869.1636484942,0.011039306776619521,8507439.074147392,ok,29491.250336621015
1869,8507460.196524248,0.4774924625435279,7101.807957971356,173198.09994324323,0.020501979987940424,8507387.395961931,ok,14203.615915935943
1870,8507222.188910238,0.5378070722795892,5067.140484828511,66066.85768371575,0.0383485809866016,8507125.030086612,ok,10134.28096965702
1871,8507126.629580263,0.5498909965863156,5104.307336388974,39157.34771364486,0.06517687783294776,8506960.28817242,ok,10208.614672777949
1872,8506979.62787573,0.5200165267856378,4700.675192645739,30905.16880408589,0.07604998410531696,8506800.884738887,ok,9401.350385291476
1873,8506958.999683745,0.32232900640449713,10413.232213034185,376976.13982796785,0.013811526928184685,8506887.088365184,ok,20826.46442606837
1874,8506895.647210384,0.5868932726544258,3103.597973084431,1600.2619742312315,0.9697155912785482,8505390.843538605,ok,6207.195946168861
1875,8505648.771356763,0.11827231953261895,49850.776322499645,1138443.949466126,0.02189426029532556,8505103.048420398,ok,99701.55264499929
1876,8505020.363714611,0.27500936653232777,20664.33556900917,307213.07063217676,0.03363192771467458,8504672.872994546,ok,41328.67113801834
1877,8504520.898334308,0.41476309159472324,9026.640901414248,99695.07856380245,0.04527124624129472,8504316.574692817,ok,18053.281802828493
1878,8504270.779958677,0.46357244342379567,6635.784253315338,89669.21938645715,0.03700146102932145,8504148.013102451,ok,13271.568506630676
1879,8504135.035780866,0.5003600600839655,5007.190242067581,9874.777489036005,0.2535343326787403,8503500.288462557,ok,10014.38048413504
1880,8503383.39226273,0.3726585983603883,10790.404334219244,240016.85787943253,0.022478430118520215,8503262.116587842,ok,21580.808668438487
1881,8503245.232914088,0.49751760615218477,5820.114151048118,11839.936237587335,0.24578317122061222,8502529.989857633,ok,11640.228302096237
1882,8502549.606052365,0.3481542195146155,14333.302687539413,152832.34483409833,0.0468922422903948,8502213.545701142,ok,28666.605375078823
1883,8502281.364480956,0.4171807024682201,6806.771471156273,88539.73385003752,0.038439078000195435,8502150.541471202,ok,13613.542942312546
1884,8501974.00849263,0.5324932955839917,4051.5883729425527,8914.706205768487,0.22724183385431534,8501513.663306685,ok,8103.176745885105
1885,8501472.259302719,0.5044870495299285,4599.331835961984,5717.659764041772,0.4022040507627853,8500547.324355107,ok,9198.663671923967
1886,8500433.40341929,0.181523479447053,27909.66834041197,1081915.3574237002,0.012898267941621413,8500253.410229081,ok,55819.33668082394
1887,8500199.878458954,0.43863031768050376,9127.730522602786,77851.09750843086,0.05862300477918311,8499932.330963928,ok,18255.46104520557
1888,8500019.830925666,0.35955159884412036,10638.738554079464,169714.10907109003,0.03134311758848257,8499853.10530892,ok,21277.47710815025
1889,8499887.705677986,0.531423992016055,6258.822081136257,45339.78269732753,0.06902130655232686,8499671.709639227,ok,12517.644162272329
1890,8499824.446710099,0.1710398596445347,14627.499648182014,420212.7734770654,0.017404872687646136,8499697.15182554,ok,29254.999296348513
1891,8499705.121985827,0.4751209174622621,5471.489308758801,74228.75264354235,0.036855592434873026,8499604.294495838,ok,10942.978617517601
1892,8499548.363751067,0.3093719217268252,9388.257490166714,441054.92167201376,0.010642957406048629,8499498.404338773,ok,18776.514980322543
1893,8499538.818218935,0.31152920558246305,9438.370528926664,473228.33652808674,0.009972321816327331,8499491.756984768,ok,18876.741057853324
1894,8499508.817563228,0.47545292615483814,5958.930739447744,50083.07360747769,0.05949046564264819,8499331.567781016,ok,11917.861478891116
1895,8499189.920892239,0.3038555779750377,9195.550581238163,326882.0936441497,0.014065546507494872,8499125.250670059,ok,18391.101162469167
1896,8499026.923941355,0.5236153691761687,4838.49863031706,5822.0174437653495,0.41553453567014687,8498021.64230051,ok,9676.997260630495
1897,8498257.946181577,0.23017554080043565,29359.109746135207,565166.9863155023,0.025973836456315583,8497876.661824053,ok,58718.21949224218
1898,8497855.190798532,0.4096337550306856,12711.623296802238,207565.59795704077,0.030620737304052487,8497660.571159692,ok,25423.24659359172
1899,8497626.243412077,0.45431098475332304,7755.812512584436,79376.02748590664,0.04885487947832546,8497436.7887693,ok,15511.62502516887
1900,8497380.649898522,0.557315525652108,5361.857445138843,17538.442365655515,0.15286013812830518,8496970.842763677,ok,10723.71489027357
1901,8497109.36407227,0.3164784314925305,9426.152348960837,85550.57102578339,0.05509111298696046,8496849.715460226,ok,18852.304697921674
1902,8496711.199501697,0.5429755945715109,5236.34689328991,20024.813995691045,0.1307464552334087,8496368.88260436,ok,10472.693786575539
1903,8496223.455313498,0.5066171475528647,5046.884486006053,36751.68136778054,0.06866195366003791,8496050.190839145,ok,10093.768972012105
1904,8496127.546512747,0.4507508753074255,6523.911515935417,83615.40272728547,0.03901142195782624,8496000.292980267,ok,13047.823031870832
1905,8495880.854179751,0.49986467456216116,4427.697172561922,8193.49108396418,0.2701960084650334,8495282.681128392,ok,8855.394345123777
1906,8495305.990584848,0.201036723746915,18697.55065443176,396730.80133807135,0.023564531152320052,8495085.691077413,ok,37395.10130886352
1907,8495100.700339083,0.37807308658036526,6962.983275006711,51073.59063892688,0.06816618126805164,8494863.380349036,ok,13925.966550008568
1908,8494845.033638496,0.5710830563772451,3663.9637510365656,4397.792687464145,0.4165684937219358,8494081.887708087,ok,7327.9275020704945
1909,8494177.279903978,0.1667391951571514,39798.1479786782,1067888.3538077092,0.018634039708726194,8493806.479769094,ok,79596.2959573564
1910,8493850.240698997,0.284885168423098,18785.686663228895,439184.3338007469,0.02138701818056169,8493649.355787897,ok,37571.37332645779
1911,8493809.52956833,0.3161086744380135,10947.185576408887,136200.32583418806,0.040187809791792,8493589.55786248,ok,21894.371152817774
1912,8493541.148188625,0.42684012813498995,6123.037670118034,50135.792056611666,0.06106453512496725,8493354.197964184,ok,12246.075340236068
1913,8493496.125327121,0.16267684048634032,25149.68604107864,913119.1340723953,0.013771306011798393,8493322.953315835,ok,50299.37208215714
1914,8493251.190723987,0.5256406829965584,5257.27041052969,19587.846105886434,0.1341972563524941,8492898.435091488,ok,10514.540821059378
1915,8492589.749112863,0.38604020396546473,7776.273725551117,126435.55193908658,0.03075192699478042,8492470.181411915,ok,15552.547451102235
1916,8492495.88621046,0.4170889996611108,8259.577790221061,190490.48263512217,0.021679764983434872,8492406.353357783,ok,16519.155580442122
1917,8492374.238300439,0.5056455568739419,3878.075105265054,4832.1705763547725,0.4012767186077425,8491596.147674061,ok,7756.150210530108
1918,8491493.587995365,0.21518416237880178,21779.051683982987,694681.4735817272,0.01567556679732063,8491322.888505638,ok,43558.103367965974
1919,8491345.28342747,0.5468244842697919,6755.333943572057,37433.98293481139,0.09022996504721377,8491040.516654663,ok,13510.667887144115
1920,8491103.461230354,0.46736228882332836,6103.227189739594,54871.43896741011,0.0556138795026361,8490933.7491596,ok,12206.454379474406
1921,8490928.765948504,0.29862266639991003,11655.285551442821,438360.41837117873,0.013294181069940701,8490851.292210232,ok,23310.57110288564
1922,8490869.884606447,0.5262157097294153,4428.318635130535,19176.813442819308,0.11546023139701303,8490614.237259291,ok,8856.63727026103
1923,8490490.101392716,0.3942197141738365,7474.264516079551,247399.04488643623,0.01510568587584982,8490433.64944675,ok,14948.529032159102
1924,8490435.507480728,0.5044416131551996,3621.8034773658974,1867.2563729212898,0.9698195518003908,8488679.259568162,ok,7243.606954731653
1925,8488645.157936096,0.11347036567825183,58863.86430984025,2675768.1434596195,0.010999432901860576,8488321.423373185,ok,117727.72861961935
1926,8488329.48466601,0.28224010246280246,21676.361246503322,554509.7210260687,0.01954551960459163,8488117.64679416,ok,43352.722492981724
1927,8488016.078930426,0.37257723887264577,11663.661727975486,79279.60790022576,0.07356028893744233,8487587.087767038,ok,23327.323455950973
1928,8487424.805403627,0.4836001115395589,7789.301126600432,39416.59778170642,0.09880737512834649,8487039.985204427,ok,15578.602253200865
1929,8487061.83502303,0.44295328138262413,7040.643344034759,56103.06303190881,0.0627474059663228,8486840.943969944,ok,14081.286688069518
1930,8486832.005217813,0.30129070605342195,10652.842438341417,313260.42821390275,0.01700317288570417,8486741.439156963,ok,21305.684876682833
1931,8486724.8374921,0.5645343279742813,4551.324268530422,8870.207331394626,0.2565511773564619,8486141.01369229,ok,9102.648537060844
1932,8486062.311801553,0.23333995912066713,25522.740732790386,1180657.6843084216,0.010808696319009903,8485924.378024647,ok,51045.48146558077
1933,8485927.016778417,0.3997659007373433,10178.806959042151,178188.23591644445,0.028561949970185376,8485781.653490858,ok,20357.613918084302
1934,8485739.549572188,0.5497483686500318,4905.224664868629,16295.389386846364,0.1505095873569037,8485370.407902086,ok,9810.449329737257
1935,8485308.623807091,0.45276711038411693,9724.566475717882,329838.9500579065,0.014741385870302215,8485236.947013672,ok,19449.13295142641
1936,8485255.929686045,0.5375935290447645,7504.82751597535,81593.63423615147,0.04598905040958579,8485083.35974057,ok,15009.6550319507
1937,8485062.471469648,0.22247218350010423,8021.738098203941,119947.5911227915,0.03343851270006753,8484928.353974013,ok,16043.4761964076
1938,8484920.51970366,0.39786628695357945,4839.036592785202,28007.689829086008,0.08638764250666363,8484711.503222033,ok,9678.073185570403
1939,8484781.805578936,0.1948345184485214,22851.696210151167,1384232.3280693993,0.008254284973253955,8484687.493372615,ok,45703.392420302334
1940,8484651.344814371,0.5742116796969616,4136.543498562326,16602.63151959935,0.12457493541548371,8484393.689994784,ok,8273.086997121472
1941,8484919.795881648,0.0972368681467933,20092.28774887816,329644.97959681775,0.030475646517433147,8484613.633152066,ok,40184.57549773337
1942,8484572.723916192,0.4267851449898981,7821.529854244138,172963.4843291383,0.02261035005331031,8484484.300152214,ok,15643.059708480037
1943,8484504.779897936,0.5099281643286767,4074.4667162473097,3982.8419838721393,0.5115024312722158,8483462.730082188,ok,8148.933432494618
1944,8483466.063721035,0.3670024020587983,14789.097343186892,249980.40781420338,0.02958051287399053,8483247.329178859,ok,29578.194686373783
1945,8483234.30083334,0.49368603783087445,6278.163254150999,38292.6874028996,0.08197600743054147,8482976.971454553,ok,12556.32650829675
1946,8482858.635351434,0.572196445270509,4307.93245321127,10224.002878232714,0.21067738851986337,8482404.843371853,ok,8615.86490642254
1947,8482343.062691502,0.5293335212661073,5173.16123535617,35719.93610336492,0.07241280080101885,8482155.76114448,ok,10346.32247071234
1948,8482033.374989264,0.3687664156393185,9306.098871662689,441405.1771982381,0.010541447350857935,8481984.325113615,ok,18612.19774332537
1949,8481999.807511752,0.585066442326944,2916.8851724966985,1283.0911921458521,1.0,8480366.013531402,ok,5833.770344991479
1950,8480171.79248075,0.28267078525299505,15156.173070800352,161569.0754237054,0.04690307545257092,8479816.356916193,ok,30312.346141600705
1951,8479779.253021618,0.4435518819695838,6227.244035742122,19762.812719986432,0.15754953821538814,8479288.703310525,ok,12454.488071484244
1952,8479333.32320591,0.4323437782565978,6302.496734436191,22568.15804126518,0.13963250175119013,8478893.306512756,ok,12604.99346887238
1953,8479042.438395906,0.47283879126338846,6206.825016912489,35750.92000070754,0.08680650759182772,8478773.04199443,ok,12413.650033824955
1954,8478664.230475474,0.3647888421010997,9604.48712760206,488809.5986142298,0.009824364287066664,8478617.05148531,ok,19208.97425520412
1955,8478643.518581185,0.5218545504774572,5201.1595666190115,37161.041293425944,0.06998134855197309,8478461.526500933,ok,10402.319133238021
1956,8478406.072397888,0.3645022272517106,6098.582944375701,146385.52529449738,0.020830553198844675,8478342.553969659,ok,12197.165888751342
1957,8478365.442985319,0.5988202829377385,3534.136056643562,4625.852895682363,0.3819983186173324,8477690.425969617,ok,7068.2721132844035
1958,8477572.420370093,0.4636280394046325,8183.301591905387,100102.83485854267,0.04087447475123644,8477405.176292943,ok,16366.603183803625
1959,8477387.285471728,0.4990936213620411,5278.617441479531,32239.07684693593,0.0818667585697514,8477171.213821897,ok,10557.234882959012
1960,8477255.278595272,0.4630330984228713,5911.811819670178,77669.30300605405,0.03805758253817067,8477142.783962134,ok,11823.623639340354
1961,8477118.614769028,0.5399955274682151,3940.8280833855024,6642.485176831621,0.2966380788571986,8476534.114933146,ok,7881.656166767851
1962,8476651.385338422,0.26674642229359646,18601.291173883466,1279301.2028041855,0.007270098368199005,8476583.768730117,ok,37202.582347766926
1963,8476657.57829029,0.28911167411443045,9354.39391715012,189299.77293595776,0.02470788467431183,8476542.014647238,ok,18708.78783429089
1964,8476622.13643796,0.3976104193031608,7314.761671546465,161806.07691708236,0.02260348254810887,8476539.466894068,ok,14629.523343092927
1965,8476519.715007503,0.549167701933261,3877.187284828681,24282.480066695367,0.0798350760338199,8476364.947236663,ok,7754.374569657362
1966,8476473.552867439,0.12901822262149243,14837.730906119166,287425.3796919196,0.02581144873501284,8476282.061202124,ok,29675.46181222205
1967,8476213.308916897,0.5616603731443974,3909.2345242804167,53252.025660985906,0.03670503117728763,8476141.56462935,ok,7818.4690485608335
1968,8476189.229806133,0.5396901579657394,4176.496226197403,17769.722419240054,0.11751720504298167,8475943.824724445,ok,8352.992452391223
1969,8476633.05604316,0.07798494916877141,35753.88133285649,584416.9329959949,0.030589361219878885,8476086.211847607,ok,71507.76266571297
1970,8476104.582357503,0.30739982596791304,7046.541961153573,129000.80632720974,0.02731200742761275,8476008.354754314,ok,14093.083922307145
1971,8475969.446704678,0.509356633877772,4494.295260559312,12316.65506302501,0.18244788205733428,8475559.459378865,ok,8988.590521114937
1972,8475318.241747305,0.2774535328364778,15623.951554497155,1063870.966640186,0.007342972994102471,8475260.878620142,ok,31247.90310899431
1973,8475233.890682742,0.42441160670489847,4164.257701717948,29970.051179557147,0.06947365015776863,8475089.237591373,ok,8328.515403435897
1974,8475062.167584784,0.534821907611812,4265.611397271037,15756.264521437177,0.13536239479438358,8474773.465897785,ok,8531.222794539284
1975,8475036.81814026,0.11684665218683839,28275.444731110685,724767.1131489972,0.01950657267564087,8474761.03963147,ok,56550.88946222136
1976,8474867.778831113,0.27108334370256876,14041.108102740134,405111.8191662283,0.017329916628498428,8474746.113214718,ok,28082.216205468092
1977,8474736.952668596,0.4540921913728596,8130.170960081739,205056.29694263564,0.01982424115060497,8474656.365433743,ok,16260.341920163475
1978,8474721.340375986,0.5096657291788159,4132.16139375267,5865.240945610182,0.35225845213105617,8473993.545987725,ok,8264.322787505338
1979,8473919.467625977,0.15802694394607386,25466.22485711162,861418.3080319063,0.014781566992286617,8473731.252271594,ok,50932.449714188035
1980,8473689.610432906,0.5034147888836541,5314.953794719273,41838.142334876255,0.06351804236643568,8473520.81270275,ok,10629.90758943416
1981,8473568.58277696,0.43064445846586386,9711.408217579508,339310.35949844186,0.014310509457970298,8473499.095177386,ok,19422.816435148663
1982,8473582.842412792,0.3522796350854837,7434.144049734468,173935.66014871653,0.021370385012993338,8473503.4071525,ok,14868.288099468937
1983,8473430.176649671,0.5526609113068573,4176.952268665894,27486.733090372687,0.07598124256768958,8473271.491637912,ok,8353.904537328664
1984,8473281.522655264,0.5964487941695604,4159.482560294593,18593.84770053242,0.11185104415412334,8473048.90142151,ok,8318.96512058906
1985,8473148.80502322,0.35482519550803415,8474.847966808258,246094.83458883612,0.017218662839810602,8473075.842248341,ok,16949.695933616516
1986,8473011.049752114,0.6082228123498937,3320.449119364406,7412.309705700132,0.22398208191509802,8472639.18919879,ok,6640.898238728812
1987,8472484.209600752,0.48432276719299633,4663.097609594737,27220.29302390425,0.08565480183295068,8472284.501249913,ok,9326.195219186055
1988,8472709.927911684,0.16686279324946182,22096.54528720889,402321.630088694,0.027461294191835506,8472406.528046306,ok,44193.09057441778
1989,8472603.198359514,0.3198720570788959,8431.75867967198,137460.16290076022,0.0306698264491339,8472473.89807183,ok,16863.517359338955
1990,8472490.832328664,0.49213190311296273,4689.7211656214395,16607.53821385319,0.14119254477191284,8472159.75549584,ok,9379.44233123983
1991,8471949.188755013,0.22149802900993823,13386.036173058434,363444.4887563408,0.018415516794412935,8471825.933368037,ok,26772.072346104404
1992,8471848.314117778,0.5486253560601669,4756.703459977244,38647.62564209,0.061539400945718865,8471701.951777076,ok,9513.406919954488
1993,8471736.213700633,0.28604460448408925,10368.944995272403,318973.35282950976,0.016253622604040174,8471651.947241256,ok,20737.889990544645
1994,8471567.52521896,0.5414985871790826,2598.0794109626077,344.3139207460888,1.0,8469313.759728743,ok,5196.158821925215
1995,8469294.154461928,0.443701099920497,11036.930179522366,179666.25078560592,0.03071509014982628,8469124.654309206,ok,22073.860359034363
1996,8469098.44373389,0.5316234457231418,5985.880097330657,21556.72378386264,0.138840209610416,8468682.903310182,ok,11971.760194661194
1997,8468774.045009058,0.23456918648497307,8856.608416990448,141733.02316591045,0.031243983297467103,8468635.68714633,ok,17713.216833980896
1998,8468508.116400998,0.5221557525715292,3579.432372624012,3631.280601145354,0.4928608892817332,8467626.03528985,ok,7158.864745248024
1999,8467830.14177297,0.10364091587199287,58826.07004681323,2747880.877448922,0.01070389741592914,8467515.307663389,ok,117652.14009362645
2000,8467502.669767465,0.28194182462999556,17164.804694649876,218890.06351863514,0.03920873432701196,8467166.164633943,ok,34329.609389286066
2001,8467363.777173618,0.35012524152790614,15863.250876730166,318208.74603776744,0.024925856178144447,8467166.074618682,ok,31726.50175346033
2002,8467145.052163064,0.47115188401012476,6546.1397102908395,51221.20955324929,0.06390067481211575,8466935.900790613,ok,13092.279420581679
2003,8466959.13707514,0.39882664092796866,6165.962649699381,41270.06319570007,0.07470260731684332,8466728.830331864,ok,12331.925299393737
2004,8466945.038386686,0.2644760224265457,9342.054583240544,111618.66682629896,0.04184808351894516,8466749.564846467,ok,18684.109166473325
2005,8466701.858777031,0.47227978629601625,3781.7595366899404,6666.617574371227,0.28363405388876106,8466165.540882919,ok,7563.519073376908
2006,8466339.49192711,0.24428806962543545,21266.288671009585,882568.40788331,0.012047954855994197,8466211.384284178,ok,42532.57734201844
2007,8466395.435855974,0.24107523701532865,11138.838750687946,170209.63110455655,0.03272094146025605,8466213.199210625,ok,22277.677501375892
2008,8466241.630207023,0.32973443928868607,12244.5276669341,479713.8053244918,0.012762325714861968,8466163.495881867,ok,24489.055333868197
2009,8466239.137250837,0.39299890348293903,7606.988934279683,88048.5248401839,0.04319770801434244,8466074.835007412,ok,15213.977868559365
2010,8466015.403005613,0.4554234476441932,7160.598465751921,142568.63745678094,0.02511281090107432,8465925.49162801,ok,14321.196931503842
2011,8465922.387385838,0.5202849877586542,4481.864514922681,6686.807968493095,0.33512735344280353,8465171.389689151,ok,8963.729029845363
2012,8465345.32992617,0.22502604053598335,21396.119241519347,248415.8758278816,0.04306512047632565,8464884.616699738,ok,42792.23848301673
2013,8464969.753853045,0.3266707891583007,11749.907953642623,127663.84519335415,0.04601893330036676,8464699.394737843,ok,23499.815907285243
2014,8464811.066499982,0.43154562242980815,7021.040482308003,37279.38642242119,0.09416786535527974,8464480.488302585,ok,14042.080964616007
2015,8464454.98726016,0.28019596435926214,8613.642159798714,300118.8596559672,0.01435038466038542,8464393.182721,ok,17227.284319588354
2016,8464369.853218757,0.5751275207790547,4346.960957283807,37791.84065294715,0.05751189783534419,8464244.852231523,ok,8693.921914563842
2017,8464007.716732519,0.5252972695069442,3881.400399379113,5044.034060159025,0.3847516048748432,8463261.029216107,ok,7762.800798755519
2018,8463405.097348146,0.09208205129917106,60235.897207822236,2539062.3923435723,0.011861838722329324,8463047.84309916,ok,120471.79441564446
2019,8462955.20241182,0.47879679127299885,9130.707402826207,144964.1904074418,0.03149297553127809,8462811.42583941,ok,18261.41480565241
2020,8462847.075284803,0.48825277850097426,7225.137369377571,127456.39285037562,0.02834356601421848,8462744.68220581,ok,14450.274738755143
2021,8462833.20331596,0.3996311913707518,11926.39663702904,818924.2875047292,0.007281745589307709,8462789.780822907,ok,23852.79327405808
2022,8462814.440320197,0.6027984487915952,6649.481603771307,119124.50043463538,0.02790979848608026,8462721.647474399,ok,13298.963207536006
2023,8462695.226219773,0.4039143833093439,6091.099841844812,119159.51446265256,0.025558596261962396,8462617.386238948,ok,12182.199683684117
2024,8462649.295696702,0.510116569709544,6658.1860026817785,217290.78886344697,0.015320911754952513,8462598.290956605,ok,13316.372005363557
2025,8462550.63887772,0.5256317758385427,3820.5653769594137,2108.6368135392113,0.9059325324371152,8460820.051644076,ok,7641.1307539188265
2026,8460748.165752415,0.20764009740102868,27567.531926480337,513723.84836599394,0.02683108056416364,8460378.332417376,ok,55135.06385296066
2027,8460442.492303813,0.2623089658368458,26366.431953782394,1230098.1632679517,0.010717206456001759,8460301.205056434,ok,52732.86390756479
2028,8460328.01727046,0.3139393178903445,16438.373726064438,184597.27262354878,0.044524963701894425,8459962.058273725,ok,32876.74745212887
2029,8459959.054441936,0.44126951728045855,8709.123771259754,77429.86096695853,0.056238792518148645,8459714.159139542,ok,17418.247542519508
2030,8459693.520536007,0.2685191410966451,10012.475258757426,117249.38493720502,0.04269734661772334,8459479.767472694,ok,20024.95051751485
2031,8459501.777636088,0.44092380696212236,6371.654220726636,86514.53880795932,0.03682418185728365,8459384.46215921,ok,12743.30844144753
2032,8459563.950572323,0.1755485038549539,18633.163173199282,867779.4853351304,0.010736116425939295,8459463.926667716,ok,37266.326346398564
2033,8459401.027071727,0.5776193143463614,4455.343136345395,19856.842580939123,0.11218659558247554,8459151.112182418,ok,8910.686272690788
2034,8459236.516460158,0.4003123101887876,8094.966289894066,87434.6704788405,0.0462915125405149,8459049.152343396,ok,16189.932579788132
2035,8458974.492668506,0.6159744547946301,4830.739039891026,29015.205218982766,0.0832449573151836,8458773.425335918,ok,9661.478079781857
2036,8458743.15880425,0.534120906559845,3906.896049241022,5827.415994971197,0.33521684848074185,8458088.330113767,ok,7813.792098479321
2037,8458284.531864919,0.16565733747711045,26057.559850827434,592862.916849274,0.021976041265414612,8457998.21085964,ok,52115.11970165486
2038,8457876.006108575,0.48077013343768643,6556.226816845351,29528.55954832775,0.11101501253583229,8457512.086307444,ok,13112.453633690702
2039,8457521.883643297,0.5193936203288734,5988.86032534381,74068.8465023539,0.040427660265733203,8457400.82583799,ok,11977.720650687319
2040,8457458.464966055,0.5801858061981476,3170.7421391056655,2228.0478739073546,0.7115516179517939,8456330.391616462,ok,6341.48427821133
2041,8456857.80847837,0.1160603172405554,49186.81188670267,1048677.6432121373,0.023451826309580558,8456281.048193825,ok,98373.62377340534
2042,8456201.04610532,0.23334644966640236,18722.2767035125,565829.4502426891,0.0165440988406333,8456046.174507167,ok,37444.55340702446
2043,8456069.142253524,0.3760356625355966,10536.952193012708,124732.75230426989,0.042238113079190044,8455846.611764403,ok,21073.904386025417
2044,8455815.428394219,0.4125217866508398,9564.223462004338,182482.34631128385,0.026205886912724696,8455690.108914992,ok,19128.446924008676
2045,8455776.687079106,0.3271547717031098,12092.052292931898,416252.90399379213,0.014524886405491882,8455688.869236125,ok,24184.104585863795
2046,8455736.003723938,0.49809761495896715,6690.583552440534,84213.28159041273,0.03972404011626964,8455603.115219219,ok,13381.167104881068
2047,8455903.455648992,0.15725692392783203,21725.963871945714,534702.4609358172,0.020315937796435146,8455682.763983699,ok,43451.92774389143
2048,8455839.478310024,0.18733472515458413,19128.703677502916,522799.44667832536,0.018294494953121732,8455664.50332358,ok,38257.40735498583
2049,8455738.053106638,0.3581984899743977,9918.04872835211,227521.22510568972,0.02179587579959828,8455629.96682751,ok,19836.09745670422
2050,8455590.090628214,0.46192562690114414,7408.588462021489,110329.16972790603,0.03357493072907446,8455465.719206009,ok,14817.176924042978
2051,8455389.997811992,0.5509529993083842,4862.615340705914,21804.303378575933,0.11150586322981848,8455118.892751433,ok,9725.230681411826
2052,8455156.765782498,0.2667932966750165,11093.844986891814,314900.5173799831,0.01761484083797984,8455059.057625636,ok,22187.68997378363
2053,8455038.285837132,0.5515703415300621,3762.77263159193,12362.02987899977,0.15219072710639578,8454751.956285764,ok,7525.54526318386
2054,8454592.238737633,0.3307910781063289,11132.77580874645,383202.9620406448,0.014525952186619112,8454511.381653083,ok,22265.5516174929
2055,8454512.545757867,0.5372518702408743,5404.023710625588,44686.069938248715,0.0604665359707551,8454349.164460825,ok,10808.047421251176
2056,8454341.244457226,0.5452936889907132,3922.0071864900256,8537.961832872406,0.22968052933837924,8453890.840113895,ok,7844.014372976824
2057,8453826.568185901,0.22854506172588518,17620.372236872663,375406.99210261356,0.02346835915093494,8453619.807573888,ok,35240.744473732026
2058,8453626.376243187,0.4758198130314599,4258.591404618318,17221.540439130178,0.12364141929319215,8453363.107100459,ok,8517.182809236636
2059,8453444.813831605,0.22260501543393202,15837.75257122021,762141.5312253871,0.010390296239174854,8453362.534361117,ok,31675.50514241997
2060,8453411.113238478,0.38090610762748073,7709.281590345883,139489.25684070314,0.02763396180090733,8453304.594241988,ok,15418.563180691766
2061,8453322.849757792,0.6163791268976585,3641.685892596227,4980.170244494404,0.3656186148076086,8452657.115681984,ok,7283.371785189823
2062,8452592.653347556,0.12481815146191445,29448.674975637947,657094.7847115165,0.022408239770588624,8452262.706862666,ok,58897.34995127589
2063,8452370.487263568,0.3132749787459175,12373.451235893826,371541.9305930076,0.016651486975029856,8452267.469082521,ok,24746.90247178765
2064,8452248.833780952,0.40987156267666913,7708.163821551427,172929.94028021017,0.02228695565690176,8452162.93802831,ok,15416.327643102853
2065,8452140.586804643,0.5587895760871449,4354.367030595855,9269.221327362422,0.23488310812807509,8451629.203173604,ok,8708.73406119171
2066,8451560.811060045,0.2919281946434648,13284.424939172295,299419.0168134811,0.02218366936166857,8451413.46241479,ok,26568.849878344554
2067,8451365.316158496,0.5146097427537649,5688.426622731689,26933.08196094983,0.10560296498891804,8451064.958799753,ok,11376.853245463379
2068,8450928.927585427,0.5736569650088205,4717.012140764598,26911.392112835285,0.08763969030265881,8450722.228843842,ok,9434.024281529195
2069,8450644.282250717,0.5129457753478726,3939.312167325126,15545.447222945691,0.12670308260770222,8450394.720753241,ok,7878.624334647236
2070,8450217.56316478,0.6326259424719718,3520.0946813344144,11336.396733604777,0.15525632897531302,8449944.304675845,ok,7040.189362668829
2071,8449891.464777188,0.3104153727082521,13966.161735144138,795563.1721827073,0.0087775315798157,8449830.170564348,ok,27932.32347027197
2072,8449819.215351924,0.4915149733406273,4642.458601258093,32339.06429839976,0.07177787456095037,8449652.602446357,ok,9284.917202512708
2073,8449713.186843937,0.6234811945797466,3570.0098634952415,4423.25665699726,0.4035499339437781,8448992.848221641,ok,7140.019726990482
2074,8449007.589247547,0.29526879525418037,15314.706541117706,232778.54852315196,0.032895442123599544,8448755.697226215,ok,30629.413082235405
2075,8448857.326136712,0.391610420200356,9124.437542812866,71932.9962500366,0.063423171690893,8448567.975752283,ok,18248.875085625732
2076,8448378.533140361,0.5871911932761955,5077.960195905598,34787.80172423611,0.07298478121955984,8448193.226233391,ok,10155.920391806874
2077,8448153.665372163,0.4506174187628961,6953.869891389157,176422.7963743799,0.01970796868175874,8448085.142047144,ok,13907.739782778313
2078,8448148.266599093,0.4899315963297789,6571.333363310221,174599.15847086423,0.018818342026564794,8448086.435799692,ok,13142.666726620442
2079,8448108.543339113,0.6177447462520573,3573.9229832344595,10248.70558325572,0.17435972544052372,8447796.969224062,ok,7147.845966468919
2080,8447469.65718863,0.39639200927134793,9039.599884183299,240882.11041706763,0.018763535134535256,8447384.849763615,ok,18079.199768366598
2081,8447419.306828301,0.43532538455928793,7598.2017944888785,196335.5759984889,0.019350038208427796,8447345.79408078,ok,15196.403588977757
2082,8447310.935382143,0.550734132322755,4850.417481947532,48950.03436590504,0.0495445768810938,8447190.779441223,ok,9700.834963890564
2083,8447239.246538565,0.5861920313421414,3272.347445644328,4287.158652512608,0.38164524698969077,8446614.808613999,ok,6544.694891288628
2084,8446753.619414102,0.18340343802515735,11567.015061985108,99450.82321763408,0.05815444602541062,8446417.282737555,ok,23134.030123964152
2085,8446457.968028963,0.4220735198570729,6926.881823747067,44950.36172932419,0.07705034572867729,8446191.10870929,ok,13853.763647494134
2086,8446167.808814956,0.4899432290546881,5716.17024740655,43017.29771029661,0.06644036877795706,8445977.91658534,ok,11432.3404948131
2087,8446006.748720113,0.5903857282959156,4754.937061229086,19120.212957629836,0.12434320349271134,8445711.126666812,ok,9509.874122458172
2088,8445630.62248034,0.21696805631101077,16023.42289799926,786189.3891129984,0.010190561663568971,8445548.978640787,ok,32046.84579598078
2089,8445543.299358662,0.4456990163609735,7365.166599118656,184893.08335759328,0.019917366473017336,8445469.951997519,ok,14730.333198237313
2090,8445511.72726098,0.4675199604746126,5206.375274707765,30334.514981899043,0.08581602965820402,8445288.332033489,ok,10412.75054941545
2091,8445443.80439794,0.2790349784623791,6124.4781156847,67793.0499761959,0.04517039812956624,8445305.48184053,ok,12248.956231369399
2092,8445319.765631922,0.6312439182596726,3011.0713451631696,5229.415906918265,0.287897482124119,8444886.325702537,ok,6022.142690326338
2093,8444980.42366422,0.37052903102009116,10909.992822797354,245901.0315113188,0.02218370690790528,8444859.411622645,ok,21819.98564559471
2094,8444848.85589532,0.5157908514177199,3911.483677750296,5873.368645125132,0.332984690225158,8444197.623804942,ok,7822.967355498131
2095,8444448.527899075,0.1880548813568935,25069.38499894829,469451.0524857506,0.02670074426950958,8444113.84228015,ok,50138.769997896576
2096,8444194.504920106,0.3324581083269426,9899.826829458314,101723.1589062191,0.04866063409702598,8443953.63899462,ok,19799.65365890815
2097,8443787.76714287,0.3757723159194929,5783.626215862749,52902.048582308205,0.05466353733791834,8443629.69040907,ok,11567.25243172131
2098,8443420.745661456,0.5154384237645584,3768.0767288994284,4835.991342591446,0.38958679430557486,8442686.7491947,ok,7536.153457798857
2099,8442477.132984394,0.3257721208581413,14024.102828034147,402410.4054792547,0.017425124496137222,8442354.947115531,ok,28048.205656054095
final,8442477.132984394,,,,,,noise_plateau,
