round,old_loss,beta,direction_gain,interaction,step,expected_loss,status
0,281189463.22586536,0.00044179616048361777,158564269.34748638,60566603.48415928,1.0000098311934678,183191429.37637624,ok
1,183947546.10898948,0.00036501949795824843,186083157.21038622,428282643.68173975,0.21724340217329247,163734877.0292235,ok
2,163653705.18921345,0.0007471839756800251,94747976.61440384,69111879.35159612,0.6854680953790013,131180347.65376867,ok
3,131314276.82872397,0.0005697780664825012,124808394.5944126,334539663.9269627,0.1865375141610428,119673552.99168783,ok
4,119447797.62924966,0.0008433422310137418,9971479.914861731,3050785.458889168,1.0004100687739605,112525516.75744842,ok
5,112562839.6253909,0.0011883043567737332,7214222.311649637,1808445.0323541278,1.0000899880071128,107156738.64398006,ok
6,107060214.28833702,0.0013714163316665155,5916859.976091318,1315946.6861526587,1.0000156421201731,102459249.61487797,ok
7,102519776.18259484,0.0015312452644946127,5535662.379778741,1154837.2571167615,1.0000255186846538,98138868.73771785,ok
8,98152762.53672588,0.0015932941496842336,4899675.646854183,1224089.8075466587,1.0000188556144867,94477130.47338948,ok
9,94531485.7488782,0.0016198587975023394,5158585.074385041,2467316.512367415,1.0000254492192677,91840211.48905374,ok
10,91861659.84047541,0.0011840297323467313,5978697.334215237,4873809.895478705,0.6133494599124091,90028144.45001508,ok
11,90002984.21334581,0.0019287332968602338,4124494.307514986,745049.120919918,1.0000103367802484,86623511.79565713,ok
12,86662986.56493297,0.0019139356910572508,3810357.0438327612,701386.9615422601,1.0000019537770672,83554011.77876446,ok
13,83607653.12802643,0.0020837013874096914,3851590.1211557374,1077410.8081934112,1.0000030549582095,80833468.63151728,ok
14,80804691.96740879,0.001712736312610535,4046471.5585979056,2131203.5496681016,0.949339531465231,78883954.26064543,ok
15,78936628.03800887,0.0015057922059396195,5137443.13042277,7180941.679301477,0.3577137484092833,78017761.01829734,ok
16,78026823.22978848,0.002341526733400646,2932051.2478484716,191236.5215191444,1.000000162091532,75286008.09019412,ok
17,75256492.71195269,0.0024345854305117946,2824707.398989596,86454.40003262348,1.000000406589413,72518238.63480249,ok
18,72498806.40475602,0.002410783745509019,2663200.9189675422,47079.19221125819,1.0000000550580592,69882684.53655323,ok
19,69958074.04786071,0.002594708359966994,2464500.1672029886,38929.556052360385,1.000001399948334,67532500.095536,ok
20,67540148.4694035,0.00268303503004267,2398611.775855161,42828.336446901696,1.0000016413748927,65184361.23356893,ok
21,65173919.16434114,0.002819455827982504,2267038.6639380786,34722.50294726339,1.000000053742934,62941602.8852452,ok
22,62986723.34259328,0.0028505323617809943,2196750.3987894324,31343.327941904354,1.0000008058462002,60821314.55201861,ok
23,60845679.97374305,0.002866552600075617,2110414.564871022,30244.985655055483,1.00000081537,58765508.723080084,ok
24,58798673.46228672,0.003105065996289591,2008237.6014581888,30540.14322987449,1.0000061268557305,56820964.074107595,ok
25,56766930.24545142,0.0032077380331220714,1933863.1725384123,28905.58884985502,1.0000007100084634,54861971.32975008,ok
26,54885905.39128595,0.003305290623384901,1813529.9459656111,24968.29226887861,1.0000002307328444,53097343.330670305,ok
27,53110114.3761807,0.003431687101375414,1758004.795817377,23339.432560085355,1.000000047355131,51375448.93188334,ok
28,51370061.79322675,0.003438409883472788,1732274.3932679095,30718.2440776152,1.0000004659177184,49668504.865563475,ok
29,49710760.98784149,0.003650467340711404,1665254.565988414,25110.29640703872,1.000001489586555,48070614.31252728,ok
30,48047582.66324479,0.0038255704532895746,1553755.9268661123,20975.17300232224,1.000000187240998,46514801.626309015,ok
31,46544775.533622496,0.003977054159057246,1504561.121464308,21239.938264602235,1.00000013444312,45061454.15385603,ok
32,45049409.161259755,0.004047425777570888,1482206.9077758552,25871.40692516751,1.000000483750556,43593072.96842127,ok
33,43589605.45922754,0.004076062869136006,1408781.3527453882,21492.794474271446,1.000000490209989,42202316.2314297,ok
34,42249300.489600904,0.004222534165147851,1354954.6087019392,18662.51995524756,1.0000000935584035,40913008.2775789,ok
35,40896782.75621486,0.004402507828600003,1292304.069989813,20170.14601869607,1.0000005297854493,39624648.16897155,ok
36,39600810.46760374,0.004688045934433779,1245732.300180836,16860.442007874713,1.000000000043208,38371938.60937841,ok
37,38374912.26015355,0.004815897535524659,1215831.5911259865,21238.190915599665,1.0000000153527473,37180318.84192893,ok
38,37157356.92898832,0.005061730805345351,1165706.33600903,18012.61759419899,1.0000001033999684,36009663.0937645,ok
39,36028620.09261307,0.0048746713741581,1205046.3915937683,21803.21274061994,1.0000004661849633,34845376.37231408,ok
40,34835814.08636734,0.005239416399612336,1126671.0764150159,19277.163182218825,1.000000050678648,33728420.117990255,ok
41,33739749.63828487,0.005560961249226141,1103414.2317353499,22009.74074559102,1.00000000066989,32658345.14658543,ok
42,32645770.865799464,0.0057891119555770225,1048908.3677624543,23596.266829854474,1.0000002782963011,31620458.486093055,ok
43,31634597.78769643,0.006067414745405723,983222.1837511611,16187.346953234623,1.0000000003030836,30667562.950610317,ok
44,30658003.068338387,0.006179930341366224,969776.0393127464,17764.035557041283,1.0000000019277024,29705991.06278173,ok
45,29691325.182815548,0.006282877473466046,930901.6509733901,15403.448451140075,1.0000001450004143,28775826.849779185,ok
46,28775342.073462896,0.006691973880762362,875500.6249958063,15108.866170954403,1.0000001871969515,27914950.156403664,ok
47,27906420.977326993,0.006702926951204277,849191.54870119,16158.560333712972,1.0000006097429874,27073387.490876067,ok
48,27070026.93636413,0.006990412324800787,820904.4216171876,11863.53444235766,1.0000003420018293,26260985.776553188,ok
49,26262450.793354575,0.00750337412714512,761611.2361243498,11775.90812901745,1.0000000379354137,25512615.43736065,ok
50,25501959.957164332,0.007702800579747675,755372.4654559728,14436.82726336183,1.0000000000019023,24761024.31897034,ok
51,24760336.2491545,0.00802466590394361,715120.4164493111,13511.764632128423,1.0000000000001055,24058727.597337246,ok
52,24046127.190154318,0.008337485900540242,699567.3403643172,17576.912599387993,1.0000000032562,23364136.760225926,ok
53,23366495.347212948,0.008573362212717414,666242.0883420298,13357.002838759146,1.0000000007773409,22713610.261212546,ok
54,22699883.719493262,0.008826540679918357,675624.0097763243,23362.045434220192,1.0000000635972592,22047621.715154845,ok
55,22060695.720807206,0.009478621967153114,659447.6454661591,73124.59648733721,1.000000007355033,21474372.668053795,ok
56,21468833.43019423,0.007125756249867598,847133.198382917,1544507.4533992996,0.2742405666345168,21352674.286024507,ok
57,21334762.776872113,0.008087699629908072,719764.1765188683,1064353.7226451356,0.33812263780602364,21213078.495890696,ok
58,21209425.74081301,0.006218634303514031,933666.79429508,2845421.543380089,0.16406475807903897,21132834.83244678,ok
59,21137561.126885243,0.009624366259694829,592348.7576174869,324540.0528998224,0.9125973085983481,20867273.185908593,ok
60,20851251.51336021,0.0032101332659525365,1543867.4229797274,4054760.6573609924,0.19037713362649386,20704292.986017108,ok
61,20696312.49795288,0.010472628112477187,519836.01836034766,12484.32488176287,1.000000000785048,20188960.8040858,ok
62,20191535.49950833,0.010810559607225103,546933.9819962735,20491.47646656804,1.0000000000244065,19665092.993966274,ok
63,19651819.55776135,0.010660394278805947,580997.1709739473,139219.04451867344,1.00000000308158,19210041.430373717,ok
64,19182598.466420565,0.005991398045732651,1130014.9562683492,4409089.0400576275,0.12814608029027008,19110194.97276298,ok
65,19114786.717447728,0.010789954077811937,524505.0199204067,93318.23973639775,1.0000000068578043,18683599.934946682,ok
66,18674322.84963133,0.0067253206930502065,987381.0512585929,4038794.3337546564,0.12223710464858906,18613975.54918597,ok
67,18611851.88773673,0.012503995339419566,462626.0992676117,20037.03724281855,1.00000000000461,18169262.82570999,ok
68,18173764.231202483,0.011277534795458274,483821.2375352845,35816.8851309115,1.0000000023789464,17725759.877817538,ok
69,17729972.262801383,0.012967273737426155,502388.3323968459,159752.3654563682,1.000000001841638,17387336.295524098,ok
70,17396892.18483186,0.004590994955869967,1034366.012703168,2307637.2537512835,0.22411798280290973,17280982.1727084,ok
71,17282890.453217596,0.01321187514677325,483295.3889603342,476205.34108211676,0.5074443178882729,17160267.703722835,ok
72,17175770.23697788,0.004906276482762647,825631.8645379641,1984132.9934463047,0.20805859971712315,17089880.33216908,ok
73,17095493.081453014,0.014405525745825832,432220.7053469453,146635.68347065835,1.0000000000523142,16809908.05956946,ok
74,16799342.24310468,0.005956213122632476,851013.4150164264,1766377.8644243067,0.24089223267462834,16696840.982314998,ok
75,16687453.649180632,0.013763261387158863,490286.9323696495,534134.5642385917,0.458954508091564,16574943.950245915,ok
76,16574615.92378531,0.008650878021072837,671015.2951051807,1492566.5932633695,0.22478571412953274,16499198.597634282,ok
77,16503526.236797031,0.01268464759441252,532756.444329028,2104988.871433178,0.12654614272765768,16469817.10027546,ok
78,16476796.83909269,0.010508808667957071,480051.4581233114,831074.7914094125,0.28881363210957,16407474.136482645,ok
79,16405672.145637648,0.008456001206475093,786038.6727241713,5015297.402950807,0.07836411378731964,16374873.533642352,ok
80,16367082.96411892,0.013909026767319253,421392.1117075478,251667.671538311,0.8371995281153938,16190688.325582366,ok
81,16154834.248446735,0.0038837818636577124,1746387.8394901543,9109986.897645108,0.09585018393064802,16071138.450632045,ok
82,16072472.373843133,0.014852790436121227,426975.3885666216,408732.8915332894,0.5223159151260114,15960964.353435403,ok
83,15946806.917220995,0.004882397034863794,833461.2829415569,2378466.6111167227,0.1752097925289427,15873791.627988447,ok
84,15867924.17013881,0.015308260875842078,343886.86255277717,15874.008113835556,1.000000000043103,15539911.315686414,ok
85,15538182.035309678,0.015553308049623295,384708.3404848096,73880.70405929565,1.0000000000234126,15227354.398878615,ok
86,15215949.141731855,0.010662005938626366,673954.4284473752,1752955.5459191238,0.19223374774572563,15151170.748936722,ok
87,15132015.69109163,0.014719382630888215,384128.3380220798,553935.3234460531,0.3467267041505879,15065421.914785013,ok
88,15066755.100381278,0.00704734957566361,916987.1525369338,7087951.206067227,0.06468633360173251,15037096.831952525,ok
89,15040431.415614046,0.015808007537978733,362440.51259628264,301899.4313077599,0.6002669680864792,14931650.881810106,ok
90,14952713.00395156,0.0039040839005833688,1777708.5555017814,9768761.462482283,0.09098945461659672,14871836.637985379,ok
91,14867630.148621641,0.017623816666219726,341135.09072565654,72583.07792971728,1.0000000000003928,14599078.135825625,ok
92,14585421.855707422,0.007304453522253885,624687.1737087263,2224855.7056802264,0.14038824453061208,14541572.487858543,ok
93,14544274.498357443,0.016926034197917866,372958.3890366984,238304.98344652535,0.782523268382234,14398350.189577658,ok
94,14381187.022648524,0.004711274249879241,888177.6275825712,2222507.0722787553,0.19981435349762808,14292451.70342529,ok
95,14289905.329221891,0.017447491709123197,327859.7021211429,137841.67920050395,1.000000000458516,14099887.306277327,ok
96,14098832.881788036,0.005253964688084627,1373737.5448282398,8068218.91881373,0.08513263947417905,14040357.930220034,ok
97,14036328.065042889,0.014812670310146388,455616.01952605875,779015.9741300996,0.2924304729661221,13969710.061002415,ok
98,13971722.394548897,0.009487164752767521,588182.9365142351,2466929.6608406287,0.11921356045348419,13936662.703518972,ok
99,13934732.845755037,0.017395460632561238,307232.87667913723,109045.62142145101,1.0000000000056442,13736545.590496847,ok
100,13738455.740589492,0.0052363152282787736,1023289.4653177329,4607227.129706884,0.11105263931092925,13681636.242638191,ok
101,13682735.05592262,0.015839973982477783,389611.23134989943,714162.7219589022,0.2727748308405268,13629596.9870601,ok
102,13621112.530363714,0.013910060848040985,376546.9038719987,510283.11886372016,0.36895880928853736,13551647.381716765,ok
103,13549956.521669932,0.011795679871287776,623674.837314341,4086668.6841715327,0.07630601909691818,13526161.449646743,ok
104,13518740.930085119,0.01987994032305452,287887.631759465,86041.85774175932,1.0000000000047238,13316895.156066867,ok
105,13308958.826430462,0.011969615411938563,557924.6235198244,986848.3163077153,0.2826800301019384,13230101.751744863,ok
106,13234207.667360676,0.011587639188057202,423785.0814071245,1925626.887235742,0.110038212546843,13210891.390929649,ok
107,13207726.137299342,0.01834833776305643,348578.6319077101,1109559.6329531553,0.15707971953699706,13180348.820431015,ok
108,13178178.719036616,0.014331192407814261,341436.3194574534,928665.701176164,0.18383166247284735,13146795.31591938,ok
109,13142904.384630743,0.020237223567900198,309538.7752234015,362268.2781360577,0.4272231297976737,13076783.322458403,ok
110,13073206.683405433,0.006103197675288611,569668.59071482,1482601.003797206,0.1921179701267559,13018484.896758882,ok
111,13018410.528800698,0.0212395578270891,247100.46712390822,17702.12332567136,1.0000000000004583,12789012.185002364,ok
112,12789762.09578517,0.01333793250554304,348597.6757282921,706615.9741986651,0.24666699342851528,12746768.325491138,ok
113,12748141.472390778,0.012104740571835613,552134.7200877494,5031522.631479303,0.054867558046282495,12732994.330488887,ok
114,12730622.118029734,0.02141040337365274,253320.1416623689,20600.32125669535,1.0000000000064933,12497902.297622684,ok
115,12493451.985688739,0.020058925569470216,352953.83290522697,607350.0280246394,0.2905687137721743,12442173.315064622,ok
116,12449324.685102448,0.010776762385534211,557401.1730116695,2893785.511142844,0.09631003591408799,12422483.021606794,ok
117,12418687.327842504,0.01882117048246603,279351.3470295097,198667.8172991265,0.7030613987390346,12320486.753451403,ok
118,12321307.162385298,0.007687826649093284,1034134.2395859931,6703276.188492319,0.07713647852980586,12281422.425600918,ok
119,12281960.31596087,0.017966655414263864,354973.90270956093,1063017.5494495814,0.16696521280074936,12252326.16935856,ok
120,12244149.526067633,0.01951962269602214,289440.62757601775,781674.6017848188,0.1851413791078347,12217355.807588004,ok
121,12215766.185161818,0.015266372076223599,354165.60670670425,1455347.1979130902,0.12167735891976965,12194219.217339674,ok
122,12194003.393816609,0.02001318117214372,284056.3526338254,797702.6891204313,0.1780465056141616,12168715.77332463,ok
123,12164022.488141533,0.016567360555220418,324860.49223541655,1064723.2699351506,0.15255630331776393,12139242.73024682,ok
124,12128123.34205597,0.023004766866480363,236768.0736390194,67375.18861462252,1.0000000002593135,11958730.457005119,ok
125,11957692.723213874,0.006658283122952857,986208.6915799852,7256325.1765180575,0.06795510589653707,11924183.76517767,ok
126,11922881.020605719,0.020787709491361064,248256.32650263666,95067.84332506961,1.0000000002445941,11769692.537413936,ok
127,11764243.712531097,0.005397544590626528,869423.8259451389,3877988.004925618,0.11209728148215546,11715513.688858964,ok
128,11714631.35972037,0.025784060468401176,238611.93473080377,100219.29126634203,1.0000000000000027,11576238.716255909,ok
129,11562105.961154925,0.010612888915298137,674024.1036848009,3377229.760495945,0.09978949486484164,11528475.698738208,ok
130,11527546.521703698,0.018025248226216355,342854.90591040964,886895.3730795112,0.19328937567908153,11494411.41634773,ok
131,11488417.595918205,0.018958849737000422,329593.0860203903,1509858.143316471,0.10914703724961351,11470430.541499663,ok
132,11469087.633222658,0.01937536831689508,294618.081617728,1284330.5945068942,0.11469713595464244,11452191.708141655,ok
133,11459842.700500038,0.015194654040238821,363893.320721325,1945768.1410968453,0.09350891122006844,11442829.066389583,ok
134,11444415.891581252,0.02353633545217679,214062.08865425034,23630.612800633375,1.0000000000000135,11253984.415727632,ok
135,11254314.479426902,0.016378876264606886,403795.2744915315,2949342.218190483,0.06845514094652484,11240493.548212472,ok
136,11239900.81816306,0.02311072141248062,255904.82742421006,769755.819024259,0.16622467872252952,11218631.969301993,ok
137,11219451.28932432,0.01280672258545493,481835.0979814773,3853255.7715507876,0.06252311377030094,11204388.373999512,ok
138,11205634.512846291,0.024302476495972385,201690.2098972461,23207.545986379886,1.0000000000003713,11027151.848935368,ok
139,11022563.81305996,0.015256385716455932,403576.7045392026,3006673.697129925,0.0671134857308334,11009021.093359265,ok
140,11008697.890754709,0.027474118398411816,193694.4224866667,34170.79642739004,1.0000000000041054,10849174.264694918,ok
141,10852268.69379841,0.015626952521149845,449715.5185086987,2723799.7450495646,0.0825529702258848,10833706.017893627,ok
142,10832954.180025574,0.023261827723557067,251944.7354807381,352368.9073395713,0.3575013717625541,10787918.885754215,ok
143,10794830.849789217,0.011856241760882956,499272.54274869733,2645347.699371718,0.0943680376812615,10771273.164725553,ok
144,10768336.190364555,0.027171329156609417,185379.56560054558,54298.67339367824,1.000000000076087,10637255.298151845,ok
145,10628262.44111772,0.00778115100341204,619084.8096437627,3662745.8610051326,0.0845110243976732,10602102.695391705,ok
146,10602594.804361608,0.02727272538830188,189806.28328313062,118989.79175450924,0.7975738106791742,10526902.54403712,ok
147,10518730.808233699,0.0072722999776045506,982089.630377332,9087601.760403667,0.054034587797215934,10492197.404055018,ok
148,10491008.400933642,0.026846868291529595,234257.71562684717,293504.5886592858,0.3990699373678017,10444265.794982076,ok
149,10448220.999614982,0.012060883211486923,393644.3794624576,1036884.3857335458,0.18982076732883443,10410860.060532859,ok
150,10409315.629702974,0.022760211565436523,239044.25489600952,1003914.7898543595,0.11905604803904138,10395085.797555795,ok
151,10401628.242758963,0.022326696272863603,231939.38215326337,805028.1561353989,0.1440566894372407,10384922.032987405,ok
152,10379046.119490579,0.022493389722923158,211139.19183943816,547525.5238596759,0.19281219106559,10358691.014391389,ok
153,10354636.045839908,0.019136279421697946,271673.32695047295,1753437.9583735662,0.07746875948849327,10344112.948027426,ok
154,10343681.983934645,0.027800717857553912,174806.896189596,124189.19972380933,0.7037926670691088,10282168.078088969,ok
155,10263418.322281333,0.007869781407980666,558852.652896031,3000634.399466986,0.09312241654553154,10237397.467516052,ok
156,10236436.27616018,0.029842888125723763,172780.28772301605,56888.45461321998,1.0000000000000038,10120544.443050385,ok
157,10127475.832497217,0.00819914804027121,899740.7366043911,8108431.919637621,0.05548179632768021,10102516.216349216,ok
158,10104131.278888632,0.026684874283143468,237447.7825656467,284089.36725559947,0.41791036542386917,10054515.334098082,ok
159,10074682.337910125,0.007937455220708897,644837.4253983109,2481149.672920911,0.12994730475876165,10032784.895191079,ok
160,10033719.250318734,0.02824904995496635,218627.84886715142,689727.8132468555,0.15848849696083223,10016394.250738366,ok
161,10015845.873338986,0.015066318526608592,277210.91471937054,1339644.614837655,0.10346434854775435,10001505.149988102,ok
162,10007901.26201808,0.018502254324551225,350076.3461145187,4127801.7343096137,0.042404694877268605,10000478.821697712,ok
163,10002654.166447448,0.029555812912509062,172752.70162700408,66807.3264477013,1.0000000000105236,9896708.791267732,ok
164,9886492.346447747,0.006307087334154817,1165255.7411958105,10721786.04370562,0.05434056119222276,9854832.020993227,ok
165,9851912.83831414,0.03002068220813633,212691.84534046432,186936.29902861765,0.5688885637665904,9791413.859103838,ok
166,9796305.707532316,0.010236850478706008,610854.1395198666,3191096.627934656,0.09571225988152293,9767072.592456602,ok
167,9767278.380954305,0.026282821243382555,234953.16978887218,899087.1489305397,0.13066206655736765,9751928.647599895,ok
168,9751013.188595496,0.02952455717496905,169030.63145651977,105810.12494521649,0.7987450706822049,9683506.996760398,ok
169,9680622.718564829,0.010124238064385834,695375.6405260126,4555155.301961824,0.07632842289993129,9654084.25558264,ok
170,9652019.927020991,0.03139775068666626,218208.8847503346,624574.3273132825,0.17468608235067787,9632960.899415417,ok
171,9631840.82305007,0.022357010198274956,215073.3738492162,437043.06915956916,0.2460551247990282,9605380.870128363,ok
172,9606872.849033987,0.033475266736511966,206382.85485878642,861949.1542676847,0.11971869444789356,9594518.906063925,ok
173,9596059.861972105,0.025019607638510577,196351.86583328893,478691.4674269106,0.20509229764291662,9575924.734316994,ok
174,9579939.902753089,0.01341299302763032,494088.93530726235,7505954.9472241355,0.03291312956054893,9571808.896181988,ok
175,9573003.53764454,0.034385587776942894,155911.1404936144,148653.9457014125,0.5244096944684494,9532122.8808693,ok
176,9524060.64574711,0.007533071601909123,433608.1134532522,1665920.8487889427,0.13014067077930738,9495845.620377032,ok
177,9495261.175499741,0.035816951403867626,158433.2028357237,68372.96313313782,1.0000000000008507,9405200.935797138,ok
178,9403165.568944378,0.011020023630057494,548618.2626313643,1738177.994145576,0.1578141779723327,9359875.698875489,ok
179,9357411.075414672,0.031192765970317657,219801.33819206746,398667.51283781964,0.27566998954525296,9327114.759113953,ok
180,9322122.911482755,0.020466104441380077,244801.39452601987,1026015.0637618527,0.11929717368303691,9307520.854242444,ok
181,9304465.814666674,0.022814653997841487,279369.9918297573,3634825.819404372,0.03842962575240219,9299097.772550438,ok
182,9300994.690968182,0.029275654917756914,164731.63774847414,454172.432263667,0.1813536292013869,9286057.350793196,ok
183,9290116.261920385,0.016083211149813252,401467.10469292727,5882940.796693193,0.03412129397244592,9283266.973370638,ok
184,9282842.3595456,0.03558997974047254,141614.22958902863,33988.57155497327,1.0000000000003488,9175216.701511517,ok
185,9171893.765816038,0.010088767169159735,704641.8981591514,8648372.520099139,0.04073841040736494,9157540.770397322,ok
186,9157795.48994679,0.03135826781128019,196721.28803595452,396292.6109688499,0.24820206406954376,9133382.175078318,ok
187,9135551.089448363,0.01626363795563285,306309.09316278505,2071083.2280574725,0.07394900625265577,9124225.462925592,ok
188,9125306.504960189,0.03503183409304312,144623.3057433979,68792.37220701262,1.0000000000263214,9049475.571423618,ok
189,9058457.808444137,0.0063050230332626885,1274888.4982324906,12460289.32900559,0.051158061605550004,9025847.396277744,ok
190,9025200.191301508,0.016980724075157896,410370.7802172269,4267962.616379337,0.04807572337235686,9015335.755246598,ok
191,9015521.84458734,0.03598633108126981,184267.27529207262,551345.6479917456,0.167106855711348,9000125.68209506,ok
192,9004622.054099318,0.019474738640442458,256282.89000559045,1135175.9844871915,0.11288244884838917,8990157.13398843,ok
193,8990064.586052548,0.03689678656097635,140583.05776830745,200760.94745401473,0.35012550884805094,8965453.728734275,ok
194,8967977.403671876,0.00946108667367127,302818.5501863789,1158631.567208033,0.13067939747062304,8948191.330831233,ok
195,8946874.37403026,0.03956103291864997,117352.02171916224,17890.150526670408,1.0000000000004663,8847412.50283773,ok
196,8844093.226149054,0.028256035401282593,179275.7995388845,276710.73298072413,0.32394081286209625,8815055.852034489,ok
197,8813958.553845285,0.019270593418829966,297308.41025385854,2294112.2323522014,0.06479813979044564,8804326.037881033,ok
198,8806082.376098122,0.03956596648018895,132313.09058016294,154499.1974569793,0.42819992840741405,8777754.148141228,ok
199,8769537.901751846,0.016136514542596063,415014.1801077495,6130601.094697061,0.033847756010967234,8762514.252397155,ok
200,8763515.241505882,0.03369869589753206,153517.9772063696,192018.61008932375,0.39974765241492916,8732831.016010014,ok
201,8733155.724572849,0.012235746281355644,396374.3245114016,3030173.521459827,0.06540455879906885,8720193.380665876,ok
202,8719091.567552272,0.03389939850774288,131778.47087561397,137510.16113444656,0.4791590300980427,8687520.145405991,ok
203,8685690.289249152,0.00849654476471743,844973.0388281861,11374660.994686637,0.037142778990199896,8669997.965832217,ok
204,8669606.027586363,0.04078481772024795,135330.29458940792,55018.42695447982,1.000000000000173,8589294.15995143,ok
205,8594514.19319368,0.010763024323628804,536819.5545944094,2237686.21403352,0.11994969429309985,8562318.5224616,ok
206,8559656.48680155,0.030174075418464914,240582.4585442685,1133791.6438083518,0.10609641544727016,8546894.018566031,ok
207,8548918.501537576,0.0167674796068908,266885.3540036473,1970400.3170102597,0.06772363760289063,8539881.278039545,ok
208,8539218.800669437,0.037992543948869896,156721.29028364035,328071.0810126113,0.23885264406711892,8520502.153386507,ok
209,8518216.75813175,0.019666127644068658,229224.17144967735,1559687.3987616405,0.07348401084463355,8509794.60238142,ok
210,8509194.6631068,0.03941779714780494,136107.22134548007,208542.75833090465,0.326329291975491,8486986.77651959,ok
211,8490685.933637101,0.017382082382720227,265245.1240374071,1166100.9214716626,0.1137316329802132,8475602.553088695,ok
212,8476915.289450884,0.03712469881936116,176700.84130850312,905558.5435689754,0.0975645597755017,8468295.419553772,ok
213,8467215.10942093,0.035413356917825684,136183.62081668165,314223.9593095142,0.21669834012011036,8452459.727129668,ok
214,8455162.658418214,0.015633016099000446,297285.9862290061,2326781.2139011407,0.06388352812307797,8445666.819587285,ok
215,8444474.691206593,0.04026201166596297,108310.22089906747,11907.312795525513,1.0000000000011144,8348071.7831029575,ok
216,8347266.573018413,0.03120308471064038,224659.5775704635,1147357.377563941,0.09790305181436089,8336269.143886676,ok
217,8333619.098211923,0.036560997815375175,145139.6798805885,349326.16155031737,0.207742356364687,8318543.268661718,ok
218,8318209.229389418,0.01759425567776193,284882.81991846516,2344750.7318718154,0.06074906301256234,8309556.047200206,ok
219,8309731.677912051,0.04862504843826672,104416.12001341683,16882.343858163094,1.0000000000000775,8222197.901756791,ok
220,8225556.146743255,0.026278273555179938,192447.00126576578,842373.931388458,0.11422896299067657,8214564.6360506285,ok
221,8210302.960599029,0.0336637036386492,201259.22307256435,2703509.1184047265,0.03722185024316145,8206557.340268399,ok
222,8210452.227969134,0.024622647979146636,183490.69417596958,1403462.2499273939,0.06537072663887547,8204454.767964257,ok
223,8204017.742595094,0.04018857285092887,143652.48769314314,498918.9267796189,0.1439637584210119,8193677.366577678,ok
224,8190725.909884377,0.028478906635011403,147401.59823091695,617994.652381883,0.11925798844925259,8181936.500834766,ok
225,8182183.903335515,0.03827959255458922,153101.28342550335,1143706.5775463954,0.06693206388388226,8177060.210894045,ok
226,8175924.771364458,0.03280299500749638,134154.2787897127,632284.0374294898,0.10608703592700863,8168808.756467595,ok
227,8168636.451978801,0.042759817706005204,134560.27498391538,770386.5664592965,0.0873329577917977,8162760.6785709895,ok
228,8161424.977678454,0.04098804403530876,110551.44375959791,201430.36199495074,0.2744160380409015,8146256.433080348,ok
229,8145574.983318498,0.016214311589864822,395185.71677275863,7398339.506527607,0.026707730594418076,8140297.726489333,ok
230,8140733.969220031,0.04488633113933588,102487.64751300949,19980.525063159574,1.0000000000000002,8058226.846770181,ok
231,8058426.885532351,0.01658033064456283,443876.039394227,6115421.785860206,0.03629153106172795,8050372.414996735,ok
232,8049388.671147788,0.03006894630353835,221493.72815337853,2001954.5792140656,0.05531936899395922,8043262.224509006,ok
233,8042459.791202422,0.03142681836384585,162331.00943961504,777660.163750842,0.1043714317682505,8033988.431264623,ok
234,8035145.386971407,0.028288666597640056,199589.6827623291,1778133.7927149564,0.056123359102687134,8029544.565251975,ok
235,8029121.573467383,0.04534996701781682,105756.14606030702,47691.21446287196,1.0000000000000862,7971056.641869947,ok
236,7964289.810774522,0.011257957213602496,544646.2062947813,3384626.5051510427,0.0804588343006071,7942379.0113421595,ok
237,7939318.284428297,0.046010105333549274,146711.0166431126,320761.01589384855,0.22869209376064673,7922542.4596413635,ok
238,7920759.355854481,0.03162038529767453,172749.30183515706,959745.0667112854,0.08999749403615546,7912985.853723652,ok
239,7912926.015388082,0.02516474059907662,207839.5935016045,1931443.1108371671,0.05380422346778784,7907334.691420975,ok
240,7908773.783528719,0.05217928667059195,101178.1315477073,51434.06630921013,0.9835711893693855,7859015.835936444,ok
241,7850381.132239843,0.019569920966809335,299949.13452339586,1168941.5123969137,0.128299462095563,7831139.475932152,ok
242,7831909.964316657,0.036771217492574323,163662.4238946592,399827.9764933632,0.20466604829661772,7815161.893540074,ok
243,7814786.036897512,0.04161824825524445,125721.04726232198,232645.92471593467,0.27019825818103177,7797801.232904025,ok
244,7802331.409298914,0.013847270464711316,486272.08937150403,8767443.22763392,0.027731693080077967,7795588.835130984,ok
245,7796249.063421169,0.04538985114363342,119418.389480474,360085.513549841,0.16581948590934467,7786348.115445282,ok
246,7782021.683665576,0.01989239621939315,172478.78422288218,1183728.4971647616,0.07285403056359599,7775738.796356903,ok
247,7774795.7009084225,0.04995118376571893,102258.20244256842,156752.73382022334,0.3261767752001262,7758118.5755531825,ok
248,7757645.883837169,0.011826251451800919,230061.54489509106,1097140.641806537,0.10484596784067483,7745585.371168446,ok
249,7746399.07751578,0.04964688998151235,82654.80737506955,7392.204952909632,1.0000000000004967,7671136.475093586,ok
250,7673472.3682215335,0.039950814054766234,146820.8896411456,537190.377802908,0.1366562914265502,7663440.369080381,ok
251,7661182.528692792,0.03588495752150688,144151.52787384565,1082618.1242123272,0.06657542703653006,7656384.053929708,ok
252,7658979.403534882,0.03762087827376189,136025.29278133216,1028543.7882002913,0.06612518316762395,7654482.054834585,ok
253,7652478.322773165,0.04152257660748282,116964.14460363875,460231.9807514369,0.12707085719322164,7645046.955715337,ok
254,7643227.315156721,0.028617004014184252,205570.57591805462,2897444.1675551776,0.035474467156257954,7639581.061834872,ok
255,7640820.018412737,0.04603160937664873,94359.78805004995,17200.016383692782,1.000000000001413,7563660.246746295,ok
256,7564994.521689223,0.015205881703406681,449870.9859323828,8264725.961287091,0.027216328045214646,7558872.603523644,ok
257,7559189.730234018,0.04269371818161239,155068.09730430128,364461.85231529217,0.21273570377696685,7542695.469827324,ok
258,7539547.7113069715,0.03497130645163379,190417.93262719054,1081934.9597318769,0.08799878907433566,7531169.437562356,ok
259,7531650.425998401,0.04567255755102228,121089.65792078243,348523.0761885867,0.17371827892288616,7521132.682513721,ok
260,7522263.16627125,0.028275902422009083,185689.62852713175,1288307.8456374416,0.07206725828610258,7515572.095061192,ok
261,7516269.058017988,0.04969039810459001,85792.48746862938,20120.565729697708,1.0000000000000002,7450597.136279057,ok
262,7447885.410426959,0.02231952973673666,284689.780930674,3111638.4722083784,0.045745960443891995,7441373.706698341,ok
263,7442097.281862723,0.04271350061151514,163343.24088245715,1178147.1897905024,0.06932208568587375,7436435.634792391,ok
264,7436800.279682508,0.04624392444193438,117152.67383881268,253433.52004177764,0.23113097631974744,7423261.473741091,ok
265,7422546.632346664,0.02581549429618619,287417.1682759423,4120939.9555140557,0.034872768273578165,7417535.116193096,ok
266,7417546.913013757,0.052171519775257885,107241.8109953611,365458.82712557545,0.146722151765829,7409679.538379505,ok
267,7409768.4656295525,0.033572221325780666,106162.94829755001,329887.57321435626,0.16090777118871166,7401227.243932862,ok
268,7402225.154737842,0.040246154284364705,130706.95128677414,1125744.1969382882,0.058053575422489755,7398431.151810457,ok
269,7398620.802454794,0.043305025511164386,87969.1210698995,93436.19625728617,0.4707443399540125,7377915.319537601,ok
270,7379030.212598231,0.013676593194254832,486630.5782610302,6267723.259951778,0.03882036252066227,7369584.624867364,ok
271,7368820.211602954,0.058478050980340805,99298.55835238364,139231.60931235657,0.35659488115810734,7351115.5327955345,ok
272,7354292.896156877,0.023491955685233323,240065.04785888034,1162915.8928364783,0.10321685744329093,7341903.516245893,ok
273,7340428.045441402,0.05681495373102105,100236.59885108557,190377.77995721583,0.26325708513255075,7327234.048022833,ok
274,7326781.1123740915,0.03328913437442609,175150.12914707576,979953.4803759275,0.0893665529305968,7318954.83073048,ok
275,7320734.317647422,0.05484113634566107,100065.95955744397,314415.9911518548,0.1591298826609533,7312772.575446055,ok
276,7316492.253475963,0.02000545069173925,203081.18056816107,1333733.199636669,0.07613261056389829,7308761.703259436,ok
277,7307435.411505483,0.05293158874877588,76438.27255883015,14247.605404259984,1.0,7245244.744350913,ok
278,7246674.241900973,0.02452885312012877,279183.5027762421,2331364.153550193,0.0598755673477913,7238316.106589538,ok
279,7237123.14395706,0.055212111668633136,110230.74693700293,243499.09211179038,0.2263473468853757,7224647.925399868,ok
280,7226644.175319361,0.03338885476207925,156061.19421586662,1520371.921420676,0.05132336108589762,7222639.382808242,ok
281,7221964.3082543,0.0510864076413853,94203.7373220111,232824.0207030524,0.2023067401669867,7212435.282749718,ok
282,7209134.7817682475,0.03287318753668146,143010.20922216913,1427162.5262264058,0.05010298637825988,7205552.162485942,ok
283,7205216.665080778,0.06009186951821191,69387.10058300741,10457.689319242787,1.0,7146287.253817013,ok
284,7146486.969289331,0.03096795067060286,206316.0229560588,1344000.9288778305,0.07675441977868339,7138569.135972812,ok
285,7137565.103365991,0.056553754547662774,108318.57119964046,287551.00599437015,0.18834670883008697,7127364.380170676,ok
286,7128913.057383553,0.01744204807213966,175367.6284298801,1235703.7190061698,0.07095860671639061,7122691.136095283,ok
287,7121326.4943020325,0.05595607813437232,77267.18890774681,16849.196587231483,1.0000000000001128,7060908.501981513,ok
288,7061782.123478921,0.03406154729774149,167950.7564328187,497457.679528404,0.16880909004363756,7047606.316296139,ok
289,7048022.654216213,0.0588628616737709,88825.98650756323,81576.80184553709,0.544431655188887,7023842.814787163,ok
290,7022059.200900691,0.02747170234058482,216190.45239126164,1412119.7802014332,0.0765481991762848,7013784.705995861,ok
291,7014103.410330569,0.057049917579493056,106846.43181441465,214878.12211209768,0.2486210107483045,7000821.276394295,ok
292,6997999.258049697,0.039586464676039025,129849.34271301486,1098749.1320475384,0.059089622428660456,6994162.883732936,ok
293,6994500.8183996435,0.04853581944248995,108220.38239067886,655914.5860908631,0.08249578884626847,6990036.955492361,ok
294,6991460.129924422,0.03146359232137019,144959.24484739752,2047103.7006154903,0.03540593590930775,6988893.921058158,ok
295,6989114.351481511,0.062027183776347715,75348.37238629165,98611.44810928604,0.3820467797145971,6974721.049968052,ok
296,6973805.68258411,0.014409751582282675,296711.2463773695,2791971.1103950497,0.053136518009204325,6965922.581340777,ok
297,6965336.849896258,0.05641574563838941,96361.69642964182,258283.5268984305,0.18654247444037705,6956349.075249628,ok
298,6961819.7379384935,0.020674604832497695,274084.69309624285,2129929.7037528222,0.0643412532848667,6953002.261608489,ok
299,6954475.632874324,0.04469019644224406,123535.35848214485,1314725.82473704,0.04698141473978169,6951573.699918385,ok
300,6952317.766035237,0.05693793389268269,92719.07993567226,410926.9941041137,0.11281697389802124,6947087.623024762,ok
301,6948342.761514635,0.04050387400291049,130559.06927787533,1313282.8501821293,0.04970714011066583,6945097.902539979,ok
302,6944369.657398723,0.05635309359535693,81523.05658458124,216264.10802222652,0.18848032003582102,6936686.9115010435,ok
303,6935587.610711148,0.040907823913131074,115145.6871623192,981876.6976155852,0.058635512708439856,6932211.797509683,ok
304,6933522.521783766,0.06020943765784206,72901.6971186258,128922.7924001039,0.2827339361855423,6923216.629893288,ok
305,6925063.770684723,0.025097903897661453,256149.65664655558,2607910.0887379935,0.04911013952373454,6918773.997996288,ok
306,6917917.463852118,0.06762859924814432,77601.41391863028,187726.08452170843,0.2066878828169895,6909897.827878894,ok
307,6909001.355093309,0.02843222044878131,207252.7921225427,1757149.2626052375,0.05897415675867494,6902890.075767655,ok
308,6903814.494842815,0.059604084295485145,75090.47583108635,183114.64135006064,0.20503678809477538,6896116.339852358,ok
309,6899824.830334457,0.0256837244284938,202803.4322246567,1686451.7527084253,0.06012725590843507,6893727.823400216,ok
310,6892771.001333838,0.057207950991329304,78080.81735136759,303398.19206391723,0.12867713024294855,6887747.393581939,ok
311,6888938.538851172,0.0416804013327056,147928.41717458732,1975969.716573936,0.03743185331581781,6886169.921444712,ok
312,6887130.531085532,0.03993468706751728,95172.19443771563,826870.9246800769,0.05754960756090108,6884391.969865232,ok
313,6884391.938355567,0.02933797954021055,205127.73099222622,5398011.838906499,0.019000303918727597,6882443.1937400615,ok
314,6881640.232487134,0.06504932049880047,66789.7676825051,43754.7815952965,0.7632282146928232,6856152.3149131,ok
315,6863824.59885792,0.011374456095664492,425679.9391062679,2503405.5970246056,0.08502017004599753,6845728.908453927,ok
316,6845876.945610318,0.04854148705359784,137719.05269162715,1222960.441228171,0.05630560402809159,6841999.7683863295,ok
317,6841464.427138114,0.057409075586804574,87062.1461721022,306743.72835416585,0.1419134901946233,6835286.780624555,ok
318,6835272.596730489,0.03053399182488274,151657.50644485938,1632883.7152737204,0.04643855071438355,6831751.219328362,ok
319,6831152.990145826,0.06398952220736258,62147.968912745266,14438.293339740487,1.0,6783443.314572821,ok
320,6786316.74714713,0.017282814785620257,313584.7502977563,2779242.4049568805,0.056415509085941264,6777471.225482312,ok
321,6777625.3838014575,0.05526793899708722,103437.84087720669,426204.6071501999,0.12134763343930006,6771349.415202198,ok
322,6769730.6251549665,0.05989409366653064,106896.918332187,1558647.9165069554,0.03429155398088583,6767897.794432278,ok
323,6768128.021477793,0.05398712957291154,84761.72658542066,753415.2865458679,0.056251663656853856,6765744.027410365,ok
324,6766078.282694817,0.06038877462286273,94573.77391444685,950077.7206632063,0.049771598605864144,6763724.738737861,ok
325,6762900.745114137,0.055047679749765176,77429.61652755886,437197.96115807275,0.08855212444547918,6759472.46659488,ok
326,6758239.092311476,0.04437572096270758,127601.59256237367,3103757.828176034,0.020555984008159636,6756927.604163413,ok
327,6755275.445320797,0.0624269523180893,62971.897863722494,15090.833615684052,1.0000000000000002,6707394.381072759,ok
328,6703446.216262937,0.022752395370733453,322352.0680049139,7824273.404368879,0.02059948900973479,6700126.07232187,ok
329,6699840.354315635,0.055673906020437196,113934.80398871785,723393.0943546054,0.07875027068814353,6695354.155988178,ok
330,6694804.504742842,0.047635744486242006,99956.2394710757,1229386.655950571,0.040652889384824496,6692772.749769571,ok
331,6693525.240275497,0.04478122231903115,100078.69693652794,933760.8702631294,0.05358903983004034,6690843.679637362,ok
332,6691298.368369446,0.06697199666640918,69488.85268866383,161704.278379161,0.2148639893303495,6683833.0423181085,ok
333,6684199.574569252,0.02404896902209813,241203.84529688774,4565755.460092541,0.02641445073056967,6681013.941025442,ok
334,6682246.550143134,0.04126223310790977,86595.70653523767,442807.4720094253,0.09778031312601072,6678012.872492942,ok
335,6678955.92302279,0.05059933629370457,90549.8982439214,788387.8596674373,0.057427253054174204,6676355.907062548,ok
336,6675819.400261642,0.04813739555598175,74933.84158711605,333770.5871694308,0.11225351254374857,6671613.606798367,ok
337,6669884.858101921,0.03879566725337976,103244.17396525927,1153189.312529089,0.04476462487275044,6667574.014742995,ok
338,6667833.422444936,0.06586324517638749,55677.691324102285,12601.332617157537,1.000000000000009,6624757.063737991,ok
339,6624110.533415142,0.021606622446728938,308211.8348519538,7593524.679635716,0.020294385536041983,6620983.048513514,ok
340,6621242.833879509,0.059009382926975835,104081.49879590457,279461.0202578864,0.18621827598685903,6611551.895245558,ok
341,6612174.734400135,0.02940415813283023,164161.21800993304,2350339.888709734,0.034922867709157715,6609308.2441503685,ok
342,6608719.159891393,0.06069578652705789,76680.17815513175,214573.07673847585,0.1786808003144552,6601868.522090887,ok
343,6601000.500873478,0.025555369016915713,236497.46176753397,5234093.31474595,0.022592018096166958,6598329.0234055035,ok
344,6597760.105587456,0.06166962864377119,71825.40074025055,54498.77404489604,0.6589634537566006,6574094.948517833,ok
345,6576142.92577144,0.009909652100022062,453365.406020127,3708866.0295807044,0.061119140244515785,6562288.273855162,ok
346,6562190.063564496,0.04624953096337736,117956.12712321541,661714.9242978307,0.0891291119422634,6556933.4011351755,ok
347,6554998.102907801,0.04702910642539486,107834.14418569946,1272368.2740132106,0.04237536662462391,6552713.34721054,ok
348,6551625.229398894,0.06947995357105798,69826.92325022328,70349.72297946707,0.4962842801143909,6534298.227229974,ok
349,6534954.121469563,0.014337369383331968,465382.05160138273,8369580.241449416,0.027801994734253807,6528484.846795544,ok
350,6528413.77554123,0.03522901403159298,163011.42432996503,1618854.789973975,0.05034775982983181,6524310.145520388,ok
351,6525707.145843133,0.04947670273235058,117390.09576739382,775055.9537096792,0.07573007807083168,6521262.16528453,ok
352,6522144.112540502,0.050195644530021954,94651.67648510731,640460.7451651163,0.07389342531891263,6518647.044246672,ok
353,6518562.514065817,0.06271577876046572,76286.90310227842,334339.5100596854,0.11408598267171577,6514210.880913114,ok
354,6514425.100171188,0.04294897247874797,108268.70521191934,1272042.9000436016,0.042557018009458734,6512121.303552406,ok
355,6512654.7461276,0.06787924443588908,61768.80901310918,61249.161911769406,0.5042420751984193,6497081.529907947,ok
356,6497768.590889847,0.0115675813460266,554922.9482775432,9214872.035903893,0.030110182003363566,6489414.175404606,ok
357,6490573.04873908,0.04149951401269279,117078.82377468594,996427.4664686419,0.058749295716232885,6487133.899519057,ok
358,6488111.709454874,0.06914634814280414,70018.60284252209,135512.69906771617,0.25834701590414616,6479067.160903802,ok
359,6478775.227799449,0.02596594905561149,237416.78283365662,4284951.086060923,0.02770355811131435,6475486.582979533,ok
360,6475405.287025844,0.049542902886981446,108880.90846907876,823845.4767212766,0.06608090445698675,6471807.812570976,ok
361,6471602.28275422,0.07532377905986663,56349.7191066121,37762.08504944181,0.746115038839004,6450580.596324322,ok
362,6447637.675617937,0.015533559291331947,292073.97775136714,2196077.8545732563,0.06649900347183348,6437926.3613876775,ok
363,6438113.684273139,0.06619640727164867,92488.1418235148,587083.2893133268,0.07876918276084145,6434471.076599886,ok
364,6435111.039731918,0.031954246476675045,131293.3920301912,1909894.3883405966,0.03437189847556568,6432854.638161231,ok
365,6432932.757424094,0.07084775071300912,56456.7344897625,29885.706802365326,0.944544073578581,6406269.820436141,ok
366,6409064.06212757,0.013426924358653962,557974.9166158796,9029711.005902616,0.03089660988325861,6400444.295465908,ok
367,6399945.190339468,0.0331889518902576,222170.34293761302,2154345.560453161,0.05156330233550834,6394217.272058031,ok
368,6394146.052574229,0.06607102708533184,83993.78919974712,161518.98403319973,0.26001212706514565,6383226.350679186,ok
369,6384664.152445937,0.0324279418551458,158199.05233591388,2208073.893028294,0.03582286191494922,6381830.581042483,ok
370,6380686.994228704,0.0669336654078913,72105.41379060535,141967.99007052445,0.25394954790437635,6371531.425611912,ok
371,6371633.64228419,0.04020469632655551,134016.5329421907,1082359.8759668977,0.061909414751018264,6367485.199723484,ok
372,6366989.551814614,0.05670951891776904,90280.05898530538,661980.3415602441,0.06818938064876763,6363911.481161042,ok
373,6362423.379237276,0.05799466769853012,77898.11919210662,486699.5575273478,0.08002690570324743,6359306.4065177515,ok
374,6360222.967958952,0.04546413515393637,103545.56691613837,1201075.984640059,0.04310533564917174,6357991.2847505,ok
375,6358378.6514600795,0.07779066325323843,50732.54469885594,18737.568457532197,1.0000000000000002,6326383.675218755,ok
376,6325575.252959385,0.02567567062458018,262361.8342480973,5501146.23372178,0.0238461061660051,6322447.09888269,ok
377,6322195.265401749,0.043428876260080324,131468.8116772591,446327.82242198294,0.14727830651901555,6312514.013429802,ok
378,6311984.075536785,0.07359700552645312,75164.34834829549,141765.21978822252,0.2651015124181395,6302020.984323256,ok
379,6304287.879562639,0.023156488894998873,293395.8969104908,7576248.687077443,0.019362873964982596,6301447.385675778,ok
380,6301402.894852217,0.05819233187768187,95569.66472054335,1305394.3044505846,0.03660566941142232,6299653.699075957,ok
381,6299030.361432596,0.0556306699859626,68843.84347077397,474577.38327343523,0.07253173654833495,6296533.679673797,ok
382,6296790.825822725,0.05847723323962483,98454.38896989738,2640554.7363254116,0.018642747225703457,6295873.095679312,ok
383,6295174.013977906,0.08006392721801384,46656.05652652502,9819.692330936377,1.0000000000000004,6258337.649782317,ok
384,6257232.036944961,0.0489905007224399,148357.03892886787,1823517.5314375148,0.04067880795528055,6254214.54319726,ok
385,6255587.298504915,0.044609635067590005,140986.8663691653,2744541.7581555746,0.025684955594174178,6253776.677803888,ok
386,6253930.954268411,0.07002522350002668,74868.38812808349,152740.6462990785,0.24508338134659044,6244756.455409211,ok
387,6245053.714414842,0.03146911782124682,204923.26012885768,5754092.172848443,0.01780674118289408,6243229.206687108,ok
388,6243666.112799488,0.0707056728681636,64976.74162084642,180635.58127890676,0.1798558765687486,6237822.888389088,ok
389,6237737.715379302,0.059446790917081306,87606.1411948537,801555.1262975547,0.054647608330766505,6235343.98233361,ok
390,6235161.409807867,0.06941507280425682,68512.83892624915,450589.60023784643,0.07602576589659886,6232557.039281309,ok
391,6233356.893212276,0.051905641665065574,74141.05938248552,536611.924075114,0.06908256791933251,6230795.965827075,ok
392,6229762.11910925,0.07311809947667454,57840.53834015751,254880.07647895493,0.11346618209472586,6226480.6465813685,ok
393,6226303.261876648,0.04369901627848307,89069.02037785819,933843.4982646169,0.04768947930963659,6224179.4342744285,ok
394,6224468.323021284,0.0699907150641326,59164.15452936807,239470.61456385374,0.12353113687272936,6220814.015385721,ok
395,6219744.518477008,0.05308069805130242,74041.13784173463,663828.5171598229,0.055768271419340466,6217679.945341331,ok
396,6216330.679795982,0.08008104463761276,48156.33220072923,18347.70226545563,1.0000000000000002,6186522.049860708,ok
397,6186992.900189646,0.01314688594628161,394415.9107726965,4083161.512401996,0.04829785811493334,6177468.17834126,ok
398,6175776.522477893,0.046394342554952915,133306.5334300743,1140945.971109131,0.05841930152945148,6171882.685191745,ok
399,6169992.351070053,0.06829604547713736,69914.24588646357,303167.6656415164,0.11530623778515742,6165961.576739676,ok
400,6165898.468401235,0.04330363015987433,160662.55159759938,6583854.136503277,0.012201253875509473,6164918.32611107,ok
401,6164870.528906656,0.07357802614737906,67442.463522621,631089.1562516369,0.05343338802016222,6163068.689245436,ok
402,6162702.572833221,0.08298823683798032,56674.04239590428,151433.72766592304,0.18712490034232174,6157400.010565557,ok
403,6156081.7792401295,0.0432374704044669,109244.0479880914,1516318.6119567314,0.03602278806270061,6154114.141646236,ok
404,6155136.186792187,0.05100934731897689,82356.01095003287,752503.0433036766,0.054721380652807315,6152882.869480065,ok
405,6151948.743490141,0.08729899202691004,51334.71479729625,96533.426720865,0.26589087604719114,6145124.027345599,ok
406,6145677.1326333,0.02757321498586194,161914.6443588486,1359955.5643281403,0.059529387799828366,6140857.792806045,ok
407,6140465.334407853,0.09382396826154576,53185.48497441609,105404.6268027,0.2522919846486934,6133756.198628504,ok
408,6134203.986945034,0.034553624448078406,140404.79619791996,1237353.1765973107,0.05673594203072623,6130220.9877560735,ok
409,6128845.318139389,0.08733543466159656,59416.853382831396,178640.82403535134,0.16630256186870634,6123904.730671518,ok
410,6124818.532042248,0.03435836134012011,102683.09498493245,980011.2529976293,0.052388732614471745,6122128.813438652,ok
411,6121667.153096199,0.08195331344237987,50592.43334370953,79577.2611131669,0.3178824744405439,6113625.9291465655,ok
412,6113840.39557695,0.047111344619157954,92749.59051824019,483409.49628914834,0.09593273532090753,6109391.534617796,ok
413,6110805.187306025,0.07766397717454811,56353.5489876067,118200.0806943872,0.2383820241769204,6104088.350767415,ok
414,6104379.645376602,0.0379462959378415,129344.53443839659,1279346.1762262739,0.05055103022229999,6101110.39564186,ok
415,6102137.134901426,0.07666289647112196,60819.92396144991,263676.22206336824,0.11533069513343017,6098629.932847207,ok
416,6097999.771436299,0.040693271658416894,106841.35048693934,1490061.2090174265,0.03585132940860613,6096084.569210915,ok
417,6096232.712356625,0.08650166346258992,51293.94857559254,135530.1011266929,0.1892345248368228,6091379.419363772,ok
418,6091269.955000411,0.04078988094293517,166913.78768136352,2985701.8991514524,0.027952185670110107,6088937.152408326,ok
419,6089275.7052882975,0.054947020722287694,83029.08746532076,1236024.9446335742,0.03358714070691152,6087881.350466565,ok
420,6087926.051311501,0.05741126369687702,104985.96403732518,3805150.0534373373,0.01379524625349365,6087201.897697973,ok
421,6087411.246040147,0.08008988595915308,55636.95900394596,245655.49414581739,0.11324183730839071,6084261.030310218,ok
422,6084323.382220412,0.04223956842412478,132591.6918763296,4804611.9768528445,0.01379837669671515,6083408.607164729,ok
423,6082938.332550615,0.08520074010810648,46229.7755867505,31437.098900371187,0.7352742015613382,6065942.551884161,ok
424,6062279.491962053,0.01877040713338741,418212.95465420233,10538894.64803954,0.019841405034445377,6058130.52565008,ok
425,6057956.536719998,0.03874801940975414,187660.87934128824,3149182.522208111,0.029795173512157394,6055160.84248929,ok
426,6055816.066732848,0.0740167437951133,77164.80462757606,308358.47052853974,0.12512191491823177,6050988.562673202,ok
427,6049905.192800242,0.09025020095325746,49902.73337491669,41914.79330399511,0.5952878380311637,6035051.947668943,ok
428,6035871.320798131,0.022055403813839976,321624.49907264207,7685809.6123813195,0.020923267378008346,6032506.6031034235,ok
429,6032630.477939736,0.04268061044718426,131866.8428210834,1001084.6195381405,0.06586198621347383,6028287.971847788,ok
430,6028724.220183203,0.0692689385656472,75682.50326275366,290529.1609229674,0.13024940942644403,6023795.419506259,ok
431,6025860.139834217,0.059629505647122494,64695.5787615422,176873.9595168151,0.18288610414522807,6019944.178656657,ok
432,6019850.664466118,0.048750437754496764,95569.46062546945,983289.1339551506,0.04859682535138669,6017528.478272647,ok
433,6017069.530027532,0.08678041616322076,54327.293253360476,74299.49445123615,0.3655966548266104,6007138.591687926,ok
434,6009536.257515285,0.027295870885769135,201734.87649031501,1676669.6012985606,0.06015940061598116,6003468.1328887865,ok
435,6003137.077139417,0.07040206060594811,70853.72493012123,245584.42670707568,0.1442553297865117,5998026.563411218,ok
436,5997032.157362318,0.07657391236333368,74601.27287661919,672883.0083362632,0.05543405908039984,5994964.43167826,ok
437,5995954.972169962,0.058774024222752116,59962.18715174885,225354.73093056754,0.133039557022265,5991966.300761584,ok
438,5992854.7123530805,0.053254295456196914,103848.3004412858,2441871.6978750816,0.021264077988138088,5991750.59317332,ok
439,5992193.864120286,0.07387690658115734,53007.5466772764,129228.82970420415,0.20509180033049515,5986758.157530714,ok
440,5987811.127262671,0.038495220006832205,132999.1186035441,2989043.769162507,0.022247770336399058,5986331.660339853,ok
441,5986177.541865051,0.08713428566339283,49464.32250330769,105354.42455978548,0.23475199409037714,5980371.61769306,ok
442,5980054.777276966,0.04850964192636756,90910.309219452,536193.4768396327,0.08477379261986237,5976201.371426578,ok
443,5975560.931649119,0.08294667449995953,50294.05263930554,279623.58106354263,0.08993170827727248,5973299.416614099,ok
444,5974097.683952784,0.03129471440384566,185789.20774665562,5118934.384452565,0.01814725427141068,5972411.901955852,ok
445,5972458.033545634,0.07981735778607413,44854.22344244957,122806.4731392882,0.182621576435859,5968362.359048201,ok
446,5969727.6551673915,0.026329488667735112,146661.44183911986,2226971.3369356613,0.03292845296359488,5967312.987972805,ok
447,5967650.920368199,0.0645746845357452,57887.39698870428,457557.3338776704,0.06325698737918238,5965820.029197835,ok
448,5966505.401874601,0.08542345143353504,41033.08233301235,12454.053821002417,1.0000000000000007,5937926.373362591,ok
449,5938736.981804122,0.02461232719343398,221559.08560714062,2793937.4142650715,0.039649972915628176,5934344.575932356,ok
450,5936033.2142756,0.05422828908925368,132031.90464168708,1456653.735915833,0.04532027804077799,5933041.3529612925,ok
451,5933945.110056481,0.051477816540036976,97363.26818814052,1436218.7663296873,0.03389569558297728,5932295.012206746,ok
452,5932063.922819201,0.08440142273237047,60914.43486496631,124032.55400031144,0.24555825426610725,5924584.901676677,ok
453,5924977.26185987,0.05397865481353252,104991.0924948786,823050.9269264993,0.06378165011425507,5921629.009296559,ok
454,5921286.926326768,0.09591812449130886,48487.576245108066,200022.92316323426,0.12120504859720112,5918348.456809194,ok
455,5918955.793582821,0.028612201278858693,133882.93585757996,1943191.4151134556,0.034449240259164855,5916649.710870841,ok
456,5916107.739274656,0.09498301415778679,46346.76441784748,92506.34099932716,0.25050587839262056,5910302.670809083,ok
457,5911134.3668505335,0.027739378574187203,237553.23055975884,7994561.162395718,0.014857177632034754,5909369.681578788,ok
458,5909348.848462718,0.08494418891899251,54569.596528156246,222424.16129952302,0.12267011868074709,5906001.819021483,ok
459,5905732.7120280545,0.04032186099704306,89343.16605975394,1395135.378298802,0.03201953281720125,5904302.348809233,ok
460,5904651.83768091,0.09723365740690056,38524.621106586375,34268.39589432259,0.5621013196151521,5893824.467500067,ok
461,5893321.305035255,0.015960155150957035,233138.83771347202,2564767.368828936,0.04545028928294624,5888023.191226671,ok
462,5887675.7833938915,0.08784174890793808,63277.850446973054,245480.71903589118,0.12888558151428858,5883597.982117976,ok
463,5884428.758539769,0.04526155789076279,141652.4798541625,3845653.836844596,0.018417216663784538,5883124.3363335505,ok
464,5883084.4710440375,0.08244673269202252,56237.1304165189,212889.59964192414,0.1320805020797366,5879370.556833569,ok
465,5879006.219613768,0.04618258496174881,86304.43347610858,1400817.9326800327,0.03080501450712859,5877676.914951138,ok
466,5877251.679619858,0.0885044477660529,45897.54097070813,59615.56752816925,0.38494593672215605,5868417.643668752,ok
467,5869421.3995743785,0.0265206937940673,303670.23768237606,6861874.52442377,0.02212735285391108,5866061.690324164,ok
468,5865779.110297995,0.05615851884931495,119747.18547692559,2198453.0242872974,0.02723441987479939,5864148.487733942,ok
469,5863865.443408864,0.08887768201412152,57948.70380583248,340577.25015101396,0.08507424347947153,5861400.472340415,ok
470,5862512.253121997,0.05672287468765126,80574.46662744968,1217952.0384618493,0.03307784875059905,5861179.638111865,ok
471,5861290.1270924155,0.09531336890728824,41669.401636283874,25744.44252865864,0.8092892590293539,5844428.827505203,ok
472,5844788.985404652,0.015396782360499631,445939.56927879667,10011647.894709805,0.0222710373940754,5839823.216993199,ok
473,5839381.67814856,0.049799410331585484,115226.78348531412,746229.3794187153,0.07720600840928528,5834933.578141189,ok
474,5833799.639505226,0.08173200111168122,67851.71188494738,272615.39231420204,0.1244458563197068,5829577.707311085,ok
475,5829905.097382933,0.07004660917381766,69485.33025462486,769449.1743115699,0.0451526446284082,5828336.374170996,ok
476,5827846.642784257,0.07951644220982786,62584.30272622721,834224.3629344141,0.03751047410440321,5826672.85935088,ok
477,5826395.010992563,0.09221595825571469,51386.04541167391,200148.98797674786,0.12836948597922374,5823096.810874563,ok
478,5823713.217156256,0.02893701666918633,133868.11435719117,1819527.9523116446,0.036786495691675566,5821250.947750229,ok
479,5821454.492545281,0.0853448105880567,57541.80491350897,833790.5883379932,0.03450614921680027,5820461.719492005,ok
480,5821420.278258951,0.0669229411044411,59721.39741011275,543946.6750201838,0.05489637142087202,5819781.034251953,ok
481,5819682.66827019,0.07350221114538562,61605.74986720302,683015.399631977,0.04509836081323898,5818293.50910235,ok
482,5819291.912964439,0.06556013195344715,59293.963715666716,528458.0973004523,0.056100913221465334,5817628.6902079545,ok
483,5817473.601677181,0.08575964698888257,47944.017897364014,214726.454300242,0.11163975592482453,5814797.372449123,ok
484,5813862.488112668,0.03905189985232437,93061.60893489048,958374.0325735611,0.04855182098631592,5811603.332823815,ok
485,5811921.124459391,0.07324498202648067,63113.02958659358,865849.1917171495,0.03644574031502415,5810771.023915988,ok
486,5810184.778942517,0.10187668653276505,38004.73166196879,52390.83851344623,0.36270398356207634,5803292.545158516,ok
487,5800420.9261928005,0.029357368049597373,149670.95833393888,1973725.4827738444,0.037915849909277544,5797583.475396817,ok
488,5797591.525277109,0.09453763099330229,56065.27155449645,447786.2521189271,0.06260271646259266,5795836.606127846,ok
489,5795631.73061193,0.09782082702596863,41176.72032721205,120226.12878270194,0.17124696912447093,5792106.036334669,ok
490,5792084.4290587865,0.046514808068011046,94981.94088092141,1657602.2452223757,0.028650401854450645,5790723.793671209,ok
491,5790305.498332491,0.10591385634612721,35066.677045785575,17786.314641898716,0.9857769232075767,5773021.537829837,ok
492,5768482.508548226,0.04007437192460328,144850.91829567682,764718.5309731083,0.09470864927998625,5761623.191138851,ok
493,5760767.615226672,0.09320839253439771,66774.42636275975,312245.63518146664,0.10692611655556483,5757197.650178575,ok
494,5758970.1750600645,0.057786057591959594,62166.212340641076,279799.0603328168,0.11109081686460151,5755517.127404915,ok
495,5755643.0259493925,0.04295610919147049,115076.5910234783,3012496.876811657,0.01909986893418329,5754544.052046422,ok
496,5754619.217820996,0.10183255933100417,45427.05841196697,244100.4417844898,0.09304993075775216,5752505.725501115,ok
497,5752598.8423946705,0.05852312370148523,50705.7633418171,189837.0520692962,0.13355075521112703,5749212.945900743,ok
498,5748814.203835096,0.10906319208870092,48016.26830123655,324179.0987045945,0.07405824202286246,5747036.203625653,ok
499,5747001.371686943,0.09285656971514845,36531.361055492576,38609.67219000171,0.4730856153830888,5738360.140974083,ok
500,5740292.015720422,0.019676188036010362,390404.7051415293,7666857.181299757,0.025460543734515236,5735322.057685714,ok
501,5734988.746714227,0.07560814718856547,84119.27431562457,1928573.594053129,0.02180867626078967,5734071.481703806,ok
502,5733998.643061079,0.10953502055173596,41354.34973183468,92771.37881214322,0.22288312549269582,5729390.049700604,ok
503,5729410.211723175,0.03988326175888255,178078.0108201369,6931098.140460498,0.012846305679947096,5728266.389442238,ok
504,5728886.168745481,0.06283099136264098,84716.06145132537,1401955.6720700448,0.03021353069110903,5727606.383084136,ok
505,5727407.84269738,0.10171012552160576,38909.96735969433,43290.934940276384,0.44940086664071843,5718664.756171175,ok
506,5720561.711901468,0.03061638134808578,199262.69183080283,2220316.142001246,0.04487259450611403,5716090.9949161075,ok
507,5716022.413350563,0.07806575053906291,57125.09906996027,225118.90466658722,0.12687761419807347,5712398.46521015,ok
508,5711424.575325822,0.05931629603756312,89449.71592740997,1561479.4463334298,0.02864261714665867,5710143.53834223,ok
509,5709740.387364851,0.08368108460426164,66247.57626758848,969181.2395542262,0.034177083482372694,5708608.31289255,ok
510,5708765.426248294,0.10951241147025183,39621.57885072862,52022.886185179224,0.38080911841081583,5701221.2969921995,ok
511,5703581.2639898695,0.025393288017765567,187399.98888310423,2342788.2295038607,0.039995076491141174,5699833.72554496,ok
512,5700271.6990125645,0.07572406712212178,79378.89018755566,899577.6987244752,0.04412008562468155,5698520.597296631,ok
513,5698194.985075475,0.0711091519812842,69015.9021650709,550974.836935949,0.06263072062317614,5696033.727231947,ok
514,5696992.295311737,0.047467989720272594,96179.68217755307,1894435.083868642,0.025384792278324922,5695771.544685001,ok
515,5695786.624265159,0.11055733865580104,37709.14163845638,97708.96076541423,0.19296664985001138,5692148.3208998125,ok
516,5690421.946173684,0.09928156570582719,38525.607361664355,38014.11534081933,0.5067276591373914,5680660.950756073,ok
517,5682010.815743534,0.024412770820408748,285449.1715033698,5014982.91221073,0.02845963550626902,5677948.926055257,ok
518,5677566.892595539,0.0525540442359693,108671.92890284644,1379954.680319592,0.039375180378270994,5675427.404194237,ok
519,5675311.586378472,0.07176378820548729,59472.85633136812,347895.7211630469,0.08547511899908539,5672769.861642402,ok
520,5672156.983576693,0.09759987408645025,39642.44139170322,109540.57563269262,0.18094866291661083,5668570.360194403,ok
521,5668183.318553969,0.07711996126978814,49292.59419060552,256966.35973536063,0.0959125432631921,5665819.429517539,ok
522,5665215.925310582,0.06708965632992255,47354.362184900536,268961.508126918,0.08803185726218281,5663131.57908428,ok
523,5662437.750232701,0.10257643184638807,36033.77139307526,65973.29350087533,0.2730936222897313,5657517.453655454,ok
524,5657863.399099288,0.034445742076941725,90715.03945761532,534456.6489937663,0.08486660202320112,5654014.060523703,ok
525,5654519.724286669,0.10579825514538532,54456.531035516404,632936.1861638224,0.04301897428678652,5653348.392232486,ok
526,5653662.731147669,0.07956725954928548,47251.19749909092,396838.93720549584,0.05953447742783207,5652256.193472195,ok
527,5651478.049695154,0.05534636670398315,101817.11654373909,4819109.680211106,0.010563892845377083,5650940.257140657,ok
528,5650962.047464312,0.11137098972831841,38126.577635755566,24371.119559124127,0.7822081694536194,5636050.587214314,ok
529,5633735.353325086,0.03654051131391136,204152.1142066151,2753662.149124139,0.037069201512529425,5629951.475394719,ok
530,5628564.627789364,0.07445625549474516,80995.43193436996,404756.85232456424,0.10005442955345173,5624512.65192005,ok
531,5624342.777405936,0.11534273827982613,40859.43701478386,60077.6875130608,0.34005500799195276,5617395.549315632,ok
532,5617383.713011759,0.05202438432957326,115388.46499346005,1378555.3695475142,0.04185122612497393,5614969.138641432,ok
533,5614878.784894379,0.09453881967477927,55913.90312333485,243941.6419330652,0.11460508070753453,5611674.776204318,ok
534,5610537.681669548,0.11054908877749298,36240.153245533125,45458.37859644366,0.39860807143227384,5603314.872872743,ok
535,5600291.129403256,0.05334936493800186,94463.8832669215,723476.3795377993,0.0652847044759573,5597207.606051889,ok
536,5597878.763538896,0.09114899049002627,52243.18127252192,196189.6725865844,0.13314457530751378,5594400.815447275,ok
537,5594916.485694861,0.07109531008309922,68415.23575581418,952503.9828112217,0.03591335941393827,5593687.975219318,ok
538,5593435.700668303,0.11371416740386474,34574.296626109295,47641.54105204058,0.36285871387265306,5587162.908264902,ok
539,5586685.306901749,0.04923877223225883,86862.72781329366,523265.5892804956,0.08300061153718542,5583080.477137603,ok
540,5582092.093063145,0.10451939180392493,39246.19736329648,51293.95361738822,0.38256163344359895,5574585.048378269,ok
541,5574649.55827925,0.05268346595070278,130214.83953037858,1455670.6312670202,0.04472675230695531,5571737.514842068,ok
542,5571507.611427875,0.06785658235753972,67060.6742437461,937905.9678646353,0.03575021193032047,5570308.894769673,ok
543,5569953.4497317895,0.1067283669686972,43789.516838356445,144468.4245147365,0.15155393638936546,5566635.212907069,ok
544,5565697.978672506,0.09252276460651906,50209.51607878707,179501.0360274975,0.13985856903660307,5562186.863137106,ok
545,5560931.730574099,0.06439964162881895,100878.06892426571,4113756.935397094,0.012261063367192855,5560313.29437638,ok
546,5559976.938863706,0.1034798407128833,43215.42016052717,230538.83513668497,0.09372698559638559,5557951.713332242,ok
547,5559100.142047556,0.048114882503638136,93823.67621266347,1074138.9869465665,0.04367389944544056,5557051.3191473,ok
548,5557380.1925295675,0.09904864452640313,46904.593167055835,290782.17328300717,0.08065245650634399,5555488.70719939,ok
549,5557085.770040746,0.0503860943072621,66166.82447153953,619462.072292788,0.05340667930373779,5555318.894853196,ok
550,5554936.027555891,0.12503835931711754,38357.158242049554,217231.48405729106,0.08828636974172104,5553242.820428492,ok
551,5554107.254642461,0.04577996268908458,68391.86148223246,816007.2183428936,0.04190640716458318,5552674.226045453,ok
552,5552264.713780285,0.061574563080849506,93376.9054757496,4680279.048282302,0.009975570314554176,5551798.96983712,ok
553,5551757.41225167,0.12078768545767264,39508.38991733502,200577.84837910125,0.09848642369186843,5549811.892237279,ok
554,5547747.228701547,0.08971089958374888,39407.488433982886,284179.3346630221,0.06933559838316888,5546381.057805873,ok
555,5545826.25497021,0.07616736097096369,76129.35844250616,3833345.9487257362,0.009929883639619422,5545448.277134763,ok
556,5545552.670838127,0.11553308772667309,32468.82874368522,17974.861289490582,0.9031732768549616,5530890.181612088,ok
557,5530749.621989661,0.03503731976631157,206402.16232992546,2348010.4681843817,0.0439525643362075,5526213.669830192,ok
558,5524732.239083689,0.05359122615800768,111553.68212954939,684478.2513544267,0.08148811295962291,5520187.089558472,ok
559,5519546.606421269,0.06352623337745415,101470.4091862932,5078667.032371062,0.009989866291639917,5519039.7685111035,ok
560,5519014.887288809,0.1003652561167564,44539.367895995274,127309.04512807347,0.1749261721788443,5515119.336720153,ok
561,5516898.673149698,0.06780117517982187,80884.66478291375,913570.0761297764,0.0442684512640625,5515108.353729222,ok
562,5515446.661403747,0.09203720554815639,42690.63591001386,211185.95706929025,0.1010735668754884,5513289.213981943,ok
563,5512645.588776291,0.05001851567687358,94380.80212958183,3356364.7408976667,0.014059974021825097,5511982.092963241,ok
564,5512002.0688018985,0.1130469308932649,27761.93654904733,5057.782971998233,1.0,5489297.91522485,ok
565,5490326.331814537,0.06430961371923634,103689.19565792917,632647.8348818838,0.0819485896741337,5486077.74014023,ok
566,5486893.177416172,0.07997109111282134,69682.58018699627,759130.975001101,0.045896283040548574,5485294.091704543,ok
567,5484690.064604437,0.1153371930669455,46244.347073297584,257712.16874430317,0.08972092256765006,5482615.5218629595,ok
568,5482571.590504529,0.07059390684648534,56690.66422400301,639758.2613036035,0.04430631666130209,5481315.713244105,ok
569,5482254.2531741895,0.05841209123996364,77533.64140238886,1905601.7227495234,0.020343611279517105,5481465.596043302,ok
570,5481401.091047937,0.1134928928013723,36094.058445694,147667.5485477479,0.12221391497544595,5479195.492952937,ok
571,5479261.823207753,0.05882258393794385,82238.6445519809,1853318.962598948,0.02218685671802978,5478349.514696073,ok
572,5478291.5598342465,0.12369606840354548,38161.45175695952,130171.69729564288,0.14658121753720446,5475494.683803485,ok
573,5475841.600503677,0.05540697720640689,76302.01887900647,915075.3368478835,0.041691659586105996,5474251.021605258,ok
574,5474101.618842931,0.11199186304934479,41692.85208548863,229726.63327759726,0.09074448941909967,5472209.92055547,ok
575,5472221.583521074,0.1140970543091425,35814.203204354664,134936.84875844297,0.13270727578820007,5469845.180850186,ok
576,5469582.8660675865,0.07081026586914287,46605.11379190217,344066.9160506046,0.06772681652578244,5468004.658072112,ok
577,5468166.447899073,0.12838510622270002,30445.46839100338,43362.397238261896,0.35105840924471604,5462822.379048045,ok
578,5462861.98757804,0.05418956340021505,115819.17301277665,1311465.4447705485,0.04415639522741682,5460304.908988808,ok
579,5459694.094464209,0.10963706171193173,46201.75615109874,436782.4778146391,0.05288874725728553,5458472.31796225,ok
580,5458995.710063975,0.08129232545158636,62362.534601976324,1437366.0683356952,0.02169333754837589,5458319.284307229,ok
581,5458183.946451897,0.12449657826485461,33764.29136994519,52993.418803387205,0.3185706086940277,5452805.791024974,ok
582,5454955.508687969,0.049208393152699884,104472.2963008653,490862.5730016281,0.10641705239616912,5449396.691773271,ok
583,5449836.895897231,0.08584238723799088,52339.00652983706,233082.8631014011,0.11227553547569762,5446898.700905029,ok
584,5447330.334365931,0.09203209536051,53653.99584252877,419675.1765163446,0.06392324212251707,5445615.46568239,ok
585,5444648.485945703,0.10899573386165964,34629.74468065504,79485.73483221744,0.21783622403286126,5440876.679535476,ok
586,5440791.589379387,0.055606124931398535,76811.83328370615,702343.5068088454,0.05468252538754642,5438691.456867587,ok
587,5439223.247248991,0.11663730308622736,42602.7810856765,216282.3994579771,0.09848878409071393,5437125.299194986,ok
588,5436881.3697791025,0.0755209393476749,44110.15229771537,511562.29873121914,0.043113177424448326,5435930.505367987,ok
589,5434959.997908085,0.12716415587375043,25415.622144996927,12335.580082094986,1.0,5421879.955845183,ok
590,5420299.477235807,0.03304022218311425,209444.38081264647,3390398.879057592,0.03088786722211052,5417064.832123328,ok
591,5417148.864078872,0.07187716164507886,93976.52279189782,698904.8368683126,0.06723127229523299,5413989.7834822815,ok
592,5414049.723047317,0.09620881926507917,59248.088692794416,481929.90916213737,0.06146961162443788,5412228.744546599,ok
593,5411875.656957422,0.11723330714168138,39920.386434668486,164416.51455191048,0.12140017243238849,5409452.486059055,ok
594,5409453.512319693,0.09275693387792833,60640.965665465454,866113.0256658036,0.03500753589224061,5408392.066928656,ok
595,5408673.928201992,0.08206354119874854,48224.78448106182,725117.5217248931,0.03325308176690159,5407872.116851223,ok
596,5408564.689677201,0.03650443880625901,165940.82227181667,7854623.960133627,0.010563256949922373,5407688.251905132,ok
597,5407397.901213234,0.12240060289689846,30768.372607292906,36245.56199494201,0.4244433099366285,5400868.186257833,ok
598,5401456.094594348,0.01970465250405364,142725.76490284572,1087909.6194612612,0.06559633371636345,5396774.9511421025,ok
599,5397332.59302449,0.08198843771863203,61448.66465303237,584674.9110658627,0.052549428314797544,5395718.046925378,ok
600,5395962.873528162,0.10978455433309581,45511.64658846178,479368.9667271449,0.047470372247070014,5394882.646125597,ok
601,5394877.314285328,0.11739826431909907,37293.62274755626,160048.69530147722,0.11650711265501972,5392704.828131946,ok
602,5393518.215840327,0.048745737916267226,123642.00141650188,5901969.852712049,0.01047463851070727,5392870.663205537,ok
603,5392615.852626667,0.11606015997258735,30947.52625856327,71386.41170502162,0.21676062376158273,5389261.750078825,ok
604,5390085.433313553,0.024660116874248274,140294.08383844717,1966445.533478022,0.03567199839761419,5387583.1481466135,ok
605,5387155.031176179,0.12366386642609778,34259.90389339712,126205.4574797914,0.13573067511317002,5384829.971233797,ok
606,5384313.6321595665,0.07326157096624104,73692.87805455929,2198657.1982751056,0.01675861023545939,5383696.137049344,ok
607,5383379.473731918,0.13395472363397753,32353.88432096157,50489.22593548292,0.3204038457858773,5378196.319250645,ok
608,5377368.326188169,0.03528570118793667,83744.28432640995,949463.3646909663,0.04410085077567329,5375521.729094973,ok
609,5375452.162739169,0.10486368950186031,41171.80432057011,152675.03124555855,0.1348347663160142,5372676.467431983,ok
610,5373037.61663145,0.09672212642976123,39005.2709841427,236966.83164908917,0.08230111934378945,5371432.527900298,ok
611,5369994.535870474,0.13002132904189703,24504.10708187129,6551.87364342118,1.0,5352042.302432024,ok
612,5352049.023988498,0.05834394271694401,103419.86096220184,765698.2803552999,0.06753303723903681,5348556.89532769,ok
613,5348150.761131181,0.09567505185750576,43501.83007829623,116330.51246010768,0.1869751501920615,5344083.880524921,ok
614,5343722.892772444,0.05524222475234128,89922.47773768095,2114132.4561031517,0.021266992396358514,5342766.70244729,ok
615,5342933.734924554,0.1178800593628264,38455.13233780456,148154.56652097116,0.12978044902976807,5340438.372753404,ok
616,5340384.893486144,0.11009363370262937,37381.99893426625,172217.61832431142,0.10853128529472049,5338356.335290533,ok
617,5337754.828015421,0.06365820298296843,78026.36927946088,1922446.7293795252,0.02029350620930966,5336963.113710689,ok
618,5336699.576595676,0.13365739203950697,37084.549482995804,246697.1338724256,0.07516210038778424,5335305.9002801385,ok
619,5335030.007810384,0.11545122748950619,28781.442962576344,71071.40784784961,0.20248257234605477,5332116.137506937,ok
620,5332396.876110526,0.07313116063625917,39808.85065491378,258318.19794504024,0.07705390284462946,5330863.162455166,ok
621,5330962.199011869,0.13091997337437394,25955.14122017476,19551.7012387621,0.6637565934343749,5322348.250952664,ok
622,5320705.41832001,0.03969577148305989,148385.4642984916,2330309.438713527,0.0318381460061393,5318343.259281248,ok
623,5318275.718185727,0.07215895930428527,75678.06362649644,520451.98641133134,0.07270417406639067,5315524.662630273,ok
624,5315112.185395407,0.10660314576609475,40837.61827379935,128972.55556659878,0.15831902413033774,5311879.499458949,ok
625,5314397.037097166,0.036715730464632446,99828.06689143322,717414.8552435149,0.06957485349083564,5310924.275533044,ok
626,5310933.97234389,0.11222121030470301,44411.40422893922,392451.44435693265,0.05658203692142264,5309677.528486983,ok
627,5309819.192506661,0.1297388985651273,28146.980377741806,40646.16181667317,0.3462440132071195,5304946.330783836,ok
628,5305385.885608257,0.0664870313774768,102156.35420948116,2383666.8956770077,0.021428403942419724,5304291.361796614,ok
629,5304006.316887547,0.11209690648398618,46524.843517720205,309283.97181294806,0.07521379663647422,5302256.661828104,ok
630,5302678.682911492,0.10951612950343037,35614.58809002371,247696.41205582715,0.0718916107714889,5301398.487859115,ok
631,5301521.714620395,0.1155768128099985,46739.35849925507,670670.0427360536,0.03484527078962556,5300707.391818675,ok
632,5300786.7264933875,0.09542459111542768,46168.33097899627,709040.8637809906,0.03255689011547352,5300035.177854138,ok
633,5300011.093172388,0.12203868178666893,25043.844199167972,10602.32398686438,0.9999999999999998,5285569.572960085,ok
634,5285667.842777796,0.019424039226462457,316544.8715894934,6062320.045239364,0.026107568490884168,5281535.734320065,ok
635,5281027.620139678,0.07321772955027678,75878.50219162165,550528.6957664973,0.06891421171604556,5278413.066557313,ok
636,5278733.2921178825,0.0814228699098204,64830.388090126595,611095.3049588255,0.05304441677431539,5277013.847055135,ok
637,5276392.373954052,0.09150510590745099,43414.882138652734,232649.40967052017,0.09330537782179893,5274366.952963535,ok
638,5274088.523127609,0.05332696300980763,89889.85805184301,2958734.2445060043,0.015190593446970968,5273405.782983273,ok
639,5273589.826432485,0.14170804653176933,28831.1242926209,38990.52133129337,0.3697196563191546,5268260.109750103,ok
640,5269409.618748383,0.057623770622914565,100442.53840522654,909716.0888424465,0.05520543147314951,5266637.131912923,ok
641,5266212.390630444,0.1294549542146867,43168.773612768855,312417.3180950771,0.0690883173122167,5264721.161665774,ok
642,5265246.151798653,0.06588060667805859,43616.23995806766,652459.1791726816,0.033424497156567756,5264517.226354424,ok
643,5264710.036879599,0.13887129710256318,26815.32644034116,38296.335448267826,0.3501030337036339,5260015.973311341,ok
644,5260371.413899973,0.03069244718705316,207543.74921998967,5293245.187062179,0.019604584889367196,5258337.0093750525,ok
645,5258212.169370025,0.07872268291066402,70111.44460519779,578487.9592200955,0.06059887979321165,5256087.831868147,ok
646,5255968.296242921,0.13381794808300262,34386.10326611445,134288.2221059835,0.1280309722135427,5253767.053127023,ok
647,5253953.971112727,0.08926366753418696,55900.302199632104,1297462.9216898403,0.02154215787794016,5253351.864545022,ok
648,5252634.0632182285,0.12234522424083968,28456.606880021332,91142.96504165806,0.15610972754186173,5250412.886644825,ok
649,5250710.620796092,0.03584959992163323,190009.87207091897,9363007.07130253,0.010146840145688679,5249746.620897088,ok
650,5249734.453377828,0.09857551077710668,50091.52708723748,988787.451801256,0.025329774865157653,5249100.049825942,ok
651,5248939.611803114,0.1300992354000918,30149.95590246017,224711.81214604824,0.06708582787553828,5247928.294427051,ok
652,5247855.4295843635,0.11473041182627616,31675.214888840943,323734.7871649699,0.048921549590374695,5247080.629286378,ok
653,5246956.426461868,0.1356663103540659,21602.325085382723,17476.829648336614,0.618027569074542,5240281.01023243,ok
654,5240258.537000986,0.017804277684162137,201941.9282509388,2266961.734707551,0.04454021546971332,5235761.268502653,ok
655,5235534.214270238,0.10277490697875342,66200.64934369287,1100207.5869575397,0.030085526644458484,5234538.373570383,ok
656,5235089.093160109,0.10272399236496377,42084.1144449847,232809.3724597438,0.09038320493789756,5233187.244589853,ok
657,5232493.206437362,0.12807920723973504,40522.43827455203,625004.5587841007,0.03241771416306577,5231836.384026775,ok
658,5231473.499869489,0.14256942698780775,24302.011916189622,32826.671994483724,0.3701564983540426,5226975.726052562,ok
659,5226623.450214151,0.03142078885144595,177795.31832744932,5119702.799426027,0.01736383197354562,5225079.84619759,ok
660,5224924.068513654,0.10157396904938214,57125.82265190635,1226119.9692482983,0.02329536427293027,5224258.685089621,ok
661,5224353.848822283,0.11801033589812662,34699.33824938905,137064.24638122885,0.12658056045074195,5222157.717980844,ok
662,5221574.038343702,0.049073464129402104,55622.30643479694,444431.14210187696,0.06257696768473375,5219833.700707543,ok
663,5220610.932174037,0.1246848803292666,31745.265847248556,134156.49585732227,0.11831430764638558,5218732.972599153,ok
664,5218498.09228231,0.0892447556214827,35712.57076409442,302119.077146405,0.05910346857505514,5217442.723880365,ok
665,5217599.244774681,0.09471567810818073,35388.544297253036,242087.4897108902,0.07309040285294242,5216305.963295148,ok
666,5216816.324790871,0.10065538969328672,32810.63195169159,199899.17271671444,0.08206795332312086,5215469.974085114,ok
667,5216007.00835941,0.08911893766652709,32580.918017734115,271521.67649551353,0.059996900502108645,5215029.631311121,ok
668,5215453.515395727,0.131883985919081,28527.91130585182,81747.64433675869,0.17448766589732753,5212964.631067385,ok
669,5212203.325022785,0.07342247718808842,69211.59470361451,1174438.1513398192,0.029465832076664374,5211183.636409137,ok
670,5211238.518074921,0.09082668478472151,46620.62328053705,576054.2912020751,0.040465476945976714,5210295.255196638,ok
671,5210764.836732002,0.11140099475111344,43333.35740607212,889374.414457865,0.02436170678042655,5210236.999458533,ok
672,5210137.681182829,0.14182910280265335,24289.419686722882,35478.69418920901,0.34230994462742387,5205980.4262288315,ok
673,5203990.420117764,0.05672457242296267,98342.89919891977,2147996.180649605,0.02289177701637685,5202864.798257961,ok
674,5202652.54170862,0.14455278984923148,29829.850236933038,119781.68093302865,0.12451758067083421,5200795.3713169815,ok
675,5200140.932700248,0.050406850699476785,54176.50370070501,768163.6969728823,0.035263644919825955,5199185.702205499,ok
676,5199161.114571001,0.13631886953491876,31980.55974156463,293684.9294263873,0.054447056244982805,5198290.490903503,ok
677,5198514.353489245,0.09865000254750982,29390.987371735893,97288.78386026509,0.15105023521493433,5196294.595711395,ok
678,5195974.5273978915,0.08207733033150116,49450.5464137159,1092144.730818455,0.022639191042316147,5195414.767214187,ok
679,5195355.692412356,0.14055626272675426,22799.141125218786,22898.637926332238,0.49782745154027186,5189680.673250519,ok
680,5189543.241205048,0.04447199775018759,147346.6966899783,5370478.529816329,0.013718209268682951,5188532.574794927,ok
681,5188518.943885599,0.07273600777588603,43892.131269681304,266522.84388315404,0.08234215617353235,5186711.857521701,ok
682,5186205.190980243,0.13192835057245975,28020.71012567514,50350.3985029109,0.2782570839439849,5182306.710435437,ok
683,5182065.226220066,0.04695582004108884,104714.88636904204,2192477.797133069,0.023880489578040304,5180814.904843764,ok
684,5180846.134083098,0.13516446921228006,32118.074500356786,162056.5150053187,0.09909528937884006,5179254.759139646,ok
685,5179069.623269456,0.05379335408986647,55186.883658029445,784600.298995981,0.03516878831721687,5178099.195354829,ok
686,5177807.901172929,0.1379568704833981,34573.976363851296,759193.4524900888,0.022770201883625083,5177414.272962067,ok
687,5176869.600578099,0.14783879653134815,24699.97935485618,20131.32995457157,0.6134711271086967,5169293.238490907,ok
688,5167976.7155343,0.047786834036553434,139830.70421314964,2575260.7055640747,0.027148844369626977,5166078.594520911,ok
689,5166008.0523257125,0.10417161333812067,62940.65217707266,1442374.1118526119,0.021818421330451684,5165321.4194917055,ok
690,5165140.333415069,0.1327849330995213,36774.4332382117,177017.79234681107,0.10387213836155997,5163230.413906326,ok
691,5163150.343517333,0.08468150902731454,54240.534574736914,767405.4902977695,0.035340204924576735,5162191.907713789,ok
692,5162132.131430704,0.11376949848575736,43599.091603356086,1070268.7953385657,0.020368290560860498,5161688.111947721,ok
693,5161781.849882016,0.14979597693983823,29996.250011499556,157110.70399282913,0.0954621462738422,5160350.096678884,ok
694,5160392.666827491,0.07536009980527851,61267.81848523753,1726246.5019676115,0.017745964558191198,5159849.038559792,ok
695,5159715.864528577,0.14932398654388931,23187.05575543469,43648.156615708824,0.265613230354495,5156636.470137771,ok
696,5158554.062165298,0.019858056189168617,348549.9867331955,11594224.849416045,0.01503118971988673,5155934.501676572,ok
697,5156134.590196421,0.068784625463256,69820.96414348503,3149782.4756601388,0.011083458093221468,5155747.661331365,ok
698,5155629.28861903,0.13647244335629108,36243.79544193954,849828.200986004,0.021324189642028864,5155242.8538353555,ok
699,5155448.213637017,0.14400544432949836,26564.601550059087,99690.01003769337,0.13323602605724916,5153678.532664854,ok
700,5153922.355391238,0.037657886083374115,166688.6847701043,8609976.237024246,0.009679973566786217,5153115.58436001,ok
701,5153216.526547611,0.08059930752693366,59061.597696241035,2781980.116472128,0.010615028724780744,5152903.056269572,ok
702,5152859.592351681,0.10854308552960444,28836.56343301092,414879.53816727764,0.03475293522596448,5152358.514741117,ok
703,5152259.688357374,0.1346732260840967,33441.8595198627,902090.709453766,0.018535752097542615,5151949.753348503,ok
704,5151623.326104005,0.12363437687545524,26161.97836116868,271066.6483359881,0.04825746457886035,5150992.070731966,ok
705,5150747.3731554765,0.09338889183020317,55652.976917320775,3599275.4531409093,0.007731136119181317,5150532.242785484,ok
706,5150553.656175399,0.1457180616557255,29773.633153456904,889300.9714658803,0.016739908146271056,5150304.4522333145,ok
707,5149599.902935393,0.1321363970070803,23589.88824063613,60096.60751795892,0.19626638852772735,5147284.951850012,ok
708,5147345.0298614735,0.024245610837549437,267253.64557221596,9895811.224941391,0.01350337226010487,5145540.617129458,ok
709,5145714.516010171,0.1447380898046624,24661.664559380642,34549.04692751873,0.35690803006981553,5141313.542952105,ok
710,5140483.182405054,0.05055436244256624,133688.29237737064,3410792.6364703625,0.01959783349886042,5139173.181957674,ok
711,5139830.779580288,0.07368356814454698,90935.92199639643,2365481.416048109,0.01922144079836368,5138956.819859738,ok
712,5139219.977961932,0.11982224922533997,51554.01778343656,771905.8791336411,0.03339397922535511,5138359.181062511,ok
713,5138393.094870966,0.14322721579805248,32089.03889764067,106871.04705339717,0.15012971137827286,5135984.335796911,ok
714,5137044.114859208,0.0673759865549264,62450.29298885152,1325982.666626785,0.023548683765120804,5136308.803758892,ok
715,5136081.779575694,0.10638535049305776,34157.50205297567,202259.30774590265,0.08443987679392133,5134639.651943224,ok
716,5134576.853403386,0.1371245472855667,23302.9585467564,123388.44459916264,0.09442925803327025,5133476.612860611,ok
717,5133548.132399075,0.08993676224868158,41411.258228864244,975025.8739647695,0.021235979133801198,5133108.4280912485,ok
718,5133144.276669826,0.16909561335907722,22875.50079729659,38230.628530143484,0.29917767084655794,5129722.357145834,ok
719,5131371.3776972685,0.03724664456598854,134288.15308582643,1471405.649107434,0.04563260755702775,5128307.418402607,ok
720,5128240.535785612,0.1093091337105942,51793.0087422083,1943767.8626528536,0.013322838014082922,5127895.520852745,ok
721,5128101.775830677,0.14541187244007947,25698.359867401014,95659.92239182242,0.13432145471611767,5126375.855290073,ok
722,5126390.805565805,0.04158312212582196,139328.55977479578,7087101.303643888,0.009829728248921666,5125706.024625855,ok
723,5125770.47249445,0.16277096392890017,24633.439580210885,62553.6270115278,0.19689857133041438,5123345.327964302,ok
724,5124664.81172768,0.07836504715256638,71788.08571394402,1929913.2860566825,0.01859878530102921,5123997.226130997,ok
725,5124406.533009324,0.07597052047511145,49638.00110299819,403979.23560334847,0.061436327326159675,5122881.744767534,ok
726,5122394.127617072,0.1559746310828202,28298.57876580063,210679.1561897324,0.06716036668647855,5121443.856153764,ok
727,5121327.148108124,0.05898710826709853,43218.39779934859,628053.269229395,0.03440663389299481,5120583.648312862,ok
728,5120820.17129582,0.13201809942187911,37758.642241238675,1528291.8637969303,0.012353217057450685,5120586.95094412,ok
729,5120452.810336724,0.1559541015815831,19006.39290698599,11436.674086328534,0.8309405673152103,5112556.218884351,ok
730,5111710.316050475,0.04836903518882698,167705.17368556495,4580384.600349815,0.018306887774528467,5110175.23615354,ok
731,5109442.645587467,0.08800551278359206,82347.56413527527,837735.5617897371,0.04914890085324064,5107418.999454871,ok
732,5107582.453906315,0.1185818501679212,41114.13400124539,253731.29769383764,0.08101904332443716,5105916.940004369,ok
733,5105774.979459119,0.15459384758297526,28255.715195162687,112501.18877561452,0.12557962943626835,5104000.808337287,ok
734,5103496.303710855,0.04948186700431903,47431.33414288402,626379.9171152993,0.03786147420029211,5102598.393593886,ok
735,5103041.960697446,0.1576096302852006,23192.781040268885,58972.870692117314,0.19663941035999946,5100761.653303262,ok
736,5100645.02851311,0.042434470840883594,135189.23356964323,5128795.998536378,0.013179431742676316,5099754.169875023,ok
737,5100009.131112013,0.12339268400251228,29024.478954183014,179562.06682965506,0.0808201850943207,5098836.249231341,ok
738,5099602.493016154,0.04609374361394611,69348.54464104057,1551378.5892715894,0.022350619352559657,5098827.501554191,ok
739,5098855.296323611,0.13745382115043808,21623.567055139407,9213.960582770109,0.9999999999999998,5086445.689851242,ok
740,5086160.62806779,0.035606471331214175,219956.81586379273,5948517.005563319,0.018488374132416472,5084127.306115458,ok
741,5085050.18752462,0.07775195357851743,92670.18745087662,962233.0553982968,0.048153712310640626,5082818.980751479,ok
742,5083350.995720177,0.08045109569660845,59106.96998102979,761902.5952439257,0.03878905935614151,5082204.6438366985,ok
743,5081917.787026363,0.1336256357659654,37638.57413330671,172930.16287494608,0.10882593732512973,5079869.760471544,ok
744,5079424.4165638955,0.10409266369181543,39827.471385730394,543158.3530173576,0.036662854547371414,5078694.322168694,ok
745,5078558.22949993,0.12366596424271248,34237.20876476557,530958.331765361,0.0322409563203686,5078006.309323771,ok
746,5078155.608504595,0.1550241846153867,20478.743864470078,17884.482052027546,0.5725282903048462,5072293.278398437,ok
747,5072846.556100698,0.03683879281852298,198869.68603047327,9424438.888681699,0.010550744101556342,5071797.444517266,ok
748,5071709.701664086,0.07837500654710487,86990.83125746959,1831822.1043722497,0.023744344783763985,5070676.931518885,ok
749,5070910.620797925,0.11196209889691314,43512.82114185242,305194.13738731114,0.07128711828207865,5069359.668984162,ok
750,5069468.712384179,0.14514625238148438,29230.584698278268,131998.3363317672,0.11072330724233351,5067850.458878969,ok
751,5067899.193862826,0.09722305860682219,41103.75633140683,846628.4214601251,0.024274968386082438,5067400.297670078,ok
752,5067120.102827378,0.13222321877647125,28008.05593173019,194161.10585506566,0.07212581481853839,5066110.050899598,ok
753,5066091.582549501,0.090423981061844,33280.35364529204,568974.6471237583,0.029245902092060343,5065604.925567352,ok
754,5065620.397582071,0.16031657251498313,18624.87164878718,7363.962820495183,1.000000000000012,5054359.488753779,ok
755,5054825.411604771,0.04959788836462337,127611.79097969609,1176999.7036627668,0.05421063003778773,5051366.453810141,ok
756,5050884.619333363,0.11042922623657285,55229.02921506822,353708.57219817216,0.07807137507558776,5048728.716205908,ok
757,5048425.587957354,0.15022030810766432,29819.989499730258,100627.02490043099,0.1481708791909366,5046216.360926535,ok
758,5045310.050088361,0.1582352251932322,25055.279930605822,149131.12381518557,0.08400419473018991,5044257.675781205,ok
759,5044688.447916186,0.08206695228702973,81973.32352742876,4300368.057410079,0.009530966004895596,5044297.805436263,ok
760,5044388.109072638,0.13829519949334632,36562.55016578382,710666.5310949836,0.025724125568041614,5043917.839256862,ok
761,5043889.06928793,0.12884344012841867,25044.849043778166,115007.66744396025,0.10888338838791667,5042525.585275155,ok
762,5042895.152820809,0.048282161467865445,120998.79855364053,7118503.700037734,0.008498892720460281,5042380.974916702,ok
763,5042300.336272257,0.16082131763814786,20924.665984877745,35302.58877471413,0.2963616367968072,5039199.702141904,ok
764,5039164.761405908,0.029814839403134823,210837.4676632551,8959610.01181675,0.011765995807026391,5037924.405025662,ok
765,5038011.348846318,0.08812852582167054,52477.2089674003,1611749.082000546,0.016279583948099474,5037584.195281944,ok
766,5037579.426244285,0.14610543328105227,29044.765466516175,112929.96781240702,0.1285963594480241,5035711.900694277,ok
767,5034990.282498411,0.0825948395493654,73195.58746444274,3189666.3179327953,0.01147386280704754,5034570.364434087,ok
768,5034424.668718696,0.1573467899566475,33206.16626133901,516567.4758951376,0.032141170138322656,5033891.026198972,ok
769,5034121.458780406,0.09689444493164402,33302.67228743958,263334.81959097553,0.06323256517912616,5033068.552082379,ok
770,5033103.752617173,0.13277796426674593,32057.438164536423,972054.1851132317,0.016489532505228683,5032839.446532849,ok
771,5032793.865288228,0.1260379989582721,21013.570744246015,81992.35860373966,0.12814347033119491,5031447.489348618,ok
772,5031416.33150351,0.10156758130039617,43353.07800584805,1789584.8344522049,0.01211260767615929,5031153.772090791,ok
773,5031151.930058723,0.1545907156074833,18279.072772491356,37023.03343272758,0.2468608198421289,5028895.7366134375,ok
774,5030296.093362677,0.032553071548697333,112321.50754043492,2128166.48553612,0.02638926707656974,5028814.052232213,ok
775,5028751.3101236755,0.1493227398435042,34785.906675831575,705356.6359328533,0.024658381947329572,5028322.428037077,ok
776,5028110.145322414,0.16518735683000643,21557.748908440022,63638.68034030033,0.1693761466545386,5026284.461102085,ok
777,5026913.310202645,0.05657605926524285,111092.81478760632,6580903.522365613,0.008440544251260517,5026444.468293039,ok
778,5026519.793085299,0.0946286661870897,41423.89425992033,779844.0134808442,0.026559089730665637,5025969.702622978,ok
779,5025701.654392131,0.14484801950473622,21885.58109989082,65284.258440621656,0.16761759743197918,5023867.450130947,ok
780,5023560.787868257,0.08361823830060293,62540.893117923944,1951820.5905517756,0.0160211684979314,5023059.798774931,ok
781,5023159.585019359,0.17557020375365787,24355.595305898758,102761.07562487538,0.11850593796238446,5021716.44368618,ok
782,5020806.730499096,0.09738883703015336,40881.22333578176,923867.5748500864,0.022125045000315903,5020354.481046109,ok
783,5020105.916029954,0.16477494200857531,19561.63742809501,35744.785165984984,0.2736292488157128,5017429.597952427,ok
784,5016927.175075236,0.05306997114055519,110740.02446120227,3020841.1816157475,0.018329335738526166,5015912.279531215,ok
785,5015959.481791392,0.1639187814347652,24050.943582472282,79730.0863863224,0.1508272765812417,5014145.712631515,ok
786,5014440.856364784,0.04975444620848288,94698.74802318536,2478291.7427234584,0.01910564974870926,5013536.2158090975,ok
787,5013484.783811035,0.13455852193692927,34028.700891094704,920136.2436677121,0.01849112081242148,5013170.169401402,ok
788,5013096.2921855,0.17200583850625803,18824.876566440267,22779.271536962693,0.4132019001550194,5009207.054801782,ok
789,5009424.056372033,0.07121272342506045,99164.03102304111,3105085.0125769656,0.015968005806827026,5008632.330460431,ok
790,5008333.996964753,0.13134822808837107,48675.39205895958,646210.2613266726,0.03766219369453278,5007417.385942811,ok
791,5008225.534976985,0.06564495685024188,60501.95927126853,1121111.3638253764,0.02698302828045024,5007409.271937966,ok
792,5007644.299723424,0.1271056226002833,36426.972762693236,352070.5730432026,0.05173248710880373,5006702.070773995,ok
793,5006874.010236304,0.1603546009661646,25755.41485455326,190904.10660415428,0.06745641912239722,5006005.326206755,ok
794,5005969.96681153,0.05202855718887283,50060.47896047984,886946.2622287939,0.028220694472900543,5005263.5960705755,ok
795,5005345.5960382875,0.175609935593166,21180.627001208166,51313.10719092653,0.20638612784058263,5003159.902242281,ok
796,5003836.15057962,0.05647877397714709,104944.8706115516,2214791.7628685352,0.023691814366247683,5002592.98338301,ok
797,5001969.041125188,0.16508442997322778,26504.954374454435,175414.78584422785,0.07554937358014795,5000967.824775307,ok
798,5001410.070366066,0.05334074201058511,80409.79539216697,2100524.33995989,0.019140410292437366,5000640.532128397,ok
799,5001124.978619287,0.0689029469508723,66292.64151171502,2026047.332328137,0.0163600920012905,5000582.701762216,ok
800,5000783.27292625,0.1013913719983913,30483.363311757,462066.60486394033,0.032985897477629984,5000280.512377762,ok
801,5000405.529466706,0.12492228124061239,34180.95048395367,917215.1063152947,0.018633006722527688,5000087.082526631,ok
802,4999907.070093552,0.16912291728502055,22203.98973738184,86443.65377685455,0.12843042124699613,4998481.236215884,ok
803,4997370.842869361,0.1540172417964974,24034.200605408667,171238.92112918937,0.07017738854847234,4996527.514152192,ok
804,4996112.820635965,0.1669495907867104,23408.78821912124,249197.95892529763,0.04696825832778695,4995563.085629857,ok
805,4995094.10635272,0.12412515519271515,24943.873068570443,286940.94145166164,0.0434651690734285,4994552.011522585,ok
806,4994308.255623328,0.159637214164475,21930.711990319392,333607.7479565556,0.03286900877550263,4993947.835240897,ok
807,4993949.090495128,0.1627839631018937,15369.282343499368,6420.412082329306,1.0,4985000.220233958,ok
808,4987338.72229506,0.02963647931173487,240349.23080505227,3083946.192142933,0.03896780550474544,4982655.781255446,ok
809,4982656.928981168,0.1078425855406879,50061.551864506255,417887.50511625526,0.05989835930913902,4981157.626570592,ok
810,4980825.1620272435,0.15046445437096903,31186.963051973522,179429.90236977223,0.08690570144686055,4979469.999577229,ok
811,4979228.807348324,0.10619584283408967,34109.60974067449,528771.892059764,0.03225361469934117,4978678.728243264,ok
812,4978667.547077631,0.1269624967732734,23711.811268566547,214377.45157281496,0.05530388362815444,4978011.869452125,ok
813,4978459.007376883,0.05927767601718106,53848.05164205398,1348243.2725458147,0.01996970900525082,4977921.3424159875,ok
814,4978083.467997068,0.16806400582319864,17562.179100545924,15419.605514925366,0.5694756290472756,4973082.851501706,ok
815,4972192.064097829,0.025228573882145295,295124.9181293175,12604416.288774526,0.01170720291078276,4970464.520447546,ok
816,4970363.227387061,0.09899475528156408,69286.60231322801,1807251.529991441,0.019169053439273102,4969699.148095877,ok
817,4969776.290271811,0.12989894213969364,37050.75061281797,414101.7741677814,0.04473628576849097,4968947.533788135,ok
818,4969584.609400351,0.07431938419460479,82474.96192547836,6539137.732237112,0.006306256673482144,4969324.555260832,ok
819,4969326.557754822,0.13026609741209166,41432.541387155856,2051648.0121093458,0.010097380530824613,4969117.377686449,ok
820,4969016.680973347,0.16541041495831757,22925.050623569856,79594.08816550029,0.144012269955915,4967365.936683769,ok
821,4967921.076217588,0.10141538512778554,41874.81749345617,386517.31967793306,0.05416939340305437,4966786.909486346,ok
822,4966903.710495924,0.1563951494260584,22574.791638191837,103402.90338455835,0.10915937028496939,4965671.585476154,ok
823,4965002.771358121,0.10244928576366029,28993.91506445841,305324.0537959003,0.04748056156073433,4964314.447673569,ok
824,4964322.400947763,0.15702954818859072,18951.117118644717,46189.33528147238,0.20514602562646592,4962378.527768727,ok
825,4962844.415402686,0.041245178956538564,45612.08366960276,363886.80545231904,0.06267345090035069,4961415.082059521,ok
826,4961214.3364520315,0.17586517837406185,19433.323394442952,42616.0962633083,0.2280044994545253,4958998.893865387,ok
827,4958033.664410133,0.10974837156580736,54522.43595675149,1866398.5573735363,0.014606321822675817,4957635.478287063,ok
828,4957629.543212133,0.08749901633296672,47880.1228302409,1225825.453814435,0.019529747355649614,4957161.999861017,ok
829,4956981.433656274,0.16774088130082065,29372.367915374438,674907.2720090506,0.02176029888368172,4956661.857903895,ok
830,4956652.053293509,0.13833948162036316,27672.39925709689,428324.0563829879,0.03230311121301285,4956205.100998143,ok
831,4955983.825933414,0.18078519082894084,24852.567397942188,280985.16091792955,0.044223985559865835,4955434.286142548,ok
832,4955301.97713629,0.10249306879615153,26992.17782761629,493813.06903256505,0.02733035992799561,4954933.124168655,ok
833,4954788.8925287565,0.1653698012854317,16710.68176908315,8189.870188537735,1.0000000000000002,4946268.080948211,ok
834,4944475.174729598,0.04105300045792417,148290.64655951355,2837482.264015789,0.026130673738492906,4942537.70747774,ok
835,4942501.929242509,0.08683716578832221,79988.89132224981,1306673.4559320402,0.03060783509419128,4941277.78584503,ok
836,4941338.9448394915,0.13527356926773085,38768.10961230793,230298.26340775075,0.08416934856271083,4939707.401573954,ok
837,4940021.9530668985,0.0916974576196816,46836.64404646306,1329519.9423823096,0.01761411865794901,4939609.459964012,ok
838,4939802.345335104,0.12428304728413044,29368.25160749409,431469.12346215383,0.034032854276848525,4939302.602621442,ok
839,4939230.123804744,0.15707140170318354,25189.546263925557,214888.85473716128,0.05861063919470334,4938491.936100967,ok
840,4938574.12457526,0.15770294681947689,18256.585219856035,72342.86280011793,0.1261809701276176,4937422.30775813,ok
841,4937835.801454748,0.06485314252645724,61529.260837797745,1836684.8252540105,0.01675008689345717,4937320.491221986,ok
842,4937455.190765001,0.12082535187562353,33410.10382733331,1134433.4603045792,0.014725457682799295,4937209.201229958,ok
843,4937175.841096416,0.16086374707408216,17258.769126420273,9042.85095970444,0.9542769865016313,4928941.018000073,ok
844,4927320.503090181,0.05862413307880726,95096.24615958038,671020.0268659348,0.07085946942875666,4923951.268316414,ok
845,4923697.955152513,0.11337611938618752,48191.98282844753,311111.28033744596,0.07745135884525986,4921831.687874759,ok
846,4921947.635711386,0.07831757905462162,41116.696682026624,451776.7834957947,0.04550554409178637,4921012.1168845,ok
847,4921055.602893354,0.1686549875447611,25873.40723769199,122921.38089853142,0.1052437218348932,4919694.096056232,ok
848,4919676.178378233,0.08616189293688357,59206.08158485525,1876974.8856129567,0.01577167655216669,4919209.288793894,ok
849,4919413.218031504,0.17490000828270935,20360.64530801591,26688.60983935899,0.38144821762108194,4915529.952100325,ok
850,4915199.834884139,0.05340731533562434,130882.91342524701,3821021.51077099,0.017126691521665627,4914079.039242293,ok
851,4914409.450697491,0.10027574457102198,53002.25860354768,535466.2722056268,0.049491687296407384,4913097.865093086,ok
852,4913177.056492142,0.17492638911556938,21282.05938676199,44338.267693852424,0.23999651422683776,4910623.2464579465,ok
853,4911274.1318910085,0.09797076245526976,72933.25669884798,1579385.8492849967,0.0230891193345393,4910432.14955732,ok
854,4909952.170521226,0.15872242923482763,31388.39909346905,220034.24646145303,0.07132616762674683,4908832.763413588,ok
855,4908183.990861114,0.10601421645348448,29380.06950500505,591448.5262548373,0.02483738499700485,4907819.128812347,ok
856,4907787.770629223,0.18048612059268448,20973.449450987355,127510.85431944102,0.082241819972614,4906925.323302248,ok
857,4906931.2787233945,0.16278288551772543,19551.324397697208,113813.02184092706,0.08589229985046654,4906091.624614574,ok
858,4905823.499350098,0.12278120608677426,41845.81301585032,3469771.5309267673,0.006030053080277797,4905697.3331132615,ok
859,4905881.856750112,0.14691100551700256,20765.41293305094,392150.76410113636,0.02647631323713997,4905606.960961455,ok
860,4905698.98700323,0.18508277338169585,23649.123619322956,861465.7266744815,0.013726096632199015,4905536.681925196,ok
861,4905372.03624065,0.16904301071469002,13928.983140921671,5618.987753485671,1.0000000000000002,4897062.040853214,ok
862,4897745.145108833,0.05922302789719727,104420.77595940788,784292.0063475374,0.06657008812680458,4894269.49497989,ok
863,4894988.324876146,0.09565341156953926,62084.04060547962,1072399.711948302,0.02894631540542252,4894089.772765641,ok
864,4894122.901823615,0.08116380506808127,57026.51660468869,1866672.664538477,0.01527491072431495,4893687.364348588,ok
865,4893724.960830875,0.14890173819474253,34016.72218098862,230679.44924249183,0.07373158357342445,4892470.907433684,ok
866,4892765.808425257,0.11483192267408923,38078.028084852995,928739.877491144,0.0204998347802806,4892375.511783008,ok
867,4892171.803203465,0.18388566670714235,19549.70469407361,63976.43456771052,0.15278832609359355,4890678.3198755495,ok
868,4890398.029823331,0.11702178209692556,29165.366925266644,198374.89082188322,0.07351073214062569,4889326.046085418,ok
869,4889380.6119741015,0.16257699893687974,20616.778703762167,132155.7002647547,0.07800185184013801,4888576.538515165,ok
870,4888901.85447027,0.10717598300167078,24858.58959729148,251989.540014354,0.049324645768779665,4888288.783907171,ok
871,4888317.27102796,0.1794605259545593,16221.935079254396,29268.173242449106,0.27712585518878413,4886069.512212132,ok
872,4887486.256396531,0.041390985253955605,186672.45721022354,9906213.894461725,0.009421988016763229,4886606.843569084,ok
873,4886691.343089165,0.08228008686927075,79120.02430566965,3012340.418246662,0.013132649920044826,4886171.815298729,ok
874,4886127.813960049,0.14312610819673688,34216.03952560511,506854.8214300992,0.0337532939205984,4885550.361940596,ok
875,4885563.582446545,0.1519462651269299,26607.583094412177,195325.38440046553,0.06811091957167233,4884657.448970475,ok
876,4885466.226670021,0.056137242854537826,72457.94548274315,1938807.265569246,0.01868621671929547,4884789.244233858,ok
877,4884766.847460584,0.15794695497048922,21783.40520425367,124617.79063964053,0.0874008642443563,4883814.903240066,ok
878,4883988.262844531,0.07309723295179135,87881.1906863497,4714659.569214869,0.00931999324619153,4883578.736792699,ok
879,4883664.396900006,0.13160719403043752,36382.7363821795,1254122.3546121672,0.014505257899429889,4883400.52641285,ok
880,4883401.896029886,0.19848283284051113,19684.76126952676,48882.36606248681,0.20134828625483814,4881420.149556409,ok
881,4881822.322260105,0.07432174741916105,70996.44597370779,2162177.5369078345,0.016417811387320434,4881239.519130522,ok
882,4881496.511570422,0.12310226744198424,47010.25415530952,1540729.8580427384,0.015255839273157483,4881137.92112963,ok
883,4880907.620880052,0.16341482731412613,20489.00719333806,104762.75014203064,0.09778765432159987,4879905.834903644,ok
884,4879984.5822971,0.11801835997987536,39818.73786739327,2351953.6308414266,0.008465034630199717,4879816.048799611,ok
885,4879810.395056591,0.18702979125509442,24576.48285463661,496586.4931154774,0.0247454201789189,4879506.317359212,ok
886,4879470.663517436,0.1487508020953259,17700.228000917137,34256.80302128094,0.2583461741879626,4877184.27042429,ok
887,4876841.057686636,0.040256860263636625,126883.95489639534,4538387.151342001,0.013978969914331323,4875954.204192582,ok
888,4875865.975269929,0.15346983714459486,25288.23516829156,338230.2501393563,0.03738316599102594,4875393.2981234705,ok
889,4875286.127975319,0.16358303448624945,14981.349838947332,35814.22511669306,0.2091536224800869,4873719.42618109,ok
890,4874129.975455871,0.05018285669944403,105768.84018169266,4476683.868986089,0.011813302354723559,4873505.235811484,ok
891,4873560.635758674,0.15005017263034812,31545.748141148266,629207.8031686264,0.025067829723572316,4873165.244037221,ok
892,4873322.024965588,0.1495892684364231,20276.998194033433,57389.45437337748,0.17666136065792407,4871530.943920081,ok
893,4872437.692981986,0.03239815736059366,154378.96704588982,4715471.543370116,0.016369409254833104,4871174.14673603,ok
894,4872127.466856355,0.07312719199535132,28035.435783831665,169830.42250401733,0.08253949843164433,4870970.4514524,ok
895,4871319.896760378,0.16323423496271547,21958.963129530228,198420.34595935783,0.05533445429539784,4870712.353139545,ok
896,4870550.692412108,0.1174194956801159,19025.86570722599,80571.89854312879,0.11806762687267298,4869427.523005484,ok
897,4868986.263373068,0.16309195009830535,25560.977229019696,732048.9000185572,0.017458517612943435,4868763.134987489,ok
898,4869086.014555095,0.10366966702545638,20636.17976011501,90616.4531495194,0.11386552354937575,4867911.139848873,ok
899,4867615.670948049,0.15337820783906198,27868.83400364531,1031912.5003484787,0.013503486969212,4867427.507729641,ok
900,4867372.980414389,0.1809558106333833,17616.531160967046,31794.272726329455,0.2770393792712619,4864932.743985515,ok
901,4864173.9916084185,0.06187266854132868,101971.16422441363,5182884.242845696,0.009837299025650793,4863672.431191185,ok
902,4863766.532037359,0.10789850706240242,37662.994918852404,242205.95266361986,0.0777499365821935,4862302.384304141,ok
903,4862301.760212815,0.09630608191387856,63109.81805204736,5459813.427862227,0.00577948485656934,4862119.3890939485,ok
904,4861817.080394676,0.17812182468959373,25821.680367500077,432417.00117810845,0.029857383378948568,4861431.596489565,ok
905,4861648.143197743,0.07521277385368473,33935.02175079395,737125.1693145876,0.023018493441451928,4861257.57665994,ok
906,4861109.711560458,0.12431786831518597,41738.53028850297,3516417.356716772,0.0059348089339818335,4860985.856459235,ok
907,4860962.637739794,0.16478879552911943,15535.652444717569,14538.6959253541,0.5342863116637879,4856812.3945178045,ok
908,4857875.470340945,0.030841874253695094,126973.13521374785,2220569.918233454,0.028590213298656162,4856060.375831465,ok
909,4856114.412331743,0.11877414880216604,52509.896956252516,1856222.4906308374,0.014144289604638672,4855743.054736913,ok
910,4855957.81035504,0.10340552605985259,35496.30687309554,802633.8208492297,0.0221123916978346,4855565.356234338,ok
911,4855583.049348215,0.1775883316610992,21088.500683070677,81680.97504016619,0.12909065221552826,4854221.885194502,ok
912,4853879.304191848,0.1497614030797774,23922.943696378796,148301.77150470013,0.0806562978097015,4852914.5361562185,ok
913,4854034.403512915,0.06812430741773008,84936.61053482574,5844418.333525325,0.007266472528806163,4853725.808739345,ok
914,4853903.565878563,0.12022108085088591,33571.912790293936,302075.6729668931,0.05556871306543998,4852970.791884111,ok
915,4853409.101174615,0.14906348846970416,24067.935533173768,183161.26239628138,0.0657014895461389,4852618.451567201,ok
916,4852890.100058065,0.18553890816418953,16031.693572394193,19540.54794236396,0.41021607018597056,4849601.870890219,ok
917,4848744.023647672,0.07168204236068969,80102.01094539827,1709624.3656378256,0.02342678677123143,4847805.75728249,ok
918,4847721.440420575,0.08784642077183624,43083.583899886245,359363.23026019265,0.05994434081179103,4846430.131902232,ok
919,4846039.683214999,0.17750889687760846,24260.808772675264,133405.34525825965,0.09092892314662775,4844936.678606817,ok
920,4844167.998721097,0.1995545394457913,16850.070778099147,38872.39595329568,0.21673568563080256,4842341.992899587,ok
921,4843194.238343859,0.04636149651329351,108216.45347285632,2201460.1438006116,0.02457833583260583,4841864.348175824,ok
922,4841779.326429482,0.12225548449334286,25364.9866038134,289368.9081292739,0.04382811333773588,4841223.476675641,ok
923,4841223.152123677,0.19514581803146083,19536.80514497511,66043.17460489535,0.14790934310664539,4839778.314115979,ok
924,4840407.483891444,0.09092802396994863,71141.37497834099,2285457.844169014,0.015563921942346695,4839853.864487927,ok
925,4840075.065709231,0.09833449708186469,38557.560519682855,454537.7958672911,0.042414031209563365,4839257.374921609,ok
926,4839333.961244576,0.15815948003015112,21472.72067841673,251081.0229921008,0.042760540845598424,4838874.868669759,ok
927,4838796.570608987,0.15779973079983717,24583.579957104776,522101.40208562795,0.023542917007023198,4838507.186017654,ok
928,4838538.901551137,0.14635889611769223,23111.248512192877,298464.7796499204,0.03871687731346535,4838091.503864532,ok
929,4837577.20475572,0.16083362803835582,23102.825119891808,402529.7037788971,0.028697043849193558,4837245.713362967,ok
930,4837090.42145142,0.08529873074346313,36645.67249957425,740909.0865222212,0.0247302085817213,4836637.293889154,ok
931,4836619.394155478,0.1951881550183379,14974.95027457473,21892.151146938755,0.34201641889971884,4834058.554722422,ok
932,4832649.851380692,0.09806987465683742,58256.2186203779,1643574.3851978711,0.017722416200032343,4832133.6309043765,ok
933,4832114.737923865,0.15950824809404052,30417.706185603496,325954.17335603305,0.046659482638958055,4831405.1007070225,ok
934,4831550.121670684,0.16413317991839702,23652.01590288423,311549.905926723,0.03795863111004633,4831101.22259735,ok
935,4831088.980771862,0.17327257764668555,19222.76910792994,200010.05823515024,0.04805450605221534,4830627.110434644,ok
936,4830737.540266274,0.18587604576453953,23109.64195463204,454414.4796406033,0.025427933076548826,4830443.725051751,ok
937,4830410.574256051,0.11856439025596535,28844.220445299132,567648.5679226902,0.025406758754676816,4830044.155180891,ok
938,4830214.415243204,0.15997523170856692,24276.036547802363,573291.1747270987,0.021172518972892247,4829957.422821007,ok
939,4829890.6481888965,0.19740487716282273,13939.70452900701,16019.746227775324,0.43507881869058884,4826858.213099208,ok
940,4827335.00823876,0.06663769783587993,74679.81834742911,681371.187812899,0.05480112725865348,4825288.739124305,ok
941,4825076.438091703,0.152178972848072,25923.85894792968,217505.52767472324,0.05959356349485168,4824303.99052458,ok
942,4824440.63428879,0.10324441399516016,26175.549564931105,296023.81145827106,0.044211898759064755,4823861.998915127,ok
943,4824096.195616804,0.19164419034428304,18583.29048174421,76379.29274279982,0.12165136527462826,4822965.854287604,ok
944,4823068.530730057,0.11150088674411412,30088.638419531097,408212.40053728916,0.03685414551337543,4822514.08520075,ok
945,4822621.503421599,0.16200491962057095,23096.633742520222,380332.7393100407,0.03036372017883562,4822270.853559583,ok
946,4822323.27540715,0.19184200023948697,13992.203784629353,26387.43366746166,0.26513006078880524,4820468.398487156,ok
947,4819494.950283602,0.059504866387021835,38650.63879053374,369282.7557825361,0.052332038506144596,4818483.616924865,ok
948,4818249.92150674,0.14199287389358825,24894.367385986585,254961.13875213763,0.048819925083147336,4817642.250931351,ok
949,4818183.196040817,0.094906844257031,26753.830937874885,282441.06435946637,0.047361793864055375,4817549.641327839,ok
950,4817471.6305726115,0.19814333054919372,14838.76088423131,13395.273257890647,0.553880484501888,4813362.180538629,ok
951,4812106.027146398,0.08328025725335635,71260.98503948117,833043.4993329317,0.042771466974140096,4810582.058712318,ok
952,4810742.874783568,0.1063312971486778,51326.96760908986,1637869.505291886,0.015668820819746212,4810340.758254224,ok
953,4810354.990187833,0.15701967008735238,29128.794278494683,179303.56413790712,0.08122759416006632,4809171.95924782,ok
954,4808664.399673415,0.1665308305502458,23300.153786155977,148325.38837599935,0.07854405116098855,4807749.355437895,ok
955,4807529.091677672,0.1903519046244066,21123.775437423334,154952.85621009936,0.06816194278078286,4806809.172891332,ok
956,4806626.454294261,0.08978147362474326,37188.612358777464,698207.8848747049,0.026631475499199676,4806131.26048482,ok
957,4806107.710414266,0.21202212774897425,15666.297786729032,51953.21698235477,0.15077312529125853,4804926.682074742,ok
958,4805301.672534061,0.05805955050834046,53936.94754373617,1039722.3426923691,0.025938149700652783,4804602.160224168,ok
959,4804579.145729139,0.12087696684677408,27829.229676191804,509876.35590956407,0.027290174719464565,4804199.413459053,ok
960,4803917.434243677,0.19110499087762386,19743.373654512005,205753.76274272075,0.04797815940600701,4803443.808879472,ok
961,4803534.844350982,0.12394817326634451,27078.564732716484,494729.1998102082,0.027367057314491006,4803164.314034465,ok
962,4803433.657101239,0.13382619188747452,25710.12617486043,677591.9773928982,0.018971687263611554,4803189.77486459,ok
963,4803573.817416368,0.10171046413970289,28329.966543873823,488502.9002665417,0.02899672297586785,4803163.0793204745,ok
964,4803407.447197296,0.12909581328144404,28650.677151137683,915339.1124280709,0.01565030749922702,4803183.251243557,ok
965,4803221.3644754235,0.17095029486451704,16571.20274869424,91747.22088333585,0.09030901747839255,4802473.099956089,ok
966,4802390.09247734,0.06342467331854872,61746.00046372686,1979075.8190909175,0.015599705647479867,4801908.4827612685,ok
967,4801795.874221249,0.1404608953999912,29790.585895643955,938220.4000899128,0.01587611284767898,4801559.394869509,ok
968,4801519.776631157,0.1985612099166076,14104.135685027826,10781.195510822601,0.6541081492710861,4796906.961586156,ok
969,4798471.532249173,0.03238188848553219,211967.42929036106,8012809.899864999,0.013226785106553715,4797069.708430767,ok
970,4797312.260071504,0.07322695476510109,70742.98694890698,709065.559752144,0.04988465874272289,4795547.76519031,ok
971,4795483.4262770545,0.11215520235273806,56216.972178187236,1444669.2130372392,0.01945669350148259,4794936.5280784285,ok
972,4795138.189232869,0.1125121326581515,36196.18835710504,817569.4805698311,0.02213646009136554,4794737.561493356,ok
973,4794670.3582599815,0.1580583792910628,25751.59150476873,128621.57051782685,0.10010603742861147,4793381.41336847,ok
974,4793245.646340276,0.16138173832904215,27647.544952548746,282171.23107941425,0.0489907224892952,4792568.409739136,ok
975,4792654.586365152,0.1677798376424856,19862.523627388542,46983.61710377712,0.21137712304606437,4790555.344814757,ok
976,4790111.190702503,0.11412465550276013,53548.616594875515,1362484.5632882635,0.019651091116085595,4789585.04633058,ok
977,4789601.826358231,0.16378826329504695,25739.972828663693,268568.5042122859,0.04792068396880581,4788985.087806586,ok
978,4788852.947832818,0.16219815580520003,19278.94817845276,246426.29387961252,0.039117067977882204,4788475.879869599,ok
979,4788603.926181741,0.20262983371171675,16368.271295869155,45746.63080892876,0.1789013858117221,4787139.772972655,ok
980,4787313.710291386,0.07018966159760778,55832.27333061642,1654168.682172362,0.016876233340753933,4786842.59105505,ok
981,4786816.452619285,0.15063067540113081,20729.35372066023,261744.156536397,0.039598503353364636,4786406.026927874,ok
982,4786646.793028408,0.09667577493808091,52150.065435106095,4267399.307310493,0.006110286579670161,4786487.46710593,ok
983,4786443.454892885,0.18295222314592288,14117.203466514486,16811.68332760969,0.419862877244717,4783479.810059835,ok
984,4783892.2190044075,0.0439922876339505,77669.10084018874,1665966.962321048,0.02331051653388705,4782986.965574754,ok
985,4782925.358456136,0.1640415058730048,23190.300440633553,185977.06943602758,0.06234720363902324,4782202.433264125,ok
986,4781985.125499333,0.18629110609472413,23044.30859292549,702223.8836663077,0.01640809229715405,4781796.068928175,ok
987,4781774.591096097,0.1583298584221118,17444.46130651229,140199.11017664132,0.06221316698990977,4781231.953503941,ok
988,4781730.583436265,0.05218819680967664,109040.46224964337,7077965.383472858,0.007702811213534209,4781310.624388591,ok
989,4781277.157644935,0.1937071763362947,15047.116655127307,56030.653175362924,0.13427575623679888,4780266.92616091,ok
990,4781459.3986483775,0.052342181824164155,98373.19367691068,3628726.4942743904,0.01355478207466579,4780792.685047237,ok
991,4780811.452410763,0.16370258667025864,18850.167967103996,94737.33436710926,0.09948648066272997,4779873.783975288,ok
992,4779705.25712209,0.14497316605184987,23207.59283404165,453117.7844105342,0.02560878609546595,4779408.097981752,ok
993,4780083.104898713,0.07359986782152242,29548.375342476353,411455.46153248067,0.035907137108379075,4779552.606116336,ok
994,4779327.271599213,0.1905863217514669,14840.194303885772,24677.234148837386,0.30068593211012135,4777096.1527707325,ok
995,4777631.521037528,0.051978468517667895,115876.80643658689,3048580.03188836,0.019005045828632904,4776530.399029127,ok
996,4776634.042064177,0.10744386773321857,57488.17240708383,2996008.353084752,0.009594127524359675,4776358.267635569,ok
997,4776388.810189828,0.16748825886165303,20332.50637980899,207514.3926608951,0.0489905931802882,4775890.759415634,ok
998,4775991.134539987,0.19517844343078444,15437.066763997565,32352.224636591804,0.23857813392123825,4774149.6612491,ok
999,4773756.530921992,0.09619776835792858,48666.72622950268,666427.0426586457,0.036513168819914274,4772868.042726627,ok
1000,4772693.843477959,0.19568853312810638,19504.491449346555,118802.33658171659,0.08208799595423215,4771893.301170368,ok
1001,4771739.713520162,0.21441631687828994,14134.455946997607,20541.80046565763,0.3440413115351791,4769308.295139241,ok
1002,4769365.4279542025,0.0867642279366028,63918.77059809535,738837.8987515551,0.04325628849447323,4767982.983563601,ok
1003,4768033.199120632,0.1515861552445758,28903.812717410627,278895.9856405,0.0518182659586,4767284.326393328,ok
1004,4767220.179112713,0.1911660173702773,23668.36497553811,441191.28944005433,0.026823245995605705,4766902.747924686,ok
1005,4767154.869794588,0.13346316881045164,23270.653879096855,497963.8934650958,0.02336580441321494,4766883.001021034,ok
1006,4766812.2715735845,0.19611200004433144,16936.56724127677,40622.20903596378,0.20846437999324996,4765046.936079001,ok
1007,4765038.8091779575,0.1055766322125753,47578.08757460954,552163.3469289478,0.04308334466533494,4764013.89760521,ok
1008,4763533.163900621,0.20389720425694868,15271.229243708429,21054.14550838105,0.3626656146560161,4760763.98903051,ok
1009,4760764.444111056,0.09640238722116405,63798.247441393105,1774121.8221070503,0.01798023299370237,4760190.890434263,ok
1010,4759824.944901781,0.14710076129360816,27844.99147145093,239283.30882386086,0.05818414917512684,4759014.876333004,ok
1011,4758372.603264971,0.1917818970480424,19006.0495032322,107962.46219292867,0.08802156377866056,4757536.132165707,ok
1012,4757723.83484257,0.18625620398105572,24422.699946826757,378367.2828583623,0.03227379989401612,4757329.728177093,ok
1013,4756681.19270937,0.2015544129132594,17308.710164121003,99771.33168292808,0.08674190206826068,4755930.497488378,ok
1014,4755629.007400317,0.16515582306427742,32342.376707863143,1108420.5631840585,0.014589397644769487,4755393.079503033,ok
1015,4755272.431867857,0.22817836665118651,15209.999309587085,87542.8412394278,0.08687174813065561,4754611.772253313,ok
1016,4754430.795878803,0.1500017453414072,36446.07489348164,2112302.73594639,0.008627095508909721,4754273.583994288,ok
1017,4754436.362286411,0.16897540662489335,22509.088429692383,381913.0527990994,0.02946886505281741,4754104.703641714,ok
1018,4754462.95722237,0.07787684066312317,72968.50297012001,6064894.838918572,0.006015644533675952,4754243.480934359,ok
1019,4754240.413676115,0.184340046043935,21200.479752122657,436887.5495182267,0.024263085289911866,4753983.2191519085,ok
1020,4754077.769313744,0.22860973634413456,13986.496182740177,28143.35362328347,0.24848666527021343,4752340.040416113,ok
1021,4752508.297088791,0.06777844672939169,60863.02631228752,1032855.192461431,0.029463484695876316,4751611.678666643,ok
1022,4751735.773303016,0.1379443683101651,35843.66208027105,1007705.3822237815,0.01778479241679352,4751417.0372582385,ok
1023,4751189.840029654,0.2075866992101422,15126.860922961152,36360.05962051043,0.20801479811694543,4749616.534569138,ok
1024,4750224.859707779,0.0717886869354476,81783.54664403075,4783211.652347272,0.008549020259630053,4749875.275109197,ok
1025,4749664.953877043,0.10829047205605953,37853.349971092655,860842.6584291556,0.02198621873605016,4749248.827860865,ok
1026,4749504.351402293,0.0960776448430223,57546.685953524175,4990299.585421636,0.005765854831805853,4749338.448483663,ok
1027,4749393.036019589,0.12788983059462866,39536.40870190295,2727472.1047361577,0.0072478117435645605,4749249.759795944,ok
1028,4749160.318039121,0.19456435249272103,19410.683390440718,108084.1126077427,0.08979434128716812,4748288.833274632,ok
1029,4747853.210748005,0.14422909742270323,19879.48212575604,206454.27082978302,0.04814500093860066,4747374.661905203,ok
1030,4747492.786106147,0.08916496893119907,46124.15263358139,1798195.5967330087,0.012825121115127994,4747197.012184218,ok
1031,4747263.556635754,0.15754709798844427,25683.52455075355,982264.5853015452,0.013073628498409607,4747095.668206501,ok
1032,4747099.881518978,0.2109060410966445,11257.835787272092,3476.3160977673974,1.0,4739318.361829473,ok
1033,4738798.606744177,0.10438896862628082,65283.40375579383,1084304.1927158525,0.03010382335250348,4737815.96671692,ok
1034,4737611.3772338275,0.14440482594383355,38593.623249726115,527815.1166740108,0.036559793411110576,4736905.889787329,ok
1035,4736836.032330824,0.12024986094771234,36000.84861559044,605667.1890656202,0.029719992485584337,4736301.059855659,ok
1036,4736441.100371724,0.17945993601651303,20861.137853124954,177377.49200714187,0.05880435453525582,4735827.737498562,ok
1037,4735589.574882456,0.21745733739088416,14777.435303908873,27197.659879395687,0.271667403913377,4733582.3011397,ok
1038,4732970.138576001,0.08053841697112966,44037.29765357416,1065207.7016824102,0.02067075631542129,4732514.996451708,ok
1039,4732573.913821202,0.14557427597764278,25887.20582390602,504776.6971409509,0.025642235438492745,4732242.010907912,ok
1040,4732230.368856142,0.22617374481182298,15643.323653700761,44728.71460869818,0.17486891575751518,4730862.60333306,ok
1041,4731191.187854766,0.09716504338607274,66677.2766382944,2725115.2493959772,0.01223384527554815,4730783.328111872,ok
1042,4730608.3335261345,0.14475472963026537,26807.10799547099,342552.21717135777,0.03912849873930468,4730083.872580431,ok
1043,4729790.517060532,0.17367684478384873,16802.992860239945,117346.4258723217,0.07159567381507798,4729189.006262562,ok
1044,4729556.069740098,0.07459421780749008,33913.27594760622,409376.4596720899,0.04142064736058678,4728853.714818164,ok
1045,4729009.592855117,0.18148885449222038,18499.256254626613,115667.12749073117,0.07996764792187402,4728269.921849624,ok
1046,4728389.290173585,0.10126165938837337,35075.276128269325,572436.297521584,0.030636837915529628,4727851.992398792,ok
1047,4727767.931220029,0.2060452428309254,15699.442281475222,74969.5073326083,0.10470551855051798,4726946.022097511,ok
1048,4726602.236513266,0.1785797623084738,21433.03574783184,213176.45067292193,0.05027064593714597,4726063.510237548,ok
1049,4726365.328854176,0.10183151874359433,33592.3842718557,938886.2936004477,0.017889484861385817,4726064.853629231,ok
1050,4726130.813001057,0.2054119891647055,15280.88275307123,62362.44716247751,0.12251670234539395,4725194.731319141,ok
1051,4725021.745295911,0.11017230061781011,25178.547127112688,784359.0679785089,0.016050395893301872,4724819.682471206,ok
1052,4724893.28330627,0.2048199399827614,12080.211031944422,6913.074548715498,0.8737220282246932,4719615.910064164,ok
1053,4717847.84184183,0.09052808151517312,81755.81773491061,1398832.7203337913,0.02922287152226534,4716653.271962897,ok
1054,4716618.139398521,0.14453175169864185,45012.966198249196,647634.998111387,0.03475180180928656,4715835.9985584365,ok
1055,4715737.649215887,0.1652041814460981,25716.74584138253,230884.6657654461,0.05569175795223224,4715021.543823528,ok
1056,4715376.808781223,0.1091516656203154,38198.674218401386,1009609.543673955,0.018917548104486485,4715015.496152696,ok
1057,4714632.992708694,0.19523035450058399,16737.917808098362,46169.721845883876,0.18126509256401965,4713115.992598288,ok
1058,4712743.572884748,0.1271606329095278,47630.86931312642,3112440.7661067448,0.007651690890282612,4712561.344540338,ok
1059,4712264.178007117,0.18086891927488571,19139.413716322164,312425.41015664215,0.030630373033240395,4711971.054316233,ok
1060,4712239.736176898,0.16008197524911277,19724.525338422234,290096.7813544103,0.033996456710639694,4711904.454190996,ok
1061,4711721.224355662,0.15358549389079637,26735.323286945888,984492.6832584052,0.013578223455383731,4711539.715258791,ok
1062,4711835.390475191,0.12903422779477572,26200.965209702375,439490.31815773016,0.029808353139077596,4711444.886663414,ok
1063,4711430.331261378,0.2004867688532851,17261.3310480371,89137.06950930787,0.09682464962702547,4710594.670095967,ok
1064,4710500.562261097,0.18817065906818561,16344.298718951639,132189.62644681445,0.061821412005909744,4709995.348448572,ok
1065,4710200.349745307,0.12654173529567916,26488.807649671042,426585.3483744196,0.03104748879750725,4709789.144265926,ok
1066,4709932.111648971,0.2098414137358244,15883.354646761545,40532.163620606814,0.1959351935346272,4708376.057565625,ok
1067,4708528.792311661,0.12048750278868997,31160.054793224714,385418.04042474483,0.04042371078282323,4707898.989790192,ok
1068,4707852.631764218,0.2318569131664034,16775.764791410496,186301.2791490692,0.04502321419378809,4707474.982338483,ok
1069,4707394.409046741,0.21139904639647814,14913.12131300494,67203.87620231241,0.11095432403415292,4706567.071399479,ok
1070,4706536.249272591,0.07081561432456555,55259.52185002988,1907499.6085251246,0.014484805554627727,4706136.037558072,ok
1071,4706156.438430492,0.19792346486099294,18127.572682851533,314908.38961291744,0.028782295551309036,4705895.561853198,ok
1072,4705469.80117728,0.21678343083028978,12424.399897446372,15898.342667953062,0.39074512849980086,4703042.41431005,ok
1073,4703713.031103158,0.07034083484096952,51254.47357722447,474417.24868239206,0.05401834958528013,4702328.690067406,ok
1074,4702125.7470844425,0.15838654794030851,26714.674115400194,292424.96635302086,0.04567782711676838,4701515.61295158,ok
1075,4701238.463742102,0.16311865517156435,21238.038676365526,347282.0758082957,0.03057750479481873,4700913.760627372,ok
1076,4700864.79311309,0.20551840049230366,11035.02308199474,5944.27804136709,0.9282054948641718,4695743.40858276,ok
1077,4697122.676797442,0.03246524642001139,150444.0177102402,2665763.1651876974,0.02821781388438672,4695000.076151558,ok
1078,4694659.8309141295,0.0957945097672939,73772.21873121016,1093310.3509958,0.033738004338849235,4693415.367196309,ok
1079,4693200.1134637995,0.13916722382341226,30093.932951193776,238553.85394036738,0.06307576351023136,4692251.014564838,ok
1080,4692306.856463311,0.17209726811640216,28571.062609318426,682465.6481134789,0.020932234969112826,4692007.828365384,ok
1081,4692145.085177364,0.1728615918068382,19265.64668964831,103078.31989033126,0.09345149741548818,4691244.883411451,ok
1082,4690721.5193113,0.13249915239111368,31345.2926326096,1117787.4935052698,0.014021132287995949,4690501.771063996,ok
1083,4690358.048222982,0.2170776541460197,13921.990252470183,22686.125815720115,0.30683930710688123,4688222.141301674,ok
1084,4687781.763814485,0.04161113000189274,161386.70742182087,9975530.534769574,0.008089129037263217,4687129.024863867,ok
1085,4687084.208422892,0.1513164736634306,34502.9675052981,533512.3722876472,0.03233567701284307,4686526.370016274,ok
1086,4686398.842517728,0.1594855525705995,37990.66891129342,3076533.552237188,0.006174265332433549,4686281.560282721,ok
1087,4686122.179570204,0.2230194845867155,21152.485039782012,496100.24364825257,0.021318760986922283,4685896.707183783,ok
1088,4685970.810198929,0.08852796192724147,26583.25107960729,582383.4053712741,0.022822809539585227,4685667.457960762,ok
1089,4685633.400096893,0.22848811855637213,14127.793569432764,38301.55317590956,0.1844284682731703,4684330.616432848,ok
1090,4683786.577733992,0.13215882380472446,31809.448222283274,611735.4274146133,0.025999351023954936,4683373.065228887,ok
1091,4683409.38101173,0.2206578426695281,19149.139035944812,184860.82591011788,0.051793393602102084,4682913.481564115,ok
1092,4682062.627536696,0.22725582813706247,13158.91383972674,49236.37659288062,0.13362999828900352,4681183.414719753,ok
1093,4680962.380012916,0.1326626899449501,24395.343432904134,545416.751268948,0.022363947730012657,4680689.591920221,ok
1094,4680580.381286733,0.21226272354485665,15487.319544408312,198130.82917275783,0.03908356818843252,4680277.731431997,ok
1095,4680357.546939163,0.1250323038759688,17854.306433666614,234957.74928809056,0.037994717109276474,4680018.362278097,ok
1096,4680176.795061275,0.09210513848810192,28313.19721144998,859105.5871059217,0.016478298847309884,4679943.518398789,ok
1097,4679881.532400998,0.15184148478778997,15667.82027577786,199921.84228844478,0.03918486368581108,4679574.561700119,ok
1098,4679641.553227255,0.222983841047314,10512.736261257885,4250.835543227068,1.0,4673379.652509225,ok
1099,4673419.424332521,0.06422529621947924,112183.97605215429,1758115.190460606,0.03190461485710825,4671629.831057979,ok
1100,4671494.739959421,0.09989687362757303,48709.61218409965,416374.55274627253,0.05849254218686844,4670070.165436628,ok
1101,4669535.735654985,0.18242991116857557,28839.743870417,530137.7511900977,0.02720023598175675,4669143.51173552,ok
1102,4669284.8231119905,0.11289130874947766,36048.43934791199,938930.8510208908,0.019196535777217704,4668938.820534163,ok
1103,4669111.1296526445,0.18880476097268675,24647.499856572435,514620.0449097136,0.02394727926007688,4668816.009371581,ok
1104,4668851.549399253,0.21100122885747868,16580.22363370441,35458.88164108842,0.23379507286112303,4666913.362103005,ok
1105,4667180.863080423,0.08211388824858412,80553.72246290001,3995886.5304748574,0.010079580819994816,4666774.889202465,ok
1106,4666729.006636131,0.15898985702492893,31190.016441508975,478589.90738857415,0.03258532614247687,4666220.838207063,ok
1107,4666231.651716625,0.18564626878231327,21160.847415967633,210025.31064690842,0.050376898267140174,4665698.642787864,ok
1108,4665905.2832141835,0.1815364666413601,18141.94403782652,173838.6372456714,0.05218041375976749,4665431.956141033,ok
1109,4665249.036308324,0.18910672989910626,17566.383775595157,145378.50054696132,0.060416030257241245,4664718.390721476,ok
1110,4664591.1030745385,0.1734301169105451,20186.966282089546,264977.54380435625,0.038091843543154,4664206.623693924,ok
1111,4664097.768679444,0.2208788240444997,12640.803833802293,26129.893220062277,0.24188395504228097,4662568.964866326,ok
1112,4662887.894073125,0.06543421350563644,81664.97541104135,4623157.039042579,0.008832165414388946,4662527.254787428,ok
1113,4662490.355284853,0.1741969665925801,24299.918660821946,252820.78227996975,0.04805759724671803,4661906.457432788,ok
1114,4661873.093121785,0.21223329554311746,16898.655075006973,109940.78137509176,0.0768534426608848,4661223.733212358,ok
1115,4661333.252431442,0.23952754883656036,14319.873893637403,68397.63670971851,0.10468105758106343,4660583.742659636,ok
1116,4660253.3764467845,0.21358457279610024,14438.529751143875,60921.98256822376,0.11850016317980806,4659397.892380991,ok
1117,4659038.013300046,0.170714871622413,31664.76077687873,1518693.0813046666,0.010425003302733302,4658872.960682207,ok
1118,4658839.807652361,0.19877943134212042,19940.307404223593,168297.72110797954,0.05924116878394903,4658249.164094091,ok
1119,4658202.293723346,0.1944511833366154,12838.98173350126,49621.20894502781,0.12936990055728745,4657371.804828285,ok
1120,4657313.617182529,0.1411162611437099,20982.156420774256,291280.30059670744,0.036017122300737274,4656935.758735558,ok
1121,4656859.755753039,0.2402345231977915,13114.09942967745,59881.08276043057,0.10950118823121256,4656141.751017973,ok
1122,4655837.017512269,0.19614269190986158,16046.437382309243,112362.6738001675,0.07140466152864601,4655264.122297257,ok
1123,4655027.372995746,0.2459179134696721,12998.166397459529,38395.68240460253,0.16926599012473112,4653927.299243211,ok
1124,4654024.309983182,0.16972742090390044,25434.695213750623,364817.57682698674,0.0348594706359405,4653580.989977713,ok
1125,4653518.874502845,0.2398206633348558,11710.322062729327,16647.869429982606,0.3517063283076687,4651459.577314854,ok
1126,4651162.3173268,0.13541964213215968,36404.39912445305,491388.9970121465,0.037042342569539845,4650488.065215097,ok
1127,4651101.198070587,0.09063248531861624,45198.475378864256,926963.9809626577,0.024379844474606966,4650550.232170474,ok
1128,4650374.377388254,0.2176573820464932,18505.33147595088,142397.57753721456,0.06497769061806774,4649773.16053654,ok
1129,4649185.66488409,0.20966241513190836,15188.997497732225,208710.03987093404,0.03638779789205416,4648909.317798525,ok
1130,4649033.944329295,0.09650297391584207,39422.210468349134,1569796.404798514,0.012556472402358777,4648786.442380402,ok
1131,4648677.868612498,0.24835576498178555,11631.173786447953,32593.936992308267,0.178425419874757,4647640.220079256,ok
1132,4648175.121109078,0.06760080376959669,49885.17498404982,972880.7352407495,0.0256378676116478,4647535.646353065,ok
1133,4647460.959655689,0.20971370129045233,22076.15137325397,513526.5851994997,0.021494652866586857,4647223.70005049,ok
1134,4646991.871780906,0.19770100595059217,18934.9334676168,323325.48565845395,0.029281535646742653,4646714.649816256,ok
1135,4646542.558127427,0.2585614161685145,10907.24883305849,18930.293211633907,0.2880898016507021,4644971.424550991,ok
1136,4645907.632706944,0.0790135069189756,58665.24261511538,566287.2926338818,0.05179812736239859,4644388.257852581,ok
1137,4644368.628841622,0.13843675705268324,28299.046249079074,313788.57089452265,0.04509253821515309,4643730.590929403,ok
1138,4643813.038963728,0.18688106547487224,18818.701617594805,163299.94756431924,0.057620047949441776,4643270.8717189515,ok
1139,4643515.622176195,0.13759839716242303,19543.125270116143,214756.24809844687,0.04550071404944022,4643071.00909892,ok
1140,4642809.184983546,0.19227085675101788,15138.413377614035,110057.78999785817,0.06877483810054992,4642288.614018973,ok
1141,4642625.192796946,0.17405626110495345,18825.301059972437,191564.07830701454,0.04913578063889838,4642162.694865274,ok
1142,4642558.864072892,0.16222457329664822,17097.621532681536,251240.0995983946,0.034026458276389705,4642267.978320039,ok
1143,4642204.399554682,0.23712157598543643,10669.699853402582,19944.815477271513,0.26748053561993185,4640777.431038836,ok
1144,4640176.283136259,0.18071192848867038,18677.8932987721,183411.76738665518,0.05091792518251225,4639700.763349482,ok
1145,4639749.234216546,0.1740114754092223,28665.80895795454,1205650.721420094,0.011888106749602442,4639578.843118068,ok
1146,4639643.650929958,0.1989356928024428,16395.751386126838,133540.57233732598,0.061388651775098224,4639140.394393741,ok
1147,4639095.326736072,0.0578268830009522,102829.61892449905,8187468.768010699,0.006279695339191105,4638772.457396726,ok
1148,4638746.28928305,0.2049189571962716,12962.44037526529,144154.48807755086,0.04496023865830622,4638454.892076617,ok
1149,4638489.939276211,0.09601728588117402,54627.78363536952,5297830.756114955,0.005155674666684669,4638349.117736118,ok
1150,4638420.999482439,0.12259678130712356,38059.25352240024,3550735.6283789575,0.005359347682521735,4638319.013096358,ok
1151,4638176.319868189,0.25315681937287277,9691.46196809152,8756.699508939999,0.5533741313263743,4635494.817694252,ok
1152,4635974.178659627,0.0714407236417396,63083.088782516905,924793.9218875025,0.03410656541392727,4634898.404912591,ok
1153,4635380.5588014545,0.08370834827842329,59603.45130542782,1708046.0434310362,0.017447846776337317,4634860.582858596,ok
1154,4634864.8254289115,0.1620741714878918,24922.50191127503,203139.29007653863,0.0613433814351836,4634100.410158381,ok
1155,4633690.439640141,0.2487049698427808,12598.53901181636,28610.95770450087,0.22016982342807853,4632303.530585299,ok
1156,4631834.1526561715,0.17331930032972478,22295.070215494074,296113.53472227516,0.03764615189981879,4631414.490856197,ok
1157,4631216.073195929,0.20328610210754786,18035.684790860367,314205.0359370162,0.028700502423639862,4630957.256588403,ok
1158,4630653.530141454,0.21366487298386574,15248.358715343433,145918.8058078775,0.05224946377172257,4630255.170858317,ok
1159,4630603.451852245,0.08115513522474789,56142.09234532976,2245472.116034535,0.012501177802304603,4630252.5307129435,ok
1160,4630213.2143618185,0.22767161304969483,19318.42582812064,587888.3135498156,0.016430353676764885,4630054.510077402,ok
1161,4629998.144442709,0.24347069478004832,12194.625658087356,30943.341621850923,0.1970476525630963,4628796.683262803,ok
1162,4628693.759961839,0.11897107835275232,38763.87790948004,1035159.2754104894,0.018723629701385004,4628330.859713955,ok
1163,4628413.576607496,0.18911678654766803,26855.357829944478,607124.9078115341,0.02211683088966679,4628116.598903692,ok
1164,4628036.242910182,0.20057933725752475,17799.613623148423,234216.47306353005,0.03799821035286525,4627698.0661788555,ok
1165,4627592.793459076,0.2387559028329205,11832.722877804885,27996.446243092025,0.21132544421998822,4626342.5157498345,ok
1166,4626226.9609079715,0.1816531052417346,21335.306546741325,298939.17953160725,0.03568502894162375,4625846.285392173,ok
1167,4625806.449904319,0.16775250640196723,18638.63529426267,353003.85529365763,0.02640004494959059,4625560.419499535,ok
1168,4625733.69462262,0.14290892792845553,25868.09106189981,922629.1295990911,0.014018683256369891,4625552.3763350975,ok
1169,4625567.754270826,0.2201344960279118,13798.292955203573,84605.78674969474,0.08154461701316995,4625005.166013592,ok
1170,4624713.3368727695,0.07984837694532679,49423.61648759122,1839050.4937925518,0.013437264679358579,4624381.277764692,ok
1171,4624406.243751254,0.18422316556359825,20856.858843774145,591651.3770369606,0.01762596999961957,4624222.4325671205,ok
1172,4624338.009628076,0.23716817107005492,11200.749409632603,16089.043328119242,0.34808624668369065,4622388.596217055,ok
1173,4622832.976880162,0.07747024540820205,61837.251774713295,1135365.8197463225,0.027232302883897695,4621990.991495244,ok
1174,4621958.05122186,0.17650906642382064,31135.31659465696,602443.0641570946,0.02584087895361514,4621555.769248207,ok
1175,4621538.758130984,0.16602925909991048,17701.441095433926,73917.42987045048,0.11973793681989424,4620478.9911132315,ok
1176,4620301.819559585,0.20690307539691435,18252.492457092638,328504.485736211,0.027781192113993512,4620048.2815598305,ok
1177,4620102.460985009,0.19494953349191388,15986.786011911046,125236.85240954052,0.06382620492421916,4619592.273044971,ok
1178,4619435.762714205,0.14492554561732748,29974.57734882982,1237891.3758157715,0.01210711130816165,4619254.309942017,ok
1179,4619340.248493524,0.22646554868589938,13536.31673615556,54015.22046230602,0.12530094869835573,4618492.191829064,ok
1180,4618515.312279045,0.06946535606587183,27207.53809830737,215800.39294009717,0.06303866672258507,4617657.748815784,ok
1181,4617704.689869834,0.19213301903344698,21522.214674134815,489773.1234553797,0.021971616697027248,4617468.250944188,ok
1182,4617652.237325456,0.2058381440575303,14210.00825875415,76552.43276521559,0.09281225785688543,4616992.805850126,ok
1183,4617071.22457702,0.058019479934327524,107852.74580173846,8461474.148175377,0.006373165237702446,4616727.542891853,ok
1184,4616667.057082878,0.20605748243387273,23181.85327379348,692672.2680887707,0.016733637494797587,4616473.098718308,ok
1185,4616707.297138133,0.1330883763129353,23426.608718512714,563357.6320493048,0.02079195113883043,4616463.754686221,ok
1186,4616498.2275773715,0.25911365164190264,10456.462844014683,12340.011864767686,0.42368123137179564,4614283.124050599,ok
1187,4614729.465952024,0.10853264890549881,54981.62781104876,906465.5107716159,0.030327479180231817,4613895.738865656,ok
1188,4613449.987607116,0.16687905929017724,30269.6817069144,308542.0048734272,0.04905277276481673,4612707.581697899,ok
1189,4612561.179698434,0.22972113959002013,17605.361941498086,110860.08402567191,0.07940352064599376,4611862.215838232,ok
1190,4612091.008122313,0.1455458572168163,22652.034163578166,521802.5681859373,0.02170556024889707,4611845.1705761645,ok
1191,4611876.4750006795,0.2215570025058093,15580.209042540111,292918.2428702082,0.02659480831558123,4611669.298664178,ok
1192,4612425.173743826,0.05861498633718002,53847.59354515058,1037649.5226543521,0.025946908069405805,4611726.584464089,ok
1193,4611662.938326241,0.13095247221000816,28740.509303285868,1036055.1495951756,0.013870163820196168,4611463.620540085,ok
1194,4611557.4215061255,0.2331863129969566,13897.219716334928,75640.34672590651,0.09186380230839944,4610919.095783797,ok
1195,4610624.173739229,0.11075649351540587,41203.12517007729,1768909.7906149952,0.01164647439589111,4610384.238168067,ok
1196,4610348.48074441,0.2378472586801037,18241.188351463432,689667.63529081,0.013224622570386188,4610227.864328818,ok
1197,4610103.762499293,0.24614026844050557,11831.218451404697,27835.745406158414,0.2125184412842622,4608846.5864474,ok
1198,4608260.607917998,0.12994605479286442,34625.288859248154,1270624.502293622,0.013625303461701535,4608024.71788392,ok
1199,4608036.877011541,0.17895809587610756,18332.372310646395,352262.2142583116,0.026020917896694116,4607798.364434168,ok
1200,4607756.215564556,0.23561927591652912,13099.964604812065,39801.064078860596,0.16456801982550268,4606678.297947157,ok
1201,4606564.180477607,0.07140598546149779,36840.303377360324,825673.5247939264,0.02230924346675341,4606153.24082889,ok
1202,4606144.735264676,0.18880071157326198,17771.55500920926,131348.0237813066,0.06765063720638369,4605543.606754416,ok
1203,4605891.764522215,0.1340866786760824,26280.203639636184,367203.5332285148,0.035784246693620084,4605421.555877116,ok
1204,4605435.15747056,0.21975817640147546,13875.528371051456,76939.66796945794,0.09017148590087172,4604809.568965121,ok
1205,4605371.142023079,0.07285396641368534,37606.99984513664,640300.3264385543,0.029366688015225892,4604818.945507258,ok
1206,4604703.929843975,0.254679969700866,12931.198390989044,147592.49622443266,0.04380709968928758,4604420.690695467,ok
1207,4604192.911269287,0.2423141448131245,12206.49399504645,64443.65497869836,0.09470671704670745,4603614.892782826,ok
1208,4603577.135541736,0.0923071348890947,39625.04509785373,1556050.5549763513,0.012732569957682365,4603324.871212344,ok
1209,4603208.633059267,0.20601894349639205,17234.522487639326,505880.1821946271,0.017034194157272496,4603061.844958136,ok
1210,4603135.36006455,0.24151145389869422,9333.546055037801,7927.006420669977,0.5887182096068585,4600387.945803148,ok
1211,4600091.932351338,0.055738076206339554,118286.70028641529,6054505.63580633,0.009768485438915777,4599514.191396655,ok
1212,4599469.700535221,0.13761837120408543,35428.16556736936,390989.44255729363,0.04530578285649989,4598667.150147121,ok
1213,4598372.5760953985,0.2068138035463204,14621.076438047647,58841.264199138444,0.12424169192358829,4597464.302458195,ok
1214,4597480.900062922,0.1617466033141083,25772.991242018972,559372.5328825471,0.023037412213651357,4597184.028551311,ok
1215,4597179.272565102,0.23504055775927093,14661.485193134436,111645.15607552255,0.06566108960077341,4596697.928018629,ok
1216,4596853.112310255,0.1488239186477025,19047.52170715353,486637.11028018844,0.019570560182089938,4596666.72697531,ok
1217,4596727.2210301105,0.2649066238684161,11486.966416100153,38363.7484924321,0.14971121002899587,4595867.357209252,ok
1218,4596209.520280731,0.06029058916200539,52517.92977279404,1002986.0199426468,0.026180788529733018,4595522.03987403,ok
1219,4595599.262447913,0.20754368846717838,16936.416432011556,210323.29195972183,0.04026281700472571,4595258.308530154,ok
1220,4595389.375150245,0.23959190868347863,11092.273050808582,15881.435322914078,0.3492213652378262,4593452.545781047,ok
1221,4592983.121273529,0.07833475127155552,91061.6611922866,4352196.905116516,0.010461574140318994,4592506.797113577,ok
1222,4592555.101130376,0.11872254339633644,46173.90591412942,702455.4189325896,0.03286607567516,4591796.323587379,ok
1223,4591430.565339515,0.2061988518560928,21469.931819804675,396784.57910607767,0.027054896977315283,4591140.131942768,ok
1224,4591262.4735902855,0.20210027681026316,18881.615473816433,453590.5546713944,0.020813501603329572,4591065.977323316,ok
1225,4591099.468641294,0.24042047293644056,14688.423354847859,121421.05974654348,0.060485484913032135,4590655.250436681,ok
1226,4590515.822281596,0.2530091270808511,11237.934131284326,28846.61250957711,0.19478776108552293,4589421.316267266,ok
1227,4589968.776437629,0.11399621778009128,35603.291271182854,596025.8364076278,0.029867238210487087,4589437.090446892,ok
1228,4589509.079767615,0.2063992859664658,17207.291452599588,178980.57992949724,0.048070275164427786,4589095.500150135,ok
1229,4589066.72006181,0.22611336420305897,13772.40233885362,71053.66758249016,0.09691549224298993,4588399.34048579,ok
1230,4588248.754509236,0.11462675016286691,27752.38964843662,1024870.169796579,0.013539466005701504,4588060.878241125,ok
1231,4588458.742222471,0.1158178490319179,26799.523807703146,814558.092652328,0.01645034531572802,4588238.311512004,ok
1232,4588334.919414285,0.23539525850067905,13442.42765401913,157717.7473875209,0.04261545665178177,4588048.491817793,ok
1233,4587790.197973419,0.2610637567957078,11397.727928161148,51933.87663141031,0.10973307470434095,4587164.844108318,ok
1234,4587296.448183207,0.13600319879653325,31038.53662966444,501699.95839195297,0.03093336576023352,4586816.384980093,ok
1235,4586825.629814943,0.24599179191656115,13930.86504895001,85156.33877777868,0.08179581960013312,4586255.886552734,ok
1236,4585967.5575893335,0.16489822115055,24882.011393530418,1009888.7255085845,0.01231918466116142,4585814.294542784,ok
1237,4585796.589773722,0.274862244723746,10351.265619229824,16361.905912782215,0.3163221226918078,4584159.422617111,ok
1238,4584408.68006256,0.06096062792213301,54428.77504418672,1114440.2973828833,0.02441978057146962,4583744.110690883,ok
1239,4583974.083090818,0.16592325127354723,33013.28858561454,765649.2296617007,0.02155901639201109,4583618.216075932,ok
1240,4583582.022285086,0.20434805615436252,16527.99213293856,176822.19983321463,0.04673619078523055,4583195.794588275,ok
1241,4583247.553146964,0.14780109579127362,31699.402566527177,2904259.707829635,0.005457398055874326,4583161.055017994,ok
1242,4583402.335136126,0.10057641408906776,22863.78650388957,708800.9473710808,0.016128496010544707,4583217.955891418,ok
1243,4583214.49994549,0.19485030381458285,13458.892987507954,143723.9153722102,0.04682203707244084,4582899.413552281,ok
1244,4582687.89831139,0.26340437081156104,10481.044961348976,27978.119547035953,0.18730788793236383,4581706.307113872,ok
1245,4581034.637921017,0.07996145146004714,26101.434698594632,590323.0688885032,0.02210775427406219,4580746.1158687575,ok
1246,4580785.197326762,0.23663360035627853,10555.0624458292,25055.48665191136,0.21063375444403923,4579673.571111083,ok
1247,4579323.266839609,0.1505088173987116,26342.346772116278,1161951.8088688336,0.01133538696314811,4579173.966492519,ok
1248,4579277.8417794285,0.21127346335924094,16691.456803738525,166863.46897812403,0.05001531163758435,4578860.427572567,ok
1249,4579268.500270459,0.13147458217319785,32498.838814919247,936261.276014357,0.0173556461468032,4578986.481097132,ok
1250,4578681.384682274,0.2340529359202721,13668.508969623983,118298.45405104768,0.05777129159999759,4578286.560973563,ok
1251,4578170.039373248,0.17619837438875993,18345.169006637632,291894.93265196367,0.03142426769791034,4577881.797622333,ok
1252,4577996.308458103,0.1579159629332452,22972.282997369326,868838.451449869,0.013220111839568373,4577844.460382885,ok
1253,4577876.530016029,0.23621654866174902,10725.739647812175,10512.669969348146,0.5101339468986127,4575140.7480660565,ok
1254,4575297.261330591,0.05943261145152958,100286.65830379928,4707887.500193771,0.010650919154256724,4574763.188785668,ok
1255,4574931.2639821,0.14358653248038036,33591.57547437116,325831.6562359588,0.051547439960905786,4574065.484122122,ok
1256,4574295.054304791,0.12556310190673553,37428.70715726929,1396721.0500853383,0.01339877678330345,4574044.304858547,ok
1257,4573730.812600304,0.20264282336721695,20973.571782166746,212680.65922314028,0.049307661210890114,4573213.733714395,ok
1258,4573275.696332399,0.1757691224769021,25770.742938401694,522841.26341500995,0.02464490156159111,4572958.137620956,ok
1259,4572981.706270097,0.16781658987903458,18180.006884655377,297979.13454491494,0.030505503199780373,4572704.411141001,ok
1260,4572607.577385788,0.23282599873012075,12389.32926943016,28535.345786156246,0.21708742137340367,4571262.793613965,ok
1261,4571199.931765705,0.1689854068940485,30622.72113761446,639291.2169777878,0.023950525460354047,4570833.21663457,ok
1262,4570239.282197133,0.1945006505976864,18756.930554613682,100493.31497780081,0.09332427017039456,4569364.04376981,ok
1263,4568904.428850283,0.22892339395295325,15615.411051966577,178718.08000840983,0.04368727285798889,4568563.331488574,ok
1264,4568753.595266697,0.16648715240830203,15556.018910431852,254320.45192333878,0.03058349966113026,4568515.71651716,ok
1265,4568489.374510866,0.237863854031975,12570.274500800184,115885.84355759449,0.054235591315141274,4568148.496375593,ok
1266,4568044.008754971,0.23873991161827893,12762.79533795051,67052.63898873911,0.09516997041752456,4567436.691327593,ok
1267,4567916.530690347,0.06385911806595623,44148.34082772581,1300997.189687526,0.016967116138940076,4567541.9956772635,ok
1268,4567449.777651242,0.1929517765472944,14803.276296447853,295095.63249421347,0.02508216772191322,4567264.128521791,ok
1269,4567224.169258645,0.2549397206904547,9710.76070563461,6902.495808399275,0.703423875594253,4563808.778793382,ok
1270,4564474.57144673,0.07730772488972126,83793.87977678631,1091157.8223532112,0.038396773619821044,4562865.864130472,ok
1271,4563182.16817174,0.11028893937122547,47461.11821104837,601316.5634818454,0.03946433633578205,4562245.657405763,ok
1272,4562436.503318839,0.19376029484261584,22412.154477424774,173305.9372581085,0.06466066550289573,4561711.910906906,ok
1273,4561436.779299105,0.17224945345696613,17721.535344532167,204905.1279586795,0.04324326950984319,4561053.6107345885,ok
1274,4561198.234138574,0.22009163988958783,13935.953175402039,142210.39348274085,0.04899766055809892,4560856.819586954,ok
1275,4560985.325349884,0.23762124597893336,10149.083683867371,13673.254106897257,0.3711290525474776,4559102.015443974,ok
1276,4559003.732325051,0.07462705982040102,46319.44291437978,847099.1344322363,0.02734003673928031,4558370.54468954,ok
1277,4559063.966917329,0.04579069474422712,141232.12202752737,9626006.439475026,0.0073359665254509095,4558545.929857573,ok
1278,4558566.007011529,0.18430717105235261,24625.88549488083,341195.75115342333,0.03608762039332586,4558121.662207735,ok
1279,4557986.22495866,0.22318712337327853,13651.419341634342,106995.28434485446,0.0637944906881817,4557550.782286624,ok
1280,4557468.337161235,0.1828404513409447,27500.125313048622,1590610.4933558109,0.008644519015786788,4557349.474483131,ok
1281,4557332.26002343,0.2453468903235644,13321.854263676752,95457.30785857885,0.06977912201029826,4556867.466376396,ok
1282,4556750.690941531,0.2467295408808675,9756.800420409396,18682.293243047472,0.2611242713482282,4555476.822241297,ok
1283,4555646.412025344,0.0872068926992583,70725.30667775852,6286996.8055919865,0.00562472901329071,4555447.506683121,ok
1284,4555455.738148367,0.15791108670120316,26780.91118874014,396794.39604001713,0.03374658444777942,4555003.856007857,ok
1285,4554941.768225103,0.25416746257605544,11916.654665619893,87595.20219266652,0.06802116079034268,4554536.475883556,ok
1286,4554299.777726147,0.19658789946303648,14992.937039141245,184747.39711344373,0.04057685594870618,4553995.594602905,ok
1287,4553869.197588308,0.24529978604327082,10762.462708505478,25506.649099715018,0.21097366938383383,4552733.899463698,ok
1288,4552291.210380027,0.1031615251987451,56350.22110724864,5910753.618030403,0.004766754355599905,4552156.906549077,ok
1289,4552101.733858234,0.2283503805493907,15871.555029001427,139414.1279927315,0.056922333688551666,4551650.010882476,ok
1290,4551190.860556057,0.172290729828627,14181.85749038365,285537.4705726929,0.024833618967660488,4551014.7671334725,ok
1291,4550888.373625995,0.2767501515389381,11287.785772839303,63362.217980429145,0.08907347416662238,4550385.652478777,ok
1292,4550187.349052589,0.22439187361134438,15156.714964037237,139780.44642217096,0.05421614879616377,4549776.479695713,ok
1293,4549559.42827641,0.2537286598953995,13518.925967512563,110550.1426724533,0.06114386485943987,4549146.128585209,ok
1294,4548901.204858659,0.23149226302358572,17724.143537686163,1263041.4437095784,0.007016453666646913,4548839.024542702,ok
1295,4548785.9426062815,0.24372372052417396,10483.27691076577,85484.7553681693,0.06131664567334817,4548464.542918365,ok
1296,4548438.507542363,0.08739166021133023,59213.0070317165,5459132.016358363,0.005423298690550432,4548277.942630614,ok
1297,4548286.966240566,0.21503092587323266,17907.192766880664,895744.1888650116,0.009995706915816383,4548197.468715275,ok
1298,4548149.175303503,0.26738855724440863,9693.351197448566,18804.351608331835,0.25774223433350485,4546899.9823055975,ok
1299,4546485.177882461,0.04766083873859116,130622.36652601251,8875484.445288226,0.007358604892567677,4546004.578689762,ok
1300,4546025.340364767,0.10496094610426321,50804.17661291361,4583547.781979915,0.005542014508133716,4545884.561622837,ok
1301,4545903.431470127,0.1800637119335949,23662.62487178383,695620.329084612,0.017008290214090064,4545702.201074603,ok
1302,4545835.89829223,0.18499729839051413,21673.253725459123,602989.3443508556,0.017971506402647403,4545641.147783184,ok
1303,4545628.584921485,0.2580245761731986,11967.421550557665,56208.92006613419,0.1064548254661098,4544991.590035263,ok
1304,4544824.796909484,0.18746837205495856,17368.040682644314,251514.07756666103,0.034526975290361445,4544524.963953738,ok
1305,4544543.071007704,0.163444923098555,28536.378378238594,3130327.9356401446,0.0045580493425847685,4544478.035897351,ok
1306,4544568.68868044,0.16128650626247473,15867.092376722641,440351.54870224383,0.018016392156998663,4544425.754801115,ok
1307,4544431.672339372,0.264637137639571,8980.349188413686,9438.90959353624,0.4757090371203165,4542295.65570666,ok
1308,4542259.598179081,0.14358731840593955,33901.855807155975,399099.8604945831,0.042472898593779534,4541539.643137163,ok
1309,4541580.241077755,0.2045309994635346,26599.930170716936,1158281.9657900056,0.011482493449932317,4541427.524315778,ok
1310,4541531.449844775,0.2174121448814402,19232.883070431097,125148.32696801246,0.0768403523098913,4540792.5190892415,ok
1311,4540565.660264181,0.1529244500852137,28896.110495697947,1301047.3294220138,0.011104942088669039,4540405.21544736,ok
1312,4540349.518950623,0.2655993525128699,12524.219888602158,51569.66856421623,0.12143009871206165,4539589.110321942,ok
1313,4538999.627123594,0.21900903912329997,11869.70949175765,38384.18149745822,0.1546172020438114,4538081.99648825,ok
1314,4538354.76700175,0.14894052916001294,24621.53177520461,670887.6611394621,0.018349966172716923,4538128.864864153,ok
1315,4538153.067232187,0.2765118021184413,11366.098112064863,77815.28063310972,0.07303255876988181,4537738.01961801,ok
1316,4537758.904912932,0.20611482732554356,10648.375386897958,45979.49915165262,0.11579481707463563,4537142.391572897,ok
1317,4537116.631228324,0.07640553914441031,54760.57841416115,1869814.8943609213,0.014643315383600475,4536715.69301817,ok
1318,4536673.174357679,0.22127353746028477,18143.53559745277,591033.0943988228,0.015349001409056215,4536533.931780953,ok
1319,4536742.87325908,0.16877873518723505,15477.679772667567,307948.770747217,0.025130283415504495,4536548.394019429,ok
1320,4536472.620988658,0.2683674336897632,9941.14779307325,53830.59735070364,0.09233733492039083,4536013.651442027,ok
1321,4535919.919164984,0.2772682440246967,11171.598459824756,119447.83186933077,0.04676350455672506,4535658.707617243,ok
1322,4535577.519184284,0.25676128357807354,11365.468525482398,126855.37215017223,0.04479695393596686,4535322.949999285,ok
1323,4535244.385652301,0.2374747234452036,12809.903124434237,127642.43952314346,0.05017885576415833,4534922.992511684,ok
1324,4534934.662645825,0.15070307578370548,18655.631736266252,489910.5106176854,0.01903983618635268,4534757.06255972,ok
1325,4534840.746761695,0.21061588838223122,13146.243627352951,203856.79684988823,0.03224381975606461,4534628.804206699,ok
1326,4534484.617968297,0.2348364433867508,11858.590085136035,186236.87967356364,0.031837383943292524,4534295.844725514,ok
1327,4534228.198103504,0.25257814041310456,10191.478553297942,48015.36560374541,0.10612726181661065,4533687.401247143,ok
1328,4533184.521067023,0.09521646957802965,34313.19367413307,796497.9901974826,0.021540037825849068,4532814.967322189,ok
1329,4532856.29921818,0.176418144486581,19500.31190767779,703243.8845890848,0.013864544246319395,4532721.1177495485,ok
1330,4532696.111895436,0.30059039665819465,7393.355069231915,8438.91616121416,0.43805122174410766,4531076.777785004,ok
1331,4531249.434349046,0.10263299602295135,51239.929282187055,672320.1141118146,0.03810679481892257,4530273.1396132,ok
1332,4530465.573474077,0.16382515571996994,30035.952692230356,454145.03490862553,0.03306867892794823,4529968.948836139,ok
1333,4530107.558021538,0.15533508828032608,28792.25755521318,540989.5678506803,0.026610732688989846,4529724.4664868815,ok
1334,4529805.566833191,0.20712018627394232,17897.26891765985,194132.5567806319,0.04609548551375545,4529393.075183125,ok
1335,4529514.900855811,0.14090891767208863,23281.005470477307,759094.6280615067,0.015334718893960432,4529336.397018583,ok
1336,4529379.133848393,0.2757484766222191,11417.747563508638,40408.500881328604,0.14127902934385264,4528572.589701861,ok
1337,4528282.273714004,0.16359742722396262,22068.263877189886,871582.7295704121,0.01265987905018893,4528142.582938237,ok
1338,4528059.108397463,0.2722444944700694,10387.758500726843,36259.6650918678,0.14324123615604734,4527315.130713196,ok
1339,4527323.787890701,0.12395217531858368,23162.535543158192,386059.11237397545,0.029998690356932495,4526976.3650248805,ok
1340,4526995.924863663,0.22315069720056924,15562.315157124036,265727.1674035355,0.029282506770357757,4526768.073064187,ok
1341,4526811.748158069,0.22004229448498228,13840.45861674147,173945.24875560706,0.03978395131731165,4526536.43409216,ok
1342,4526390.9417173695,0.1708474853012188,18415.18052000743,360662.66751615383,0.02552964609122266,4526155.875196679,ok
1343,4526214.947752922,0.2422616401961704,12029.894226290939,95069.16114973307,0.0632691720469899,4525834.387029167,ok
1344,4525849.953735407,0.10408613520423655,19668.498518849705,527021.2987426758,0.01866006038633846,4525666.446050373,ok
1345,4525607.56845155,0.3003774162068615,9427.244525551945,23857.946277886454,0.1975703276331439,4524676.296556755,ok
1346,4524892.8063692,0.07590846612813235,36909.59465338209,764422.0403270397,0.024142157542704552,4524447.267744721,ok
1347,4524344.951837486,0.23466363357869302,16563.980480687413,136134.92140321914,0.060836632915173994,4523841.103437427,ok
1348,4523634.606967633,0.24829087665488742,14700.833354452754,269858.2027709465,0.027238070222624852,4523434.395802013,ok
1349,4523236.363697339,0.1926659281717654,13868.076349922841,235477.01591353695,0.029446772747907926,4523032.178650975,ok
1350,4522903.492821376,0.20323526750812454,14741.382158101427,358011.39038111904,0.02058786752903109,4522751.746009843,ok
1351,4522835.860368676,0.2814478125437194,7448.87889894611,11857.175131543489,0.3141084961767139,4521665.9822941,ok
1352,4522005.538628974,0.08365209883002116,67910.72721095872,2984365.594854306,0.011377749315977164,4521619.203013938,ok
1353,4521304.087883685,0.20124729455219123,24972.2224852918,1183023.1716419307,0.01055440970384062,4521172.304350022,ok
1354,4521107.544934286,0.17273471165291002,19440.50243399403,495010.40974943014,0.019636458194722244,4520916.673627621,ok
1355,4520771.406256757,0.25384852486242443,12761.768026592641,84174.42032875358,0.07580549991761144,4520287.700154212,ok
1356,4520617.470690183,0.17356275499174006,19698.771371642644,330658.1376027751,0.029787216964409162,4520324.084901794,ok
1357,4520342.3230430465,0.2564449827906058,11638.020365608074,105223.1699062271,0.05530160503613253,4520020.5224402165,ok
1358,4520146.043495731,0.09281742414369343,32039.740812445103,778681.8586350488,0.020573062321374454,4519816.465703484,ok
1359,4519707.469675057,0.28467757559919843,8725.11839368481,25363.959403909063,0.17199835117895879,4518957.116686279,ok
1360,4518716.369360261,0.16500895069167631,23753.070025612447,425370.6021483466,0.02792044149930305,4518384.771259221,ok
1361,4518563.109540358,0.1937240771757533,19883.666667958594,441442.41830295225,0.022521246082782272,4518339.207065329,ok
1362,4518406.910493928,0.27899592007981205,9866.77265350953,32594.118651874003,0.15135817536428828,4517660.202141143,ok
1363,4517632.023397922,0.22495939037669624,19121.588221119688,667966.1807485716,0.014313290681640977,4517495.1769726705,ok
1364,4517357.229184798,0.24110954468887968,12256.452874942112,118094.31203439804,0.051892646918388845,4517039.219294042,ok
1365,4517162.82416573,0.1291554328057421,34282.614331373145,3522989.764894979,0.004865556901837198,4517079.422160343,ok
1366,4517074.880133545,0.26126470094274584,8184.167815510254,14113.026765005096,0.2899508359115373,4515888.376983871,ok
1367,4515318.902676179,0.12720586125605485,25100.745283590793,422720.1550928255,0.029689553456563836,4514946.2877167305,ok
1368,4515154.910601536,0.18968933202631508,18427.567602314317,233143.27801740242,0.03951983466780208,4514790.783389049,ok
1369,4514652.969304919,0.28941786259936153,8397.087269985936,17405.13782310776,0.24122438314845243,4513640.178206446,ok
1370,4513178.097156799,0.20458196764053316,15671.242031682683,117076.89146712888,0.0669271358134864,4512653.681484889,ok
1371,4512911.399266025,0.1459670332265955,26738.71706146973,1211569.434688975,0.011034743984084532,4512763.871817406,ok
1372,4512809.041813521,0.23917713151791226,10906.537807405435,40216.44046010617,0.13559800025345956,4512069.5894553345,ok
1373,4512077.518599577,0.12321626975433822,33298.42922858391,1457322.6141852972,0.011424522238406041,4511887.309276964,ok
1374,4511933.300752184,0.24178012350611933,13855.523942925525,129916.18176364472,0.05332485820793575,4511563.878827358,ok
1375,4511617.5775153,0.14319369043086114,13625.241246521682,109575.12216627915,0.06217305980204847,4511194.016045882,ok
1376,4511780.711499859,0.09078771072976696,40263.408586876976,1479264.5641219737,0.013609265564600192,4511506.733789861,ok
1377,4511551.64676661,0.24321384845153876,9937.411298130883,52603.77148679195,0.09445531201718135,4511082.326124207,ok
1378,4511198.7806054875,0.12859262841401753,14263.994631698899,114365.22005243687,0.0623615930838012,4510754.017891002,ok
1379,4510816.3301449055,0.2618557632283819,9006.27260342233,16415.314146149838,0.2743253197361052,4509581.005839123,ok
1380,4509961.314064581,0.09952084045207663,32295.39457032483,241766.29394717567,0.06679052328398838,4508882.800913074,ok
1381,4508812.895849941,0.22933972216400106,13272.560245848636,69435.38355375401,0.0955749040802343,4508178.634013743,ok
1382,4508235.1553748455,0.15376258140309873,19627.1589691631,247464.0050609961,0.039656593621212315,4507845.982241256,ok
1383,4507782.579128107,0.2817191261148947,8919.086149378592,23725.164921746204,0.1879667892467096,4506944.3331348505,ok
1384,4507098.590969975,0.07764054990465877,55322.838724936984,2187881.598853573,0.012643014766869827,4506748.867236503,ok
1385,4506567.1834602505,0.1761971698239097,23119.51462696107,307497.1534196522,0.03759305471587416,4506132.616871063,ok
1386,4506265.430002211,0.2583986325868447,11525.550315282904,49934.96348457188,0.11540561473369142,4505600.373392572,ok
1387,4505523.358065726,0.1177078971707538,31570.945775317312,623196.7021227971,0.025329840215598934,4505123.514559754,ok
1388,4505143.402808474,0.2683857735805003,13005.229499840723,149286.40256069822,0.04355798410559508,4504860.162018552,ok
1389,4504877.558733635,0.2060847880244555,15169.113766515618,220908.02688230883,0.03433355043861111,4504617.153967329,ok
1390,4504512.916127895,0.2606733130116703,11730.542216588678,120692.3749061393,0.04859686548429985,4504227.882336817,ok
1391,4504242.614932409,0.2264742991008862,12642.540196777169,129747.974260208,0.04871960533049521,4503934.645148028,ok
1392,4503937.285057969,0.23578660374646873,14198.749465647405,371863.4608090824,0.019091347983954187,4503801.748424476,ok
1393,4503793.754551876,0.2868310156719603,8283.117570380195,11928.027278819896,0.34721238377314007,4502355.754053534,ok
1394,4502042.969425504,0.1066787181681371,58664.912468887414,2032135.0132686894,0.014434304828625755,4501619.575810843,ok
1395,4501499.806217963,0.20052311712839468,19382.74354292635,159372.27839673232,0.060809645623174334,4500910.477334937,ok
1396,4500956.863308659,0.20944805283745055,14026.527583970415,117000.64187970456,0.05994209672111003,4500536.473572109,ok
1397,4500556.725936832,0.26681110862010826,11050.618618979905,29686.994946284827,0.186118848320194,4499528.361731537,ok
1398,4499208.406115312,0.1761006672815211,17525.114328634252,480811.71317952685,0.018224508521998792,4499048.712817597,ok
1399,4499140.09558234,0.20453651252359617,12767.987821430152,204966.7373759743,0.031146487437153262,4498941.256596201,ok
1400,4499129.084409902,0.0997979476919062,25883.69687520391,850846.3186035181,0.015210559362639339,4498932.2316559795,ok
1401,4499000.801603127,0.16442663102609742,15497.4601869245,400907.7250671158,0.019327964040017034,4498851.034426525,ok
1402,4499022.414681254,0.1264968651519096,25454.04927629894,858865.3506201962,0.014818416680751116,4498833.82032706,ok
1403,4499043.643789756,0.1610700631914358,17717.346049762637,534176.3969125646,0.0165837971802624,4498896.733353025,ok
1404,4498948.156726551,0.1772999929327932,14482.019272793144,315757.88593291247,0.022932157703687672,4498782.104751635,ok
1405,4498571.0527329575,0.26466744916834684,11318.46031865169,65255.23802427989,0.08672453477558664,4498080.258630202,ok
1406,4498176.805367373,0.1096473504127848,42653.64502698686,1842514.6724537008,0.011574845417698749,4497929.950693529,ok
1407,4497859.687833989,0.19376365603164175,20793.48393950855,882766.6222652819,0.011777452508427455,4497737.240699198,ok
1408,4497991.97489961,0.14809253035799239,16086.366234920242,148843.79723063204,0.05403774471701556,4497557.339423596,ok
1409,4497982.545185611,0.08103457457272595,49426.05027110669,2667367.3829301815,0.009264949887932333,4497753.5802461505,ok
1410,4497887.132479914,0.2036066738338597,11595.636346060033,63646.65625400411,0.09109383766983464,4497358.986972421,ok
1411,4497665.104374382,0.04801506231848709,93678.61113327774,3867934.1797401384,0.012109643905519017,4497097.897063187,ok
1412,4496999.515420335,0.26633620712682476,12720.88796576379,218714.67016943995,0.02908101216052133,4496814.547271523,ok
1413,4496725.54377187,0.27151949755852967,9207.101328785178,15243.299439129678,0.3020048699283067,4495335.249052263,ok
1414,4496177.850650182,0.1010747739728604,43531.59771618918,627902.9910425558,0.03466427006814405,4495423.355120316,ok
1415,4495040.656052916,0.2350990164041178,15397.84177083418,134381.7772354649,0.05729140545542105,4494599.574054901,ok
1416,4494587.770288236,0.2745188766048394,11180.164073130387,41855.77868035459,0.13355580072361553,4493841.182405732,ok
1417,4493748.846381659,0.14520006395610877,21490.747990518124,215975.2222008537,0.049752809075783826,4493214.233840824,ok
1418,4493325.002828231,0.23009258523614434,13839.93179226025,196358.8477959575,0.035241426468955825,4493081.133358935,ok
1419,4493056.655414831,0.21819893936240348,10947.090756671429,78035.28469554518,0.07014192874019441,4492672.730384947,ok
1420,4492644.567179671,0.14158679149876927,32493.2574343545,2150294.839321546,0.007555535371281147,4492521.815201733,ok
1421,4492529.120235069,0.26040680401134525,11434.434630163945,107110.1895685382,0.05337696943784803,4492223.952501172,ok
1422,4492473.884757247,0.10452173860276656,21122.511670582106,295972.65543909173,0.03568321478760546,4492097.025196849,ok
1423,4492230.238765666,0.2688794976785169,8951.34421362964,17587.482455381447,0.2544805442262344,4491091.267292146,ok
1424,4490840.361106355,0.10250162413044503,64985.246068956374,5663024.320742911,0.005737680291335144,4490653.928823556,ok
1425,4490587.071711487,0.17901711910938115,23219.76958829126,377482.22172780934,0.030756110157996144,4490229.996815836,ok
1426,4490285.896274286,0.25229118638478776,12963.115651326954,62842.57249146304,0.10313960057163439,4489617.390989066,ok
1427,4489725.525854163,0.25105439528528145,16182.086318415902,199730.36859748035,0.04050982940663347,4489397.759076062,ok
1428,4489617.288601619,0.22548675505524687,15787.445761418754,314617.9801360757,0.025089865739063154,4489419.236154361,ok
1429,4489326.3643689975,0.2491111629910359,11194.826365866817,84494.09159973406,0.06624620818991118,4488955.5569699565,ok
1430,4489147.989812937,0.07685792512670828,34352.01634350583,1056170.6155080083,0.016262531753443464,4488868.664434646,ok
1431,4488944.153503301,0.2175885263026257,11703.621723500026,193190.5974874691,0.030290350244035962,4488766.900102736,ok
1432,4488661.5913356785,0.22226659498785187,11220.969220080271,148635.54670331412,0.03774658710166428,4488449.814689663,ok
1433,4488436.255090265,0.2647119241759843,8848.551229643796,15830.479893598957,0.2794783003774163,4487199.766061033,ok
1434,4488561.276057656,0.026735107987801113,106709.42054911176,1763079.6631917395,0.03026222319300465,4486946.643906929,ok
1435,4487007.125701131,0.14567067507964163,26061.74570621964,641637.2827699352,0.020308783798933572,4486742.484521646,ok
1436,4486648.829909676,0.24107868070878682,16495.242760485762,214099.51546712092,0.038522372936007236,4486331.111963031,ok
1437,4486226.452818431,0.15612832734756693,32008.394573266803,3734665.3058141144,0.004285309653242051,4486157.869877307,ok
1438,4486245.9636645,0.23541932563036477,12815.755342820914,173651.25214313183,0.0369008434567968,4486009.507573658,ok
1439,4486032.959089047,0.2697343257686451,10203.270551631836,27298.954601614594,0.18688024322785543,4485079.564247843,ok
1440,4484873.18253725,0.18392037038383768,25682.601078243188,530225.6695616184,0.024218556883031643,4484562.184769692,ok
1441,4484740.556146154,0.12107958161209718,42585.89613855517,1762527.4058965915,0.012080917435973676,4484483.317798561,ok
1442,4484421.771099495,0.22086069235685588,16483.695130036638,183670.3146543391,0.04487305191657769,4484051.934245821,ok
1443,4484261.637810203,0.18587159947641488,26286.270829367324,1307423.9780071732,0.010052695709862185,4484129.513869206,ok
1444,4484096.638083044,0.22231762909086286,11858.028553774873,174459.93609770288,0.03398496187438133,4483895.140758892,ok
1445,4483776.101743324,0.27909958955496617,7984.201770883847,36277.12762264965,0.11004456932112378,4483336.792720699,ok
1446,4483037.751435893,0.21109852751303312,16812.23908316123,515020.31613490114,0.016321918336477368,4482900.547439208,ok
1447,4482776.326792771,0.26473053073162134,7819.528678821379,10790.70677078325,0.36232699326022894,4481359.713635316,ok
1448,4481054.33794766,0.08084923885576137,81000.28732236632,7593661.705630219,0.005333414264577374,4480838.33390374,ok
1449,4481054.33794766,0.08138263408993594,78429.95204341479,7027447.128344643,0.005580259133297061,4480835.508219553,ok
1450,4480838.485076388,0.16296063953804657,30064.846284420924,534708.9683196228,0.028113280369041458,4480415.874349965,ok
1451,4480180.329261286,0.2571136058984959,15234.070561949957,119081.25570565503,0.06396502317545896,4479693.105423011,ok
1452,4480022.635271227,0.14756444171828217,21635.867006559096,436163.33642920956,0.024802482464124597,4479754.323665214,ok
1453,4479734.707128708,0.23168890272111922,11655.732753322907,135141.6552372502,0.043124130501659495,4479483.3854585355,ok
1454,4479599.411076449,0.2722955601349677,8294.285025551744,13389.190556930618,0.3097381051634369,4478314.883012699,ok
1455,4478966.269835694,0.11888306036974595,39438.82584729248,555035.6867467603,0.03552818925793395,4478265.674801287,ok
1456,4478066.880609434,0.22460427024220456,19077.537373372932,246554.97234488433,0.038688202456300544,4477697.8427953,ok
1457,4477489.016454612,0.19143327794172102,20219.78216367678,872310.159721514,0.01158978944492173,4477371.844945662,ok
1458,4477174.670111021,0.2822568186821026,9090.63016125264,18864.601982453194,0.24094412831259945,4476079.503131013,ok
1459,4476016.027954521,0.13651380314943906,46755.73162176693,3384726.4078214355,0.006906870155549891,4475854.560070851,ok
1460,4475661.770912371,0.19026399268395044,20888.551158739392,226208.37722674143,0.04617103799343739,4475179.5478677815,ok
1461,4475233.225899392,0.19700131324256118,15006.421534770676,140758.98368723108,0.05330537753851366,4474833.264416685,ok
1462,4474971.924116859,0.2386203772726422,13701.709231528774,102091.65473482324,0.0671049424515555,4474512.197912125,ok
1463,4474705.017528721,0.1971320624085246,17714.955163270366,265427.5520831274,0.0333706034363048,4474409.438156899,ok
1464,4474453.360395773,0.26199315647236704,10798.417495540107,48073.01082762656,0.11231268137395797,4473846.960784013,ok
1465,4474000.77084423,0.11914431798012434,17298.946393565784,283238.5872417227,0.030537764225611046,4473736.635271071,ok
1466,4473632.391499126,0.28170692301361216,9323.591021194714,32135.08805577951,0.14506870192810725,4472956.110875749,ok
1467,4472728.691232373,0.2453442467451067,15496.299894056145,317738.25315487396,0.02438532304529106,4472539.7500929115,ok
1468,4472652.168817697,0.24422865327081142,12347.115660237381,199139.09622997485,0.031001234549087167,4472460.780903403,ok
1469,4472449.45576444,0.2521862304873752,13285.518275521154,491766.69278576167,0.013507948454440156,4472359.725716411,ok
1470,4472257.507981848,0.27614571410537825,7633.991221428113,6541.20307241226,0.5835311285185996,4470030.172225577,ok
1471,4469879.72772746,0.07362912372103073,78814.97758518624,2453524.541888549,0.016061583293664562,4469246.781063824,ok
1472,4469001.171430271,0.15332468945102298,30214.501832400223,733958.3510612191,0.02058325366058819,4468690.215052549,ok
1473,4468719.414704869,0.20659268956147747,15331.938620968047,175079.12845541062,0.04378574064261693,4468383.754560865,ok
1474,4468627.124108749,0.2224147709537435,12685.847233244745,75991.18391644959,0.0834692037907484,4468097.685324764,ok
1475,4468547.677605214,0.15291425685575036,18004.975072741465,340304.9725164445,0.026454175705398212,4468309.52421814,ok
1476,4468312.417897982,0.218548259866968,12302.635571170658,96784.75072096218,0.06355668366931116,4467921.4605393335,ok
1477,4468111.028401189,0.19411117224399574,11688.716644219108,97320.39704344864,0.06005275871922659,4467760.058561003,ok
1478,4467913.532462271,0.2518908972014483,9227.58943511484,54326.189678428935,0.08492763333610713,4467521.69379621,ok
1479,4467337.0221738275,0.24819870064267294,10628.885871350434,67824.97222523422,0.07835525413894653,4466920.607646995,ok
1480,4466952.096033299,0.16004887875888998,14687.963728223158,259886.25760251435,0.02825844633671976,4466744.566515895,ok
1481,4466920.769955989,0.18282367892240226,14212.356227972941,157811.3973802221,0.045029562071903055,4466600.781867511,ok
1482,4466707.226720431,0.2842106987787585,9977.244017030147,31189.52588856826,0.15994542611317886,4465909.319447561,ok
1483,4465924.466379777,0.07578487496055632,77810.47088200241,7057980.500955056,0.005512233341497148,4465710.01164382,ok
1484,4465691.871119935,0.11596992959078149,46714.697978863755,3921743.330912027,0.00595585866247906,4465552.758050624,ok
1485,4465421.370388137,0.2450632411767865,13028.58356858453,105568.98729601025,0.0617064911878572,4465019.396299554,ok
1486,4465239.834342409,0.12169764391892748,40473.31745458387,2799226.2856716933,0.007229375785329199,4465093.535931829,ok
1487,4465123.371447435,0.15000358461064303,19710.03914909821,387290.3291938414,0.025446077094314956,4464872.599859575,ok
1488,4465048.497458305,0.25510259705387295,12599.018493603955,92446.18747605094,0.06814244501358074,4464619.233495843,ok
1489,4464553.267710896,0.1347205609855781,22125.667019893,308369.7836066214,0.03587521896781899,4464156.386136322,ok
1490,4464445.918927921,0.22954387376795,12096.088560734337,134729.43941935597,0.04489029499738476,4464174.420436018,ok
1491,4464178.788690106,0.2457965281216439,10978.85877757454,71488.83275955633,0.07678722923411371,4463757.270617265,ok
1492,4463759.245379026,0.20918279754707864,15813.324748054341,259307.72063778347,0.030491426767318162,4463518.159962275,ok
1493,4463468.6188548235,0.2639226240750566,10212.923117696542,47682.64311281628,0.10709266990016628,4462921.754252744,ok
1494,4463256.14154218,0.045756319197438985,136938.23882816883,9444571.330835424,0.007249574069131197,4462759.76958954,ok
1495,4462924.920356566,0.06761542824140249,72544.49546314063,5217339.881022526,0.006952249337542,4462672.746646304,ok
1496,4462684.689428615,0.2252646625533178,13984.585245920414,241519.6447259199,0.028951237614212148,4462482.253903421,ok
1497,4462319.552274845,0.2768740340956355,9386.535952548864,28163.800699364623,0.16664185442770557,4461537.457395952,ok
1498,4461803.795847151,0.10573448400121249,36940.698737058134,696662.5093025231,0.026512621422704385,4461314.098466799,ok
1499,4461037.393631281,0.26730490826475856,10795.266790641817,75456.31756559545,0.0715332204043572,4460651.283531952,ok
1500,4460336.786480993,0.297206292137738,12281.324583222291,330265.1796453501,0.018593126584537906,4460222.612369693,ok
1501,4460251.490716497,0.16664894033362906,13302.203977126002,416016.9983682564,0.015987572658450546,4460145.155740196,ok
1502,4460188.769481321,0.23107573437354187,9993.794492028112,165534.95760527934,0.030186356515275972,4460037.931359583,ok
1503,4459923.632210815,0.25814358734106757,8403.397913742749,15017.483354425087,0.2797871559240511,4458748.050809623,ok
1504,4458561.204443779,0.11713253659942342,51137.65789240398,1936044.8020199158,0.013206734120783516,4458223.523718107,ok
1505,4458185.967579028,0.20767360337812674,23951.82378008337,833218.7429506473,0.01437307068685448,4458013.836950893,ok
1506,4458039.603220802,0.30847043373962996,13050.580255495974,200900.96477816178,0.0324801333580121,4457827.660927253,ok
1507,4457895.595488577,0.2277088510368543,12330.390391199147,255809.49383811528,0.024100728644188295,4457747.0097921295,ok
1508,4457608.801414248,0.28674130243130497,8156.183375459228,8208.072467393882,0.496839142676872,4455582.645836359,ok
1509,4455434.961335372,0.07831406565857754,89276.13523373973,6692921.907285664,0.006669443964119548,4455137.250244735,ok
1510,4455290.651229825,0.12148485486831473,46123.31465691791,719343.5069840943,0.032059311169912154,4454551.310381439,ok
1511,4454209.62099746,0.24792378500043868,16507.540331239597,475482.56519180513,0.01735872305284276,4454066.346087013,ok
1512,4454101.642034512,0.27950877111596345,12554.19706924467,81418.03329924663,0.07709715256264263,4453617.695611137,ok
1513,4453492.806773146,0.27322418087987715,15702.342079180158,512963.94144706643,0.015305502795073665,4453372.640652854,ok
1514,4453393.715794887,0.24140696981318222,13084.195378958215,224991.79159085394,0.029077050514695522,4453203.4908898985,ok
1515,4453373.685014997,0.13276154383576036,39124.956581143095,4661105.594379719,0.004196960977275358,4453291.582056992,ok
1516,4453316.7119702995,0.3321106906137769,10104.679609534202,58335.431684132425,0.08660842405562187,4452879.136782016,ok
1517,4452981.278623063,0.2445728836780024,12094.024125933936,113438.23497715328,0.053306648011447376,4452658.932679501,ok
1518,4452858.635853939,0.23090243362740207,22735.037235798314,1379774.8020916076,0.0082386767758529,4452764.982542302,ok
1519,4452705.252586115,0.2415447111642168,9753.46660457704,50090.14525516315,0.09735913676125424,4452230.45804159,ok
1520,4452323.307269102,0.21665794216681575,16282.262336419299,420739.6048505006,0.01934957174070266,4452165.779867512,ok
1521,4452279.472077525,0.22591660883842946,8781.737764624204,43108.612355845886,0.10185595504831098,4451832.235934026,ok
1522,4452270.615394922,0.07162548858385082,61461.37572763325,2454278.9175252267,0.012521269544540572,4451885.8281688895,ok
1523,4451713.251149967,0.2746613949228775,11949.226279722632,125462.14856622869,0.04762084188847962,4451428.73504229,ok
1524,4451728.2427910175,0.18279659666930792,11609.2575437044,90464.63219515514,0.06416462026098935,4451355.790990116,ok
1525,4451188.582819486,0.27317309769818576,8519.146603431556,24410.65441600081,0.17449648129563022,4450445.302266516,ok
1526,4450886.344919193,0.10248963405104602,25968.616358229803,412244.8614554362,0.031496591936340024,4450477.383462899,ok
1527,4450426.468741989,0.23432451158413822,13012.911333237495,342376.93116518133,0.019003779385707728,4450302.821493918,ok
1528,4450295.055103939,0.23620597001933732,8604.949841471444,14823.380824819735,0.29024923339565106,4449046.265056491,ok
1529,4449224.51041206,0.05092877225970189,132001.82579296397,9768079.74957508,0.0067567950496465875,4448778.5557705285,ok
1530,4448799.421932856,0.1465328208311809,35899.73818434685,1294018.6539758467,0.01387141447847201,4448550.431858843,ok
1531,4448456.405962262,0.2586473960557399,15179.194133122346,250450.9248015296,0.030303729453487013,4448226.412866097,ok
1532,4448205.646189775,0.10694068389693093,21902.06128084915,586059.3264803565,0.018685873845216642,4448001.016612753,ok
1533,4447903.934989791,0.30189308922802577,10413.62245485849,59710.06416608173,0.08720156811331936,4447449.892885889,ok
1534,4447382.081272824,0.2724377129739686,13609.157949138602,123131.24278826562,0.055262814055002586,4447006.0410902295,ok
1535,4447069.9830302745,0.2941996806687378,11437.643530245387,73273.49883436022,0.07804761415925399,4446623.642635704,ok
1536,4446589.047395307,0.17055139962554758,20837.110981517948,1155885.4486468837,0.009013484426986487,4446495.1399076395,ok
1537,4446489.442160062,0.3382286967256657,7463.391846890099,14658.820810129391,0.2545699938474185,4445539.464351789,ok
1538,4445130.00161621,0.19131791627798705,22622.01841683096,370300.705434207,0.03054547032297015,4444784.501520111,ok
1539,4444718.8125221385,0.24092093819051852,13714.588047128167,118980.23721164497,0.057633891008018086,4444323.599985775,ok
1540,4444353.110734301,0.2981769776527766,7904.961126848335,20298.819328461548,0.1947148008693433,4443583.504268453,ok
1541,4444167.857847675,0.05587196991282507,108941.70979256027,8460012.953752618,0.0064386254718579875,4443817.140413866,ok
1542,4443779.718325637,0.21371111193142642,20435.88857869088,474772.1754055634,0.021521784170727764,4443559.8099339735,ok
1543,4443559.666889001,0.2623047092991027,11453.107988645525,99164.69159294783,0.05774791311638598,4443228.97034648,ok
1544,4443034.06754243,0.29102180345715145,10351.671893369337,92749.14358068904,0.055804676430050736,4442745.231692171,ok
1545,4442729.367697597,0.27431688112295993,10026.710813854603,108564.8201100611,0.046178452668597894,4442497.8587022275,ok
1546,4442006.685266405,0.25315809745976114,16104.6299574677,1049558.9996326684,0.007672093690351902,4441944.907151464,ok
1547,4441981.237584767,0.19295371627754873,13320.912972697604,479765.86900635436,0.013882722629150983,4441888.772314784,ok
1548,4441783.209903463,0.2590716163067204,16382.384813538245,1137877.6846279171,0.007198658096056801,4441724.244309927,ok
1549,4441749.9866087055,0.26028081239988743,9555.510490538873,166817.515159135,0.028640609115366054,4441613.148788277,ok
1550,4441606.115450515,0.2644682806914277,14400.058451059433,788357.8906429711,0.009132944961909998,4441540.357979875,ok
1551,4441587.168446464,0.27254061038968214,13303.195674298602,692463.3940244855,0.00960570319607985,4441523.275171861,ok
1552,4441491.2287103385,0.271177263654532,14019.591630484445,920139.4268649131,0.0076181887337725615,4441437.826762833,ok
1553,4441470.492756937,0.2653145222495326,9482.764280968819,45451.90270303807,0.10431647210596288,4440975.888499135,ok
1554,4440807.993732296,0.2787979379752986,6211.53321291881,2430.0530156172654,1.0,4437026.513534995,ok
1555,4436636.96768462,0.10700640250616748,58982.337218985456,1299917.9439520815,0.022686946315882115,4435967.903125583,ok
1556,4436149.306922949,0.12886142951876214,35334.53366110328,565917.8275585156,0.03121878472493404,4435597.756323088,ok
1557,4435434.919928467,0.2258254397931629,21070.184638480983,383222.80491463747,0.027490776081520445,4435145.30206452,ok
1558,4435194.296760237,0.1391615799507428,25454.949037934744,846443.5923494678,0.015036411916876595,4435002.921210708,ok
1559,4435044.446328902,0.17889594740147,21362.431589922373,991997.092517141,0.010767386190475778,4434929.437553454,ok
1560,4435059.938407591,0.20203791152383335,16461.849622936734,276531.5041433741,0.029764871951807905,4434814.945984532,ok
1561,4434907.90837096,0.27418893595462535,12169.131321754958,95395.14051220205,0.0637827632330936,4434519.817960035,ok
1562,4434709.030704603,0.12555079481783613,23805.787834916722,675054.8212497724,0.01763248486311344,4434499.153107776,ok
1563,4434594.710881531,0.18700103079566055,17244.732020826097,503974.38786440674,0.017108738495522274,4434447.193076246,ok
1564,4434378.313060043,0.30505816638931355,8280.460850388074,23584.529632877715,0.17554856889841894,4433651.501533991,ok
1565,4434000.4625154575,0.10267397738939878,51910.195847224604,1314460.6894674422,0.019745815246957357,4433487.957947141,ok
1566,4433158.986995347,0.20554309868828777,22395.22628505018,710788.478682135,0.015753791005850937,4432982.582138135,ok
1567,4432994.939936869,0.2535968219166892,13195.051839570518,108941.29525117006,0.06056037707807958,4432595.391279384,ok
1568,4432588.378978683,0.28219161889868505,8373.681603872468,31876.816888393598,0.13134438161109713,4432038.460962648,ok
1569,4432225.910860876,0.13659398151327873,30376.580238260798,1275800.0736164686,0.011904913969848467,4432045.095573658,ok
1570,4432032.321909119,0.2508271399572676,13876.808397572226,291942.74988033704,0.023766317888113547,4431867.421589295,ok
1571,4431531.3794211745,0.3021162531429789,7527.1827319739405,10021.82895221515,0.3755393734948045,4430118.002677501,ok
1572,4429800.061457528,0.14945383822339658,34157.936342681336,658385.440045321,0.02594068327234729,4429357.021353576,ok
1573,4429176.465843825,0.2552711382978052,13039.430568976142,137734.11593666574,0.04733551480800901,4428867.851764431,ok
1574,4428950.115001699,0.2408953719818998,9519.523906360952,44029.50756634708,0.10810391067872148,4428435.566120661,ok
1575,4428247.836298086,0.29528817483564873,8105.94772601992,14112.71715927626,0.2871859343079053,4427083.879212512,ok
1576,4427227.313088112,0.09047123504886743,30953.91311392373,648251.4290729775,0.02387492855834419,4426857.801856013,ok
1577,4426777.959264664,0.2580935164802324,18137.7895175014,541334.7709930894,0.016752839914778855,4426626.029522566,ok
1578,4426621.336810803,0.28043539685906405,10647.366441419752,52709.72980541098,0.10100000968252672,4426083.644753965,ok
1579,4426486.878353311,0.1917980876435159,18755.028108303733,240445.24831291006,0.03900062122229249,4426121.149479678,ok
1580,4426056.082826879,0.27823833898697686,9364.249705597515,37356.22589864454,0.1253372025724003,4425469.238395734,ok
1581,4425575.678377489,0.20232642680170093,18708.988583729963,299916.27300967963,0.031190352554037872,4425283.908402561,ok
1582,4425239.21789399,0.29048692182646585,11300.489207657489,104948.31036254021,0.05383835703795683,4424935.018007657,ok
1583,4425074.457334813,0.28440606645947575,9622.690515216766,32459.9850053467,0.14822389033192326,4424361.301023,ok
1584,4424686.452325555,0.09130137989752082,52937.320809165394,2051394.687329526,0.01290276345554896,4424344.933461369,ok
1585,4424414.7899548365,0.1677309095444517,26390.541753615587,571206.9256091802,0.023100684332101388,4424109.970167634,ok
1586,4424198.386470972,0.22035715066374734,13311.735946393352,107741.56358424017,0.06177623334742711,4423787.212017929,ok
1587,4424204.16043669,0.10766396280454266,38233.810293290866,1805003.3633943454,0.010591063448599733,4424001.6920813415,ok
1588,4424077.372807255,0.1894340051185197,20875.79769588763,720380.1154816642,0.014489432208945378,4423926.133579494,ok
1589,4423890.152715083,0.19187286581378138,19569.193090986373,653431.987327338,0.014974162170288083,4423743.63657964,ok
1590,4423740.270952053,0.28000654637121947,9485.605849866246,70261.95978017194,0.06750171699980892,4423420.123611229,ok
1591,4423388.693341657,0.30979312303407264,7349.479721786128,20251.811313390703,0.1814524046282857,4422721.902957514,ok
1592,4422646.540932013,0.17322793016626245,26328.165118178345,1273225.376384283,0.010339161316806813,4422510.435358847,ok
1593,4422399.536758811,0.3011596503510073,13530.370555898131,237874.03726646994,0.02844020035011474,4422207.133534101,ok
1594,4422357.757953176,0.15875651074778166,11143.932459377062,103518.514565411,0.05382579389861446,4422057.8424472865,ok
1595,4422094.574961221,0.3036253653150116,8905.044926696213,41024.276932108965,0.10853384377052108,4421611.3255838,ok
1596,4421144.07289857,0.23270568768903008,12929.284893577771,156254.94414020816,0.04137240253331208,4420876.615109027,ok
1597,4421020.517111063,0.2163370523160983,14864.564266835238,440938.1259894536,0.016855612375862878,4420895.241444354,ok
1598,4421049.908477293,0.2141076542590509,13765.223468743645,518315.42541752214,0.013278809382969117,4420958.515588016,ok
1599,4421001.893339906,0.3234685026630677,9647.332559058996,76611.10906855285,0.06296301330415677,4420698.180775774,ok
1600,4420649.165009507,0.1670805830559098,13054.653945561964,120268.26295854086,0.054273062670166745,4420294.906983645,ok
1601,4420116.785296233,0.2953477507000261,7091.151735630617,11906.989437685166,0.29777265583134693,4419061.009753623,ok
1602,4419138.339411632,0.14678020673992634,20830.813151392973,321453.48114706227,0.03240097614911666,4418800.870071589,ok
1603,4418930.339152528,0.2772037806906391,11318.924124756577,90948.22695484274,0.062227294053663104,4418578.166142587,ok
1604,4418534.383062044,0.25685648444591386,18879.858955844793,590451.2049762176,0.015987653845676582,4418383.460737224,ok
1605,4418380.48427585,0.21519551431418465,13290.831578901385,420702.9749204959,0.015795980027729868,4418275.513420763,ok
1606,4418295.214759935,0.2704232364331519,9388.267317442787,47058.76144349114,0.09975047185120202,4417826.972712545,ok
1607,4417583.345853609,0.12800084321437796,42426.74800284617,5299857.952554603,0.0040026306726198115,4417498.436552161,ok
1608,4417460.374462046,0.26642449257734013,9066.583856333216,34371.46833523451,0.13189113377270206,4416862.473449917,ok
1609,4416820.714056689,0.10991192364157605,16556.67545198422,239566.76756939627,0.03455545111695883,4416534.652362069,ok
1610,4416395.975295195,0.2760810283344821,10591.603218021994,92202.61474723114,0.05743656645236333,4416091.802634161,ok
1611,4416125.812677235,0.2767631712318437,9429.06361747481,53879.99898664895,0.08750059200828178,4415713.288352929,ok
1612,4415554.056262509,0.3199882606854515,8913.69597803055,41046.988819164006,0.10857917029310718,4415070.13540574,ok
1613,4414893.702651385,0.213786626487626,16786.925319336973,630779.9849816051,0.013306482227576162,4414782.015189677,ok
1614,4414738.238513554,0.26652271649529397,6534.872029270176,3477.98332340252,0.9394628181938915,4411668.603866978,ok
1615,4411431.0530290995,0.06856413855234651,102944.91126283453,7402568.380200824,0.006953323898916943,4411073.148373221,ok
1616,4411110.9065634385,0.13221680863546265,46505.57010615726,1004891.9615634582,0.023139587082476862,4410572.846718793,ok
1617,4410871.572758483,0.15295062362574072,32449.369897031735,634066.2335086371,0.02558831253122527,4410456.4104493,ok
1618,4410262.104755195,0.2051828020463912,23051.92395391393,453914.2637078898,0.025392376707453142,4409969.43318676,ok
1619,4409951.757344922,0.2573747543061314,12856.269702613077,68057.54044337402,0.09445147164339485,4409344.610548294,ok
1620,4409381.9004580155,0.1188831649799799,47585.73613743288,3767629.0504990965,0.006315077134667653,4409231.646660907,ok
1621,4409189.398175803,0.18041144375365833,20050.711144892855,288882.8802010009,0.03470387572109125,4408841.479481957,ok
1622,4408952.658597017,0.24442512539779374,12795.663944189979,70465.90717915705,0.0907932960520714,4408371.778344683,ok
1623,4408190.235482294,0.18576286300679623,14106.722368283201,215423.0661056253,0.03274190323093455,4407959.29501295,ok
1624,4407885.549264607,0.3139392700676755,9539.963553099658,52391.84288553146,0.09104435946205489,4407451.269329115,ok
1625,4407337.245288551,0.2157689595045375,11730.380570241796,98385.3547665709,0.059614464968253136,4406987.595107766,ok
1626,4406932.238490661,0.3140714642400559,7803.491223907764,32876.7509089056,0.1186779564308158,4406469.187294921,ok
1627,4406362.876510655,0.0919366520964221,26339.5932264654,967024.7878219065,0.013618882141476331,4406183.518602751,ok
1628,4406319.939671472,0.1978943421936277,11907.847690910741,297886.9904964586,0.019987189892155272,4406200.937464969,ok
1629,4406249.351748835,0.2827321234319198,7295.539501773924,5597.669915699627,0.6516586018507745,4403872.251213099,ok
1630,4403640.686564784,0.10292367480805556,50804.767208015925,1285808.582209278,0.019755960533691223,4403138.838076841,ok
1631,4403063.617157845,0.1652197233166898,27999.245611168135,393702.1778456098,0.035558916341768415,4402565.805741685,ok
1632,4402734.997740536,0.23337522230649968,19124.85164661467,213356.90785511606,0.04481891830660049,4402306.420158748,ok
1633,4402024.848430789,0.30329815752414874,11741.994398202698,177363.4124558515,0.033101512413462,4401830.509544123,ok
1634,4401678.757988586,0.28863055718857755,9471.848638410374,43756.33922082517,0.10823401599718825,4401166.16988006,ok
1635,4401059.118802406,0.06659677692783957,40397.53955278496,1350793.823917848,0.014953258905054721,4400757.0813683765,ok
1636,4400752.491522946,0.10572453271635432,23688.092042168042,808086.017869903,0.014656912456305909,4400578.8943772875,ok
1637,4400579.62094765,0.3262929374496848,9690.299286415742,87354.8168973901,0.05546516855388921,4400310.88390602,ok
1638,4400346.269243585,0.27864317111179965,11799.793624163853,245672.34092871542,0.02401530750176654,4400204.581407415,ok
1639,4400221.536789466,0.25281045261050467,11872.728049446217,419079.9496478243,0.01416523035690865,4400137.446825573,ok
1640,4400198.745579367,0.2936741083079001,9144.386397437222,121403.46637941232,0.037661142099761055,4400026.551561601,ok
1641,4399997.843918612,0.14451404163171602,17202.589715758353,578305.012910508,0.014873284280539717,4399869.91441501,ok
1642,4399813.012482177,0.29782520578623084,8301.711050432923,27861.439670745083,0.14898209045438957,4399194.609348855,ok
1643,4398770.422387828,0.2521644603052642,12334.030580675288,389628.0909471155,0.015827953460302985,4398672.811156824,ok
1644,4398746.591214779,0.2731114681800671,10235.585515148363,161790.90609124053,0.03163214102211683,4398584.704472549,ok
1645,4398719.29945115,0.16049190434012126,22043.452824975197,1193368.3019462186,0.009235812946022354,4398617.5048476625,ok
1646,4398634.206136977,0.33918232787409286,6697.474661701557,17761.225729585603,0.18854201741677373,4398002.82844482,ok
1647,4398724.759781135,0.09631002365792614,56377.15814816952,1554251.762522513,0.018136430502311528,4398213.5195758,ok
1648,4398353.880501754,0.23044577330021432,20473.772398245896,655386.4097109026,0.015619619277181135,4398193.98423674,ok
1649,4398175.749135754,0.31464307839056666,12109.68113403134,332146.3318796684,0.01822943680500812,4398065.372802273,ok
1650,4398103.333536616,0.2714661412108998,9079.065506047307,69711.84488083638,0.06511852843348807,4397807.725843963,ok
1651,4397865.565550618,0.08584248653958873,45795.06025336782,3013602.02565349,0.007598060371531192,4397691.588734356,ok
1652,4397770.619288629,0.12664536233462154,29323.59652326525,2242111.5303349434,0.006539281415426437,4397674.74166374,ok
1653,4397660.69322585,0.27211140911759013,6002.6932762448,4245.635550058988,0.7069251712103974,4395538.965739834,ok
1654,4395748.3606287055,0.06390451629541388,101033.00911928492,3406502.490597247,0.01482943420680888,4394999.22944798,ok
1655,4395135.364730989,0.1355611076320516,37161.63577965114,701688.3515173742,0.026480157251642076,4394643.341751401,ok
1656,4394666.20994365,0.22587489807502614,22706.427825327795,424062.67832065054,0.026772490230982517,4394362.256135084,ok
1657,4394869.969548133,0.09391799765711997,42177.307247183446,1591539.0842047543,0.013250478001380097,4394590.5348072145,ok
1658,4394502.577238603,0.2684777735482511,11723.191034742387,68516.57495205422,0.08555003692862577,4394001.117525631,ok
1659,4393918.1943563,0.16130908921808645,15139.158525426727,422423.17383116967,0.017919422350959148,4393782.551868472,ok
1660,4393745.355599396,0.2391003649732086,12471.654842067623,331805.5876756062,0.01879361786737101,4393628.161841758,ok
1661,4393599.564748503,0.17011259864347145,15345.211589975599,502999.50625504117,0.015253704426297145,4393482.529087528,ok
1662,4393493.879408549,0.2804499572875277,8890.285297838598,23767.263981225035,0.18702794955409013,4392662.513493446,ok
1663,4392556.343490556,0.18268737118443465,18758.17607548647,303586.10065330204,0.03089432624734765,4392266.582884815,ok
1664,4392341.588923415,0.2849227801625907,9847.55595616078,52352.01290076304,0.09405135935104848,4391878.500911434,ok
1665,4391948.4144694,0.2786104710832518,13591.35547921655,348116.6244525744,0.019521267478376583,4391815.754226549,ok
1666,4391722.101379037,0.33105164076265964,8505.57023743815,30952.00337442482,0.1373993491559609,4391137.771471624,ok
1667,4391511.666095175,0.10841695210401006,41785.81842674632,1151605.6512758166,0.018142416364687657,4391132.618237156,ok
1668,4391106.491927979,0.1805387044548297,18200.834101461653,273868.1996208287,0.03322918492665589,4390804.09248689,ok
1669,4390749.124080726,0.2541462779500105,10392.741833131271,100319.64330508494,0.0517981398793734,4390479.961733125,ok
1670,4390382.644109988,0.2932721034640177,8170.4012569232855,29220.279367110077,0.13980703528316998,4389811.504321585,ok
1671,4389681.194394285,0.20318976291201343,19336.709466712084,426559.90365527355,0.02266587799393721,4389462.052645497,ok
1672,4389545.208369199,0.2907431370307182,10251.248989259451,118083.73973257034,0.043406691778545996,4389322.721966589,ok
1673,4389215.833452663,0.2960712746037263,9460.894552365588,101205.40080990388,0.04674105569788797,4388994.727353051,ok
1674,4389063.288431294,0.1992200055973496,19331.790236510144,1283051.5953520825,0.007533520205477514,4388990.470215118,ok
1675,4388950.048345622,0.3404629956491256,9568.80996865627,168934.60731071047,0.02832104718205245,4388814.548986322,ok
1676,4388801.562396921,0.183298707735464,14337.817532030307,398068.56002363394,0.01800923128817188,4388672.455860871,ok
1677,4388628.473497099,0.28736722449496516,10130.980431709713,132567.15250712732,0.03821074919431883,4388434.9173209155,ok
1678,4388618.656710263,0.2012868501314089,13183.316134729714,240526.12350155792,0.02740516485861945,4388438.011234235,ok
1679,4388200.146438124,0.31139920953052835,7373.361174873319,12852.16140820563,0.2868529635087566,4387142.611186107,ok
1680,4386225.434024064,0.16576315815155146,22211.48811910317,593268.5218161638,0.018719590962880926,4386017.539037931,ok
1681,4386121.351082774,0.2213198001769816,15181.9047668916,309746.57911154523,0.024506977301312384,4385935.3197850175,ok
1682,4386102.195973181,0.13163586744799968,45786.33803113244,3284449.7922396543,0.006970168662543462,4385942.626723922,ok
1683,4385879.998926425,0.2783459517020699,14888.298306552339,346186.09329021774,0.021503316561695403,4385719.925030651,ok
1684,4385741.050459348,0.2938429325464262,11501.057821607326,171795.62483805366,0.033473081262834874,4385548.562537813,ok
1685,4385707.814466093,0.23408355122856853,10820.172738342924,106779.54989816192,0.05066594094404017,4385433.70734961,ok
1686,4385531.925119968,0.18144240628821373,14011.182611170978,510273.8796687032,0.01372908076371436,4385435.744791136,ok
1687,4385468.702756746,0.31111858438913165,5909.508375220638,5243.903560918818,0.5634646315068003,4383803.803277231,ok
1688,4384027.410449465,0.11357934852580157,45337.26218735105,684004.7351218362,0.03314104410349988,4383276.148346623,ok
1689,4383339.565962221,0.18168691583040392,21438.78031424719,263847.59846532333,0.0406272038080817,4382904.067113608,ok
1690,4382913.709948368,0.2560967018196656,13704.737815244978,118347.88311796197,0.057900223705670044,4382516.956255703,ok
1691,4382295.209596523,0.3074502202348684,8487.480101376446,29238.17288076501,0.14514381825411748,4381679.256961888,ok
1692,4381537.483707157,0.17991201023803619,25288.49216550374,847859.5332144708,0.014913137834063176,4381348.918322517,ok
1693,4381410.084948402,0.24985072537647027,10029.386862300107,77355.20282424531,0.06482684096302707,4381084.998214862,ok
1694,4381130.072100012,0.2953852364122659,7194.66019277558,36928.284862039174,0.09741395003388592,4380779.641965747,ok
1695,4380395.554930277,0.17797854754001072,23947.313928141513,1603481.2230073719,0.007467288542122023,4380306.144178823,ok
1696,4380238.603736595,0.2665866286676356,9076.166792882015,101047.97029306866,0.044910188530053984,4380034.797555695,ok
1697,4379794.81881749,0.3629019743131541,6078.1144220785845,20476.1517277347,0.14841935396107295,4379343.763909576,ok
1698,4379175.040000558,0.1733991209513053,11937.243334919487,377153.85057529167,0.0158254294854885,4379080.583999233,ok
1699,4379129.478999234,0.2274929596586149,9056.664514095577,152830.55694411666,0.029629756951704354,4378995.305615061,ok
1700,4378947.68490594,0.3145796738435461,10059.019429573906,438176.80446297873,0.011478265539297603,4378889.954857901,ok
1701,4378819.366111683,0.3167481396707645,6141.725910255678,7844.887644627261,0.39144766556739474,4377617.28397662,ok
1702,4377233.715889685,0.2070841652642496,19598.271358775793,313518.1886622432,0.0312553977209425,4376927.440006704,ok
1703,4376811.76729496,0.312469188058847,9857.075701641012,62932.21507873931,0.07831502267406343,4376425.788741424,ok
1704,4376133.182340326,0.2612535488795105,11354.440647983381,76876.48227248911,0.07384859655608007,4375713.927587059,ok
1705,4375457.386384392,0.2676203145393437,8887.497473247568,53607.48933315491,0.08289417750954874,4375089.025487811,ok
1706,4374812.085901443,0.21962506454748207,12891.151899361746,434814.5288784603,0.014823736378603269,4374716.5383827565,ok
1707,4374560.136314107,0.29951287696405615,7474.595802898603,15190.625012781034,0.24602660511366894,4373640.661599115,ok
1708,4373112.167909825,0.22836840308856782,17084.08346632625,320320.02116037236,0.026667211441293085,4372884.375476786,ok
1709,4372961.669423702,0.24023315679990123,15507.95251549438,258167.53969670017,0.03003466766912951,4372728.781323686,ok
1710,4372777.115497112,0.3160451511466869,9422.570667801054,111036.64722914489,0.042430003530076955,4372577.215643764,ok
1711,4372586.1836158745,0.12467206578798902,27554.606859774998,1288625.3588589465,0.010691473154064764,4372438.883946118,ok
1712,4372436.221639743,0.33761272806731124,7030.193679778805,26079.15782559571,0.13478567304192113,4371962.436946372,ok
1713,4372020.51649138,0.07089274123694622,47451.64299186163,902845.2013143043,0.026278947333820107,4371397.026877836,ok
1714,4371550.819187922,0.13105629107993252,25307.18472105408,719621.4927638908,0.01758367765243875,4371328.322498709,ok
1715,4371307.558168171,0.22835418680029415,12406.531921785463,241241.59641764834,0.02571391523273357,4371148.047913087,ok
1716,4371412.074474511,0.08351756644380597,61595.898081795516,6414804.101388954,0.004801073977337716,4371264.211242815,ok
1717,4371269.065366371,0.16051370782670735,26064.771507415484,3003051.9538703104,0.004339713715878842,4371212.5085431645,ok
1718,4371207.590779837,0.24780536341450538,15727.705211182,1501116.0131183935,0.0052386707868466225,4371166.394644921,ok
1719,4371182.06364101,0.31055187894413083,8131.756806500706,65421.91789316763,0.062148566324359854,4370929.375127399,ok
1720,4370957.857719044,0.0952637613719123,23529.795001278144,607826.7499367894,0.019355675777452303,4370730.140177467,ok
1721,4370708.465200357,0.2780998000656034,14585.57239206007,814029.6806928818,0.008958870135819369,4370643.130075898,ok
1722,4370647.655474025,0.3274661965241621,8153.593432765884,35458.85805954354,0.11497258906468638,4370178.935600451,ok
1723,4370199.659114137,0.14045639986587485,32364.578194955648,1848053.8613217513,0.008756394732945743,4370057.960603117,ok
1724,4370073.055109914,0.19525497521305307,14319.269797413823,235451.87185240194,0.03040806107158529,4369855.344494664,ok
1725,4369897.125993919,0.34441865314241066,8231.330552297713,45593.04616989892,0.09026958323451678,4369525.606604707,ok
1726,4369327.5616414035,0.14616648438113952,26028.208976172133,899514.8459524959,0.014467915172990209,4369139.2746816175,ok
1727,4369100.615495503,0.3208646306436887,7865.786476744577,44832.53865714903,0.08772408068275087,4368755.606051744,ok
1728,4368656.627813766,0.34139742383205524,9681.201704911895,384180.548908715,0.01259980721617981,4368595.637176214,ok
1729,4368638.556200769,0.26582304503415477,8546.58981566733,222147.51086740088,0.019236294348507828,4368556.353842084,ok
1730,4368578.85216919,0.3481474889214633,9661.844217229384,480941.95853952423,0.01004470918545919,4368530.326961511,ok
1731,4368524.105369487,0.32922673955131426,6629.9417257992145,41337.70728574284,0.08019242189667648,4368258.269827474,ok
1732,4368040.937790211,0.3017346879055862,15510.469570812249,1353923.974583468,0.005727969170345778,4367996.516044452,ok
1733,4367997.400413667,0.32904945288972026,8181.237093128538,204920.78413973545,0.019961950486071127,4367915.743688784,ok
1734,4368201.830181532,0.12255821126625073,8717.80953040519,70605.47541087371,0.06173607273142579,4367932.728519918,ok
1735,4367818.653088473,0.29597450375117346,8110.903711859173,147553.8719055809,0.027484550581801426,4367707.190816807,ok
1736,4367893.726202867,0.13125634465497873,8955.380260538335,69567.13334243484,0.06436502289419259,4367605.519575119,ok
1737,4367468.1935762,0.33829465002946996,8626.646902804372,270374.722828821,0.015953131292280702,4367399.382560874,ok
1738,4367408.5677934475,0.3439538404046381,7708.6051101685825,209181.19525478873,0.018425664651115697,4367337.5497071035,ok
1739,4367263.763425031,0.31694817843642503,4933.595400909371,4076.0701419439647,0.6051901990278845,4365770.881633732,ok
1740,4365000.085224996,0.12400146078372949,34809.586105040966,689497.8605931293,0.02524270784183187,4364560.741118925,ok
1741,4364611.890031608,0.2511185043761241,20565.844172825127,712603.5607229514,0.014430073961432806,4364463.506705361,ok
1742,4364428.4196465,0.2860467362836009,12355.317394242204,67146.45474240428,0.09200275309873941,4363860.05803866,ok
1743,4363575.670831492,0.32568997869554406,10520.084177055738,139021.11809390894,0.037836280995630495,4363376.650400981,ok
1744,4363471.2453605905,0.18786203345302044,12371.164904774614,151616.45844904805,0.040797565882110504,4363218.88865297,ok
1745,4363368.506507486,0.16970427044336195,25864.809245881625,2873428.878481565,0.004500687217208875,4363310.301799311,ok
1746,4363267.89251121,0.2801403279963987,8359.337420953772,64611.970093419164,0.06468876749050857,4362997.514893811,ok
1747,4362970.924021911,0.2868832927111867,13103.828390946284,588106.5969091699,0.011140691551339718,4362897.931166788,ok
1748,4362913.240854984,0.33122293646021894,8329.608088308694,270221.78723440645,0.01541253977623036,4362849.050646993,ok
1749,4362891.0690513225,0.1773425453150884,10092.154227819723,253493.16783883318,0.019906166138245095,4362790.621001947,ok
1750,4362857.082948245,0.300804606571976,10473.582359341302,479407.667322748,0.010923461464259657,4362799.879061597,ok
1751,4362816.855701939,0.2553873058522154,8579.132559733389,148285.4686130229,0.028927758869354045,4362692.768162941,ok
1752,4362724.276552796,0.12308287635021053,37802.46900535735,4435063.353741987,0.004261773281486763,4362643.723776606,ok
1753,4362638.662022408,0.348135293768386,7205.814236833898,55086.861508214715,0.06540410943323886,4362403.017090957,ok
1754,4362248.02664607,0.21849568758125656,10033.083773276143,197285.12773041322,0.025427876618723592,4362120.466637924,ok
1755,4362185.944680368,0.2742798298253841,15078.185356859627,1388716.9886378932,0.00542881864347641,4362145.01631348,ok
1756,4362128.521004882,0.3416815186400377,7361.183096940449,30960.63076741315,0.11887973394728575,4361690.973260831,ok
1757,4361691.6108906325,0.19798639745158791,18463.53882827703,1105149.881803654,0.008353409402778794,4361614.494141204,ok
1758,4361517.804277823,0.314891094072927,7443.1307479098305,26987.2747755993,0.1379007478487524,4361004.597629586,ok
1759,4361023.1792612085,0.15536615998317135,31338.522301186546,1327401.7517811232,0.011804460201719694,4360838.212091566,ok
1760,4360802.408632708,0.2331836682382711,18009.007719196357,462226.7172850051,0.019480708325317505,4360626.994519404,ok
1761,4360947.028330853,0.19481350278901302,18792.649018650594,463527.5237933949,0.020271341025076776,4360756.552232342,ok
1762,4360905.434543629,0.1648573889699974,11328.473045820265,122755.65486125267,0.04614236736639353,4360644.073261139,ok
1763,4360557.917076191,0.35388382940693697,8350.65868455119,58109.102655724804,0.07185327515747224,4360257.905988088,ok
1764,4360273.503880581,0.2423770004005984,7491.640902745428,38860.007119693175,0.09639268566871766,4359912.434187241,ok
1765,4359788.91974083,0.2972986123817742,9532.198056459536,136233.96127251754,0.03498466156097329,4359622.179379361,ok
1766,4359609.714640921,0.32484778470851067,6077.745765592183,8026.103183705632,0.37862369985044864,4358459.125346662,ok
1767,4358848.372934333,0.11514992784925701,51829.56409899863,1709081.4636520466,0.015162988190231362,4358455.427400163,ok
1768,4358309.546282638,0.2070654947146348,21852.62335936516,380028.7917035541,0.028751273372481147,4357995.400908583,ok
1769,4357861.71720828,0.30321097467598107,9591.07394276918,56371.10679854193,0.08507083227091489,4357453.756886939,ok
1770,4357475.223762725,0.20020344371656634,12140.400821205712,133110.03527042712,0.04560287583329538,4357198.405167117,ok
1771,4357265.024701538,0.16543362279579413,21302.826419899313,971727.9443758231,0.010961312033473992,4357148.271237746,ok
1772,4357338.639382258,0.23076228949506594,9487.632711969407,58681.96232087196,0.08083942950042464,4356955.151974386,ok
1773,4356975.025614731,0.17995646146329594,20487.147003627026,936688.1207732838,0.01093594898305844,4356863.00241751,ok
1774,4356824.848463949,0.3340660378507361,7191.786570775734,31960.03562274334,0.11251218014378445,4356420.266670845,ok
1775,4356230.213540016,0.28989524046272735,8758.776318843771,63006.40765182622,0.06950702829500152,4355925.815283304,ok
1776,4356040.249048985,0.18667361073543579,18584.870107621926,578102.7282654643,0.016074020411029583,4355890.882258262,ok
1777,4355843.311096421,0.3222593656653367,5867.717812908272,7244.652392765718,0.40496889945800507,4354655.18948391,ok
1778,4354686.338391941,0.10926415815036897,49017.465372475795,1661734.0237776325,0.0147488902168122,4354324.861784198,ok
1779,4354376.270707436,0.18478954544915333,24724.957602031078,360609.31687604456,0.03428219467015325,4353952.457802573,ok
1780,4353854.564629033,0.307503977974755,10028.85470584175,68083.56885713605,0.0736510649646313,4353485.246714302,ok
1781,4353407.329888717,0.22678451075049544,21275.828212030297,583025.662500317,0.01824604779898409,4353213.2299994575,ok
1782,4353095.628953599,0.2984080626091659,10707.919052937115,141334.35763221455,0.037881514559968694,4352892.812857844,ok
1783,4352866.225021099,0.3645218477877989,7278.494603926711,53062.571026121834,0.06858407407684436,4352616.630614556,ok
1784,4352626.087915605,0.24666987336328694,8105.013884077257,185233.68407768206,0.02187780781998114,4352537.427947538,ok
1785,4352645.29980064,0.16651658684693937,25321.605439652394,3225760.389535028,0.003924904887821246,4352595.607354161,ok
1786,4352614.850305396,0.2685034722271927,13820.665070473613,1399452.53128754,0.004937882765397613,4352580.727893467,ok
1787,4352614.850305396,0.2717551466124762,13286.077582348347,1375386.5923109949,0.0048299429617182765,4352582.764806942,ok
1788,4352574.722632239,0.35793585567508396,7814.75140027094,248816.2411913581,0.015703861136341212,4352513.3617468355,ok
1789,4352556.450193404,0.24854786774924822,7040.939292826961,107671.88482234658,0.032696275840458124,4352441.343946758,ok
1790,4352486.976869139,0.3485648100890475,5473.666323165773,7566.240672890928,0.36171637671911255,4351497.019494246,ok
1791,4351560.058637831,0.11469642119009739,33999.40424134937,877915.2004319755,0.019363717717052892,4351230.881204693,ok
1792,4351046.004725402,0.2548023317435325,11476.390139296478,197079.63688284723,0.029116123615852172,4350878.9307284225,ok
1793,4350889.93187564,0.3105440289537809,7100.120831668963,15960.646685703065,0.2224258506401554,4350100.306667824,ok
1794,4349808.955094343,0.14659053775103018,26874.410176628466,485042.89858234,0.02770312714109999,4349436.70249336,ok
1795,4349675.51078252,0.18325010119239038,20055.911317631657,342240.7942658345,0.029300877706082706,4349381.682880119,ok
1796,4349154.418742545,0.33385916851104025,9936.812692244477,86509.5816825876,0.05743186187573793,4348869.073915532,ok
1797,4348861.722723492,0.29244875818073096,12342.222061678152,214472.15338021383,0.028773483800011088,4348684.158360219,ok
1798,4348627.769157707,0.25366515325406075,10558.290854688472,269323.15808187955,0.01960152801171027,4348524.289840735,ok
1799,4348362.0043159565,0.3718477705985851,8980.47808522134,259920.54185498957,0.01727542967771969,4348284.43350714,ok
1800,4348347.4430996105,0.2797789832566929,7712.248536044686,105217.0997201385,0.03664921650833417,4348206.119166428,ok
1801,4348036.775334414,0.3542278718632179,7740.988474554616,88421.50233301811,0.04377322410447214,4347867.35132277,ok
1802,4348196.6196735,0.06568588333263743,24356.352181497132,509648.4498441833,0.023895247978232535,4347905.619135888,ok
1803,4347868.465080081,0.3486534227941104,5793.606054605794,19242.728077325224,0.1505401425235729,4347432.379939488,ok
1804,4347635.746364478,0.12461853516616207,29792.498383519927,713732.4352114492,0.02087091528542741,4347324.848009527,ok
1805,4347323.806888109,0.25678738857230493,13055.6188987989,583537.5202231405,0.011186614781690925,4347250.782798431,ok
1806,4347225.231709189,0.3257018868093999,6531.131526624749,23007.022726778046,0.14193778143712432,4346761.724549607,ok
1807,4346689.404946036,0.1934050010502057,13493.872836874336,493838.5194350066,0.013662231990643902,4346597.2267354615,ok
1808,4346616.676457949,0.23474355591344573,10993.05382449231,367470.14364396804,0.014957751010029247,4346534.460776976,ok
1809,4346427.800663879,0.30207662919183437,7611.570820919972,58975.51625645118,0.06453161671210773,4346182.207178483,ok
1810,4345989.921923558,0.20115851600117465,13621.847769137446,404706.9258559178,0.016829274345044252,4345875.299016962,ok
1811,4345781.558929165,0.3027296708516808,7705.291093742995,62591.339491438,0.061552374149118655,4345544.419449001,ok
1812,4345383.419520631,0.19816672169591287,17416.230697787047,957751.9862527632,0.009092244624795107,4345304.243205658,ok
1813,4345327.068396803,0.3786422485973549,7135.136932126684,32261.918711174465,0.11058141017594388,4344932.561644927,ok
1814,4344531.638483626,0.19268068228106247,17303.887293790423,525846.7115628278,0.016453356951080758,4344389.284966483,ok
1815,4344373.613062739,0.3283250029079925,8989.556741949744,62087.827855440715,0.07239387374672018,4344048.218644831,ok
1816,4344267.2269262485,0.15467504275894584,12565.017639541653,232949.1751741116,0.026969440072389758,4344097.791181129,ok
1817,4344068.437524203,0.3508923576387434,6027.880157585708,9224.549364393777,0.32673033226170234,4343083.691880842,ok
1818,4343055.218721261,0.09495626679701182,60973.809423767925,5122166.695006821,0.00595195481271688,4342873.762042036,ok
1819,4342814.647305958,0.198680008539,20979.715316296817,365226.9905440858,0.028721474397391776,4342513.363127798,ok
1820,4342431.900729356,0.3031642810167438,9614.40427202595,66255.67575237401,0.0725553257351047,4342083.112612504,ok
1821,4342541.598754372,0.14731841362484452,25564.334711215975,486672.9711847433,0.026264387201309806,4342205.882961673,ok
1822,4342212.118095575,0.21032949526592135,17843.674380467077,714988.8234217601,0.012478289027702316,4342100.788832458,ok
1823,4342063.449148938,0.29034956146563085,8357.790256941924,84498.1481196325,0.04945546407188097,4341856.779951052,ok
1824,4341938.556945947,0.25156489864278964,8146.457718200689,58209.59579663189,0.06997521290701057,4341653.531889312,ok
1825,4341953.815779542,0.12083557161030997,13971.023589290711,213142.11039391026,0.03277396372652666,4341724.872869373,ok
1826,4341596.544610312,0.30895239751690873,6866.889536177545,23451.48067765881,0.1464063107690963,4341093.866628586,ok
1827,4341608.313927348,0.08088276450924554,24318.888888195757,379633.90218321927,0.032029395620809115,4341218.854270719,ok
1828,4341123.89244682,0.2823037457963243,10343.309723288326,111720.19109027159,0.04629113870263065,4340884.490654297,ok
1829,4340810.760101571,0.302009063892634,8215.177235188936,64198.65618253659,0.0639824703793694,4340547.9464345155,ok
1830,4340392.296188477,0.19029045203107314,17577.12186966178,965969.9232014861,0.009098172441749756,4340312.336345578,ok
1831,4340306.064288079,0.3491125347461531,7455.131498397319,36656.06445425379,0.1016902879426842,4339927.007053717,ok
1832,4339778.712276174,0.20974078544365024,14686.548037853876,310186.78274991707,0.023673716700067553,4339604.869687399,ok
1833,4339569.602057194,0.29359059917148606,8350.873404469685,73957.71114986387,0.05645708388370707,4339333.869077045,ok
1834,4339482.355842168,0.2056191772699822,21939.497636654574,1643291.482675489,0.0066754735443934335,4339409.127574143,ok
1835,4339294.601425865,0.2939612675077905,8676.167671785392,84492.06854113958,0.051343089485144544,4339071.870799284,ok
1836,4338825.796343715,0.34926982068978674,7896.142556779688,59886.20055479431,0.06592622744162008,4338565.514898661,ok
1837,4338730.898709561,0.07966939027357965,24300.143371990525,548896.9282523458,0.022135433923232816,4338461.9516005935,ok
1838,4338657.344816576,0.15976297924599103,31287.9711300503,3815007.665708027,0.004100643284584799,4338593.194412225,ok
1839,4338573.732744235,0.28126984008534645,10818.912950775346,125039.24672717541,0.043262068646259755,4338339.708466857,ok
1840,4338274.504472158,0.22069934895338958,22876.972021497324,1881457.5436975171,0.006079587630911555,4338204.96319409,ok
1841,4338184.9208229985,0.3439903619057528,9401.961460692513,205180.2717952965,0.022911465557645398,4338077.214464908,ok
1842,4338025.693562079,0.332750935370185,6515.5353392309,14721.290236243116,0.22129634137604196,4337304.76149574,ok
1843,4337194.655335427,0.21577483988722163,18421.404367154573,698636.2113186403,0.01318383163419565,4337073.222988606,ok
1844,4337167.788500963,0.2594780741765731,13471.511243919585,177452.95052669253,0.03795798042223366,4336912.112820935,ok
1845,4336982.044782326,0.2417481865338516,14564.178344755648,462477.1681563077,0.01574583498123442,4336867.382207899,ok
1846,4336831.838548401,0.3608637288029579,6467.829946358859,23674.24430995721,0.13660055758651055,4336390.0839598775,ok
1847,4336695.888948,0.1832563490330579,20056.20932959133,257017.87676393686,0.03901714849977605,4336304.620899122,ok
1848,4336310.815055188,0.30021659241940696,10370.312430560378,76282.00659102821,0.06797351625894478,4335958.361754883,ok
1849,4335830.77432087,0.29983951242211665,9615.280900225152,105670.68388580094,0.045496444929875035,4335612.043771889,ok
1850,4335783.212636112,0.17918044652375062,10893.501824506942,145876.00374451082,0.03733822405632241,4335579.840630171,ok
1851,4335430.844779596,0.3343910963458539,5133.607345509499,10337.056831185739,0.24831087945758326,4334793.47950222,ok
1852,4334712.895320452,0.2171818711716863,12903.909457502663,168614.12059800772,0.03826461690081943,4334466.013744495,ok
1853,4333992.3215459585,0.31363207537323423,6934.3550325164215,37180.695104639635,0.09325208973367351,4333668.99999709,ok
1854,4333784.19870176,0.18655349300723886,16605.386012058167,543080.5788671188,0.015288141997912596,4333657.265952119,ok
1855,4333660.537277272,0.2834178122086555,8506.276356076885,55984.178881326516,0.07597035918047686,4333337.424842242,ok
1856,4333360.807860421,0.16892236413097989,16943.27106732106,369063.1168167864,0.022954435563026187,4333166.346248451,ok
1857,4333186.518824936,0.30752468899219665,9327.96352290925,88640.96147258504,0.0526165520316147,4332941.116185909,ok
1858,4333237.311815853,0.1194475777805438,23687.048939778448,694572.2387129314,0.017051537348851894,4333035.361516013,ok
1859,4333221.432049462,0.1532507989166295,23175.24186482633,1279451.2337143505,0.009056711680032824,4333116.486307619,ok
1860,4333102.293836911,0.27293296034119,9348.128946180426,255153.55453553828,0.018318633583602303,4333016.671362482,ok
1861,4332966.368832225,0.33493516307975496,6345.788151356635,29914.99847942628,0.10606365492080642,4332629.840089882,ok
1862,4332448.608039651,0.16539401481072802,21184.050506522264,1288935.212992476,0.008217655275838105,4332361.566427447,ok
1863,4332307.074355881,0.31352011941054264,7433.160148706815,83873.99671936323,0.04431146982048364,4332142.387230081,ok
1864,4331987.204428131,0.3174408211143646,5185.535026336658,3191.827472453807,0.812314429756777,4329881.061964179,ok
1865,4329888.349525005,0.09713331861555623,51403.35224355744,922113.8019946913,0.027872564173946384,4329171.977907923,ok
1866,4329138.242086459,0.2030326754802555,22697.83736505749,304787.5543170949,0.037235505589974176,4328715.659361416,ok
1867,4328602.963272415,0.26811218161635275,15686.178010698357,243642.06328907143,0.032191030150831024,4328350.486157768,ok
1868,4328279.858168157,0.2899818474477555,10073.67047366934,122045.78421962744,0.04127004688478739,4328071.987741782,ok
1869,4328118.84840954,0.2923900729326516,7286.001779282849,40271.099001876646,0.09046191884337847,4327789.295558714,ok
1870,4327812.343427668,0.13448438209242777,18706.089661016107,362326.4204262442,0.025813863696456482,4327570.905203266,ok
1871,4327539.87450861,0.320220090320562,7359.017745036695,22948.27689211737,0.16033922240942813,4326949.904917142,ok
1872,4326629.136205325,0.21294073404113764,14189.139222730893,377681.2061179646,0.01878454499838029,4326495.867943216,ok
1873,4326467.473956682,0.2030451848798007,16754.35233470877,997677.8380587072,0.008396674605556828,4326397.133534292,ok
1874,4326365.314765729,0.33158886846556607,5701.733218305943,6885.292396942518,0.41405164004638745,4325184.908770656,ok
1875,4324741.558063451,0.1492662267807254,31660.27886240646,1558262.7375511676,0.010158838461401268,4324580.742234148,ok
1876,4324582.660104464,0.2526949619593136,13674.365485946131,185291.4878963288,0.03689960516048364,4324330.3707608385,ok
1877,4323918.840819351,0.3522562838191021,8048.984308901054,120946.02860841287,0.03327510792008418,4323784.925408589,ok
1878,4323678.4097395595,0.3194561352995921,6818.993036432848,39192.627115192896,0.08699331402805463,4323381.806338273,ok
1879,4323414.506686495,0.3347710207042639,10167.350555138415,748637.8344560824,0.006790566871714033,4323379.985649569,ok
1880,4323308.052440073,0.2851642315205556,5422.243285426511,3110.41692377083,0.8716264440287639,4320944.967123306,ok
1881,4321065.136372339,0.0912795642964487,52495.707191122114,1105378.46256789,0.02374558079825892,4320441.865844005,ok
1882,4320415.303608432,0.16583331360606957,26762.353025945307,272820.62513486407,0.049047525297465706,4319758.990014902,ok
1883,4319834.645203715,0.21516464130676483,17873.756656276702,537024.3333927848,0.016641477438605806,4319685.922344646,ok
1884,4319643.117562435,0.3467341190999864,9442.330081899876,57592.941666213,0.08197471607392504,4319256.1013986645,ok
1885,4319219.997559426,0.24854458979917132,9951.199807280362,328515.4456989765,0.015145710707920246,4319144.638562688,ok
1886,4318985.587038968,0.336848998521136,6342.978396557539,11585.495730455972,0.2737465251436374,4318117.402891408,ok
1887,4318023.455881566,0.14309192942588303,18986.746193015482,681116.1302934695,0.013937965457399127,4317891.1375752725,ok
1888,4317918.18375319,0.31104052267515925,10417.384145277978,99357.20726280476,0.052423897733575975,4317645.1238126485,ok
1889,4317735.759144612,0.2732799930577261,13179.058010292949,334976.61601069104,0.019671608972657854,4317606.132506709,ok
1890,4317577.292682452,0.33533918859362544,7264.117023494088,23783.774054580248,0.15271161353164583,4317022.635166681,ok
1891,4317380.660214897,0.10586874566200283,44106.189749794205,1578655.2066325452,0.013969544953352363,4317072.588514682,ok
1892,4317113.384303601,0.2568947019321448,11246.269728419327,93690.80535625471,0.06001800115633511,4316775.894988819,ok
1893,4316719.839811882,0.2878474616824907,9494.876788345206,231344.140954998,0.02052110926421125,4316622.417109869,ok
1894,4316519.565472299,0.3701108313460354,6138.3170622902435,16250.713603368764,0.18886300048441484,4315939.914983145,ok
1895,4316094.008772926,0.14266144425838706,35880.3600478437,1833520.252304219,0.00978455514815072,4315918.472092114,ok
1896,4315883.395528978,0.2568509797641899,17971.725657508425,382884.33073815546,0.0234688706415082,4315672.507476647,ok
1897,4315669.175929251,0.31387234400556424,9676.601019508884,92496.99590271997,0.05230765023809997,4315416.09579844,ok
1898,4315432.216407142,0.25822952451492875,10552.84096567126,176145.95916534695,0.02995481989957369,4315274.1621818645,ok
1899,4315135.849567504,0.297898461412946,9311.161440537839,98299.27474377584,0.047361292668781405,4314915.355246468,ok
1900,4314802.09358317,0.3308093783852675,9022.495476904174,66325.83802349406,0.0680164453686074,4314495.254547824,ok
1901,4314591.681439811,0.17400717622439016,19239.11910122984,631224.562062649,0.015239520336758027,4314445.08396641,ok
1902,4314294.038933888,0.2818744663259618,9962.627381587303,115917.15468548903,0.04297305005725121,4314079.976691303,ok
1903,4314378.345081238,0.10492326725102978,35373.266469329625,1797893.4954931948,0.00983741989111154,4314204.354243649,ok
1904,4314208.483168606,0.3347209199906357,6229.339330203561,45733.48171965008,0.06810480085891898,4313996.359211323,ok
1905,4313911.074849876,0.21241140641816994,12568.083076923598,340022.50734020857,0.018481251690125086,4313794.937896572,ok
1906,4313781.163583459,0.2638646031974019,11335.800537431624,493319.2590738002,0.011489314808745179,4313716.043292968,ok
1907,4313799.955991719,0.2552255682607273,10295.693593470303,277966.6204227528,0.018519658183798884,4313704.619628661,ok
1908,4313627.876366183,0.34163924770470355,5725.006913334004,10032.915143692933,0.28531123962176425,4312811.17195654,ok
1909,4313297.929150715,0.13553470751654934,35692.843772500884,534554.98263574,0.03338556830628491,4312702.116213808,ok
1910,4312567.192613079,0.2516664003912516,14198.345270053587,233986.6105161115,0.030340080654050798,4312351.803142755,ok
1911,4312201.99845936,0.313391672083888,8904.341483273161,57760.817218677585,0.0770794278200919,4311858.827686037,ok
1912,4311941.816090693,0.2919520012627256,11162.085828244875,132260.89738802752,0.04219722551669034,4311706.311564227,ok
1913,4311607.34052486,0.35592043185716316,6549.267127095203,29964.8565231902,0.109282470984412,4311249.480477466,ok
1914,4311260.00568732,0.19732839932361823,14192.067218486773,258593.88501149506,0.02744084071797735,4311065.284559319,ok
1915,4311156.897492912,0.22504417029701146,10854.289719100885,131979.3519338752,0.04112116615233549,4310933.726967409,ok
1916,4310824.451118013,0.26116248630415084,7391.387707420841,56903.05379647989,0.0649471971562103,4310584.426160667,ok
1917,4310930.950574623,0.17478204632696787,12527.970100530532,183966.56950667631,0.034049583394758796,4310717.66449327,ok
1918,4310795.2902861815,0.1983011691581264,9657.68401437742,127182.42117352827,0.03796784148809541,4310611.9495782815,ok
1919,4310843.999809434,0.17346219435595234,10177.911210760616,179599.05687547947,0.028335090918147798,4310699.803789676,ok
1920,4310546.231176393,0.3223208136746196,5492.253429258873,27842.661121648187,0.09863018131173791,4310275.380200624,ok
1921,4310251.477825627,0.31012595719902586,6534.067656226206,60122.71461876482,0.05433942643523673,4310073.949081263,ok
1922,4310003.908065569,0.3548741993187358,6051.708316068991,14191.745453505862,0.21321226257528475,4309358.758854312,ok
1923,4309560.044907732,0.13864180568251888,37784.55469129282,630968.7796612792,0.02994169910560121,4308994.37802403,ok
1924,4309026.1739877295,0.2012700361850564,17949.392638787318,230263.93169005835,0.03897569303851656,4308676.378978871,ok
1925,4308478.014572755,0.329048448393512,7900.284565311484,47508.496820662745,0.08314601696548977,4308149.575975506,ok
1926,4308110.297745848,0.34707007879280705,8354.622090372213,71074.82024302662,0.05877343102525758,4307864.782843263,ok
1927,4307947.498488657,0.20229604501167028,12091.76863353733,384520.9767012803,0.015723158639185195,4307852.438090431,ok
1928,4307781.912058782,0.31167926783039557,5240.396898624551,9171.825893502139,0.2856790435990045,4307033.376271743,ok
1929,4307028.753414121,0.2182023812735962,12431.665994946412,117918.2545597161,0.05271306822410085,4306701.097785256,ok
1930,4306800.442139922,0.3330418370228689,9760.68907636105,92373.3041814385,0.0528328458251814,4306542.599649362,ok
1931,4306632.977533529,0.31317811237559573,8137.485282497402,137033.3889251747,0.02969161511046323,4306512.169993041,ok
1932,4306360.492725721,0.37142953871390805,6146.654897882178,28073.6440432198,0.10947376280078408,4306024.044005566,ok
1933,4306013.387047363,0.136735950618931,9795.691223281667,107996.22879396465,0.04535200595740199,4305791.259924006,ok
1934,4305670.886827731,0.22953373141812983,14489.979909597423,1151184.9667027073,0.006293506399367118,4305625.2904370865,ok
1935,4305687.609053524,0.27405230144985077,5920.442457444831,39478.768439537365,0.07498261333192452,4305465.643929753,ok
1936,4305790.145262522,0.08566108670154408,46521.682503550255,3229338.9672199883,0.0072029729575893596,4305622.598052015,ok
1937,4305624.501971,0.33418960691960314,4849.04105859803,2988.8487403549157,0.8111887686263813,4303657.758148328,ok
1938,4303954.708198484,0.12058152670787765,54894.50621450931,1098859.397524757,0.02497794819708613,4303269.132132218,ok
1939,4303361.909736291,0.19080709042538854,26233.148484068504,366006.73293755885,0.035836975283927236,4302891.851389369,ok
1940,4302653.661451479,0.26040946550746497,13377.291897309562,218812.39126305256,0.030567948689038383,4302449.203265322,ok
1941,4302411.895783722,0.33857141843469735,8743.084386889408,69361.80055347382,0.06302521212774033,4302136.378409656,ok
1942,4302302.767832851,0.13911149402888184,22841.209523148995,794147.4912146645,0.01438096183381056,4302138.528551656,ok
1943,4301964.654091988,0.2866352403713216,8544.510181377464,122441.78313197994,0.03489213388932494,4301815.585995355,ok
1944,4301898.614514749,0.13570566385671415,14159.52591999994,436304.67633080715,0.016226649275315305,4301783.733684244,ok
1945,4301774.777316907,0.35909666241642024,5880.203845133356,23402.400004784264,0.1256324958963875,4301405.404974185,ok
1946,4301721.5081833955,0.09604694635358522,57690.874617494854,4155451.7066043816,0.006941588868161439,4301521.275016876,ok
1947,4301533.981295354,0.19751151307873216,20128.765841823355,822654.335009212,0.01223403620768494,4301410.853270291,ok
1948,4301436.193831254,0.21030891073467856,11468.174086026593,339936.6944752778,0.01686810260911775,4301339.470662643,ok
1949,4301316.483195702,0.35456602357226374,6580.655844392287,102631.03033435285,0.03205977677001649,4301210.9960170165,ok
1950,4301115.1134203775,0.31849079057946006,4732.884264830181,2543.891022298649,0.9302450897746332,4298913.742246462,ok
1951,4298392.96593759,0.12167752775804135,37620.689831437645,569126.1895698941,0.033051272741348225,4297771.260097423,ok
1952,4297599.01754849,0.19041280913026398,19621.647111974555,256816.79751042428,0.038201642770617654,4297224.22797172,ok
1953,4297238.181011941,0.2876494520708491,9961.763354873812,53234.73625804452,0.09356450369723067,4296772.147289817,ok
1954,4296797.344975726,0.3365133903285857,11357.606256498006,258944.09490253121,0.021930614522746902,4296672.805333369,ok
1955,4296786.820891679,0.12336418148520514,29821.355192941046,1732378.3592323472,0.008607056026189195,4296658.483854217,ok
1956,4296637.17238936,0.3776555034773635,7912.674969971411,96663.19509309987,0.040929099034800284,4296475.243060621,ok
1957,4296506.606520902,0.332697128217057,6605.633468717157,57774.89790431706,0.05716698521611381,4296317.794445478,ok
1958,4296125.348683218,0.2846498929938005,10345.634544330314,295254.1257866463,0.017519881418703996,4296034.721538009,ok
1959,4296054.362435162,0.29136271072534137,7522.171106177109,112455.82394429648,0.03344500463534516,4295928.572911405,ok
1960,4295768.623255502,0.3151996347013719,7522.475287784078,77733.73050410555,0.0483861718651646,4295586.631364439,ok
1961,4295577.176513101,0.17014129535960593,14882.999910114388,689886.9767132351,0.010786549400468531,4295496.908406222,ok
1962,4295465.941130935,0.35726499459514277,5813.72629280193,36404.6715633777,0.07984862990290525,4295233.83209138,ok
1963,4295328.487912667,0.1492290285932464,15722.667921746146,490807.7763753708,0.01601713407829282,4295202.571872581,ok
1964,4295244.340924854,0.28667614387362694,7029.2103962468445,126392.41781272432,0.02780708889777719,4295146.60998567,ok
1965,4295159.703075439,0.3757719574417175,4852.30311592591,22341.93121671442,0.10859184617612219,4294896.242798657,ok
1966,4294966.960981615,0.18358140299843462,11765.647430502548,301321.00200180884,0.01952344402205313,4294852.108002119,ok
1967,4294867.749812726,0.21785731477741255,9063.691638323173,227929.4872048574,0.01988266579606032,4294777.644636865,ok
1968,4294759.375449162,0.19339577266292232,13102.101185409414,551486.649229505,0.01187889244799912,4294681.556223749,ok
1969,4294685.742886665,0.3225529457348709,4724.65802324138,2269.6903108525185,1.0,4292230.775174277,ok
1970,4292054.730924312,0.08378671694483736,76435.51255931967,2800321.6270475397,0.013647631011568455,4291533.149088518,ok
1971,4291450.279524792,0.15206116925705454,38324.16640094641,1031077.5702194017,0.018584521430716146,4291094.161378895,ok
1972,4290854.364451596,0.3022590215502259,14159.099914382525,151200.0080767062,0.04682241785066369,4290522.8828053055,ok
1973,4290415.747945835,0.30117822122290566,10418.625463481349,232717.01636047164,0.022384752147524983,4290299.138771475,ok
1974,4290367.160228122,0.34047624472504984,8712.945314291255,126467.66736389635,0.03444732355670301,4290217.091404935,ok
1975,4290224.002826214,0.3562064665547384,8330.679638404712,202567.37214808533,0.020562738090699605,4290138.352034453,ok
1976,4290141.072985282,0.3744102679495041,6559.796358514425,29017.764899900998,0.11303069656024413,4289770.343809434,ok
1977,4289940.307457924,0.09662743755391169,20250.7425574734,371318.7628472964,0.02726867665155053,4289664.201982547,ok
1978,4289655.253558472,0.19031696249795912,13619.006465769555,368793.53096616874,0.018464269736633333,4289529.521054007,ok
1979,4289586.557636593,0.20481856268588366,12381.927113779904,308309.39056826313,0.020080360009401672,4289462.240859565,ok
1980,4289425.943130996,0.3665089822261641,7032.032633019962,49807.66472224641,0.07059187247820445,4289177.74095555,ok
1981,4289128.317516102,0.39517636220587576,5448.55726665477,18080.664038830833,0.15067359403817268,4288717.840663257,ok
1982,4288892.650995987,0.15429839863819822,26278.446255945022,1676974.2104216923,0.00783507763346493,4288789.7041627355,ok
1983,4288785.009959845,0.29120599917331846,10129.783506464237,196052.80102004623,0.025834324870034564,4288654.16190086,ok
1984,4288644.94079681,0.2886708060582298,7986.179618865331,127048.38599191338,0.031429677585096,4288519.439271532,ok
1985,4288575.765832961,0.35282781672534735,5917.275868012024,12775.687561388395,0.2315834603648121,4287890.594222236,ok
1986,4288137.169369381,0.16801143499296017,24466.464869608033,549184.9440670172,0.022275250927693297,4287864.671047239,ok
1987,4287672.758311445,0.35578226399768764,7478.14726587019,42372.50178804753,0.08824292819995387,4287342.81150532,ok
1988,4287396.487922171,0.22410379123982635,14276.328093340424,267613.81454661686,0.02667337655480705,4287206.088984645,ok
1989,4287164.8496805625,0.24379661272269196,9569.40359579568,180267.30980978435,0.026542259952437263,4287037.852881648,ok
1990,4286981.775046383,0.3753540446627591,4750.065803433118,5298.382076299479,0.44825625398750796,4285917.1516947625,ok
1991,4286257.601716293,0.147211832407271,31008.464405270628,469192.11732422863,0.033044528307625706,4285745.271676385,ok
1992,4285895.044696396,0.19585486098416685,21360.752376356093,334611.1622468088,0.03191876838914361,4285554.1402425375,ok
1993,4285481.769069397,0.22460712105654532,14605.76776349235,220163.64572133298,0.033170253235130516,4285239.530561692,ok
1994,4285497.122819275,0.20211246558828427,15186.08185193275,269455.91990707174,0.028179157943848534,4285283.157319748,ok
1995,4285215.397780144,0.30932191754167926,10543.560760953402,111224.06997328618,0.04739783737227812,4284965.526791007,ok
1996,4284608.139687507,0.19781239074123683,14680.40187542824,449407.0949905278,0.01633307755826336,4284488.251616299,ok
1997,4284398.841285744,0.35314360334763933,6021.866567524847,30175.19237760824,0.09978174276684022,4284098.405115335,ok
1998,4284078.827808091,0.2058096108861286,12382.78634883944,261188.61941319675,0.02370468203526518,4283932.062801537,ok
1999,4283951.777767017,0.3500159778332116,7610.150805479797,56997.292695431075,0.0667588796378905,4283697.755196191,ok
2000,4283739.615302287,0.22125299212597963,9945.036186639769,165768.4262201583,0.02999677445640852,4283590.455798561,ok
2001,4283468.660584295,0.2477917813675717,9271.751579291735,268876.7456996094,0.017241639017846096,4283388.730487398,ok
2002,4283395.601157493,0.27904823908147003,9898.135742935632,241322.84317806666,0.020508078747505935,4283294.105283858,ok
2003,4283350.780607987,0.3730863753301691,6618.5552535230345,55935.78648677186,0.059162082713257666,4283154.996851311,ok
2004,4283108.047105001,0.35723296608033367,7296.118459189717,112686.8408363893,0.03237342712350502,4282989.94692539,ok
2005,4283057.415978056,0.27804992506073284,10726.727573714255,357179.4505406837,0.01501588005339693,4282976.880350751,ok
2006,4282977.388059534,0.2278356665226776,9718.590051345867,357869.28865045594,0.01357840747943919,4282911.406571613,ok
2007,4283082.335944891,0.14327789657254378,16843.756101307892,686702.5012159211,0.012264230923495413,4282979.048087668,ok
2008,4282949.000459913,0.3386967491286014,5740.468574574452,48564.98851892316,0.05910089500317395,4282779.367044666,ok
2009,4282696.388493157,0.38234232597137346,5197.705203466972,16612.10286726387,0.15644332463500663,4282289.815351905,ok
2010,4282648.452439256,0.07125724038019096,38952.87020578977,946023.8089079361,0.020587679632902627,4282247.4778329665,ok
2011,4282397.971366629,0.15761513540804997,22704.69159145546,1311677.5678017256,0.008654829566654419,4282299.718748585,ok
2012,4282262.437866078,0.3475988563668242,7360.829704638947,43705.92812030784,0.08420859619291275,4281952.515297956,ok
2013,4281894.488033747,0.27781810848183314,11198.892943200657,350894.2619924659,0.015957646157578248,4281805.134048275,ok
2014,4281802.793290934,0.35619250838609195,5500.046245051941,21049.93517369021,0.13064283095575305,4281443.522485013,ok
2015,4281699.206717862,0.08386999052916112,32494.638002314798,1221403.3744940797,0.013302173008885977,4281483.082069578,ok
2016,4281527.343743586,0.24963329079869334,10007.496249939697,277013.55584092747,0.018063188676019904,4281436.960097117,ok
2017,4281472.622326296,0.3582013081034182,6261.59079712044,26070.686997999605,0.12008871875146385,4281096.649118209,ok
2018,4281284.731446468,0.13978772771450373,16375.076376124804,168168.8884301108,0.048686402487967066,4280886.109666859,ok
2019,4280704.40929636,0.38409162565735533,6055.009666722501,28603.715310663225,0.10584306270985092,4280383.968912428,ok
2020,4280385.094507601,0.2764524199905501,6485.559090445002,49708.25618148814,0.06523623627799169,4280173.547774991,ok
2021,4280054.178085256,0.3522243022081281,6138.295687396634,26552.90999261864,0.11558612011080895,4279699.427193957,ok
2022,4279716.449069912,0.2821704377767808,9248.724356382229,175197.27981384005,0.026395171107136125,4279594.388238956,ok
2023,4279597.205256507,0.3340000838277841,6949.9040084171065,90010.68591302211,0.038605994043489696,4279463.051280132,ok
2024,4279600.1592656765,0.1687093456335751,11965.35383360842,369648.49884578795,0.016184772656956187,4279503.330999898,ok
2025,4279437.133743178,0.3891753471558758,5413.3966599165215,18854.506492726294,0.14355710296646867,4279048.567972326,ok
2026,4279132.669869165,0.11814785880787808,25582.098225217753,757620.5645421764,0.01688318626928824,4278916.716204417,ok
2027,4278945.876038075,0.3022096541325537,8177.813479234904,101414.02626813676,0.040318946896028565,4278781.015624378,ok
2028,4278781.873085603,0.24919311133654742,16397.09321853943,2267062.9106637784,0.003616373665991141,4278752.224077546,ok
2029,4278756.5970165795,0.34399041524600876,5386.18451213164,6687.445722968203,0.40270865254522004,4277672.06546296,ok
2030,4277953.579901557,0.113472637092079,37213.087651623966,905047.8851073714,0.0205586291421526,4277571.054867426,ok
2031,4277586.263900632,0.162171644591503,26725.177839444783,1010281.6707167015,0.013226597400547581,4277409.522316761,ok
2032,4277443.613557989,0.24413193859114027,17063.92791594661,438112.93970973836,0.019474348243687944,4277277.4591206685,ok
2033,4277139.295571733,0.25707448894110485,10484.360611867542,287299.38446287805,0.018246402844664337,4277043.644638087,ok
2034,4277033.792958219,0.33464538668607763,7668.841114895075,43681.35090099239,0.08778163857932389,4276697.201238683,ok
2035,4276673.926729871,0.20411747770751568,13719.316755417043,413917.2095439144,0.016572537259968042,4276560.244785816,ok
2036,4276500.87286962,0.38185820489233635,7157.7722959906405,66242.91892521539,0.05402669758613273,4276307.517470008,ok
2037,4276336.291627197,0.3404756689597422,5372.490733707275,7832.983580325695,0.34294025249851773,4275415.069962815,ok
2038,4275763.1280773,0.10580416096989839,33120.34376841003,532448.0802568952,0.03110194683435627,4275248.0744917905,ok
2039,4275158.703762578,0.22373374903195548,16799.166922493598,215949.16125058418,0.038896115236585926,4274831.992596329,ok
2040,4274925.180921399,0.2919206133925399,10440.112650184785,162977.91374918204,0.032029225341084544,4274757.986561069,ok
2041,4274833.29401534,0.37019433932978046,6698.656858177976,18069.0923199233,0.18536229544834187,4274212.454809514,ok
2042,4274432.956715205,0.18268287762165866,22280.157395960923,367485.1938100204,0.030314360648063476,4274095.252351906,ok
2043,4274072.861207879,0.2989095065066572,8871.234109274115,59713.84840318798,0.07428121236949536,4273743.378195454,ok
2044,4273798.708553252,0.19305850252637513,12415.292087580809,156717.86992315282,0.03961032680468632,4273552.82166477,ok
2045,4273489.808264668,0.3284158178890005,7436.579750121553,49208.977235426166,0.07556121024974144,4273208.849781649,ok
2046,4273077.22068958,0.3711747927982782,6862.092025960253,50433.294505965605,0.06803136790070849,4272843.801935987,ok
2047,4272860.476161219,0.21330741842438855,10091.688361650835,132754.75454598188,0.038008764342053775,4272668.689858844,ok
2048,4272746.864306045,0.28144059675701477,9465.536930913899,164808.71254120703,0.02871673707343365,4272610.954638393,ok
2049,4272677.24536676,0.31342754208628176,10096.46247359279,150684.31113166845,0.03350203613689572,4272508.119341438,ok
2050,4272614.9277614355,0.2685288359787087,9971.76754111172,116028.80450466748,0.042971086290519295,4272400.678919696,ok
2051,4272400.022129644,0.3170789009376004,8858.655797820758,86866.33339662876,0.05099015609057904,4272174.170008701,ok
2052,4272383.448783968,0.13060757652862579,37976.8267719889,4798538.631704893,0.0039571242087193485,4272308.309273673,ok
2053,4272277.323058065,0.21563158246333536,11150.717966260934,268219.9726921487,0.020786516854692336,4272161.430764591,ok
2054,4272130.343101953,0.3697547215384971,5610.951816883643,16413.485660323706,0.1709250531240597,4271650.816983264,ok
2055,4271230.574772583,0.32710375200086056,9050.322352078794,125369.32391294985,0.0360946444856115,4271067.240688695,ok
2056,4271039.813923146,0.37013364062038434,4818.790531205511,6028.733307981512,0.39965199031327664,4270076.894309795,ok
2057,4270036.994365651,0.08467560172114638,55156.798640987945,1460082.4470334665,0.018888247972932346,4269516.086720589,ok
2058,4269471.233711316,0.19869504306510727,21897.371074817805,431391.88527106063,0.025379906092877498,4269193.357100537,ok
2059,4269234.133971611,0.2959370312485253,11694.84071297527,117415.25131570593,0.049801199511680994,4268942.925423808,ok
2060,4268759.605015349,0.3463602991961166,8595.465273279551,158888.20404447144,0.02704878352981369,4268643.356575591,ok
2061,4268437.566777399,0.3592202885745487,4805.605949472458,11413.56192476967,0.21052174514615588,4267931.724501914,ok
2062,4267745.886239691,0.10940719085442203,40728.740339985656,2186748.1144939656,0.009312627291189108,4267556.240450278,ok
2063,4267511.984128879,0.22414941507288597,13979.288687363554,611719.600798673,0.011426222626438587,4267432.118896529,ok
2064,4267397.076502433,0.33096028631689334,6845.985087273175,35196.66100834456,0.09725333158236377,4267064.179073583,ok
2065,4267312.968148364,0.17186732570324112,15834.707988959333,637164.3346588041,0.012425921483378915,4267214.587729272,ok
2066,4267184.150087979,0.3189938726754427,8195.181991380588,83701.62767302897,0.04895473492698463,4266983.553606946,ok
2067,4266985.023067551,0.32412468260821814,7239.276015466878,67225.40845104183,0.053843302571668396,4266790.129803101,ok
2068,4266938.328138081,0.33343190494667985,5947.337200783117,34617.450302120604,0.08590085562163417,4266682.887460973,ok
2069,4266905.513386052,0.13506258868744797,24568.14253811406,599093.140424209,0.020504443199531316,4266653.635344457,ok
2070,4266676.770238437,0.23556345170435936,10569.591265432155,192553.26575581278,0.027445889385319555,4266531.724322078,ok
2071,4266617.657264375,0.3393462119975742,8009.7309369622835,96394.18187067792,0.041546755112814325,4266451.268099497,ok
2072,4266520.602359897,0.25373862189281493,12963.422474747738,809613.1896695787,0.008005935822289655,4266468.710195712,ok
2073,4266577.565395492,0.266407655023784,9632.596905448198,212698.5994790066,0.022643771348383836,4266468.5062345825,ok
2074,4266375.231429991,0.36317774642995243,5364.402184915272,31569.31892945931,0.08496227297303859,4266147.345528605,ok
2075,4266226.121510299,0.15381339790600912,9355.412472771142,125712.75323251891,0.037209480471195024,4266052.0664914455,ok
2076,4266139.928712153,0.32610089119462554,6833.197847133339,62054.13749103331,0.0550583580999794,4265951.816385135,ok
2077,4265912.041959089,0.395867023757087,5951.9311674220935,41977.005586716594,0.07089513751911775,4265701.060469779,ok
2078,4265816.305047078,0.21760846637315126,10985.538647430003,252322.91577964887,0.021768808856472564,4265696.734001577,ok
2079,4265645.611494799,0.36849547597057863,4989.6510559865665,12845.599172423246,0.1942163611448456,4265161.075559061,ok
2080,4265106.299851629,0.16060868403022527,27699.961400135144,1080665.0199666582,0.012816164532183049,4264928.796220209,ok
2081,4264859.375917038,0.23510831222404005,14001.223014235435,243206.032367696,0.028784695177846986,4264657.865448747,ok
2082,4264506.711620347,0.3866631900268652,7211.527303269012,78566.33126096943,0.04589451478467845,4264341.226847126,ok
2083,4264482.406913052,0.22841421663242842,13518.79383997442,264313.6729143784,0.025573391060162237,4264309.546212287,ok
2084,4264328.600328515,0.2571613958681162,9539.77197881681,176248.24309811072,0.027063452693557862,4264199.510744687,ok
2085,4264137.283884717,0.3479474905477876,5288.883998429856,4967.690442672005,0.5323282579162771,4262729.572682114,ok
2086,4262469.954532754,0.1574894187737458,26836.74150592892,499470.3624309268,0.026865199143462942,4262109.467330295,ok
2087,4262193.545181855,0.25730210807367093,13116.628556352709,271095.659195958,0.024191882295820023,4262034.887214778,ok
2088,4262090.057323776,0.31774746572310547,8797.832671572534,54265.813304472205,0.08106238657301648,4261733.470667262,ok
2089,4261781.4518120345,0.2852669028136647,9857.429357745714,144819.90348826654,0.034033406735920015,4261613.710860684,ok
2090,4261500.735152217,0.30748384583971455,6772.068696233267,61634.23434932061,0.054937558385585054,4261314.714692522,ok
2091,4261278.319667495,0.36265441765097495,9554.757447035961,475925.1352000649,0.010038088703824628,4261230.363916096,ok
2092,4261173.258007614,0.2893617260204025,8238.879186847586,260687.75843583225,0.015802198070753615,4261108.161807218,ok
2093,4261112.779607516,0.24890785253424405,16342.319786733247,2319071.9839242576,0.003523461087024843,4261083.988843596,ok
2094,4261112.779607516,0.23943558679587357,16724.77240536994,2127256.9009694546,0.003931065495133183,4261079.906519658,ok
2095,4261074.021471069,0.38798242839852626,4795.794424289696,18215.155235999748,0.13164297427483537,4260758.355150057,ok
2096,4260815.616584712,0.18820537488073566,16445.565406411166,700012.4326859803,0.011746623801600756,4260719.026649695,ok
2097,4260789.065806772,0.26522475976200643,8140.808534690459,73387.8640041309,0.055464269502599396,4260563.303807504,ok
2098,4260420.820623383,0.3628284298744506,7208.641507544788,43795.86999848776,0.08229818825146865,4260124.19155547,ok
2099,4260060.423519066,0.19737003576484072,12808.37512740546,356987.90147185227,0.017939508698469678,4259945.535540559,ok
2100,4259910.78334332,0.37636057581155746,4628.523418602037,14357.622780413207,0.16118696978570535,4259537.754511106,ok
2101,4259448.439619983,0.3230797485154508,7435.270985932883,104601.39940080223,0.035540972819317077,4259316.311237975,ok
2102,4259300.752177618,0.13482166858131972,17009.09110921561,831548.6947073144,0.010227357229634285,4259213.773152156,ok
2103,4259257.620105278,0.1891890981597934,11155.911497787592,483393.35658950504,0.01153916509785749,4259193.255152983,ok
2104,4259140.559057785,0.31706709714528014,6716.323636780819,143328.40761850838,0.023429841119345284,4259061.877859927,ok
2105,4259070.215806836,0.3215993419812546,5993.204182870743,138659.18142247532,0.021611277815820507,4259005.455406535,ok
2106,4259041.683540933,0.2729578509815722,6214.7423610083515,93637.09892449305,0.03318525687142329,4258938.564630114,ok
2107,4258943.315325997,0.18507999932526722,12522.01867855144,649772.6199627582,0.009635692774550227,4258882.9861635445,ok
2108,4258920.046953534,0.28303082607388663,6683.624475099244,104520.22206039827,0.03197287732146718,4258813.199600831,ok
2109,4258860.177101395,0.3278683554046766,4597.795670988531,9235.6582867543,0.24891542802003888,4258287.945962698,ok
2110,4258437.695280494,0.0573247222578038,107993.92996224225,8745794.13896636,0.006174049391414429,4258104.315351714,ok
2111,4258139.316890927,0.1266620432584572,41671.71465376661,3964537.8455091147,0.005255557681328585,4258029.812840905,ok
2112,4258059.057777907,0.21668988021742838,15996.391121028744,501370.9767520234,0.01595264969729242,4257931.465365919,ok
2113,4257885.105931514,0.3698441410011004,8375.767825787298,157158.08946499624,0.02664758732528633,4257773.508929237,ok
2114,4257756.240388511,0.40225607557225773,5359.6457896736265,20415.598993929903,0.13126349590005149,4257404.477466941,ok
2115,4257388.1513671,0.30216743146903313,11305.308207989077,151469.53435561893,0.03731875276465354,4257177.201366128,ok
2116,4257053.538473698,0.3439301470130169,6408.827463294605,61899.58729727735,0.05176793370621145,4256887.65259607,ok
2117,4256921.79762745,0.20035611145342086,11271.58896352018,340444.0807896657,0.016554244293769983,4256828.50130881,ok
2118,4256796.262974278,0.3992288170606291,4728.9887478519595,8355.771736368126,0.282977377617273,4256127.164556953,ok
2119,4256488.48533862,0.13759877319406363,36975.1069239989,2676177.907253397,0.006908192991165342,4256360.76975137,ok
2120,4256291.17419428,0.2028944101790057,17881.550406331386,394418.54040348507,0.022668242709938016,4256088.50253196,ok
2121,4256145.50818947,0.2057746145685486,20006.139508300046,1767539.726726438,0.005659318205354372,4256088.8976347,ok
2122,4256076.400507207,0.27136187419004437,11147.01154969296,239857.23009822704,0.023236763688816057,4255946.890270599,ok
2123,4255901.329145957,0.28768185734667195,9881.884772436117,190640.22038070514,0.025917628380575118,4255773.271637341,ok
2124,4255808.735701591,0.3467615858620968,8797.134262360643,260032.45181514285,0.016915454592210916,4255734.331939012,ok
2125,4255696.416076777,0.35052586183722645,6526.781741405812,56372.09372463923,0.057890183867279996,4255507.497779241,ok
2126,4255324.429131187,0.42451297339867977,6216.949229568983,86679.18558202978,0.0358618345789919,4255212.953528758,ok
2127,4255278.293473404,0.19788506596007463,12499.922359855456,507054.03895170183,0.012326025827245313,4255201.256290481,ok
2128,4255243.943771157,0.3519488034363915,9677.827015846513,353250.1834679013,0.01369826183929768,4255177.659066908,ok
2129,4255167.581571628,0.39510457005315974,5820.704326647541,50462.58061073387,0.05767347068066334,4254999.731461466,ok
2130,4254997.878416317,0.3462901146564936,7299.961607441399,125407.01528058901,0.029105076741952073,4254891.6454449175,ok
2131,4254788.984823531,0.3729027861076261,8214.116590022535,487304.6927618488,0.008428111520400301,4254754.3700782,ok
2132,4254729.328470884,0.4039898911999978,6630.486392407753,323869.45698996115,0.010236356422787462,4254695.392459899,ok
2133,4254651.011484826,0.4069838342614294,4006.0729983864103,9422.290063604607,0.21258489026253988,4254225.196190453,ok
2134,4254133.50063881,0.08165214545098053,64741.10172602758,6790607.732160948,0.004766959326733579,4253979.191539463,ok
2135,4253936.389440798,0.3425133564748586,8503.271550826856,148959.27919542266,0.028542268721880842,4253815.038109989,ok
2136,4253897.605097356,0.33832138404287415,6780.588047425615,44681.423099827785,0.0758770376704021,4253640.359630005,ok
2137,4253448.998585793,0.37822106252081705,5806.614113711889,31347.164849600296,0.09261785143203993,4253180.10052414,ok
2138,4253121.20667546,0.11493903789624335,14690.612933180775,442834.95444299927,0.016587006948964457,4252999.370026057,ok
2139,4253020.304544618,0.40266509679139795,4894.545806304099,9088.602875074517,0.26926832834380876,4252361.331460985,ok
2140,4252690.321305611,0.15757025540434072,27598.455067764047,738727.3935439165,0.01867972902383195,4252432.55547454,ok
2141,4252542.507665184,0.24304202862867588,14379.326138976157,222471.32219278454,0.032317257786861224,4252310.157470367,ok
2142,4252297.515022289,0.3383132114001567,7842.939820695562,75531.51667827393,0.051918326055218254,4252093.918868868,ok
2143,4252029.993526251,0.3552159162256228,6413.354585158877,47876.28278934162,0.0669784098880233,4251815.215380169,ok
2144,4251841.646779719,0.3389595399979297,9231.748993220996,299212.52747772896,0.015426742107093319,4251770.438874261,ok
2145,4251801.744578891,0.36192031746562836,8424.014491169904,375275.99327908084,0.011223758836213689,4251754.470025351,ok
2146,4251760.022760538,0.3993291866538461,5180.724468927364,16093.857635658018,0.16095347014406292,4251343.094969971,ok
2147,4251326.581214498,0.26263034727051043,11191.012844886314,188062.6794903904,0.029753412200686395,4251160.095805439,ok
2148,4250971.44934188,0.37267457250321095,6094.446962904196,31445.791662002477,0.09690401546271804,4250676.161150515,ok
2149,4250942.053947864,0.1532515441159024,15067.350567806705,267069.97318568715,0.028208619613951786,4250729.539367485,ok
2150,4250852.212819723,0.19389873305072863,11929.18654950058,253521.42281551668,0.02352697933180434,4250711.883957026,ok
2151,4250626.834135154,0.35965306119908286,5433.169721663538,10570.18229462062,0.25700454212736656,4249928.659486846,ok
2152,4250025.643541206,0.1690799752315818,19098.29954400389,511486.0102066711,0.018669425128838842,4249847.366404493,ok
2153,4249797.2832532935,0.3097560779901485,9792.706552977292,94954.76487239488,0.05156511401053563,4249544.802238355,ok
2154,4249372.691440151,0.3701920271101835,5576.135316564734,38329.38874683408,0.0727396848589884,4249169.888277322,ok
2155,4249250.777573878,0.3070295944352994,8854.130139015342,178405.5131415681,0.02481462030825646,4249140.921635099,ok
2156,4249182.37705344,0.3826851399830133,4171.820587418722,6802.633391817691,0.3066327661017754,4248542.76861024,ok
2157,4248340.898358496,0.27447403731586323,14188.974103661509,379404.77112115984,0.018698992716581278,4248208.238596786,ok
2158,4248299.286839722,0.24226910568061336,15234.165676758577,807983.3705179881,0.009427276743945945,4248227.478491822,ok
2159,4248210.63234812,0.337100267720584,8891.59886864094,78702.54714977865,0.05648863467988753,4247959.495208015,ok
2160,4247883.00095545,0.38517741975459013,6156.487402946574,24709.395130721907,0.12457786543087075,4247499.519925845,ok
2161,4247467.628288496,0.3315036950363118,7826.800751692838,138739.83496111995,0.02820675386375585,4247357.2439673245,ok
2162,4247388.822337639,0.3770535124968459,4139.14461772403,4328.770437604485,0.47809703441037715,4246399.365954274,ok
2163,4246363.5707110185,0.1210050883807565,41778.9930846769,1577496.6309489037,0.013242181398367168,4246086.948208485,ok
2164,4246024.248567937,0.2487056463009041,18413.653742803202,346047.836490452,0.026605647834054967,4245779.294974527,ok
2165,4245701.934621412,0.3561938745113743,8773.415672674117,82414.33174512969,0.053227487785779355,4245468.441183634,ok
2166,4245359.423516269,0.38929751565954274,6271.260689887298,33708.700502676154,0.09302139501624246,4245067.742807327,ok
2167,4244903.994582877,0.1975627499768233,15497.80056284865,469040.07546974835,0.01652076376131341,4244775.976831918,ok
2168,4244846.8797079185,0.29365013085940506,10807.526931256096,434390.8440729512,0.012439865018703169,4244779.6576198125,ok
2169,4244804.013440867,0.3412296187687599,7021.642920474436,57613.74715750765,0.060937217824751796,4244590.0737488,ok
2170,4244609.651121267,0.3874805647271751,6873.559429094192,115097.57636722598,0.029859705330213353,4244507.029891706,ok
2171,4244488.512537355,0.4383441845370541,4636.681730546563,17969.830630042674,0.1290129502610552,4244189.416542615,ok
2172,4244348.980712384,0.1301818820147222,10908.755879991331,123290.79954918347,0.04423994296362554,4244107.679343416,ok
2173,4244179.489919953,0.3364543473938369,6085.177514401976,33023.347875605534,0.09213447312071467,4243899.162607886,ok
2174,4243837.545879478,0.38648185366380544,5769.048347463016,24935.66297805727,0.11567866377845314,4243503.867977424,ok
2175,4243501.933534976,0.2536034802207896,14427.579848273683,516139.96984086296,0.01397642179574081,4243401.1105642505,ok
2176,4243368.108425178,0.2801612104432616,11930.934740958146,698921.1587794285,0.008535250786937051,4243317.191665109,ok
2177,4243262.255049962,0.35244218473777356,5865.041075255487,37774.807703662824,0.0776316470128157,4243034.5986507265,ok
2178,4242957.169588249,0.2669814167148484,6366.264696628877,88641.73638359518,0.03591008567949868,4242842.863032891,ok
2179,4242795.892740208,0.4069333915968368,4108.613411957262,15040.226482491256,0.13658748479420213,4242515.300154242,ok
2180,4242934.568711863,0.09899135206561673,31086.038878578387,947886.5412089394,0.016397552622137188,4242679.7012327,ok
2181,4242644.975759254,0.35034909550993937,7795.507225956455,64856.91008908408,0.06009773835393138,4242410.729582453,ok
2182,4242510.787912116,0.10227806070812138,26710.098144646723,800852.8376097598,0.0166760339042852,4242288.078660993,ok
2183,4242257.570267404,0.3717366925059572,4973.740810764171,12709.921546995893,0.19566371013280412,4241770.979977268,ok
2184,4241627.171401475,0.22890812500767105,10690.468700037833,230774.50674253833,0.023162152637519372,4241503.364267576,ok
2185,4241526.329324411,0.22234346352142395,18874.604261215074,2307677.0056552067,0.004089524707088743,4241487.73524418,ok
2186,4241476.75567828,0.293466370068693,6801.704160253721,59565.389226121464,0.057094432258581976,4241282.5859595705,ok
2187,4241310.178943042,0.21762343730205957,13084.6075818854,669453.3303691067,0.009772606235800733,4241246.243584218,ok
2188,4241070.272504374,0.3895676135381792,4889.6895648368045,29052.093905293477,0.08415382348646945,4240864.529468102,ok
2189,4240731.013572297,0.403781271552221,5612.715425153037,71470.47774295567,0.039265971086266054,4240620.819211498,ok
2190,4240575.991694324,0.28644588947989774,6617.671166589759,221704.3710049931,0.014924539233465811,4240526.608847844,ok
2191,4240380.40786946,0.32950094253690365,3403.762001393332,1294.7363124412732,1.0000000000220466,4238271.38218049,ok
2192,4238553.904440029,0.07024570030833965,105909.6957257335,8921527.13859887,0.0059356259349095395,4238239.584271674,ok
2193,4238204.032884285,0.13861817343083477,44197.50911386464,1402436.14196453,0.01575740520062213,4237855.813854302,ok
2194,4237850.543702551,0.22245697906514925,20795.681384692478,411032.9620869745,0.025296853662422472,4237587.511048151,ok
2195,4237579.88175535,0.21494301724592518,15725.729454147504,452311.59228359244,0.01738373471123388,4237443.195800865,ok
2196,4237451.098529429,0.3592251456671666,8419.842485060137,72216.96303445222,0.05829546225201496,4237205.679224551,ok
2197,4237314.114376982,0.11804987246965175,42673.93787234772,5591196.823494692,0.003816172030738405,4237232.688832907,ok
2198,4237236.803554682,0.2927618956669023,7632.222929939243,87510.64595324926,0.043607396830418775,4237070.392867681,ok
2199,4237041.786444381,0.308658264742429,6655.665743079682,53868.00881503668,0.06177753632896325,4236836.201128262,ok
2200,4236837.301333582,0.3482832789599651,5249.082524602233,14040.407870615836,0.18692770797590796,4236346.701850932,ok
2201,4236252.492913162,0.2600750001505429,12138.601126921496,199250.74831759013,0.030460616156817423,4236067.618278359,ok
2202,4236095.261500024,0.31440689261910243,7357.292522891579,75901.51434306022,0.04846604568150007,4235916.972062271,ok
2203,4235975.046921144,0.3768379400267017,5086.131963473639,10202.419705604612,0.24926106307308726,4235341.159591071,ok
2204,4235488.010614968,0.17657318532643038,22328.715453139113,907097.5413487892,0.012307780825829331,4235350.602147008,ok
2205,4235396.537712403,0.24990354196083683,13244.69598031574,279598.2035302569,0.02368523082960806,4235239.685871622,ok
2206,4235029.215657977,0.33279084004026005,8959.52262911962,283205.5344558452,0.01581805709823885,4234958.354537717,ok
2207,4234977.206493972,0.3639297769580879,6014.439764019959,43037.924043384664,0.06987372065108279,4234767.080852,ok
2208,4234855.674034349,0.348936653291766,6279.094048951576,101702.94838230651,0.030869773929012093,4234758.756927464,ok
2209,4234729.247627324,0.27808670155196274,6690.583095442218,72806.6858981292,0.04594758718178474,4234575.539552287,ok
2210,4234500.53663799,0.3882275458371415,4230.4055996267,4126.27317823958,0.5126182170797943,4233416.245149987,ok
2211,4233274.3170297155,0.19857543954311954,26616.64845577746,879046.0382278413,0.015139507658459323,4233072.835553146,ok
2212,4233087.220777237,0.26845437458566884,16193.69678394088,281543.1183279041,0.028758821881557428,4232854.364956531,ok
2213,4232853.388310412,0.33269496556167016,9954.185091518742,133904.50808388286,0.03716896926757336,4232668.394910537,ok
2214,4232611.143890216,0.40053923139796926,6359.861573824206,96713.86506269379,0.03287978186840889,4232506.588459586,ok
2215,4232496.672371905,0.24479529872301292,9688.304093292612,457459.04612131894,0.010589258399672412,4232445.376394155,ok
2216,4232345.335680272,0.3912119124045589,4951.50234497528,41138.62135788032,0.06018070345503682,4232196.343233132,ok
2217,4232212.756020756,0.3875233121201132,6212.1144193441105,99151.00427568107,0.031326533022660294,4232115.454017007,ok
2218,4232203.9488588665,0.3058471655538329,7827.949491871106,140876.4525834866,0.027783030266296936,4232095.206780039,ok
2219,4231933.154620123,0.3617910520706247,5989.254255305041,61135.45868019112,0.048983473622368164,4231786.467381206,ok
2220,4231809.101233197,0.40912610510844977,5106.468814244348,85827.21220430429,0.029748541768366183,4231733.146232792,ok
2221,4231803.145682833,0.21595328044111475,10135.48550615754,318492.9559778383,0.01591163213490787,4231722.509624392,ok
2222,4231765.183657184,0.2168402949782204,10069.317872196993,345273.1907962319,0.014581667706340324,4231691.769933563,ok
2223,4231624.107488774,0.36555957682574225,3756.7874239597513,6597.506622345633,0.284712667906659,4231089.305003657,ok
2224,4231136.426952655,0.12184136431674836,31503.70141098938,1234634.4057558612,0.012758311798261588,4230935.459929955,ok
2225,4230949.893302393,0.2574437453571291,15218.53062685873,753725.8667492509,0.010095534263998944,4230873.073703697,ok
2226,4230962.095876301,0.23082619152695144,10737.500749277775,163018.48909157736,0.03293338322883692,4230785.284762752,ok
2227,4230697.4184057815,0.3456222767145414,5881.399429011653,46723.628028951636,0.06293817151107495,4230512.336142787,ok
2228,4230700.942719005,0.13465154740433952,18613.37678280512,652640.759175468,0.01426004775300952,4230568.228898121,ok
2229,4230539.113462798,0.3699360996825584,4748.613311179939,16947.16946273146,0.14010048467452396,4230206.471949585,ok
2230,4230378.000599887,0.16613799041375743,18592.72789698095,713594.796727344,0.01302751083825868,4230256.892117792,ok
2231,4230278.55292317,0.3786149099569474,5647.829100315474,32557.378789257993,0.08673654499143713,4230033.616331738,ok
2232,4230412.276297057,0.164558042942947,13140.896390022288,210884.27046775146,0.031156653743959064,4230207.5631177025,ok
2233,4230108.341239746,0.36775518891164954,5516.491777474363,21235.708113388013,0.12988716335756426,4229750.080505415,ok
2234,4229528.537586099,0.23378179154499412,12432.715962852071,320978.3303921815,0.019366908581743485,4229408.145949361,ok
2235,4229414.099166304,0.4006972054717001,6096.369177838115,53965.04311259064,0.05648442793901674,4229241.924203546,ok
2236,4229066.099808535,0.4183214476712402,5215.21881317251,18300.538989806904,0.14248812059790425,4228694.546444937,ok
2237,4228676.720616495,0.26809454437198077,10902.382549266538,178136.8386771401,0.03060114524942902,4228509.907920518,ok
2238,4228564.6989775365,0.23351758227020813,11614.937982719764,551895.4301875021,0.010522770571567953,4228503.588313739,ok
2239,4228543.572480681,0.3180724031294452,8277.74178551789,183171.60696824093,0.02259559197663511,4228450.052242745,ok
2240,4228287.69442944,0.37931453526051623,4869.884759518951,13334.097645424798,0.18261021064255925,4227843.049088569,ok
2241,4228161.408555856,0.15924714082656907,14823.786161147233,276859.4616929227,0.026771319409681152,4227962.982398766,ok
2242,4227855.264107575,0.3582304861906615,6005.891242943204,26125.00203327007,0.11494527800026061,4227510.0896882955,ok
2243,4227755.265337033,0.15590509971702776,12544.025722958271,249657.50604638245,0.025122468620326174,4227597.696890735,ok
2244,4227563.70727123,0.3819767137412218,4772.322461241926,25632.62763080572,0.09309077730888715,4227341.577667488,ok
2245,4227321.502235117,0.21406861052026716,9130.52789566916,201617.76333829435,0.022643163341587745,4227218.130217849,ok
2246,4227211.63939978,0.37433066223265477,3977.5147800568952,9262.037816405264,0.2147213636405033,4226784.610701042,ok
2247,4226747.5277093705,0.14625418197906956,29583.1144701979,1656639.1771156986,0.008928653529039364,4226615.459019663,ok
2248,4226624.681986388,0.24734196010013795,12012.249023578679,312800.7439187273,0.019201119653826225,4226509.3576709805,ok
2249,4226524.085308363,0.38999011291554636,7228.244061961745,127614.32172409345,0.028320661679295905,4226421.730981056,ok
2250,4226485.140549928,0.23812340936664458,8871.686033517539,179262.37062409904,0.024744975765496426,4226375.375721978,ok
2251,4226437.677476583,0.2862030900868506,7030.116231045696,101477.19936027216,0.03463889561085952,4226315.919745453,ok
2252,4226216.040765075,0.41361587177642645,6201.031676864479,59170.696283185134,0.05239951586159263,4226053.57523622,ok
2253,4226031.977307469,0.4178126814263073,4599.24085889587,28976.718234303517,0.07936096872162612,4225849.477202496,ok
2254,4225813.141303832,0.1599251093084611,28569.61124970162,4355545.187330404,0.0032796825679602777,4225766.291675838,ok
2255,4225748.346213333,0.3794059243878477,5395.751775418682,95749.51791300585,0.028176391343928457,4225672.329806524,ok
2256,4225792.167457882,0.2114824059079014,8954.621133716735,361405.3098914977,0.012388613128574564,4225736.699789413,ok
2257,4225649.285020321,0.3748224328163733,4640.732261180894,9754.547449905936,0.23787532353567284,4225097.327176286,ok
2258,4224847.700791407,0.18731376707826766,21085.87290989726,779842.410572405,0.013519316610659976,4224705.167495467,ok
2259,4224577.444682607,0.3993740443564739,5502.603933639352,45853.238361474025,0.0600023480376759,4224412.360104437,ok
2260,4224428.733169425,0.2728427968456943,11428.178949120822,759229.2173762097,0.007526171732836504,4224385.7279507425,ok
2261,4224392.7889829185,0.43253598697770695,4476.610857684654,15201.167307075324,0.14724562815649797,4224063.208294042,ok
2262,4224488.224620948,0.13986351487700396,21345.9915945548,526365.4102483278,0.020276780330687215,4224271.810629696,ok
2263,4224223.528055949,0.25433615696323386,13021.49107131076,231566.60775918595,0.028116081151156852,4224040.471406114,ok
2264,4224030.422316885,0.40294566578335594,5224.581672955561,32838.936250186074,0.07954858271217535,4223822.61828321,ok
2265,4223717.573329311,0.3852319098664487,5472.874573586454,54365.085225101946,0.050334461455598604,4223579.836232173,ok
2266,4223861.775867538,0.13738361819504707,15794.008311050558,243359.76957471328,0.03244991630837668,4223605.518743604,ok
2267,4223790.7688828735,0.30146286964845437,6794.030775189498,73295.02296636379,0.04634714950773249,4223633.326902824,ok
2268,4223772.834258139,0.3006146455047964,6235.737268441746,76991.16317624277,0.04049644797655111,4223646.571653196,ok
2269,4223594.954340829,0.3111019591002201,7159.633738428127,75829.70243426049,0.04720863664627375,4223425.95606699,ok
2270,4223412.606970022,0.1973800991789251,10850.050984648486,248731.46385668276,0.021810772984675965,4223294.282970574,ok
2271,4223274.513926286,0.37948766225288194,3979.3021735198263,8771.333043114411,0.22683565622010102,4222823.190116372,ok
2272,4222861.759748234,0.06685347319881182,86345.86940328029,7833471.283090113,0.0055113414144807435,4222623.818965229,ok
2273,4222654.375392382,0.14478106154853765,33066.83597665443,3910233.4840710983,0.004228243161355578,4222584.468080839,ok
2274,4222592.820241082,0.21718992021104946,19689.685248831247,2175786.945345248,0.004524727315547649,4222548.275012743,ok
2275,4222553.856480664,0.3036804197697113,11247.284107994496,496836.1737198446,0.011318906213878663,4222490.203003674,ok
2276,4222457.944561562,0.31414965224257296,7507.884460474548,154798.6276757152,0.02425048778921567,4222366.909631346,ok
2277,4222211.339697303,0.3435586399883386,6456.981617202085,79136.71654294756,0.040796370504567726,4222079.628990104,ok
2278,4222061.9785464415,0.14353822728667648,32530.660152385084,4814854.4927585665,0.0033781561001802306,4222007.031722423,ok
2279,4221988.421414774,0.4026249043566252,4753.79107053392,18610.88912905565,0.12771531326550695,4221684.855456888,ok
2280,4221272.922278501,0.2088584232022338,20646.739356330727,487190.7000555056,0.02118958690506453,4221054.174339552,ok
2281,4220978.982138697,0.27868992589746777,8185.893450831571,124153.70935425276,0.03296676955287108,4220844.050907209,ok
2282,4220922.68114894,0.3564920200697573,6665.969475935461,56127.72364294606,0.05938214703254954,4220724.761359172,ok
2283,4220720.970055005,0.40663598409758506,4309.281206539448,11900.822041477459,0.18104972881371065,4220330.872958091,ok
2284,4220534.097208611,0.11618503653162898,47754.177293688124,4859303.400825018,0.004913685497141459,4220416.772704412,ok
2285,4220416.223688677,0.17366377237625702,24201.869865385626,1741575.7307551396,0.006948268007527816,4220332.143149623,ok
2286,4220316.044164743,0.2928308325511053,8813.082491853673,318973.4200663246,0.013814760004173946,4220255.168854982,ok
2287,4220252.227795605,0.3633646133506522,5316.8681219370255,78392.16124519146,0.03391198837666413,4220162.075010628,ok
2288,4220033.045266157,0.2880361682783957,7329.51375655193,264499.2178167768,0.013855454502003879,4219982.268393969,ok
2289,4220013.8272710955,0.4416492307798501,4109.059852185045,14019.972877576743,0.14654307422937285,4219712.7501396295,ok
2290,4219657.304365987,0.15107228532978254,31434.316326340653,1627922.5285204384,0.009654733494876503,4219505.559392625,ok
2291,4219480.152509604,0.28926729057235495,10905.189833011209,256478.89968359238,0.02125942883891131,4219364.233455989,ok
2292,4219430.977275556,0.2663641282143847,11714.31378773898,458295.5412429344,0.012780305210878572,4219356.121022784,ok
2293,4219325.040633207,0.3493828906973069,5536.57541405507,75488.47492210798,0.03667166027508126,4219223.522926871,ok
2294,4219218.336423859,0.3944282004933491,4161.033861150778,20809.077825354427,0.09998121723781639,4219010.323808656,ok
2295,4218954.679930962,0.28931003660846455,11579.660370337655,438278.5688452519,0.01321038854449009,4218878.1940246085,ok
2296,4218761.417730123,0.3976555395145943,6624.246220138206,49077.01241400959,0.06748827907714325,4218537.888241332,ok
2297,4218722.705692828,0.35974877285632667,7597.078210021275,171394.76000873654,0.022162515964998075,4218638.520509269,ok
2298,4218661.25735867,0.4404202630396948,5531.936666873171,41120.54880107284,0.06726486912461686,4218475.204860719,ok
2299,4218601.358702136,0.18993803452400262,9448.390671290657,135711.0616240298,0.03481068734642361,4218436.906215344,ok
2300,4218368.9405814875,0.38693415400960596,4233.267877322126,6230.549790441502,0.33971864600267904,4217649.880565762,ok
2301,4217714.713473665,0.09728112164702363,64214.14068388664,7348894.141219365,0.0043689662315119365,4217574.438767548,ok
2302,4217537.517522254,0.18522514825815137,23106.010246155714,646341.8622678077,0.017874449726251743,4217331.013912994,ok
2303,4217280.160921638,0.3481572225368389,10586.27554268177,168674.0695877456,0.031380862418733266,4217114.057693472,ok
2304,4217209.882869138,0.17329559927223093,11952.40111720141,404264.9420956781,0.01478288106710551,4217121.537407048,ok
2305,4217183.109689959,0.23170019184846194,10252.458915381256,275805.0843839016,0.018586421164576032,4217087.831430272,ok
2306,4217155.067803437,0.34665201161777703,6759.175226610696,135173.88957833394,0.02500177825649428,4217070.572103331,ok
2307,4217055.488613312,0.3421621067905836,5739.714427132504,168185.44998961422,0.01706364738295418,4217006.518381781,ok
2308,4217066.26580555,0.3090428619469087,5384.570469033484,116859.65111942033,0.023038621189836194,4217004.239265896,ok
2309,4217019.669582123,0.30506570441605474,5377.688399401408,90941.18016780881,0.02956684963554603,4216940.168929976,ok
2310,4216931.416608725,0.46651457330538293,3460.2578489817115,15219.3044727796,0.11367989434637225,4216734.735735383,ok
2311,4216802.121404149,0.13841440807765035,15125.198031483342,678826.0606142982,0.011140702242483085,4216717.868740335,ok
2312,4216719.412815457,0.4000514247627822,4201.93801056047,14399.184075974208,0.14590889276745975,4216412.862754159,ok
2313,4216576.673489295,0.17327559372696394,18431.822166124268,578344.4681576188,0.015934986137968007,4216429.818073938,ok
2314,4216281.970221243,0.373383540516338,8730.991038694789,140579.95639211521,0.031053470433372848,4216146.406435206,ok
2315,4216178.17303685,0.3848066552726876,6632.7833484081875,61337.8801750611,0.0540675951751016,4215998.863714367,ok
2316,4215895.1942537315,0.42369588664662516,4939.842936112593,22129.493211848174,0.1116122020694941,4215619.520879744,ok
2317,4215934.6750026345,0.1470786524769341,11521.74370677091,214504.95213989072,0.026856591402274328,4215779.957621148,ok
2318,4215746.19716264,0.35952635191206855,5350.512436461753,50634.42487536947,0.052834731011869834,4215604.850719962,ok
2319,4215588.992644642,0.3727817332526703,4920.148494280438,52469.76369789235,0.046885559868435955,4215473.650686246,ok
2320,4215589.342444649,0.2018652004134622,8734.586551371056,234120.35522575356,0.0186540519788393,4215507.874728878,ok
2321,4215467.712883155,0.41722398478010286,4121.628679998874,22113.967205521127,0.09319062115118447,4215275.664314733,ok
2322,4215163.102733478,0.16123827383797126,20358.73446744017,1178423.3270417815,0.008638124348126698,4215075.172093528,ok
2323,4215032.768400572,0.3846403384861629,5662.0928894441495,36183.421024737225,0.07824153616615179,4214811.262977779,ok
2324,4214794.235420138,0.23615989848774493,9527.155823580108,262480.0825622121,0.0181483404961251,4214707.784386215,ok
2325,4214573.921750294,0.3983380215068248,4272.715104422513,12681.74417388493,0.16845928469449672,4214214.032485196,ok
2326,4214318.948066298,0.22352111373658992,12931.573938352245,308978.7197984491,0.02092631807586568,4214183.6429515695,ok
2327,4214230.342620162,0.37394800695536157,6040.897583449372,52285.905106088205,0.05776793546169258,4214055.857529297,ok
2328,4214070.197786111,0.4063565929651907,4863.111491797403,27125.046773174847,0.08964245356816763,4213852.227163061,ok
2329,4213839.349297319,0.12449332466034105,29175.275898098633,2381359.6861301786,0.006125760016016276,4213749.988928042,ok
2330,4213758.220619972,0.39489742700994085,6649.286173661849,166257.7612648981,0.019996919611673217,4213691.737999427,ok
2331,4213711.683388652,0.3963185599378481,5082.46159976495,37745.96842695182,0.06732456221915227,4213540.5961375525,ok
2332,4213545.397926883,0.28288334946717514,14084.85127668014,1676978.7021487202,0.004199472318471653,4213515.82345536,ok
2333,4213513.177633483,0.37173971526504435,5584.728526013721,48015.64976559116,0.05815529471409792,4213350.786866819,ok
2334,4213419.446676231,0.3827402869061057,3895.410625216216,5917.621873349715,0.3291364933909835,4212778.3857794795,ok
2335,4212042.834743944,0.2643925792640756,12680.87455283853,259725.60329003772,0.02441206102171932,4211888.051602247,ok
2336,4211860.134790406,0.3874453954975076,7901.579455318785,87182.63618539294,0.04531624530437552,4211681.099833962,ok
2337,4211577.833363185,0.41177332716770854,4892.785323791175,27676.78653597374,0.08839149945084177,4211361.593047554,ok
2338,4211330.779747441,0.32089020053898837,6780.552960144481,77198.51777490793,0.04391634163181035,4211181.891207317,ok
2339,4211028.431505994,0.48495323806775237,4418.940358466873,30292.825047660353,0.07293707918483104,4210867.279204575,ok
2340,4210901.214826931,0.3933402503376365,4534.510908515993,21225.89378804325,0.10681554693989674,4210659.036695532,ok
2341,4210528.84385178,0.32343172933032294,10467.097359867446,627950.225759771,0.00833433680766901,4210485.225694382,ok
2342,4210477.9835130405,0.4386604163889855,5658.491410086793,50298.634170250894,0.05624895688950442,4210318.841393348,ok
2343,4210243.719731033,0.4018727850243062,3914.253502006172,7817.235477751372,0.2503604703444412,4209753.732557128,ok
2344,4209403.727042058,0.3838149206418129,6539.968957300824,87779.22041438702,0.037252375484921274,4209281.912352429,ok
2345,4209229.757644494,0.3690703538713343,4146.359229776594,3281.7388772206796,0.6317320458610292,4207920.063644943,ok
2346,4207921.604592234,0.13608193582629266,37023.74720632398,1519472.5832493978,0.012183091559029172,4207696.072741197,ok
2347,4207736.246117276,0.22276788013403062,20037.709654596376,344169.5230611937,0.029110232475514183,4207444.594924116,ok
2348,4207407.212496006,0.36973357994271633,7670.664767922761,58633.603523846956,0.06541184838488576,4207156.336315601,ok
2349,4207180.345073598,0.2982503425845879,10658.474594449599,268778.58775759564,0.019827611052228234,4207074.679029264,ok
2350,4207116.278762248,0.40807632820853496,7460.320838546937,182792.010921648,0.020406583419405374,4207040.158932485,ok
2351,4207027.496835825,0.24493493660350704,8146.874128859827,315065.6045257368,0.012928853565471205,4206974.831964511,ok
2352,4206958.584416494,0.36907195428337,4136.745748292418,13421.617209175098,0.15410757451287294,4206639.83248967,ok
2353,4206572.300472211,0.3287279675607367,5855.020012893356,51349.38845386199,0.05701158464773303,4206405.398487671,ok
2354,4206399.690143835,0.29448870288749524,7053.5756378173355,99522.52767197641,0.03543708044205696,4206274.7110801935,ok
2355,4206251.125380479,0.38087238071008206,5766.492444973074,30500.148845142034,0.09453220169926388,4205978.565767026,ok
2356,4205963.476934698,0.21293377571885055,16007.40383239834,1237086.6193629398,0.00646979911586209,4205911.694591118,ok
2357,4205898.780569335,0.4115492661570645,5937.1298332661645,47013.42032126886,0.06314292592088018,4205711.336694714,ok
2358,4205641.894603893,0.32908571888662047,5804.785564194736,81320.15252540479,0.03569094119923899,4205538.30547377,ok
2359,4205673.125156631,0.24775265398919086,12532.382709331476,778782.9536166465,0.008046133169152868,4205622.706546528,ok
2360,4205679.255886957,0.2931246769267952,7564.084644453826,247310.85078677788,0.015292666335484194,4205621.418375656,ok
2361,4205518.921861559,0.4130845496118035,5635.764987297343,86536.147068299,0.03256306860328143,4205427.162960602,ok
2362,4205356.190385375,0.3810962473443202,4959.456252975733,40559.03239263116,0.06113873976289405,4205204.5829327665,ok
2363,4205155.263169032,0.25111406457186153,7616.005376451075,311865.07064174843,0.01221041741029068,4205108.765866709,ok
2364,4205128.224939806,0.41038704350200456,3749.8476542773838,6308.658597827346,0.29719849284353433,4204571.000404184,ok
2365,4204596.764138736,0.13460108011324254,33391.508982038824,1974839.4214395029,0.00845423395429767,4204455.614324225,ok
2366,4204406.008405738,0.27648956302574057,12313.678402706395,380124.83744514966,0.0161968874297555,4204306.28677427,ok
2367,4204302.131175211,0.3092842348327451,10089.459139673454,229838.37903972832,0.02194903040525155,4204191.404252497,ok
2368,4204416.806618689,0.16304006537096744,18353.34481916661,748619.204117792,0.012258131182190986,4204304.317764476,ok
2369,4204260.424366833,0.3643580622223733,5633.507086042773,28977.427560806485,0.09720509307151874,4203986.621576524,ok
2370,4203775.898893835,0.12153805063201965,18062.159846060254,773271.0675730173,0.011679060942206212,4203670.42436104,ok
2371,4203722.159054157,0.182168978932498,12382.25494220439,592109.5754741299,0.01045605024398511,4203657.424314253,ok
2372,4203643.85173011,0.26273086648126276,9109.205879381554,345412.97184829315,0.013185963790876904,4203583.794900665,ok
2373,4203861.405439385,0.10966876639428717,19969.027548565566,656415.3686463147,0.015210664239737767,4203709.534352768,ok
2374,4203651.222965196,0.4111618201961129,5137.203454108287,24828.2647036896,0.10345474231521451,4203385.488935413,ok
2375,4203186.326878262,0.32684618457472575,6466.34230255211,79062.88378523907,0.04089366585790643,4203054.11065754,ok
2376,4203034.521102887,0.3739733563975841,4771.85869031445,15023.387867025362,0.15881433444143914,4202655.6013219105,ok
2377,4202204.8704542015,0.38737230549245094,5970.406793411606,56496.76482308456,0.05283848386812495,4202047.1368326815,ok
2378,4202083.649451227,0.33206369357204285,8925.70373095124,215788.30561458948,0.020681620594614307,4201991.350442176,ok
2379,4201930.622924957,0.3828714526101769,4339.967688359755,13473.26788114119,0.16105846505265797,4201581.128657825,ok
2380,4201250.011661908,0.323575024711332,9679.92411623214,121193.61128181138,0.03993578545045342,4201056.723975566,ok
2381,4201089.495747679,0.38854679450261725,4823.458651519919,17210.15321571526,0.14013409965215856,4200751.530230009,ok
2382,4200954.311688409,0.2071042980551383,17061.5029642359,757537.6870591248,0.01126115786428476,4200858.245549268,ok
2383,4200972.816267556,0.19257611027544688,10593.244407810203,140947.13208508224,0.03757878663829651,4200773.7756318515,ok
2384,4200860.06720587,0.30617579925585175,7662.324693889423,162683.89411076394,0.023549733474760876,4200769.844353701,ok
2385,4200963.908003549,0.14866004530630358,24038.968069870563,1458688.6541356915,0.008239924264069304,4200864.868365408,ok
2386,4200766.672088468,0.39576542133616394,6630.046290691307,103701.81976172222,0.03196687534473985,4200660.701156816,ok
2387,4200760.220085708,0.2929180306065717,8172.84763364991,109133.3094587359,0.03744433149780051,4200607.206677671,ok
2388,4200623.361298907,0.37562934587580343,5382.458684085145,60967.00093408134,0.0441423934392374,4200504.563994455,ok
2389,4200504.02870501,0.4074084058569839,4317.355948030882,8518.30405208998,0.2534164031730948,4199956.984297226,ok
2390,4199724.763682212,0.16265675801316587,23618.66840106124,892343.1635660857,0.01323407258855078,4199568.47809618,ok
2391,4199439.304795494,0.24204816865207918,14173.859545369949,352325.6099480818,0.02011471653658471,4199296.753212002,ok
2392,4199142.142260049,0.41544542664182227,7014.358610490328,78529.93379003555,0.04466041337335472,4198985.510182502,ok
2393,4199065.029551833,0.34336773956611905,9404.569653357961,218120.5026765513,0.02155819727617239,4198963.656767891,ok
2394,4198871.967251152,0.4089234547998029,6759.146222724532,76597.07595832074,0.044121437653850064,4198722.8556268215,ok
2395,4198716.758209878,0.41769762436881525,5753.720858768015,51947.60028230563,0.055380044771075256,4198557.437550498,ok
2396,4198457.713414781,0.3255071864477289,11321.320126183771,1671411.4626158748,0.0033867543628261112,4198438.5421496155,ok
2397,4198421.289131655,0.4641829202086658,4392.457062216201,19383.113790869756,0.11330628065252418,4198172.442645332,ok
2398,4198327.754119595,0.1784001326787855,13999.162817698749,417218.24364687916,0.01677678652703789,4198210.32363652,ok
2399,4198119.875162646,0.3859376617399886,5709.305696832396,42642.0450201495,0.0669445578200412,4197928.771689979,ok
2400,4197912.411888759,0.4128871752565397,6198.551140009256,101547.08745678651,0.030520575701627372,4197817.820214104,ok
2401,4197817.422308769,0.3716200453877559,5573.529982658447,74315.79749117172,0.03749895830237541,4197712.92152456,ok
2402,4197726.845931338,0.3524547207803452,5931.08297529417,97408.21414289752,0.030444470353358965,4197636.561591435,ok
2403,4197655.202599924,0.42788623726960595,3668.964385632511,6440.081789254717,0.284853865656969,4197132.643255821,ok
2404,4197207.216204936,0.12241043558547478,39091.75973150495,1842433.9504292125,0.010608727580817254,4196999.859290113,ok
2405,4197026.176032697,0.3256389756734885,14421.141481153536,603544.4961412416,0.011947040834068593,4196940.031049622,ok
2406,4196908.533840832,0.36802533802197546,7558.067111776947,129022.7089458896,0.029289677660336133,4196797.847166113,ok
2407,4196823.431000231,0.39201064611678693,5472.851530517717,51732.158310264815,0.052896029368175244,4196678.684942587,ok
2408,4196947.920557899,0.2566638311366421,9245.824343604232,105873.0034334375,0.043664692810084935,4196746.0625180295,ok
2409,4196679.737995854,0.41809057253569465,4530.486297832367,42065.5254468788,0.05385034716318423,4196557.753865875,ok
2410,4196635.343367309,0.3631920178912931,7650.308476685512,102469.30777040897,0.03732975582223443,4196492.55129361,ok
2411,4196484.005659823,0.3227307784316098,6179.687822037575,119199.9998122607,0.025921509361453633,4196403.912241959,ok
2412,4196420.784147166,0.4031774468235096,4963.901117077594,44169.32381963289,0.05619172638172901,4196281.319060487,ok
2413,4196263.275593489,0.2713977527986349,8597.713316016756,398293.2128724315,0.010793195864437815,4196216.877191586,ok
2414,4196252.673901252,0.3998411043965034,3807.1140914687694,9510.844520590206,0.20014595355999545,4195871.684661178,ok
2415,4195752.854643445,0.272011457519227,9500.314605922336,130349.45885561062,0.03644171095656764,4195579.750784013,ok
2416,4195790.936100775,0.2345244078391182,9636.917464568318,235432.87282849837,0.0204663803928272,4195692.319691453,ok
2417,4195633.098005752,0.38313788885196953,5568.318820297731,52433.47597599334,0.05309889070531186,4195485.262229526,ok
2418,4195609.65513449,0.26359914113389765,6395.559003374093,73068.16129587777,0.04376433517655046,4195469.706440558,ok
2419,4195440.808164625,0.4273269644620675,4188.768878061719,14571.87881791942,0.14372782433898232,4195139.786845874,ok
2420,4195103.522977982,0.2009959665972061,14625.730832066783,367767.7171707893,0.019884468034037196,4194958.1105393795,ok
2421,4194878.011277657,0.3840516753945063,4857.023646274898,26548.998376980395,0.09147282276543876,4194655.868446075,ok
2422,4194504.694615768,0.35578212324802405,6187.58828484486,82974.36990265633,0.037286142046658505,4194389.338967911,ok
2423,4194355.541717669,0.4034689231241653,3927.095032942301,11377.884499620472,0.1725757997048263,4194016.6809347556,ok
2424,4193840.960492067,0.3051832335414203,8966.250451660417,454729.9158552983,0.009858874618789771,4193796.7619225653,ok
2425,4193747.3824144593,0.42134992330255844,4469.137396290824,12419.875653504527,0.17991876573376817,4193345.3415723415,ok
2426,4193242.6751037035,0.30662776388252594,13474.997834073161,430618.36795187567,0.015646102020872316,4193137.259508282,ok
2427,4193047.8114182423,0.331660876211709,6911.532580442102,66515.37330000463,0.051954399693954816,4192868.269155151,ok
2428,4192992.2620672346,0.19460670162582885,7710.984721007684,95217.58626494026,0.04049138937187552,4192836.147824845,ok
2429,4192874.648377579,0.20957558193359338,8259.84309069231,120062.67227002667,0.03439804784669264,4192732.5871386593,ok
2430,4192775.069978123,0.3209619303224514,5184.570171847714,77950.04050266575,0.03325572468221111,4192688.861659008,ok
2431,4192771.1490973774,0.39572753305932773,4602.999556751488,29906.27146488676,0.07695709513898973,4192594.0323599703,ok
2432,4192791.3322455306,0.18657111902538445,21201.65219500626,2203176.6360130934,0.004811609711278787,4192740.325207732,ok
2433,4192691.4078193204,0.28833746934869686,11864.028784677608,597580.0992024181,0.009926726810775964,4192632.52233301,ok
2434,4192712.650719957,0.2609441688958266,6952.009926339075,67567.22239361369,0.05144513626622133,4192533.8271709643,ok
2435,4192522.23642117,0.46256571213147507,4760.494964870961,21928.22971913364,0.10854717927177576,4192263.867270983,ok
2436,4192199.1141577,0.38897760627987693,4436.278438185097,21234.69436987014,0.10445825969785849,4191967.4111951063,ok
2437,4191929.19194608,0.306572026719208,6621.591808934337,84108.05051099419,0.03936360294112866,4191798.8670906774,ok
2438,4191814.0992918713,0.3298682205923507,4923.500467007508,54654.38687369002,0.04504213429734424,4191703.2168072476,ok
2439,4191684.159851318,0.38547423862175084,3311.034526951286,3572.381980676843,0.46342112137794955,4190916.958184618,ok
2440,4191256.887552079,0.09129164745522796,54315.059325910144,3799434.9890149785,0.007147781115211499,4191062.771474418,ok
2441,4191161.1748365406,0.2213936609219192,15509.497497411965,370908.3432531539,0.020907452986068796,4190999.0427916585,ok
2442,4190980.7515657214,0.42281284153654186,6431.680216494321,70393.04496763874,0.045684060260861775,4190833.8389324266,ok
2443,4190847.248382545,0.3971912908073699,4931.56997836827,11214.127809158694,0.21988201232826177,4190305.0666171545,ok
2444,4190665.0918218074,0.11975654319833388,19633.319258465082,622401.829482143,0.01577222168096822,4190510.2612899686,ok
2445,4190468.8614412933,0.22171229562818814,21073.036985104696,2861673.252673146,0.003681943241671626,4190430.066578239,ok
2446,4190487.062718647,0.18863684740100312,14198.146557314838,613494.5041172917,0.011571535247690131,4190404.915541977,ok
2447,4190320.507664641,0.350854170534806,9943.819131416407,633114.3878693377,0.007853098367327433,4190281.462769748,ok
2448,4190293.2035105405,0.32453517382093366,4982.587832868761,34839.28424739158,0.07150818308274814,4190115.055609051,ok
2449,4190149.0360891386,0.10205860848644427,38330.02465607482,2733349.4242509734,0.007011548599677938,4190014.659673787,ok
2450,4189950.0078199953,0.34651865259945136,7665.523875391775,298454.8431765264,0.012842016222296424,4189900.787429015,ok
2451,4189938.569487939,0.4379791165020138,5316.049662243286,68489.6911643534,0.03880912274437377,4189835.4138760106,ok
2452,4189798.2036222746,0.2466920647059538,7266.412792775756,273608.154287858,0.013278867385529197,4189749.958756353,ok
2453,4189693.5881373826,0.4711635957410892,4012.2783753400618,28225.320376003863,0.07107586950104479,4189551.000050279,ok
2454,4189710.3128430396,0.12680882360053886,30785.977903072177,1724040.233956595,0.008928439515712386,4189572.8774722195,ok
2455,4189540.7805521106,0.4146494913704983,4401.776609108523,31876.40182010859,0.0690444397386745,4189388.8214521953,ok
2456,4189383.581447401,0.17262740279072986,24260.88132754333,3434822.3977295374,0.0035316063712027865,4189340.7415058673,ok
2457,4189356.8764152443,0.4395377797157809,4609.756732724725,33708.82877203098,0.06837610354100393,4189199.2778134164,ok
2458,4189303.36587785,0.20100313859087188,22938.607671308862,3097502.3872672757,0.0037027586751185847,4189260.897813575,ok
2459,4189269.786201075,0.27265445560790985,5920.713527136743,204315.2101034359,0.014489164864767883,4189226.8931038696,ok
2460,4189249.514539549,0.3877211356911194,4300.97811155185,68044.5525955673,0.03160413249474458,4189181.550198502,ok
2461,4189101.588781618,0.4666689904997739,3235.126039932085,9751.374620198852,0.16588051253978556,4188833.2665988007,ok
2462,4188834.879596135,0.11750369800422576,15472.66160685992,492387.22137266566,0.015711883793130935,4188713.3272655667,ok
2463,4188716.052862619,0.3500105764630907,5038.193801214974,65597.84095556373,0.0384021312883443,4188619.3141727136,ok
2464,4188601.094877863,0.4050560824853212,3150.602145932542,5588.313792313356,0.281892021728106,4188157.030073574,ok
2465,4187996.4579654573,0.34272690101171827,7236.86815244418,162130.1828932978,0.02231807805091713,4187915.701471322,ok
2466,4188005.752831833,0.1387298202535395,32519.032097342177,4514180.127902832,0.00360187577544116,4187947.1880748565,ok
2467,4187926.2398678055,0.4413366701574013,5015.56495045022,22846.87617668896,0.10976478604037086,4187650.9736609766,ok
2468,4187723.2627392425,0.3009705736094515,9898.911421337802,157889.584889382,0.031347575675346205,4187568.109301801,ok
2469,4187575.458036393,0.4092950168443075,8363.781013605367,182654.08607451626,0.022895137999248607,4187479.7130761417,ok
2470,4187370.029954113,0.32952766368170694,6944.569287989829,190114.59667347802,0.018264166480381126,4187306.611569308,ok
2471,4187297.8446500944,0.3907388940301873,8421.84352029066,719683.0837692195,0.005851077863455305,4187273.206218999,ok
2472,4187300.1171987075,0.38099939999779187,6023.332271373222,123736.448658944,0.02433936134685501,4187226.8151683747,ok
2473,4187186.901670018,0.36401457370244933,7680.90061334428,694268.8494130487,0.005531647156456677,4187165.6576539995,ok
2474,4187093.0163740222,0.4419196099889573,3633.249943116264,4777.660643371011,0.3802331532438775,4186402.275332825,ok
2475,4186766.6602409435,0.06879211755596991,37610.060673523534,792688.9198456198,0.02372308968368593,4186320.54681976,ok
2476,4186297.926766928,0.240336837653656,20728.061545202974,606081.1121302154,0.017100072193595755,4186120.7010925,ok
2477,4186051.9377089785,0.20537385540772082,17761.935666176636,567938.9489753896,0.01563718749895626,4185913.0643498003,ok
2478,4185875.468283596,0.32860707649345827,10408.00924964917,168254.0860955409,0.03092943978709414,4185714.511335901,ok
2479,4185735.9310588087,0.3424143766036493,8451.501243219242,91906.98751175718,0.045978556538685836,4185541.6371449344,ok
2480,4185470.398418715,0.2433269224009851,15169.798260937707,2031976.2369105143,0.003732769602660901,4185442.085737802,ok
2481,4185452.9147608867,0.39787560623953444,5626.2544674318115,46048.57123730254,0.061090434689471486,4185281.0595953423,ok
2482,4185290.2396357395,0.4170859572728,4292.330540064544,9986.903663486555,0.21489796460928495,4184829.0330874943,ok
2483,4184550.1119131222,0.3859496671629688,8003.194966487376,519854.3881914658,0.007697535260142641,4184519.309475398,ok
2484,4184490.8835886256,0.3979855100866004,4212.535475518323,6775.026703739067,0.3108870016108917,4183836.072327044,ok
2485,4183871.918760075,0.11901267155736261,38805.13670547912,4951277.5786555465,0.003918699374961738,4183795.885927598,ok
2486,4183871.918760075,0.11774757207903265,36070.39788860413,4223395.64750054,0.004270307697782359,4183794.902911192,ok
2487,4183767.4349216996,0.416378743028178,4059.732985504601,11399.089788682715,0.17807268215113103,4183405.971150927,ok
2488,4183264.7457141676,0.3587276951045422,5716.152897776041,37449.116035672116,0.07631892956206397,4183046.620378982,ok
2489,4183005.9009101223,0.438482283803623,3550.2362593195935,9525.25975806231,0.18635902586880243,4182675.091624677,ok
2490,4182824.13615986,0.17780483830207378,16492.091567996,206423.44790292144,0.03994723403649386,4182494.7294390514,ok
2491,4182432.61902378,0.3081252163315971,9658.36637366846,264827.92166867113,0.018235173830635838,4182344.558028908,ok
2492,4182285.2920386773,0.3805917630674237,5624.62507007865,38760.83437330958,0.07255552106937777,4182081.2432372873,ok
2493,4181924.150515288,0.31667528393444566,6374.426778756616,60261.20019519958,0.05288997529179982,4181755.578877874,ok
2494,4181839.1219696384,0.35557182408597504,5351.305430259289,59192.4503927424,0.04520260096307327,4181718.175507641,ok
2495,4181777.233570854,0.29088022221870025,7827.237517018197,168570.95919240243,0.02321644711081105,4181686.3732479354,ok
2496,4181636.105142137,0.4659052573895875,3563.9602989442405,7014.3571374032435,0.2540475362980762,4181183.3974754317,ok
2497,4181426.3126639053,0.17273933037972436,22906.096697645975,396685.1844029974,0.02887188329470781,4181095.641588609,ok
2498,4181099.315163855,0.2985153371280948,9529.514167951933,122563.03038139005,0.038875973196395824,4180914.080595171,ok
2499,4180903.8597528497,0.38835779881580695,5324.839657124573,26859.291643256503,0.09912472242099257,4180639.948126375,ok
2500,4180573.9395146915,0.28697589475112734,6633.51231171745,101559.89214285527,0.03265812995540936,4180465.620461123,ok
2501,4180449.621990187,0.3852076551066039,5297.565445725464,45593.08806852411,0.05809614647908352,4180295.737921128,ok
2502,4180373.6433364777,0.3525584142800603,6348.310733611779,116806.94259327506,0.027174372484505348,4180287.3876562165,ok
2503,4180337.490132534,0.3706902639978685,5294.293072378116,42520.258498038274,0.06225612519056505,4180172.689046379,ok
2504,4180134.006375964,0.3565192804171984,4883.72610704953,32821.39578714889,0.07439851337708399,4179952.3353949115,ok
2505,4179941.031619645,0.3877971710270783,5088.103541311738,62134.653559173035,0.04094416923453316,4179836.867533406,ok
2506,4179895.277620393,0.3938802436913092,5403.027642923054,44605.56646009984,0.06056449981143184,4179731.6617870624,ok
2507,4179750.3044513157,0.4523729496222586,3972.3594207824653,25414.726584648946,0.07815074082248553,4179595.0830355417,ok
2508,4179496.3955903826,0.40805179641127115,3338.6316234984224,4926.990836344096,0.338810415362548,4178930.814006833,ok
2509,4179032.31321148,0.11835161047344252,48869.615778461346,3038029.754534183,0.008042978464171503,4178835.784577851,ok
2510,4178790.464071992,0.2811264188742546,17923.785831030506,947722.7710028307,0.009456238880946426,4178705.718271757,ok
2511,4178693.738300378,0.32578038484757976,9004.145224196782,273420.3714908889,0.016465754133643304,4178619.6082796557,ok
2512,4178615.3006578246,0.3763286459310417,5628.298087519755,44084.0914013647,0.06383593160939596,4178435.6568319285,ok
2513,4178382.9016817175,0.34607482025740416,4897.792960329738,76380.89854444259,0.03206163486987479,4178304.3860569363,ok
2514,4178368.3394168746,0.2186875539687711,7907.06053931118,324392.9951927966,0.012187471148400993,4178320.1558807786,ok
2515,4178363.1955636987,0.40494632351259846,4444.549216695428,40972.708234668884,0.05423792334203932,4178242.6640038462,ok
2516,4178241.6617675545,0.3792550519990586,4463.03681069929,33884.70666674326,0.06585621139638809,4178094.702419717,ok
2517,4178127.868276213,0.20455466848638265,7436.100729034646,213623.54507367744,0.01740468431621145,4178063.1567833466,ok
2518,4178054.474042728,0.4292353271325494,3819.3870929295754,23070.104110423745,0.08277784691929208,4177896.3937226757,ok
2519,4177879.006050963,0.44063433066713464,4735.968785222086,33617.74145081669,0.07043853306074839,4177712.2087040367,ok
2520,4177714.115923766,0.22674433573472874,17682.386629170484,2955785.824565337,0.0029911481546148165,4177687.670604699,ok
2521,4177669.620486347,0.47375593993898046,3697.7396815589846,10046.734146922168,0.18402694982686452,4177329.3786089215,ok
2522,4177239.8151347525,0.28768741890630295,10352.045672498298,139856.0937695655,0.037009633951148715,4177048.25242426,ok
2523,4177053.966446856,0.4199515078143777,5765.554046223658,108918.49818882387,0.026467285824251573,4176977.6671634177,ok
2524,4176996.019763816,0.40866233986573275,5125.779373901323,65604.45664915307,0.03906578634827772,4176895.8984628716,ok
2525,4176894.2924452815,0.2680553807418611,11249.789323736713,789680.3891617553,0.007123001582753213,4176854.2263117023,ok
2526,4176742.716346161,0.4598595327622668,4051.8004010840614,17866.370626759126,0.11339181543160001,4176512.9958445383,ok
2527,4176901.7930887523,0.09883796782694303,32633.266492434534,1081541.2743273908,0.015086463765670488,4176655.6327925054,ok
2528,4176641.3762377365,0.3193197841369955,11484.922880485103,420549.15309363813,0.013654673652294702,4176562.964800809,ok
2529,4176617.6111319596,0.2316366782572031,10594.31017017095,520225.21487990796,0.010182426636717912,4176563.6732389224,ok
2530,4176538.3429259136,0.37043885453949316,6257.39134921001,221109.9837534959,0.014149952080377457,4176494.072032044,ok
2531,4176413.6333611086,0.4095144810546783,4235.746968361024,20031.85984284571,0.10572525470903298,4176189.720647552,ok
2532,4176301.722731141,0.13246960017183734,36752.94693672565,1853583.2182607313,0.00991402667402545,4176119.5378830014,ok
2533,4176041.0325184483,0.2066291518845206,12876.74301961689,594579.7139372156,0.010828441265132537,4175971.314990711,ok
2534,4176041.0325184483,0.2108925152332444,12812.385454946838,608491.2021301149,0.010527995647344742,4175973.5881492975,ok
2535,4175993.695715315,0.337927208655968,6227.7610391137605,117295.23964113618,0.02654737335533626,4175911.0303665786,ok
2536,4175932.9810870094,0.38010648502613426,6027.5149238657505,95149.9494018654,0.031673768413730666,4175837.524031105,ok
2537,4175830.692921033,0.26538045659469134,9380.593412965169,373045.6134861828,0.012572984474072384,4175771.7218933636,ok
2538,4175851.2265981394,0.23751689326041334,10259.267213325362,587007.4316694699,0.008738617826479337,4175806.4006904606,ok
2539,4175798.771827476,0.43082758717959296,3676.0052097217094,14675.351496618048,0.1252441963849673,4175568.5726682767,ok
2540,4175821.406560376,0.11227385369973215,24421.2005079758,646800.8672822176,0.018878453743105553,4175590.8893083055,ok
2541,4175634.57170906,0.32154880391663854,8216.130915625869,173631.88892229542,0.023659625448476204,4175537.37641901,ok
2542,4175530.255351761,0.38627504049488603,5700.277793994073,68373.8562562183,0.04168462996026831,4175411.448366504,ok
2543,4175356.0648471154,0.3914235548546954,4656.727564817207,49964.36530910315,0.0466004875275458,4175247.5619597137,ok
2544,4175222.187299758,0.49644299995535784,4627.851246395473,101854.49855583138,0.022717952137669816,4175169.6196482,ok
2545,4175107.3153868904,0.4243162154490953,6002.679252467445,138131.4438232194,0.021728142001287098,4175042.1018532976,ok
2546,4174693.662885179,0.3082668742480475,6803.400106903775,235928.54000182683,0.014418349104459967,4174644.615986259,ok
2547,4174661.3312867456,0.4713397980656938,3068.1977915458174,7701.052302115477,0.1992063987607891,4174355.728970376,ok
2548,4174317.663223731,0.2595179112226699,12299.652520164715,345113.90388266416,0.01781970007842178,4174208.0751642417,ok
2549,4174239.534301201,0.3552689486286729,6401.1528763095885,95026.79079856027,0.033680780033279685,4174131.7363902074,ok
2550,4174130.9689447694,0.2817244724110317,7971.4518721156255,209948.18764560897,0.01898433123312162,4174055.3026033947,ok
2551,4174067.670195801,0.406920771856778,5127.666438201519,45657.02378331497,0.056154190673236425,4173923.7002163613,ok
2552,4173883.310167411,0.14765840753026543,11343.174562763,447181.7001220705,0.0126829592531029,4173811.3776570205,ok
2553,4173707.6431796555,0.4193358056880127,4315.605920146673,20635.628077652495,0.10456686619634055,4173482.008486252,ok
2554,4173414.340820471,0.3641247978285189,9191.84624029916,1542564.0037343504,0.0029794051391212537,4173400.647703508,ok
2555,4173396.626514307,0.47043311707909136,3382.9245716738988,8363.278401094958,0.20224871213368856,4173054.530445374,ok
2556,4172976.5566789806,0.3090054774138081,8614.613378172395,121290.42621954247,0.03551233863495319,4172823.5941452333,ok
2557,4172903.928747962,0.3156398286727783,7236.789099901185,86709.68012764299,0.04172999536642335,4172752.933160159,ok
2558,4172739.467015171,0.43670807619186275,2851.405028858385,4973.330154224098,0.2866695896346781,4172330.7614604183,ok
2559,4172455.02893061,0.2196490007308083,17093.654995023862,443638.6219041992,0.019265291783720224,4172290.3718050453,ok
2560,4172318.40568637,0.26940503529728466,11505.923175786245,324849.6637410574,0.017709612260762245,4172216.522967297,ok
2561,4172181.18250297,0.3372559014596897,7374.53202495651,111228.12084307469,0.033150483749342534,4172058.947850944,ok
2562,4172036.5120288767,0.4767977329220224,4270.7339944869855,20993.0981629495,0.10171757311229934,4171819.307680213,ok
2563,4172116.367683323,0.14690911016235744,19289.478072430327,469312.0976055094,0.02055079995896944,4171918.1605807333,ok
2564,4171883.501015856,0.18578810433968124,8414.593049404926,129286.8236161407,0.03254234582476978,4171746.5857173614,ok
2565,4171773.36530993,0.4210211571308741,4278.377438533438,21940.47420736565,0.09749965743897053,4171564.795142604,ok
2566,4171491.107418704,0.34365978172442996,6045.489376475946,217221.1099066456,0.013915519948945331,4171449.0443546944,ok
2567,4171538.617194157,0.25113577915451407,11860.538944852433,930290.9071334451,0.006374639832500859,4171500.813862161,ok
2568,4171450.7336223684,0.4585304362207008,4317.4615997991405,19591.04022983597,0.11018969766658708,4171212.8637281843,ok
2569,4171279.991178185,0.20467780432383553,15640.914756208442,641812.305884253,0.012184960161101358,4171184.6992165917,ok
2570,4171137.2658010395,0.343662672222603,6204.909959285282,260580.95303087632,0.011905916159862345,4171100.328232162,ok
2571,4171087.133978856,0.4621034326470075,3754.77588983397,17075.147764673296,0.10994856213198372,4170880.717873748,ok
2572,4170915.3662586594,0.3628991711849404,6175.487735139042,198263.5078836409,0.01557393945325375,4170867.2779226187,ok
2573,4170890.1472877115,0.35309319977200204,6112.384284968519,237889.1048148481,0.012847129526435982,4170850.8839913993,ok
2574,4170839.6488989685,0.4455631966809139,3472.0995710476845,13096.098162731654,0.13256236811543018,4170609.5140282335,ok
2575,4170795.9406748246,0.2019841080534871,10640.049035082986,188698.5953048718,0.02819323858212177,4170645.951954339,ok
2576,4170720.2772834394,0.3549195810424968,6758.639365408295,75926.42955290657,0.04450781766775153,4170569.871139161,ok
2577,4170491.8533675224,0.4168830170025546,5023.217901232387,29284.12333218288,0.08576691615883092,4170276.440413231,ok
2578,4170341.732148335,0.3641225490491163,8229.993257354294,318264.78652938234,0.012929475087553391,4170288.527401939,ok
2579,4170317.6787121478,0.42644187959779917,6207.400307142823,297322.6854456429,0.010438827259075177,4170285.279722381,ok
2580,4170214.78844346,0.508158995222691,3510.62882844882,21683.239541452516,0.0809525906342879,4170072.6911942507,ok
2581,4170075.208065495,0.15102004903179939,14231.429083579587,781080.0326441852,0.009110096589847535,4170010.383218713,ok
2582,4169961.989270471,0.40830881285476284,5025.433654572777,121410.0892082174,0.020696112190290036,4169909.985801111,ok
2583,4169893.926115937,0.4363938916516595,6577.530872217438,221354.33430731593,0.01485747024742141,4169845.0633813194,ok
2584,4169796.722600499,0.4416030873763549,3844.6351468173857,34630.742982494354,0.05550899021659494,4169690.0166931236,ok
2585,4169739.503926095,0.3034351330141423,7967.685253684904,295256.12126233237,0.013492836693139528,4169685.75058812,ok
2586,4169781.4921814483,0.20345034731092743,14698.705730878144,1112701.8451289919,0.00660496151562244,4169732.9499886073,ok
2587,4169754.4051194787,0.3176941474553024,9242.984910724814,696685.4712490732,0.006633542173739647,4169723.7482543704,ok
2588,4169752.8205120447,0.4307827517602568,4398.4581417202035,17447.717449404925,0.12604680682372632,4169475.614710189,ok
2589,4169505.617739896,0.18620174636667688,19720.728701760418,1259197.5505090463,0.007830673071825809,4169428.404450295,ok
2590,4169354.9437530823,0.4321801484459599,5715.430935451046,95993.7709972356,0.029769801082278752,4169269.8701320584,ok
2591,4169232.64287509,0.4654938563456327,3406.394618033842,14883.21494805289,0.11443745957856662,4169037.7333018845,ok
2592,4168935.2638630117,0.41739739935386316,5062.683365401474,36960.0493537095,0.068488590436546,4168761.89583925,ok
2593,4168837.8664503754,0.3247834848781475,7281.71887801256,194787.63487339558,0.018691429984109092,4168769.8135810895,ok
2594,4168806.9745407896,0.4775917666820268,3538.1936248266065,14204.745254336445,0.12454266378858367,4168586.646511272,ok
2595,4168661.361355428,0.252325674296632,10488.018663705698,354813.7732196043,0.014779610397500503,4168583.8569405824,ok
2596,4168514.017742452,0.419033603011674,3506.462043584813,20066.088718969935,0.08737283315880834,4168360.8329808963,ok
2597,4168272.0412380425,0.21701132616395652,21611.8889764606,3813129.8153152517,0.0028338779458356614,4168241.418510273,ok
2598,4168238.769311361,0.3455032420262628,9132.006411050064,465716.3627985194,0.009804257634598938,4168194.0030395733,ok
2599,4168186.6860851217,0.4294895935431918,4414.069092963753,58839.79994619194,0.037509212276387316,4168103.9019578164,ok
2600,4168070.3662438896,0.4692209298730924,3341.3573725453252,12265.087491629269,0.13621416784942422,4167842.796136895,ok
2601,4167623.7023221217,0.4396720572460678,4559.522851526604,51145.81585932088,0.04457376204602738,4167522.084778808,ok
2602,4167495.0903212703,0.18772952525848768,15616.053295292637,953821.8754978643,0.008186042748884093,4167431.173481348,ok
2603,4167428.204373813,0.4596598768546553,3257.609964054882,5409.6818227138465,0.3010907176071821,4166937.7863129317,ok
2604,4167078.9864603635,0.1625881212035329,15227.57613886179,209619.04522625485,0.03632202437146329,4166802.4382645465,ok
2605,4166772.8567237398,0.2743186382431355,11483.093061889987,251739.60316717302,0.022807482250348184,4166641.9065031456,ok
2606,4166609.955472956,0.41704148270300806,6017.501035259413,70356.76904953083,0.042764193954267005,4166481.28868226,ok
2607,4166493.5171683356,0.4001989766194857,5235.746642907114,55690.0042197507,0.04700795695980782,4166370.4562919145,ok
2608,4166289.89917108,0.30155722821346,9942.826928421511,784407.0173549316,0.006337798303965543,4166258.391355258,ok
2609,4166239.903253535,0.4998498437434665,3676.5548717562647,14540.87839352601,0.12642134719293044,4166007.5057435767,ok
2610,4165755.2806145325,0.2662240815656152,9264.301343280638,347560.73591470707,0.013327600597488288,4165693.545160474,ok
2611,4165719.9503395003,0.38723445140368895,5617.875462749325,96595.6021722151,0.029079354217045602,4165638.268244236,ok
2612,4165673.3789026914,0.36160561148976533,6735.663000719476,262378.07171172387,0.012835796369675252,4165630.1501033455,ok
2613,4165604.978133597,0.4584865930985382,3458.592284888024,6719.453337159099,0.2573566710971665,4165159.932235036,ok
2614,4165302.209634926,0.17483260539790033,24035.501790823924,1546067.9424629374,0.007773106579176131,4165208.794376374,ok
2615,4165235.3770484147,0.2971973620237603,12105.058559805548,302240.1276422828,0.020025564861679328,4165114.171730743,ok
2616,4165125.8898512977,0.29641659463458525,7745.573484383807,304887.3916934212,0.012702351253954691,4165076.696353767,ok
2617,4165094.9265404865,0.4192435766683181,5281.507714198017,38376.20748051684,0.06881226756030255,4164913.210279511,ok
2618,4164770.808152933,0.17627204436995914,24140.741060896835,3769380.1374788308,0.003202216303533065,4164732.156215631,ok
2619,4164712.389774633,0.4877660876437708,5404.801168289754,115379.04281821028,0.02342193623847915,4164649.0943204607,ok
2620,4164645.218268661,0.4504186668412014,4431.190444787273,110486.1374130058,0.020053151230290264,4164600.788602601,ok
2621,4164588.5113137322,0.43740632328063267,3169.811981173612,7040.126020793168,0.22512466195999206,4164231.709888363,ok
2622,4164305.2792400043,0.2640564985548767,12183.904628207176,297583.62844775984,0.020471396043794853,4164180.568471502,ok
2623,4164193.677474977,0.4010480806633084,5687.014684934649,73393.29661019953,0.03874342036398131,4164083.5102746994,ok
2624,4164072.8210611856,0.4368241359119543,4727.842756820738,44572.889756861165,0.05303495894713641,4163947.4505879274,ok
2625,4164032.018828852,0.33617157363389644,7358.340691355764,137212.49842543708,0.026813667762759872,4163933.36677756,ok
2626,4163986.5024302243,0.3574775572573455,6970.6802615504075,128150.11427699444,0.027197323626584495,4163891.7105067386,ok
2627,4163866.1193626025,0.39879751306663813,4343.3219985241685,26166.363049889085,0.08299437698397637,4163685.8837109483,ok
2628,4163721.6334190243,0.33016470704248807,6224.76889656628,57835.67542140812,0.05381426646451988,4163554.1427329844,ok
2629,4163733.9573000455,0.30772595457622076,7996.185029226246,150164.91261258392,0.02662467846219144,4163627.509372382,ok
2630,4163597.340407001,0.4440327515108161,5099.1939458821635,39178.55395615902,0.06507634191384634,4163431.4219626472,ok
2631,4163188.6276699062,0.45115067347140664,4711.164530734896,68396.97675365352,0.034439859437816765,4163107.501747793,ok
2632,4163187.399291986,0.1687421844941339,18999.938920537505,1331130.1481108034,0.0071367698145455676,4163119.600196703,ok
2633,4163122.9806888145,0.3770598774951585,5984.264749753875,187487.19608664612,0.015959129142312956,4163075.228861833,ok
2634,4163081.624662223,0.38522981207870205,4238.432235622105,55351.19230683853,0.03828672932758537,4163000.4868083335,ok
2635,4163118.160893933,0.1922917837439992,16236.532268398929,1269915.7279864163,0.006392759736169124,4163066.262769063,ok
2636,4163060.4452187032,0.46477064831713455,4525.606045259304,74071.3582290668,0.03054896084977812,4162991.3189377543,ok
2637,4162918.5791562963,0.43798480130434936,3217.6296082760873,6553.330526143183,0.24549575177385044,4162523.6219564895,ok
2638,4162523.751835593,0.24993070682374025,8159.124395971316,234620.21162186118,0.017387940151382664,4162452.816652251,ok
2639,4162413.388501265,0.32929373117881405,6463.9097804340345,176717.1564974857,0.018288857484321287,4162354.279738882,ok
2640,4162318.2811984215,0.5200576727159617,3384.208650901286,15094.966330065561,0.11209725735395488,4162128.6009443817,ok
2641,4162197.4781064936,0.4600884057111084,4796.091864325113,50924.71476185324,0.04709002187595734,4162084.554071089,ok
2642,4162103.1832336485,0.35692200160642534,5010.060570623653,54303.02148231068,0.04613058752408179,4161987.6247148216,ok
2643,4162119.8100102656,0.24910465035240223,15665.803994574922,1955954.241792485,0.004004644807083624,4162088.442019958,ok
2644,4162102.940936367,0.42221178215962596,8602.39484140103,564504.1238323279,0.007619426039796443,4162070.1682807375,ok
2645,4162053.31091437,0.38533557470123286,3736.4835974309635,15887.849813117582,0.11758934158434667,4161833.6255913386,ok
2646,4162217.2142726565,0.06903851054611228,59192.41948787959,3552735.6373652825,0.008330540959103959,4161970.6618351503,ok
2647,4161918.6738599036,0.49580035900797104,6022.6692035293245,318670.18717266945,0.009449690378890038,4161890.2176802894,ok
2648,4161915.6027155253,0.3328226847696705,5496.590552888003,216683.78138214737,0.012683437860063275,4161880.7448831657,ok
2649,4161870.743854031,0.3360480317633952,5275.160320153795,123931.2947339767,0.02128259989325993,4161814.6092907977,ok
2650,4161740.4092742987,0.4134970141246042,7779.540104921484,724160.1044123844,0.0053714227403028145,4161719.515674984,ok
2651,4161719.3291596677,0.4540733015023068,6372.871869353667,674622.3163809011,0.0047232886569345675,4161704.2787029617,ok
2652,4161696.682197087,0.4314191923023423,3422.903093416009,4935.993901863596,0.3467288616507087,4161103.2725505265,ok
2653,4161003.278929022,0.26496693435143487,14774.829417307345,366257.07543599175,0.020170025930174064,4160854.2745827916,ok
2654,4160776.923715094,0.3779847853122619,7341.429798896019,103540.23633771465,0.03545206220580112,4160646.789302139,ok
2655,4160632.876996362,0.4386853538128791,5007.24023407193,49167.8269418897,0.0509198854770404,4160505.3929467243,ok
2656,4160709.434528455,0.0795873674519051,69462.27454939848,7660251.537889509,0.004533942143141175,4160551.965561486,ok
2657,4160631.7586111967,0.1323755921737785,15515.592701046678,843255.565266642,0.009199816366548713,4160560.388309363,ok
2658,4160567.5200677677,0.42319232969469056,6095.821968791479,126676.62642558821,0.02406056326567971,4160494.1856126995,ok
2659,4160489.8564152913,0.4071165182423484,4643.189424420047,34579.8482721203,0.0671372151184882,4160333.9910116796,ok
2660,4160482.071438994,0.09059948197140465,60955.952845921434,7135853.431803986,0.00427110460076472,4160351.896813672,ok
2661,4160309.95918737,0.31250066220116063,9303.825559135366,250624.4814331797,0.018561286403331486,4160223.613701945,ok
2662,4160282.651346703,0.29526386113104863,8323.240080726671,188080.24575501718,0.022126832212799367,4160190.567878336,ok
2663,4160073.4604246067,0.41062842305698277,3988.5962332184777,15329.255433209952,0.13009752008494205,4159814.0071853255,ok
2664,4159739.587917389,0.2495823005443626,17481.497198297075,2835893.7451211167,0.0030821848012416394,4159712.647314905,ok
2665,4159703.3697170597,0.38339542676056665,6631.992963134573,178499.830972108,0.018577028692455384,4159641.768355278,ok
2666,4159611.6673502238,0.43219536932210273,3623.5929281801,12614.56848518395,0.14362730411413116,4159351.4439084833,ok
2667,4159383.530284631,0.1866357286120351,13975.503030571137,748995.4066074346,0.009329498490433342,4159318.338067418,ok
2668,4159328.64741267,0.45804510281956634,2909.873590636652,3389.3750004853946,0.42926403691239934,4158704.0953704594,ok
2669,4158319.928491325,0.24501051418410094,11256.804693439737,316374.5513649109,0.017790313166585858,4158219.7974509494,ok
2670,4158214.3438617806,0.41448085456398037,4986.6729879350405,24940.046656904076,0.0999732088824019,4157965.077011655,ok
2671,4157697.167560203,0.2519518619080208,13847.728370984933,640828.9966983829,0.010804542586501124,4157622.3583747474,ok
2672,4157576.0142879793,0.4730194558816161,5409.685511589409,39512.52213430464,0.06845533035326967,4157390.8533835774,ok
2673,4157339.0174820474,0.31191918369532495,7022.980130179096,289920.1716864635,0.012111920480259223,4157296.4865936115,ok
2674,4157342.2790493825,0.20642172170761489,9316.565177527158,321852.9573500004,0.014473325418905222,4157274.858209582,ok
2675,4157201.6858905647,0.462905194160761,3738.977097808028,10738.58990784266,0.17409069206923342,4156876.22533527,ok
2676,4157085.7502052183,0.10328085342924269,26053.983632693875,884718.4677259705,0.014724448840579498,4156893.934930672,ok
2677,4156817.773030539,0.3196750872093287,7116.015827280915,127578.51212280977,0.027888771035481617,4156718.544562493,ok
2678,4156803.642431753,0.37999677336170734,5380.792836895811,44383.83970043416,0.06061657658748232,4156640.5598112037,ok
2679,4156663.554352225,0.4142901328201216,3752.913442731161,7430.029958954965,0.25255035736484494,4156189.654536664,ok
2680,4156104.9351059375,0.16678636622287138,19750.400184775688,977635.9338695605,0.010101101801056984,4156005.184704499,ok
2681,4156010.230263113,0.35421690114024457,8093.5137668276,142785.00950862002,0.028341608809918487,4155895.5386625747,ok
2682,4155927.903105094,0.4443856429459901,4329.17285489861,30087.098467971904,0.07194400715487852,4155772.1740836706,ok
2683,4155746.7112679924,0.28513334895978926,5980.709485494373,204720.3045795283,0.01460702566308226,4155703.0310795233,ok
2684,4155831.804231093,0.22720920941160638,8544.818405941904,272083.776808819,0.01570255034342963,4155764.716510495,ok
2685,4155756.2687489735,0.482354392034515,4049.143716581228,33000.92522624269,0.06134894232240049,4155632.0634068116,ok
2686,4155450.328983492,0.44252787013015116,3805.2997113308993,10445.75740542185,0.18214570584205633,4155103.769482562,ok
2687,4154931.9556804947,0.13931751773148895,19162.29942442548,734077.4602347887,0.01305196008762929,4154806.9028968574,ok
2688,4154762.8203323698,0.3092841064520668,10043.400411318496,315109.8127912951,0.015936349811439363,4154682.792761244,ok
2689,4154718.359641044,0.4140682994578299,4989.227724155582,137020.5507665301,0.018206129285878978,4154672.9423785526,ok
2690,4154678.4839535607,0.448271100956422,4999.282886231675,54512.6697364647,0.04585432075148896,4154563.8645930644,ok
2691,4154626.733841284,0.20363984757566375,9297.742266262056,424796.0606945252,0.010943771760807533,4154575.8576566577,ok
2692,4154626.733841284,0.2062976784894685,8573.301880138366,320474.389051445,0.013375954792384539,4154569.395792099,ok
2693,4154518.5610299846,0.32454858095599404,5439.509736398297,150827.97490368068,0.018032164589732072,4154469.5179625573,ok
2694,4154557.1719590267,0.2085758213065104,7957.027966408286,291112.83098493266,0.013666570345743579,4154502.7993178037,ok
2695,4154429.5872905795,0.4337365706205405,5079.520295409389,54727.51572448081,0.04640737139414141,4154311.723698153,ok
2696,4154308.558722375,0.39117779875708336,4813.306600085696,109044.42091806361,0.02207039369626454,4154255.4429365527,ok
2697,4154215.453112123,0.44770600616101974,3962.4413903337845,21024.471544518856,0.09423403061388254,4154028.754700482,ok
2698,4153908.475091841,0.356257064432367,8265.138509592083,148219.8375759549,0.027881350582902347,4153793.25347964,ok
2699,4153728.435042917,0.513971014983161,4837.975752466427,91040.72020942078,0.026570394771359685,4153664.161580098,ok
2700,4153677.201789618,0.471082371621203,3842.8263113702324,52521.074056407095,0.03658366075342515,4153606.909462563,ok
2701,4153658.033236828,0.4286090336954013,3724.176023065577,10303.847574437266,0.18071773656206133,4153321.5209061047,ok
2702,4153438.0807198207,0.36540893206075015,6135.515186837932,71268.97513290583,0.04304478333942733,4153306.0297588743,ok
2703,4153212.1835941467,0.41906499023475574,4855.7481208153,52580.35748015971,0.046174544578244194,4153100.0776151144,ok
2704,4153086.5413871137,0.37222228614920294,4991.913346872805,38718.69394238781,0.06446386536566309,4152925.642372159,ok
2705,4152920.958159442,0.4872843926138499,3613.49389378304,16031.554858814989,0.11269942078625493,4152717.33882502,ok
2706,4152665.1940369736,0.1572281971234304,22478.02531981476,1634220.7400876193,0.006877291656024875,4152587.9000689858,ok
2707,4152583.522608274,0.4530792549470142,4044.7794231246685,45478.61701660013,0.044469023999215776,4152493.588911655,ok
2708,4152495.52902855,0.4776436465866523,5470.50103327931,293206.391811744,0.00932875473736551,4152470.012547335,ok
2709,4152462.91703502,0.39091165123430904,3111.9584899419233,3241.9295342562755,0.4799546777712168,4151716.1175178816,ok
2710,4151666.018748575,0.06449615008855433,53907.68931470862,1483451.2755541871,0.01816968652865589,4151176.2758404086,ok
2711,4151233.9854105143,0.21745777296203142,16869.920992407002,551109.0222402511,0.015305429880126975,4151104.8847140977,ok
2712,4151137.1264365166,0.3121491052646321,11849.81529370599,330871.70605317067,0.017906963751989326,4151031.0293300506,ok
2713,4151022.8841270176,0.3801032727920169,7463.485894120239,72198.47786599398,0.05168728008347387,4150830.000484113,ok
2714,4150929.2582623544,0.28884458165843285,7782.684548663964,234664.09852436875,0.016582605941010124,4150864.7296668375,ok
2715,4150783.5618667775,0.4637943878722116,4174.69079021305,14984.12970106347,0.1393037458130371,4150492.786834433,ok
2716,4150466.7761728335,0.11766559457366085,26801.964699613083,1336491.377447,0.010026987510690448,4150332.4046901814,ok
2717,4150316.085049743,0.3412348110256828,11023.794318271604,679593.8137831314,0.00811057582830607,4150271.3803898757,ok
2718,4150280.452699981,0.411219160284124,7101.0560678242855,148228.35098222236,0.023953096761752227,4150195.40655843,ok
2719,4150177.614303937,0.36983798030315657,6211.212891283744,115616.01891863668,0.026861385426420917,4150094.193412218,ok
2720,4150055.8043023124,0.4038710474948211,6381.772752665514,281347.22330685443,0.011341453236425164,4150019.6150136925,ok
2721,4150026.296610606,0.43221085832627715,3930.270485117018,17958.9064580103,0.10942399233233881,4149811.2636668924,ok
2722,4149736.645639205,0.21569837226856284,9596.533913472356,373156.9877350821,0.012858574579722582,4149674.9467656882,ok
2723,4149671.546136788,0.522899607794407,4138.2336644340985,31083.60582979323,0.06656617779632978,4149533.8129378534,ok
2724,4149493.983528758,0.31150985938198744,6363.745422365115,101608.46250241167,0.0313150364922315,4149394.3430686933,ok
2725,4149465.5305540967,0.3330211598706373,4526.308488322515,38837.203767173916,0.05827284213685143,4149333.6501240954,ok
2726,4149424.3172822213,0.1398940277433021,24690.92622540482,2227824.285686649,0.005541488703583888,4149355.9050378418,ok
2727,4149339.294445637,0.42308525318906215,4184.092556778036,38361.68721727808,0.05453478275185878,4149225.2051563384,ok
2728,4149604.3848882588,0.09271356522446242,7433.645622817485,57669.15916519287,0.06445078903893729,4149364.8327253456,ok
2729,4149410.296274658,0.2759971521958549,3936.065955742514,22396.59746646093,0.08787196273087466,4149237.361354173,ok
2730,4149278.343369459,0.2597881977225823,7290.750381321671,289873.7178372083,0.012575735454250671,4149232.50009543,ok
2731,4149141.8315811423,0.3447243983158872,4224.992204173304,21325.68706932623,0.0990587592896436,4148932.570338265,ok
2732,4148892.0777329914,0.4022137629343422,3810.7751912116105,15754.476850915886,0.12094261292434065,4148661.6351785455,ok
2733,4148616.1724480614,0.141093922852433,12713.215144438345,432345.10332426254,0.014702624184577991,4148522.713635838,ok
2734,4148545.333843548,0.31851697239807025,6734.677157799904,195166.05760341653,0.017253710098210254,4148487.234759905,ok
2735,4148439.4618740203,0.32258558621960964,5987.433824255171,238044.8942989276,0.012576270207115601,4148401.81208121,ok
2736,4148390.2887218455,0.4196137370602528,3689.1036779294536,19079.314922562346,0.09667809596158204,4148211.9609621516,ok
2737,4148251.2349081524,0.13619890715320646,24345.204843748405,1214714.5949398885,0.010020956751965739,4148129.253785724,ok
2738,4148172.6855488895,0.34219593120119274,5840.551083648684,165426.1185503256,0.01765304999848583,4148121.13377874,ok
2739,4148119.1177273644,0.4410136290830899,4330.229706830652,43669.77780057265,0.049579250512855465,4148011.772955658,ok
2740,4148142.310681438,0.24886980437245101,10857.655075713315,292303.469564165,0.018572573038394772,4148041.483385478,ok
2741,4147910.3856588677,0.42410072390623976,3408.4983459327523,10638.938695849249,0.16018977284184222,4147637.382370984,ok
2742,4147517.813564051,0.112614390970832,44141.40645858424,5821004.3691200465,0.0037915627320905996,4147434.131108216,ok
2743,4147517.813564051,0.11281778917405201,40809.09361816962,4980623.992580309,0.004096785230019711,4147434.220518058,ok
2744,4147378.2753827553,0.41004274253508344,8038.888235465447,238205.6723766776,0.016873838803371257,4147310.4519306333,ok
2745,4147334.2369467146,0.309973607814124,6559.278298628672,131319.315337426,0.0249745373777443,4147252.3294761945,ok
2746,4147216.011493593,0.38556044011144325,5389.128233885562,88979.52399357913,0.030282968440438318,4147134.412093479,ok
2747,4147061.8602951975,0.4376539112417449,3011.0398295018686,4091.346818769827,0.36797660561164774,4146507.8641872867,ok
2748,4146743.3565960694,0.07571005425042915,53474.224797720904,2460105.431394008,0.010868279081726178,4146452.770196679,ok
2749,4146450.1655268827,0.25561348544881735,16651.888549654275,921997.9281958411,0.00903032861594308,4146374.9795140433,ok
2750,4146337.1563889678,0.3683189796270824,9202.245497274522,198402.80526331012,0.02319081498132491,4146230.4526025974,ok
2751,4146188.8389269896,0.41951231406773437,4783.162464705218,35912.99867241026,0.06659374935989161,4146029.574565829,ok
2752,4146200.668721518,0.19171340515503732,11286.604599977927,306629.6010534316,0.018404297173532157,4146096.807708949,ok
2753,4146019.6646941765,0.4519710063079062,4322.059875447043,36807.65402761091,0.058711428229097286,4145892.787540087,ok
2754,4145803.9092855034,0.25928062714555844,8136.622249190455,159701.68658718126,0.02547444057439139,4145700.2713355217,ok
2755,4145642.963016664,0.3694901533193808,5206.624967061682,104287.77434538551,0.02496277727539816,4145577.9771069596,ok
2756,4145555.184946273,0.4587833812496761,3680.5270041358485,10550.831980732495,0.17441880464294565,4145234.208386014,ok
2757,4145312.1939399703,0.22439843354318492,10564.388321504499,449095.73553169175,0.011761844397160827,4145250.0655941763,ok
2758,4145233.9301163005,0.4217299086574732,7891.506834860913,572959.7498807798,0.00688661536565436,4145206.757230187,ok
2759,4145180.2862346987,0.48328777142220153,3772.935083206168,18047.118477048163,0.10453012451834028,4144983.093547675,ok
2760,4145015.1718746987,0.45117977008794363,3440.9951642321275,8674.651533545184,0.19833621851700195,4144673.9348902944,ok
2761,4144525.7290130896,0.2830395740862119,7067.102667517005,283981.6992586881,0.012442883970983204,4144481.761443838,ok
2762,4144473.4042836484,0.40075934238120714,4194.818019337811,38533.69244721395,0.0544305223939304,4144359.2412155783,ok
2763,4144322.4808108974,0.4908398740912087,3771.63807730544,24906.473739515484,0.07571601899070782,4144179.694100754,ok
2764,4144185.0538050067,0.2442753572415871,6025.219910405722,97211.13219801319,0.030990380289639637,4144091.6918768305,ok
2765,4144130.7699716883,0.44640026715047343,4068.427269875492,22890.91730858324,0.08886553594665215,4143949.99848679,ok
2766,4143932.4943835167,0.4206263920758725,4444.963516531194,49896.157051468435,0.04454214291439484,4143833.5002834154,ok
2767,4143913.5407009106,0.3248082611751995,6081.014769136774,114188.27858733002,0.026627140913093268,4143832.5806823345,ok
2768,4143892.647312431,0.438431838146781,3992.998555394126,25774.421810447548,0.07746048747009296,4143737.997505147,ok
2769,4143626.7790285633,0.4502525861810359,3747.3770903169984,24176.337480238537,0.07750092613035497,4143481.5664310334,ok
2770,4143412.1860217755,0.25379150056746796,11868.226167202145,414793.2622482319,0.014306194491775082,4143327.2914458653,ok
2771,4143364.384120654,0.419124285379847,4279.664178934923,47941.70959147739,0.04463403803705532,4143268.87477378,ok
2772,4143310.400659924,0.4318544171386426,3873.5063989255045,58229.67888923761,0.0332605852618005,4143245.983115002,ok
2773,4143185.9287286904,0.43201955738892783,3057.3080927884657,16730.860125778072,0.09136733167943704,4143046.2596874107,ok
2774,4143151.856739936,0.1732317009765939,11850.824844014318,626185.1214061589,0.009462716726167296,4143095.786240701,ok
2775,4143120.3120566197,0.33608896540660965,5342.300101877727,150698.73578726445,0.0177250992649973,4143072.965656815,ok
2776,4143081.5206870623,0.449204319851415,3289.2335240802395,27192.56906484827,0.060480374550785254,4142982.0536493016,ok
2777,4142863.1244181995,0.2079313362488238,13763.823926625919,1042357.4168857493,0.006602257394468439,4142817.688264052,ok
2778,4142831.658040578,0.330567649867224,7110.369911689277,354624.9328517997,0.010025197402942831,4142796.0166095914,ok
2779,4142807.369118882,0.3083106483486036,7827.117498039309,377814.21990570344,0.010358420998543724,4142766.8308297573,ok
2780,4142769.894450457,0.5071798849887049,3328.8313033893583,14509.997651374417,0.11470819580298293,4142578.9723339844,ok
2781,4142531.1532568806,0.24418519614516024,11660.605008220584,481604.9450408039,0.01210598554717149,4142460.57169903,ok
2782,4142415.988044051,0.42556276766948187,2822.6538334663046,7084.72200848918,0.19920709874601253,4142134.8417035867,ok
2783,4141960.551910605,0.3554010841783614,10539.668646029371,1058558.013639917,0.004978314135938602,4141934.317019901,ok
2784,4141943.711884539,0.4799618388725187,5556.398700348362,119387.08399036447,0.023270518529444985,4141879.0617450825,ok
2785,4141897.610937074,0.4850714393551258,3536.9285637482985,20748.967306679475,0.08523143613537085,4141746.8821865753,ok
2786,4141746.7080079857,0.26326850601505836,4087.8572032100506,38585.29673465027,0.052971695816182274,4141638.4376438316,ok
2787,4141579.0727324467,0.3270604263742836,3554.422578714495,14210.49176852396,0.12506332070039586,4141356.8087870134,ok
2788,4141789.388733379,0.07949411903230287,47451.16724165705,3040439.6339942245,0.007803339805059781,4141604.2499423125,ok
2789,4141650.373250798,0.13151905963609667,27910.225694896155,2596017.24277488,0.005375585576824394,4141575.356347452,ok
2790,4141589.872485658,0.437760228952796,2604.8203730219493,2622.4781655256047,0.4966333766405036,4140943.0521169603,ok
2791,4140963.2059448585,0.21170008207287735,26943.61088200198,1145526.0287065085,0.011760366070610307,4140804.7725812406,ok
2792,4140778.1341918088,0.3448831905911539,11844.160754033066,379491.7989758229,0.015605292111711282,4140685.7183976164,ok
2793,4140694.9640484685,0.40503505922047467,7389.616561032008,97421.35839852075,0.03792605996522531,4140554.8345280616,ok
2794,4140500.9375170367,0.433805706474047,4021.8258246735695,17778.69654393704,0.11310800582973864,4140273.4871676248,ok
2795,4140251.196094525,0.1838708439454513,12328.121801857847,443546.05390618584,0.01389722858910313,4140165.532731148,ok
2796,4140233.245006529,0.2846807861652588,7796.737085384451,358520.8493633406,0.010873477929149526,4140190.8561822204,ok
2797,4140201.5072986158,0.4740988673274101,3337.639867982365,11670.841311602302,0.14299054279250314,4139962.8818304315,ok
2798,4140104.933439127,0.16908642837956522,13337.498369369625,218077.49461430564,0.030579722114284367,4139901.00494221,ok
2799,4139805.627718388,0.29401419281671537,9400.636695110325,221128.93892316922,0.02125600733420187,4139705.7177171195,ok
2800,4139602.5489803683,0.5079863575811904,4627.836344312836,58399.82725256783,0.03962200371157221,4139510.8669059626,ok
2801,4139934.706235235,0.12370866676337275,16859.145148883334,280800.20947038033,0.030019822956474127,4139681.6519589513,ok
2802,4139668.395536869,0.36040412894055596,5858.000245268864,86735.8060820665,0.033769215447921365,4139569.4855006803,ok
2803,4139553.192604359,0.46551232225398825,3776.516998129734,29773.208159169622,0.06342139849256778,4139433.4366096323,ok
2804,4139540.800366752,0.2535003116654565,7752.400992189127,221699.01304456138,0.017484067442895875,4139473.0286158556,ok
2805,4139447.9305890948,0.4609575720037462,3280.003449741819,34453.76042868056,0.04760007919210214,4139369.8663771157,ok
2806,4139334.7890399867,0.5312976102161555,3788.931630880923,26745.006413459745,0.07083437506625719,4139200.5957378657,ok
2807,4139209.197977965,0.31728123540652536,7053.769537784401,308894.9808118037,0.011417747091983272,4139168.9288996514,ok
2808,4139246.2483753534,0.15883368255039113,26931.397089549784,4153086.8678266904,0.0032423349121569155,4139202.5880708448,ok
2809,4139199.850199279,0.4996611607534597,5896.381908302945,155760.8347385303,0.018927678187526966,4139144.047789663,ok
2810,4139160.962256032,0.46309303836617016,4178.240120654314,102955.65343729143,0.020291455501271767,4139118.570969291,ok
2811,4139110.6439558784,0.3447695309409788,8958.415551826603,1148384.630860625,0.003900442112810656,4139093.1730652372,ok
2812,4139087.5872528222,0.44771643771134073,3887.017127189879,112446.2115756743,0.017283895440861452,4139053.9958540206,ok
2813,4139050.3669930473,0.41250502146301066,3501.114336957685,42731.18587784096,0.040966735009023605,4138978.652381408,ok
2814,4138941.7155933976,0.4612873683392071,2798.4458539309435,4175.046132689149,0.3351395128331748,4138472.7807033095,ok
2815,4138541.323388854,0.2215609505186218,15446.980200367145,354275.1977917025,0.02180082079786073,4138372.944965246,ok
2816,4138402.693590258,0.323706334092142,9675.859009888092,584451.4581897492,0.008277726810587159,4138362.646531487,ok
2817,4138374.2936061784,0.4751306987251651,5155.587606012054,62327.88764139966,0.04135859405082413,4138267.6796787335,ok
2818,4138330.7651300365,0.13286021897131875,17659.35754622551,904251.2428144596,0.009764629955752783,4138244.546584189,ok
2819,4138231.322893471,0.39318661847022796,6212.570832319849,130844.2079459474,0.023740335662723037,4138157.578635027,ok
2820,4138110.1755610392,0.4576723896089849,4723.488641764778,74647.20359299272,0.03163875144954647,4138035.452919483,ok
2821,4138085.9541355995,0.4198485453894014,5245.373709553462,92400.78236973744,0.028383816538286127,4138011.5122730765,ok
2822,4138061.7881175536,0.2403702611307123,16742.986680645405,2818178.817977523,0.0029705330573489078,4138036.920319847,ok
2823,4138060.0644299444,0.4814881715945627,4272.567177147586,82044.87406642674,0.02603798973284028,4138004.439899799,ok
2824,4138021.003166603,0.5045705587580431,3235.8643033887247,15772.783672566373,0.10257746414847711,4137855.039789318,ok
2825,4137814.7233866877,0.48380077799310567,5181.574907575174,79990.36229637623,0.032388745086418445,4137730.811032274,ok
2826,4137714.361805697,0.45317372421214186,3176.689037489543,8104.071331234505,0.19599340304706037,4137403.056758257,ok
2827,4137559.8249417422,0.10966036071342339,34654.02080699658,2885015.8287224495,0.0060058632022033254,4137455.7612875556,ok
2828,4137453.5136098983,0.2440143503826791,14713.655770252735,1752700.771224889,0.004197423773588569,4137422.633885635,ok
2829,4137428.8457446136,0.4353714705471093,5131.791528245518,73488.62317321476,0.03491555091561411,4137339.2560804174,ok
2830,4137340.251847132,0.33149717786880206,9415.599718695114,594761.5265394484,0.007915441146200812,4137302.9875344173,ok
2831,4137253.1351650646,0.38001227158748246,7380.194575905786,252103.29896922002,0.01463724315802558,4137199.122313784,ok
2832,4137159.4120786693,0.5324793446100959,3681.223503538222,28843.961299689363,0.06381272435658598,4137041.9576283065,ok
2833,4136999.093915469,0.4188417433745683,4330.489674132724,57217.70229903123,0.0378422192794523,4136917.156245551,ok
2834,4136913.3837049315,0.44180730097657356,3149.4290045615644,3333.661269687357,0.4723678787042646,4136169.539155924,ok
2835,4136094.12292976,0.19131328453730498,25280.97101124789,654842.6473706828,0.019303088392880162,4135850.1225207155,ok
2836,4135947.162569453,0.24587907989715344,13982.767854728994,231137.9086250643,0.03024767321359401,4135735.689473107,ok
2837,4135697.140712234,0.4998507345878608,4866.759722517161,39602.97150608445,0.061444375730359664,4135547.6232057447,ok
2838,4135594.330654232,0.33965341765594714,5481.023443370217,54288.41780580887,0.05048059664379965,4135455.987987412,ok
2839,4135489.6333249775,0.4626248605895308,3719.1354519145248,11922.252177873377,0.15597453385598167,4135199.5881157476,ok
2840,4135317.813190516,0.28431153953756394,11417.973424334978,205526.79338421152,0.027777335588042365,4135159.2327507446,ok
2841,4135096.7568679154,0.40226989949573816,4663.888393973726,39933.79799740409,0.05839525199026779,4134960.5823989054,ok
2842,4134945.1777167628,0.358790200985166,4697.084750218177,49960.539429518816,0.04700794671006834,4134834.7775619472,ok
2843,4134786.6974942517,0.46016164356420247,3875.8173546657144,11126.943401439656,0.1741636141585947,4134449.184315098,ok
2844,4134391.7153780153,0.4400902369868348,4222.80973007027,58999.05936304354,0.03578709368979702,4134316.154334293,ok
2845,4134343.451282834,0.16395532794760773,24813.6986645467,3676637.184303967,0.003374510105386458,4134301.5842443863,ok
2846,4134273.598250875,0.3064154524284045,10268.626041704667,1236946.3955740836,0.0041507967032552206,4134252.2867613146,ok
2847,4134191.421250055,0.44671211404454786,3307.0994269944586,15399.002402745975,0.10738031401322241,4134013.8625625833,ok
2848,4134282.3643229343,0.12610589022327573,23578.63424847629,1154367.6225904005,0.010212792609154198,4134161.962472141,ok
2849,4134156.0967380544,0.47443118772835957,4072.1578696086813,26300.676948467644,0.07741545735852129,4133998.4727560985,ok
2850,4134059.014500923,0.26773323177813424,5884.435047074538,65331.447717368545,0.04503524147001372,4133926.5110242935,ok
2851,4133919.721843012,0.3732338045080334,7096.717358843967,277169.199640892,0.012802139213229084,4133874.2952612196,ok
2852,4133895.2911858526,0.49759440740608174,3794.312167993192,21775.544815140853,0.08712324307392189,4133730.0047951974,ok
2853,4133675.4069916215,0.33802606280226366,8872.217118967004,254986.36661929762,0.017397434295405866,4133598.230084431,ok
2854,4133620.326284957,0.4930393981142649,4225.025759464077,26754.045464142,0.07896050272335091,4133453.521205964,ok
2855,4133573.346760596,0.2555954245915306,8966.437734610037,284768.5068309949,0.015743380183419406,4133502.7657415224,ok
2856,4133539.8796597254,0.509991781331621,4776.390356152766,54010.747872608954,0.044217035907542654,4133434.2807477824,ok
2857,4133441.6749664433,0.4644042257762938,3768.5257066595977,23047.435748792814,0.08175585665439998,4133287.625442707,ok
2858,4133234.5069282125,0.44452689503549375,5051.549887425064,230481.79558334293,0.010958674360028595,4133206.8277830975,ok
2859,4133277.985114809,0.27071941642888386,7086.775891536178,224558.50866035753,0.015779352859558875,4133222.072746095,ok
2860,4133220.380858219,0.4103283982825641,4439.911522209695,113284.37165007359,0.019596310848261703,4133176.8779150555,ok
2861,4133157.382315452,0.43396417573242574,3651.691642703307,48951.83360527635,0.03729882390258109,4133089.2804136886,ok
2862,4133112.9924746645,0.5730001293336494,2820.003097821259,16983.643018033887,0.08302114849054679,4132995.9325267,ok
2863,4133000.7248679074,0.4970775341754232,2821.782683882505,11908.932481065047,0.11847336813644213,4132833.5718185534,ok
2864,4133015.730249188,0.08056988036661539,41946.4023164456,1985456.6136916985,0.010563414487927721,4132794.181632215,ok
2865,4132835.803116651,0.40749221770804234,5403.081165600048,179668.58296128074,0.015036243611840675,4132795.18209432,ok
2866,4132813.532531443,0.33914187252195915,5361.593384641146,186694.49470166847,0.014359270189538241,4132775.038247415,ok
2867,4132784.684039442,0.4595019158186899,2808.43309932678,4343.097469462695,0.3233214450140149,4132330.670715492,ok
2868,4132220.1041911514,0.18261138583646416,12089.356260625627,509807.4117281787,0.01185678746768739,4132148.4337272495,ok
2869,4132127.8105132827,0.38617387215420795,6429.081606803964,75889.6613980115,0.04235808599201644,4131991.6487175073,ok
2870,4132028.110164198,0.38824472014033556,4610.084751355885,66380.86265946308,0.03472450166101211,4131948.068716395,ok
2871,4131886.4806030374,0.4674819130124155,2915.274835763703,10003.840979958302,0.14570777572355284,4131674.0914970664,ok
2872,4131828.9816743536,0.12608980317396148,17204.789613333058,572296.7484441398,0.015031353629132462,4131699.6760359574,ok
2873,4131717.141693492,0.23590345108806987,10889.912697331572,419420.20206819894,0.012982103202984058,4131646.454708238,ok
2874,4131708.7224226147,0.38919329560084653,5070.448232074188,162281.90781250657,0.01562234601632969,4131669.116274245,ok
2875,4131613.4173524985,0.47612966211616736,2870.220578030425,7826.445205895999,0.18336680974065747,4131350.265757176,ok
2876,4131347.9353368417,0.15420837461251374,14323.69030159323,576913.2278024817,0.012414076858796903,4131259.0276406887,ok
2877,4131278.4836503416,0.3333814366219455,7572.005731438341,183752.07797926385,0.020603864224852008,4131200.4773613415,ok
2878,4131220.288985001,0.4962525857935146,3697.9770385097445,27437.804650593844,0.0673883549650119,4131095.688690339,ok
2879,4131050.8730877494,0.47763266345871785,2999.222173339254,8392.856937351364,0.1786770700207929,4130782.9269726123,ok
2880,4130924.075490635,0.12367232269102385,19898.04166616165,945992.1151759238,0.01051702299995453,4130819.4414097066,ok
2881,4130817.133876172,0.3945852255473471,4538.4368361084935,67925.93039552965,0.03340724823113485,4130741.3255331893,ok
2882,4130801.6612886786,0.1885352745402904,17938.445559149593,1310817.2861703872,0.006842466050916061,4130740.2896863064,ok
2883,4130732.878627135,0.23785605304483404,14933.081154147174,1209999.3083437865,0.006170698219070538,4130686.804858493,ok
2884,4130708.5800828324,0.44494532987155344,6259.825396173859,274139.32026499073,0.011417233744730484,4130672.845137958,ok
2885,4130702.868324098,0.3323595347103296,4728.660880254088,163862.79313389462,0.014428720485651162,4130668.754061042,ok
2886,4130658.334845963,0.5081696581874199,5005.444887749092,388694.93984415283,0.006438783187859384,4130642.2203587675,ok
2887,4130653.051202524,0.4760747340564014,3415.7743382992726,26696.54134251141,0.06397409863838831,4130543.790660301,ok
2888,4130754.8996953913,0.09054566672309183,63218.15879384964,7113290.068940886,0.0044436651803278935,4130614.439529893,ok
2889,4130609.093924704,0.16736152188981585,29100.461438963954,4357608.475714719,0.0033390403935028836,4130560.510116597,ok
2890,4130592.122745928,0.2436228843674833,8508.592714987793,431184.42396352947,0.009866535340928118,4130550.147580566,ok
2891,4130592.122745928,0.32013867701317794,6182.149204065429,148545.2425723791,0.0208089774435326,4130527.8006442576,ok
2892,4130488.212008026,0.46613716250278336,3271.405883350672,34636.950772187105,0.047224218795517595,4130410.967214424,ok
2893,4130339.399603595,0.5070796031279413,4110.541816334167,65283.904217580675,0.03148204649827925,4130274.6954692975,ok
2894,4130206.425812747,0.4243330203345585,2856.901096925386,30866.519943768064,0.04627831550382137,4130140.319527583,ok
2895,4130121.240263427,0.2629841126325621,12862.19682648404,1926254.2638539702,0.003338654991670177,4130099.769044608,ok
2896,4130095.8990490045,0.4064275004273801,2423.76507940976,4283.9825006165765,0.28288690243960113,4129753.0733512267,ok
2897,4130138.5264861183,0.05890018261469252,101123.08588684748,8773306.893524023,0.005763111168577212,4129847.1346932803,ok
2898,4129932.2440250143,0.08819177827748494,55865.84518029219,5967502.287214067,0.004680839863269931,4129801.4944874565,ok
2899,4129805.2120311693,0.18190638132058867,23537.829849463287,3700647.1356664137,0.0031802315901195196,4129767.7841561446,ok
2900,4129783.8794152527,0.31437813027079653,6670.266777801362,336626.64822920185,0.009907514471729701,4129750.8365329374,ok
2901,4129783.8794152527,0.3328233332911214,5653.180342211893,138262.3627952937,0.02044367038114989,4129726.0935374917,ok
2902,4129756.9163542707,0.49038412659301395,3660.135504641563,62837.33637729322,0.029123891269555648,4129703.617660036,ok
2903,4129684.4470725134,0.5487458355509255,2235.5589646051258,2492.386079257411,0.44847766227116687,4129183.1479433556,ok
2904,4129209.695446873,0.19105355932072754,20564.695716699345,681283.2990677303,0.01509261693691899,4129054.507909435,ok
2905,4129117.6039110636,0.2720152822499847,17965.441134268687,882091.0674457921,0.01018343898793235,4129026.1289242227,ok
2906,4128964.1230103625,0.30411705439306713,8835.01695887511,270926.071666701,0.016305217332025793,4128892.0945745395,ok
2907,4128921.7887753155,0.4025968659435216,6279.211598505464,93008.96636386962,0.03375594764670288,4128815.8084063246,ok
2908,4128831.5657968074,0.23475901189467616,13359.974554644086,918188.7867774402,0.007275178452970157,4128782.9676973014,ok
2909,4128823.2394181928,0.2813756708902142,10378.908046872508,714489.5515148558,0.007263162928602118,4128785.54756811,ok
2910,4128750.813100296,0.4373441408085938,5101.886750617066,76505.26253288593,0.033343371303536214,4128665.756048159,ok
2911,4128661.5646840823,0.4452721879554516,3610.014768150592,10737.5779013791,0.16810191280134662,4128358.1394901983,ok
2912,4128404.7993871537,0.3420302137705654,11649.5595547689,423047.5849304919,0.01376861607268478,4128324.600230691,ok
2913,4128260.471960472,0.30130206511099267,7127.213263451213,224472.4551802296,0.015875474025819233,4128203.8980159517,ok
2914,4128214.3971934486,0.4282679456778415,4602.9796333936065,24933.963849976302,0.09230340713351882,4128001.961841884,ok
2915,4128050.7696820525,0.17962560783042672,24497.452363385786,3974509.12316323,0.0030818211261128985,4128013.0212989375,ok
2916,4127992.29401852,0.45761693523294844,6609.482859019694,192679.6109558553,0.017151484856729307,4127935.6127959364,ok
2917,4127937.9835060653,0.46633397586311187,3965.2954929282178,19070.481954722112,0.10396421816561265,4127731.8590832064,ok
2918,4127649.4914510706,0.2673870719190178,9326.596116039145,468063.7917583187,0.009962954067652881,4127603.031226715,ok
2919,4127551.772563371,0.45543445892032297,5994.730335555917,178078.95119326396,0.01683166453807898,4127501.321918369,ok
2920,4127500.3433761266,0.48645090789151996,3413.023112681644,14381.689907727396,0.11865862546680969,4127297.8510605083,ok
2921,4127357.260891283,0.3748795055815472,4457.419444985825,48527.03073716976,0.04592718096773661,4127254.902536534,ok
2922,4127278.379065199,0.4920357764525896,3424.211080844565,14017.505715904987,0.12214052736070148,4127069.261591594,ok
2923,4127185.6691125426,0.2566365069931208,8465.615359242987,183132.21218074954,0.023113397851841366,4127087.8345446135,ok
2924,4127006.5195859317,0.2311869624900206,8181.298931677793,187190.43818957973,0.021852876169326737,4126917.127129703,ok
2925,4126885.6132399724,0.3356159326794082,4408.914184235631,60243.5816211154,0.03659239760979205,4126804.946869544,ok
2926,4126789.695426788,0.4081721303509674,3292.2573488158373,18001.37097704751,0.09144462810675923,4126639.1658023414,ok
2927,4126600.013915122,0.38933482364981586,4525.635626042061,65907.45725483958,0.03433325919814441,4126522.3240046296,ok
2928,4126344.287054263,0.39886726215764445,2544.998538725386,3166.877073001048,0.40181517628558483,4125832.977536021,ok
2929,4125865.727589354,0.19379731162318736,24446.756833167048,565916.8110981614,0.021599249530799523,4125601.7117888248,ok
2930,4125472.101494668,0.31162251619210907,10359.626924624805,257751.03048133958,0.020096189150589666,4125368.0069835647,ok
2931,4125427.8679462047,0.3645505925513829,5552.381752078261,75537.85649245276,0.036752312084954504,4125325.836512721,ok
2932,4125229.1558936303,0.4845612288089652,3754.404718829487,32142.85118144403,0.05840186201336261,4125119.5237804647,ok
2933,4125028.848237908,0.5371476401325163,3514.5953693686242,98682.7931254967,0.01780753897439369,4124997.5550908986,ok
2934,4124956.844299791,0.4913385784159072,3440.872545394972,55081.43301147938,0.03123441382396377,4124903.107481292,ok
2935,4124772.5071399454,0.5447428512951302,1975.857880970613,3954.7337063794016,0.24980921949097942,4124525.71338241,ok
2936,4124677.2235972676,0.09554031767752426,41729.16378076814,2241949.930963623,0.009306444181568395,4124483.048530533,ok
2937,4124512.5816764315,0.17271621958933359,24199.96155367514,2054044.6628589039,0.0058908070479812835,4124441.303024391,ok
2938,4124410.25462561,0.41326746519771507,8724.478154940429,390175.61286741437,0.011180194080844688,4124361.4839460966,ok
2939,4124237.4716542615,0.4817167051536441,3983.8133608548505,47721.816509438635,0.04173995933355674,4124154.329550424,ok
2940,4123997.4953962155,0.45782834895304136,4156.051507934804,65969.50184557126,0.03149979453887458,4123932.0380119192,ok
2941,4123974.8027029587,0.4156150727024922,5784.669918212099,251770.54500351252,0.011487979894811356,4123941.575617099,ok
2942,4123911.5293362373,0.4474772598581358,2550.9930024855903,2723.0306667087552,0.46841062674642925,4123314.0732206777,ok
2943,4122934.2744931523,0.25630518036392685,12279.623015968786,316385.7825645047,0.01940609169671715,4122815.124748028,ok
2944,4122851.419409458,0.328156744896709,8589.285962717662,153147.39632892277,0.028042546489886116,4122730.986683996,ok
2945,4122642.8986664917,0.4039013917451514,5619.768585283837,69523.43792864526,0.04041635995512502,4122529.3333714884,ok
2946,4122520.9532560143,0.43553472464491694,5017.849596837305,73996.86600192677,0.033905825124449514,4122435.8860905487,ok
2947,4122467.741233037,0.45098149256466896,3429.9331110246494,13044.676499522553,0.1314686918893768,4122242.2768233493,ok
2948,4122190.958876699,0.27269495866928145,6028.754506405936,142094.88289264488,0.02121383396670506,4122127.012378137,ok
2949,4122074.3492223145,0.45834837673569545,3047.8987340550902,30160.0319348522,0.0505287716644128,4121997.34593272,ok
2950,4122082.148300669,0.29694708661789176,5815.38566409534,109954.61965579796,0.026444480833546734,4122005.2558733025,ok
2951,4122016.235663803,0.4865791011846256,3094.560717150111,17458.435833597665,0.08862651690693914,4121879.1055949437,ok
2952,4121980.4204991437,0.25865394750410636,5704.812923153715,108943.80847484394,0.02618236411512548,4121905.7377545624,ok
2953,4121903.598838011,0.4376422563387584,2939.3466491399367,8082.073213934744,0.1818436044400123,4121636.348143322,ok
2954,4121487.5283469935,0.3686247037083577,6774.159376546217,143098.98479125224,0.023669487894788777,4121407.357905313,ok
2955,4121443.674387466,0.47341949972134095,3303.919805162168,13889.170546897269,0.1189387009831281,4121247.1924225767,ok
2956,4121206.896960105,0.4630953973156257,3840.832424551963,36618.98196493585,0.05244318954893005,4121106.1842086716,ok
2957,4121022.6784087704,0.49375911426625696,2782.5206052386848,6125.641807421343,0.2271207403824692,4120706.694338775,ok
2958,4120749.174332776,0.20836080021484463,9521.482255439889,239403.8155292524,0.019885819769393926,4120654.5030927416,ok
2959,4120627.4314131644,0.35952438219916794,5822.285049974755,74414.38289180711,0.039120696992407486,4120513.545488543,ok
2960,4120582.2083294913,0.3810269102051709,4913.191935254092,47186.574077197845,0.052061333454893825,4120454.314667657,ok
2961,4120514.3725187927,0.28160394047589365,9252.491109689552,281739.17448014853,0.016420313445515342,4120438.408116706,ok
2962,4120386.691149314,0.4980931702111691,3403.887616173558,19434.125110135996,0.08757501551737562,4120237.643393911,ok
2963,4120240.344866056,0.3289969994888126,7062.4316684657715,314406.181363475,0.011231381707952362,4120200.684433128,ok
2964,4120212.2836539494,0.54338225519366,3647.711101522736,44824.95272007478,0.04068839876198145,4120138.0738920155,ok
2965,4120068.998755456,0.47893986355842066,3062.2195434107953,71232.7159817809,0.021494474141586957,4120036.0883560604,ok
2966,4120034.2272532275,0.4719175299604809,2904.2359527375006,35402.90887846495,0.04101691138865856,4119974.665858865,ok
2967,4119955.7221924774,0.341541348397522,9847.842166921058,1758843.5416999133,0.0027995219396840633,4119941.9375673747,ok
2968,4119955.7221924774,0.34351501237208676,9697.478078002088,1710134.224673342,0.0028352973521287295,4119941.974575519,ok
2969,4119908.2933722376,0.3510118089703459,8997.981885952857,1549610.9038077139,0.0029033036176510365,4119895.2314355574,ok
2970,4119890.1065856237,0.4332389158481588,2732.460927161375,2536.2367053307676,0.5386841301953748,4119154.1399167036,ok
2971,4119410.5953211156,0.0550641052965078,36492.44153367933,780913.4296159043,0.02336522855781101,4118984.2682025824,ok
2972,4118951.5679898257,0.25739227413810484,13019.921047906606,220031.21809287925,0.02958653131304908,4118758.9608389367,ok
2973,4118825.0915540205,0.23336948679923022,18436.471454317143,2515615.341959182,0.0036644059103166913,4118791.3121965392,ok
2974,4118859.3955418756,0.16142071607972616,15815.34277813014,784159.4940552906,0.01008426404196224,4118779.6524956315,ok
2975,4118801.690396852,0.3302713542056372,8552.520966200234,111483.65934402133,0.038357733395745816,4118637.6627373104,ok
2976,4118667.389108452,0.35908796835612455,5926.672855733304,87290.31339316585,0.03394805577704178,4118566.789598113,ok
2977,4118537.2614760348,0.4266665263978131,5427.044092559287,89238.46371839645,0.030407538781063222,4118454.7499491796,ok
2978,4118476.8089920464,0.21218781012031218,17943.377195080448,2954751.8287240956,0.003036359436458773,4118449.5677207126,ok
2979,4118439.133214635,0.48326909756454056,3253.168579310858,8261.015715541733,0.19689882523710495,4118118.8606788525,ok
2980,4117951.5043513146,0.49038855261916287,3826.490465737137,24827.256747732397,0.07706228893143079,4117804.0652943826,ok
2981,4117789.6992191067,0.4802478043373734,4878.160023792274,212009.63492059318,0.011504571538975945,4117761.638648621,ok
2982,4117749.012488419,0.5122169746096387,2836.6373375398443,10678.112588114413,0.13282484681315532,4117560.6245285077,ok
2983,4117819.10238625,0.13348700989625242,20984.272645707766,478730.3186195856,0.021916590436778394,4117589.1505316556,ok
2984,4117613.0813074955,0.4388357756827639,4536.406075457718,41327.50603048683,0.05488361760943501,4117488.5941193122,ok
2985,4117612.4731006045,0.25642583373675126,5854.539409939678,81368.54337238174,0.03597544682068646,4117507.163265004,ok
2986,4117506.2856820403,0.2877999753559459,10867.576273167053,799455.4272563953,0.0067968619028973614,4117469.352974466,ok
2987,4117459.783363742,0.45520038936667606,3751.5946104913673,14515.744753079514,0.12922501305678671,4117217.3834324796,ok
2988,4117219.0018506325,0.2639809020901068,11521.819299424573,362150.06405180774,0.015907520725685013,4117127.3600609805,ok
2989,4117160.001945112,0.3330182254505829,7961.9227631895665,204695.06530290152,0.019448252822821487,4117082.579201685,ok
2990,4117102.95139493,0.37982833843488534,6115.091974355991,128858.21518643721,0.02372798647532263,4117030.4019850986,ok
2991,4117032.0705388775,0.4330466931538184,5765.647264040139,298144.504461981,0.009669216064278265,4117004.195894304,ok
2992,4117032.0705388775,0.4383557534752313,6280.793621302996,387525.0143127071,0.008103726713541658,4117006.621621352,ok
2993,4117009.0181064196,0.5469552431127628,3632.421819064065,70345.44511767467,0.02581845784746765,4116962.1263416097,ok
2994,4116909.647585718,0.5195032802139472,2309.5840928363923,2482.2098602263095,0.46522740277605323,4116372.4066812163,ok
2995,4116121.4886558335,0.24200546048254343,14575.400639584284,394815.83521899505,0.01845848030829317,4115986.968782988,ok
2996,4115959.520454029,0.2430558697436222,13742.901390895851,1073607.277656433,0.006400339154227373,4115915.540839097,ok
2997,4115984.415005438,0.22134420827722673,12604.039877685333,619679.0203133664,0.010169813294075679,4115920.3246392845,ok
2998,4115932.142395311,0.382824953820871,6483.60556378345,162915.80974023158,0.019898638364568563,4115867.634934105,ok
2999,4115883.617027967,0.45361774104432456,4981.835746029219,59092.53667955818,0.04215283372453852,4115778.6177810444,ok
3000,4115836.0909314863,0.2753458197467249,10572.07263131276,788740.662618989,0.006701868644763742,4115800.6646104474,ok
3001,4115810.8884877595,0.48883326025667434,3924.2400787916013,46503.88597742297,0.042192603868596794,4115728.1015341943,ok
3002,4115706.0362442695,0.4400127922561567,2449.385820543255,4281.011338685679,0.28607560536095716,4115355.6814785823,ok
3003,4115145.2477333033,0.2633803289091673,18874.900288881032,1137008.217082236,0.008300247968883357,4115066.9145569107,ok
3004,4115066.9064743603,0.2907227155437746,10321.291305144572,259657.47165807404,0.019874820545768862,4114964.339568115,ok
3005,4114980.798228553,0.344244671509292,8391.170638032667,207564.4761730841,0.02021340740174496,4114895.991153211,ok
3006,4114825.54015606,0.4491103306701724,3959.1987933750797,18487.14924494534,0.10707975418269486,4114613.5651392825,ok
3007,4114487.9637059714,0.4307411830867567,6870.844771749649,186885.5290013058,0.018382495446454927,4114424.812069606,ok
3008,4114434.9582202686,0.5457895478474496,4090.8156153029795,56044.24021761026,0.036496307197840826,4114360.3083885754,ok
3009,4114441.353794323,0.36820954602712097,4944.813885637177,131156.00081356434,0.018850886939843995,4114394.7467305744,ok
3010,4114408.945541179,0.5278311986282472,3448.5419573001,15225.091157638924,0.11325193135444231,4114213.6685226685,ok
3011,4114290.3720869445,0.43622202205716737,4928.329877026053,54305.8705207016,0.045375664083566754,4114178.558966448,ok
3012,4114169.5185771906,0.5132066360931966,3518.0770510951124,14000.39680094757,0.1256420479045638,4113948.5093744975,ok
3013,4113976.8343203003,0.3090859908009861,7415.364345776459,204033.16756658067,0.018171958104205427,4113909.458475191,ok
3014,4113937.3999437615,0.46316776379077895,4145.533473918451,36535.15785466973,0.05673348245009144,4113819.804668467,ok
3015,4113763.5943688545,0.4718368019168308,4137.122923431143,39663.08867077431,0.05215331258959134,4113655.712036331,ok
3016,4113629.823758913,0.3746435708105638,5349.137715210938,113225.19822301269,0.02362167520641064,4113566.6459620413,ok
3017,4113509.917837288,0.46226349793829047,4086.6116291583717,51994.85267874617,0.03929823260013628,4113429.6195301134,ok
3018,4113479.3474322483,0.2574762223099521,8354.082049121726,315263.842474465,0.013249350105536396,4113424.0043533086,ok
3019,4113674.1660723616,0.12440259587683297,13153.158095523715,316949.59697138483,0.020749605333480234,4113537.704652676,ok
3020,4113604.7864272427,0.22798391273667723,9149.032913217401,290456.35534441617,0.015749410789047288,4113532.7404884063,ok
3021,4113511.630811721,0.49875304157909084,3413.2870357498005,12922.32592429416,0.13206937573570912,4113286.235467712,ok
3022,4113304.429530819,0.2432931176780882,10781.642667204604,537780.4648920596,0.010024204458011167,4113250.3908355744,ok
3023,4113211.2393764136,0.468106948918056,3523.9579478220385,28746.080301363036,0.06129458192000781,4113103.239611856,ok
3024,4113196.3561311346,0.10790152791635928,15051.702684883727,286789.29900828336,0.026241743916060458,4112998.864667456,ok
3025,4113072.3776271744,0.26731272069591033,6000.522884662798,93429.16703353338,0.032112685337915434,4112976.0311755454,ok
3026,4112968.341237223,0.3909624495064949,4127.115474177017,41352.88450165488,0.04990118009799118,4112865.3672709414,ok
3027,4112851.8284911555,0.4836258993229065,3041.722046248221,17736.97959392407,0.0857452090459129,4112721.421944798,ok
3028,4112750.716817933,0.17016001564574676,8664.12225102558,182137.79871327296,0.023784525541194534,4112647.6807994475,ok
3029,4112644.009006593,0.5032907685016693,2790.2772384098234,6908.71005387946,0.20193908968889165,4112362.275983841,ok
3030,4112579.659262376,0.13239504083999246,26186.450514247368,1351417.7965798574,0.0096885103113632,4112452.805414463,ok
3031,4112481.7598310914,0.4172831558677242,5869.645247545538,68067.006526355,0.0431166694929713,4112355.220054002,ok
3032,4112326.748994929,0.3821355482585877,5082.525573962276,67508.13965748102,0.03764379821270225,4112231.0862113703,ok
3033,4112440.2943964605,0.2048226160704994,10610.307812201441,263943.85460141796,0.020099554559101375,4112333.66316608,ok
3034,4112386.3825851246,0.37300149816589584,6110.200380762075,72782.02048017626,0.04197602883548911,4112258.141611438,ok
3035,4112195.3803113215,0.4400771340882878,4407.312596065331,47086.91655488361,0.04679975796385235,4112092.2497299383,ok
3036,4112045.0740838926,0.45717749213519865,3271.1413244029814,9612.115475825663,0.17015720070310517,4111766.7699584602,ok
3037,4112041.9409445813,0.130156010422872,23744.770781096282,644837.5896909935,0.01841143503473083,4111823.3532922557,ok
3038,4111780.266741495,0.31313587063122084,9213.78772285462,361736.0802280463,0.01273551109008265,4111721.5955936317,ok
3039,4111749.8025612854,0.22711194687327804,10520.345528783833,424952.1983651566,0.012378269331535284,4111684.6907260776,ok
3040,4111643.414173222,0.45456778326167085,3801.7989530162126,27600.23606264629,0.06887258037190315,4111512.494321247,ok
3041,4111536.0482022753,0.500561668569644,3417.0056001067246,28053.82727263572,0.06090088113288809,4111431.9988763337,ok
3042,4111408.351717575,0.4254487455396136,3464.768531848362,11387.950425711582,0.1521243244976571,4111144.8139313506,ok
3043,4110867.311333348,0.1548936863081532,21886.53802540949,1275703.7204423603,0.008578221445423143,4110773.43754842,ok
3044,4110824.6056300495,0.19690409302946163,15962.147222077812,1051205.9519676575,0.007592302532248657,4110764.0109046623,ok
3045,4110699.3872164963,0.4168361188926527,4780.225231624283,75596.22862122525,0.03161682347657574,4110623.819447833,ok
3046,4110632.7997519225,0.5288874770840976,3928.315295501663,44737.78298154533,0.04390377700569251,4110546.565812552,ok
3047,4110590.345342695,0.40421770279127744,4223.390063793476,92954.83855531874,0.02271742993389245,4110542.3730587657,ok
3048,4110534.769466663,0.4979999230212571,2382.9693309199074,6679.963262886245,0.17836694882437767,4110322.2479823134,ok
3049,4110208.3371657357,0.21306121592228006,16617.723911580113,2008787.088867837,0.004136258143949429,4110173.969567804,ok
3050,4110139.0898394864,0.5024157314520037,3401.262717635971,34049.88731964983,0.04994528595213791,4110054.1513199713,ok
3051,4109983.53608944,0.45421031506050236,2163.1437760997037,1764.1014405917895,0.6131007339844501,4109320.42357102,ok
3052,4109378.9979954557,0.1091718254914015,57046.13933924086,3510951.4377222667,0.008124028536300348,4109147.275763517,ok
3053,4109167.4516876433,0.24358803178927904,17680.24246000786,380158.5996549299,0.023253771552262954,4108961.885528066,ok
3054,4108925.1920160498,0.33041718449259433,10870.5968218657,247742.6035623516,0.021939296401900045,4108805.9453931795,ok
3055,4108826.1363689755,0.3118379717247318,10896.63770237691,581796.8299992449,0.009364641693210198,4108775.114815104,ok
3056,4108758.351797528,0.44192144261579586,5455.70872629605,47849.75619287589,0.057008741113589244,4108602.8402543436,ok
3057,4108478.0955324993,0.49026790042527985,3131.1347522569304,14843.070655928714,0.10547462936876449,4108312.96789375,ok
3058,4108255.6200724524,0.443583599484217,4898.75928872596,61929.66753261984,0.03955098972673853,4108158.7446833015,ok
3059,4108197.8233079338,0.5450059443997336,2936.411799585443,10288.72481221487,0.1427004732452027,4107988.3096312117,ok
3060,4108093.7897327268,0.1329821233650809,22393.31366788177,834453.9352656598,0.013417944790896426,4107943.5536094867,ok
3061,4107948.60565841,0.302384713156717,8037.459250324447,215833.07222802239,0.018619619244063454,4107873.778442945,ok
3062,4107872.3636176777,0.3981172554062684,4131.714003773015,41276.99164438736,0.05004863289661306,4107768.9702989734,ok
3063,4107707.1191595695,0.5156579463162062,2530.27780846483,6386.4646774135,0.19809690777852898,4107456.4990547304,ok
3064,4107311.013918537,0.46132201522041705,3221.9718732233096,16144.140829240752,0.09978765383994846,4107150.2574115535,ok
3065,4107059.6146456767,0.49620991425572586,2767.7469148722803,9036.05974434983,0.15315010044078828,4106847.6742866733,ok
3066,4106848.283074643,0.1984091867037654,10330.62036305229,504736.860745501,0.010233669429050485,4106795.422997747,ok
3067,4106823.253915794,0.5174964604308342,4106.787670004325,46399.50462593393,0.044254649948449354,4106732.38169042,ok
3068,4106679.3033547914,0.552944270901214,3118.6276996209663,12644.29330725477,0.12332155003995468,4106487.0063538337,ok
3069,4106440.316413513,0.4062288374324848,5410.344015153919,252361.31503787194,0.010719440129605417,4106411.3184841373,ok
3070,4106425.46967666,0.5050736676354105,2901.343757061687,8026.988906228406,0.1807242909486544,4106163.298030013,ok
3071,4106255.5757673346,0.1915601289517809,15656.123296907015,962534.2968823147,0.008132761267633681,4106191.912010759,ok
3072,4106178.696043998,0.3576151485925303,8364.803955281117,259988.54603478583,0.01608687013881359,4106111.4142865157,ok
3073,4106071.807878745,0.47692498788049276,4753.035303947667,79147.20518248258,0.030026551746135707,4106000.4492484923,ok
3074,4105945.12344669,0.5348161018582543,3049.8747996925713,14909.825898707071,0.10227734449793427,4105789.1568989083,ok
3075,4105677.456861646,0.4649354910672222,2479.566649945017,5728.089372031428,0.21643924255546798,4105409.119097856,ok
3076,4105191.3593402067,0.28325558881022633,9125.51353025292,183412.4950976789,0.02487702248800715,4105077.851537553,ok
3077,4105086.2868478717,0.4447549153581715,5026.813942289509,60634.63310489097,0.04145167278899583,4104982.1019245186,ok
3078,4104941.4676514785,0.44913804390134454,2489.0616130130275,2246.139152227447,0.5540755590642458,4104251.903549091,ok
3079,4104266.302074178,0.2281322533251064,20110.65521215448,359346.5645336233,0.02798225612404981,4103984.9313216936,ok
3080,4103913.5639211466,0.3040122311851179,7781.732508273408,84919.33270855201,0.04581837998527825,4103735.2907326426,ok
3081,4103654.983159145,0.44760280696980403,4898.691936647761,27418.985035703314,0.08933029304821069,4103436.1823660177,ok
3082,4103470.395742397,0.4718653221541039,4201.578739048782,21967.03161952682,0.0956337390463338,4103269.4894000404,ok
3083,4103178.9238529685,0.28427987989328757,8708.622866924585,196786.87808679405,0.022127041578157446,4103082.575822836,ok
3084,4103084.4664641526,0.4208797645787712,4850.73812512026,63757.6366340988,0.03804044802474683,4102992.204338387,ok
3085,4103012.9073959636,0.4682284601282658,2901.2695616199476,16569.59394005962,0.08754799822238456,4102885.9072247515,ok
3086,4102929.205502658,0.34155795767553765,5583.205854536033,129905.8657176109,0.021489429379088987,4102869.215548698,ok
3087,4102851.0451940317,0.4781626361837355,4558.069336776283,127861.8065615825,0.017824202001169777,4102810.4232197343,ok
3088,4102726.3617970804,0.5088898702472866,2477.708074882986,5787.634566659603,0.21405187614609733,4102461.182766095,ok
3089,4102571.8012499223,0.25977825650970054,16007.525406013508,601867.4547737092,0.013298214813784903,4102465.365494179,ok
3090,4102427.380132678,0.42854517294324534,5908.961339280198,241848.04485354896,0.01221626857239712,4102391.287403326,ok
3091,4102379.4579732544,0.4194002523011005,2540.5208491301064,14931.227987040995,0.08507407600148685,4102271.3917413536,ok
3092,4102220.424378156,0.47234549351295924,2453.766408748549,3785.206120022534,0.32412586408028177,4101822.7597994125,ok
3093,4101363.232614104,0.18055236998964277,16439.179425768074,713370.6670041535,0.011522186281365813,4101268.524970276,ok
3094,4101308.848751272,0.22766774070865822,15036.151530719566,1357265.5753888674,0.005539133903993546,4101267.2051229076,ok
3095,4101280.0336926095,0.42970952916631133,5642.095479224006,66488.94051309492,0.04242882677693445,4101160.339946736,ok
3096,4101072.86630368,0.4379592891262516,4735.029605725738,46673.17999082828,0.050725380257529235,4100952.773215039,ok
3097,4100889.351662699,0.1941210582659278,15631.655489238072,935334.3704327047,0.008356185757402752,4100824.041154217,ok
3098,4100845.3440526943,0.3189857805311083,6980.160129828206,405016.8350851798,0.008617123444214605,4100815.2696019444,ok
3099,4100882.2382919355,0.41827218128676125,4764.7301516458965,116211.54518660625,0.020500244377591525,4100833.399225685,ok
3100,4100773.7372156964,0.42001605325224173,4876.43630062679,202893.91408220536,0.012017206929753036,4100744.4366436442,ok
3101,4100730.3950595986,0.44085301167782476,4203.4263974259375,109709.59609493575,0.019157058940352665,4100690.1324159754,ok
3102,4100710.601330947,0.4941749088076383,2898.2905414395264,27827.571143948324,0.0520758805439227,4100635.135814938,ok
3103,4100590.9835725836,0.4842527525181516,5861.2390366392265,671776.860264547,0.0043624895283912125,4100578.198775623,ok
3104,4100576.1016250066,0.50634227553904,5808.362116696928,789870.6962329708,0.0036767803543022964,4100565.423589146,ok
3105,4100566.957348908,0.4814604924202275,2453.9262858958195,2618.106562673124,0.4686452264552452,4099991.946928929,ok
3106,4100414.2580865063,0.14142014342314776,27466.093967229812,574758.9303075817,0.02389357739298749,4100086.126465562,ok
3107,4100125.251911629,0.2320924685884677,13581.867377094724,203717.4434236999,0.03333506240024473,4099898.8757133656,ok
3108,4099825.3591564884,0.38599419081598035,5758.168378086346,50372.77234022142,0.057155563517481744,4099660.803477249,ok
3109,4099690.470889178,0.42911673179591964,6349.899622788516,88706.71738300896,0.03579153760910551,4099576.8345535966,ok
3110,4099507.2775238794,0.3212561778447793,9778.10557070915,712627.2839334942,0.0068606028643310325,4099473.735674336,ok
3111,4099469.893842048,0.4511350215484337,5613.221064003692,116455.05630766888,0.024100375037275416,4099402.253475643,ok
3112,4099435.204033162,0.45336308452713114,6744.526508415409,465799.1603916039,0.0072397366525362465,4099410.7897352786,ok
3113,4099371.9795932444,0.5072719416872171,3404.820418820695,14310.415628328681,0.11896301642282717,4099169.4557395442,ok
3114,4099319.2606153307,0.3491883730227875,7569.656202875254,140223.60180205025,0.026991377006422665,4099217.10289314,ok
3115,4099218.237494569,0.41453211013097857,8407.037817328392,584057.8337050597,0.007197093619990565,4099187.98437545,ok
3116,4099141.2946858453,0.41828032002645754,4537.69384606945,38248.44145770551,0.05931867643662235,4099006.7096893336,ok
3117,4099028.8574539525,0.4352274720054186,4551.545542608479,59972.11184844811,0.0379471841354396,4098942.4982855497,ok
3118,4098976.3063281546,0.38507870236232417,4577.587383398143,102712.67750240135,0.02228345855014403,4098925.3040887956,ok
3119,4098921.8953308514,0.47656183742315694,3144.0106709168144,35408.20441359205,0.04439664087724725,4098852.1035745163,ok
3120,4098949.71537599,0.20586183003526123,7544.970659757077,216152.8071089301,0.01745286300157738,4098883.8747063526,ok
3121,4098929.055187897,0.4710012337275527,3578.711976073386,54058.09955866868,0.033100608468389164,4098869.826415926,ok
3122,4098836.321156475,0.5096754965068374,2269.2226949532205,4265.5941273862445,0.26599139852338616,4098534.5242973794,ok
3123,4098362.2916745837,0.43476419552987544,4071.5882296106047,38987.703845249154,0.05221631217077622,4098255.9900135696,ok
3124,4098246.809623454,0.429128539346343,6167.700339236345,329625.5885944976,0.00935561520805321,4098217.958307908,ok
3125,4098228.3234940735,0.42527308859255725,5599.247640603522,283848.79238115344,0.009863081666884155,4098200.710575697,ok
3126,4098176.4727190314,0.47805278384721817,2555.321012121497,6871.243684856705,0.18594312247672717,4097938.900535069,ok
3127,4098001.064456042,0.35934726675582984,6818.177965625062,105742.26743157503,0.03223960546352503,4097891.1567722457,ok
3128,4097778.1786932996,0.4459518189862166,3378.198484074711,20942.932379804388,0.08065247079087079,4097641.9486660184,ok
3129,4097588.6860213727,0.32117030185892326,9408.213976035313,719231.472794033,0.006540463211020767,4097557.918982677,ok
3130,4097563.1638830793,0.43043707812309423,5662.625460440754,185317.2938064334,0.01527818948822836,4097519.906550687,ok
3131,4097539.060075862,0.4541283032861942,5071.886428512955,155633.0649689993,0.016294373016181453,4097497.7384711807,ok
3132,4097491.9638878093,0.5220717828965526,3275.457239071695,22179.87730207799,0.0738384886999538,4097371.036481642,ok
3133,4097737.3742909664,0.10623797487455142,47267.400361295826,3910988.874880551,0.006042896294704937,4097594.5582917146,ok
3134,4097634.9759702263,0.3103342421399251,6846.041337936895,158073.7490528213,0.021654580153119694,4097560.8518947847,ok
3135,4097563.333369218,0.44570401007555466,3949.938393209059,15701.47582251405,0.1257823926189574,4097314.9170183204,ok
3136,4097345.8259367743,0.42318185721847773,6124.116341066825,75219.20552268196,0.04070846201120889,4097221.174258063,ok
3137,4097421.838271623,0.18248136716018912,15748.440339910416,557405.8854391031,0.014126546517807571,4097310.602734101,ok
3138,4097309.935767475,0.31369604894656195,7036.625034767546,153909.54088639992,0.022859612842199475,4097229.50850547,ok
3139,4097115.8607898164,0.48212334873476753,4353.4094353745,23186.73268188032,0.09387716447812737,4096911.517923014,ok
3140,4096808.826892405,0.36351406194684016,6314.811579208927,282314.0473104485,0.011184019426891647,4096773.514404715,ok
3141,4096797.6601400236,0.4360933066850629,4627.708870807645,99186.56550458113,0.023328304832744236,4096743.6818384156,ok
3142,4096755.8657896006,0.4634571398380355,2813.8798818630903,7691.832216842215,0.18291349853561245,4096498.5174827753,ok
3143,4096277.129660261,0.3437194316800042,6514.844083038127,114511.12035751266,0.028446338061745773,4096184.467931658,ok
3144,4096110.809700607,0.3676507439914549,5024.173075954524,165832.59223462766,0.015148328227439424,4096072.755789194,ok
3145,4096099.4767828556,0.2482004548941084,6026.654910752614,220120.3885035255,0.013689451830710561,4096058.225981805,ok
3146,4096059.78425642,0.41968709364699297,2989.998150770406,4327.932439716033,0.3454303171801115,4095543.366251626,ok
3147,4095507.874945105,0.2528653423304801,14762.598734610649,272972.67286175117,0.027040433351523185,4095308.2814115155,ok
3148,4095270.1377247665,0.41682674013155663,5852.0419308212,88830.98642128076,0.03293919254182265,4095173.7569568055,ok
3149,4095172.1823803447,0.5038543755498118,3625.8908326428163,24629.91079662969,0.07360746984798208,4095038.736055277,ok
3150,4094953.3772946163,0.43926821572226454,5941.596310815152,269523.2459215922,0.011022419031981454,4094920.631912488,ok
3151,4094859.184736433,0.4425816385137667,4104.33786199957,36407.62770346425,0.05636645561513797,4094743.511247469,ok
3152,4094818.2640994284,0.25403711693026076,9614.885833714783,590664.0843139836,0.008139047293591436,4094779.136094167,ok
3153,4094797.8341899,0.26433093451808976,9968.332941196226,722465.753120231,0.006898827313367005,4094763.449286118,ok
3154,4094740.0517748995,0.5322855424667546,3263.184258764085,30172.718231136863,0.054075079244876055,4094651.8233012077,ok
3155,4094677.866558675,0.5275626893416808,3200.014049749724,16454.91641927459,0.09723580382338995,4094522.2885894887,ok
3156,4094780.5240130452,0.16056220763869905,7771.146188179791,68369.52948519502,0.056831941412311335,4094559.699350609,ok
3157,4094459.957374544,0.4636564606904203,3747.5732718794643,33745.570491536215,0.055526891637813616,4094355.9118270576,ok
3158,4094368.262125925,0.28011462656579567,11748.14435477011,1466591.0568887622,0.004005255691280675,4094344.734964906,ok
3159,4094480.0693457257,0.1756617464790497,5698.386383897452,64953.46250495011,0.04386514716950753,4094355.0890670465,ok
3160,4094345.2335624252,0.4714449178576691,3471.486148992084,33731.11931935018,0.05145821157201612,4094255.915328063,ok
3161,4094315.0224886043,0.3598069401494727,9769.532168794987,1162892.7862034002,0.004200530042279499,4094294.5038819173,ok
3162,4094315.0224886043,0.35231312399764014,10020.457882214094,1131049.9536107534,0.004429714996329241,4094292.828602329,ok
3163,4094307.677758573,0.5359537134611684,3862.334038045002,68742.70428525195,0.028092683276017313,4094253.4260951546,ok
3164,4094109.9501411556,0.5062106141242176,3644.998446036395,47556.984856511066,0.03832242999670905,4094040.1075422624,ok
3165,4094042.9521105913,0.5140305698683021,3195.61410054088,12427.838767894005,0.12856676692637853,4093837.5272239656,ok
3166,4094033.755585942,0.22241316204679532,22055.597795502683,1252017.3763936781,0.008808023838707343,4093936.622470362,ok
3167,4093878.822457768,0.28337136817082664,8826.363968563543,176368.01248070595,0.025022575932041862,4093768.3932764647,ok
3168,4093752.7349165473,0.3582365226906471,5456.670493402123,118127.77048243835,0.023096476260903217,4093689.71998629,ok
3169,4093694.2762677767,0.22255909414433833,19705.734447855102,4137992.0647919765,0.0023810744606690953,4093670.815857265,ok
3170,4093680.8542781854,0.3381049409772305,4914.062761920333,264022.2743201503,0.009306151866492897,4093657.9887710134,ok
3171,4093648.4918717723,0.4643863795026336,2444.0809112975876,2199.7229724978824,0.5555428892307802,4092969.5959862843,ok
3172,4092732.8025588547,0.2462145753879636,11805.097429605863,234544.2239438241,0.02516603741312622,4092584.258797065,ok
3173,4092586.246473827,0.4004768887887013,5708.070565602457,66584.3056623327,0.04286348343519305,4092463.912579759,ok
3174,4092415.721169617,0.4954830230666782,3966.7370595454563,22516.71045115793,0.08808429339955973,4092241.017554121,ok
3175,4092308.3487514746,0.3227059446519831,7983.504026687602,162477.56603759248,0.024568019516123404,4092210.279310107,ok
3176,4092202.116939514,0.4915413651991619,3854.4333009823645,38837.25222868602,0.049622888847622934,4092106.4828818813,ok
3177,4092055.024574141,0.5033622693963044,3201.9232395021845,15623.047673431647,0.10247434772113426,4091890.9670764306,ok
3178,4091913.7737482693,0.38132749269420985,5146.861493380573,116318.392803271,0.022124022561442396,4091856.8391083693,ok
3179,4091858.407581779,0.4885783474284967,3750.5026609121983,42646.41686727474,0.043972072408622366,4091775.948894492,ok
3180,4091701.3401777064,0.500197428288229,3821.969328675399,46190.34926793681,0.04137194662141722,4091622.279022179,ok
3181,4091566.582124822,0.47837135586885243,3125.9448447326204,16425.528855975816,0.09515507452277136,4091417.8573674946,ok
3182,4091523.8258002796,0.31424914913913987,4951.629699169018,52078.40178580817,0.04754014648466402,4091406.125199661,ok
3183,4091461.5241823914,0.44886474964054973,2832.4083235447047,12596.536806226664,0.11242805729526394,4091302.30309975,ok
3184,4091294.227046304,0.390428075026702,3106.4835998171475,18289.17870749793,0.0849268206489665,4091162.3151585385,ok
3185,4090963.2534306096,0.4510104286491699,3178.2005178537634,28414.546066634626,0.05592559019596163,4090874.3820607485,ok
3186,4090859.646119076,0.4495483677795908,6084.558600349804,297124.7284656303,0.010239064637552761,4090828.496024676,ok
3187,4090796.4611569205,0.43252627056677084,3415.208230395742,26884.341548534074,0.06351667985303444,4090687.9998130198,ok
3188,4090510.287454417,0.4543999172139908,6980.978214434266,881183.314944928,0.003961138446471017,4090496.4611438173,ok
3189,4090490.1712477487,0.5368227128125642,2964.4582233708834,12182.450425804365,0.12166920938548167,4090309.8296036017,ok
3190,4090391.408888209,0.3423591303166681,10718.618347352582,1259802.735403394,0.004254085995423893,4090368.6099261083,ok
3191,4090381.7440505847,0.4133263369860102,4865.195428319654,77284.97264332807,0.03147568836423507,4090305.1763630183,ok
3192,4090375.552584177,0.37812454760374675,4541.921534174475,90622.99770655812,0.025059431099826602,4090318.643599304,ok
3193,4090345.13671431,0.47771310263388017,3262.193013464161,37507.62810317007,0.04348706087853696,4090274.205121223,ok
3194,4090304.0621323036,0.45530744807885976,3697.2394024423497,32584.48361345355,0.056733128661824575,4090199.1841529477,ok
3195,4090112.6613507397,0.43078879910347,3557.2275797487123,49475.013589777394,0.03594973827843184,4090048.7206504955,ok
3196,4089961.396480483,0.45342945922603756,2538.0756753212145,4622.312207659332,0.27454611039855065,4089612.9870782048,ok
3197,4089735.0873195045,0.21981034837389563,12351.62384958365,281595.9629474008,0.021931464713311255,4089599.6427182,ok
3198,4089675.143623366,0.3174177225532114,8700.5367434718,167885.57032807617,0.025912104079193678,4089562.419016545,ok
3199,4089603.2234501457,0.4552516744189022,4612.763691038899,44963.79255917105,0.05129420171762241,4089484.9194345237,ok
3200,4089488.699257595,0.4284734429115658,4910.053639359989,87394.13308299672,0.02809143741203425,4089419.734025345,ok
3201,4089374.172448476,0.462087396996253,3295.849926685385,27348.063688247068,0.06025746400652469,4089274.8726693117,ok
3202,4089287.4866376277,0.5168763553038569,4631.639515948369,326707.8183655181,0.007088351204938915,4089271.0712938556,ok
3203,4089264.0043803,0.5048264527888294,3174.9267126983405,41650.77282343285,0.03811365909292464,4089203.5003431137,ok
3204,4089148.379410895,0.5030398728970153,2445.0292523784806,12354.095017456899,0.09895622661650015,4089027.403976504,ok
3205,4088990.3918933817,0.3228922079624827,7729.51378168281,595670.2148368884,0.006488081482972397,4088965.317035762,ok
3206,4088966.6265903837,0.5110513287340644,3115.8535668549503,30027.771589446922,0.0518828637944948,4088885.7968872776,ok
3207,4088849.164646007,0.4728764042878578,2193.6732887722737,6595.775132591169,0.16629382026176528,4088666.767490209,ok
3208,4088691.945545702,0.28540332075660496,4815.747564307188,96689.65895423273,0.024903115888466852,4088631.98198586,ok
3209,4088635.021599093,0.46268688919575157,1927.162920016903,1468.997457498691,0.6559449474127563,4088002.96520898,ok
3210,4087977.026695183,0.20606497064959553,21442.846437540837,602994.3243305881,0.017780305363027698,4087786.396516427,ok
3211,4088013.278584049,0.1567838745477806,24505.59969779152,864933.979329475,0.014166167755826324,4087839.703365911,ok
3212,4087824.769782633,0.30916292756298447,12073.374549971082,209767.4785585648,0.02877799416986444,4087651.0460314285,ok
3213,4087675.437402103,0.4950461269952285,6478.521527760127,181133.29147204923,0.017883298744007618,4087617.5087341527,ok
3214,4087580.826638042,0.3005233876474006,5767.92198354382,267816.70767230174,0.010768413280999258,4087549.7709541963,ok
3215,4087546.5906855995,0.46241698890966754,3160.9053384776576,8604.963537408963,0.18366756144497484,4087256.312797861,ok
3216,4087156.100782601,0.18399484581145084,21654.491765497096,1206269.8202772257,0.008975807651608348,4087058.9175061607,ok
3217,4087080.536913735,0.26712290725734905,11481.408697927316,704261.8890385963,0.008151377262229002,4087033.7422668356,ok
3218,4087062.196636691,0.2893326942672426,9698.975605615557,668697.4083186705,0.007252140867423155,4087027.0274680103,ok
3219,4087043.872843662,0.2987312258439405,8792.895433263586,537201.2877947113,0.008183985810383747,4087007.8923779326,ok
3220,4086960.3411119604,0.5362388324240632,3696.1165103645044,21496.905192084385,0.08596857262331632,4086801.4661816373,ok
3221,4086932.204196415,0.11774016526742787,45533.931943515534,6545947.21728824,0.0034780246793968705,4086853.0201268904,ok
3222,4086825.7334559476,0.4902335458235233,6170.248832892084,201512.83384541425,0.015309816042846786,4086778.5007686624,ok
3223,4086794.072530055,0.32803671194678197,7471.032741072362,444073.81770219404,0.008411926624868712,4086762.64964044,ok
3224,4086783.8069777405,0.4770278845268069,4400.26459408122,62831.97554543409,0.03501612479858578,4086706.766870654,ok
3225,4086712.839888115,0.5560703880782534,3264.418325224862,23327.827457859843,0.06996833140852518,4086598.636936497,ok
3226,4086536.2670651744,0.49957994271499173,2994.6996165528744,15649.654415497725,0.0956794168434559,4086393.001508708,ok
3227,4086123.3690737113,0.5280253926321934,3404.274046345625,16317.547343260161,0.10431328847198762,4085945.8135633944,ok
3228,4085869.8179946328,0.3381500731167455,6185.147774846639,264005.5534327641,0.011714048614552816,4085833.5914337714,ok
3229,4085830.5136091053,0.4865367408385292,3910.782347075624,81808.96027862681,0.023901919384846065,4085783.7760069096,ok
3230,4085759.170747229,0.48670961669158636,2246.3528182373548,2831.3184756010446,0.3966973050886635,4085313.6096925926,ok
3231,4085734.0813210243,0.08815629653469714,55857.651437267574,2619967.8859681385,0.010659987806802235,4085436.3603794053,ok
3232,4085491.627543098,0.14930096771678844,21927.491705616878,581831.3097586626,0.01884351300612558,4085285.0320555246,ok
3233,4085245.3192896554,0.2884340937002207,10659.22239480319,244069.41428515024,0.021836456702333557,4085128.939465503,ok
3234,4085128.8208102086,0.42983942973292544,5445.874265128463,68266.0694536121,0.03988712334484866,4085020.210680942,ok
3235,4085197.459474725,0.290660838381119,9264.897293023296,266730.6436445292,0.017367515720035875,4085117.0053500347,ok
3236,4085159.5096690785,0.4653112843175869,4805.8476875290835,110269.65663390834,0.02179134239750261,4085107.146732844,ok
3237,4085120.2004648605,0.5004172941760742,3685.7975604337253,16751.814233036894,0.11001189211986433,4084917.4596830634,ok
3238,4084886.8246503524,0.4246020756202384,4352.283235078068,77629.39164162891,0.028032444561527054,4084825.8220811007,ok
3239,4084829.194464769,0.4482377109601434,3763.3774870201637,66334.81283864591,0.02836653429756617,4084775.817476489,ok
3240,4084756.4549318315,0.5209032560125714,3222.994099331923,32248.421317551005,0.04997134693191676,4084675.926253683,ok
3241,4084718.7388660396,0.4484052184960078,3622.748416321971,49610.469157460786,0.036511934656610234,4084652.6020893124,ok
3242,4084712.565953723,0.35008439035695127,3866.000362382578,75823.52880699832,0.025493408333863748,4084663.287190795,ok
3243,4084664.6819950887,0.45973769123055647,2246.6269776877475,16186.57177693082,0.06939786289057363,4084586.726439607,ok
3244,4084624.665399552,0.35599450518624326,3732.8862360038925,83458.88685681662,0.02236362343538137,4084582.9249684974,ok
3245,4084588.264547058,0.40725840404182667,2111.917981199211,1011.8654784505734,1.0,4083488.2120443094,ok
3246,4083752.189151911,0.12120597789225858,56262.8922218768,3978540.3765229946,0.007070795680983787,4083553.27744425,ok
3247,4083693.458224382,0.14074472279933242,42146.71119516865,1198838.9679697035,0.017578136981377203,4083323.02789303,ok
3248,4083097.324929338,0.31101306089821223,14641.99200262449,432442.6136616198,0.016929404665565223,4082973.3848254764,ok
3249,4082949.575610373,0.3379442122755132,8456.016751340698,161711.22206374854,0.026145423438848396,4082839.0325410883,ok
3250,4082905.268445572,0.3390821857820337,6669.420092336215,101269.58039543446,0.03292903982762475,4082795.459645648,ok
3251,4082831.9542496987,0.5195062016424137,3281.402597595824,20365.539882025132,0.08056262236612811,4082699.775050548,ok
3252,4082743.3786591883,0.3420902983237139,6451.853012245379,179475.78735765576,0.017974159933306925,4082685.395340234,ok
3253,4082676.285395322,0.4987130372041252,3742.5999476820034,65120.48639818704,0.028735964323096625,4082622.5117860357,ok
3254,4082645.229303256,0.5299151058658766,2583.034840317382,5293.545578093179,0.24397965429890878,4082330.125329565,ok
3255,4082261.0771014104,0.27576540072422995,15033.980028757427,1022118.0421938092,0.0073543267059886005,4082205.7947009993,ok
3256,4082283.975107235,0.18119636410583942,11267.39611375612,294778.29511259333,0.019111644752291605,4082176.30587133,ok
3257,4082334.609679181,0.1008094420811223,56451.3710874666,7438215.022603891,0.0037946853456049126,4082227.502083879,ok
3258,4082176.606307053,0.20917794891924182,20219.20811486735,3402564.3243433093,0.002971172061349587,4082146.5689339265,ok
3259,4082144.993728708,0.4573426048918431,4420.382714222547,43307.23226302695,0.051035156060947336,4082032.1962678735,ok
3260,4081984.1804983523,0.48288687629015165,3120.213432503039,14716.227274830519,0.10601268158720296,4081818.7894018,ok
3261,4081819.502023779,0.327966916495323,4824.847409636299,90693.49164783952,0.026599744490878444,4081755.332169627,ok
3262,4081775.532638989,0.3415915169324855,4423.152612478657,47495.69014886352,0.04656372608351807,4081672.5534056523,ok
3263,4081649.262610501,0.5459972813182588,3127.006597850699,15298.925480903315,0.10219693539111438,4081489.477364877,ok
3264,4081359.066138227,0.548107391732404,3549.5652837628004,32275.751649813177,0.05498811185367617,4081261.4741917993,ok
3265,4081266.9141798727,0.4992220923749814,2308.86548584538,6172.621919851794,0.1870246967840221,4081051.00674617,ok
3266,4081014.155042568,0.20866078482453945,17194.227303240277,1242367.2715291767,0.0069199453725453655,4080954.6634857375,ok
3267,4080986.5651046103,0.34985340795517916,7053.538658841978,239667.6057675311,0.014715252476973579,4080934.6678035,ok
3268,4080932.6474803053,0.5013209440061054,3132.5531435312223,19745.446692354235,0.07932343067083407,4080808.4050492537,ok
3269,4080830.5574479876,0.292913043633231,12223.794777956093,2079337.319938303,0.0029393486715081876,4080812.592450517,ok
3270,4080830.5574479876,0.29147853399636175,12191.726889223803,2050597.4387673622,0.002972725572248932,4080812.436118841,ok
3271,4080826.1721549286,0.32050765106936613,5698.533084403882,218704.35559542448,0.013027936889710259,4080789.052090235,ok
3272,4080730.5393195148,0.437947404784481,2623.8883025653913,5462.106676626786,0.24019013705768713,4080415.423274006,ok
3273,4080252.9670847394,0.4526336790401105,3495.8405110841613,19720.761608424964,0.0886335066692022,4080098.0427831123,ok
3274,4079945.0579650104,0.29528470543518254,7695.634776076463,378234.20271996927,0.010173107985390244,4079905.913703214,ok
3275,4079907.9263080666,0.4927615633749104,3446.0563213928026,37557.56332546551,0.04587699542073647,4079828.8789530285,ok
3276,4079920.2820043215,0.3873618491578432,4028.354206664134,32514.15285073285,0.06194770359168895,4079795.508358143,ok
3277,4079885.84007332,0.4651821074864756,3484.3649905201387,42191.38478088288,0.041292375310929844,4079813.901219866,ok
3278,4079823.0324354116,0.5064855953809231,1958.4660679133212,2403.500925305868,0.4074194537004574,4079424.0738476715,ok
3279,4079417.2912678113,0.2545317932595254,9495.210475369107,272042.5886557883,0.017451698504794163,4079334.4374925834,ok
3280,4079284.0597117157,0.36211346222247254,4659.4713283249675,49996.436552672225,0.046598034276064085,4079175.498609383,ok
3281,4079213.128791768,0.3205062935851589,7346.007116453309,428556.4215698635,0.008570641748341833,4079181.6487941304,ok
3282,4079181.327418112,0.3922060076004161,4626.610167545266,149966.56024117075,0.015425472719067907,4079145.6435936512,ok
3283,4079166.877053269,0.3994738491652498,2598.789833583804,4431.079288700135,0.29324569300882036,4078785.8350904025,ok
3284,4078848.441788961,0.10134286382912928,37581.29362365086,2144814.0888515892,0.008760967633277073,4078683.817540434,ok
3285,4078667.713500111,0.1984091741908869,11410.61002840431,631139.8146091704,0.009039684840252284,4078616.139340865,ok
3286,4078621.094907072,0.29097778571137495,6535.796216814066,297612.102845336,0.010980393865585851,4078585.2120987293,ok
3287,4078585.8846970485,0.5145935316639274,2771.8061230892954,5100.812239044117,0.27170242631874714,4078209.3314725845,ok
3288,4078293.129948716,0.2835010589587877,10360.139154485807,299263.0794135464,0.01730941747773923,4078203.46596184,ok
3289,4078129.1035005124,0.5293984694341645,3795.0427906938075,22276.140563321533,0.085181784068612,4077967.4692427483,ok
3290,4077910.469510532,0.4782889864317607,3733.6367827115564,38573.58705115091,0.04839628704689206,4077820.1224318,ok
3291,4077925.427484327,0.15984211114033936,12636.875987704942,641049.4624953467,0.009856396991984586,4077863.1504510907,ok
3292,4077851.817470235,0.3071252705393145,7158.70116652271,535109.6258276057,0.006689004290897397,4077827.8751788246,ok
3293,4077828.512307329,0.3867409265352045,4296.0634122672855,218887.5597551135,0.009813402408692447,4077807.43280781,ok
3294,4077779.936804701,0.5037668992167879,2610.7976194700022,5684.318703534423,0.22964912381202765,4077480.15311182,ok
3295,4077819.3846158427,0.16144167497200562,15969.235717625437,389177.34087164124,0.020516656599095812,4077655.5669531585,ok
3296,4077819.801031349,0.2717488284147186,10853.55040902099,230480.48628239022,0.0235454866138276,4077692.0249684155,ok
3297,4077642.958834154,0.45295808469722215,3609.0454043096715,25098.887075994557,0.07189652261038872,4077513.219926898,ok
3298,4077571.2215803713,0.21153534746026095,15845.217642244625,1100364.0071050427,0.007199989067223285,4077514.1788834753,ok
3299,4077519.2129232585,0.45693857781352215,4290.144092111782,58471.798463187435,0.03668558351948729,4077440.5197035577,ok
3300,4077380.8425477576,0.5516600796053086,3217.2642164194267,25689.793143854084,0.06261755784493561,4077280.113933671,ok
3301,4077256.6224991437,0.5076769483308835,2546.132963899304,6815.061546045497,0.18680190536039407,4077018.811254665,ok
3302,4076997.9378824593,0.2882808397545745,9676.44605102966,288654.88038057793,0.01676127221246306,4076916.843109304,ok
3303,4076949.6076708054,0.407184101437856,5931.5656897347035,147207.26434674434,0.020146987025596086,4076889.856082309,ok
3304,4076841.907979872,0.5119805770970337,2274.042108137959,11642.171998192605,0.09766399725459278,4076730.861958769,ok
3305,4076939.971366858,0.137209955030341,11063.276031694155,255674.0546715441,0.021635507845930584,4076820.2915691654,ok
3306,4076804.024698353,0.4758701618392407,3733.7766094838735,31233.802807909833,0.05977140587790209,4076692.4381597615,ok
3307,4076696.994113788,0.5200117365186933,3712.272703151345,54932.15726232441,0.033789613299034155,4076634.275984238,ok
3308,4076629.13115165,0.5269268478430473,3244.7518030988595,31753.69161455585,0.051092512997944935,4076546.2398898127,ok
3309,4076568.425386054,0.3882487259726407,6968.825734737504,502008.6542131952,0.0069409418306342115,4076544.2402790277,ok
3310,4076543.906642521,0.4045686616966313,6017.0690341810005,452644.17080518784,0.006646577402595856,4076523.9101849846,ok
3311,4076522.730883971,0.5714086563580029,2269.0849386023256,13057.02878046958,0.08689132025183147,4076424.1489909315,ok
3312,4076235.2189517748,0.3779650632674348,7541.09347062059,643286.6813925424,0.005861378518125195,4076213.118350139,ok
3313,4076213.747736566,0.5284557709482535,4094.945892477239,113987.56999024442,0.017962247518864133,4076176.9705207176,ok
3314,4076175.6910371566,0.549192466069311,3042.78561699306,11307.27942798214,0.13454985508994652,4075970.987855239,ok
3315,4075938.9322672887,0.3435824277092835,8025.463492699155,340294.9456220862,0.011791922853905411,4075891.6144441026,ok
3316,4075902.616318038,0.4618349115383215,3990.726203965149,42356.43457326843,0.04710885422924309,4075808.6170485322,ok
3317,4075745.0131317694,0.5126407536541956,3054.8254793866395,19345.019351247392,0.07895638210332574,4075624.4141478646,ok
3318,4075612.738410532,0.43916743863454344,3299.9895039293383,66212.34087692443,0.024919746532322144,4075571.6209595334,ok
3319,4075558.6190053355,0.47023921171272554,2146.292440501433,1820.1206757558052,0.5896016866052535,4074925.890183902,ok
3320,4075073.5161235067,0.07053989027762449,71639.22092385433,4610737.3558250945,0.007768737990827765,4074795.2429548944,ok
3321,4074710.1699039815,0.1850553993462095,24564.98235303429,1851776.713559837,0.006632814359624065,4074628.7024201336,ok
3322,4074616.3916240577,0.3035885110087602,7746.530736656532,256495.85750464714,0.015100693656458336,4074557.9026302807,ok
3323,4074525.2839469295,0.4507155902285869,4387.500174081962,52371.45471530561,0.04188827862365746,4074433.391532053,ok
3324,4074374.747205637,0.5234887155578388,2176.8525959485196,6852.628262732958,0.15883340759829495,4074201.8687478104,ok
3325,4074174.5355665814,0.5273822968471017,1861.1725080949932,1669.3992797899484,0.5574377953275428,4073655.791616763,ok
3326,4073946.8343439572,0.08576504862793885,45752.297678674106,1049221.878019187,0.021802965910818265,4073448.0664506424,ok
3327,4073707.886818297,0.200333310809806,18781.082819696712,396321.29367000854,0.023694264123156755,4073485.384849873,ok
3328,4073511.5600144845,0.35025299466163223,9705.187595061416,215320.7964771691,0.02253657740879311,4073402.1991587332,ok
3329,4073323.0143372924,0.45437500293616306,5065.988660219311,59828.099449440815,0.042337870556129295,4073215.772751225,ok
3330,4073196.8967485824,0.4619281859049916,4214.6215434626365,52951.09414730328,0.03979730363775005,4073113.0314619406,ok
3331,4073148.436470514,0.4563207867611932,3441.8797826381547,33389.24388429253,0.051541744918897896,4073059.736225615,ok
3332,4073068.365848127,0.23806706320084223,7660.462152213956,219858.24754212674,0.017421366352759055,4073001.6379893343,ok
3333,4073010.071947805,0.37262943870985693,5429.774222058228,163130.64520969483,0.016642410183195722,4072964.889682902,ok
3334,4072945.803543963,0.43536606538260186,4665.289922734703,103321.34512961871,0.022576602718838025,4072893.140345386,ok
3335,4072896.7831338057,0.45522877413433593,4874.967353376618,131578.39272259406,0.01852495403122336,4072851.6288607433,ok
3336,4072828.1221490772,0.5265663164265579,4197.651672086067,146744.3356898998,0.014302602047129596,4072798.103478378,ok
3337,4072743.863095738,0.44011142114111235,4942.393922015488,177231.57067786326,0.013943322578229589,4072709.4063993567,ok
3338,4072714.609196371,0.5045098464646335,3165.329609749403,25056.84649972041,0.0631629684482587,4072614.643389236,ok
3339,4072494.782938934,0.5922922960668252,2540.9915609227983,21985.6978295384,0.05778737569814375,4072421.3643219452,ok
3340,4072463.1380605395,0.4866292698551697,2289.7575656934932,16100.383607617969,0.07110878912879083,4072381.7271165918,ok
3341,4072275.439237345,0.2785460244864492,11252.363389979855,1564785.4918958659,0.0035954970979270437,4072255.210317388,ok
3342,4072251.0568946246,0.547400640586398,3590.5221249020783,122274.6295530612,0.014682204059935294,4072224.698505365,ok
3343,4072279.628488554,0.3042816593844738,2951.334634711313,44206.422905134925,0.033381287613394435,4072230.368813412,ok
3344,4072250.471447227,0.5380110917437289,3748.287959324404,153177.31364148308,0.01223512761196937,4072227.5410564723,ok
3345,4072292.6975953723,0.2559376080699162,3597.5182829528285,40667.978531216635,0.04423035534199693,4072213.1378393704,ok
3346,4072262.4062193655,0.21015137318611615,16188.535856871054,2151061.4318594662,0.0037629180685176938,4072231.9481523265,ok
3347,4072235.1573180314,0.3891821717248604,7264.2454720596,893162.1461932012,0.004066588302594869,4072220.386970199,ok
3348,4072219.0400718153,0.3835084844563791,8287.86786303245,1089889.4043555115,0.003802160031059916,4072203.2841718495,ok
3349,4072219.0400718153,0.3963489770160192,7913.917683505937,1021266.6190357739,0.003874560049254249,4072203.70859717,ok
3350,4072205.025251353,0.6031363356004085,3148.834879520037,44120.33338307676,0.03568462246397979,4072148.8427594146,ok
3351,4072267.005877518,0.14157819782762962,10066.20313459,437965.7267794918,0.011491998710275975,4072209.165480798,ok
3352,4072196.7888588277,0.5448679663271533,2369.0052755011693,8526.066942568494,0.13892720356635518,4072032.2292197477,ok
3353,4071849.8269293094,0.19252924646624545,5318.88672907719,75491.01193078865,0.035228609294266904,4071756.1384380795,ok
3354,4071780.4691766915,0.4880648939988387,3023.5028111218567,9852.20342350035,0.153442975198316,4071548.501543262,ok
3355,4071626.3509889003,0.26933498479894785,8343.641666401654,192077.82991643067,0.021719429228328462,4071535.7414215603,ok
3356,4071471.510777303,0.49156777205860225,3041.044095651511,15792.30340401162,0.0962824743754294,4071325.1111521963,ok
3357,4071235.9198909355,0.48359811388130014,2962.934472054155,23694.536376188542,0.06252357980364853,4071143.2932559773,ok
3358,4071132.122878888,0.39229405742670737,4943.842575263055,193830.9456789667,0.012752975429040402,4071100.5985274445,ok
3359,4071095.253505109,0.4756248045982052,2271.7671767658494,2273.7836653299723,0.4995565786238001,4070527.8153859815,ok
3360,4070671.0844448227,0.1715932619105908,34719.32032309638,2339162.402418999,0.007421314631081637,4070542.2529448755,ok
3361,4070580.7282029605,0.2842281404007054,13742.377147582818,277044.86363069736,0.02480171797355806,4070410.31092181,ok
3362,4070459.8893711898,0.2913322773080495,16796.59983524514,824056.206784909,0.01019141637242064,4070374.2987999087,ok
3363,4070438.727393198,0.2798418382669228,8515.144573980258,112337.73790543854,0.037899750932976636,4070277.3664639415,ok
3364,4070355.774419005,0.3846577702921295,8495.705485855871,250592.59663870954,0.01695123000402224,4070283.7680901363,ok
3365,4070296.1682921564,0.5165938616291942,5053.159195855969,63304.71806493685,0.039911394840053856,4070195.3289762284,ok
3366,4070157.6676055132,0.5574708604596078,4177.496127509553,72549.84209542154,0.028790525291668315,4070097.531451556,ok
3367,4070101.6266846545,0.5041239208269147,3909.3215720522444,60265.02724382687,0.03243441304884408,4070038.22840935,ok
3368,4070090.1741148457,0.43117811062866634,9153.353254646743,1129143.4211093143,0.004053228794289982,4070071.623797358,ok
3369,4070021.3553398116,0.521919017588504,5001.123097252906,423567.6434028752,0.005903570746191419,4070006.593097804,ok
3370,4070007.3851638334,0.5405866209589164,2931.4638027295114,9167.181934564855,0.15988903807376337,4069773.03070005,ok
3371,4069608.814777229,0.36738131553654935,6087.299313360639,108966.41219590465,0.027931998451121903,4069523.799559733,ok
3372,4069517.078943421,0.44487956070075857,4815.069901577166,79948.23485326115,0.03011367236821962,4069444.579224698,ok
3373,4069411.2589822607,0.5054635090018151,3297.610474808559,28153.40048776015,0.05856504751960982,4069314.6966251815,ok
3374,4069354.680174755,0.12014342292601576,43974.9180048819,6628656.1291468125,0.003317031171033306,4069281.747087872,ok
3375,4069259.0500767906,0.35856931141611137,9810.801363046066,1563944.598005423,0.003136556555634475,4069243.664010125,ok
3376,4069250.9091276154,0.5007676473951427,4716.136495036185,277547.3807263832,0.008496092599925367,4069230.8747614273,ok
3377,4069249.116688805,0.4736924545112357,2676.8292933293633,56184.3095698065,0.023821858040308588,4069217.233165093,ok
3378,4069184.13837647,0.48717906080076673,2455.987443367145,3740.6775494769663,0.3282810949196288,4068781.0112529616,ok
3379,4069094.1308574807,0.12371396790236788,31457.44290968773,1066394.596426081,0.014749438441977448,4068862.141048611,ok
3380,4068821.4303607307,0.28005293949704696,14540.451284462073,421466.25230277656,0.017249840532921695,4068696.020127764,ok
3381,4068701.8204388223,0.309588402518357,7661.358399803896,323598.7438391501,0.011837744344910212,4068656.4738377864,ok
3382,4068655.1407786417,0.45660341669003734,6021.03091336526,738451.5943438525,0.004076794579010434,4068642.8675255477,ok
3383,4068655.1407786417,0.4571554788071146,5800.96336706347,604283.9276598196,0.00479986567699109,4068641.2188561624,ok
3384,4068641.6838741507,0.4739262276121712,2414.375459478255,8963.381022241862,0.13467995243575998,4068479.0998881287,ok
3385,4068345.0692483205,0.2716605267195879,8235.074901503915,480513.7331487154,0.00856903178140303,4068309.785939044,ok
3386,4068311.582114313,0.4988040862743671,3045.7560536655033,30547.494541657987,0.049852796430030766,4068235.6623860532,ok
3387,4068214.2629223564,0.5128440485151984,3948.693243074008,137374.7513890413,0.014371975938618529,4068185.8876602175,ok
3388,4068197.1253435956,0.39559180717727344,4596.220698805459,137561.15503767552,0.016706099543677997,4068158.7328833365,ok
3389,4068132.5178195816,0.5889283791123491,2766.6021520599365,16629.37922313287,0.0831841680599646,4068017.4490703954,ok
3390,4067969.363376897,0.3968411633718235,5149.130413792345,132733.76364872084,0.01939646052461637,4067919.4259244935,ok
3391,4067952.5997039536,0.37986933497228786,7344.8807758427565,421368.14661183156,0.008715514965834534,4067920.592494792,ok
3392,4067918.23691868,0.46244610702593947,4541.995520566981,167136.54314400553,0.013587679376178014,4067887.3793292493,ok
3393,4067890.7702514357,0.523651838693297,3229.2715380264194,25961.412909210594,0.0621936785436038,4067790.3501134524,ok
3394,4067807.63825397,0.3574404239399941,4474.578983869511,66603.3599611659,0.03359124064070103,4067732.4849242633,ok
3395,4067686.4619399565,0.43733573610857157,3309.4701214164234,34606.49801324694,0.047815732758477884,4067607.339570508,ok
3396,4067562.3111665966,0.5263690395351147,2644.327078632242,11975.334565443742,0.11040723180556322,4067416.3347502267,ok
3397,4067388.3330409587,0.5208345247751605,4265.3759944857375,120024.21458359748,0.017768814440001526,4067350.437703677,ok
3398,4067394.9721211866,0.4572950526821067,4081.7430252872023,199835.42647735315,0.010212761313744777,4067374.129187556,ok
3399,4067360.112156675,0.5838994267405827,3015.867048558669,16037.515918436899,0.0940253797376312,4067218.3281344357,ok
3400,4067184.43983847,0.5467354671836551,3944.922754439037,40838.1304541785,0.04829950233477691,4067089.1709355754,ok
3401,4067112.3180063027,0.48693340041963107,4795.22272320517,113279.3177264347,0.021165482011400585,4067061.5714061586,ok
3402,4067041.829336302,0.47155805517828864,3304.079743742609,52995.75177883648,0.031173062300647206,4066990.330194453,ok
3403,4066941.0525653097,0.46475465607192445,6700.274966991362,1122772.6885615066,0.0029838074239121977,4066931.0564002153,ok
3404,4066941.0525653097,0.4644445591904753,6429.91115740406,980390.2143739815,0.0032792611876026408,4066930.5098862606,ok
3405,4066941.0525653097,0.46992892552741133,6518.008123335805,1071365.784869299,0.003041915382863831,4066931.1389507214,ok
3406,4066941.0525653097,0.4786175015845238,6286.241595511605,1028082.918003841,0.0030572639061629265,4066931.443215542,ok
3407,4066941.0525653097,0.4820452359855963,6284.909257072553,1100138.8387765961,0.002856416406524496,4066932.076406352,ok
3408,4066941.0525653097,0.4857502569291014,6514.255937953057,1100189.2486614224,0.0029605160866091073,4066931.4097855617,ok
3409,4066941.0525653097,0.4690893939069348,6274.751227117835,988081.6504314645,0.0031752189833592426,4066931.0907107033,ok
3410,4066916.6830415605,0.6220178813257172,2151.1137901063335,20490.7155491938,0.052489962708768566,4066860.227100248,ok
3411,4066889.1704532653,0.5644558695911261,1955.4837533397367,3118.33620471199,0.3135460105913027,4066582.6033884473,ok
3412,4066661.2294554412,0.1865569920808877,24315.748529026423,1639061.435800951,0.00741758301364225,4066571.047413815,ok
3413,4066591.1858651326,0.2802040837989406,13283.040601872335,399745.6777426666,0.016614364258896622,4066480.84122762,ok
3414,4066438.8757797484,0.3562232341230053,6411.93711971418,234259.41963280409,0.01368554811961187,4066395.000342753,ok
3415,4066420.2485317173,0.40832702998174614,5634.294389099331,172799.2104811666,0.016303009641682978,4066374.3205538425,ok
3416,4066362.6760252123,0.3679899699931,6511.719510720122,234948.63717959158,0.013857751185299813,4066317.5571308285,ok
3417,4066301.955362642,0.45926912028334377,3341.450892566232,39486.203566747725,0.042311625210028396,4066231.26425373,ok
3418,4066224.1508966093,0.48799233988435126,4206.768064991887,148316.36891861417,0.014181738993692166,4066194.321253257,ok
3419,4066209.404866051,0.48612586752901205,4567.379542828056,226481.32722401776,0.010083346823357228,4066186.377630049,ok
3420,4066171.5596237904,0.4757914455998643,4707.221618320858,162131.95734270386,0.014516637236331648,4066137.393109478,ok
3421,4065872.866683355,0.5857735770679072,2814.6086144040746,34423.433449711236,0.04088215980134435,4065815.3330437792,ok
3422,4065849.3203688925,0.35779601434230124,4609.244838394486,79520.3381430336,0.028981547023252188,4065782.5288458797,ok
3423,4065849.568790382,0.19204445259173283,15738.597484833199,1322184.1288026534,0.005951741948031775,4065802.7327549546,ok
3424,4065868.8147924547,0.3485316824002485,4507.1960951852125,78391.68119018368,0.02874792341964475,4065804.028528364,ok
3425,4065786.2187180966,0.4266705313024506,4806.7502804166415,283260.96034558234,0.008484667768110965,4065765.8268785095,ok
3426,4065763.987403921,0.5538421064643164,2329.1656682753783,5438.944925176513,0.21411925477437968,4065514.6277953526,ok
3427,4065740.7874161564,0.08012649832090774,20806.47976008583,642802.9825860256,0.01618418109727837,4065572.4194979393,ok
3428,4065542.2786635794,0.42251811586577814,4503.884501496199,64437.16576244667,0.03494787866757027,4065463.578059034,ok
3429,4065430.249598571,0.46448645010090467,5560.176022714266,207224.55524369905,0.013415823274841678,4065392.9524291223,ok
3430,4065407.2473644447,0.4749227737484304,3473.1123902139507,29341.457082510355,0.05918438849930494,4065304.4703479423,ok
3431,4065370.3906320976,0.3611381569274773,4318.257214102565,103192.83606195397,0.020923241277669744,4065325.214663303,ok
3432,4065236.945795213,0.5440821088325204,2291.708063106482,4101.163905369718,0.2793972779417463,4064916.7972978787,ok
3433,4064813.515177016,0.21643199532899832,16300.882858773879,1038374.5234009234,0.007849230933259328,4064749.540480029,ok
3434,4064754.0267091473,0.4148544895173027,6868.400433338325,441903.1551299274,0.007771386505849786,4064727.338211925,ok
3435,4064720.993915616,0.4906101813291397,2866.3052984008827,23307.534963760292,0.061488812584804785,4064632.8710609637,ok
3436,4064578.226068611,0.39519905640265496,2762.5959721602103,18694.20405118296,0.0738891039328683,4064476.1631981554,ok
3437,4064332.9347188235,0.4250411292664339,3357.321202021254,60483.086558531075,0.027754215211654963,4064286.344811236,ok
3438,4064314.111509495,0.5386333890292507,2517.2710363322667,16588.77807185243,0.07587270820759039,4064218.6154240854,ok
3439,4064134.688303401,0.2530723711871014,6388.770523390483,158213.57909109726,0.020190335621293017,4064070.192592864,ok
3440,4064060.2341243653,0.4384444288091625,2568.920779027533,8139.686312932021,0.15780219779146346,4063857.543451924,ok
3441,4063598.6220333623,0.5384847070432506,2555.9035412582357,9694.787615539108,0.13181843907346427,4063430.1644257465,ok
3442,4063460.2700721594,0.3782191013034898,4479.455013720603,92980.99433964511,0.024088014144900683,4063406.3194842935,ok
3443,4063385.541443906,0.5396765148057253,2446.705801938947,6051.600753831659,0.20215360377085184,4063138.2362462915,ok
3444,4063225.4347011154,0.250273318076498,18792.771281731973,2653907.4024346066,0.003540585339279756,4063192.165995873,ok
3445,4063201.0634024483,0.3371083583241359,7916.412575764034,161345.83804617697,0.0245324350216532,4063103.958963888,ok
3446,4063132.4130409947,0.38741766875483424,5262.47174147461,104592.30492492918,0.025157069371650877,4063066.2188576614,ok
3447,4063068.169060292,0.4970693289734333,3262.3623251495746,25716.621441674237,0.06342906148361424,4062964.70477004,ok
3448,4062952.971150401,0.47458627718103746,3089.902265707021,33641.63906804737,0.045923777070686664,4062882.0211589905,ok
3449,4062798.7800653195,0.4772164782099181,2379.843753594965,20189.654803343907,0.05893720761389155,4062728.649392622,ok
3450,4062723.6133019887,0.45670610175000925,2191.6000776978763,4935.687944836969,0.22201566450229332,4062480.3285282017,ok
3451,4062581.026614838,0.26012779225789906,6076.38870063642,92115.40340797136,0.03298247891139665,4062480.8194337497,ok
3452,4062500.8889772543,0.34745334181496224,3473.439093978881,16179.406453584976,0.10734136335419303,4062314.467133316,ok
3453,4062206.614818117,0.38920968560816016,5462.616873936924,237851.85111947265,0.011483233887452614,4062175.2505645165,ok
3454,4062170.017316974,0.5926403760184344,1593.4024003858167,2476.4907830942702,0.3217056997068505,4061913.7139999084,ok
3455,4061770.135918323,0.3097635520367502,6757.112672927929,86920.79981525724,0.03886936548725735,4061638.8135772618,ok
3456,4061556.4296433693,0.5383659466829546,3494.4224402600867,25552.2504033692,0.06837797816428977,4061436.958872711,ok
3457,4061468.044175321,0.28503702153239463,6942.981544170355,208770.32343371373,0.016628277022272295,4061410.319265082,ok
3458,4061356.4884242574,0.5321387923623915,2529.944880828193,11167.408564069046,0.11327358833132735,4061213.200456791,ok
3459,4061219.0101458393,0.5988420997404088,2179.027306258279,6202.537657116283,0.17565611260402764,4061027.6304129013,ok
3460,4060986.7008011374,0.16462491481179078,26508.756408172954,3146180.1845155545,0.004212847779450169,4060930.862123352,ok
3461,4060902.316304927,0.48604956827250706,7113.6606202897365,835489.9919857932,0.004257178834292188,4060887.1742422134,ok
3462,4060888.915360911,0.5218966774036944,3580.4101719931587,42281.14935363859,0.04234050193440448,4060813.1171790045,ok
3463,4060795.4398902855,0.5075586549309513,3709.140527855561,84721.5235172794,0.021890190201189322,4060754.842994467,ok
3464,4060812.3688443154,0.2760388372973544,10193.426529092423,895562.9409395241,0.005691072097288117,4060783.3630816676,ok
3465,4060798.204761439,0.42196687532324745,5950.060040230896,444923.1548401866,0.006686615402572291,4060778.311879883,ok
3466,4060797.9099648735,0.5408698321196017,2110.1182128329683,9083.739805936868,0.11614809857575711,4060675.366855778,ok
3467,4060755.423582323,0.09821426450801125,34227.0454497128,1846260.5036295399,0.00926928929650672,4060596.7933893036,ok
3468,4060574.761174391,0.5061148527259305,3944.998506036707,147485.04244601453,0.013374232534396617,4060548.380510707,ok
3469,4060555.503947133,0.5506078126235616,2343.1022440991437,12735.35314114571,0.09199204050844056,4060447.730568856,ok
3470,4060451.5096043115,0.32662067905743647,5070.878313148836,145882.0207685618,0.017380066050749526,4060407.4435043023,ok
3471,4060424.5458143433,0.5444136759502346,2574.627505068195,10402.31430426464,0.12375262993220049,4060265.2373519195,ok
3472,4060283.149008398,0.3260136703533063,5016.325161891609,133729.13058558124,0.018755543911509107,4060236.1070549735,ok
3473,4060215.9146750476,0.48848110491414654,2741.11342363995,19680.94943348233,0.06963874971846162,4060120.4708192185,ok
3474,4060004.780942607,0.5043413066427712,3285.654546586973,47283.552500510275,0.03474415915081164,4059947.702290367,ok
3475,4059895.535793584,0.5150125850544436,3391.3539056433237,46783.321731551485,0.036245330388288095,4059834.075422197,ok
3476,4059870.924387458,0.5115211350100521,2704.385884674952,12322.570597103668,0.10973302458947157,4059722.544166066,ok
3477,4059754.148162661,0.2144456410372168,8750.06724271047,483041.1832522038,0.00905726835111481,4059714.5223091072,ok
3478,4059684.86374297,0.3774811370916924,5278.221442168187,158839.6105590018,0.01661494076821463,4059641.0150746587,ok
3479,4059634.7641363405,0.672746475362811,2439.2162120820494,24908.794787550112,0.04896295129664836,4059575.048524043,ok
3480,4059594.8800511966,0.5205411944087809,5227.116659566607,244889.4700329018,0.01067239979502656,4059566.9871118134,ok
3481,4059582.8751857756,0.5784782864321053,3923.0749418889436,227583.6071461524,0.008618975222080858,4059565.9687429164,ok
3482,4059544.75382689,0.5235355552062912,2112.5015424394933,6704.982126357896,0.15753222772474346,4059378.3602898642,ok
3483,4059714.5312885027,0.12800662668120222,21004.630406730448,491315.897163281,0.021375891282986406,4059490.0349404956,ok
3484,4059374.3408622183,0.26861694267278763,9921.568587705195,438868.9877510998,0.011303565374425721,4059318.2663126444,ok
3485,4059286.885432592,0.39048885714789316,4885.530858222914,87004.60971353417,0.028076275925544066,4059218.301676383,ok
3486,4059235.9000015054,0.47001795173839367,4649.911678571085,109035.56809173904,0.021322912146698764,4059186.3251723996,ok
3487,4059236.810060444,0.3125796882686498,8663.079690646016,400137.1777247998,0.010825137194080197,4059189.920547357,ok
3488,4059191.126847778,0.5388258081575178,2704.1429977889998,15946.973608574031,0.08478546036895343,4059076.490843293,ok
3489,4059097.3890906377,0.1845187231820486,16710.70437194665,1363856.7610362382,0.006126268113100859,4059046.201962967,ok
3490,4059066.06084339,0.5399129909717132,3328.5596059147742,84582.37674129185,0.019676436949127615,4059033.313746781,ok
3491,4059043.378438345,0.4589473810884846,3356.237492611249,52595.88740893241,0.03190589281740359,4058989.8365614903,ok
3492,4058970.0407362385,0.6072414912762675,2750.1190409186347,83102.25514550174,0.016546596937131956,4058947.288180589,ok
3493,4058971.3646166427,0.33334556073291743,5014.286762166079,190810.10235331324,0.013139468771106737,4058938.4220844824,ok
3494,4058938.806459059,0.38292084016380457,6495.6182182808,510494.8734248524,0.006362079774378958,4058918.143638415,ok
3495,4058902.185297321,0.5413589323350079,2132.437248419753,10005.015408022748,0.10656841401312635,4058788.5600695475,ok
3496,4058811.0024604155,0.1286374309717557,24260.078688967347,1459552.5907986774,0.008310792924457782,4058710.1922152583,ok
3497,4058856.116181644,0.18121490462012307,11703.253921753156,421096.0064310138,0.013896182513037493,4058774.8009053976,ok
3498,4058777.3152484745,0.4289933917467094,3373.850637453068,43718.26473156399,0.03858628262316635,4058712.223071362,ok
3499,4058710.755562136,0.47139153727127103,1942.4930652845578,1895.663682321869,0.5123517118039975,4058213.135738553,ok
3500,4058150.487668919,0.28142327014829444,9431.364846945584,260907.7145236738,0.018074139479095044,4058065.2557670576,ok
3501,4058121.1287076795,0.2975172102623158,8864.12737360166,291192.975779207,0.01522036606460377,4058053.671075945,ok
3502,4058028.39672696,0.4392547781940218,4667.819213808736,55894.6160009281,0.04175553521766058,4057930.943082174,ok
3503,4057872.961496587,0.5561246429215415,2432.268381027522,12044.947369840193,0.10096633494297254,4057750.172884572,ok
3504,4057784.444415229,0.2586806451708811,17711.963563164805,3920225.158841447,0.0022590492695576778,4057764.4383160537,ok
3505,4057759.503941066,0.5158606244656224,4770.161243041754,385956.00583433715,0.006179669665626653,4057744.7649306995,ok
3506,4057748.189483612,0.6358217227790585,1890.5748477355712,8345.346968093134,0.11327119501225227,4057641.1156474804,ok
3507,4057735.620686275,0.17687891856354618,9563.022468487172,493274.30401013436,0.009693412357732198,4057689.2715261886,ok
3508,4057696.174783659,0.55322717449638,3718.3425386747017,145869.8950782777,0.012745407599968927,4057672.4788880334,ok
3509,4057902.620490263,0.12204723862285019,5515.192288894675,53528.0759671379,0.051516817943172255,4057760.557911729,ok
3510,4057695.595701708,0.49963553701175206,2782.4972343661802,17243.82933386017,0.08068095492288475,4057583.348434739,ok
3511,4057500.424921774,0.19979241208389534,14762.512098964336,1341261.2966865683,0.005503220041998313,4057459.804245547,ok
3512,4057435.944680575,0.5150543223324427,3035.181378275806,58826.40104317567,0.02579778232606932,4057396.794206316,ok
3513,4057394.995585366,0.49687668348187936,1789.8259483580373,2648.477581452581,0.33789713020270146,4057092.6070596096,ok
3514,4057072.3488829723,0.11183739650468358,47638.87318706188,6807315.571817465,0.0034990939294990637,4056989.002436984,ok
3515,4056955.3814154207,0.48302255406135497,4100.680475052089,228909.63777397128,0.008956985199332588,4056937.0165482596,ok
3516,4056983.5940696625,0.19401269234051535,7380.126280446702,412335.7830131375,0.00894917029334265,4056950.5710662277,ok
3517,4056951.484309282,0.6014708121684121,2466.2634596458274,23159.542961123883,0.05324508052222255,4056885.8261110336,ok
3518,4056889.7788535035,0.13377514631308468,9186.80467748617,333584.4060952814,0.013769835324469801,4056826.5284597203,ok
3519,4056836.3623148175,0.23495653798414326,4576.045906337083,152527.43081666846,0.015000730956510035,4056802.040298075,ok
3520,4056801.0605189325,0.3314193653360673,9054.171589909543,1361559.110457072,0.003324927842049428,4056786.008285329,ok
3521,4056788.3645942714,0.444182412676186,3118.3437274036664,95381.34208410431,0.016346717603606415,4056762.87725212,ok
3522,4056767.3626019703,0.44540248457061565,2751.5883335925023,40481.37228840001,0.033985857914962204,4056720.6050568973,ok
3523,4056630.023920585,0.37919347460288183,7894.801927989083,1254918.639730092,0.0031455433356568432,4056617.6071997895,ok
3524,4056630.023920585,0.36861859590031615,7605.067768202482,1163392.1272132213,0.003268488581927914,4056617.5953820026,ok
3525,4056616.014553789,0.3805580015079443,7376.271307488027,1215987.4356689728,0.003033037633086228,4056604.828299555,ok
3526,4056616.014553789,0.38560497286554984,7280.839316534664,1230315.509621519,0.002958931777904053,4056605.2428003773,ok
3527,4056603.035758552,0.6014271573972794,1514.5421986833012,2481.4540076956937,0.30517232920422377,4056371.9375733268,ok
3528,4056540.8924814947,0.07405654579527186,74091.50105475054,7672374.506021057,0.004828459624631571,4056362.018570809,ok
3529,4056445.2913627904,0.1483910500565556,14890.8364450152,1088359.324238197,0.006840955975379787,4056394.357584512,ok
3530,4056396.571327076,0.4827049335559824,4229.480801504706,84900.26972864043,0.02490852393651421,4056343.8962651845,ok
3531,4056350.1516260565,0.5484474354827346,3350.57516173952,68200.6203307534,0.024564110601122055,4056308.9996766313,ok
3532,4056212.094846705,0.40720164878724363,4058.2517074317284,113245.01633152393,0.017918014579781715,4056175.736940074,ok
3533,4056143.320433923,0.5172864343886593,2133.7772612240306,2815.1710449592642,0.37897826227018944,4055738.992834658,ok
3534,4055774.32118004,0.23061447014698544,16553.99659927642,459351.4726955049,0.018018878335293528,4055625.1789546977,ok
3535,4055554.3513591513,0.37351788067054553,5174.642387109976,81039.29356095534,0.03192674910978687,4055471.7466045385,ok
3536,4055445.5405419925,0.4495266409919559,3570.955548224586,29885.638945374547,0.05974367077698483,4055338.8695456763,ok
3537,4055315.914311555,0.4723397676818906,3347.4279170607388,31819.21763261836,0.05260072632378679,4055227.8757416783,ok
3538,4055135.604551562,0.5506582793466157,2698.9785658526193,13402.491383713497,0.10068943484389689,4054999.7252383363,ok
3539,4055084.897904493,0.3678499803526892,3906.8643286211864,54512.13678416375,0.03583481183364807,4055014.897030455,ok
3540,4055033.518709113,0.5281703615380865,2331.5961819675617,7441.12060818375,0.15666969430674665,4054850.873478575,ok
3541,4054885.222518199,0.23154481908975622,15411.764172234307,901605.1574457447,0.008546847832978224,4054819.36151659,ok
3542,4054796.96357679,0.40800609463526333,5003.693909680803,171479.18014035982,0.014589800072478652,4054760.462129907,ok
3543,4054760.4137563095,0.488531075192759,3590.282538182194,40525.60031869369,0.04429647568386624,4054680.895324734,ok
3544,4054691.8969329973,0.5241918547594295,5413.834949943372,274199.56766781164,0.009872070543346271,4054665.1740527293,ok
3545,4054608.660997073,0.5742784650267871,3204.761238631437,36721.58725558779,0.04363593022716877,4054538.739628171,ok
3546,4054580.054456556,0.5647999870613776,2494.171254887563,26128.711554855352,0.0477285542697203,4054520.5328625077,ok
3547,4054706.9957801956,0.09184826728557159,59679.37038123442,7415841.349846625,0.004023776100770327,4054586.927568071,ok
3548,4054589.1974751814,0.19929890323735586,9480.011839255138,671291.8752140104,0.007061020838538284,4054555.728194608,ok
3549,4054547.1909682015,0.43850885678282764,3616.497836041932,101867.60656651756,0.017750970882389534,4054515.09279431,ok
3550,4054522.168475774,0.4000715995919567,3949.834053321739,113458.78703751486,0.01740647047467437,4054487.7921408596,ok
3551,4054504.091190258,0.523812529795577,2945.0203933129583,21137.62946648122,0.06966297706142958,4054401.5117462054,ok
3552,4054409.2395888963,0.4921004788657874,2109.7914772473664,9588.184881381887,0.11002037942260115,4054293.1795594813,ok
3553,4054213.008102803,0.5806828091385863,3559.0074658937588,55769.966079428086,0.03190792209578349,4054156.227836323,ok
3554,4054160.4640740124,0.46262674204081855,3571.3656867260024,101590.98251547347,0.017577178595462657,4054129.0768077597,ok
3555,4054109.620555996,0.5674298351973364,3200.3738977748726,56697.559231126506,0.02822320697023844,4054064.4581485465,ok
3556,4054033.2070046035,0.5055356524687249,3210.173948250538,86481.62318082157,0.018559861795947628,4054003.416812193,ok
3557,4054001.1896060985,0.515020252576588,1962.249140084491,6633.914460531246,0.1478952699615721,4053856.085922946,ok
3558,4053813.811188413,0.340778963306751,4650.23653258655,169715.02143294146,0.01370013241410093,4053781.956760286,ok
3559,4053790.1623038473,0.3851386309908444,5185.639710190995,224363.72190254126,0.01155632395963623,4053760.198837633,ok
3560,4053750.193760842,0.4811123041139644,2831.44620658829,37762.45507107264,0.03749022939927013,4053697.1179769337,ok
3561,4053651.577871061,0.5312807607445956,1570.331573968001,1718.5350363707053,0.45688087258445187,4053292.8506411803,ok
3562,4053118.1410176232,0.2294893868129297,17977.425855121943,3362717.943583388,0.0026730499192514482,4053094.113739258,ok
3563,4053118.1410176232,0.2296342479660374,18302.450990748293,3629267.5289301146,0.0025215075555677954,4053095.066133394,ok
3564,4053102.342141607,0.5192094531695296,3364.322491629978,25464.420234296587,0.06605927919573763,4052991.2197822174,ok
3565,4053025.639537532,0.32448369972414876,6950.212469328324,188281.68593621664,0.01845695303494047,4052961.499664967,ok
3566,4052921.275519104,0.3573625334667069,6197.841731689379,199827.80148514584,0.015507956564667741,4052873.2175889197,ok
3567,4052804.9154924895,0.5460057210501231,3284.9640912644004,43695.41939060275,0.037589341595504554,4052743.1756738117,ok
3568,4052739.880091947,0.5611894460070417,4664.6998213768275,503889.03990471433,0.0046286974432495345,4052729.0843498786,ok
3569,4052702.6640098216,0.49733594698785993,5173.861890638671,706543.1293419364,0.0036613914110646914,4052693.1922430773,ok
3570,4052692.9691289486,0.4870516497595365,5892.393161683956,882199.4042509294,0.0033396039111402227,4052683.129999324,ok
3571,4052688.720652218,0.4825431326745296,5202.382042016828,704880.2269982601,0.003690259595003272,4052679.1215820946,ok
3572,4052666.7867975943,0.5515644911860957,1878.6607177322473,4580.224019027093,0.20508393366000716,4052474.145232592,ok
3573,4052396.1551956697,0.5084201010650989,2758.8527361258584,26591.147968936213,0.05187539739444027,4052324.59690465,ok
3574,4052442.2853583572,0.3104298114895495,6170.522126092108,181205.40402729923,0.017026319273465203,4052389.7547184555,ok
3575,4052324.0969786714,0.5902376156999789,2096.379399999883,7954.588999688584,0.1317716980777985,4052185.9752419945,ok
3576,4052097.2608204107,0.370147760010348,5413.0639827713585,120066.61723539494,0.022541919258701405,4052036.2503947895,ok
3577,4052015.4448303976,0.5647897317022461,2971.9369143921435,34852.03682072479,0.042636488215588006,4051952.0883537834,ok
3578,4051932.02775935,0.37805793276743144,8600.225679583953,1420087.1809711098,0.00302806257067358,4051919.0067486097,ok
3579,4051944.9986755243,0.37031129118144746,8882.927828234151,1439825.3710001428,0.003084724025269753,4051931.297985081,ok
3580,4051917.571380402,0.5885601788583698,2595.496728253511,17087.84341323433,0.0759457078780149,4051819.0129622407,ok
3581,4051733.7429476306,0.617727591030523,1777.9164381670514,3442.6447672652594,0.2582195605937261,4051504.1965469127,ok
3582,4051411.2179252035,0.5380728035706724,3341.942325536426,51043.78786402799,0.032736033760256925,4051356.5169568066,ok
3583,4051308.149739869,0.5213494789642656,1861.6612471323942,2602.190649630293,0.35771038670761696,4050975.181957554,ok
3584,4051061.094714561,0.16188464582982104,18830.043637659262,543533.7005540634,0.017321873159350035,4050898.008900823,ok
3585,4050797.0828538905,0.3708596763374005,7278.254535160644,221616.95223109095,0.01642079827803797,4050737.3254791214,ok
3586,4050791.2976893955,0.4350352069106387,5943.0544868957595,155996.0186608317,0.019048737711111766,4050734.6938463333,ok
3587,4050834.651856041,0.16864412815579094,25200.045037125346,4109007.877630189,0.0030664391244315534,4050796.0146540217,ok
3588,4050834.651856041,0.16972422976286378,26033.443165808218,4473119.360045394,0.002909987535582331,4050796.7733584805,ok
3589,4050818.8512306456,0.224243984389169,8719.116642976327,664390.966355912,0.006561736300238559,4050790.2449585544,ok
3590,4050775.9199677333,0.4862737920100913,4654.354158259004,172612.36962517293,0.013482099134511379,4050744.5447356487,ok
3591,4050646.462180099,0.5355672962374147,3047.9125496493416,27017.074806477023,0.056407153096356695,4050560.5001451927,ok
3592,4050534.7626977386,0.5308365424950927,2871.409374899389,20023.96297269405,0.07169932792062754,4050431.823636556,ok
3593,4050419.577739946,0.39262374993588395,6052.329122754165,133880.67233666385,0.022603446102864792,4050351.1759923846,ok
3594,4050292.5240116,0.46202181868523295,3832.69958306423,58612.575423971815,0.032695198558846325,4050229.8685746575,ok
3595,4050384.127561183,0.2118387899360334,9223.757237181284,260652.80017098907,0.017693570203601246,4050302.5269630747,ok
3596,4050307.038623498,0.4121008542700426,3485.484462396755,45839.91894734985,0.03801800420284406,4050240.7830420276,ok
3597,4050372.209394847,0.34618924819198754,5839.927240799458,138018.30255897448,0.021156350761175634,4050310.4336202843,ok
3598,4050273.119696471,0.5238480200701278,2982.9495845198194,13174.362249195367,0.11321039789618678,4050104.269241787,ok
3599,4050114.879494728,0.5689901922545055,2736.1809832609333,31169.729961287216,0.043891637602559735,4050054.831762662,ok
3600,4050009.854778735,0.5543496093112986,2309.6202814029307,8431.821136563878,0.13695856707559045,4049851.6936366204,ok
3601,4049906.025195649,0.18461696762770635,27023.228004569457,4937441.155422165,0.002736562032227288,4049869.0498257764,ok
3602,4049993.190894982,0.15175138080157624,17670.601707292626,1041916.3711290947,0.008479856059917508,4049918.268815497,ok
3603,4049993.190894982,0.20644033143591903,12953.392806553533,497425.6363758833,0.013020431456778805,4049908.8615133967,ok
3604,4049924.9760147748,0.31193605121940304,9126.020352207392,397632.8170120277,0.011475436585923622,4049872.613480858,ok
3605,4049812.2593657747,0.33918842645855274,8343.153846177805,543851.4078754844,0.007670435090689314,4049780.2615557606,ok
3606,4049777.509666672,0.35640207829709086,8883.720135052252,846628.6273906019,0.005246527135771919,4049754.2053272943,ok
3607,4049767.718582352,0.5223788859048405,3422.025825047158,73415.16625049988,0.023305987031146017,4049727.841737603,ok
3608,4049745.731475466,0.21995390938181736,7109.006099626549,355731.91664223466,0.009992083598695183,4049710.2145838407,ok
3609,4049754.660689685,0.30063628751463206,11449.817802198875,2076756.6482646265,0.002756658516482068,4049738.879070807,ok
3610,4049754.660689685,0.3053346950428397,10448.087920142669,1747055.41910139,0.0029901993393880756,4049739.0397568867,ok
3611,4049728.418482482,0.5728968225342359,3534.761903346396,162317.35577339414,0.010888428678819657,4049709.1744810413,ok
3612,4049685.971939719,0.5373164842772383,3421.1361614040525,115836.1364763642,0.014767136860189215,4049660.7117467625,ok
3613,4049686.718163809,0.2343999417134874,5675.968911079428,273417.18010049814,0.010379685923527464,4049657.2607765044,ok
3614,4049653.538926741,0.5582261518447992,1792.2185915785744,3679.876280723807,0.24351614767141805,4049435.321843138,ok
3615,4049392.1283573452,0.4281595710794481,4569.0743495152055,52050.075260254736,0.04389114066280837,4049291.857414859,ok
3616,4049353.9964567227,0.4659520231407576,3692.2654793386923,63422.62168316955,0.029108426783297954,4049300.2584370375,ok
3617,4049315.7150180195,0.5904293760331766,2510.344380933331,35011.86216722027,0.0358499123660385,4049270.717204987,ok
3618,4049267.03180968,0.5496521050375591,4414.9277344180355,272083.8571557229,0.008113174703876718,4049249.1222696733,ok
3619,4049222.080885599,0.49673767061323926,2562.9378625107533,37352.728682549896,0.034307237421560624,4049178.117226726,ok
3620,4049092.5765114543,0.5210905494383504,1986.488271593621,2399.9271912359613,0.41386427864309094,4048681.5082436763,ok
3621,4048475.2969845217,0.4248906068065899,5109.673125302452,88719.55223199588,0.028796770253872492,4048401.7259429907,ok
3622,4048457.3574152803,0.4493685287181983,4532.235671730692,65951.48793362838,0.034360374676396986,4048379.492757379,ok
3623,4048385.03456489,0.5867773391349523,2796.0130196270984,18801.26160431525,0.07435705854402239,4048281.0829129945,ok
3624,4048240.618345947,0.44254342414002945,5071.396575535751,100696.24848941989,0.025181655978318798,4048176.7652639993,ok
3625,4048202.4161546063,0.6026260781536242,3383.789371494986,42626.30302607395,0.039691330601966196,4048135.262603291,ok
3626,4048141.6704863654,0.5988685165297913,2132.0595018136337,4966.872332862534,0.21462797500422906,4047912.870679634,ok
3627,4047948.4993240545,0.5585086624445909,2434.436739597729,18852.642459666607,0.06456486789069407,4047869.9097808143,ok
3628,4047963.16987414,0.2772165093429412,3426.021515064146,33738.477702085096,0.05077320834265756,4047876.1948220544,ok
3629,4048736.268443152,0.05930350644723467,62816.25112261671,1945651.791016713,0.01614272692900297,4048229.2556488635,ok
3630,4048398.8604564816,0.10840275699909586,28485.629241866613,1342557.9423343744,0.010608715029586428,4048247.762494949,ok
3631,4048225.007926301,0.45793720585851305,3199.706126888036,32795.43874337668,0.04878279189867896,4048146.9626272386,ok
3632,4048107.876055387,0.5252812436380592,2575.8999675872824,12340.332785253708,0.10436914516055022,4047973.4538165685,ok
3633,4048042.5653321967,0.23060966989243845,7064.354461981626,103707.00975913875,0.034059194640693555,4047922.262220381,ok
3634,4047808.156261665,0.6312861251816277,2211.991076263111,9379.889129284682,0.11791136578347805,4047677.746817213,ok
3635,4047528.1364698154,0.41177750158721854,4541.874365852991,104012.92998587899,0.02183321999711769,4047478.554598701,ok
3636,4047580.5589410756,0.2727458846066909,6163.752588405867,134694.44595031737,0.022880500175483827,4047510.044069985,ok
3637,4047394.4617314977,0.5493528133294169,2362.6125449174733,16191.68526546056,0.07295758613704349,4047308.2764773704,ok
3638,4047261.7887529274,0.5322123506084235,1978.6732509342862,7043.207768368403,0.14046676713277312,4047122.819835542,ok
3639,4047211.57430288,0.4641359041454834,2671.2769912399945,26973.91036683766,0.04951593882591312,4047145.4389088377,ok
3640,4047012.639869267,0.5427135100060749,2244.575052816178,18052.989866271506,0.06216629681407314,4046942.8714097897,ok
3641,4047069.359371103,0.242593348513139,7417.5064741660835,154115.44284011915,0.024064773579702443,4046980.1090641893,ok
3642,4046932.445115927,0.45131815626546495,2760.09429806103,39564.40980206583,0.03488102453529982,4046884.3076574616,ok
3643,4046851.1866959296,0.520887999468438,1956.175544359008,3450.212988144253,0.28348620086366977,4046573.912309283,ok
3644,4046517.793146207,0.26029543705782393,10026.543202973524,626095.9863899613,0.008007193322533562,4046477.650911316,ok
3645,4046517.793146207,0.26883364608307336,9685.655015668606,635998.6859140213,0.007614524393040947,4046480.917318017,ok
3646,4046474.568945608,0.45844077408113676,4919.823471112215,226401.7947768564,0.010865248387189766,4046447.8413935904,ok
3647,4046466.256850845,0.43750228886878456,5070.787984401653,254713.37837707932,0.009953909796003777,4046441.0197677496,ok
3648,4046457.081513853,0.41352900983910224,5244.311604422463,262381.7680067034,0.00999366618394095,4046430.876564083,ok
3649,4046444.2671925137,0.5564449284693604,2950.600363284432,62403.636110012456,0.02364125351672431,4046409.389246906,ok
3650,4046402.2477785964,0.5579787214479593,2353.586147377482,24913.76329378383,0.047234657398481414,4046346.6623609317,ok
3651,4046336.715664748,0.5043175172467446,2266.551626528594,5434.727115693094,0.20852487882821139,4046100.3994631083,ok
3652,4046119.613670833,0.32083868926240283,8403.162492144284,472619.0718456766,0.008889995127924242,4046082.2616340257,ok
3653,4046060.685670635,0.5519761387655693,2532.2891054471693,22003.343977151242,0.057543278605214604,4045987.8275618833,ok
3654,4045989.167688014,0.3063821231485493,3613.977058899161,44620.29313419649,0.040497011617898246,4045915.990052543,ok
3655,4045956.4683753382,0.39045295523714246,3607.879494036618,105705.38879251502,0.01706573115736977,4045925.6828245916,ok
3656,4045914.502534964,0.4827279225445514,1885.5755976398916,4084.65384976924,0.23081216511729827,4045696.8956418727,ok
3657,4045590.5140942563,0.5111030525236578,4264.998521051006,102113.95709980441,0.0208835238697217,4045545.9799950467,ok
3658,4045545.115900905,0.5263533420425947,2228.83115885211,10437.153035852156,0.10677390430110399,4045426.1253984757,ok
3659,4045464.43804782,0.33284159474561154,3534.6453508453105,56846.277901099944,0.031089505604877228,4045409.492859597,ok
3660,4045409.978224261,0.561959020781382,2014.2179134634614,8429.456430839815,0.11947495843826242,4045289.653923513,ok
3661,4045416.852315841,0.35455449642214304,7585.208213945166,298922.8020052206,0.012687570441368826,4045368.7333840774,ok
3662,4045384.9205008424,0.4539623887289607,5551.844452091816,300641.3606348369,0.00923333442938206,4045359.289482579,ok
3663,4045384.9205008424,0.4532841545335062,5484.426099918168,394555.845217894,0.006950126536446806,4045365.861773155,ok
3664,4045376.953823218,0.43866171571101775,2710.9508076470092,19805.770732604156,0.06843840727652815,4045284.187245478,ok
3665,4045312.845146476,0.5143864339549711,1920.759841089654,3600.699504597269,0.2667203745601769,4045056.6922543477,ok
3666,4045135.4504849487,0.19903819989572435,7964.982795925327,206080.0251400089,0.019324975311202506,4045058.4889370063,ok
3667,4045089.583016606,0.30369683452283197,5439.583097922264,155126.28874856915,0.017532757154845674,4045041.8975718664,ok
3668,4045051.6674367967,0.43307925651439455,3060.4427248933434,27446.8800379524,0.055752105898038154,4044966.35437335,ok
3669,4045018.2733148653,0.5338214985522833,2612.4664646305237,14933.239372442928,0.0874715257511857,4044904.0151010477,ok
3670,4044845.6934960093,0.41237152893463047,4566.716632404536,154759.47291256898,0.014754239422178997,4044812.0042807255,ok
3671,4044818.7585412827,0.5098560780742849,2867.958147591595,19396.188023539606,0.07393097406848663,4044712.743071563,ok
3672,4044631.0365560832,0.4326485619241726,2650.544568722844,21734.148473165085,0.060976499079212654,4044550.226091856,ok
3673,4044509.518408079,0.5209798577457512,2090.3072985363024,12443.475526505074,0.08399210068295906,4044421.7337575406,ok
3674,4044627.9319695206,0.18453780590300933,6374.866338368318,78222.16787741284,0.04074846371145578,4044498.048964693,ok
3675,4044505.3097503004,0.3719050517181679,3777.690171094617,56168.768647051125,0.033628030862066505,4044441.7916094703,ok
3676,4044419.719600089,0.5707662495095623,2588.2089001759605,13216.713163942235,0.0979142419174647,4044293.008343897,ok
3677,4044202.036618307,0.4679905942296002,2348.762675113503,10699.68067902747,0.10975854072530089,4044073.138236441,ok
3678,4044001.698412715,0.5786197121278753,3216.6570024273556,39211.72126385734,0.041016523870277634,4043935.7303683534,ok
3679,4043977.586455093,0.48143335185826885,3114.286498525378,50153.633835189336,0.031047466159274572,4043929.241102757,ok
3680,4043930.033641644,0.4534337979923032,1578.8489615170151,553.7610602796417,1.0000000000000193,4042904.9457404064,ok
3681,4042927.7855832195,0.17144176560658772,35156.66670258499,4690630.241713761,0.0037475418963891943,4042861.910042517,ok
3682,4042847.7778238133,0.2845194491723619,15169.385917483807,472042.10938167834,0.016067831254878918,4042725.908257232,ok
3683,4042700.9218822895,0.3622987535842685,7242.2882945496285,127818.55104511627,0.02833034890214531,4042598.333605172,ok
3684,4042614.2165914616,0.4353088595392128,4337.146970786356,46572.575657611844,0.04656331445647124,4042513.2406223393,ok
3685,4042614.5285924394,0.38773661908409185,5313.7967697526565,106156.41997370137,0.025028146065348984,4042548.031351582,ok
3686,4042523.7223283728,0.5617468747915443,3033.0965043812766,19600.371041960934,0.07737344609160593,4042406.3817639365,ok
3687,4042380.213987268,0.5347114432865162,3304.7794203706753,107223.35491208859,0.015410725690686664,4042354.74946271,ok
3688,4042351.325574227,0.6650467309929287,2145.019983203285,10688.18144930841,0.1003454139217519,4042243.704115185,ok
3689,4042197.461503335,0.48782830756470236,6030.590280360269,313286.00539490196,0.009624736146063427,4042168.440083208,ok
3690,4042179.0516099916,0.4551770436099321,3558.827065348,62843.359188096416,0.028315060742504845,4042128.667407728,ok
3691,4042121.0098871957,0.4991773371822803,3191.5530927094755,50289.529865360106,0.03173178493867614,4042070.3730490166,ok
3692,4042057.8449778548,0.5386546192872953,2091.5731671089516,4572.936980897824,0.2286903554374266,4041818.68367235,ok
3693,4041743.6900458303,0.3772210065804025,5040.074259163076,109085.492082832,0.023101487479819917,4041685.473439633,ok
3694,4041717.864875053,0.42909083296477235,4399.763973090146,111241.45022608092,0.019775739906969528,4041674.360581061,ok
3695,4041670.418963096,0.5523011857444686,3082.323798433835,32802.17361751721,0.04698352972541725,4041598.0097371927,ok
3696,4041635.1531498167,0.5431821431621641,2326.125017301653,9577.357328027458,0.12143877155415371,4041493.9122675257,ok
3697,4041399.200751729,0.5408702264454712,2253.237598324281,8007.895625442856,0.14068849693577715,4041240.698446255,ok
3698,4041115.7751844376,0.5418120869446047,2237.0014546779694,7106.047333147733,0.15740124923197318,4040939.7217726875,ok
3699,4040926.372002339,0.360569352784759,8274.335950405177,587638.5968289516,0.007040327162864738,4040897.244986266,ok
3700,4040862.760027425,0.3225750064617294,4822.5791028719295,64237.284681240904,0.037537227225610446,4040772.2469036262,ok
3701,4040797.2114046128,0.46227325149170984,3630.933420874633,44471.0913624572,0.0408235250095514,4040723.097653955,ok
3702,4040760.872241309,0.2727345851082931,9430.646362053689,791585.3288012877,0.005956809720270265,4040732.78395835,ok
3703,4040711.277783146,0.5246912667653035,1524.5296687257915,1806.6384850984282,0.4219243864504339,4040389.6596605945,ok
3704,4040428.059003412,0.13393192926136852,27379.84346634836,1766195.6267220613,0.007751078943945605,4040321.9473393215,ok
3705,4040428.059003412,0.13363461684574313,27960.931837603355,1823539.1260633697,0.00766666627492798,4040320.8754368443,ok
3706,4040401.7975984984,0.2332815362245612,11287.707071545963,557609.0038742666,0.010121525112685582,4040344.6731932038,ok
3707,4040337.517170571,0.4834467513991671,5140.860501661511,151945.92962833706,0.01691674306194369,4040294.0338624585,ok
3708,4040301.465159051,0.5160851811739784,2898.8469663964665,43225.51691422308,0.03353166339397343,4040252.863578697,ok
3709,4040272.4763902463,0.30650063899426916,10999.716907597613,2063200.9588592614,0.002665692079185376,4040257.8154611294,ok
3710,4040241.323092866,0.5921682816642562,2767.428140502525,32256.640543726324,0.04289702978757298,4040181.965869177,ok
3711,4040385.856621597,0.07561146448707044,19238.70514558391,529528.0934240399,0.0181658965638465,4040211.1124577485,ok
3712,4040151.7855470735,0.4704483256539715,4293.885882364733,100622.45372579928,0.021336618832938452,4040105.977043881,ok
3713,4040146.869831455,0.3829973339486425,5253.375141405497,181324.4115055325,0.014486122132664987,4040108.8193145017,ok
3714,4040087.8510273937,0.6039034983580348,2215.472560919709,15806.8253745223,0.07007961777355509,4040010.221292265,ok
3715,4039988.0976449978,0.35245108163521544,4536.638242220775,124658.60847289773,0.01819624933165805,4039946.822744706,ok
3716,4039891.0776674813,0.5267697104180097,2054.3471970488117,4190.45395458592,0.24512227306549803,4039639.294540178,ok
3717,4039543.8283002567,0.23352510498847576,18915.703713435476,3690559.774158706,0.0025627147195776646,4039519.5905240877,ok
3718,4039543.7089550085,0.31092201113510826,8836.232230539084,577878.3765270003,0.00764540826362468,4039509.930653551,ok
3719,4039557.6428783787,0.2989910434211852,13364.20721583298,2536747.086796541,0.002634122905943609,4039540.0413962053,ok
3720,4039557.6428783787,0.2970345037141169,13315.388728805206,2613652.0426302347,0.0025472764759086556,4039540.6838901406,ok
3721,4039533.826661147,0.5041890286682905,4166.822388516169,87404.40461792395,0.023836455420815725,4039484.1655230923,ok
3722,4039426.867724695,0.5674600748540085,3961.0010313498565,103357.90382759816,0.019161577802297727,4039388.9182099765,ok
3723,4039350.0242039207,0.5970870284704721,1680.3247210290233,3132.684877538995,0.26819242705781965,4039124.699021332,ok
3724,4039296.618023997,0.14045389134322062,20837.28752740613,933332.3881355252,0.01116284390871285,4039180.3163299225,ok
3725,4039189.0820347015,0.2616278350128163,12674.32525349826,1082362.1764384639,0.0058549372517817475,4039151.978345168,ok
3726,4039131.466502896,0.40030549042691926,7289.354154679302,507541.0354504339,0.007181049063560078,4039105.293897983,ok
3727,4039140.9048479334,0.5029636027171868,5581.844262154273,177669.54157049267,0.01570850077287897,4039097.0636454807,ok
3728,4039098.7957152673,0.4661615563496115,4905.650603226213,108195.75239022246,0.022670255046304072,4039043.1895400956,ok
3729,4038982.9251575004,0.15197835601540682,9829.230233469232,462627.94946854276,0.010623255949798153,4038930.7159432205,ok
3730,4039105.290564815,0.08795942697992379,60392.62351961556,7167892.389583265,0.004212718344333761,4038978.082008333,ok
3731,4038937.8200510023,0.5189874894879338,2685.6216143912457,17553.765369082535,0.07649702379870685,4038835.0990207274,ok
3732,4038728.720058919,0.4539499350674033,8818.385177016178,1378739.5657663082,0.0031979880014957316,4038714.6195139247,ok
3733,4038699.7407016787,0.44636441578083974,6572.152251631289,863130.6686651523,0.0038071595010030434,4038687.230085735,ok
3734,4038687.667275228,0.558844810735083,2405.7649308689156,13248.288773740831,0.09079530843399694,4038578.451190769,ok
3735,4038525.306177182,0.5100828621284319,3144.8067022177943,43732.73526296847,0.03595483661504154,4038468.7706716,ok
3736,4038391.718681952,0.5473346239438855,2185.6353692685884,8793.28889237396,0.12427860587885926,4038255.904823626,ok
3737,4038181.752397365,0.5067643737852294,2355.4175477170934,22231.985064736964,0.05297362203281422,4038119.3648979138,ok
3738,4038067.1724209934,0.5509446526998147,4872.321580573571,434839.3833883168,0.005602438241228175,4038053.52398062,ok
3739,4038033.662432136,0.5813960132268691,2467.7668501724647,18560.053802145383,0.06648059527411532,4037951.633127537,ok
3740,4037893.4477183674,0.5811037307557433,3238.478827374088,108608.8823997457,0.01490890411455735,4037869.3066332103,ok
3741,4037796.8671576977,0.5883774811257735,3793.1674702999044,274491.0392363275,0.006909455916763307,4037783.7627959875,ok
3742,4037796.8671576977,0.5836752018297978,3419.9624147750637,123156.4739962348,0.013884622967037935,4037773.1247133524,ok
3743,4037761.154756525,0.5283367790847203,2537.3966330218996,18018.35099016161,0.07041145536590364,4037671.823861639,ok
3744,4037671.489189417,0.11468600728019185,41771.913936709854,5728163.522289642,0.0036461872792357825,4037595.3350788048,ok
3745,4037587.1224688794,0.24686414219638914,13598.90325165632,2456843.6136225862,0.002767555732129995,4037568.304607557,ok
3746,4037581.747556358,0.24515211734212602,13114.356765558501,2271398.1387756104,0.002886846771087818,4037562.817987116,ok
3747,4037549.7253899593,0.5241339802328882,4649.4607975614235,566683.6385829129,0.004102342542647056,4037540.188549544,ok
3748,4037538.0728828814,0.5925586384846246,1759.0853460215185,9085.108456663233,0.09681146650106108,4037452.9230668573,ok
3749,4037392.336218024,0.43749052660252286,2303.0475270447914,18127.779152690906,0.06352260548978844,4037319.188428282,ok
3750,4037435.8966872226,0.23749247799630327,6254.594467616473,193828.18073403227,0.016134378509693903,4037385.4396899403,ok
3751,4037361.5032665525,0.5256263227455934,2528.463673298781,14796.85478957021,0.0854392270944298,4037253.488275561,ok
3752,4037179.5227420037,0.5238410788713402,2027.6332858307742,6642.739218467605,0.1526202684725085,4037024.79377378,ok
3753,4037092.8513257615,0.24200925606756488,13510.967743131423,498613.68032573035,0.013548532938672166,4037001.324430011,ok
3754,4036976.3814631216,0.3774920740363244,5661.277276110293,279745.5765134413,0.010118618043346038,4036947.7393119247,ok
3755,4036931.072527252,0.5251012333049861,3107.0920354984855,41278.74998000006,0.03763549086399056,4036872.604060294,ok
3756,4036910.319668874,0.41836739406434464,6593.214868611675,335475.62778716855,0.009826667457336905,4036877.92500388,ok
3757,4036893.181066418,0.4396059305174639,3562.0472089659916,60232.16243074207,0.029569312018822253,4036840.5174237443,ok
3758,4036753.8894196176,0.5105804739496173,2208.1398117660538,12836.223124685528,0.086012053168488,4036658.926100171,ok
3759,4036657.4721973264,0.6348746574897716,2140.6348173689794,12600.04862884557,0.08494549824468045,4036566.5535517656,ok
3760,4036562.367955149,0.5620020954760402,2807.107026453822,14360.401572067092,0.09773776214984203,4036425.1877757087,ok
3761,4036366.2854367117,0.3005064644024927,8019.895884144452,553207.0006071784,0.007248548803017792,4036337.219133356,ok
3762,4036344.8487324244,0.4768249629810596,5273.665158969783,174302.6356482523,0.015127898494926347,4036304.958996814,ok
3763,4036257.6817215914,0.5421662288665144,2195.0528840615434,17680.964894776323,0.06207389973128818,4036189.5539752766,ok
3764,4036170.6242145402,0.7081581557990726,1649.001687985478,25254.93425698129,0.032647118998728734,4036143.706637372,ok
3765,4036167.8996623345,0.22915688285509891,17025.005798717,3484810.9456955018,0.002442744536794253,4036147.1057923827,ok
3766,4036142.472923572,0.5063131852312295,4705.0728437626,593492.5546863617,0.003963885314659973,4036133.1477389974,ok
3767,4036138.3634166014,0.5996672692091295,1784.037276717448,7086.303168959796,0.12587926554794357,4036026.07676555,ok
3768,4036027.7225436918,0.23997008943853196,16556.03446996414,3368158.001430533,0.002457728298810866,4036007.3774264753,ok
3769,4035997.4217695724,0.5226721172101206,2486.810634262863,20329.6058017045,0.06116229351713157,4035921.3722486054,ok
3770,4035782.132854577,0.5783410451217119,1750.0359909572826,2387.1423233341275,0.3665545983267984,4035461.3909847154,ok
3771,4035280.5441539213,0.2869942456344543,8061.385719272184,175690.79535574443,0.022941969449649394,4035188.072121475,ok
3772,4035191.3283889107,0.44877896114683496,4544.196463302929,51462.200864541985,0.044150817366556995,4035091.013394846,ok
3773,4035106.85555403,0.4329211796473569,4052.953351318587,46581.32198548905,0.04350406105456987,4035018.695589006,ok
3774,4035037.8214077493,0.5921972642232145,2837.5406216632673,23952.509491697576,0.05923263745385043,4034953.7839002972,ok
3775,4034967.348014759,0.3869164213566839,8074.935793469114,480355.92026779155,0.00840515902142671,4034933.4124550433,ok
3776,4034901.726081243,0.61838384612655,3432.8656756343576,108142.89472716147,0.015871896550833448,4034874.4830368045,ok
3777,4034840.2687132293,0.6573832219462081,3489.0014802192295,197435.6173068757,0.00883579550592497,4034824.8546614298,ok
3778,4034806.7473573955,0.5712042539067799,2231.3960328510557,16358.607309748377,0.06820250619749665,4034730.6539565157,ok
3779,4034696.029582802,0.35195425869986624,4059.7792869954865,143032.49783682366,0.014191807275948648,4034667.2217801902,ok
3780,4034656.9751554825,0.33804018966746485,4479.189988132199,154257.47357689484,0.014518550979312504,4034624.459481388,ok
3781,4034633.985443178,0.501276166955884,1866.7146976650972,8437.99135824845,0.11061368863813272,4034530.743344006,ok
3782,4034603.1078119483,0.13462761231625378,17712.223927937575,883060.8052010302,0.010028881263677738,4034514.2909166035,ok
3783,4034479.033737958,0.49721113422396523,2369.7808974412005,22830.03630133493,0.05190050655553783,4034417.5373234563,ok
3784,4034423.104538621,0.49653546767574225,2275.445249343683,19036.228820985485,0.05976617718618822,4034355.1072066464,ok
3785,4034503.430658967,0.18748773725684326,9532.187603144755,424951.9934397035,0.01121560523341477,4034449.976032383,ok
3786,4034448.80599957,0.2709479474552572,5992.120367333514,264826.6813240708,0.011313286745456176,4034414.9107116056,ok
3787,4034407.4148137914,0.5143281698953854,1982.883930891955,2928.536009174867,0.3385452534439972,4034071.7668423248,ok
3788,4033786.741740167,0.5206711223085317,3770.4495840611667,61580.14948988373,0.030614163941584525,4033729.027159317,ok
3789,4033728.618116554,0.5482621618225303,2985.1272614865593,15757.920054312108,0.09471831470136467,4033587.2450048653,ok
3790,4033571.592939993,0.26771482182157696,17747.195863574,2656745.8239705795,0.0033400251735505376,4033541.954899521,ok
3791,4033562.277330997,0.3204612017297626,10192.32157060144,749444.7430203791,0.006799915314319769,4033527.6238692286,ok
3792,4033511.3774335887,0.3989111764659985,3864.6487789213675,179454.39119158176,0.010767774344389124,4033490.570600603,ok
3793,4033546.43013283,0.21857526292836948,17114.196100111898,2922526.600295989,0.0029279795260680605,4033521.375124937,ok
3794,4033513.029113706,0.488465646344755,5010.35159115808,604903.2462515654,0.004141448754165215,4033502.6540565286,ok
3795,4033513.029113706,0.46608689079515514,5404.374337068124,511060.4309326261,0.005287412221687528,4033498.7415362457,ok
3796,4033494.482846193,0.47534569701797225,5147.588196852352,481046.45327914,0.005350406558205437,4033480.7120013693,ok
3797,4033494.482846193,0.48375601715029626,5070.883575971373,531504.2454399123,0.004770313331904182,4033482.3879944296,ok
3798,4033494.482846193,0.49755495488389373,5302.523809669327,550217.5507985589,0.004818570220064321,4033481.7075545327,ok
3799,4033477.2902056808,0.5753668124469422,2351.2215098261227,17015.7606523598,0.06908952111700184,4033396.0678216037,ok
3800,4033499.5083120945,0.10085414580315903,49515.258673766104,6305202.4302678825,0.003926539966113539,4033402.2964910367,ok
3801,4033409.774177997,0.47559381072898904,2512.760093529716,9479.998824549111,0.13252955723067972,4033243.2666866854,ok
3802,4033311.9140197667,0.34352296482589223,6041.136467066916,308493.2248959311,0.009791360035710458,4033282.33854868,ok
3803,4033288.7534689605,0.4902835588564649,3677.8860810944852,111848.78344145419,0.016441332520257708,4033258.518794945,ok
3804,4033279.7435025373,0.5954258887392931,2329.3055910362054,16710.693684523656,0.0696950597925643,4033198.5729563157,ok
3805,4033258.255023985,0.25655242474754364,11084.96655739276,479233.2078808213,0.01156531556568325,4033194.1544558494,ok
3806,4033186.5200896277,0.36103252263278934,7202.650429043703,354714.9225942347,0.010152731066917864,4033149.95680324,ok
3807,4033118.4057422196,0.5351300527827063,3135.340388901637,29132.82429268275,0.05381112997151354,4033034.0476376335,ok
3808,4033012.9072034378,0.6326954176212458,2103.762933219147,7699.0562218448895,0.13662472857712368,4032869.1941835666,ok
3809,4032769.142213757,0.3349502913318727,4250.750285283593,241632.33262345326,0.008795905413676017,4032750.447615034,ok
3810,4032722.5551027064,0.5041949780506112,2399.347853841883,69100.84559997745,0.017361204721948194,4032701.7273180615,ok
3811,4032717.151417858,0.6259697642492132,1522.5535152645014,3182.4700221785906,0.23920940411910346,4032535.0468582953,ok
3812,4032668.1599376947,0.24832967338273151,10925.290761621969,345095.1490177516,0.015829389072432275,4032581.689598597,ok
3813,4032579.2139448654,0.26651626058390104,7572.298497049046,96178.58105721859,0.03936582560177371,4032430.1690538456,ok
3814,4032462.6150275785,0.3946822519599694,4771.485490705507,59269.132580668826,0.040252702232576376,4032366.582435246,ok
3815,4032391.9931004113,0.4369438622492022,3116.9754916514876,14988.04577301639,0.10398205139135315,4032229.938347532,ok
3816,4032218.526968063,0.5183474591722227,5579.151379060818,714235.3449192728,0.00390568138271805,4032207.6317742267,ok
3817,4032204.7880388475,0.5688798671430894,2574.567535908464,19228.511383941535,0.0669466160042577,4032118.608746746,ok
3818,4032364.767790449,0.24645560650441756,6814.0907185908745,75981.0887390018,0.04484070201992998,4032211.9934847243,ok
3819,4032267.4471751302,0.4084720752672365,5245.861945326488,106585.35835632503,0.024608736257137078,4032202.900158603,ok
3820,4032201.025304799,0.46503459801113534,4351.578554136,112334.27326545435,0.019368881943326824,4032158.8826991576,ok
3821,4032186.347871408,0.4994952294522092,3663.599692043594,71075.80622879438,0.025772480724667386,4032139.137845185,ok
3822,4032131.125730057,0.4233168747530518,3928.093324768342,107517.01480539098,0.01826731021075273,4032095.2478804067,ok
3823,4032088.4153723703,0.489362989424402,3176.0958845035384,41390.360717672134,0.03836757918308579,4032027.485817199,ok
3824,4032076.521662623,0.16540912657661228,24718.710208690827,4286681.494779704,0.0028831988379347906,4032040.8871843484,ok
3825,4032031.797309292,0.3282201561173873,10421.238044087138,2280496.9790136074,0.0022848611815733865,4032019.8917681566,ok
3826,4032013.5779080484,0.5566925691290212,2707.4086495106226,28095.510387937255,0.04818222933357072,4031948.3534158235,ok
3827,4032002.523417144,0.501993257403571,4434.519579197555,205451.31092571988,0.010792142330989648,4031978.59443391,ok
3828,4031999.8955804594,0.34385191023807543,4631.429428704947,201296.5076057025,0.011503998464237995,4031973.2556019416,ok
3829,4031962.686391956,0.5635415139377844,1834.8119895639124,3916.615579470198,0.23423437306197256,4031747.798373925,ok
3830,4031627.534511034,0.5940176192969723,2048.4081086178535,10823.130637403017,0.0946310350139765,4031530.6130213095,ok
3831,4031552.4265270215,0.5602613570876596,4364.155843952773,352862.2487981411,0.00618393701623964,4031538.9326945874,ok
3832,4031549.7395411804,0.5792026841402397,2356.114517824027,40216.81837497112,0.029292651843517686,4031515.2311200434,ok
3833,4031489.037506377,0.579380022585675,4236.426454519482,384814.4022907961,0.005504506106450382,4031477.3777887328,ok
3834,4031493.854107261,0.3284263813865938,5118.83427747545,298040.17843406537,0.008587490291359955,4031471.8751374306,ok
3835,4031479.2356691277,0.32230861289386953,3876.450320246011,156628.47573540965,0.012374666554230042,4031455.2507790644,ok
3836,4031444.876068569,0.6096717049029788,1717.1596409634226,3021.001941097009,0.2842036639572424,4031200.864537788,ok
3837,4031178.5507493294,0.1081487832586469,15735.156079088181,590354.7469063611,0.013326865043048437,4031073.7005985808,ok
3838,4031078.7665995983,0.39675231400964056,5565.825766438173,99549.61659529278,0.02795503366459652,4031000.9701762623,ok
3839,4030906.11724805,0.40347220923982596,4439.545649175401,108677.34066472895,0.020425350961022586,4030860.777609054,ok
3840,4030811.6081291446,0.49507219764329363,3097.4110350058245,20421.244708905866,0.075837958928503,4030694.157463716,ok
3841,4030687.2133528045,0.5772632147543129,1904.9959305001403,4897.927700419827,0.1944695845895044,4030501.98146918,ok
3842,4030501.9947141614,0.28960581107786665,14007.989497367053,881591.8946049352,0.007944713184803272,4030446.3499847353,ok
3843,4030462.5332207554,0.26122033571994424,7547.603188581427,212176.94250212892,0.017786106019756828,4030395.411985502,ok
3844,4030426.7278555753,0.48989189252266774,3757.093334517841,66079.81234920624,0.02842845039164954,4030373.3236848367,ok
3845,4030389.4385226266,0.5220269480167231,2863.6424662014274,38463.790590031436,0.037225172327965905,4030336.1387304817,ok
3846,4030301.6190327276,0.4751773594674924,4355.079967495556,182017.75733807462,0.011963338168722061,4030275.568385526,ok
3847,4030287.634081933,0.5026968492909262,1986.0460784879858,1816.9182917936016,0.5465424855532239,4029744.9048018535,ok
3848,4029870.9793491457,0.14116839025904,15134.4420253813,273573.1082319943,0.027660690268845895,4029661.6647925177,ok
3849,4029671.8969062055,0.3186084804596213,7086.21661445059,127756.57772456139,0.02773327503233618,4029573.6349090515,ok
3850,4029560.97013886,0.43712741275460293,4180.659229542065,52031.274271599716,0.04017448436606903,4029476.992224431,ok
3851,4029516.241401385,0.3601838156253486,5152.256372262321,151726.6203281142,0.01697874888770469,4029472.50196781,ok
3852,4029496.9297551694,0.5263914974413982,3274.5832965950144,38795.07634586133,0.04220359392261317,4029427.830163312,ok
3853,4029501.9232621384,0.2789109375350762,5128.797930716999,146605.6637807053,0.017491813748712746,4029457.067273059,ok
3854,4029432.4915508633,0.503488043496263,2633.1414735811777,24120.73838594364,0.054582522131984994,4029360.629799484,ok
3855,4029331.9293651646,0.5277520618731703,2669.6002498751113,29544.138180595648,0.045179863321051,4029271.623277959,ok
3856,4029219.887639218,0.5522149234074059,1945.338336342986,11006.362800136158,0.08837335147261004,4029133.9296049527,ok
3857,4029293.148192844,0.20407282823475104,6334.877048023216,158336.09681788913,0.020004525737770645,4029229.7850873675,ok
3858,4029247.7414103346,0.23118365997411855,6302.200136104169,187984.1615677083,0.016762582771725258,4029194.920834622,ok
3859,4029193.2248453144,0.44931341927179697,3033.7329897029485,27562.880791952186,0.055032944716517776,4029109.747215361,ok
3860,4029041.337091108,0.586011973115994,2114.3333159560284,10708.219024414057,0.09872478846087679,4028936.968536431,ok
3861,4029105.2576750824,0.17578819455581246,9120.626506404793,149386.78193021237,0.030526885941841865,4028966.0455125426,ok
3862,4028935.8290750063,0.5758371663459009,2272.988944811582,9783.527998839816,0.11616407420110236,4028803.8092467845,ok
3863,4028950.0624892106,0.21045002414267716,9542.742262753767,241168.54209418548,0.01978438435603878,4028855.6638488425,ok
3864,4028820.680680888,0.42711259286655273,3654.660453160606,52117.83093593305,0.03506151721522308,4028756.611710691,ok
3865,4028743.1191786863,0.5409078226894635,2882.451495631975,30993.085252868314,0.04650152561635039,4028676.0999826556,ok
3866,4028683.8887938787,0.6514349957429284,1781.8069166405194,8714.354566350266,0.10223401532919112,4028592.8081560642,ok
3867,4028786.5177928666,0.15992088446247088,15763.244365693017,711849.3704200343,0.011072036459336718,4028699.2521846993,ok
3868,4028822.9376212084,0.18621053972290277,15611.265370454848,1076939.2128414344,0.00724797889440089,4028766.3625602485,ok
3869,4028759.973859246,0.4232625644406633,5100.574262557406,181202.99980699527,0.014074199290271629,4028724.0806099125,ok
3870,4028703.4647655636,0.47890300120177015,3094.1070980875365,73709.2568760187,0.020988592404967008,4028670.994289194,ok
3871,4028550.5463794824,0.6192690617897153,2276.106020512399,13638.413105475627,0.08344467948395606,4028455.581910806,ok
3872,4028509.4906192888,0.12064106800597169,19784.52453102437,761018.8948267846,0.012998707828093757,4028380.9039923404,ok
3873,4028484.7625937928,0.21396952727037397,11947.129641549185,746126.0574295182,0.008006106691078641,4028436.9375965116,ok
3874,4028424.962173455,0.5685088315689092,2305.9253949854883,15999.337272786504,0.07206315348160292,4028341.876045627,ok
3875,4028363.9568284657,0.3278531409840586,5025.939453927258,141645.26416757546,0.01774129012877285,4028319.3735034545,ok
3876,4028277.6061954447,0.4527443189208183,4038.7917085759004,80862.47320843801,0.02497321407771666,4028227.175390468,ok
3877,4028251.0581517946,0.503896515353404,3965.587954960183,102903.87131993337,0.019268409944612135,4028212.8528646007,ok
3878,4028319.02773883,0.2466877382800004,7929.4100078013325,304031.7191964838,0.013040432144313314,4028267.326272255,ok
3879,4028245.1765431967,0.34658437728338237,4654.854529080173,111846.9778750275,0.02080903131008728,4028196.7450363766,ok
3880,4028175.725687146,0.3508109955857052,3152.976637979763,49660.34915637212,0.03174541350939326,4028125.679413567,ok
3881,4028085.4116976536,0.5514435975709595,2917.6952102446426,43792.60431159879,0.033312647833002584,4028036.8136211424,ok
3882,4028051.2474491643,0.5690508639653059,2111.0579880525347,6493.0603056740765,0.16256263523440165,4027879.657874329,ok
3883,4027802.4324698756,0.42728108309287616,6468.489530591471,214080.3101629368,0.015107623689605772,4027753.5707170414,ok
3884,4027761.1855202354,0.4749055334480366,3667.620626257531,84495.56659475938,0.021703035875523708,4027721.3862692206,ok
3885,4027755.080283761,0.25342078008151486,11032.844569811246,924386.0592443601,0.00596766062159681,4027722.1601477196,ok
3886,4027755.080283761,0.24980059223599943,11703.567738420405,1018145.7911864717,0.00574749109593722,4027721.4472080776,ok
3887,4027704.1171982074,0.6298188521710767,3087.114222955961,73212.06298234002,0.02108337135439432,4027671.573810419,ok
3888,4027657.0605358686,0.6270470341228535,2554.564405317998,15931.953995075452,0.08017109533794822,4027554.659422626,ok
3889,4027574.671028042,0.3619461667700504,4109.454028579876,102434.16826411057,0.020059000322940522,4027533.455258199,ok
3890,4027461.209181401,0.30064410229270466,4885.10476622575,125058.90642512028,0.01953121495249414,4027413.5031657736,ok
3891,4027394.1553396992,0.5852008692452777,1874.211425519772,10386.599836039051,0.09022256826611826,4027309.607255557,ok
3892,4027258.0241980203,0.5183633509982198,4023.4634433263664,83543.49054163709,0.02408005349813053,4027209.581590539,ok
3893,4027227.2504889425,0.5053762587263796,3624.5567803368267,64956.07518624402,0.027900059924682856,4027176.687813257,ok
3894,4027141.1833115993,0.5641876284805061,3031.529000014376,69492.82801759246,0.02181181199912406,4027108.12174129,ok
3895,4027058.0290621594,0.5823767972535456,2679.35111956925,50823.82935119668,0.026359201517999774,4027022.71628411,ok
3896,4027013.388465159,0.5697545426161466,3075.8850055781577,80524.20094868913,0.01909913398295094,4026984.01509524,ok
3897,4026984.95137298,0.5058660958031249,3555.795647860741,116902.78011191412,0.015208345107176596,4026957.9124893085,ok
3898,4026956.768580141,0.496357706897288,2566.01949532525,50891.51708670561,0.025210679915018405,4026924.423032065,ok
3899,4026928.5757262814,0.4454712186375348,2855.948129701176,60428.14910097495,0.02363094164053337,4026894.831354491,ok
3900,4026886.8582234588,0.44266668638052614,2793.6343080291317,55245.645051813335,0.02528375137451161,4026851.541445821,ok
3901,4026797.971635479,0.6116143058718632,1998.0154271616457,9490.144555321207,0.10526791322906356,4026692.8081781706,ok
3902,4026656.7758615515,0.3775317058875911,5445.1059265558415,209246.03590165317,0.013011252287510652,4026621.35203808,ok
3903,4026593.00496353,0.6170946906499448,2224.230298926791,7822.586514638656,0.1421671907855872,4026434.8986769007,ok
3904,4026341.359336267,0.41021123308516,5036.997518775404,114467.89203823422,0.022001792070622573,4026285.947850233,ok
3905,4026277.9902179632,0.6120565377897467,1773.3167926967976,4073.1372594717845,0.21768438917361285,4026084.9785265485,ok
3906,4026169.25518105,0.11469682218453084,30447.391070996888,1965866.6235387963,0.007744012413260245,4026051.3626938476,ok
3907,4026104.4070983934,0.1525845000233161,23500.371339869198,1724594.379359268,0.006813303934285175,4026024.34951214,ok
3908,4026020.237677419,0.4291510879954336,5497.422293534395,128132.44240129256,0.021452109202434663,4025961.272025733,ok
3909,4025975.152759389,0.59118509422969,2778.850547265716,33171.67010658315,0.041885900503909716,4025916.9554306203,ok
3910,4025921.051112532,0.5607738839055083,1909.143307054625,2678.4209470531373,0.3563934394171891,4025580.8480377616,ok
3911,4025653.941059105,0.25607577632466216,12124.244889333724,231342.58336521417,0.026204092460992173,4025495.088642055,ok
3912,4025512.955591475,0.34580059138316005,7566.787997520316,129933.26977620034,0.029117977291549357,4025402.7908109343,ok
3913,4025338.1436896324,0.5273132015878956,2646.1672901879692,23505.64277911994,0.05628791594966634,4025263.670068623,ok
3914,4025228.664962679,0.4220309424960377,3490.2665519278944,92976.30840884773,0.01876965547276857,4025195.909412335,ok
3915,4025180.6423476865,0.6381014840332552,1870.8322292812863,3979.2491654071996,0.23507352160113384,4024960.750787455,ok
3916,4024855.4640723085,0.3831875472623719,6849.860852770158,138962.4116625387,0.024646452126221748,4024771.0516885193,ok
3917,4024696.4961932614,0.37655655259615656,4490.192257525542,51627.87098786727,0.04348612650113689,4024598.8656589985,ok
3918,4024569.478271962,0.47164387063821944,3199.8238763033874,31053.831872067854,0.05152059638703636,4024487.049854742,ok
3919,4024509.047337061,0.5221065090752419,2600.7208682367586,14857.082644777298,0.08752461470458969,4024395.2337910878,ok
3920,4024322.686515321,0.5710558426190326,2429.5692667254316,10006.88730756137,0.12139485496601969,4024175.217910939,ok
3921,4024290.216217923,0.12756424877056644,26427.247882457723,1663386.906334689,0.007943806633866912,4024185.2497444013,ok
3922,4024178.5514864028,0.5170578393763988,2838.9040778725093,25784.838738862345,0.055049870713245436,4024100.4108351753,ok
3923,4024119.1207933337,0.6318701599026213,1976.927131248004,6999.866790923639,0.14121176804474206,4023979.538105584,ok
3924,4024066.7838142267,0.3112338719359602,7365.41442744415,147145.0527046299,0.025027733831558166,4023974.6139983023,ok
3925,4023995.277224415,0.5317981552792657,3695.8625158043083,58488.09080007662,0.03159500049708809,4023936.8918354027,ok
3926,4023940.448108807,0.5829200882311185,2382.8882724542796,18381.066431823012,0.06481909744716448,4023863.2197752385,ok
3927,4023865.6540378304,0.6087006356219179,1912.1984141488542,4648.568045577194,0.20567607007153363,4023669.007310321,ok
3928,4023547.5122434394,0.28885724414380237,5714.666125895582,100232.2776709752,0.02850711496677087,4023466.0579213155,ok
3929,4023444.348519452,0.5292096678229399,2352.0853199572507,26041.84886217166,0.04515972219188103,4023391.2387596415,ok
3930,4023410.7949136123,0.5191897804701391,2426.6039040809997,11002.232237447039,0.1102777987098766,4023276.994645171,ok
3931,4023374.2293071225,0.3180284490946445,5204.3818543883335,158568.98046505265,0.016410466407505653,4023331.526140326,ok
3932,4023353.7887429437,0.5678821162473632,2093.62385306927,6591.085252308318,0.15882239213459157,4023187.5315686567,ok
3933,4023010.8451728616,0.4327727722609608,4756.478812789348,78899.68470690852,0.030142571738140715,4022939.158920944,ok
3934,4022958.5614824146,0.4437313954065451,3406.6127127630625,53931.23230596366,0.031582930401410116,4022904.7660763087,ok
3935,4022877.4231958594,0.5414133717356076,2098.1140157677223,10199.063184979363,0.1028581732319157,4022769.5191084123,ok
3936,4022725.7647232874,0.5818634216921686,2467.22397571886,32354.553797225137,0.03812792460655816,4022678.7296584207,ok
3937,4022677.9368155277,0.5137284813253266,1878.3401169308856,16102.204643872457,0.058325557228763404,4022623.159198535,ok
3938,4022602.3359025144,0.5037208792685771,1940.4185045813852,19523.050747442827,0.04969557600611025,4022554.120794875,ok
3939,4022612.0611403617,0.5085853137037692,2609.0943691567163,30695.31669491181,0.04249987701852269,4022556.6180454525,ok
3940,4022598.396170968,0.5322611904173605,2344.5382684087917,28658.01539221399,0.040905454134234506,4022550.443969666,ok
3941,4022471.6974214064,0.5785811625161612,2227.86130188333,11067.003770066465,0.10065331810535517,4022359.57660525,ok
3942,4022355.3617495513,0.5292913843238684,2639.020721043453,15772.56225963348,0.08365859261172376,4022244.973369853,ok
3943,4022202.072150353,0.5792575869895713,2505.8643997744957,23533.75909377711,0.053239781834027236,4022135.3663133783,ok
3944,4022129.6408075467,0.46203645955515504,3458.4803908974063,63709.64341179575,0.02714251882201772,4022082.704872994,ok
3945,4022085.085211849,0.6091561714812292,1421.705275753449,2102.437614463952,0.3381087899999198,4021844.739686588,ok
3946,4021771.114856494,0.44343571297845247,5414.230245891122,197206.51516039073,0.013727310787596583,4021733.953445864,ok
3947,4021755.0079037435,0.5678701409674956,2736.813215207231,25370.864159869245,0.05393614498035561,4021681.2013265635,ok
3948,4021645.85125627,0.6041679363223249,3111.874371282038,36027.121006522655,0.04318794125568121,4021578.653532499,ok
3949,4021625.7857743027,0.40820992700763137,3621.704140910626,57808.38902966076,0.0313250741086417,4021569.060698996,ok
3950,4021570.916350155,0.3563245350617541,5233.619256365525,376492.29688967863,0.006950499783929314,4021552.7282154,ok
3951,4021510.6408773437,0.5870651410402516,2061.609606840912,6507.864775525286,0.1583937034612484,4021347.3678869843,ok
3952,4021480.8400907815,0.22961933255143427,10822.223480458968,227649.0175786926,0.023769536973112553,4021352.2204702063,ok
3953,4021309.2449822035,0.3597196989902869,4821.496780764203,87318.52655770366,0.027608670066013773,4021242.687425281,ok
3954,4021257.852835498,0.5253557271625753,2467.762876104134,18025.482508472727,0.0684520615452092,4021173.391107361,ok
3955,4021111.923904383,0.6166376804493534,2219.363306802684,18274.734551422946,0.06072217630733999,4021044.5416193805,ok
3956,4021049.2185782595,0.6119871155838444,2590.5918150427997,23603.078169911103,0.05487826198756678,4020978.134990095,ok
3957,4020964.67617896,0.524485661060842,2874.7170857370807,25391.3098054637,0.05660828660990342,4020883.309774604,ok
3958,4020874.4130705046,0.5764449815587015,2912.830004110749,40809.232873927525,0.03568836999594419,4020822.4359930432,ok
3959,4020836.56080464,0.6126621795963346,2175.4048153795607,13809.457669857815,0.0787650343477232,4020750.8878871384,ok
3960,4020640.8837200324,0.5506128256056706,2293.010318815083,8700.65177202813,0.13177233033201718,4020489.8060634397,ok
3961,4020554.1068588225,0.5143798924802029,3384.0640349467094,75368.35364889054,0.022450165560943793,4020516.1204598956,ok
3962,4020517.9945151787,0.5551643101879628,2136.2825634442634,11877.976177126004,0.08992620171937231,4020421.940626814,ok
3963,4020395.1839393117,0.4414228057331367,3464.406858215678,119204.37572837109,0.014531374528188297,4020370.012642524,ok
3964,4020387.7675786875,0.5985096430501473,2314.353966581482,36550.52468876881,0.031659654495912515,4020351.131755206,ok
3965,4020401.764087972,0.5538999290730734,2597.8220641174325,62228.77887341306,0.020873156368711416,4020374.6517148907,ok
3966,4020358.772410787,0.6145959588748489,1777.1979910663497,12175.97513140857,0.07297969862315068,4020293.9227238963,ok
3967,4020203.82167227,0.576574703577307,1987.4334052782795,9368.571598266679,0.10606917951323462,4020098.4189569526,ok
3968,4020097.336838607,0.3955896457657732,4101.195402126765,156623.8344237495,0.013092500950496726,4020070.4893862572,ok
3969,4020084.1492007957,0.5836192911164221,2511.7462149107223,33699.99666067557,0.03726626800888785,4020037.347496988,ok
3970,4020041.8288973384,0.4359112143054121,3996.7923750945433,92356.77968602421,0.02163778549166626,4019998.5880293045,ok
3971,4019978.257584593,0.5973968746601948,2726.5609335232994,17576.916310947825,0.07756084415743204,4019872.5204007677,ok
3972,4019848.7656472865,0.38992560439753676,6183.166967460544,242089.81760410054,0.012770398665779763,4019809.284893691,ok
3973,4019898.4827816207,0.3443959838780096,5345.890989098536,146976.72710364,0.01818618190255694,4019849.8721086415,ok
3974,4019815.172762665,0.49832527292415313,3342.7084660397545,35284.137394373945,0.04736843115474249,4019736.003334743,ok
3975,4019748.6517653707,0.6033277075543638,2852.7480141470915,13426.983381264363,0.10623190381421549,4019597.1253390484,ok
3976,4019513.0104557746,0.6681506744555843,2092.993537357296,19471.014873740918,0.05374639049195011,4019456.765031797,ok
3977,4019411.5320751052,0.49719082045662777,1872.1051422307519,22543.78629019233,0.041521533209468255,4019372.665737188,ok
3978,4019390.2763110753,0.5718820457689063,1349.9694812411408,1194.8190511661578,0.5649263291891581,4019008.959659298,ok
3979,4018821.3934230614,0.338758365434662,10198.683786861515,357469.5923356717,0.01426510674687643,4018748.6507666125,ok
3980,4018727.4585631047,0.49000655646748026,3522.7054168944765,66345.31926841085,0.026548258835282675,4018680.6977155004,ok
3981,4018662.739699373,0.5618995680146818,3558.167918331047,71769.40006595489,0.024788892724901906,4018618.6381779606,ok
3982,4018608.5735001713,0.6895823681793957,2263.562676233891,10926.163249277082,0.10358451656777402,4018491.338477402,ok
3983,4018573.0498290784,0.3603774983674406,6068.93540113405,178013.9898267064,0.01704623161090332,4018521.323589839,ok
3984,4018509.7423581826,0.4400298228849517,2408.252046949473,21714.506934725705,0.055452607194552764,4018442.97043079,ok
3985,4018777.350851152,0.14896145252278467,22563.52947448147,1146599.2225710207,0.009839327042228079,4018666.3458782886,ok
3986,4018682.2044884884,0.24504517093648892,7043.348591001551,249020.67092776397,0.014142096245987322,4018632.400631654,ok
3987,4018577.918457236,0.5481462932279245,1635.7228494856054,2531.3857749538433,0.3230884177492525,4018313.6769035775,ok
3988,4018373.000600602,0.3275541219451588,7783.941653757291,195478.50355411688,0.019909968390980547,4018295.5115844603,ok
3989,4018316.036384228,0.3753761382525717,4999.347401408109,116907.02864113828,0.02138172297901041,4018262.5890536215,ok
3990,4018265.414555484,0.38225813410689335,4778.219433304406,95885.05778114375,0.024916392313235197,4018205.886560505,ok
3991,4018163.213412996,0.43935375659565284,3305.1454833626244,48294.26268700157,0.03421882123745733,4018106.6643217667,ok
3992,4018127.9689142564,0.4239174786266978,4427.581825088302,178483.23662379506,0.012403354815950332,4018100.51048008,ok
3993,4018115.7577365832,0.5663596968781279,2537.0924580705105,20068.270102176015,0.06321153854201444,4018035.570977734,ok
3994,4018018.485400786,0.4412549864020646,5694.960611340031,366497.73653265525,0.0077694349018614,4017996.3620879166,ok
3995,4018015.62525692,0.5117740833376011,3525.670699153582,87023.4175995211,0.020257022744030823,4017979.915461149,ok
3996,4018032.374144672,0.3407280605934964,5262.821326369029,268614.01375276863,0.009796252348942804,4018006.596181782,ok
3997,4018008.3305613557,0.6336675522554288,2272.891118782127,18820.198041047563,0.06038435710997476,4017939.7070268616,ok
3998,4017992.2067893473,0.22748802205870366,8873.974010676564,438801.9175929047,0.010111594383356055,4017947.341776465,ok
3999,4017984.1458714893,0.25785615035300563,8133.415936734966,582894.2661567993,0.006976750681012074,4017955.7734639016,ok
4000,4017946.9921714296,0.671009382876463,1962.0164712694686,11778.55803034573,0.08328763445468539,4017865.2863161033,ok
4001,4017882.1251816005,0.45282620495003617,2935.1391856658765,83842.43559345088,0.017503899814517953,4017856.4369904767,ok
4002,4017849.7802698547,0.5190165181242188,4474.012623754607,353480.44623162923,0.006328515016107665,4017835.623341819,ok
4003,4017824.5839112494,0.5804499656369814,1636.2818674545526,6617.603087314284,0.12363100701757472,4017723.4363237307,ok
4004,4017914.9160883543,0.246119411668199,10143.458964098907,272492.8303586818,0.018612341012325152,4017820.519329712,ok
4005,4017730.7984390724,0.5584411958721732,2806.033963393439,43977.454108764105,0.03190309694205599,4017686.0378522943,ok
4006,4017715.4086017585,0.49404098023137294,3203.5482975992313,56811.56195803412,0.02819450994821834,4017670.2473645858,ok
4007,4017671.2211748757,0.687857960506946,2088.994849389506,39275.12656388378,0.026594374508145856,4017643.4434191906,ok
4008,4017651.93264254,0.5147251152669814,1632.102042865797,2793.0715150982996,0.2921697554185892,4017413.507215199,ok
4009,4017366.110592434,0.45109276151166794,2808.3708200692854,32553.309642249005,0.043134950807343836,4017305.541123848,ok
4010,4017322.174115685,0.6563569977595709,1556.5869783631206,2857.7518370317084,0.2723446728635327,4017110.2100299816,ok
4011,4017000.4805487404,0.4315511688606461,6687.046483858777,217090.1479911298,0.015401542966684988,4016948.98513187,ok
4012,4016958.101534622,0.48714405165828834,2493.747364314605,22980.882694119402,0.054256996946264645,4016890.4499130566,ok
4013,4016891.8626514296,0.34549962571955245,3516.6314238183522,46516.278825509675,0.03780000800375524,4016825.3983034464,ok
4014,4017046.183219857,0.13899535856072529,9787.238814658947,208525.9994157992,0.023467670319477215,4016931.3413729365,ok
4015,4017031.558049849,0.3072741297479835,6646.159974774585,169613.3829964761,0.01959208600571532,4016966.4519809317,ok
4016,4017006.8851072253,0.420404985272558,4379.920436251668,78719.43447469041,0.027819816449900215,4016945.9608159247,ok
4017,4016917.63762139,0.46150876340291014,2944.399855752279,42334.8532719817,0.034775127680682895,4016866.441680927,ok
4018,4016793.443495369,0.5776712654926763,2130.6093976284546,11792.812504607064,0.09033508320411673,4016697.209106764,ok
4019,4016783.2582980026,0.49258496370329063,2914.6979449648047,29531.855554282156,0.04934837128007979,4016711.340499824,ok
4020,4016719.333692866,0.6024734439398235,1421.5384942696355,1713.6234715610344,0.4147756254104869,4016424.5239338633,ok
4021,4016372.5939439707,0.31103060642431785,11434.868225264092,402342.01801151666,0.014210382850116315,4016291.34701631,ok
4022,4016265.7523719203,0.37147239831794454,7002.568033367227,179551.46224123475,0.019500169884328174,4016197.4767387817,ok
4023,4016091.349432742,0.45905420145089754,5472.646745120395,168297.81103143885,0.016258817365420394,4016046.860050775,ok
4024,4016026.185231385,0.6875885938551438,1585.395673004738,7676.1674555422105,0.10326739757742509,4015944.325388744,ok
4025,4015931.0300371004,0.5380113967183772,1989.7045624697212,10684.432877629035,0.09311231514382695,4015838.3970379685,ok
4026,4015878.111369386,0.45690341536852086,1577.5670759561328,5015.968436538452,0.15725448593979,4015754.0716196033,ok
4027,4015723.9730993435,0.5357123118570275,3552.0923651284547,66535.63371277139,0.02669315798856393,4015676.5648179976,ok
4028,4015682.0427370863,0.5095327526633078,2622.5336256607598,42963.59176518409,0.03052041877683458,4015642.0223248303,ok
4029,4015685.013467941,0.5324728041849173,2888.563873422229,38192.19536460444,0.03781615387445463,4015630.396279984,ok
4030,4015735.0037815175,0.2346972995640891,6209.491792875986,175102.56124583338,0.017731013609099174,4015679.9534897753,ok
4031,4015651.4221027107,0.5514011283871398,2600.9738776764348,17870.75135850294,0.07277181091881976,4015556.783313095,ok
4032,4015645.5290868348,0.5091079471590263,4788.726836473223,166469.12374064338,0.014383228339490732,4015611.090411063,ok
4033,4015642.7348806127,0.5239923819883879,4787.404331346854,148915.41345407153,0.016074240470827367,4015604.2579363864,ok
4034,4015564.9954409255,0.5179044993523256,3437.7542364351075,61529.32793909189,0.027935899444880605,4015516.9770625927,ok
4035,4015605.1756597566,0.21988916989600557,10788.522377738904,421521.0145581942,0.012797134668418133,4015536.144572886,ok
4036,4015580.687324229,0.4010432620800881,7366.6042117993675,459388.08098985074,0.008017844298361452,4015551.1551814405,ok
4037,4015508.614584029,0.5593676662093225,2270.416101848193,14272.758744042823,0.07953669443182529,4015418.3238881663,ok
4038,4015380.65867888,0.5329022142540932,2632.3444414294418,29028.120100494685,0.04534128342304506,4015320.9817411867,ok
4039,4015308.9187577516,0.5993587820868679,2724.531570217192,37481.57373846843,0.0363449463091904,4015259.4072809326,ok
4040,4015184.965081676,0.6524176195268203,1528.3419445856493,4838.402173778823,0.15793870473069876,4015064.2729081195,ok
4041,4015054.2461256296,0.3089242951325681,8052.363659669834,275731.9132380527,0.014601798473573568,4014995.4566299324,ok
4042,4014989.1552547845,0.5146656058114053,4162.37879007594,64466.37450080042,0.032283332375269994,4014921.9675258086,ok
4043,4014945.2502121013,0.4599514574135521,3108.231378535703,39304.77817733139,0.039540121108333104,4014883.8002895312,ok
4044,4014931.7303750594,0.5039983907443598,3219.392942419855,37723.399247787245,0.042671034511937524,4014863.042961383,ok
4045,4014838.0542600094,0.5983223908631066,1833.6747710872942,7485.7817584832555,0.12247717274213103,4014725.7626091638,ok
4046,4014751.6512733046,0.41553639214164334,3833.3758189938762,42477.38037950257,0.045122554460110605,4014665.165418725,ok
4047,4014662.862036051,0.3896555883187283,5254.727626520856,206557.40279554977,0.012719775605723455,4014629.442557912,ok
4048,4014637.2670330824,0.6066532471477691,2026.146608194159,11365.210971331777,0.08913809929727749,4014546.9636043063,ok
4049,4014526.800958493,0.6771194272998827,2011.4203974623792,22065.07255275975,0.04557928356348877,4014480.961408162,ok
4050,4014486.6196932257,0.6519274472240949,1671.5250839531088,8757.548140164752,0.09543339398198633,4014406.8600372816,ok
4051,4014489.086919912,0.14122016051463396,24511.39165111069,1894221.9968050807,0.006470041973024602,4014409.792053512,ok
4052,4014391.191115045,0.3335467584780874,7830.897338836578,742943.2435123797,0.005270185446343649,4014370.555974452,ok
4053,4014352.8182935873,0.6287792035216072,2115.43318308503,12421.417480221346,0.08515264809565574,4014262.7509248825,ok
4054,4014189.875674352,0.5979459988832431,4641.804741255904,284219.21229052695,0.008165888406782092,4014170.9234445905,ok
4055,4014171.5599542307,0.6029157909119086,4354.487128240912,229477.5505084875,0.009487828152671204,4014150.9026414477,ok
4056,4014143.749749766,0.6629217316471181,2214.4393407588327,16870.79407843192,0.0656293749560322,4014071.08361486,ok
4057,4014056.6875189836,0.552300016339797,2455.344101608278,34199.525331639285,0.0358973418168577,4014012.617355737,ok
4058,4013984.008494761,0.8136222614532926,1537.7513302966931,6524.36828021098,0.11784676034926148,4013893.3989885114,ok
4059,4014011.784746784,0.1841483446855856,10513.192227446183,620572.3138042323,0.008470561764992555,4013967.258424729,ok
4060,4013957.9026795,0.4643614800194184,3739.5138377984727,89374.77594056282,0.020920409581140505,4013918.78659894,ok
4061,4013917.3930710526,0.42404013476628793,2954.7892299314053,65777.3032465177,0.022460553139869218,4013884.2099707946,ok
4062,4013889.970648627,0.1922840213594215,7989.399991791442,428736.5265410859,0.009317377336901356,4013852.7505214172,ok
4063,4013833.32511617,0.559254597633154,1864.0838461274243,6391.851435399232,0.14581720687403574,4013697.4173662597,ok
4064,4013760.0060996604,0.1633225854893235,16238.027942274783,820173.7840957615,0.009899138607665415,4013679.6348550026,ok
4065,4013694.1528748656,0.4000943057655491,5219.509656152204,294869.9930762063,0.008850526975803998,4013671.05516936,ok
4066,4013647.64403928,0.4875479564503159,2380.7525368933493,25261.972666675036,0.04712127133353245,4013591.5519961454,ok
4067,4013595.528407055,0.5300258105494141,1729.199021279745,2476.29244817027,0.34915080861257897,4013293.652788789,ok
4068,4013575.8962323386,0.23337936177617602,10455.339345081862,206293.90055240924,0.02534088336369807,4013443.4224649025,ok
4069,4013612.95457121,0.17566205042720015,8353.59787278626,156250.11909067916,0.02673149281869757,4013501.3025004365,ok
4070,4013529.6511492864,0.3607806720413445,4547.304838023301,62942.97141202894,0.036122419517314625,4013447.52132277,ok
4071,4013414.894120649,0.5648372463405921,1988.7498106479889,5021.485237637154,0.19802406225770264,4013217.9839624893,ok
4072,4013139.4698452046,0.5297673901436765,6489.743253771001,455694.6325010548,0.007120715047873621,4013116.364038983,ok
4073,4013046.201479414,0.6144164903337055,2690.165843967394,29536.445919955204,0.045539768922399075,4012984.9467139654,ok
4074,4013016.4190955465,0.3739060439864247,3349.264189931428,59534.44785646561,0.02812879190553951,4012969.3137178286,ok
4075,4013074.3670442337,0.18789407313906556,18387.77751689342,2222395.073796147,0.004136928157756543,4013036.3325869497,ok
4076,4013043.7250504894,0.3378196322531958,9429.40364502889,1200716.0971777772,0.003926575011025599,4013025.2124201288,ok
4077,4013019.0856932066,0.5715881938692206,3605.5282553462675,127107.10238197433,0.014183032213696286,4012993.51703151,ok
4078,4012995.0977247613,0.6692959293093769,2137.743263555317,17034.79832731837,0.06274636254798098,4012928.0299178367,ok
4079,4012839.3245022288,0.5624652350858408,2008.7376364979416,15100.340937737734,0.06651298950071527,4012772.5209295657,ok
4080,4012742.7171856244,0.5974217443055202,2290.72615989929,26348.67196127426,0.04346948042136745,4012692.928847645,ok
4081,4012731.59232241,0.6059899626066222,2285.5465292877843,35897.028084028505,0.031834759745816975,4012695.2124100863,ok
4082,4012737.6873072674,0.5005396688367224,3074.0120171803414,60600.50455171717,0.02536292428520083,4012698.7043402456,ok
4083,4012700.0337136723,0.5557710917190184,1577.2268878836471,2423.5909629297103,0.325390487092972,4012443.42640102,ok
4084,4012411.005231008,0.20064459580068944,14978.32768060843,698456.0762200468,0.010722454990777076,4012330.7030088115,ok
4085,4012277.2512081508,0.3584628131116128,9406.448229209811,385120.6871575712,0.012212338291452499,4012219.813844203,ok
4086,4012178.163096227,0.46538871043867536,4758.95920222617,207245.8031852195,0.011481436847174653,4012150.843251458,ok
4087,4012154.7587259784,0.6246424616666796,2672.874777992364,38746.987116489494,0.03449138858147339,4012108.6631446797,ok
4088,4012059.3335460834,0.5869947024149801,2049.334385689884,9829.329766831503,0.10424588625590948,4011952.516206448,ok
4089,4011968.6057215,0.2867199943120797,9220.359491422494,938054.5792929472,0.0049146178138015605,4011945.9484499968,ok
4090,4011943.9175223196,0.30331132960752705,8936.849329323306,912507.4131050747,0.0048968639602132375,4011922.03625462,ok
4091,4011911.2047138605,0.5615495279450485,1465.0893827654377,5581.958223761716,0.13123435576145398,4011815.0696832207,ok
4092,4011785.7527629444,0.5417834645497595,1573.8764593883438,3248.446938002676,0.2422506030460282,4011595.1165022408,ok
4093,4011554.405696356,0.4108426452150643,3163.5782994061315,41173.998715350936,0.03841718557962955,4011493.637809044,ok
4094,4011691.5614286014,0.13085746067992876,7044.838768491496,120289.96116011037,0.029282737730352063,4011588.415345596,ok
4095,4011580.178528582,0.5032896973436057,2785.4626467626886,29964.68031442543,0.04647909835069601,4011515.445632427,ok
4096,4011403.5650137067,0.69447899588802,1606.596976336808,4591.00554423275,0.174972232211201,4011263.0100841,ok
4097,4011290.4056962687,0.5472051567772978,2662.241447989321,17312.32757724565,0.0768886054203486,4011188.0576801547,ok
4098,4011226.171158944,0.3790940865236448,6476.444622482727,370227.2754658503,0.008746579535953333,4011197.8477899437,ok
4099,4011181.7640159414,0.5064562829701679,2639.9990032317355,30199.42799251945,0.04370942065335934,4011124.067602463,ok
4100,4011154.770280598,0.4931488514269503,2956.6563786979696,60611.9475676351,0.024390046000408776,4011118.7137880563,ok
4101,4011104.683885098,0.6765951914535822,1529.9117689199265,3089.148736042434,0.24762675734414863,4010915.260339918,ok
4102,4010758.8786750855,0.5068545341605982,5671.537635206067,208612.32850282214,0.013593486242902804,4010720.3306906754,ok
4103,4010746.4007467846,0.3613538565463084,5465.731814617222,344080.0566930756,0.007942529228732275,4010724.6948794373,ok
4104,4010721.062365164,0.5805684189508685,3074.8049901206614,33378.049225418086,0.04606028604839993,4010650.24916647,ok
4105,4010611.159780129,0.2793900356754528,15477.739848246882,3455202.929467531,0.0022397729112009204,4010593.826468909,ok
4106,4010615.7052251324,0.34124334370318743,7589.403402413447,556853.2916167515,0.006814544797228904,4010589.846060397,ok
4107,4010588.40795752,0.4376555872381906,5448.288249320349,379828.3829189983,0.007172039392435614,4010568.870288547,ok
4108,4010565.1608199785,0.6086819244693995,3313.4209662864273,88837.6790398821,0.01864873667399013,4010534.2652624333,ok
4109,4010552.347726512,0.29218739673484,12093.94264596065,2732831.9405215196,0.0022127124735765316,4010538.967517638,ok
4110,4010552.347726512,0.2892302842686893,11950.605642306904,2554111.7440464217,0.00233948371095421,4010538.3686028933,ok
4111,4010523.351743603,0.6576068618234746,2034.0081770165766,9844.504824987156,0.10330677942550708,4010418.288326557,ok
4112,4010422.506224486,0.29936387634354944,7620.35661355377,388756.82865398243,0.009800929593877768,4010385.1629351615,ok
4113,4010375.3902445617,0.6142515319852128,2948.902748946747,74979.7692787243,0.019664656061988615,4010346.3956654025,ok
4114,4010332.663584543,0.6344089802726101,2366.92215318602,45229.45036579136,0.026165718730203798,4010301.6974748843,ok
4115,4010293.795380173,0.7216583978113676,1853.9069003446964,34205.08523676384,0.02709987254105868,4010268.675059822,ok
4116,4010259.75338218,0.5810072837752975,1437.576210115018,1966.597078206778,0.36549840992997346,4009997.037472705,ok
4117,4010100.595939165,0.13997600385344422,45028.57505263704,4649887.650784791,0.004841899249440712,4009991.58402729,ok
4118,4009979.9273902527,0.4005485068907133,4899.772300918053,107785.6199651122,0.0227292485885594,4009924.243318925,ok
4119,4009908.7221506704,0.4432646795002051,5517.809193829526,316130.96281327197,0.008727093899196315,4009884.644931194,ok
4120,4009899.5474432562,0.4298926845310699,3410.128730707594,42864.876098684064,0.039777657619454586,4009831.7239767117,ok
4121,4009893.1772694224,0.41844973238245553,5093.035027754219,428439.4318853028,0.005943704814170409,4009878.0415210156,ok
4122,4009869.9653257905,0.43797876720729345,4687.012743727077,512170.82272615784,0.004575634276450261,4009859.2422977085,ok
4123,4009869.9653257905,0.4647961115209562,4310.160953881273,375291.1409595742,0.005742422993067077,4009857.5899421074,ok
4124,4009869.9653257905,0.4511860143851782,4669.664149658554,430342.50688628654,0.0054255204574672235,4009857.297646604,ok
4125,4009847.6069032545,0.5910311088918319,1702.7305990549144,6483.021942881285,0.13132229183063357,4009735.8036609353,ok
4126,4009688.546584776,0.5667029914609238,2259.591104184865,23505.788085566594,0.048064568096151936,4009634.243449528,ok
4127,4009687.7381132618,0.1716667921532809,20350.263518941367,2392364.9976652013,0.00425316862995445,4009644.461562057,ok
4128,4009655.0133739416,0.4759251389681686,3293.662900727412,49419.835049423345,0.033323289094687535,4009600.1355334306,ok
4129,4009651.816468865,0.4460950611961341,4098.735378426335,90036.43999442719,0.022761536210672183,4009605.169711998,ok
4130,4009541.1517792717,0.40936197968503235,5579.840139791866,451669.1759752492,0.0061769104873537276,4009523.9186927327,ok
4131,4009515.6812194404,0.4386419295815105,1838.52529796169,4534.732404695274,0.20271596357682273,4009329.332005772,ok
4132,4009254.620187515,0.26331426260012075,11370.904190065141,1010275.7298659206,0.005627624149485526,4009222.624600004,ok
4133,4009253.5472934535,0.2533781218940045,4551.413383629253,84300.1472002162,0.026995287284727186,4009192.113937532,ok
4134,4009210.3321381067,0.2546314980453658,7990.763335929056,738412.4633806358,0.005410772252776825,4009188.7140378384,ok
4135,4009185.362756878,0.47784992586220315,2977.875480775617,79455.10358366056,0.018739359376960137,4009157.461017471,ok
4136,4009133.6161168874,0.5878343417357377,1710.2580410395124,4212.2239049180425,0.20301129280457716,4008960.0152689167,ok
4137,4009002.9190949425,0.2233766963119009,6692.062681803525,111512.84553417777,0.030005792829277515,4008902.518771727,ok
4138,4008992.4080268117,0.19608853478021193,10140.964837825362,454241.24919735576,0.011162531865770058,4008935.808605236,ok
4139,4008913.027162744,0.3646371957980138,3985.1226734606016,99234.29300917429,0.02007936244929046,4008873.0178014613,ok
4140,4008853.918794006,0.4041927274621154,2603.259860787706,88578.89207636291,0.01469458355012763,4008834.7918842426,ok
4141,4008841.3329646196,0.529048279046882,1424.946689218135,2151.232662129766,0.3311930676543855,4008605.3667319966,ok
4142,4008585.5241592843,0.1295279994598847,16181.662260200492,754355.2296350518,0.010725492198171007,4008498.7460131217,ok
4143,4008513.0985827134,0.4536790693550183,4291.203138308179,138869.24327705812,0.015450516748862803,4008479.9479297325,ok
4144,4008431.9613368763,0.47078587085597445,3530.990725229723,101722.08165395324,0.017356067963894727,4008401.3192793727,ok
4145,4008395.3070900966,0.5040475008954972,2743.2892092377415,74227.18673690707,0.018479005670531023,4008369.9604616696,ok
4146,4008389.0583279515,0.27742092434704896,4716.232860517905,190340.54667504548,0.012388933789734208,4008359.843779628,ok
4147,4008389.0583279515,0.2790728797872753,5055.2103558456365,192398.24946813897,0.01313736057843597,4008355.852267329,ok
4148,4008360.105369904,0.43925255220129067,3741.7889424409364,184726.5970082922,0.010127910661053782,4008341.1571178436,ok
4149,4008305.78813737,0.623460241164153,2196.333128689291,11293.52362160213,0.09723861224711872,4008199.003944637,ok
4150,4008220.2172730323,0.6462535433926684,2379.518485180683,83108.81831864765,0.01431567993216657,4008203.185060519,ok
4151,4008249.136527665,0.4002156882388788,3441.168458560126,134611.13757969553,0.012781886107019963,4008227.1442160085,ok
4152,4008208.0807585507,0.651438892495805,2530.009470708743,87154.21198876934,0.01451455651411752,4008189.719775829,ok
4153,4008185.847942046,0.6360369013457419,1626.2571531939188,4770.73665707319,0.17044088471984692,4008047.2575880596,ok
4154,4008184.603864069,0.18126864594861758,13027.106917756675,673918.8096105584,0.009665190177200076,4008121.6491311598,ok
4155,4008120.2630067337,0.3631046148435515,5518.502333871795,279413.9290933863,0.009875138207636367,4008093.0150201106,ok
4156,4008110.2211490124,0.4037648565441005,5238.706982299106,227373.30211164587,0.011520057398222533,4008080.0460464484,ok
4157,4008075.185887704,0.5832056138927778,2588.312798088189,44557.56997446351,0.029044591071411465,4008037.5976443114,ok
4158,4008096.6175381807,0.23664289166876581,5614.272528863313,223112.03431539878,0.012581733984207203,4008061.2988964445,ok
4159,4008051.890986706,0.4523760749686834,2743.542894556906,59892.23537787611,0.02290399479370874,4008020.4719406194,ok
4160,4008019.08137756,0.2411463570320174,5348.732220904846,259130.57894484888,0.010320534617497273,4007991.480489537,ok
4161,4008006.891394122,0.6426668645724527,1942.9577623118184,25895.589135587084,0.03751522609002363,4007970.4461442535,ok
4162,4007972.3768573357,0.36891114329651525,4077.1493331989104,116576.44885363338,0.01748701977668724,4007936.7282618247,ok
4163,4007954.9348107376,0.48922012612370275,2107.534835299084,6767.8404181268215,0.15570216679860782,4007790.860940508,ok
4164,4007724.0253014565,0.2127202177170018,6439.498782621167,312113.9683474111,0.01031594134783071,4007690.810555581,ok
4165,4007768.337992229,0.17594618871857134,7736.399922395174,336537.0511225517,0.011494128056018895,4007723.876406529,ok
4166,4007720.614586954,0.5103983070888333,2299.089838997178,21901.422126493584,0.052487227215625154,4007660.27816157,ok
4167,4007677.5003126846,0.13228946880104117,12875.253329137666,571930.2860887899,0.011255963919297354,4007605.0386192226,ok
4168,4007585.5080001364,0.547732663220576,2398.8686134399663,21433.71116200024,0.055960178694880264,4007518.3874419993,ok
4169,4007490.1970043355,0.6555401577229434,1527.3705263467514,3245.611171801042,0.23529782920656955,4007310.5035197134,ok
4170,4007217.908958931,0.4323077239705161,3222.9838094000115,113144.76720298598,0.014242743562403804,4007194.95689298,ok
4171,4007180.778677074,0.3628438390310204,3885.562267356275,199219.10892270243,0.009751981846439951,4007161.8327107267,ok
4172,4007156.732363836,0.39481560752421435,3549.720369440446,162400.6186164309,0.010928900393613718,4007137.3350936645,ok
4173,4007133.5179949375,0.615766283643587,1651.258271000895,8996.051644069887,0.09177683367843877,4007057.7443670887,ok
4174,4007123.376423653,0.3155595392291181,4937.931207628652,69970.06469370845,0.0352860271692207,4007036.256436277,ok
4175,4007092.680704687,0.3406705731933943,3825.1655957624,93675.5135155858,0.020417105026736607,4007053.63130083,ok
4176,4007015.094301042,0.5704173415747507,1871.694916748686,7800.795345136994,0.11996821054378116,4006902.8223561193,ok
4177,4006875.0194373955,0.6555529339852523,2430.5357118905235,50437.32549143381,0.024094613346452336,4006845.7380282944,ok
4178,4006819.6143522738,0.2078598080090989,6037.037810982396,302220.05202393886,0.009987818099019125,4006789.4659345173,ok
4179,4006792.053951099,0.6116690862631029,1604.1240956098968,4488.626386681488,0.17868763820147782,4006648.7353780856,ok
4180,4006621.8671931876,0.5732768460068293,3523.7957042658763,118661.65601043026,0.014848080764843436,4006595.7063915795,ok
4181,4006571.9934884,0.6581922888393826,2124.258991167451,15084.80570332718,0.07041055194694731,4006497.2083643763,ok
4182,4006519.6421079743,0.5656464113793263,1868.7725584335217,9564.925184363445,0.0976888225685526,4006428.3630125336,ok
4183,4006440.6217047498,0.6417776173880303,1770.5962148044866,8620.751139705386,0.10269384802499917,4006349.7070354517,ok
4184,4006301.9693508865,0.660736923674327,1556.8039252271371,5733.737901846772,0.13575820449742815,4006196.294898065,ok
4185,4006325.016177695,0.3427018222361386,6253.318188702613,190931.23004929765,0.01637583905757071,4006273.814511578,ok
4186,4006291.148117562,0.49064300862695226,2839.324917335944,36624.502071257455,0.038762641903112974,4006236.118250053,ok
4187,4006227.485811665,0.5575068219622821,2496.5960265811655,24586.39201039046,0.050771907190084634,4006164.107340789,ok
4188,4006059.1897532064,0.4880709081919995,4354.974500309298,193904.08260248465,0.011229713273333353,4006034.737195731,ok
4189,4006023.636738812,0.5883194586031243,1866.3832326117902,6801.570181519749,0.13720237995065163,4005895.600628105,ok
4190,4005935.200071133,0.4732008774259072,3934.9747367151917,67984.48478144598,0.028940240919418627,4005878.2605126873,ok
4191,4005847.1664156327,0.5749071808524102,2678.812700526043,33061.11325172861,0.04051304443576141,4005792.9029866466,ok
4192,4005747.9500897825,0.5568654300340145,1569.355087437585,3331.8038796833534,0.23551132421196605,4005563.149642382,ok
4193,4005571.001967311,0.3493040110723522,4907.901206357441,172633.8652597029,0.01421476950357975,4005536.1196251134,ok
4194,4005588.69903724,0.2962202197426088,7048.126390505422,546163.0095897196,0.00645240181662981,4005565.960365477,ok
4195,4005588.69903724,0.310558403279427,6761.404882465861,436519.625544604,0.007744674565353505,4005562.51659703,ok
4196,4005573.457638062,0.27279823086989524,7540.3571556228,601499.9531380486,0.006267961548695443,4005549.8263037046,ok
4197,4005559.408858478,0.3379236311907284,5344.746069745579,383357.29344126425,0.006970972199025698,4005540.7798203463,ok
4198,4005522.99091475,0.6226404793451618,1840.2575085507783,8159.763238329871,0.11276414859112013,4005419.23337918,ok
4199,4005378.771548699,0.56744075030829,2612.771202230923,28765.72922338181,0.045414652657356745,4005319.442500388,ok
4200,4005354.370584457,0.6146796560851979,1794.9204609772216,5294.4068926793625,0.1695110044771095,4005202.2411993085,ok
4201,4005142.4445970817,0.2439351818028715,10751.993408851518,713556.4464474221,0.007534087500983547,4005101.9413675056,ok
4202,4005082.8849881953,0.5654619972112962,2627.5526449215013,20893.05905742881,0.06288099405881972,4005000.2734270683,ok
4203,4004932.852008354,0.6125915386272183,2612.269973628352,99346.57925562204,0.013147256771201427,4004915.6799163045,ok
4204,4004849.8885998973,0.5951028205181791,1977.6034796291262,8531.513144163253,0.11589992573486706,4004735.286551686,ok
4205,4004720.355962141,0.4796802802137144,3838.1009618779485,71495.30935757422,0.026841627768069372,4004668.8455234636,ok
4206,4004651.359641227,0.5307966345149643,2582.942236465721,46738.7768753231,0.02763168410842015,4004615.6741192527,ok
4207,4004595.2505404176,0.5814798413603784,1676.9069390712991,14903.504019298081,0.05625881460158379,4004548.0801421227,ok
4208,4004568.8671630383,0.5917345636966024,3465.0058550390568,193968.71390605962,0.008931867890605242,4004553.39267577,ok
4209,4004561.574592651,0.6377048299089204,2919.9257204798896,198283.88085997844,0.007362993168723193,4004550.8248960846,ok
4210,4004561.574592651,0.6652288010696489,3024.3783170767874,209898.09219411592,0.007204396870553286,4004550.6801818097,ok
4211,4004559.1650137003,0.595335077347141,2508.1447829725525,61416.382250788585,0.020419183701921386,4004533.557879163,ok
4212,4004507.037106148,0.5815606273989735,3674.0915939552315,381667.831242384,0.004813205742275334,4004498.195026769,ok
4213,4004507.037106148,0.5415071725060981,3658.3885708398584,213092.84763098392,0.00858402478429296,4004491.335257067,ok
4214,4004501.155184393,0.6037607018435419,3404.6820133991937,404864.1338311817,0.004204721694141054,4004493.9973142315,ok
4215,4004501.155184393,0.587430544663416,3327.2330801705516,222904.2110261323,0.007463369724721085,4004488.7389990743,ok
4216,4004495.9048449174,0.597583861967823,3001.5100454790622,271954.2598409336,0.005518409689987297,4004487.6230638577,ok
4217,4004482.8292417685,0.6157291360663854,1274.4818186631678,1892.4533247588622,0.3367274114476676,4004268.2527599004,ok
4218,4004261.1695656977,0.48151670254807893,5947.364178991269,210342.69779906978,0.014137320290225856,4004219.129669557,ok
4219,4004155.814512436,0.6389104172920169,2456.423940950735,15625.692620883598,0.07860208185804661,4004059.2744945935,ok
4220,4003971.335979346,0.5409531987718412,4420.999376979641,100957.46967939922,0.021895355494838457,4003922.9363028454,ok
4221,4003940.745059685,0.5998357280662597,2122.626434589896,14860.292296862106,0.07141940387801486,4003864.946702378,ok
4222,4003819.645770491,0.5914399488143708,1835.126719959754,6258.173221995789,0.1466184024364953,4003685.1140965163,ok
4223,4003674.4066062914,0.3372098934476741,8983.802686971478,448612.44719681056,0.010012877198467699,4003629.4297497515,ok
4224,4003599.514721742,0.562115828717394,4022.0551657583164,88516.50658312363,0.022719238032633527,4003553.825707396,ok
4225,4003557.185115385,0.5514127666179607,3827.747254407058,94100.42573517966,0.020338628781442623,4003518.2595501463,ok
4226,4003474.768847575,0.5750285362698692,1892.2487945167718,14073.373587611248,0.06722797425709331,4003411.162820952,ok
4227,4003401.4645252903,0.4340690534286649,3071.286827951645,66241.90114713993,0.023182357199633692,4003365.864691136,ok
4228,4003342.596019254,0.5224578206225168,2685.992212927349,21587.411373482915,0.06221200324710333,4003259.045541118,ok
4229,4003326.805366106,0.2681163734094502,5350.867629537332,51886.75759194299,0.05156294089157171,4003188.852130456,ok
4230,4003104.7617298895,0.3043548968611613,2750.100920267027,25676.185088022976,0.053553534351757165,4003031.1229178375,ok
4231,4003009.2677948494,0.6199175354665524,1738.757073734133,6516.729682814052,0.1334071810834498,4002893.2864549514,ok
4232,4002948.3666535467,0.3438455237284797,6618.934719527713,465429.0557147432,0.0071105731778640735,4002924.8344437056,ok
4233,4002919.778424588,0.4975094982046381,3570.398032628388,84237.768347429,0.021192382601487564,4002881.945804015,ok
4234,4002819.757367122,0.5197162272116752,3169.577668829733,65137.1950377165,0.024330013496854194,4002781.199433391,ok
4235,4002781.272596595,0.5543072953785738,2611.0844123116785,59763.14424084183,0.021845273081593293,4002752.752670582,ok
4236,4002763.754642949,0.5722295889004304,1720.1266846691296,6237.466653423831,0.13788664374862256,4002645.1633952633,ok
4237,4002414.3709218483,0.6596662201508916,2133.7886120467456,18615.51704031093,0.05731209633947147,4002353.224972598,ok
4238,4002326.5865421286,0.36537225931279593,4862.809040719834,318078.7243551311,0.007644033801032486,4002308.000803791,ok
4239,4002325.904753185,0.5552594960887315,2335.843618648895,56568.92490284884,0.020645996213119303,4002301.7918439326,ok
4240,4002288.0146133755,0.622899295530343,1515.2004578687909,8123.265723536505,0.09326301203459467,4002217.358534107,ok
4241,4002169.6250029854,0.6393022085416121,1633.0583489375545,2731.2886877441215,0.2989538155130649,4001925.5204908005,ok
4242,4002080.136371932,0.19911432758697384,25502.752055348054,3898434.816761279,0.0032708963024980233,4002038.427943231,ok
4243,4002050.089476321,0.20378064582766278,24366.344225410925,4515284.1672575995,0.0026982071695622707,4002017.2167539783,ok
4244,4002050.089476321,0.2081801123689149,23544.005593573245,4184366.543606903,0.0028133297296271793,4002016.9709508754,ok
4245,4002017.6884571966,0.3698211393712996,12020.108613486449,760191.1917847431,0.007905977301095907,4001970.1731042694,ok
4246,4001964.5063001164,0.4931360090699873,4890.386361945395,119234.92159625115,0.020507357645208335,4001914.3618490426,ok
4247,4001926.539491693,0.5457035578464406,3654.028631748826,63580.37215846577,0.02873550836287681,4001874.03930654,ok
4248,4001899.151806672,0.6134396100610546,3001.400860372545,34081.247693967955,0.044033024954420366,4001833.071427181,ok
4249,4001820.426551531,0.5513026399995253,3707.5256265317657,167204.13883043895,0.011086823724774996,4001799.8742099926,ok
4250,4001805.218426231,0.589246324915622,2488.415635680938,13808.254370549435,0.09010609049136177,4001693.1077240068,ok
4251,4001717.4903707015,0.42314422687623787,6051.722891800696,321979.26767128013,0.009397690316475766,4001689.054261892,ok
4252,4001689.7423327193,0.562616534002052,3617.168468195374,82784.13512256902,0.02184699074792438,4001650.23020969,ok
4253,4001616.6576444693,0.46669842811656304,5111.898649259295,230468.93865571913,0.011090211720234435,4001588.311625313,ok
4254,4001564.546610417,0.6728512687656715,2306.7825054320692,20660.484145119637,0.05582595473632623,4001500.1574425497,ok
4255,4001511.201597158,0.5268876805918661,2096.461608062614,17009.5066741795,0.06162617318129075,4001446.6031440943,ok
4256,4001342.383224425,0.6520768196393005,2658.985799566057,71358.9584816717,0.018631058076954754,4001317.6133649964,ok
4257,4001318.40555161,0.6789200898622005,1610.8065682664658,12374.43446509887,0.06508606808697483,4001265.985018621,ok
4258,4001169.979722022,0.6300648780670698,1176.0018217691904,1908.0914842032157,0.3081618023834605,4000988.780301521,ok
4259,4001087.606384824,0.0889760101992081,59432.25281802533,7175349.385344108,0.004141418739791103,4000964.5394620397,ok
4260,4000963.8355778037,0.4698217684085139,6738.510902994189,432121.8217291617,0.00779700371995752,4000937.565480515,ok
4261,4000923.5504934504,0.6079341221753445,2590.744930843849,71589.81456818833,0.018094368217536027,4000900.111547082,ok
4262,4000880.6102683707,0.4890416536633582,1584.198508895543,11089.540062320662,0.0714276020462847,4000824.032518043,ok
4263,4000851.894247404,0.2673199001260017,3776.423319591656,80080.92622903133,0.02357879396144277,4000807.372493722,ok
4264,4000774.0001744013,0.5867015472056724,1742.2080346045857,5496.305874179949,0.15848899920117018,4000635.9397704992,ok
4265,4000536.473778625,0.2294054611445686,14183.559062869774,1887102.753874689,0.003758025108528779,4000509.822693082,ok
4266,4000497.475105812,0.5378737057415784,5204.628888510011,579397.9218948012,0.00449141142195449,4000485.787040993,ok
4267,4000482.1206235886,0.545106064244578,4407.117590416226,384780.5828557089,0.005726793121560499,4000469.501298237,ok
4268,4000482.1206235886,0.5359809594196057,4312.10133228452,317190.72674670053,0.006797331965710399,4000467.465231476,ok
4269,4000482.1206235886,0.5355816636342695,4393.81552494629,353495.9011316407,0.006214804062621998,4000468.467272301,ok
4270,4000478.861573207,0.6289944851146363,1732.278428563598,12902.450984005134,0.06712982016793022,4000420.717803512,ok
4271,4000430.4194412623,0.4975854530796543,1617.597764353834,757.7107463827683,1.0,3999570.5324232914,ok
4272,3999246.6185762314,0.23144331489224235,20372.01421305377,1910919.3761809382,0.005330422221624074,3999192.322857601,ok
4273,3999213.174562579,0.22883947252644873,18084.65545970766,1742859.2005355835,0.005188214703215904,3999166.2610249,ok
4274,3999107.9651209675,0.2718551361155213,7984.955658335546,156449.9538388806,0.02551920106847338,3999006.080276483,ok
4275,3998958.436198621,0.43482683940467565,5393.915588655771,217906.45620467924,0.01237667686080231,3998925.0568234934,ok
4276,3998905.326100924,0.5524991164427755,5219.608600831154,396052.509206764,0.006589541133428591,3998888.1286881366,ok
4277,3998884.7060217643,0.5552856832485938,4891.417826345534,397346.13236850215,0.0061551093969239795,3998869.6524158507,ok
4278,3998842.7035574093,0.4953330528454869,1941.7581777400073,6968.656482342955,0.13932084202026573,3998707.439865248,ok
4279,3998738.994937908,0.5093363242910803,4464.344740255747,249242.89850558277,0.00895581131302674,3998719.004023343,ok
4280,3998725.215134073,0.6049838896877036,2893.0512572514263,62422.99112750565,0.0231729624373659,3998691.694850016,ok
4281,3998696.2477846043,0.5688970671418668,2646.4347082763943,59461.9462856983,0.02225317933221529,3998666.8019915274,ok
4282,3998662.5356328394,0.5612141703810796,1593.7222314753435,5429.134559687702,0.14677497987515514,3998545.576358614,ok
4283,3998639.1462248135,0.2650181058286005,6597.145001946825,203439.7152983213,0.016214004704717705,3998585.6631547636,ok
4284,3998573.1614858145,0.6183422103585569,1751.431251264041,10172.110482146705,0.0860898657332722,3998497.771245183,ok
4285,3998437.7307608607,0.5012587619379577,5829.013751530206,1480012.477838694,0.001969244799896041,3998431.9913833514,ok
4286,3998416.4204638978,0.6386924416274278,1067.0877315249027,1168.8589635038472,0.4564655637862978,3998172.876062408,ok
4287,3998050.0259513976,0.28476260518777513,13665.210453849935,764542.7721835163,0.00893685150853131,3997988.963973068,ok
4288,3998021.923518833,0.21494255761305717,10566.387806409086,516537.398787405,0.01022809561438742,3997967.8865064415,ok
4289,3997963.013097924,0.42702766490923777,4367.662142417425,155945.61756663557,0.014003798922246475,3997932.431166723,ok
4290,3997933.9242591606,0.6153636838281642,2490.61903619575,26175.437739498284,0.04757549923295932,3997874.6780371373,ok
4291,3997880.362606628,0.3965299918335566,3847.355588985053,110557.47616388566,0.0173997983785461,3997846.8910008585,ok
4292,3997838.154401836,0.6722609326716935,2054.8055220441356,18865.312210941272,0.05445988645903286,3997782.2021641233,ok
4293,3997777.8817987004,0.5453121661719602,2212.856684986975,25169.749289068226,0.043958655677751764,3997729.2446961603,ok
4294,3997786.783811477,0.37004631633789803,3401.317876877462,67466.12262461263,0.02520759860324781,3997743.9142835955,ok
4295,3997735.8673245986,0.6310497104015013,1143.4936691283992,1239.2174000932844,0.4613773455094807,3997472.0762877637,ok
4296,3997216.509795945,0.3968876233195844,4558.346752002799,105284.6477124216,0.02164772761767526,3997167.1708715083,ok
4297,3997170.5854296973,0.5838880846575659,3332.6178036010742,46739.08629555633,0.03565129389272977,3997111.179361323,ok
4298,3997097.125183036,0.6125047248841876,2108.3405958560647,7912.7426260568745,0.13322438852700974,3996956.6839896915,ok
4299,3996954.368575733,0.3151778261822782,13047.855048047655,2183098.886041607,0.0029883793014310075,3996934.8726057564,ok
4300,3996969.1600773856,0.40250340771462545,6038.762540236958,189008.28892653028,0.01597486167017864,3996920.9258792656,ok
4301,3996907.650805453,0.5023411372578102,4218.801116008835,83964.78807149948,0.025122442472053596,3996854.657511284,ok
4302,3996848.8626554757,0.562469594812456,2434.518939079442,27641.918781375687,0.04403672115410001,3996795.258539643,ok
4303,3996800.6350229383,0.6368077251519418,1747.8679891880756,8113.598437883913,0.10771225631693529,3996706.5016205087,ok
4304,3996727.39497965,0.5945318500110773,1598.4949188355617,5819.340471351283,0.13734330605890657,3996617.6236912142,ok
4305,3996588.2036893736,0.5955873499241632,3285.9761741700777,146376.40900382443,0.011224404931549536,3996569.7621257864,ok
4306,3996549.7277670596,0.5775684691809013,2243.174365880767,27598.498483018317,0.04063942767141877,3996504.147105861,ok
4307,3996524.983470955,0.47097254138709144,1568.6734366748524,7990.778274658471,0.09815523486927799,3996447.9967161496,ok
4308,3996474.136583886,0.384717111150312,4225.468284749217,338783.79416575097,0.006236231421804512,3996460.9610848418,ok
4309,3996455.598023136,0.5252198859690541,1216.2178032777347,779.1591941374325,0.780468107434802,3995980.98841956,ok
4310,3995756.677835992,0.3980692651736877,9733.079361982745,501646.3541543125,0.009701136349720915,3995709.4668709957,ok
4311,3995580.3044962897,0.3145833382500251,9238.933210496398,337778.739549137,0.01367601350935884,3995517.12860859,ok
4312,3995615.6284513045,0.3384056060702818,7757.761050400588,232887.46306997913,0.016655600409175953,3995551.0233672415,ok
4313,3995535.0939250374,0.44650485449641986,3616.8799212856566,43973.47138358612,0.04112570383328574,3995460.7205588156,ok
4314,3995458.0655145473,0.5522495952398697,3969.5317586496567,391491.8128976567,0.005069750666391799,3995448.003246408,ok
4315,3995472.658180901,0.32251518726336564,4447.291184683088,252672.02866413834,0.008800521387736598,3995453.088940307,ok
4316,3995443.6064041536,0.583174321252502,1765.3316242635883,3909.103263070267,0.2257975174179808,3995244.3026550645,ok
4317,3995163.510556823,0.23099469874730377,19906.491027020544,4269584.803195553,0.0023311975220777457,3995140.3075755453,ok
4318,3995150.486689077,0.33274493533445565,11721.151092692238,2528447.0711534894,0.002317855735723389,3995136.9027204327,ok
4319,3995127.995412157,0.5737289870684332,3279.5498611050784,59745.13466847186,0.02744616678247887,3995082.9898759276,ok
4320,3995143.5911100456,0.520946395796621,3268.126301114745,69616.48891397643,0.023472358000940677,3995105.23579478,ok
4321,3995212.4216915844,0.30193174760089575,5104.724511452943,125595.31307554641,0.02032211388486455,3995160.5522951484,ok
4322,3995153.615485215,0.5552612060629794,3511.50349725168,86567.79802337225,0.020281811351512125,3995118.0056594694,ok
4323,3995139.0910279257,0.6318740766310932,2340.8610675273494,28240.911996274186,0.041444502001850694,3995090.583117326,ok
4324,3995088.3535748646,0.561688690101715,2816.2117904984757,64922.51502006472,0.021689022595844504,3995057.813134285,ok
4325,3994979.9876701254,0.5976534810376344,2607.204915181718,90142.83511266294,0.014461520496460774,3994961.135596466,ok
4326,3994965.5985648097,0.6633890873739172,1614.4931036859593,8893.105250937631,0.09077218014009998,3994892.3230353883,ok
4327,3994891.929057894,0.6295102768585857,1626.8907688435252,5124.652255153587,0.1587318209940439,3994762.8093907456,ok
4328,3994825.6883982257,0.34918976318231604,10347.99017697545,677459.8272286921,0.00763734598057742,3994786.1728076334,ok
4329,3994787.583601573,0.38308656107054434,4338.909966901986,128983.96886577274,0.01681957069958545,3994751.094300099,ok
4330,3994752.7041919497,0.5454983652557547,2374.6182509953815,23783.47519545933,0.04992159958711031,3994693.4318212005,ok
4331,3994688.2635504827,0.6505025266276311,1591.7992948362662,5923.426951764339,0.13436472736125635,3994581.3227113504,ok
4332,3994598.909384193,0.6260063979485859,2252.3862941595844,27321.576731264282,0.041219917801855153,3994552.487795241,ok
4333,3994593.2934114793,0.48585182498366813,2588.3830611594412,50145.55887263558,0.025808696915051447,3994559.8920145165,ok
4334,3994560.564223537,0.5941266309221758,1429.1305718100189,1791.5102097409235,0.3988619668588689,3994275.551308152,ok
4335,3994487.0201946963,0.2501552052433018,13818.783239994395,354545.7835404566,0.01948800956254717,3994352.3699047347,ok
4336,3994399.2603633604,0.2918015096567392,9200.90524004881,391057.29856597673,0.01176413951841445,3994345.139996891,ok
4337,3994398.577107096,0.2734239079290847,11215.066105166621,725572.3915548106,0.007728426712277559,3994355.239698862,ok
4338,3994351.8249452636,0.39426002350547,7082.623650283009,183086.8012327643,0.01934225624838635,3994283.3279844862,ok
4339,3994284.8963626847,0.4603747966463348,4589.709170319292,71759.11140453974,0.03197997495011435,3994211.5069705374,ok
4340,3994212.418495855,0.5741915174786388,3518.9764493438397,62677.654458740304,0.028072017689018066,3994163.0261112885,ok
4341,3994168.108174562,0.6821321796402424,1775.015913715475,12710.721115114637,0.0698235724645378,3994106.1391984234,ok
4342,3994064.6666705785,0.6641381158195692,2692.5433206405182,182672.13669467764,0.007369879636161743,3994054.7448104843,ok
4343,3994064.6666705785,0.6064301488708691,2829.0119325443684,149779.7794157631,0.009443904723252109,3994051.3082110025,ok
4344,3994062.2737308587,0.6045091781432256,1410.7834793544964,8357.143859717133,0.08440583906630558,3994002.734549201,ok
4345,3994036.33908201,0.11536750065177168,31457.339144567763,2997674.682867083,0.005246956803611666,3993953.811432186,ok
4346,3993938.583383387,0.313288892872577,10103.36472727657,1688125.2156746823,0.0029924808401249497,3993923.4663207033,ok
4347,3993939.108501345,0.5284648746166003,2099.1283679950484,19647.11637041734,0.05342077504960742,3993883.0399691714,ok
4348,3993867.0694020716,0.6831514227816544,2010.6816131119006,29838.320185114426,0.03369294250879073,3993833.1965120747,ok
4349,3993832.523952196,0.7340139386375213,1411.001297383391,5354.155488899931,0.13176693320810678,3993739.5622953414,ok
4350,3993708.5986562045,0.6130651395145965,2645.0433500269473,34173.729521131696,0.038699951499167745,3993657.417131525,ok
4351,3993625.681505216,0.4180808465610018,3505.0373058008736,72795.09537316089,0.024074680360218058,3993583.4901788216,ok
4352,3993572.5968121057,0.7072364198939093,2997.688198859315,172404.71486070188,0.008693753535920877,3993559.5662309164,ok
4353,3993559.558733025,0.6187287937218847,1603.265429110503,6115.279952049953,0.13108683835259735,3993454.475234954,ok
4354,3993437.9972320767,0.4015188872533208,5886.049995792797,988265.0594957389,0.0029779713140906483,3993429.2329880563,ok
4355,3993433.184937352,0.5420470931770601,1263.4053674899806,1373.2074435740283,0.46001985111649724,3993142.5891628256,ok
4356,3993112.7873691935,0.2797709204922026,12818.356863485382,607237.8101438732,0.010554643213379879,3993045.1407775553,ok
4357,3992978.0377912177,0.5138780608921851,4844.147957073605,173995.68410729093,0.013920310673012321,3992944.3217689637,ok
4358,3992932.889145457,0.5097136199751929,2704.3494830208847,26135.62487672252,0.051736843786533905,3992862.9318920835,ok
4359,3992815.7029688945,0.6147293090793591,2033.622042175311,8634.443728177761,0.11776219211081086,3992695.9610740887,ok
4360,3992809.0075145336,0.14565549362102995,9131.874536394185,355318.0938365375,0.01285028076925807,3992750.3339386624,ok
4361,3992750.0381009015,0.5644665194660893,2032.1533167010666,16137.71689966046,0.06296285061066549,3992686.063018053,ok
4362,3992659.3906473485,0.21157683075820974,5901.746501535939,233332.43392547523,0.012646648393983917,3992622.071990891,ok
4363,3992596.4272358213,0.564822542226333,1778.2441836777964,6359.245707075261,0.1398156531127058,3992472.1140498538,ok
4364,3992514.3458756097,0.46487540684962353,4428.327889148484,131044.3030292377,0.01689630066619709,3992476.9346958776,ok
4365,3992498.032377028,0.4953323253765688,3828.33418961779,96116.59541461222,0.019915053030664168,3992459.911637825,ok
4366,3992469.5854060883,0.47589776198751427,3143.220532419845,96850.8155107134,0.016227124758036497,3992444.082690228,ok
4367,3992463.7590636695,0.5210026425880152,3010.3917474877,117800.28392130179,0.01277752331012562,3992444.526388306,ok
4368,3992417.5272662463,0.5994744278402818,1906.9462909571953,25404.952584108283,0.037530994884636376,3992381.742470501,ok
4369,3992345.9976368407,0.7270583716600978,2415.086254943995,77322.01684917066,0.015617067126268957,3992327.1393547608,ok
4370,3992283.78584609,0.587485368415036,1697.9277984318342,8400.50287731769,0.10106108070127753,3992197.988636959,ok
4371,3992238.874393753,0.5557550740278544,2518.142622137584,26174.860511673774,0.04810231215968683,3992178.3101525167,ok
4372,3992126.565838463,0.6320739038115608,1899.7004287796176,10335.293771179677,0.0919035525664978,3992039.2712293547,ok
4373,3992074.609154443,0.36617432473080175,3887.0672115785756,93278.08990539693,0.02083590699338321,3992034.1138689937,ok
4374,3992075.7642282126,0.5236947252580706,2589.005271349969,30694.48651568243,0.04217378371889678,3992021.170154032,ok
4375,3991950.2788063334,0.6370101740326325,1568.0030697946554,8126.3665531912575,0.09647627014676652,3991874.6412624572,ok
4376,3991862.804392791,0.5276247494902468,2480.089633076802,51778.972188358675,0.023948810957997287,3991833.1067939005,ok
4377,3991871.4527791105,0.42236843086250014,3627.6646637601734,142893.0664580123,0.012693634315791406,3991848.428654779,ok
4378,3991859.1857648105,0.6750432712091022,2118.8705130458275,54668.29152181924,0.019379337217810644,3991838.654611714,ok
4379,3991849.0133522716,0.5414137871097027,2285.9569142958394,48835.127043616616,0.023404842504598785,3991822.2621214963,ok
4380,3991839.3120193593,0.5971001070192771,2385.6905972882187,99916.40554683025,0.011938432854102518,3991825.071315856,ok
4381,3991796.4715210763,0.5134977487707431,1383.438733735208,1571.0430482598713,0.4402930700299846,3991491.9122774387,ok
4382,3991350.584636907,0.446297126584674,3891.5253672339536,41670.786581633554,0.04669368743028657,3991259.7298023445,ok
4383,3991197.9131943155,0.5036034436133879,3466.9127015731838,57283.27129253387,0.03026112705634752,3991145.4568514377,ok
4384,3991151.5240528677,0.5785862483725542,2278.364596610755,13832.56638217998,0.08235509354019417,3991057.7065881314,ok
4385,3991071.0128009133,0.495096562006128,4102.05884442606,121887.95116044662,0.016827171206718925,3991036.4997776756,ok
4386,3991011.883618961,0.6569981822793994,2259.1854364346646,36402.8484101277,0.031030338766102335,3990976.831974247,ok
4387,3990998.6133925198,0.4857765663457273,2799.730706313185,48919.82220255625,0.028615503698282942,3990958.5555403293,ok
4388,3990894.726059776,0.5284415554837305,4173.508091089295,399031.4962649094,0.005229547203861049,3990883.8132809917,ok
4389,3990869.95307927,0.6622189241396786,1686.048641973422,4972.698165699403,0.1695305632667815,3990727.034691286,ok
4390,3990614.3918169024,0.5746925958893883,4615.669010293972,128877.06352821572,0.017907255503549862,3990573.064834759,ok
4391,3990588.6379503016,0.5655074902031598,2328.1604060402096,22086.610627635393,0.0527052440343008,3990527.2848191257,ok
4392,3990530.77497684,0.5657599314158556,4200.741936309522,212652.04468308235,0.009877031614179712,3990510.029546386,ok
4393,3990526.733286707,0.6158552207377906,2577.318533578484,93193.19236551199,0.013827826197164765,3990508.9139303383,ok
4394,3990526.733286707,0.5824838158213091,2756.320408373759,94970.70755389742,0.014511423992547927,3990506.734219655,ok
4395,3990511.9780481234,0.7517637146348779,1562.9447266536808,12559.868455215017,0.06221978885474419,3990463.3550026817,ok
4396,3990452.3171385387,0.5505102623792626,2531.269998849407,75376.38623901077,0.016790868633732386,3990431.0660275253,ok
4397,3990433.168944508,0.6308621139414448,1522.592843485923,11543.345909165599,0.06595110531500924,3990382.960604022,ok
4398,3990346.851019605,0.4272610043520505,4877.2902675853875,403230.9848574044,0.006047762263743393,3990332.10267359,ok
4399,3990327.2774955425,0.5500427149251519,2477.8722637644423,119529.21125808377,0.010365132663739817,3990314.435758174,ok
4400,3990320.555802253,0.5563849834497829,2118.1481702473575,91581.10173302551,0.011564330031877753,3990308.3083200045,ok
4401,3990322.515041963,0.6560213436910456,1277.4765199625058,7712.208229497729,0.082821708254479,3990269.613648144,ok
4402,3990199.943392356,0.23737831890015043,6068.286263017315,370262.1851995449,0.008194580091600418,3990175.079863455,ok
4403,3990147.765250996,0.5788724689082323,2047.1911362535254,56601.817303141834,0.018084146709366263,3990129.254398571,ok
4404,3990123.7677029604,0.65187759843027,1063.1723156683847,2271.713780138324,0.2340022596516645,3989999.3753408277,ok
4405,3989957.6956923623,0.6622317086679371,2501.977186446105,36025.42418618273,0.03472515928633699,3989914.254914197,ok
4406,3989890.9384820582,0.535443800757212,4029.198223641457,268337.3353023988,0.007507710805693162,3989875.813454537,ok
4407,3989842.2300684485,0.6900884031520711,1991.2096667464302,22027.32179526709,0.04519863298075285,3989797.2300909907,ok
4408,3989737.1398430173,0.7235697161712256,1249.421466134183,3080.905016067188,0.20276857930029343,3989610.4681352,ok
4409,3989587.768070924,0.21901973493379034,19992.2929195245,4528279.376015206,0.0022074933169336955,3989565.7016444188,ok
4410,3989563.820946063,0.4552556887321958,7643.026751333091,1651403.2342649056,0.0023141006971368976,3989554.977579296,ok
4411,3989563.820946063,0.45910164127818437,7400.38340403867,1389021.2675836596,0.002663884123571546,3989553.964064134,ok
4412,3989563.820946063,0.4507267056053138,7680.750708665553,1649946.0863128607,0.0023275762682130265,3989554.882179527,ok
4413,3989560.2894486375,0.6711345261523249,2469.445066168622,54917.62287082193,0.022483175136488412,3989532.5289656813,ok
4414,3989554.278961459,0.6333538966457056,1898.9696735723926,18663.473355619954,0.050873962134185866,3989505.974905825,ok
4415,3989498.2453057915,0.6406930881685994,2784.6779707695523,206615.72730100105,0.006738785103983855,3989488.862632577,ok
4416,3989519.0824080342,0.25343680161429116,4604.454743266566,282964.2334128067,0.00813610732305748,3989500.351239057,ok
4417,3989499.8169938186,0.7046242139036888,1381.8631933651252,21635.231594929628,0.03193548419627213,3989477.7517587324,ok
4418,3989481.0277713663,0.588827963863187,1266.389553188871,5583.054125094661,0.11341369121756449,3989409.214814493,ok
4419,3989395.5900381273,0.6492320805250412,1303.7635481167697,3662.7976875831137,0.1779737320104423,3989279.572205968,ok
4420,3989389.6916289236,0.2811921839747081,8653.617595539008,305597.3815564416,0.014158527065031066,3989328.4303894555,ok
4421,3989336.2634589337,0.37313384804326793,5650.043800291631,162469.45799756504,0.01738801824640884,3989287.141926587,ok
4422,3989276.0906430082,0.6373488221988564,2567.308187393357,35174.07374543274,0.03649432542238181,3989229.244552783,ok
4423,3989248.4874437526,0.6352794847148091,1962.4307868373792,14076.279676232842,0.06970701179484429,3989180.0898507503,ok
4424,3989189.4294275115,0.6650504649335149,1732.570506935513,15606.888771137197,0.055506594951187996,3989141.344882835,ok
4425,3989066.9243971175,0.6839293303743813,2227.302997087,48633.08239943747,0.022899052324028335,3989041.422833182,ok
4426,3989069.240168281,0.2720804790889462,6424.541428388192,226378.8354421339,0.014189801391637624,3989023.6586848306,ok
4427,3989034.767636811,0.49639791620837725,2039.768283520571,25077.365830294395,0.040669508458828135,3988993.2894500806,ok
4428,3988969.8701735497,0.4204023758233842,3644.284550673171,220578.10572708154,0.008260757654665413,3988954.817897801,ok
4429,3989004.1289822543,0.30874190612838837,4745.486269762484,187440.56625396997,0.012658642588959781,3988974.0932749547,ok
4430,3988965.1652307906,0.5435058472374313,1930.224299723512,38735.96921571741,0.024915141389315092,3988941.11932512,ok
4431,3988968.179768042,0.3771466496997389,4873.594111524332,375922.4718678194,0.006482179805997298,3988952.3840113757,ok
4432,3988944.031391614,0.49551012377906917,3782.373314366032,280387.5209658075,0.006744903092222999,3988931.275520882,ok
4433,3988924.3213560125,0.643185803125549,1565.1019892144257,13400.490665515386,0.0583971896358256,3988878.6225771806,ok
4434,3988956.248291492,0.2305171654794009,8304.465888028873,430781.1281606092,0.009638845976712213,3988916.225557685,ok
4435,3989031.113584031,0.16782492036410454,16209.33453974844,1029255.1342966617,0.007874303464526819,3988967.294974469,ok
4436,3988918.6610604194,0.6974187885529528,1315.3908323046312,2149.4786643388643,0.30597903904043133,3988717.420049004,ok
4437,3988772.1335207745,0.18609274599356163,14770.535253009111,799106.9794299634,0.009241901042802526,3988703.8796081957,ok
4438,3988691.4466847535,0.5200230963370911,5549.9464432489185,200270.2561423408,0.01385614256992893,3988652.9962601666,ok
4439,3988691.8840632616,0.19836207975223258,15689.459201916054,1318552.3360295785,0.005949501879144257,3988645.211829759,ok
4440,3988687.02224609,0.2838759812566592,10110.97201323257,828555.6426320408,0.00610156487566329,3988656.1758702425,ok
4441,3988664.8468345553,0.6383072633422301,1916.3187513549979,10736.348123348165,0.08924443997804105,3988579.3364376635,ok
4442,3988559.2936252225,0.5650975484688168,3369.5176550947426,154081.2995582295,0.010934220001893721,3988540.8721015523,ok
4443,3988532.2303048423,0.646292044213762,1715.321695951,5774.557317123735,0.14852408606841827,3988404.84701124,ok
4444,3988294.747805709,0.5783015700662896,2726.9005412870324,89326.15299145365,0.01526372988181821,3988273.9364690706,ok
4445,3988284.806690287,0.6538348962051127,1846.024398317237,6611.650397261525,0.13960390276245102,3988155.9505849867,ok
4446,3988291.757180283,0.3584250816578007,6000.990931174649,92062.22872126897,0.032592035922481694,3988193.964924283,ok
4447,3988250.081707271,0.378305697311529,3792.029133468288,63918.348258395185,0.029663072003509056,3988193.840090658,ok
4448,3988170.544802663,0.682240282077378,2102.1279553262043,22134.79296598988,0.047484698830391706,3988120.6353462324,ok
4449,3988141.9188299547,0.6856151165253951,1284.5257913596733,3104.055872000767,0.2069108682846795,3988009.0276565426,ok
4450,3987986.855065083,0.4289319607659309,4311.416982182154,194314.41032841997,0.01109391983562934,3987962.9398078937,ok
4451,3987984.2689929674,0.4400199657309615,4338.808921392963,159645.78477206832,0.013588861514845592,3987954.789256181,ok
4452,3987930.5869754236,0.6170877254523236,2504.6365118750036,31259.150544169977,0.04006245320607622,3987880.4160338957,ok
4453,3987870.3044875497,0.6652002438432852,2173.94530348996,36228.00664147882,0.030003656080278614,3987837.6913339384,ok
4454,3987858.202189712,0.6446171248656132,2371.7213456351683,28743.6250445011,0.04125647586139972,3987809.2777574887,ok
4455,3987772.287653517,0.6345729319135817,1753.802957240429,4561.301062538185,0.19224810346814802,3987603.7050073235,ok
4456,3987685.180439164,0.3717242643607712,8494.395267615473,251511.29111685322,0.016886707610412888,3987613.459254558,ok
4457,3987632.5944529204,0.5055833730011312,3845.2120819472784,69018.85680191967,0.027856242917662533,3987579.037872008,ok
4458,3987611.130045158,0.5280139081504369,3315.7419204956504,67181.60029958925,0.024677455625568976,3987570.2180081033,ok
4459,3987571.254063493,0.5367057883538713,2649.328652228587,37716.28886212604,0.03512180986195849,3987524.7294549,ok
4460,3987555.095971924,0.660579714789165,1665.006919602492,9928.171492084135,0.08385264703223673,3987485.2883531563,ok
4461,3987440.8288223166,0.5354218502962312,1845.1018331931555,9389.184303041156,0.09825676936576519,3987350.1819496765,ok
4462,3987328.0857976843,0.39934283440688284,3797.7486437655166,242661.01150238872,0.007825213906948814,3987313.2266999334,ok
4463,3987217.4096319424,0.616731795344713,1515.3842105218966,5387.575194153102,0.14063694295779636,3987110.850130555,ok
4464,3987102.9184754547,0.5971933741679457,2048.778986682134,34761.28042949623,0.02946926812488284,3987072.730466811,ok
4465,3987081.2709270483,0.6422169486567914,1716.9910980193465,6283.425490128039,0.1366285874414307,3986963.9758928623,ok
4466,3986899.9286827985,0.40187863280247493,4785.29586821691,306766.7449035717,0.007799567501557425,3986881.267063729,ok
4467,3986883.091424097,0.5973382955583532,2542.0703771790377,27483.560558105903,0.046247107826596516,3986824.3097226787,ok
4468,3986804.4325286886,0.6195910971993821,1871.32455443665,12738.674054066863,0.07345052344122203,3986735.7076446624,ok
4469,3986903.3775994712,0.12164637219854217,15343.256032660447,715623.8091440361,0.01072019672669405,3986821.136237922,ok
4470,3986811.01521413,0.4347044413564787,3576.8489011842025,138166.60197356952,0.012943970721189312,3986787.8659004043,ok
4471,3986786.7443560464,0.6034426770694475,2247.2921161571494,24222.01265850396,0.04638945879190103,3986734.619023538,ok
4472,3986633.511825565,0.619820443039894,4010.676097686694,306879.393166517,0.006534612924482755,3986620.4077176326,ok
4473,3986621.679766359,0.6194003750750107,2582.2221659040333,46429.55033672099,0.02780796009413171,3986585.776600887,ok
4474,3986582.24487534,0.7563435207464859,2410.249618570003,47928.39269173148,0.02514427756916846,3986551.9428826296,ok
4475,3986555.8643892193,0.3649758527609368,4522.962924003354,291851.5047150622,0.007748740114290607,3986538.3407570967,ok
4476,3986518.11933258,0.6436203097409713,1667.6156694016768,9217.12682983195,0.09046287960388635,3986442.6906748163,ok
4477,3986336.4819131405,0.33307843897163936,4978.585412704265,277207.15974987403,0.008979900478033247,3986314.128312377,ok
4478,3986325.712725948,0.41708124316979095,3701.11088383408,253135.50473725432,0.007310532925192975,3986312.1841794597,ok
4479,3986333.54131817,0.3116288842402909,4308.965265948168,212242.9055395192,0.010151023081301173,3986311.6711152345,ok
4480,3986305.778066044,0.6590934973367608,1378.2317018025033,4473.610566406809,0.15404019654190584,3986199.6265249313,ok
4481,3986140.673653677,0.39334814251052885,3315.2471935455383,129261.70922300825,0.012823779035081152,3986119.416654949,ok
4482,3986109.39454536,0.6691580410717373,1415.5937363288365,8442.87394332679,0.08383364159118564,3986050.057356395,ok
4483,3986060.430367377,0.613272135852112,1845.744508721866,20099.836659495424,0.045914415624116835,3986018.057227122,ok
4484,3986020.3238383243,0.6814852849757647,1438.1114426809104,11366.717060055471,0.06325975367745681,3985974.836550512,ok
4485,3986068.8307391624,0.20805034044960125,12149.217024681924,856621.5033483738,0.007091356554320023,3986025.753524273,ok
4486,3986015.794490626,0.34520172653412556,5087.3604384182945,353743.5281615899,0.007190747015015905,3985997.5035296828,ok
4487,3985997.2925138096,0.6093538816960977,2195.9338051300856,98239.54727162204,0.01117642469920265,3985985.0211694012,ok
4488,3985990.2199828397,0.6223511264964924,1843.1361543380149,27936.513602051782,0.03298794152686695,3985959.819348997,ok
4489,3986013.7788380003,0.3101168510272062,7155.472812111077,548273.1530949224,0.006525463422492484,3985990.432449947,ok
4490,3986013.7788380003,0.3280101261620374,7430.904566173258,665871.4412904234,0.005579834263332094,3985993.0472300476,ok
4491,3985997.5498053827,0.5747629523375041,2654.6197265335877,158839.00364376177,0.008356322016748702,3985986.458376749,ok
4492,3985989.576423727,0.7022170896604532,1655.337137278132,10242.026907812868,0.08081101290680073,3985922.691688344,ok
4493,3986070.9437802406,0.13701642846586667,16673.089107987722,531556.2015448414,0.01568327964148604,3985940.1994207567,ok
4494,3985916.872287694,0.6053396214878828,2169.725941039863,36560.125440067786,0.02967339300567564,3985884.6807224127,ok
4495,3985899.4721785346,0.6333742224155363,1670.051587636767,8355.108088365088,0.09994194988107924,3985816.0180724994,ok
4496,3985719.552874959,0.5621883383711922,1656.8622095147196,6907.0796618628765,0.11993941655711662,3985620.191331597,ok
4497,3985524.430159558,0.6154270947749355,1474.1105917458522,4571.924687095248,0.16121335024466704,3985405.6070059948,ok
4498,3985348.4728799453,0.7164206264652244,3701.538226907759,573883.0489771037,0.003224993518719038,3985342.5041615497,ok
4499,3985341.3697070107,0.5625593854523815,1492.5727862977099,2619.8048689940592,0.28486335069505025,3985128.78006448,ok
4500,3985193.0831064717,0.311351306876691,7218.1287346784875,153018.62155251007,0.023585785381688023,3985107.960488875,ok
4501,3985167.0630222317,0.3422185309361802,4905.206848053673,90077.71492701065,0.027227638112425078,3985100.284423769,ok
4502,3985097.441935206,0.6226520378438649,1961.798682726932,15503.98861854649,0.06326754782250518,3985035.3828392173,ok
4503,3985000.151931733,0.34651316637717006,8651.658078578479,969013.5794342221,0.004464157294694427,3984980.840750471,ok
4504,3984963.297568584,0.6147099219614283,1947.6437580482693,15013.770594651838,0.06486191279431341,3984900.1336187897,ok
4505,3984869.2161758943,0.6712910831026235,1440.563514220944,13802.465686276251,0.052185006178037154,3984831.6282679494,ok
4506,3984822.9901706195,0.2794408343186914,11676.215575241982,1154472.746449465,0.00505694725629155,3984793.467167461,ok
4507,3984783.3502490874,0.45979178759982176,5126.283404760561,456128.17290530994,0.005619345295104972,3984768.947070821,ok
4508,3984772.651893571,0.6843782746390242,1954.9543848439992,13565.60643040948,0.07205554705102073,3984702.219239741,ok
4509,3984760.390607651,0.43751501442170576,3407.808544933463,171799.22940419376,0.009917997178310614,3984743.4912898843,ok
4510,3984746.022427131,0.6668756218350583,1780.69531731419,17780.565679104686,0.050074203190476174,3984701.438977561,ok
4511,3984809.020198515,0.15208305109348313,19192.784618855236,1439531.2244003352,0.0066663314742791925,3984745.0474664234,ok
4512,3984752.252708369,0.32669247235743953,6619.376550855637,633171.1229849468,0.005227162381987695,3984734.9524303195,ok
4513,3984730.596215408,0.723695367588139,1384.838168510531,3956.3675274858465,0.17501384273449366,3984609.4132906897,ok
4514,3984608.981261358,0.3388406759547138,9008.358593379608,487116.08012076386,0.00924662412206377,3984567.3328084233,ok
4515,3984604.6782256556,0.3874555502240778,6288.564926187726,209486.50962811927,0.015009474684912157,3984557.4841976236,ok
4516,3984558.3155010836,0.45721710557146045,4107.443853838924,156440.86135520952,0.0131277845770508,3984531.3546820455,ok
4517,3984520.530804159,0.5479077823675963,3087.420491007233,55823.05673507699,0.027653631595806367,3984477.841609739,ok
4518,3984479.245609202,0.49878019615192637,2499.469949586837,42438.62987510357,0.029448051892141076,3984442.443348813,ok
4519,3984393.555211742,0.6018891881806129,1748.5182138472483,6682.232014084448,0.13083339594927385,3984279.172923844,ok
4520,3984267.366417866,0.48977902493558595,3237.8556989712743,194668.57891498698,0.008316328492810507,3984253.9028820638,ok
4521,3984252.9234309704,0.58749413244034,1341.1822214495708,1802.914634768753,0.371948342862499,3984003.498178598,ok
4522,3984430.1133483476,0.127010735431818,40329.375083722516,1914476.6395488086,0.01053274149462254,3984217.7239071494,ok
4523,3984125.9183801617,0.2565042373776559,13935.61436416821,898496.6490404195,0.007754961790370187,3984071.8833017023,ok
4524,3984049.2616812596,0.4165571654705257,4694.6662638384605,108889.45896653087,0.021557028147607245,3983998.6601548633,ok
4525,3984025.544445215,0.3857029377570333,4389.108906670404,79171.36485771861,0.027719042829173226,3983964.7134963316,ok
4526,3984034.1537613436,0.3491844027411868,4646.835801058302,138012.3792678485,0.016834851430392064,3983995.0393661777,ok
4527,3983992.3044466777,0.5273341593822698,2612.686225304421,38193.247060195135,0.03420351012819951,3983947.622926793,ok
4528,3983980.7715496095,0.5219332656727761,2893.577345786464,35700.85688624217,0.040525320652759246,3983922.139974724,ok
4529,3983872.4085921864,0.2611520241211022,7023.016485236981,284696.81294010766,0.012334202853746784,3983829.0969371996,ok
4530,3983872.4085921864,0.25006641724438855,7242.74798722932,322322.1030806021,0.011235264224833735,3983831.7214985113,ok
4531,3983872.4085921864,0.2807362808681816,6769.627940037015,304746.69558653864,0.011106975133902066,3983834.8135475884,ok
4532,3983826.0105620823,0.5017118499612319,2794.0682381615115,73132.3088786114,0.01910283075295246,3983799.3232557494,ok
4533,3983812.090699388,0.5888412851997977,2523.2966062856804,33104.3086254631,0.038111301988418764,3983764.007639904,ok
4534,3983750.756609461,0.33403431627881963,4845.626549543758,255852.77813101048,0.009469560160614194,3983727.8136333977,ok
4535,3983750.756609461,0.3566086846744588,4953.455900790759,295981.9340423117,0.008367834876169579,3983730.0317589385,ok
4536,3983720.0323874922,0.5400605630908386,2291.03496361402,65023.48802941456,0.01761697990253636,3983699.8518290375,ok
4537,3983674.7813568944,0.6655217353106211,1707.590428898417,11156.591415758563,0.07652832147668616,3983609.4418422477,ok
4538,3983672.9188044462,0.29600294054269377,8971.994755888278,730819.413259451,0.006138311731398338,3983645.382354114,ok
4539,3983624.2953192582,0.6425623692764251,2439.57033540613,42406.02368183,0.028764431601864968,3983589.208892233,ok
4540,3983698.0597388004,0.24137037053116464,8758.261956424201,383196.1590574919,0.011427909374099671,3983648.0154268444,ok
4541,3983597.5866997177,0.684294935319931,1984.1875586128,16090.423757110526,0.06165740531649973,3983536.4167714547,ok
4542,3983605.9796427093,0.2285411855637018,3477.332704818712,34347.310543472355,0.05062015991641554,3983517.9680739087,ok
4543,3983491.0246374845,0.6337242696708751,1489.7080304224091,3008.3532414890233,0.2475952640596586,3983306.6023109024,ok
4544,3983239.0460344898,0.41096317518034725,5070.503648487318,332027.48244797107,0.007635668606561611,3983219.6876917253,ok
4545,3983227.2381820288,0.7188690836773822,2920.8047106961512,83137.74722040794,0.01756605638442881,3983201.584671911,ok
4546,3983290.138572149,0.1419837366884106,8269.367602483213,332176.4865984179,0.012447250085585374,3983238.67312885,ok
4547,3983290.138572149,0.14892352337563472,6092.629194389359,191457.47341079992,0.015911181438492964,3983241.668107874,ok
4548,3983241.7059572437,0.26373626463417266,4578.741899431079,218932.4230334047,0.010456975344242309,3983217.7660616687,ok
4549,3983219.7514395565,0.501625980784996,2404.6544023298784,85309.090278376,0.014093775906431193,3983202.8061094168,ok
4550,3983258.0597886858,0.3497965167613823,10940.970227191978,2550156.3644787227,0.0021451567401100167,3983246.324740673,ok
4551,3983238.637714335,0.5924572035340075,2737.8468768961734,94483.06950078752,0.014488558063163652,3983218.803987613,ok
4552,3983228.5562377637,0.5317490943143081,2404.852758762106,60100.214362607316,0.020007023138492654,3983204.499265369,ok
4553,3983181.8610017737,0.7040027957496333,1256.5752828965778,2955.44237926983,0.21258666582547733,3983048.2954268986,ok
4554,3983038.5080088405,0.20811423595344317,12422.795034551884,918568.2646652594,0.006762042361151539,3982996.5062757065,ok
4555,3982976.5453949645,0.6225021716915735,1557.2656633053894,7330.435943561299,0.10621917136273569,3982893.8396607903,ok
4556,3982738.359742204,0.5842749347078592,2105.2173660650014,43246.15434844176,0.024339937247401237,3982712.739312913,ok
4557,3982728.7298458414,0.4563443816021602,3895.961495410446,286874.06409541785,0.006790368985943952,3982715.5023377873,ok
4558,3982710.126209071,0.5747793813019759,1480.0686156914264,3144.397726519588,0.2353500963330197,3982535.9590634294,ok
4559,3982407.9858780075,0.2847121782641648,8283.876762125547,358181.92732125294,0.011563783834765827,3982360.089397912,ok
4560,3982357.3156258534,0.5691582229418242,2772.8608552911774,54832.05649618133,0.025285034270821922,3982322.259684976,ok
4561,3982300.396317873,0.6885349271710476,1598.0157176054795,7615.325687577006,0.10492103576163173,3982216.5635857456,ok
4562,3982168.3150683893,0.5177466024836533,4542.205538229253,210353.77392014733,0.010796586753783475,3982143.794910316,ok
4563,3982088.4177989946,0.5613401957087575,4141.374356200366,227497.6665466923,0.009102015020779076,3982069.570373196,ok
4564,3982063.976768206,0.5811307818873302,2582.089009803699,55090.31991740163,0.023435051871863267,3982033.7210732647,ok
4565,3982040.3452097964,0.6006585908886164,1369.6265569854963,1922.3041651618628,0.35624605663541553,3981796.3831798015,ok
4566,3981847.1378142457,0.2144213571880923,13991.035094738174,966533.8799290458,0.00723773650633192,3981796.5061015124,ok
4567,3981821.406850627,0.3814848376695941,6279.268036865407,198032.47990930328,0.015854136755095033,3981771.630663538,ok
4568,3981769.9033545405,0.47914765232683165,2574.465889232134,47284.096639446965,0.02722338029277665,3981734.860522564,ok
4569,3981702.4294710015,0.6145198899539434,2284.3046445342707,53367.789368593614,0.021401529570180773,3981677.985664303,ok
4570,3981669.904070826,0.6388862444722989,4095.2801137600004,746823.7365325392,0.002741798307572652,3981664.2898547836,ok
4571,3981660.556275419,0.7153458121151421,1454.3378043126686,10280.627412700982,0.07073195759025067,3981609.1221954706,ok
4572,3981476.829292241,0.556122788269835,3519.7124397612574,258057.49792695005,0.006819628315464805,3981464.8277269327,ok
4573,3981465.280684936,0.6944713159278509,1279.510650382481,3897.289122131473,0.1641539298581345,3981360.2623341577,ok
4574,3981360.0040856795,0.2249877160548096,6544.208282520993,363032.72971513827,0.00901324832013914,3981330.5117985248,ok
4575,3981328.332198578,0.6854434859882703,1642.1697108038493,13492.678015296291,0.06085410579508994,3981278.3658139203,ok
4576,3981260.0652765892,0.6401844560961801,1530.3734400043782,5721.355435365927,0.13374220997917238,3981157.7275136095,ok
4577,3981283.1332265525,0.15466397413460523,10585.439271936235,287957.7054671031,0.018380197978667284,3981185.851991798,ok
4578,3981137.4099519504,0.4865078335838301,2391.65706315194,39591.999219855956,0.0302037925626207,3981101.2913950426,ok
4579,3981080.5700062234,0.6672617932047576,1447.3253337344977,3479.632665776635,0.2079709947503126,3980930.069161531,ok
4580,3980922.054846445,0.3095465223704421,7642.635977455178,490903.5496227107,0.007784254140481374,3980892.3087360696,ok
4581,3980885.7845626734,0.5413107448403696,4569.494156775843,274893.8098232079,0.008311380601321318,3980866.795160127,ok
4582,3980852.393854327,0.6055094840096245,1489.0085720488657,6493.919883807741,0.11464636141890454,3980767.0391468736,ok
4583,3980656.318711196,0.49204838376861554,3333.025584771216,183787.87599271283,0.009067588291034415,3980641.207459313,ok
4584,3980645.8447350645,0.8091462668863945,1738.4113063424277,32024.690601096398,0.027141734607155132,3980622.252985907,ok
4585,3980658.775446671,0.34675803660650156,4932.262751786023,270106.19792913616,0.009130228757431233,3980636.259103063,ok
4586,3980655.2923511295,0.6894325470036089,1348.0575918002228,2956.09215199848,0.22801345872943476,3980501.604714093,ok
4587,3980533.7115364457,0.6246390290683719,2458.319022780262,40199.733721005796,0.0305763097815708,3980496.128374454,ok
4588,3980475.4568048334,0.6017761846372062,2520.668961926101,39083.1645341771,0.03224750339397221,3980434.814164381,ok
4589,3980489.8895339915,0.34141661323591393,4555.102830572257,134809.62543299946,0.016894575650446223,3980451.411269308,ok
4590,3980406.9678295823,0.620001133614964,1906.4270326304445,11953.579855343287,0.07974293289964787,3980330.955788112,ok
4591,3980360.5996882133,0.2948134742516999,3074.493336260634,55158.97046905354,0.02786938652150471,3980317.7575666406,ok
4592,3980316.3039243827,0.49205991593092696,2381.6309906241427,28421.25952424294,0.041898758719553654,3980266.410233265,ok
4593,3980245.4489798206,0.6393345455759087,1764.7176169163522,14447.824620907906,0.06107208743254584,3980191.561485524,ok
4594,3980150.1946802344,0.594506402059406,1693.120345630422,20984.805454247464,0.04034157832251247,3980116.043106718,ok
4595,3980135.387068944,0.6106036925350888,1183.5177013784855,2004.901669286329,0.2951560466802779,3979960.7258659867,ok
4596,3979919.5858454234,0.2939082032487744,9257.814203660602,324479.0992986924,0.01426565566729849,3979853.5514505925,ok
4597,3979841.831629631,0.3758775855560439,4494.453092149793,105337.14620353379,0.02133365699629622,3979793.8900693045,ok
4598,3979762.5095730326,0.6393942143930254,1698.2233853137072,11809.133747156191,0.07190296179525715,3979701.4559274353,ok
4599,3979722.967951127,0.6104296483123146,1563.9562969334265,6832.166330837867,0.11445537339118249,3979633.46635016,ok
4600,3979607.889345589,0.519164691038541,2290.2158890884643,26567.673984882113,0.04310155059851444,3979558.5334175765,ok
4601,3979518.717898829,0.6249679979981404,1073.8769219009218,2056.3901131193743,0.26110729551017414,3979378.5193494344,ok
4602,3979280.4267300013,0.39055299672090243,3594.5028514001488,39765.18000419184,0.04519661235056945,3979199.197054018,ok
4603,3979171.152211875,0.5985525869608682,1463.1838100947907,4834.965236412095,0.15131275392380922,3979060.453025974,ok
4604,3978901.5015802598,0.2599108779425195,13973.914317300183,2914633.6391385007,0.0023971991075747265,3978884.7524527945,ok
4605,3978870.562908496,0.5882647758838461,4091.9856686050844,576298.5206957038,0.003550230932108993,3978863.2991614486,ok
4606,3978854.1561715244,0.710046247847007,974.2183790200953,1477.3435110992145,0.3297196527756872,3978693.546698695,ok
4607,3978699.341431276,0.3435447063888954,8464.058655719215,344168.06079348107,0.012296403443430061,3978647.302691276,ok
4608,3978754.6473368932,0.19445258057236803,9127.958268360377,404143.8870320694,0.01129295600063853,3978703.106521343,ok
4609,3978694.4548520753,0.6263673944675818,2918.9405922456,45116.884470972465,0.03234864980674367,3978647.2429585624,ok
4610,3978540.534851216,0.5244720936059502,2857.1543856281646,36149.86528101228,0.03951818856609799,3978484.080068329,ok
4611,3978380.1611050414,0.6435628120500911,1710.0103759437206,5077.0620581528665,0.16840550266642354,3978236.1735265786,ok
4612,3978232.725033685,0.3181426926313596,7565.835000309598,385288.074668114,0.009818413153361658,3978195.5827867435,ok
4613,3978183.8205376132,0.5536197665187701,3510.613494555557,68754.94216286353,0.025529899263385152,3978139.007733179,ok
4614,3978206.2494498612,0.16230776404659147,11194.842578847714,603588.3726837545,0.009273573751157367,3978154.3413507175,ok
4615,3978184.414713663,0.29330988466855545,5909.08832230882,295250.02287442,0.010006922717195114,3978154.848818578,ok
4616,3978147.729043466,0.5670731059665706,2343.0570268481465,22787.313369013824,0.05141143646258523,3978087.499079734,ok
4617,3978054.370421568,0.5922084798247499,1835.204277978498,7902.500112735837,0.11611542244845045,3977947.8226615596,ok
4618,3977888.5667100367,0.4267809953220018,4857.610895526463,213360.7385734401,0.0113835631803797,3977860.918249769,ok
4619,3977872.077108591,0.45896854932873427,3409.860751053372,117150.73820910811,0.014553304585101906,3977847.2647375395,ok
4620,3977864.248134001,0.4652975392800151,3132.672053844426,94632.02178874242,0.01655186053637234,3977838.3223585305,ok
4621,3977824.890343765,0.6693043014994317,2192.225358877686,25697.69286300923,0.04265412795156612,3977778.1366132866,ok
4622,3977817.6230321443,0.2805786280078484,6442.741674128292,212847.40338170837,0.015134649452533483,3977768.8687137687,ok
4623,3977756.055843211,0.5308879917763478,3211.649567035979,69656.55203305895,0.02305346355294569,3977719.0360200913,ok
4624,3977717.6001144713,0.6919884523374342,1340.691671474252,3363.918811816615,0.19927527185922764,3977584.0167658147,ok
4625,3977478.906673269,0.5593044186151933,3164.5298831763876,88171.54311080978,0.017945301689907805,3977450.512451539,ok
4626,3977433.1630599834,0.6164735365601816,1937.4382346660116,10587.601673403173,0.09149561413577721,3977344.5295094177,ok
4627,3977310.073219763,0.5250211415170961,2545.950758284348,46707.755495227466,0.027254047334221505,3977275.379488525,ok
4628,3977257.335707412,0.6851586358697739,1758.372904683683,22744.790330247008,0.03865441006825467,3977223.351273757,ok
4629,3977215.38358152,0.6773208286158076,1055.5317747195731,1415.3160552827874,0.37289613538252153,3977018.5817217366,ok
4630,3976983.336427669,0.4849753977234322,6914.604816281515,763668.8728067839,0.004527227089188289,3976967.6844345513,ok
4631,3976968.1178314746,0.6694646244506924,3038.9823933097146,40177.22842354351,0.03781971171919984,3976910.6511124573,ok
4632,3976916.3899478037,0.6868224507380978,2148.0664517651508,24016.903715088196,0.044719887235415486,3976868.359303055,ok
4633,3976890.8304679594,0.44091261181525987,3186.9620803088874,154091.86643874302,0.010341110643811359,3976874.352104214,ok
4634,3976865.230878382,0.656189281959771,1437.8745806598497,8946.565529810128,0.08035902581101229,3976807.4577781116,ok
4635,3976751.136847564,0.6380813875420859,1231.2018067527295,1482.861939887533,0.4151437748972468,3976495.573964706,ok
4636,3976744.2649497073,0.18322508018052586,20261.87468591958,722556.2284489602,0.014020967426586121,3976602.219407221,ok
4637,3976530.7230802504,0.4790779612600412,4144.691457532331,98037.8980596856,0.021138210526550853,3976486.9173999517,ok
4638,3976503.2005592803,0.46274618254779837,3010.064155332845,58901.870892001,0.025551515679798364,3976464.744708549,ok
4639,3976436.137722845,0.7181128003527042,1498.6221593586233,21905.653162315415,0.03420628794435408,3976410.506572294,ok
4640,3976409.7109324746,0.6244606725583118,1307.3432958823314,2176.4908276393844,0.30033282917628285,3976213.391877096,ok
4641,3976340.4030231964,0.14076093953380914,30559.59830262638,4617415.231534552,0.003309167225628764,3976289.8396126307,ok
4642,3976333.3091628603,0.13913700705109022,30040.257253539246,4513148.615931571,0.003328081989976587,3976283.3209432904,ok
4643,3976265.907846595,0.47629619719927513,3229.9984034614135,57060.28415822968,0.028303385192619636,3976220.1979021025,ok
4644,3976257.0677743843,0.4949665766832665,2998.4258409876015,44988.19941163537,0.03332458155918232,3976207.107131141,ok
4645,3976278.1553836255,0.46981983321864146,3127.2801539549237,48839.1227992871,0.032016137624001025,3976228.093667727,ok
4646,3976204.3126045177,0.5270738179956941,2489.7287631986333,28513.041422101924,0.04365947368330754,3976149.96248081,ok
4647,3976129.3374681408,0.6595546500372275,1543.1162513423553,7110.173289472596,0.10851467246424999,3976045.6120908465,ok
4648,3976010.3917208323,0.3526445903053571,8839.50541836576,1827215.0947513545,0.002418846430219708,3975999.7010177695,ok
4649,3975995.38248335,0.7304313127944871,1680.8231402419278,10636.045806591097,0.07901541469482631,3975928.9770146227,ok
4650,3975904.546940212,0.6131731869766563,1521.0463369042463,8137.1225233500045,0.09346340383467894,3975833.4658561936,ok
4651,3975825.046495113,0.3040125923925117,6868.983738585321,418936.9243815124,0.008198112100916125,3975796.8901457586,ok
4652,3975802.153269777,0.48269369957381075,3367.6614649860194,81553.5937478496,0.02064692253414533,3975767.3873470826,ok
4653,3975771.309233466,0.5763369868560553,2001.5637466822698,22804.304360523216,0.043885656739154885,3975727.3892637016,ok
4654,3975726.589376212,0.6853902921961764,1962.1910384444482,17585.832271404095,0.05578897285501581,3975671.855064922,ok
4655,3975727.3332431223,0.44225993613607273,3144.3907596133668,54722.6641015836,0.028730241950358303,3975682.1636894676,ok
4656,3975710.6011454435,0.31563982945571456,6881.532984548185,279908.7310428466,0.012292458614831142,3975668.305665734,ok
4657,3975669.157991871,0.6296968269442337,2252.0931548128365,25979.030996423247,0.04334444104406552,3975620.3501323834,ok
4658,3975513.950233866,0.5905378823941355,946.6101436690615,662.6744440316431,0.7142346835574214,3975175.899335658,ok
4659,3975158.3222304,0.18436697811804117,22077.419976766265,1630007.6929943052,0.006772182754613354,3975083.5660689836,ok
4660,3975073.6445601005,0.32648317331549637,9997.689527030958,272331.9993166446,0.018355701041592416,3974981.8872600677,ok
4661,3974971.907718344,0.4679597389132599,5522.198630691895,113901.58171984754,0.024241097214410513,3974904.9756414224,ok
4662,3974870.530922334,0.4845657018502161,3289.0660999544034,44059.90337834191,0.037324935460153294,3974809.1488323817,ok
4663,3974787.0610649018,0.5628043969479412,2150.0816139606686,24478.38746562467,0.0439179585865298,3974739.8474672623,ok
4664,3974675.785738187,0.5930817128773483,1706.0766911041585,6386.502152197533,0.13356894356616744,3974561.84630755,ok
4665,3974679.0485832207,0.21004910919431458,7750.951397522293,177964.10807733293,0.021776726445745388,3974594.653409082,ok
4666,3974600.492950592,0.3774523676968212,4160.580487786059,57818.222462745325,0.035979837416023064,3974525.644445839,ok
4667,3974494.9080016892,0.5917483664901644,2409.7150212392967,20870.95812472964,0.05772890268952403,3974425.3528997037,ok
4668,3974359.647810492,0.7600910659438543,1233.2128770104257,5191.242051843659,0.11877820998275862,3974286.4084014627,ok
4669,3974312.804812344,0.2847973255850886,7310.601994838052,418483.3071673222,0.008734639912309636,3974280.87707436,ok
4670,3974262.0458588987,0.5912884863009185,2086.984902094469,47792.58220077825,0.021833774259433975,3974239.262480281,ok
4671,3974224.9656764986,0.6578711780788652,1367.4809517222088,7141.5985941277395,0.09574053579871009,3974159.5039969925,ok
4672,3974142.2593473312,0.7167488122341682,1640.5575242702716,14095.866968010829,0.05819285638809426,3974094.524983128,ok
4673,3974173.801135337,0.30853045266338525,5333.0952060412055,102902.29889860786,0.02591339194130169,3974104.7018421697,ok
4674,3974127.031849716,0.35139148676048987,4696.805856445253,92190.96068049887,0.02547324500024853,3974067.210406566,ok
4675,3974109.4792955904,0.37851934652204056,3826.791306879849,97992.15061304656,0.01952600939431956,3974072.118314086,ok
4676,3974051.6063253963,0.5585554150113732,2578.383039914862,46672.73187878095,0.027621942578928884,3974015.996351259,ok
4677,3974038.719009194,0.440971775675887,3147.060576734427,92193.77492669168,0.017067641384881066,3974011.8625585237,ok
4678,3974017.6746123177,0.5909617239017451,2087.709749364075,28326.081459655074,0.03685136880541713,3973979.2071313513,ok
4679,3973988.1117753014,0.48674836965231494,3853.752437903011,107457.60954545713,0.017931500869060285,3973953.5599927064,ok
4680,3973951.2489696564,0.5975919122905412,2607.1692031194766,42594.06555307951,0.030604840947508247,3973911.3529702644,ok
4681,3973972.4918427723,0.5644111509576348,2318.3164122786993,23612.63281376065,0.049090595499534095,3973915.5880761547,ok
4682,3973871.0135875745,0.7756960676129072,1949.9720379910973,23082.15723924144,0.04223981358804703,3973829.830359881,ok
4683,3973848.02965992,0.5455041786322116,2766.7494957062518,54929.02094721995,0.02518476979923562,3973813.189685349,ok
4684,3973834.052974992,0.6492849469217187,2166.891195187619,24982.518846571314,0.043368148914355975,3973787.0659449752,ok
4685,3973816.5803831383,0.5670419447314412,3042.645986332337,101240.59686321727,0.015026807825141295,3973793.7197548803,ok
4686,3973795.9092024583,0.6843440861683812,2028.0735227667399,54275.672175157204,0.01868308066477544,3973776.9638718483,ok
4687,3973768.8182908613,0.7264258444189865,1910.762973721901,44680.63169805389,0.02138245254268782,3973748.3898915583,ok
4688,3973726.572352222,0.6850316814445168,1925.6454515718224,30025.32441725773,0.032067021571713886,3973695.6974951047,ok
4689,3973662.7319258256,0.3913607759077674,7856.910058644811,1879321.8745893901,0.0020903577415022252,3973654.520049443,ok
4690,3973645.6017862405,0.8367444484266842,990.0288929787393,3105.1911371711826,0.15941512925362977,3973566.688994271,ok
4691,3973585.2007670477,0.3450949459788514,2687.7792625950074,30021.327447927608,0.04476449729374886,3973525.0422232845,ok
4692,3973501.277012996,0.37540022239862625,9425.760550191913,2356740.5780237312,0.0019997450372955306,3973491.852454054,ok
4693,3973487.008147615,0.6116914103401152,1426.1076923866208,4979.512299131063,0.14319752685774872,3973384.9006003235,ok
4694,3973452.6678644363,0.27285706011017025,6403.120285089297,181777.7732543291,0.01761249510997848,3973396.280402081,ok
4695,3973440.781902015,0.24033362103931352,5847.197420825638,159857.81851722117,0.018288743944656453,3973387.312953803,ok
4696,3973408.4059672337,0.36448081668896337,4696.405983659964,169007.2278425035,0.01389409803241228,3973375.779804665,ok
4697,3973393.3076624647,0.5680222023834928,3186.8249735571417,81767.07388692335,0.01948721424203243,3973362.2564919586,ok
4698,3973373.6993813324,0.6594955555585009,2545.651205867981,33950.15131822722,0.03749101413432092,3973325.979858662,ok
4699,3973368.2309387233,0.6764562190535927,2142.8472406222127,25777.408716852187,0.0415644424185529,3973323.6978133507,ok
4700,3973294.983129291,0.6921208927679877,1670.0085395092358,9717.332651183677,0.08592936968694853,3973223.231738705,ok
4701,3973225.393892007,0.7214049584396582,1729.5311671513923,10819.520114814413,0.07992642690239404,3973156.2762688035,ok
4702,3973086.4052852215,0.6819214288157416,1290.0480676446787,8539.690856276278,0.07553248058719556,3973037.6850199085,ok
4703,3972986.9419761472,0.31508132246642956,4494.951821484783,292198.2645908605,0.007691612795474107,3972969.655261675,ok
4704,3972953.7996387547,0.5751151953595095,1570.55627509228,19909.14097264627,0.03944309493940777,3972922.8258386217,ok
4705,3972922.725560281,0.6812145705498941,1256.2254201952346,9473.278775277298,0.06630362359195234,3972881.0794115774,ok
4706,3972889.225215712,0.6717444751689139,1197.728174297354,14843.422784650116,0.04034541734996422,3972865.0637941803,ok
4707,3972878.352685696,0.47666195342416356,1184.676009292143,439.6572028570197,1.0000000000056213,3972133.333879259,ok
4708,3972235.1471682684,0.15403211821813256,28004.23519610935,2046000.8968222209,0.006843651740232514,3972139.3215518016,ok
4709,3972126.0199726904,0.3100794584068223,9200.857586053784,338178.74976521544,0.013603541902679555,3972063.437846834,ok
4710,3972111.444448159,0.31310985987795575,9922.865373558543,665335.6803416915,0.007457036851279741,3972074.4468617784,ok
4711,3972061.9582212134,0.5176987200752167,3904.416661885894,91144.20688743534,0.021418896467594015,3972020.14407309,ok
4712,3972011.0115827657,0.6360405316969071,2229.371120403849,17957.815973340475,0.06207244588410676,3971941.8203236526,ok
4713,3971884.484879313,0.3936051709560356,4073.2328467033462,123076.21459277169,0.016547603694916403,3971850.783757861,ok
4714,3971886.4073623177,0.3083874614600524,9401.527013497769,801449.4329260646,0.005865327634691258,3971858.8358442173,ok
4715,3971802.3358901376,0.7084216702738335,1494.5711156792488,5333.103945659025,0.1401220687715811,3971697.62469181,ok
4716,3971526.726502389,0.6077578029874392,2668.355519322711,45929.48064870068,0.02904839638545094,3971487.970777978,ok
4717,3971433.6689257193,0.5645702086176124,2075.7065247420105,18913.458990972118,0.054873794522006754,3971376.7179790563,ok
4718,3971369.7217332264,0.5992549227939579,1575.900824170095,2483.257450074482,0.3173051638529923,3971119.7009986117,ok
4719,3971089.7367827566,0.5476003234145198,3983.1509547274673,83979.36217294002,0.023715058388541353,3971042.506454026,ok
4720,3971037.4056662787,0.5450107768742408,3730.8347361881733,228642.98045056433,0.008158647006866738,3971022.1863844516,ok
4721,3971014.5160785983,0.6795203437429178,1856.0572022858041,15773.722468742431,0.05883383601948777,3970959.9165960574,ok
4722,3970975.1114337556,0.637492288029025,1316.7710464345666,3719.7686042452406,0.1769963654367885,3970858.57958909,ok
4723,3970890.679148554,0.5163879601737255,4899.140150178086,330558.6078620914,0.007410395666087147,3970872.5268650856,ok
4724,3970855.283926598,0.6510265521242821,2058.192461786939,57507.4528341129,0.01789500630226173,3970836.86824306,ok
4725,3970855.283926598,0.6826503309032725,2142.5346150970463,57127.21526488966,0.018752311005905502,3970835.1951888762,ok
4726,3970833.063036378,0.707462149005398,1437.87559188584,7593.779958366902,0.09467456258734325,3970764.9979150193,ok
4727,3970785.332487208,0.5873311444265332,2045.7343778425202,88403.95171333276,0.011570378575814218,3970773.4975265996,ok
4728,3970839.3129670545,0.16433752758866582,24204.883786633956,4126283.867147569,0.0029330124351534723,3970803.8163544857,ok
4729,3970802.090537978,0.28542403367954794,10266.765577054062,1999264.2260755007,0.0025676359940695367,3970788.9098795587,ok
4730,3970802.090537978,0.2882891753771607,10225.177848594152,2122032.9638313623,0.0024092881738586288,3970789.772837945,ok
4731,3970802.090537978,0.28930845962271445,10293.821289547897,2205673.0088656507,0.0023334876131167505,3970790.0802857424,ok
4732,3970776.734936677,0.7257482322424533,2145.8069819721345,95980.07052716892,0.011178398651857234,3970764.74159374,ok
4733,3970745.57708167,0.6468554604776836,1455.0875310909596,7082.481832041704,0.10272440971948768,3970670.8405778096,ok
4734,3970667.0659381887,0.6568724526893561,3803.631888091618,528130.6729246989,0.0036010329290549854,3970660.2174363495,ok
4735,3970654.5262033734,0.7967818054392222,1523.2657628721065,17519.556443579524,0.04347329704886293,3970621.4155108766,ok
4736,3970618.1842328324,0.5849982319428274,2404.9283055526985,28828.612986635053,0.041710787589184804,3970568.0285059726,ok
4737,3970436.865272265,0.6373939582088521,1654.7627301253094,12946.329292518112,0.06390856793213281,3970383.98851409,ok
4738,3970397.365868432,0.6813213108578888,1256.9721448242728,3517.805123430795,0.1786585812346522,3970285.081438409,ok
4739,3970271.522955796,0.3412902401787769,4125.902104712511,76870.15742506288,0.026836826168429924,3970216.15989701,ok
4740,3970241.935126693,0.4096028429237685,3075.4455125266168,90205.35908379937,0.01704691131304946,3970215.721703243,ok
4741,3970241.935126693,0.40740367397888866,3579.5694428169063,97959.66305296762,0.01827062962069093,3970209.234632947,ok
4742,3970212.704911136,0.6018989032867352,1594.1288891943245,21581.031270977863,0.036933566083519526,3970183.266478799,ok
4743,3970185.771861513,0.7738064351331098,1003.038037075652,1702.3011016497621,0.29461240320633386,3970038.018138208,ok
4744,3969880.8929489367,0.39961303388714803,4708.889926271908,149968.02011167147,0.015699646907272304,3969843.928994353,ok
4745,3969808.6305413223,0.5078916544104002,2739.6922115204375,42328.447653388415,0.032362304353265404,3969764.2991647306,ok
4746,3969814.023493149,0.4133238062554691,3023.4253094441597,59938.89997104382,0.02522089420146817,3969775.896748221,ok
4747,3969788.3880780754,0.57511944403657,2018.2834524859745,21038.919007602297,0.04796547417090866,3969739.98411667,ok
4748,3969739.2974839513,0.7831698578195886,1027.6708580366553,5081.802368598749,0.10111283197343468,3969687.3421285553,ok
4749,3969600.9805401023,0.6002520555206443,2833.7302356496266,73091.87697612602,0.019384713821039287,3969573.5150152706,ok
4750,3969575.9086854323,0.7040919357068591,2217.210565453599,92182.15425384878,0.012026246204595647,3969562.576325359,ok
4751,3969566.35815223,0.7401226929415188,1854.079316485191,56309.48447288689,0.016463295072235415,3969551.096024792,ok
4752,3969566.35815223,0.7113202114743612,1984.7470014232251,54005.35732167373,0.018375464026665143,3969548.122828666,ok
4753,3969526.2313882182,0.6298711091331447,1389.3036905884267,3705.485396256849,0.18746581648815192,3969396.007912865,ok
4754,3969434.3074842473,0.5133648893739204,2090.028091949097,25489.414505615707,0.040997961947863336,3969391.4640381555,ok
4755,3969397.9819654017,0.5641378557787626,1401.8021892027098,2438.482486365646,0.287433310889179,3969196.5196431745,ok
4756,3969155.7034439547,0.26398094403144057,5681.9450463929925,138016.11025311888,0.020584354377081105,3969097.2238587616,ok
4757,3969074.5004580803,0.5841225828352149,2657.6121508952774,44371.13624088614,0.02994753319441028,3969034.705994027,ok
4758,3969107.8703196356,0.4354088103333932,2250.7725509352713,18615.133016671687,0.06045545172627782,3969039.8345839856,ok
4759,3969048.845234577,0.6998519244790711,1586.7610130483654,6528.258129122425,0.12153019853564438,3968952.4255441045,ok
4760,3969040.194784029,0.3080648936704476,6683.048089029623,427523.2858937307,0.007816004776276473,3969014.077416137,ok
4761,3969018.3926044637,0.4492167723118813,2913.7333817132285,48156.79381236487,0.03025256823643739,3968974.3186454875,ok
4762,3968962.610047405,0.5819205847562346,1380.2110688156874,5055.536990371485,0.13650489269926874,3968868.4072654797,ok
4763,3968899.666446127,0.5658634280557876,2834.0467638224554,171656.0404300173,0.008255016126210461,3968887.9688952584,ok
4764,3968885.256891989,0.6556811012847372,1399.595164043121,9109.568011607576,0.07682006228285093,3968831.498398153,ok
4765,3968839.1126142787,0.6185919269851243,3087.7223233169184,135718.93828375865,0.01137542911241011,3968821.550531075,ok
4766,3968820.036463554,0.6507058109828686,1682.7677951783708,31032.758083746503,0.02711276565616843,3968797.2242191117,ok
4767,3968764.674695097,0.53925329098566,1208.2880407516434,825.2725680131671,0.7320539222941707,3968322.40869535,ok
4768,3968548.49379414,0.22068765638160515,23712.068423727622,747949.119859488,0.01585139135412195,3968360.55915594,ok
4769,3968402.175137879,0.2530420933346303,13333.958436313402,378057.93152738357,0.01763480848350829,3968284.6042362032,ok
4770,3968251.466037109,0.33573490718340115,9561.21059521295,250723.11498168643,0.019067269876395978,3968160.312945727,ok
4771,3968230.013238714,0.34403029024775755,8394.904617755179,180995.6884404749,0.023190896672978096,3968132.670555929,ok
4772,3968137.430767946,0.49089789682574037,4867.951642013713,81372.20711464123,0.029911635769910357,3968064.6265697153,ok
4773,3968107.294930542,0.6624100956905353,2648.2310124375676,27127.38702369068,0.048811022788977705,3968042.6634983923,ok
4774,3968068.13275514,0.6298044806905818,2914.5596072617773,47089.42373176343,0.030947072360282536,3968023.0342116076,ok
4775,3967981.5464294404,0.39029820472344284,4342.704114908105,141529.9103982753,0.015342001216164925,3967948.2335435343,ok
4776,3967890.788925437,0.6929391127084307,1923.9766747289887,11869.645850544353,0.08104608591337008,3967812.823535999,ok
4777,3967823.0153785,0.4632457380492548,4702.481982577897,279503.379817162,0.008412209515416307,3967803.23624666,ok
4778,3967804.7397257257,0.5390643956367195,3954.605464569455,228299.36520900295,0.008661008454730267,3967787.614290044,ok
4779,3967774.825034837,0.5494299205272858,2167.4045788440467,16415.239202107077,0.06601806261116915,3967703.281109242,ok
4780,3967726.295640095,0.2886502459147024,6578.645302804488,379320.8300137464,0.008671610919134182,3967697.7719138744,ok
4781,3967684.3395566796,0.5911152960194784,2826.6002290725387,151979.9593355091,0.009299253143082406,3967671.1969211474,ok
4782,3967679.2387671284,0.7254709008805893,1322.2225692214247,7994.413929180847,0.08269665424723055,3967624.5670758057,ok
4783,3967690.126037719,0.21553732419759544,13584.64950856123,940435.4130301885,0.007222531882753098,3967641.0682556233,ok
4784,3967629.2254139143,0.6736225191185556,2566.0272792431892,57079.37812402675,0.022477708794124515,3967600.386206944,ok
4785,3967566.6948681083,0.622480550013451,2078.4027836622554,25323.719676261244,0.04103668043700892,3967524.0494926823,ok
4786,3967431.882347372,0.6128779217244227,2370.7469376291415,31321.756146578053,0.03784505132047248,3967387.0218276107,ok
4787,3967357.53013724,0.5851499990984746,2044.6719613184744,16691.965963722105,0.06124718819108284,3967294.914933038,ok
4788,3967295.0580852246,0.6603999385627247,1483.3240597779218,5272.272811490632,0.14067216481524794,3967190.7268819185,ok
4789,3967175.306664973,0.25049728373773505,10865.411339523871,663985.8215185557,0.008181960357733501,3967130.8564825477,ok
4790,3967111.0802712026,0.6007569316132456,3405.71683074476,108268.04244409727,0.015728172200505312,3967084.2974208123,ok
4791,3967098.046881978,0.6575728658440373,2678.9138444526698,74901.2055432574,0.01788298215644558,3967074.0933977384,ok
4792,3967154.5822232496,0.19602372655519412,7279.649893493235,354690.75551295833,0.010261967334002422,3967117.2304585446,ok
4793,3967138.001050242,0.40842250708330613,3675.969876575129,180471.76803184586,0.010184334970128045,3967119.2823959608,ok
4794,3967138.001050242,0.4407540443227193,3175.118713348916,156835.10896925643,0.01012247427956746,3967121.9310214873,ok
4795,3967119.0396734616,0.6117993808566144,1717.3334816783645,9395.984163230529,0.09138656748692894,3967040.5690674013,ok
4796,3967061.519699225,0.6849975360853273,1499.843820056661,12929.220680231994,0.05800209684524267,3967018.0226559737,ok
4797,3967018.4033194026,0.6402531330877493,1936.0722020506742,34484.70639857683,0.028071461297559067,3966991.2291314583,ok
4798,3966970.3110234435,0.6537105284552425,1494.856768174819,13421.98821401146,0.055686860409187015,3966928.6890833527,ok
4799,3966879.3087721793,0.6304086530197177,1085.0598809244213,1644.4935856380516,0.3299069970234715,3966700.324348726,ok
4800,3966660.7837265,0.7089936906025059,2007.231553573555,26747.58394739102,0.03752173574857295,3966623.12632053,ok
4801,3966602.9220902645,0.778703180197252,1852.6909305258357,26131.005633726578,0.035450050344304734,3966570.0830968847,ok
4802,3966612.8634751188,0.6564346709627878,1837.0365648916136,47225.37878188991,0.01944967528345251,3966594.998592783,ok
4803,3966608.2769756303,0.4337790460710067,2720.635673169272,81562.1804950691,0.016678291682833014,3966585.5891979705,ok
4804,3966584.151587605,0.8588609120005235,1218.8126681728183,13576.50313939412,0.0448868407298586,3966556.797262547,ok
4805,3966535.4943793677,0.7148717447324298,1159.5303863451877,3123.7473088264637,0.18559926135331392,3966427.8903877567,ok
4806,3966462.164801354,0.34308723563579546,5207.9053483781145,149101.02527669855,0.01746435123002472,3966416.688457266,ok
4807,3966496.9445703677,0.19520976184587063,22359.904366764997,4483727.500691077,0.0024934504118859437,3966469.067913991,ok
4808,3966496.9445703677,0.19700716770736976,20397.664744916565,3850160.58568108,0.0026489368808117245,3966469.928507155,ok
4809,3966496.9445703677,0.1952344972685507,20923.548001413605,3921332.36421824,0.0026679131042727793,3966469.0334664173,ok
4810,3966461.826001521,0.4175894703280707,7882.6659950106,1380399.6278276318,0.0028552115764533138,3966450.57266192,ok
4811,3966461.826001521,0.4186541707918796,7649.832796037295,1436265.2521776096,0.002663098889442224,3966451.6398709095,ok
4812,3966423.485217148,0.591500976058953,1967.5550640170272,17266.08154036136,0.05697746357265983,3966367.4320686543,ok
4813,3966415.573162956,0.42916128537581216,7667.003955173345,1646555.3982216024,0.0023281949588377826,3966406.648022977,ok
4814,3966400.9647574145,0.6352891369619443,1697.367066100847,10784.507398843478,0.07869469616585693,3966334.1778646405,ok
4815,3966233.4714807733,0.7109328647181773,1585.5413885369103,15005.399845079486,0.05283236051376648,3966191.587533649,ok
4816,3966166.9731599297,0.6815188499785928,1154.8364085020653,2126.3302468087604,0.271556219979297,3966010.171655036,ok
4817,3966116.347875875,0.27115194885573257,5719.075605269643,113305.4740266102,0.025237419702804905,3966044.180520194,ok
4818,3966008.9598580836,0.43807781812534674,3273.9955562707305,50211.42003291311,0.03260210081814712,3965955.5902914815,ok
4819,3965894.5941283945,0.6355396535435329,1260.4706447179585,3852.498702432302,0.16359131333673801,3965791.4931042986,ok
4820,3965846.2744162865,0.34227707902829657,3878.159787292705,83872.9959252028,0.023119239658204255,3965801.444363509,ok
4821,3965802.4976905445,0.46716782446611144,2475.592347552518,32366.394967210977,0.038243251218747644,3965755.160340513,ok
4822,3965748.0484227957,0.6892670415957034,1113.2549748968281,2259.7726520918227,0.24632012735137582,3965610.9398692,ok
4823,3965491.3342565307,0.4023047824549021,4315.961355449157,256184.30966934215,0.008423547408152711,3965473.156403986,ok
4824,3965485.0710450425,0.5892372979464333,2482.9334698656403,45814.719870081746,0.02709755158283815,3965451.4303361545,ok
4825,3965448.95224716,0.6060956691109746,2114.28000420724,19014.393236928532,0.05559683072350216,3965390.1786134117,ok
4826,3965421.4097911646,0.6215491526371139,1592.03296218871,18030.230600730316,0.044148990588179844,3965386.266467033,ok
4827,3965284.8352954723,0.6291369878029107,1338.3550264252965,5312.507582699293,0.12596264622602912,3965200.543925113,ok
4828,3965240.316170671,0.6772085408275315,1150.9520525900593,3620.671715446999,0.15894178526041344,3965148.848983677,ok
4829,3965042.5220873225,0.4502940140909418,2856.8915305431738,105449.09876177053,0.01354630605709316,3965023.1719238,ok
4830,3964986.1621078686,0.6321258659419872,1052.70580580985,3617.8414595824247,0.14548810631565853,3964909.584020771,ok
4831,3965019.2831825297,0.17008628755488248,9218.52265690747,460631.18300507305,0.010006403167027821,3964973.1610553754,ok
4832,3964914.7641774165,0.6768339477833842,2298.855287406338,49554.3537400277,0.0231952907656369,3964888.102869007,ok
4833,3964894.8768481584,0.570050656048996,1399.720453790911,13338.581203554235,0.05246886578228941,3964858.155975847,ok
4834,3964914.3368560104,0.1862456879713548,6519.545996380016,305022.06649781787,0.010687007125805203,3964879.49963875,ok
4835,3964891.199311924,0.3530297749598332,3051.8644665305196,104795.29821035426,0.014561075347123642,3964868.9800977013,ok
4836,3964874.7080483623,0.6682546886769166,1239.4600485901417,9906.20323980421,0.06255979301988553,3964835.937866314,ok
4837,3964838.001928827,0.561676567827598,2018.6327767136233,59136.660385671006,0.017067524303441595,3964820.7753968383,ok
4838,3964827.539092015,0.6259305461227233,1704.1884215620091,48246.442498311044,0.017661285820417406,3964812.490012612,ok
4839,3964765.1178355576,0.6874921527987689,1257.4417066760282,2332.2784775741766,0.2695736634297428,3964595.6312518483,ok
4840,3964515.955609408,0.5197233632911539,2851.057065835525,66631.43541993966,0.021394234176908767,3964485.457518149,ok
4841,3964496.1797438245,0.6018350456416395,3218.919706356192,181153.76724266718,0.008884495628634212,3964481.8805047944,ok
4842,3964466.749370643,0.6603689152973843,1297.4225257220908,4042.7119941431724,0.16046437732909433,3964362.654321782,ok
4843,3964342.348615638,0.6859603832295408,1080.3654085107498,2277.051217832931,0.2372290530950229,3964214.201584209,ok
4844,3964147.627651641,0.3826693269079028,2578.933529679003,35498.28682850726,0.03632476043333962,3964100.7880803216,ok
4845,3964123.796723454,0.4086011170688364,3033.521699045379,65004.61345315691,0.023333126203660688,3964088.405951131,ok
4846,3964050.0773054436,0.6918844145659763,1413.1227826088668,10683.619916290701,0.06613501761018731,3964003.348855387,ok
4847,3964002.0207194067,0.516628834837996,1778.663337954705,18582.781775751453,0.04785783311182373,3963959.4592328114,ok
4848,3963963.2788943592,0.6936934046623316,1370.4315501328183,10884.084069256642,0.0629557591347425,3963920.140615069,ok
4849,3963966.4371565403,0.4624719339272753,2734.3252057719237,70957.47809313651,0.019267350526345765,3963940.095555444,ok
4850,3963934.0554715777,0.6998883132282394,1617.2910103997526,23494.5276096993,0.03441846197690909,3963906.223137004,ok
4851,3963906.04894267,0.6604396533298531,1781.0882104615212,22633.879732703215,0.03934562327571407,3963871.0099297957,ok
4852,3963888.9876449686,0.6543344474002573,1259.445250084432,5399.742427665865,0.11662086358338111,3963815.548848618,ok
4853,3963829.781765447,0.3610917185258585,7990.3082066564075,1923926.7744147999,0.0020765624536533663,3963821.485578439,ok
4854,3963829.781765447,0.37556336842394744,7368.548446068662,1647487.7581699286,0.002236298391149757,3963821.5426289295,ok
4855,3963816.9968369254,0.6432390631575692,985.1574891879028,1298.4742872625598,0.3793519436048323,3963630.1361327856,ok
4856,3963662.3168151174,0.13625054503627637,33078.05532321848,5250918.756684088,0.003149739774692972,3963610.223181857,ok
4857,3963590.0921991733,0.6089702431848603,2144.1851351588075,26482.82718789243,0.04048255724258734,3963546.6911504366,ok
4858,3963571.0455628214,0.6610653016845776,2181.814585704992,21604.49247229607,0.050494465179008075,3963515.9607825093,ok
4859,3963535.2010136503,0.49301303149143627,2906.4448037567013,94471.51192633071,0.0153826521058706,3963512.84659901,ok
4860,3963516.733648374,0.5057392668081023,2904.260353563869,129519.07730032012,0.011211708784913847,3963500.452787714,ok
4861,3963504.4344625347,0.5923905531357229,1376.4128781043576,5090.856986290383,0.13518479126510732,3963411.3994187242,ok
4862,3963383.199874248,0.26679890767129827,8844.983549740675,434238.6248245058,0.010184473517660142,3963338.159123885,ok
4863,3963336.5177233764,0.41626620784036683,5046.931693029836,161520.63866200054,0.015623178978356718,3963297.0931648104,ok
4864,3963292.981173507,0.5636508984592739,3920.8335786246835,108974.18302253062,0.017989736054337034,3963257.713792911,ok
4865,3963275.505419474,0.5101665412301951,2426.713099794205,40546.174410903666,0.02992530288062903,3963239.1953572165,ok
4866,3963213.435839932,0.6445834216235813,1579.3318661990647,11768.431289063737,0.06710035634344566,3963160.4489744287,ok
4867,3963154.917244805,0.5271778169944336,2334.9042515569836,121107.74079857071,0.009639781223565437,3963143.6632617232,ok
4868,3963134.8871650444,0.6866412668621416,1292.5292552384992,6736.305661006932,0.09593754501969066,3963072.8861232377,ok
4869,3963047.34043045,0.5496087927672416,1575.1615639032348,7390.031570825951,0.1065733988283345,3962963.4052696656,ok
4870,3962908.8734041937,0.6002758191509646,1650.253298000312,14894.289282732674,0.05539886014949006,3962863.16232836,ok
4871,3962854.09221438,0.5593756885254932,1459.322376773062,5310.997781612012,0.13738683734962168,3962753.846371371,ok
4872,3962735.946568373,0.6386454238511825,1452.4441039779817,4293.523932560271,0.16914359006633917,3962613.1107633146,ok
4873,3962591.334224026,0.3110386816672529,9869.924317455378,576668.6957224774,0.008557707736406496,3962549.1022601817,ok
4874,3962497.1993369106,0.5537401328125894,2650.5081454042647,54477.75389212751,0.024326518221112686,3962464.9605195634,ok
4875,3962464.2315498902,0.6410031212911458,1184.6689673408262,1579.566260245217,0.37499818689369646,3962242.1071924795,ok
4876,3962303.8504238077,0.11505397194199686,14285.209254665479,332720.08399261563,0.021467308320020927,3962150.517928065,ok
4877,3962185.741309622,0.21404290973798823,9027.300873102624,266760.3621344655,0.016920244073878273,3962109.3692425713,ok
4878,3962089.2300136443,0.6270589619849171,2757.0520941865807,59999.763600518694,0.022975524641589973,3962057.55765448,ok
4879,3962093.4577381974,0.3959948688853758,6252.632851055301,627953.2218251883,0.004978581710976498,3962077.8931164183,ok
4880,3962093.4577381974,0.35401003507748374,6758.391830844275,651499.4914130677,0.0051867974725396055,3962075.9305333644,ok
4881,3962089.362472716,0.530501952191206,3359.7994449041107,176863.6428625877,0.009498276159319162,3962073.4063212317,ok
4882,3962057.466516722,0.6261672468443596,2231.63953501345,18181.17033897521,0.061372273990235246,3961988.986120227,ok
4883,3961903.326762248,0.4021567908660991,5374.769448894831,510988.3633874354,0.00525918967436411,3961889.1932962537,ok
4884,3961859.1283867527,0.7484512140536465,2146.1929426484885,53031.61856579985,0.020235031483958617,3961837.4142458704,ok
4885,3961830.4100287813,0.7017354939578089,1455.2686804811,6005.63747602665,0.12115855196806774,3961742.2509057554,ok
4886,3961882.611463007,0.26986310414335,3868.943734612909,93691.86748485823,0.02064716948479108,3961842.670094499,ok
4887,3961810.705504569,0.6583804238774613,1710.170685995711,30224.629055036363,0.028291011990281868,3961786.5142748775,ok
4888,3961753.226539467,0.6005769838322913,1754.588675390203,16860.17581167106,0.052033522514505166,3961707.5778247947,ok
4889,3961782.964129938,0.29699928413400517,5896.166032722238,171789.78273844701,0.017160991587314756,3961732.3721020953,ok
4890,3961632.7205352066,0.6059608350313453,3495.331030290798,159444.88189014408,0.010960938315658968,3961613.5644812984,ok
4891,3961658.6517187795,0.2535115523081701,7245.07181153744,487794.35213645524,0.007426358853690365,3961631.749467183,ok
4892,3961617.2935957415,0.5346284674293493,3034.230479408027,100053.88342227472,0.01516298206338548,3961594.2896045735,ok
4893,3961588.5026654005,0.5359757803156628,3043.140061964415,103026.87939235091,0.014768670466934228,3961566.0310990205,ok
4894,3961571.393967018,0.35675001537689527,10202.73094965221,2544393.3595341863,0.002004943715055142,3961561.166016371,ok
4895,3961569.7707204814,0.4223486841934408,3559.053734281968,231458.88790418286,0.007688306477466769,3961556.0891725416,ok
4896,3961546.1053332626,0.7402492639536808,1467.9165556129465,8930.260809030406,0.0821877763149184,3961485.7829345018,ok
4897,3961441.1786299306,0.8087229217113702,1261.2767185275818,9379.546390955507,0.06723548591559841,3961398.7773534087,ok
4898,3961318.0088533964,0.6904649396791779,1293.7039562589707,5859.809520699485,0.11038788476733126,3961246.6042317734,ok
4899,3961253.180644718,0.5326322717135565,3176.5595520368142,151221.63825086658,0.010502992788529094,3961236.4989536842,ok
4900,3961241.7459612447,0.5801024273604642,2158.184901180639,48461.302542158606,0.022267095475850443,3961217.71770662,ok
4901,3961186.4389174446,0.7238911193290348,1208.4074296942126,5892.0440994293895,0.1025456878209075,3961124.4804319213,ok
4902,3961020.12014594,0.6061764359458208,1050.3176872909405,1157.8122001060806,0.4535786059236156,3960781.919329751,ok
4903,3960696.336438508,0.3538041588853625,6245.859651008101,120173.83778450833,0.025986769525526702,3960615.181580888,ok
4904,3960544.4151556157,0.5190700923224394,2700.9197302277735,36786.32452193219,0.036710921318294135,3960494.838529764,ok
4905,3960512.0611721026,0.5232214695132553,1966.2528174352387,11842.023660634735,0.08302013548459027,3960430.4418844525,ok
4906,3960348.049423177,0.5877130802041822,1817.6129777923277,21739.1777967704,0.041805007410684006,3960310.0567611735,ok
4907,3960318.824919518,0.6363368308277491,1164.7364244362827,4259.579638030804,0.13671964412135493,3960239.203744796,ok
4908,3960145.209692092,0.6490273995179127,1513.5176259351715,17114.756271241706,0.04421674495237679,3960111.7482806686,ok
4909,3960072.676315113,0.7413064814752944,1082.2461134084288,3450.585083554894,0.1568206676841985,3959987.8170360615,ok
4910,3960015.1985749453,0.6230166769459649,1147.3970808303618,1393.911890169829,0.41157446497230443,3959779.0789051186,ok
4911,3959796.2766410513,0.1726792387153609,21761.689887450884,700152.5056154138,0.015540678432852988,3959627.1809287034,ok
4912,3959524.3772432045,0.6518461471809246,2108.7729262044254,20883.066614472747,0.050490020578274813,3959471.1412489847,ok
4913,3959456.5306410715,0.9102116155207591,1328.1404571327544,13341.562713419644,0.04977454611808109,3959423.4768468537,ok
4914,3959465.610317288,0.4253998393606077,4104.996421268681,117573.06811346894,0.017457213999497647,3959429.7794167916,ok
4915,3959343.8011368886,0.5935331261847062,2361.706379788535,89489.6153189627,0.013195421454047156,3959328.2192813726,ok
4916,3959327.36607484,0.5730460034680299,1425.983773110514,6679.455866924567,0.10674400741022352,3959251.258463618,ok
4917,3959239.194774164,0.8154208289845181,1103.2278391040213,7774.263859162497,0.07095384586180417,3959200.055645141,ok
4918,3959176.5921849147,0.6194400605566157,860.7840490386001,246.27261727114308,1.0,3958562.080753147,ok
4919,3958609.194079615,0.27565773645663183,11438.17567366745,221951.56491742592,0.025767278725705018,3958461.8287492665,ok
4920,3958410.1989530446,0.27392725842978627,3847.3142141778335,59647.41331299639,0.0322504698903645,3958348.1601074333,ok
4921,3958321.8732223585,0.4954759382266703,2302.537858695231,39282.405716994435,0.0293074955144499,3958288.1324133757,ok
4922,3958265.7723163506,0.4291884012608351,6598.639596149065,713715.6403098374,0.004622737140301754,3958250.5204281826,ok
4923,3958240.1748245936,0.7237066278813254,1432.0291484317586,5536.155873468064,0.12933425116286326,3958147.5696158158,ok
4924,3958227.4696162906,0.4721199760923805,3979.073789200474,83674.323896935,0.023777149332581748,3958180.1641004453,ok
4925,3958154.3555297134,0.7813482982593235,1610.1513026039847,13303.058913064919,0.06051808509329599,3958105.6338929418,ok
4926,3958104.5480460697,0.7454937894859424,1549.3211565637262,25068.009005501477,0.030902357586988838,3958080.6092078714,ok
4927,3958043.1865903763,0.7023440558314784,1190.1388024039968,2085.8054136725427,0.2852947821984224,3957873.4163951674,ok
4928,3957843.549356657,0.3441718685444905,7351.858779782335,293952.1276568517,0.012505197425147758,3957797.5811339156,ok
4929,3957832.5918984,0.4492561874993589,4362.0927906140005,88323.15259904649,0.024693937332696005,3957778.7332753944,ok
4930,3957703.971378725,0.5273762296733143,2230.906370584554,36509.614207266255,0.030552313671676,3957669.891703122,ok
4931,3957727.910136562,0.2666025117240104,4123.913238304745,121688.94890963608,0.016944485408313805,3957692.9713427164,ok
4932,3957674.6243061256,0.7994922676606224,1071.2316560845618,8541.757718098896,0.0627055748616446,3957641.0382077233,ok
4933,3957650.34406855,0.5098766203900106,2499.010998282958,93027.36331083065,0.013431591035924869,3957633.5612216885,ok
4934,3957650.34406855,0.5355907527470446,2411.8510076144366,102104.1653995056,0.011810737584394942,3957636.101198878,ok
4935,3957635.248503207,0.7199810911503023,1353.1686157202303,8318.688489210039,0.08133305012415065,3957580.219837783,ok
4936,3957558.4652956044,0.6886723761741352,1219.946558053699,6261.927155345382,0.09740983309046589,3957499.047900305,ok
4937,3957496.018729419,0.7412745235961173,1238.6686029119398,12870.294898939035,0.048121220711657885,3957466.215606804,ok
4938,3957477.7909877347,0.40338709994471794,3803.55362261147,206697.17000972328,0.009200787854116595,3957460.293142748,ok
4939,3957446.4214699958,0.5414982644275776,1854.452614488374,77427.87930107168,0.011975354557222817,3957435.3176062116,ok
4940,3957404.4404280065,0.5678199240424806,1016.2371956308119,997.9368847191759,0.5091690723090098,3957145.722152934,ok
4941,3957212.198658409,0.27588337289711645,5300.001408471642,54657.058952006824,0.048484143769292984,3957083.7156432765,ok
4942,3957065.5789574967,0.40166038551922645,3196.2434650583664,52344.41931010819,0.03053089046725887,3957016.7868779274,ok
4943,3956981.9481727662,0.35268218754547526,4345.584308190138,137469.30128214663,0.015805653581053396,3956947.605772675,ok
4944,3956959.265359616,0.3349749820213044,2880.9884200379634,25246.606214517087,0.05705694451679137,3956877.0751613984,ok
4945,3956838.598727989,0.44430473408422155,2546.4082194417406,23802.599219690666,0.05349012929090593,3956770.494875546,ok
4946,3956692.435652186,0.7460865038546319,1336.7765332809006,11435.033209446752,0.05845092483756662,3956653.36773985,ok
4947,3956587.2297715787,0.5669979222686373,1511.1971162870875,5256.005052243256,0.14375910042572262,3956478.6056025773,ok
4948,3956517.424432991,0.4723276636164445,2593.8057252383737,38835.28418530339,0.03339496259203324,3956474.1144104083,ok
4949,3956496.1320530577,0.7359446775548014,1680.0889062588371,10546.81989867041,0.07964907538008867,3956429.2232890874,ok
4950,3956334.5608809413,0.7472041093101236,1261.6826766278964,5534.313294145328,0.11398728347766404,3956262.652990482,ok
4951,3956272.609671306,0.261407646249525,9051.34308284069,576908.090869389,0.007844701111056092,3956237.1071307366,ok
4952,3956231.4748795857,0.35872194590998524,5080.137428716677,320458.05516052,0.007926368750774567,3956211.341358303,ok
4953,3956198.9277121588,0.8416763820487643,1638.5759148428015,25170.07676813398,0.03255007781536218,3956172.259825391,ok
4954,3956169.824391836,0.6726966853428646,1249.1416846620914,3225.7898104822902,0.19361795994936992,3956048.8962595,ok
4955,3956069.405331846,0.3565004241703107,5103.264526302108,166492.2739625894,0.015325829856371608,3956030.299449925,ok
4956,3956020.1274529644,0.4368509000180051,2455.6252748165853,40973.504119592624,0.029966014959925766,3955983.334801104,ok
4957,3955929.0196361863,0.723779375362017,1327.7067255513325,12740.996233639406,0.05210372490519446,3955894.430403195,ok
4958,3955853.0738013824,0.6423216974464533,1518.9556374200201,32631.569728424525,0.023274326826160874,3955835.3974664123,ok
4959,3955837.4511242495,0.6301282770364027,1761.7109115837864,25488.802437500362,0.034558526551091935,3955807.0100575928,ok
4960,3955846.6497659604,0.522187526633094,2297.5081893387887,63364.16991990085,0.018129395463107045,3955825.8235486886,ok
4961,3955810.5872036703,0.6143008468626515,1115.9684780014547,1506.9869177599576,0.3702648194386029,3955603.985270167,ok
4962,3955763.5426517366,0.20688394631658222,22827.956242279855,3762466.9625187786,0.0030336420850586962,3955728.91672735,ok
4963,3955637.9205921,0.4943685980649418,3683.546389347203,128400.41841284957,0.014343981253641207,3955611.502231922,ok
4964,3955597.5112059508,0.736492400108799,1852.6218961366167,23075.183699361605,0.04014316679498138,3955560.3261510585,ok
4965,3955567.9508940377,0.7340175355520788,1806.4569070412786,24558.274312972844,0.03677898707416552,3955534.7310664207,ok
4966,3955602.883368827,0.3735267651323599,3579.929912313095,90302.42982350566,0.019821891389356843,3955567.402877875,ok
4967,3955582.1269694995,0.26430344641030895,5416.025238867541,217864.0675382602,0.012429826772412587,3955548.4668417424,ok
4968,3955582.1269694995,0.2657821414427625,5763.194437818582,232390.17587006898,0.012399823736612742,3955546.395671905,ok
4969,3955518.0657439637,0.5547606946511319,2511.7287038176455,53529.92039017142,0.023460979257114885,3955488.6019364535,ok
4970,3955429.827558063,0.38234156444303236,4865.340470187732,263172.620747836,0.00924362963054875,3955407.340855397,ok
4971,3955397.1917245295,0.7929658435267436,1804.5571323965223,32358.40744111221,0.02788389904046676,3955372.0326800835,ok
4972,3955400.52461486,0.3239421019029516,4168.900984688773,161138.01474672067,0.012935808447316169,3955373.560562573,ok
4973,3955377.284830091,0.5295030925995591,2407.513155225548,98494.80643215962,0.012221523359628984,3955362.5730909584,ok
4974,3955357.9486418637,0.7537532166570159,1070.6896543448677,3329.2241209122594,0.1608016786282748,3955271.864295009,ok
4975,3955408.0315772323,0.11083524069358051,44800.91056763676,6123806.497252328,0.00365792996461746,3955326.0922806286,ok
4976,3955279.7473940044,0.548079034620668,3141.0192093883393,161229.91000247665,0.009740808046534573,3955264.4493614095,ok
4977,3955245.7371202824,0.5177976349943525,3624.8540209422567,202342.05482992268,0.00895724327794611,3955229.502770626,ok
4978,3955229.052897637,0.49984641228371135,1466.8785824290667,13743.740261943178,0.05336533412563452,3955189.9126648,ok
4979,3955221.5562820104,0.5829308169483052,2014.205702425136,72822.26643888453,0.013829600484321242,3955207.6284519318,ok
4980,3955213.8554678503,0.5789141003613596,1037.2227940578132,968.3116309589012,0.535583153654093,3954936.0959403086,ok
4981,3955167.5922800903,0.2538607435294887,20235.212947546595,1436344.8634119278,0.007043995304678916,3955096.323907594,ok
4982,3955118.5379636753,0.211121947736615,10980.542487650499,544567.4295493395,0.010081894263064467,3955063.1856295196,ok
4983,3955060.935404891,0.38750606391407694,5733.19814735006,115480.3550541135,0.024823261690975547,3954989.7770659225,ok
4984,3954966.932574206,0.3761508884109735,4249.755651510226,70867.72227593075,0.029983718363088954,3954903.2208359223,ok
4985,3954895.0158245824,0.5750093237493701,3743.886519122714,214286.63432631327,0.008735697704369107,3954878.663094147,ok
4986,3954875.320003313,0.6863496143249762,1891.7994686602124,14780.319209177589,0.06399724667264059,3954814.785024687,ok
4987,3954821.2761891284,0.510418280813654,3129.6254285981518,54178.35186130226,0.028882619358835977,3954776.0802991334,ok
4988,3954838.382801166,0.3723615432534113,4880.973970093618,158924.58343525158,0.015356258498806149,3954800.9060521605,ok
4989,3954778.7632967616,0.5329464647074856,2454.533759643662,51338.02583331589,0.02390561109238046,3954749.4247320257,ok
4990,3954756.2806046316,0.481125851999683,2426.8020227574298,49208.47143181819,0.024658376415125347,3954726.3601057506,ok
4991,3954744.2032983983,0.5143852098542484,2797.4213193385613,140152.8192995176,0.009979896706038613,3954730.244310493,ok
4992,3954702.7885115086,0.6616917013179245,1421.4666393159118,4701.338145065779,0.1511768134363821,3954595.34211304,ok
4993,3954546.3980118115,0.5663385648843551,2489.163578403463,88801.54883587232,0.014015316236229536,3954528.954804454,ok
4994,3954522.021265115,0.7836009445561538,1311.9582651492867,8468.141709438565,0.07746435464624912,3954471.206264949,ok
4995,3954459.165974386,0.749608652755253,1142.7778641518871,3350.7849597564764,0.1705239037832706,3954361.73050311,ok
4996,3954343.022341737,0.46449437557723827,8030.823186382726,902784.642714031,0.004447806711819861,3954325.162567102,ok
4997,3954319.5844768863,0.46114566327497863,4042.353851969162,208818.8961609418,0.009679090174036791,3954300.021323162,ok
4998,3954326.638124709,0.5949531354505461,3623.3527249575404,194644.04272791595,0.009307638379722878,3954309.775696266,ok
4999,3954316.1964356955,0.603606658716094,2933.342186584887,111085.54045016695,0.013203078342589448,3954296.8318623477,ok
5000,3954302.5939907003,0.7817952355526113,1046.9826830123775,2393.7961052318287,0.21868668779352488,3954188.113403138,ok
5001,3954199.937121144,0.4358580173934113,3650.5131464576034,52565.92130181421,0.03472319190885762,3954136.558386869,ok
5002,3954091.425798443,0.7108679473433529,1484.353928815743,8928.574167709916,0.08312379451267211,3954029.733232962,ok
5003,3954024.1942582014,0.42013514657612727,2696.3115659404066,68400.46936750495,0.019709744617785803,3953997.622452014,ok
5004,3954024.1942582014,0.45063506000803333,2742.8507895122702,88096.50332735527,0.015567307928898095,3954002.84485678,ok
5005,3954004.4805560447,0.5905345085843678,1920.653207615795,19629.849822673114,0.04892174991062281,3953957.4996981006,ok
5006,3953990.978569635,0.6211412022776069,1506.2101715484016,15496.914817761013,0.0485970978501519,3953954.3798480905,ok
5007,3953894.8700648826,0.6167476463243073,3370.0601282741627,449778.96674004116,0.0037463514053358983,3953888.557350134,ok
5008,3953885.94236215,0.6081462559705578,3384.0792557822197,474588.5888544723,0.0035652766788498496,3953879.909772725,ok
5009,3953854.5931790825,0.6347350641993994,3159.4947995275397,459014.08142093517,0.0034416098845452964,3953849.1563048167,ok
5010,3953842.8916500825,0.7693539108958921,1005.46870796745,2799.6514746941407,0.17957033528205443,3953752.6154735796,ok
5011,3953823.188300483,0.4734733268062138,3935.122608867011,204708.6052457738,0.009611522202846555,3953804.27704132,ok
5012,3953783.6642566854,0.5438245932075476,2480.775348477847,48957.69844511287,0.025335906581260937,3953752.2379104462,ok
5013,3953775.959009579,0.5895804693621166,1854.6153214845947,28331.769783429154,0.03273031186652753,3953745.6079406464,ok
5014,3953745.5998187144,0.804101784027994,991.3522570765001,2955.85832823836,0.16769278953692762,3953662.4785060133,ok
5015,3953706.1022231216,0.3845245454188799,3999.707476295473,147837.70525137038,0.01352735917232589,3953679.049483313,ok
5016,3953671.2531624353,0.5750650511045474,3766.0085394261832,590163.0885200879,0.003190650696970856,3953665.2451535496,ok
5017,3953671.2531624353,0.5706039726879004,3776.0952518778768,591833.0878184775,0.0031901690946316706,3953665.22997125,ok
5018,3953663.3705516807,0.7173767340775685,1137.8352942240026,4357.035940123171,0.13057446735128797,3953589.0844329423,ok
5019,3953588.1596059334,0.7006164504491811,1750.798722155522,23640.77378559081,0.03702921778352797,3953555.744252344,ok
5020,3953568.6666010567,0.2591880485500075,9287.356479876249,842518.2289506212,0.005511665006609945,3953543.0722021996,ok
5021,3953537.1984271924,0.6921139356622785,1699.8657175500755,18268.22362733713,0.046525205521524934,3953497.6551262587,ok
5022,3953449.30749843,0.3768194387351076,4808.14082392241,285070.6826922367,0.008433243254819886,3953429.0333878445,ok
5023,3953413.313079061,0.7137279379072168,1422.5198175592532,8284.098051724664,0.0858584609137442,3953352.2453979836,ok
5024,3953325.8091508416,0.6772668597214507,1528.075840032915,37386.104704098645,0.020436414172153534,3953310.194955465,ok
5025,3953310.5812118053,0.6198683305767511,1583.63122500695,25695.447610736323,0.030815404522185903,3953286.1810933994,ok
5026,3953261.96439511,0.6344161963408469,1702.5538236734292,32303.631475195125,0.02635235956336307,3953239.5312398416,ok
5027,3953240.4091050453,0.7282780453663165,985.1461832472205,3873.8665722242545,0.12715282843125647,3953177.7770432364,ok
5028,3953232.747812537,0.4530335310705301,2007.3782077111032,31564.630566949316,0.031797904357749526,3953200.832602408,ok
5029,3953198.281566555,0.40995964173056765,1935.0043039205298,37057.42542875396,0.02610818589705779,3953173.021840516,ok
5030,3953124.18539821,0.6812291662280959,812.3520608226876,1961.242705152541,0.2071013594310615,3953040.0657901433,ok
5031,3953034.77585749,0.6620545181206617,1775.9788611850672,17222.557657129077,0.051559672394242834,3952988.991413359,ok
5032,3952996.0086038206,0.6978987748632657,1570.7508841045965,24454.167394908818,0.032116220902937295,3952970.7853126316,ok
5033,3952928.39709292,0.8448178059858527,1124.5235011556956,3173.6669542374107,0.1771646989697921,3952828.7841591365,ok
5034,3952729.901117213,0.7120873967255708,2093.610712922296,39635.861791837466,0.02641056127299155,3952702.2544002053,ok
5035,3952682.1212544413,0.6683541998963901,2341.428087974885,56378.8545782646,0.020765126442259804,3952657.8112292904,ok
5036,3952648.4500953304,0.48457969562566805,2649.039309813191,67108.27357090649,0.01973705453034953,3952622.3079786752,ok
5037,3952648.018673701,0.539239310286654,2361.0839807789853,61679.57990211432,0.01913991619694908,3952625.423198938,ok
5038,3952618.6873768386,0.6316985704988165,1639.2163283996467,34730.25319728366,0.023599256807719647,3952599.34523329,ok
5039,3952618.6873768386,0.5728524063422482,1666.191940924857,23634.038812402927,0.03524983508215394,3952589.320881272,ok
5040,3952560.296052714,0.6071542310540343,1020.1883410600308,4671.862472745892,0.10918432927033639,3952504.6017628396,ok
5041,3952491.4035305786,0.686648630795405,951.9317677032216,2615.671093197039,0.18196702371698234,3952404.793435303,ok
5042,3952402.23642491,0.5813586233704157,2526.3979208070796,84615.47409868498,0.014928699199041317,3952383.3785076016,ok
5043,3952382.749670838,0.7759698757450951,1469.3407977967586,22378.824225422788,0.03282882029448979,3952358.631308337,ok
5044,3952298.7475522864,0.551820896757283,1952.0758727363839,102779.40930271134,0.009496434577606041,3952289.478671878,ok
5045,3952345.1593236867,0.18376457010121514,24078.801583153534,4693724.813544787,0.002564999285180588,3952314.278269262,ok
5046,3952287.216436397,0.7665821456236527,1290.5061578030386,7012.481919801065,0.09201493654900209,3952227.843515284,ok
5047,3952200.755845134,0.7490783097852826,1621.2295060109323,22592.3184798451,0.035880104723586735,3952171.6709029055,ok
5048,3952194.53253109,0.5158157605733314,2772.673061694501,95086.94107608899,0.01457967324596022,3952174.3201974616,ok
5049,3952158.3526907964,0.7666566704752463,2325.924258334322,240517.12059360062,0.0048352571588124345,3952152.729469836,ok
5050,3952103.6789190928,0.8070303541277142,2321.2455563682543,326455.51495993993,0.003555224908136564,3952099.552644083,ok
5051,3952095.4451384307,0.6758991005683596,966.7869276757349,2011.7583876301337,0.24028405538664538,3951979.2933965926,ok
5052,3951863.799253478,0.6184959137593076,2123.9770494882323,45484.75825945797,0.023348228404034426,3951839.0037028403,ok
5053,3951846.19320326,0.78318064494934,1387.5509401798315,8307.473509260706,0.08351220973699569,3951788.2544806916,ok
5054,3951861.1983116586,0.36776756832900087,5487.951228784212,392573.652536395,0.006989709056283942,3951842.0187204564,ok
5055,3951844.387840865,0.6339886067581426,2680.9040005284287,119760.83575946922,0.01119274086360263,3951829.384508986,ok
5056,3951845.56630601,0.736657625204792,1672.3331684234108,29566.23392598491,0.028281132669955057,3951821.9185679075,ok
5057,3951792.6082971618,0.7051484107087802,1021.5323620366244,2645.417684936414,0.1930758170729433,3951693.9916994288,ok
5058,3951575.706397171,0.6524718264211797,850.6438533791348,1053.023876730364,0.40390530175839007,3951403.916616027,ok
5059,3951494.641986938,0.12062308874095928,45013.39763280409,7110178.522577103,0.003165419650847871,3951423.398840229,ok
5060,3951418.1487060715,0.28415434812626456,13957.029151888179,2697869.6811519465,0.002586675933495934,3951400.097550366,ok
5061,3951418.1487060715,0.2987805786625033,14021.657806968222,2981186.8346275305,0.002351690548895116,3951401.661405999,ok
5062,3951383.625637612,0.5018171119237638,5234.265440736834,324666.9508338091,0.00806097668286563,3951362.528991777,ok
5063,3951383.625637612,0.5072049092575581,4979.7600011192535,329242.0491656879,0.007562460526743408,3951364.7960183914,ok
5064,3951367.695035306,0.5042178496867805,3585.4368252530853,137637.3496135958,0.013024941396063165,3951344.3449830418,ok
5065,3951327.733015217,0.5834105373742949,1413.7205609506382,4998.727227746608,0.14140805214409885,3951227.7772798166,ok
5066,3951173.6215820713,0.5797920736087929,3471.469925628615,222668.36513067785,0.007795157438712288,3951160.0912547642,ok
5067,3951180.922942796,0.36960209579804293,3197.58511222133,117919.60282962522,0.01355832718009288,3951159.245990227,ok
5068,3951182.679040756,0.5554939539933642,2419.99699052105,95303.43633157357,0.012696273522087664,3951167.316568899,ok
5069,3951171.035753413,0.46513096942158616,1725.8010707493418,45201.92944122969,0.019089904923120384,3951154.563064235,ok
5070,3951173.034205466,0.5830818836361288,2816.257478350616,175201.422254863,0.008037199247885804,3951161.7167942226,ok
5071,3951167.987858366,0.7356534044014942,1351.3453064756727,30872.35252247196,0.02188601120520423,3951153.2000791067,ok
5072,3951155.608528448,0.7525366827345422,867.1519962575642,1263.6590327066367,0.3431115410935684,3951006.8435995486,ok
5073,3950972.267054051,0.35088993776749605,5409.139518105245,312932.8877159195,0.008642651077018887,3950948.89240131,ok
5074,3950945.8711908674,0.5027320585530571,2387.0535510181003,40019.12532027413,0.029823909592156837,3950910.275556219,ok
5075,3950919.634835499,0.64144286925786,2158.3565742113005,59432.17502965896,0.018158148958322632,3950900.038955409,ok
5076,3950911.9697437594,0.6892965444404131,1552.9538517510464,8095.4149454056815,0.09591564251023231,3950837.4934605197,ok
5077,3950932.637270546,0.32337129785678254,3378.247438150879,62811.00930967476,0.026892160110779568,3950887.213085046,ok
5078,3950899.554123479,0.6865497675392854,1804.5044713237078,24493.449327977763,0.03683647099190933,3950866.3183351723,ok
5079,3950832.364459184,0.6632958624761974,1330.8807054656857,8201.880526347357,0.08113265617503349,3950778.3755158405,ok
5080,3950747.2040027324,0.3221940380378872,5762.848791617471,340758.5366890139,0.008455912576119573,3950722.838929947,ok
5081,3950719.2445626114,0.7570293771514293,1108.095877717261,14576.291182554229,0.03801021342944548,3950698.1850822056,ok
5082,3950693.5918353354,0.679574178870301,893.4483828667289,6376.204074003701,0.07006115021548559,3950662.2938246545,ok
5083,3950683.1921719993,0.542907555840443,789.8355189598856,516.967784310533,0.7639117396969614,3950381.5098593174,ok
5084,3950513.6266531455,0.0985068815571488,40373.409942723454,2529723.0760536487,0.007979808210016747,3950352.540619082,ok
5085,3950317.5083408975,0.26349972538062083,16184.544688138974,1691488.6783448453,0.004784112626747188,3950278.793998597,ok
5086,3950252.5594301755,0.4536070226518539,6060.582323045482,403383.47458094737,0.007512184688950735,3950229.7953233086,ok
5087,3950249.6264472944,0.6079234731537623,2145.699426814268,29300.036969867262,0.03661598497334573,3950210.3429983095,ok
5088,3950222.6956820395,0.6688807239621534,1732.265115014146,12849.857895704139,0.06740405726950735,3950164.31483353,ok
5089,3950206.7406001324,0.2656267123067207,4077.3904412901093,109115.81880504396,0.018683773287607078,3950168.650080827,ok
5090,3950154.3264265703,0.5018667162894254,2279.429313097528,38637.99077543349,0.029497254740104357,3950120.707973015,ok
5091,3950120.3097681343,0.731639941578662,2979.7642535873747,227968.7799745863,0.006535465632442204,3950110.572694698,ok
5092,3950082.1587884696,0.7085705524523441,1223.6383010400073,5262.569095450908,0.11625864467012412,3950011.029523247,ok
5093,3949978.9879735596,0.2600297784455285,4535.587469424408,184919.33247330558,0.012263691980607684,3949951.1764497217,ok
5094,3949973.046654268,0.4373946729023606,2899.336234184623,132335.94570558806,0.01095445465979012,3949957.166330608,ok
5095,3949951.925746517,0.4660993418589855,2269.033841548665,65934.98930008551,0.01720659899724684,3949932.4045688054,ok
5096,3949935.226008553,0.724557422369852,1402.9041083152,7241.631247528363,0.09686381841066709,3949867.2806841554,ok
5097,3949830.5858252207,0.6102138922101235,3913.8857260787445,239361.4252027865,0.00817568186428308,3949814.586482946,ok
5098,3949807.651251866,0.717572990168912,2644.7261741632383,212881.594993256,0.006211730455718875,3949799.437088805,ok
5099,3949810.778409076,0.6129217964784165,2383.7104971544973,86905.41860039691,0.01371439511795649,3949794.4328352734,ok
5100,3949735.170110385,0.6331173742779792,1537.5530957344433,10103.008040334016,0.07609382718474063,3949676.670960608,ok
5101,3949687.691286103,0.5517540922466923,3684.6401849807366,261262.7476609005,0.007051598855882669,3949674.6999838464,ok
5102,3949674.8384356406,0.5299583590462146,1993.969222905353,56189.07101520596,0.01774339019028934,3949657.148548666,ok
5103,3949674.8384356406,0.5554591518039912,2056.6656602877565,62499.019251238045,0.016453583471607965,3949657.918675583,ok
5104,3949667.462797888,0.6063323011031245,1879.188534413148,47664.473992907166,0.019712674629460775,3949648.9408818153,ok
5105,3949667.8734232625,0.4981148369372144,2373.9246587843895,75544.2194536592,0.015712152934749805,3949649.2236896153,ok
5106,3949638.2283875775,0.4576236693318442,2380.4323365770897,74086.01479099983,0.016065328546098764,3949619.107173793,ok
5107,3949621.440639301,0.6252810294835235,1518.119948896096,23501.77932213035,0.03229797897614001,3949596.924536205,ok
5108,3949576.9395808782,0.6514425417003727,1106.8948800401004,1740.2507768669398,0.31802740580667876,3949400.9281272786,ok
5109,3949336.647124068,0.2638563237571727,10730.91758908567,708350.016371858,0.0075745869563531775,3949296.005989868,ok
5110,3949274.9966298947,0.6777811007074277,2067.744859367376,25614.19052034979,0.04036326773092064,3949233.2661602157,ok
5111,3949230.0645049703,0.4989817065469511,2801.8805342165924,62000.43392575821,0.02259565261730003,3949198.409345357,ok
5112,3949179.964592449,0.6225253197957596,2176.737612154999,38914.439986716636,0.027968250511866855,3949149.524821031,ok
5113,3949172.9216575203,0.5877626342479235,2316.072989178564,38489.039724173046,0.030087435355316935,3949138.0793093503,ok
5114,3949151.036451706,0.7470207714629681,1105.7879268870342,3990.86137060876,0.13854000730653782,3949074.438517971,ok
5115,3949074.323619878,0.6817502503602924,2109.5473098517423,34795.290071905554,0.030313690523807918,3949042.3495377298,ok
5116,3949038.802907055,0.5894026254625534,1090.3811450454505,648.3836268793432,0.8408456813549041,3948580.3817686336,ok
5117,3948900.1239252705,0.18228763075787927,31155.37163985292,870999.3875061076,0.017884841302276147,3948621.519486524,ok
5118,3948607.1921687,0.2902474426659961,17657.554751265172,545203.0909920433,0.016193557082678816,3948464.222858297,ok
5119,3948481.8772323392,0.3213429359215857,11995.47565818781,397818.9295527738,0.01507655212846843,3948391.452025306,ok
5120,3948427.428383667,0.42170938663486973,8578.268260635301,256258.56148566262,0.01673752519896832,3948355.638893079,ok
5121,3948305.6124864505,0.5217037383705759,5289.202516725414,156394.14971827736,0.016909847734883906,3948260.892681852,ok
5122,3948222.4668672006,0.6038272950874739,2148.2188444360463,36643.00508751951,0.029312809352087268,3948190.9817024837,ok
5123,3948162.1740418393,0.7095059196244418,1572.2105276796824,9379.223780790311,0.08381346710693392,3948096.2878341656,ok
5124,3948135.5912187905,0.5807757878596777,2125.4840967041555,29824.519731961263,0.03563316552632352,3948097.72235547,ok
5125,3948111.9201385584,0.7040075713009889,1638.9570435621408,8754.009331723319,0.09361179440503835,3948035.207283658,ok
5126,3948048.287338962,0.2945188804156947,6080.085486752914,316234.65015791886,0.009613249977060843,3948019.0626481287,ok
5127,3948032.194658626,0.3923485665681349,5123.734375133146,485310.9748860795,0.00527881568754537,3948018.671033927,ok
5128,3947997.9582546568,0.7426882426909527,1617.4095378483619,39236.88567421208,0.020610829708528355,3947981.29017838,ok
5129,3947981.262464554,0.6731446990315627,1241.257060192535,4403.110555046146,0.1409522932339279,3947893.7834499907,ok
5130,3947907.160469693,0.5050463373803985,4316.5693008730395,377684.9550563246,0.005714510524028293,3947894.8269293443,ok
5131,3947867.7443628353,0.6893384231792709,1897.917589955905,27192.555945048065,0.034897741753134606,3947834.627843874,ok
5132,3947851.978046092,0.45370494156646324,4872.141725309193,259322.12395594508,0.009393995489056107,3947829.0936073978,ok
5133,3947832.882366227,0.5434683769309346,2470.378528252849,54855.14744162646,0.022517290021703766,3947805.069251335,ok
5134,3947832.882366227,0.5266736004604913,2694.77429237905,60006.59283769379,0.02245398517849441,3947802.628155217,ok
5135,3947827.6495718528,0.7369118600853336,1784.9775771828527,21990.856037814516,0.040584540549796766,3947791.428324422,ok
5136,3947728.8360026637,0.672750719879511,1458.8457766575139,14429.551733240785,0.05055062706129771,3947691.963218266,ok
5137,3947645.6289551123,0.6542845820703574,1406.8157049713152,15214.584064845978,0.04623247336158962,3947613.1086703097,ok
5138,3947681.581282301,0.19854928326849336,7333.332289099171,417832.3869057994,0.008775447426903837,3947649.4046463175,ok
5139,3947656.280441489,0.30248901039924414,3224.7983565123395,166154.7916245072,0.009704199093457544,3947640.633398845,ok
5140,3947644.979810763,0.8237086278816453,808.5637383833457,1056.5583979255694,0.38264034433442934,3947490.285257127,ok
5141,3947469.6308214543,0.4539737981385949,4729.937479729277,109167.6671397028,0.02166363724561566,3947418.396996577,ok
5142,3947359.293221362,0.42395107014060984,3100.242267803299,177095.55713151337,0.008753021018762826,3947345.724978495,ok
5143,3947406.6950557465,0.23957416559616718,5032.30969620209,248972.27111323926,0.010106164983154411,3947381.2663797284,ok
5144,3947379.3050855994,0.5404154254347138,2066.0396537468123,61503.27427838195,0.016796176122228126,3947361.9543026495,ok
5145,3947322.6981671206,0.7841197752640705,936.9344005194084,3003.90091087989,0.15595294723702546,3947249.639326556,ok
5146,3947240.4558800077,0.5085656352472201,2825.071151078514,85414.80010601968,0.016537363241334885,3947217.0962661034,ok
5147,3947207.3883838346,0.7278234818499473,1261.5553947515584,4636.782849554252,0.13603779125356666,3947121.5787791116,ok
5148,3947157.428704314,0.41103897719923155,3991.9552968296357,100387.1993097396,0.0198827904567427,3947117.743098974,ok
5149,3947074.0804780126,0.6926806124669662,2410.96416580572,44293.0757526453,0.027216039130695622,3947041.272030473,ok
5150,3947031.437347864,0.7589920428624085,1280.2812238182335,8451.340615270432,0.07574426840073976,3946982.950365541,ok
5151,3946952.35541354,0.7093853198011156,1420.124733936513,11930.224067236744,0.059517940565614186,3946910.0939637846,ok
5152,3946814.5040857424,0.6929371671208963,2166.290626465389,37810.55854354677,0.028646636150196667,3946783.4756160565,ok
5153,3946750.7728398894,0.7761016682294545,1315.4359326676822,14119.155752020642,0.04658337778019856,3946720.134115391,ok
5154,3946686.4798929114,0.9368882950365656,1162.3447470414476,25789.62236069833,0.022535125384635018,3946673.3831006037,ok
5155,3946691.875342056,0.6300133660545637,1888.1263768272825,58206.45624718744,0.016219217751454483,3946676.563375632,ok
5156,3946665.4039151324,0.793945646326207,1116.0776510923406,5679.989290299667,0.0982464573479379,3946610.57857746,ok
5157,3946636.244673921,0.6428491021460693,1898.8020096116531,64357.99854999546,0.014751872746140482,3946622.239231113,ok
5158,3946607.4258439643,0.595129412811368,779.7697042463601,211.3877046869078,1.000000000000101,3946039.0438444046,ok
5159,3946014.7030878686,0.293850265354183,11247.986637301847,914038.9298764807,0.006152903486737623,3945980.0991997686,ok
5160,3945961.551495812,0.4693644046750626,3756.9153179106634,56694.43651471264,0.033133015767214787,3945899.31252858,ok
5161,3945930.0618140735,0.537138080728588,2695.355593409959,48169.804736706115,0.027977647077278452,3945892.3569603036,ok
5162,3945910.7736130236,0.4694179590713607,6568.583716799976,1150699.1686310575,0.0028541707058910835,3945901.3996834117,ok
5163,3945900.6933743926,0.5728511697746508,2604.6658898909063,43581.59088031698,0.029882638945464328,3945861.776229212,ok
5164,3945838.7998939017,0.6961805863500475,1802.7541096368914,13994.676129284928,0.06440856840782799,3945780.743488205,ok
5165,3945771.937991421,0.7614741373847552,1181.4024407486029,3361.3486975892893,0.1757333955855112,3945668.1320601883,ok
5166,3945585.8998531085,0.3867849071944235,5965.884486384511,203150.15679342378,0.014683435594024689,3945542.1000128,ok
5167,3945615.029367318,0.3004678067969421,5430.208673483076,176942.96049593677,0.01534451740341423,3945573.367401571,ok
5168,3945563.7602455616,0.48033050733355764,2550.9145970132204,52218.04699923316,0.024425603250258304,3945532.6064316253,ok
5169,3945549.897811616,0.6355696894560223,1670.3234709028584,14220.943410742082,0.058727590099301896,3945500.8507755497,ok
5170,3945480.213452638,0.7081057700163749,1086.7927367623624,2656.0797274439074,0.204585864937165,3945369.0422366094,ok
5171,3945375.558979895,0.3604189521776553,3756.8791021315765,78842.72013073177,0.023825148954159422,3945330.8048777897,ok
5172,3945302.7969100913,0.6409164162891866,1078.561037102269,2598.041384284071,0.20757195086010585,3945190.8574007945,ok
5173,3945153.1285155197,0.35495569567870333,3999.2547062620542,254833.38008212883,0.007846803085555661,3945137.437833435,ok
5174,3945153.1285155197,0.33494073098172805,3706.9027895107547,203020.7989997111,0.009129367059372152,3945136.20767741,ok
5175,3945127.468874711,0.68877704237679,1959.4088965543715,71246.0106604583,0.01375100779952756,3945113.996951202,ok
5176,3945108.514746161,0.7809965154130598,1205.2431321684871,4642.001888705128,0.12981932806846463,3945030.2828193726,ok
5177,3945007.382360875,0.4135308921711767,5591.468330088537,325902.11491079576,0.008578447445207598,3944983.39930227,ok
5178,3944977.4534871844,0.5953249059546539,2577.1207059173903,96007.9768316104,0.013421388466697068,3944960.1592181246,ok
5179,3944926.3220182266,0.7728446549487066,1091.641284628341,3789.9587989798606,0.14401756622290685,3944847.714257726,ok
5180,3944822.09052125,0.6273953323497212,1375.7087735695468,58384.20532172041,0.011781514931896728,3944813.986554521,ok
5181,3944801.2834831923,0.6320949236096686,1397.1189689949824,35840.18746791479,0.01949095509399505,3944787.6678916495,ok
5182,3944791.9645582703,0.740121985395408,834.7366911074904,1105.1533815319492,0.37765648870855795,3944634.34269439,ok
5183,3944703.3289836817,0.3652697480314578,4215.980514512685,156997.05433825278,0.01342694145531318,3944675.025121909,ok
5184,3944680.019397489,0.44363337451082885,1801.5588839991797,14261.102373485792,0.06316338095113298,3944623.123122441,ok
5185,3944618.0828717346,0.6810815496324094,1091.8909969380595,2482.4015336534694,0.21992634594675567,3944498.01507317,ok
5186,3944582.4858073117,0.1853380545390857,16122.528009029254,1207244.400390937,0.006677408486553495,3944528.657454636,ok
5187,3944508.1508952524,0.4938796334840097,3177.8702465294964,101393.53580412437,0.01567097064584383,3944483.250739577,ok
5188,3944483.4836004428,0.5591834509809273,2425.2047234063216,86810.84760624018,0.013968327635773435,3944466.5455733626,ok
5189,3944452.109867236,0.6791979204021209,991.3495870939837,2194.0401672889143,0.22591874156956612,3944340.12764165,ok
5190,3944370.5748320026,0.3173771017138603,5500.314782190783,258040.99882821,0.010657831133750573,3944341.264118937,ok
5191,3944325.395427351,0.6212057726855912,1857.7074986355128,57162.115901553494,0.01624946408417525,3944310.302051712,ok
5192,3944312.1181976814,0.781394945553529,991.2077049120412,3868.716805062757,0.12810548753722517,3944248.6286245375,ok
5193,3944238.537845319,0.6539938045460357,1611.3676071256814,20940.454142257964,0.038474991902728885,3944207.5391675006,ok
5194,3944195.7609869456,0.6721208084120053,1008.4168285466046,3367.34752889878,0.14973459375551681,3944120.2635448663,ok
5195,3944061.6864992524,0.6897368633146823,1229.556438745543,5583.379371968882,0.11010862390244146,3943993.994115512,ok
5196,3944055.497423588,0.23171561088138473,6474.772614665193,208850.37809893934,0.015500983703265978,3944005.3147511967,ok
5197,3944019.2954058866,0.41410604553800884,2839.5183295308734,79024.39673662772,0.017966086719993647,3943993.787889611,ok
5198,3943978.01464956,0.6676629960562332,1525.5151222534869,10233.5581410263,0.07453493209452253,3943921.162566537,ok
5199,3943899.9993421324,0.7876074954724414,1416.3230977064472,12714.194667533087,0.0556984982038683,3943860.555807376,ok
5200,3943886.6155304634,0.8444656882335213,1233.5851051368204,7054.737648304986,0.08742955207081365,3943832.6896338714,ok
5201,3943787.728341102,0.819934657949488,1687.3847468670829,34837.38249946385,0.024218018487655493,3943767.2957836045,ok
5202,3943741.486388696,0.5497330034238347,2041.6591455974847,114609.16942451456,0.00890704974065007,3943732.3938089143,ok
5203,3943728.062655514,0.609136806192136,1790.3616802652414,100196.16396199953,0.008934282558682862,3943720.064856947,ok
5204,3943718.597158581,0.6638198547135956,959.9864591174912,1102.4251532110493,0.4353975670463093,3943509.6092742328,ok
5205,3943436.3305532807,0.3060084881509877,8021.024103725609,213363.73074736804,0.018796596955887625,3943360.9465746554,ok
5206,3943358.727708495,0.5166847342263177,3799.921209193434,178642.01437929695,0.010635575349943579,3943338.520534323,ok
5207,3943337.182170935,0.6149665799745817,2252.8029773335993,40822.11193819194,0.02759292538250507,3943306.1014587074,ok
5208,3943317.2950339774,0.6743623772154766,1190.4779540201025,5688.681520839091,0.10463566554561705,3943255.011807459,ok
5209,3943217.1698321253,0.6608580124551736,1548.863189621587,17554.451843423638,0.04411596566604933,3943183.005034478,ok
5210,3943173.019557762,0.6699619075541333,1085.500456565299,3055.68297835194,0.17761994033012474,3943076.6162946005,ok
5211,3942973.857508877,0.5893206443579443,3352.602255595244,224959.55756733805,0.00745156661012657,3942961.3664393644,ok
5212,3942965.3250612114,0.5520268814618425,2016.9837371002002,46834.309007793556,0.0215331856050717,3942943.6090186248,ok
5213,3942923.3879235694,0.5255337017355572,2220.4624487383644,67997.00289739115,0.016327649411909277,3942905.260457372,ok
5214,3942894.7319082944,0.6373311963609174,1529.2135612524835,18339.95925293394,0.04169075678311137,3942862.8548729685,ok
5215,3942841.6606158293,0.4286151945469278,3496.807322837317,98960.56090442023,0.017667681401961045,3942810.770376977,ok
5216,3942755.5192471235,0.6043449409476621,1197.7132323001504,5131.008941355605,0.11671322794301311,3942685.6247583777,ok
5217,3942660.7622597013,0.6359054328679159,1291.2671947825947,5627.344816181667,0.11473147967310458,3942586.687761746,ok
5218,3942506.8147477685,0.6141647485122483,1968.5118247934397,35979.019750366635,0.027356384893912792,3942479.889064195,ok
5219,3942458.966094528,0.5971927564934473,3521.858196062268,307175.49575056403,0.005732648347253137,3942448.871307244,ok
5220,3942445.295566188,0.7176703353243823,1056.9394890857714,9816.384864217522,0.05383547526434629,3942416.845146328,ok
5221,3942410.7492545806,0.6401299956942624,1547.8657363112484,22893.027433279956,0.03380648847825805,3942384.5853019906,ok
5222,3942370.5530354446,0.7100104999909667,1108.1406284133768,3723.153509451063,0.14881747765710038,3942288.09768884,ok
5223,3942184.0638685804,0.8194997412090624,1121.629104217111,5722.524266196333,0.09800125364628985,3942129.1033394104,ok
5224,3942063.5538319154,0.698903288615231,1048.1173739752485,2433.1451814082534,0.21538323770894346,3941950.6803751625,ok
5225,3941971.1619490976,0.44354677204017634,3211.2538739017514,62676.13798370125,0.025617834611449966,3941930.029263779,ok
5226,3941954.2108931364,0.7047839934232735,1732.9958394265577,15442.8071073642,0.056110130346708316,3941905.5915819164,ok
5227,3941940.8010341832,0.4666178612576214,2389.076126301604,73088.8586590237,0.016343640947023078,3941921.2779329815,ok
5228,3941909.260138755,0.6781149083413072,1157.2670953339455,10398.828380123843,0.05564410975114887,3941877.062590123,ok
5229,3941916.44646735,0.4628545546164144,2593.782315691209,68385.6866417252,0.01896436552052272,3941891.8517493918,ok
5230,3941910.5617961655,0.5712262480524124,2036.2552064371882,41639.26753745883,0.024451141036587232,3941885.667414546,ok
5231,3941898.9801617633,0.579447705391783,1760.029782568362,24282.843136806463,0.03624019174057538,3941867.0882533686,ok
5232,3941856.8881700705,0.9109230154510242,966.7309197997386,3795.110736488323,0.12736531117590924,3941795.324177859,ok
5233,3941804.3227364807,0.7748892756421459,1294.8161612976755,5791.528997848132,0.11178534733908525,3941731.9519993155,ok
5234,3941670.9388534203,0.6980782666531373,1372.541877789443,4455.70965573507,0.15402056954303628,3941565.239012551,ok
5235,3941647.505834217,0.29564432506888155,10480.807492423346,1051351.4802548687,0.004984445111487638,3941621.3853293825,ok
5236,3941589.6992006125,0.41874177209417274,5270.891277688479,244354.2168800354,0.010785349532715859,3941561.2749982234,ok
5237,3941560.029140861,0.5386188690033805,2916.49556245839,38241.796619693516,0.03813230313761556,3941504.4227944175,ok
5238,3941466.402812249,0.7286705686012923,1250.1220274242432,9415.228465434564,0.06638830018908858,3941424.9060740345,ok
5239,3941427.6299607046,0.5627895304826315,3878.5647883892934,732836.4361704311,0.002646269069710448,3941422.4980976875,ok
5240,3941427.6299607046,0.5566680376405303,3962.515800360463,707036.9341204832,0.0028021985904382947,3941422.0780826095,ok
5241,3941427.6299607046,0.5832891980993227,3747.4848218533184,782194.8386222094,0.002395493192242418,3941423.1414235155,ok
5242,3941426.6047450975,0.6360452197404916,1624.062587747237,52037.68505452567,0.015604677514435223,3941413.933258625,ok
5243,3941420.1662961724,0.6901299968190654,2649.328752550382,296427.5002824204,0.0044687634413579065,3941414.2466844358,ok
5244,3941395.803766848,0.7021152205769652,2585.9455136371066,263863.51357979054,0.004900157430927134,3941389.4679967854,ok
5245,3941385.3725463357,0.661971770846138,1062.215802828475,1920.0269377733625,0.27661481772237967,3941238.460230995,ok
5246,3941143.167322366,0.49477158297627194,3290.987339426707,80401.09079590101,0.020466061510166025,3941109.490547707,ok
5247,3941125.6659591156,0.7230979921358509,2983.905695452918,127852.38056888044,0.011669339601562363,3941108.2558546662,ok
5248,3941104.3326302227,0.7020834193123059,1470.4381866119402,8282.472155840927,0.08876807304296003,3941039.0686480454,ok
5249,3941064.797312108,0.7014220415684408,1263.8728218489048,4810.414318821341,0.13136839553547872,3940981.780839724,ok
5250,3940970.0820855196,0.5732936516653436,1339.736359116302,4683.482275673445,0.14302780284608416,3940874.272311601,ok
5251,3940826.5421343623,0.4343628737213057,6089.216917790032,308608.8217605478,0.009865591143915366,3940796.5052721133,ok
5252,3940778.6530292206,0.8292753389496277,1297.51663436615,17095.781440183393,0.03794844473492026,3940754.0336600747,ok
5253,3940760.2070992687,0.7255928089244301,1514.0619509747517,7077.9706478505395,0.10695593598106731,3940679.238142719,ok
5254,3940546.958667446,0.5977052877651099,2709.832771769652,101469.44900967751,0.013352949080817446,3940528.8665379365,ok
5255,3940509.1433123862,0.8312488721933117,1541.2789351233064,18353.418951871165,0.04198887790784534,3940476.785025872,ok
5256,3940488.436816531,0.5125410360554998,2514.3592094092546,131610.43296172714,0.009552279225995863,3940476.427885909,ok
5257,3940467.421397974,0.5027104818105698,2587.1633721743947,120004.24138929542,0.010779466384782188,3940453.4772776724,ok
5258,3940467.421397974,0.5330503791554092,2282.353935864049,99937.18556862454,0.01141894242307239,3940454.3903638828,ok
5259,3940449.992440394,0.7829460069777917,776.3928531146912,909.2505785870517,0.4269410827987498,3940284.2554377015,ok
5260,3940177.380296602,0.3727935328640054,8125.8782203127475,431496.369252939,0.009415928845915082,3940139.123951035,ok
5261,3940243.858203693,0.189519478741821,13252.678038295797,617093.2662141188,0.010737986268754217,3940172.7046662928,ok
5262,3940173.027464764,0.5141999124962292,3821.6158198234275,80298.37858310244,0.023796344878049804,3940127.557220744,ok
5263,3940145.1021153056,0.5166227359305984,3675.013298651072,61826.480379715176,0.02972038256165086,3940090.4907147284,ok
5264,3940075.526604062,0.7482811030169955,1408.1929183857194,10091.532627344044,0.06977101350146142,3940026.4010805013,ok
5265,3939986.2586542717,0.7108275253926063,1263.2900616534657,5702.025506915919,0.11077555336443481,3939916.287826452,ok
5266,3939952.6952413656,0.34600974211418895,4892.125345774555,188573.60922295478,0.012971394475433957,3939920.966397524,ok
5267,3939891.824986829,0.7645673676623908,1158.5281671264281,4775.4094237955105,0.12130144918607065,3939821.559414031,ok
5268,3939825.7155825803,0.49141998173435325,3210.2489485804017,136622.67686397082,0.011748594824330317,3939806.8576254896,ok
5269,3939811.4914554646,0.6689165427845305,1656.8904131909749,17656.72603825389,0.04691952544320125,3939772.621199515,ok
5270,3939780.363847552,0.5169384435149222,3282.0552281568616,162546.16496826347,0.010095763344517143,3939763.796421118,ok
5271,3939753.0975029855,0.4733026960432404,3155.6888144599493,137055.51054776734,0.011512447773342581,3939734.9326516525,ok
5272,3939737.780548615,0.5793557872668371,2084.6836959192447,46487.070174142165,0.022422188450572898,3939714.40896327,ok
5273,3939713.607471312,0.6938166476494949,1113.6458263390566,5057.699548702989,0.1100941065809893,3939652.304550163,ok
5274,3939579.0373824635,0.7295529008595313,1230.0606924258273,8900.300756592273,0.06910219812036948,3939536.5374336294,ok
5275,3939534.0065592406,0.7006012059933174,1075.036181337046,4172.783206351839,0.12881524490663912,3939464.7660347493,ok
5276,3939432.787015521,0.8193059743892691,925.1135587917472,3976.505861959569,0.11632241858884922,3939378.9812922073,ok
5277,3939354.89008303,0.7125466831448234,1194.631727928306,7949.893924417607,0.07513507345419217,3939310.0107117156,ok
5278,3939253.656724781,0.5305731862386471,2445.3691506778973,57940.20490540731,0.02110252418566854,3939227.854993958,ok
5279,3939232.195103714,0.6540532182894337,1719.8515498032552,22436.805349488055,0.038326569291258245,3939199.2370989164,ok
5280,3939242.5256110555,0.666881220906141,1741.5190123205962,29295.983437204224,0.02972282900237045,3939216.644175152,ok
5281,3939218.9629849903,0.7549723195397485,1298.6428351908403,12098.301262796791,0.053670461950896656,3939184.113604553,ok
5282,3939232.266720473,0.6019372592596695,1891.8983124905803,22799.451999737812,0.04148999529708733,3939193.0192944286,ok
5283,3939281.9468699754,0.27192209125410416,5344.901919853751,218005.606234465,0.012258634106191997,3939249.186271491,ok
5284,3939224.103146377,0.7618217483120329,837.9368817673529,6611.048953005848,0.06337397345895979,3939197.5514515243,ok
5285,3939190.8826477574,0.713887286396317,729.697459894357,899.1843312681431,0.40575521309698853,3939042.843373589,ok
5286,3939025.6441875617,0.3670692466608244,6109.306575297901,302154.54443496856,0.010109572547919731,3938994.7629485414,ok
5287,3938997.9956218633,0.43378772443868013,2922.452674539576,55403.83824019171,0.026374099406884916,3938959.457093188,ok
5288,3938964.7318812055,0.6189834090648306,1895.7182018027352,16107.649442558853,0.05884527747400437,3938908.9548494066,ok
5289,3938906.4793421244,0.7245119325229151,1058.328595192508,2874.2308814598155,0.18410639904039044,3938809.056808793,ok
5290,3938809.346635773,0.663288128218825,2907.401172474426,113635.38819983539,0.012792674969181113,3938790.749916671,ok
5291,3938801.6714089634,0.684372792177964,2649.6903601086997,145327.51953067505,0.009116271882523308,3938789.5937600997,ok
5292,3938801.6714089634,0.7087787872083322,2478.2794508811176,123134.72191841947,0.010063284393995115,3938789.2015935024,ok
5293,3938785.0633306755,0.77086168262948,1028.0490216474534,8447.363324198002,0.0608502903327564,3938753.7847899534,ok
5294,3938755.9387372434,0.8463318742644839,567.2790689757768,643.4546955504645,0.44080731160915626,3938630.9083565795,ok
5295,3938625.3385958234,0.4371023899863488,5534.655901353977,194490.87166778595,0.01422857498116375,3938585.96346258,ok
5296,3938614.668644974,0.4560083970878905,4186.574870565608,140707.91501394354,0.014876827896109245,3938583.5271680625,ok
5297,3938581.9732089476,0.643656842541804,2483.5712674973133,33131.2485861483,0.03748079793973806,3938535.4300925243,ok
5298,3938558.695728449,0.45412129843553073,3282.5818401756187,109828.85545236206,0.01494407743145165,3938534.1681498517,ok
5299,3938516.386984908,0.6192233119164046,1808.616000758898,39176.59775802577,0.023082862017904333,3938495.5129681136,ok
5300,3938507.922948512,0.6403827462093434,1550.5935839128679,15934.923511598578,0.04865393871468021,3938470.2017059103,ok
5301,3938485.0162591804,0.29352451059076934,5683.112865575402,186724.62511522122,0.015217898716006397,3938441.7737411903,ok
5302,3938462.5394685334,0.487986949708329,2722.2901722805755,65129.01882443294,0.020899210685324476,3938434.092610605,ok
5303,3938426.400708096,0.5506393930128524,1620.5698046760376,32778.42036637397,0.024720071720394945,3938406.3704071967,ok
5304,3938403.307381641,0.8249733032625828,964.0606461211256,2732.1063233346676,0.17643175850939122,3938318.261924089,ok
5305,3938235.374257072,0.7959240837941738,1093.8302629610853,4832.7550684156995,0.11316839437092255,3938173.480749785,ok
5306,3938129.6994041568,0.7101113840120382,1083.8127765911242,2121.9836796219483,0.2553772649147367,3937991.308832874,ok
5307,3938119.482259699,0.2050058306673522,17277.022628947896,1348432.356191418,0.006406336420814616,3938064.1410500435,ok
5308,3938046.0147651974,0.2987727781956816,10942.176961589368,1022032.558324414,0.0053531450013337535,3938016.7272352446,ok
5309,3938046.0147651974,0.2850271334729933,10626.67670977456,838573.7800132654,0.0063361608501558775,3938012.34859873,ok
5310,3937982.046246861,0.46881796300705114,5412.539361083381,231342.28631745957,0.011698119369443814,3937950.3879810926,ok
5311,3938073.8947705254,0.22510117390651882,10783.276130536393,394882.37549695506,0.01365378249278125,3938000.2785171024,ok
5312,3937994.4823120027,0.41631268077358113,6002.9680476257245,372660.4381466566,0.008054206233267133,3937970.3077406688,ok
5313,3937994.4823120027,0.4163761107982066,5788.352439760147,337294.1623649609,0.008580570145618176,3937969.6486299345,ok
5314,3937965.51198956,0.3116778356258286,4368.340381644641,186931.0456961547,0.011684362983624234,3937939.9913522326,ok
5315,3937942.7305238945,0.33946018761059504,4062.809692776561,189108.42301864468,0.01074201145544955,3937920.9091497636,ok
5316,3937886.4905732656,0.6026884083850506,2271.5265838702376,60494.72856661265,0.01877458282475793,3937865.167091272,ok
5317,3937842.7009045226,0.5974884601700348,2238.0651278971486,64431.51128249618,0.017367783894471165,3937823.265788781,ok
5318,3937831.2141452213,0.582122407088087,1852.0765842595194,55365.123174273554,0.01672602243139343,3937815.725207975,ok
5319,3937820.238278197,0.8190205064457956,977.5230513781075,4737.581032893489,0.10316689515082374,3937769.8142691227,ok
5320,3937760.3071183804,0.8065117696146371,1221.2430913323838,13684.01307035905,0.04462298760798904,3937733.059360715,ok
5321,3937743.4204505077,0.43162292684352677,2642.533145888079,106813.90473826537,0.012369799383157506,3937727.0766480686,ok
5322,3937723.037232143,0.6918661100862864,749.0091111298807,683.3760595957169,0.5480211814655843,3937517.800803138,ok
5323,3937427.5130297663,0.629011848480549,4408.982439326943,459968.62333227316,0.004792699127372838,3937416.9475666215,ok
5324,3937430.423285437,0.45121162823501626,3060.4073240101197,72938.79055605743,0.020979284826899,3937398.320706968,ok
5325,3937418.813778744,0.299880886081587,9455.349536540361,1475805.2840552556,0.0032034542899042583,3937403.6688887267,ok
5326,3937391.451218509,0.6931180298561191,2881.5708954951133,230204.91037889817,0.006258708580004412,3937382.4337622654,ok
5327,3937376.3448331496,0.5941423911083102,1471.1169771861169,46412.377038025414,0.015848326147795,3937364.6874623215,ok
5328,3937366.0183755425,0.8175207866938392,662.8076483808275,1131.1541821188887,0.2929784722800785,3937268.9241894237,ok
5329,3937209.893636763,0.7634499348299275,1039.6711252667558,12564.724947577595,0.04137261776936861,3937188.3866787273,ok
5330,3937154.3929899214,0.7336985377593933,826.347693037864,2489.6290838294635,0.1659579931816196,3937085.823487518,ok
5331,3937065.5895672063,0.7078340963520388,1074.6054538708836,2257.19715097272,0.23803978607003634,3936937.6901410315,ok
5332,3936883.776852051,0.5454030674664324,3342.5564195509464,69102.61747057662,0.024185454487119697,3936843.3562289733,ok
5333,3936818.765920995,0.760891744327197,1466.0552545326148,8846.376112215003,0.08286191068161221,3936758.025851217,ok
5334,3936716.497865545,0.5490864527499002,1622.6348036117497,37403.01822360082,0.02169122815051177,3936698.8993946803,ok
5335,3936716.497865545,0.5320239591632061,1845.2413555030744,57490.45458366895,0.01604824112859984,3936701.6914264383,ok
5336,3936704.859829341,0.7045257350822672,801.766769581777,2308.1854672994905,0.17367901776970737,3936635.2347968305,ok
5337,3936590.8851859663,0.4747938849775507,4939.524731100527,1080677.6040974061,0.0022853831301640013,3936585.2408327204,ok
5338,3936590.8851859663,0.47951270763688014,5278.815833538207,1337309.648732152,0.001973669986806284,3936585.675865778,ok
5339,3936571.428281476,0.7707157069612809,846.6639406718987,4034.687490568772,0.104923112713315,3936527.0109734368,ok
5340,3936526.6047562757,0.7580958813213365,1857.1667951726945,74270.79542706336,0.012502672042852296,3936514.994982591,ok
5341,3936526.6047562757,0.6262058897171185,1994.1758450741145,44172.6827265552,0.02257250094383876,3936504.097988203,ok
5342,3936504.911005287,0.6834982935661321,1258.5225080225864,13089.552178484362,0.04807355098409144,3936474.6601823103,ok
5343,3936495.467100854,0.6804258827546612,1239.1006865076704,6346.149433483772,0.09762618257694065,3936434.982765928,ok
5344,3936418.737460376,0.6116529420410172,1368.4541230639059,11503.47505904188,0.05948003173129337,3936378.039613045,ok
5345,3936369.0937845223,0.8074497314024008,885.1181340516725,6394.993916752726,0.0692039856154485,3936338.466933214,ok
5346,3936346.495695238,0.6941275737431115,914.0257126679203,6778.510408229865,0.06742083862246427,3936315.6835052026,ok
5347,3936411.558235522,0.25408563721683053,5834.794968474426,144628.94949448784,0.020171601152011425,3936352.709657068,ok
5348,3936389.87665633,0.2850075234154121,4535.5202077811355,126596.14612292942,0.01791334233578083,3936349.253493254,ok
5349,3936340.7524119983,0.5805525102563511,1118.9332277726749,8082.300627654734,0.06922120812631534,3936302.025457079,ok
5350,3936329.741514651,0.6675873343038079,954.6707488317005,9368.753423732005,0.050949721145047026,3936305.4214104316,ok
5351,3936278.2808553856,0.6784369709813302,730.7555246443253,1704.935761144442,0.21430588216232968,3936199.9782517087,ok
5352,3936290.415931142,0.20310259255255342,4755.10015660008,115132.69464570378,0.020650520563393754,3936241.3182843598,ok
5353,3936231.684113563,0.6529301811593675,1377.1559816001177,15235.149200643122,0.04519666868579087,3936200.562682248,ok
5354,3936222.50889082,0.24229655232153494,5790.260920126078,395914.1743873645,0.007312520357582421,3936201.338190393,ok
5355,3936222.50889082,0.24395072019239775,5464.61111766129,343630.399185734,0.00795129175214158,3936200.783532166,ok
5356,3936185.0999585427,0.6229552442500969,826.9768641449473,982.3248103363553,0.42092842176193446,3936011.0509254136,ok
5357,3935981.2556598987,0.4335063860280739,7281.528362212448,316832.1573259679,0.011491144749427942,3935939.419111695,ok
5358,3935951.4922616766,0.5563664802367618,5352.390044807711,521952.1811499063,0.005127280082454994,3935937.770660241,ok
5359,3935951.4922616766,0.5542270686044832,5270.047843333723,465870.2519011701,0.0056561326054058855,3935936.588216957,ok
5360,3935940.569004965,0.7007703535129834,2818.840593274437,66132.72964430122,0.021311993383879187,3935910.5314489277,ok
5361,3935902.892643704,0.7774595519469013,1758.7665522741531,21303.189643206275,0.04127941828736983,3935866.5922136134,ok
5362,3935838.8952705543,0.7053657294024335,1758.1154859432077,14915.449240648613,0.05893605541400221,3935787.087074702,ok
5363,3935783.607624964,0.6574560897944307,1760.3698695930539,31244.77070318243,0.02817063191655543,3935758.812259147,ok
5364,3935769.459093484,0.6594934857307357,1701.5887649446377,14541.720289601912,0.058507134336828165,3935719.6815522555,ok
5365,3935749.215428577,0.47554519584135096,3040.289854038775,94608.9004620111,0.01606767354441225,3935724.790236149,ok
5366,3935697.037774682,0.5167231934876374,2289.930136845067,62765.157465752905,0.018242048847679077,3935676.151265975,ok
5367,3935666.703499877,0.7098553024856074,1180.6899578578357,8679.517336721197,0.06801587646254169,3935626.5506687197,ok
5368,3935532.703150931,0.7825497403120826,1228.5901832493348,5850.644016920031,0.10499614911591429,3935468.2045318894,ok
5369,3935370.9903498273,0.7085000590937618,1439.0837846186246,16336.541914320635,0.044044932892349814,3935339.2981754676,ok
5370,3935422.4839605405,0.14127727858378408,13498.486073166854,710094.2057466771,0.009504714982833121,3935358.334329128,ok
5371,3935347.764201345,0.7100240256765141,3413.3469523148024,738810.8661497626,0.002310027578575767,3935343.8217385476,ok
5372,3935346.2401485257,0.662572538636774,1689.5089857200849,29913.53577517883,0.028239874390274828,3935322.3843877567,ok
5373,3935343.9424547297,0.7303006744270735,1880.294128973729,38805.30950650879,0.02422727911316296,3935321.165249391,ok
5374,3935326.3707333608,0.5554487375729668,3793.6526527447695,331176.05951587233,0.005727546638320561,3935315.506572112,ok
5375,3935308.053889134,0.700473300303331,1671.4101542765834,32874.23621613115,0.02542127736881739,3935286.8091985695,ok
5376,3935249.8893303187,0.7647939661565182,1323.6946449487975,8142.179561364192,0.0812862597153911,3935196.090236972,ok
5377,3935220.5585293733,0.46019067294421595,2742.8306931771303,82401.30481581164,0.016643126582206864,3935197.7338901632,ok
5378,3935216.80874763,0.54986530406234,2104.435916716903,48958.31140034016,0.021492121118195692,3935194.1943518263,ok
5379,3935203.637650476,0.5509248297025229,2012.1757324404916,51080.20390721147,0.019696238254017756,3935183.821504158,ok
5380,3935185.5668085795,0.5971398800563548,1313.2133207671,14945.640388282922,0.04393298937517032,3935156.720115145,ok
5381,3935111.642563421,0.8457180866234174,854.7637348732486,2132.524666592197,0.20041121874551926,3935025.990442498,ok
5382,3935065.4240550105,0.47687900075767164,4223.911888833156,278226.91152003163,0.007590768027716552,3935049.3926873514,ok
5383,3935058.324215125,0.49124056351546497,3957.784992633741,259972.5917379171,0.007611927407762379,3935043.2610290954,ok
5384,3935046.1946849534,0.6495989081827727,2543.550895874199,139307.808981976,0.00912924736402713,3935034.584332298,ok
5385,3935017.3971336866,0.5980931119652624,735.3367594977726,298.04505493364786,1.000000019506908,3934580.105426406,ok
5386,3934535.943898457,0.10691274502062649,49527.666074400084,6867315.897573239,0.0036060425072263016,3934446.644463883,ok
5387,3934424.3834813684,0.4994483471564396,3630.789278684967,154520.71431656746,0.011748551948985133,3934403.05522314,ok
5388,3934386.2580510643,0.4820795839372801,2600.981215360801,106306.0244609353,0.012233461031724471,3934370.348549893,ok
5389,3934491.5084460666,0.10895506394038747,43007.821408400414,5620989.193585513,0.0038256452669825016,3934409.24211186,ok
5390,3934378.922664059,0.6410173470523142,3052.388142486716,161938.23421061685,0.009424544355957284,3934364.5389803387,ok
5391,3934362.23885698,0.6754230994224306,1770.1160442919359,16806.674752134095,0.052661102520210556,3934315.6307257395,ok
5392,3934419.1913198577,0.21545003120999304,3067.8886128439435,44523.078224537545,0.03445279094778727,3934366.342657343,ok
5393,3934326.044479325,0.6542097382055465,1772.4710861053954,20885.04374632237,0.04243398069054819,3934288.437977404,ok
5394,3934275.5431346796,0.6744489693782643,1464.1188933337392,8270.851297677495,0.08851077359744532,3934210.747986736,ok
5395,3934177.0528358812,0.7132464219840787,1046.821902726989,2231.504758820705,0.2345551580360977,3934054.2840974666,ok
5396,3933885.472367402,0.5834176968915514,3180.3552932824086,71624.28458292753,0.022201654870284616,3933850.1677921093,ok
5397,3933821.1713216743,0.6826834328609022,1933.3430523354918,25482.291952870935,0.03793503064620672,3933784.5006077043,ok
5398,3933748.5982156056,0.7657051160051265,1216.9524343186345,5568.267066719634,0.10927568844462437,3933682.1065580733,ok
5399,3933678.7836243007,0.4204995087343785,3046.7290139017227,48836.51095699439,0.03119314785391491,3933631.2650900004,ok
5400,3933644.109452056,0.6149206265318975,1953.9893364183956,22896.755970879174,0.0426695672282908,3933602.421512379,ok
5401,3933544.05362717,0.6552330110644826,1374.5049308945022,12408.111546951322,0.05538735389722615,3933505.9885316496,ok
5402,3933456.740224857,0.6689323542589478,1077.1540675899582,6870.62281848664,0.07838838603479166,3933414.5220404225,ok
5403,3933407.5407566405,0.49718792364542186,2044.0391013675085,58692.80260560867,0.01741303030886602,3933389.744299228,ok
5404,3933423.675669905,0.5884493829946283,1491.5278906103376,16034.262437216632,0.04651064857053849,3933388.989705128,ok
5405,3933436.8341727653,0.4814526208178307,2061.4539104685155,38819.704198152365,0.02655164372126554,3933409.4666778757,ok
5406,3933409.31226299,0.5843521681509253,1133.3889813996984,4671.547144379459,0.12130766814194821,3933340.567875774,ok
5407,3933422.1237169434,0.21733861303765767,7371.2945327977295,170183.98385924398,0.021656839749662902,3933342.3042447213,ok
5408,3933372.6724978467,0.4151707754440518,3523.9417478484584,115994.40583492485,0.015190136638414642,3933345.907919519,ok
5409,3933322.25231733,0.627602175473891,2082.403589194815,34323.50417414708,0.030334950339413615,3933290.6675125975,ok
5410,3933258.499321753,0.751027068454133,1373.5388171846898,8902.31017607475,0.07714507751460516,3933205.518442493,ok
5411,3933216.775741255,0.6564394285184912,1083.8057089835227,8167.1409685729695,0.06635159801661254,3933180.8196208896,ok
5412,3933119.1292935163,0.8214090351025066,1581.4621835382495,30843.15833816602,0.02563716345451744,3933098.8571912684,ok
5413,3933088.5924608223,0.8160760319751791,893.1392730717669,3349.239445821697,0.13333464022496092,3933029.0492589995,ok
5414,3933052.9421840706,0.2147645362484797,6473.913635792432,360720.16543883295,0.008973595401738371,3933023.895043254,ok
5415,3933019.3586460375,0.39487985346103044,2792.7288290133347,152601.61447063697,0.009150390835316822,3933006.581365896,ok
5416,3932982.6380310757,0.6701266776284249,1418.141548403912,8303.68479050551,0.08539230378936258,3932922.0888441172,ok
5417,3932926.4833183587,0.5581961359473048,4164.046200487491,878149.2790533234,0.0023709216074153604,3932921.547004803,ok
5418,3932919.222237303,0.8026877387247945,897.0438424414818,3318.143927551185,0.13517253350482403,3932858.5943928794,ok
5419,3932842.3332143845,0.5676751414536192,1457.6981426075379,14758.223943258457,0.04938596094665622,3932806.338302613,ok
5420,3932819.4511244926,0.707003162254446,1108.9431459377302,15205.397122963856,0.03646544503145385,3932799.2320718267,ok
5421,3932780.258559126,0.7524020637007237,719.8671614608413,799.0479720222983,0.4504530307729463,3932618.125386809,ok
5422,3932654.9543404733,0.3393686314767476,8268.271983646977,535333.8365867529,0.007722538179507612,3932623.028317437,ok
5423,3932598.948034524,0.7757743204738156,2396.597651422325,73013.92293448398,0.016411922241000614,3932579.281647375,ok
5424,3932589.8145628497,0.7510117827825732,2245.4129101752305,49034.78157982505,0.022896124320650454,3932564.108936278,ok
5425,3932572.217653939,0.771014130514599,2345.116190014416,76007.6133781824,0.01542685058630962,3932554.128775404,ok
5426,3932529.2696073907,0.70038969721111,1258.593140277735,19653.53603849882,0.03201950880015455,3932509.1198403253,ok
5427,3932502.39239165,0.6093409883845997,904.8369229463526,826.685304769375,0.5472680581873777,3932254.798218752,ok
5428,3932308.943601131,0.2033948400340211,11479.145479528526,285164.6153070783,0.020127226281506313,3932193.4219218385,ok
5429,3932202.5419980376,0.3357516275615456,7102.679904501143,172915.62686511446,0.02053799310469984,3932129.6046025855,ok
5430,3932115.3934881273,0.49885499037658226,3605.593970571128,90608.53710500924,0.019896546648758305,3932079.5240538116,ok
5431,3932082.1226983187,0.7114641655114166,2302.894275182154,47928.20415256233,0.024024416477735244,3932054.459852733,ok
5432,3932038.4254944418,0.7931236178892085,1221.9980548586245,14453.799300926074,0.0422725551052978,3932012.597004385,ok
5433,3932001.3327035476,0.760703156598687,1701.9032054893723,38369.175825580525,0.022178000554741166,3931982.4602984297,ok
5434,3931999.699356973,0.6628176940804235,1612.0117540108877,56802.401314415045,0.014189644422671607,3931988.2624201756,ok
5435,3931999.699356973,0.6096352346754359,1609.068598496204,50032.946372676895,0.016080090371960586,3931986.762372734,ok
5436,3931993.793127671,0.7477158325707094,846.9322430982323,1465.3648373453195,0.28898340587745697,3931871.418445592,ok
5437,3931818.4269936313,0.456084915237475,3137.629806748725,74232.93694344492,0.021133676882130897,3931785.2721663755,ok
5438,3931818.4269936313,0.4533805413411231,2934.5624720540263,62493.12511923787,0.023479082430706056,3931783.9765765416,ok
5439,3931806.919799572,0.6182707929449556,2512.5935004920293,67124.75119148137,0.01871584963737561,3931783.4071384943,ok
5440,3931770.7659068285,0.6081583601970358,2125.602575017113,61510.633167644155,0.01727833437532572,3931752.402470808,ok
5441,3931770.7659068285,0.6313875489446455,2279.4182676696487,63684.48510259705,0.01789618196643545,3931750.36946478,ok
5442,3931747.8953416664,0.7139446335243472,1120.73984172839,2713.455793209339,0.20651522028351074,3931632.170424019,ok
5443,3931703.719226625,0.6819065782365661,1752.975746332819,20449.03214649712,0.042862071265145435,3931666.1511409422,ok
5444,3931671.104585764,0.6278558099892542,1889.8795849272803,21032.2252626652,0.044928189036707644,3931628.65015214,ok
5445,3931656.3946960266,0.6489351976205768,1662.7125625186675,33271.61928243909,0.024986949814556438,3931635.621638349,ok
5446,3931655.5509873256,0.5906084944536845,2143.8505734603723,41595.37650664101,0.025770298931157537,3931627.9271522546,ok
5447,3931632.821696286,0.773818850006433,1172.519229757147,4207.309309753769,0.13934312210406133,3931551.1304511856,ok
5448,3931556.5613048975,0.7142671814175431,1003.4499143608173,1778.4460331780158,0.28211424345772534,3931415.017548179,ok
5449,3931419.3900934025,0.3224562044629289,5367.99612757114,170733.19088285655,0.015720423485947235,3931377.1965072043,ok
5450,3931368.787232966,0.5555964371363943,3130.279270171002,80500.10641156585,0.019442702685180918,3931338.3566883807,ok
5451,3931346.9246288883,0.7460195495282528,1757.069994356497,37863.1131670342,0.023202925583603397,3931326.540046726,ok
5452,3931316.2820285102,0.6787668833119759,1271.4767612392088,5794.212494955319,0.10971954880375971,3931246.5291002314,ok
5453,3931161.9931985764,0.5402554409621487,1566.837019491217,20104.06316573605,0.03896816794133496,3931131.46481452,ok
5454,3931089.9813443883,0.7781356341283613,902.7227981330955,4071.2780423244867,0.1108647934074392,3931039.9412561287,ok
5455,3930984.5715312706,0.6318260573939326,1938.60106780168,28478.94674166596,0.03403568757979067,3930951.580721128,ok
5456,3930936.9069123766,0.706951307809253,1646.040262859986,23679.739369537325,0.034756300252559484,3930908.3017775747,ok
5457,3930941.5729505364,0.6072042146809734,1400.4695547204033,12912.812700621012,0.054227904763655826,3930903.6006857175,ok
5458,3930975.639746801,0.20701834529610214,5133.974227756453,155593.8869895826,0.016497994641975187,3930933.2896071505,ok
5459,3930937.9619381595,0.3383215023838069,3162.7723536006924,113821.04104344892,0.013893618985585306,3930915.9907611497,ok
5460,3930921.136867148,0.5689296433303759,1891.254738560843,50663.064551923875,0.018665025056099026,3930903.4867086066,ok
5461,3930881.508072964,0.7445776973608156,1250.8186828269857,8723.58158685881,0.07169180859792823,3930836.671346164,ok
5462,3930812.0676629837,0.7695434987899167,923.0868649360789,5125.382680306618,0.09005053110306065,3930770.505431763,ok
5463,3930787.44743831,0.6449341489278821,942.2834438852516,2867.8224761621277,0.1642855252927415,3930710.045673033,ok
5464,3930652.2633689055,0.6237034161180333,926.0251284816145,840.2737480785087,0.5510258594887663,3930397.1314727403,ok
5465,3930220.6184742316,0.5824563976993021,3533.208819438203,153290.25201912818,0.011524571109053024,3930200.25911609,ok
5466,3930212.136942646,0.604888765575568,2596.8407916188426,61677.917600525325,0.021051625060025735,3930184.8030833034,ok
5467,3930203.1264870972,0.7000834384058733,2189.120975299387,45661.184867331016,0.02397135533889339,3930176.888388708,ok
5468,3930158.3044141475,0.6490454939938916,1430.5864398397734,11440.488039639655,0.06252296383174372,3930113.582162029,ok
5469,3930155.0167825306,0.7050375975877556,1564.419673597769,15943.140955573757,0.049062467614038256,3930116.639637745,ok
5470,3930119.1400190676,0.6539182018376887,1751.8060774362543,38125.402939364496,0.02297426312086939,3930099.016792188,ok
5471,3930076.4063192224,0.7521775949977542,992.3530613453411,4170.98902164468,0.11895896347313355,3930017.381673434,ok
5472,3930020.371961612,0.5553477206962951,2184.7778276599365,103808.70341054362,0.010523095635919645,3930008.8766486,ok
5473,3930016.343052789,0.6423697269600938,1695.6747573797634,26938.930176450358,0.03147257048206946,3929989.6594311306,ok
5474,3929974.049222336,0.6458392276429873,1079.9452618409364,3319.631592840118,0.16266040848782662,3929886.2170536183,ok
5475,3930198.64143813,0.15458129137005158,14029.35413691722,355857.54772052163,0.019712036778176466,3930060.3678657697,ok
5476,3930051.8714846424,0.3544859718086732,4640.987751598395,83679.90035480134,0.027730600370702446,3929987.52279631,ok
5477,3929978.551234247,0.4619335558111271,5622.188564438061,428184.834944014,0.006565142090066283,3929960.096000856,ok
5478,3929978.551234247,0.4860261720418998,5311.2111253578405,415396.31254119304,0.0063929444785708715,3929961.574095328,ok
5479,3929940.703966669,0.6801169041822618,2226.4382787130044,42425.340400438145,0.026239486327020854,3929911.4936682824,ok
5480,3929908.639044663,0.5767804747157567,1426.1719288201991,15712.28946180679,0.045383963052835735,3929876.2763776006,ok
5481,3929880.8722790093,0.7311166408168874,1356.3416254758686,22835.886082933106,0.029697591338256845,3929860.7322393553,ok
5482,3929856.0038345032,0.7085310264984805,928.9386706317121,2126.1915875119284,0.21845130892431877,3929754.539900248,ok
5483,3929687.3606438497,0.5517187737941759,3221.421776044905,393055.75355201203,0.004097919629636744,3929680.7600800837,ok
5484,3929687.3606438497,0.5534509472814705,3485.982087555705,423444.1083968008,0.004116224571825974,3929680.186101287,ok
5485,3929673.0131200426,0.8602455679467262,1274.247312658244,29472.48621741727,0.021617574154724786,3929659.240052156,ok
5486,3929694.939071001,0.6082204520982868,1622.752164505386,25151.16793696652,0.03225997632738772,3929668.764097795,ok
5487,3929663.679172757,0.6895912808952432,917.4866694675654,2150.3885837873217,0.2133304362720489,3929565.8152570217,ok
5488,3929615.7378776395,0.2835520511621691,7375.28961998064,473805.61354831135,0.007783033177622559,3929587.036815736,ok
5489,3929567.2437759745,0.6388659810559625,1704.613581294292,18408.87047987255,0.0462987010299747,3929527.783078688,ok
5490,3929504.1361194495,0.7521295957239795,852.9086853051584,1789.388317990092,0.23832409006200997,3929402.5017762836,ok
5491,3929374.0225897175,0.7623424833803392,1126.5606069161531,5636.082240970562,0.09994181762703959,3929317.7273323564,ok
5492,3929292.35630454,0.6119501806468286,1457.4487880109482,14074.500869758795,0.05177621577836904,3929254.625713073,ok
5493,3929242.110259923,0.7060992751533737,927.82555853387,1790.0152828493442,0.2591669376858499,3929121.879405567,ok
5494,3929023.924253073,0.7904140805489395,1914.9998889728217,55844.21262784758,0.017145911804098725,3929007.5070434725,ok
5495,3929022.6230493146,0.7444431617362921,2104.593271235921,55913.91285026235,0.018819942693619286,3929002.8188869352,ok
5496,3928996.5061093494,0.7664407611541961,1264.4439731941602,8636.658996748314,0.07320214759377561,3928950.2261021743,ok
5497,3928992.7942362316,0.33189052033722183,3765.553137760844,102792.55170838947,0.01831627425906928,3928958.3087842274,ok
5498,3928959.611219746,0.3372901109176815,3902.648172937515,100584.00961523874,0.019399943330287828,3928921.7556430493,ok
5499,3928937.3106290717,0.4832140745851039,2060.942678065873,40636.696713606754,0.025358147250386483,3928911.179785119,ok
5500,3928912.954199615,0.5858375278973638,925.8062812311732,3560.422140072199,0.130013555248311,3928852.770516568,ok
5501,3928915.445191173,0.27894261872143217,5340.560761445466,323532.7333615255,0.008253509167305426,3928893.4060075716,ok
5502,3928915.445191173,0.2800647437607288,5145.765918591416,290776.9146831599,0.00884830545127424,3928892.6795368586,ok
5503,3928887.8693291894,0.5435855602727053,1823.4593006844377,28032.007587452965,0.032524593449036666,3928858.2156929765,ok
5504,3928851.6634708107,0.7140791873921576,1477.1693426894067,22320.33269971755,0.03309021784223,3928827.223543141,ok
5505,3928841.0668244613,0.43601114520309636,2444.0420957795322,60301.34007907362,0.020265238654519457,3928816.302276285,ok
5506,3928814.168503771,0.7779242698326095,804.3020201877409,2351.5291815743376,0.17101680610428668,3928745.3939224533,ok
5507,3928720.3396489196,0.30982917276846184,4806.376353293953,309436.11565406446,0.0077663467677885146,3928701.6756561915,ok
5508,3928700.6306880317,0.749181643948713,1582.229337610136,30595.757487714036,0.025857005472825646,3928680.1748317108,ok
5509,3928693.2496600067,0.7471672919951756,1279.710196924318,14106.823607071374,0.04535784357163272,3928664.227212542,ok
5510,3928666.0353052565,0.6128599556942452,1481.9329664526645,20370.96448068686,0.0363736574146414,3928639.08364424,ok
5511,3928638.9379426828,0.730396012884627,980.2805974427765,2655.8848084639376,0.18454877905825542,3928548.4831489865,ok
5512,3928541.1342700897,0.5952973969250829,1698.4271631904005,31368.61663204696,0.02707207625877969,3928518.1442952487,ok
5513,3928518.8855709634,0.8595413746485825,1320.3814911113363,12795.148463272079,0.05159695860120086,3928484.8217363963,ok
5514,3928508.4979732204,0.5847463285525158,2657.5588343707045,96661.36989454049,0.013746747212822222,3928490.2315784707,ok
5515,3928483.5779154864,0.44342505439799806,1671.4232102752885,26571.866098335617,0.031450994147151405,3928457.293954685,ok
5516,3928466.867656082,0.8012516458759293,989.2078741493598,2448.38701126584,0.20201215526746516,3928366.9516487494,ok
5517,3928309.593478637,0.42333080529306943,2310.71039450286,146929.89597998536,0.007863309162138189,3928300.508563529,ok
5518,3928309.593478637,0.4390544727428134,2151.717075534261,122854.86174560773,0.008757150693758313,3928300.1720232964,ok
5519,3928309.593478637,0.46906936145681144,2120.9604895357206,119247.24006021704,0.008893121922422212,3928300.1624985235,ok
5520,3928309.593478637,0.4567886052698902,2100.7176481413235,93325.64630248488,0.011254771498353877,3928297.7719300804,ok
5521,3928288.7048350824,0.7503160523836151,786.3625460031117,2875.114407176524,0.13675326172069632,3928234.936013552,ok
5522,3928203.945243973,0.6052860669476828,963.2728501073462,1343.6067942799918,0.35846530927358927,3928031.2952939086,ok
5523,3927980.550389468,0.6664690660412834,1926.847781644912,15124.376250632526,0.06370007429444663,3927919.180216046,ok
5524,3927922.86478414,0.5783999949599465,1378.0177366279445,9187.781498688191,0.07499186483835595,3927871.194724215,ok
5525,3927851.0439103013,0.7066243516218176,1719.1814153883952,61686.736304080165,0.013934773651452547,3927839.0657083564,ok
5526,3927830.3550846134,0.5985384045127856,977.6128970442401,1007.2091119486275,0.48530781018892477,3927593.133497475,ok
5527,3927693.5732229277,0.2522314656544447,10476.872378737986,251605.57623621923,0.02082003216196966,3927584.5088129863,ok
5528,3927572.4911227524,0.567660837306211,4353.815221737059,167507.4077122875,0.012995888603372151,3927544.2002739417,ok
5529,3927548.685626567,0.5701277325284316,2951.444476968885,60229.41083453656,0.02450168809617906,3927512.527940563,ok
5530,3927441.1642924696,0.7004297019117572,1456.287471059149,19164.528131964988,0.03799434718745231,3927413.4989465796,ok
5531,3927396.204924018,0.7162918865874441,998.7812550399435,5025.976230491858,0.09936191589809804,3927346.584514486,ok
5532,3927359.174345969,0.7071546797674408,1212.0492329343429,10734.974601832504,0.05645328833509495,3927324.9622635576,ok
5533,3927308.333741119,0.6309945294857132,1148.0225581888963,9658.35394822605,0.05943158452997851,3927274.2193412646,ok
5534,3927301.037116458,0.6959522108644933,3018.247451952422,536484.719441829,0.002812985479896497,3927296.7919733296,ok
5535,3927284.4362050444,0.9031471711979354,595.0563642630195,1097.3430775910629,0.27113506086415295,3927203.7658832734,ok
5536,3927170.5962716914,0.8058362990296135,1143.204912475629,9533.557974964966,0.05995688679282564,3927136.3247679323,ok
5537,3927182.640858744,0.35753535801967024,3550.260520256978,80645.93352843967,0.02201140444982873,3927143.567748637,ok
5538,3927176.2112175664,0.5149600167394288,3272.136773944273,103846.7257508274,0.01575464585082598,3927150.435539542,ok
5539,3927149.2350558955,0.6829647715780649,1940.6557644589495,25405.70202315751,0.038193311145073364,3927112.1750211767,ok
5540,3927123.2709051054,0.7471287240348706,1595.1385244946043,24328.7424160652,0.032783004094804204,3927097.1241887156,ok
5541,3927120.6371678626,0.7839126099912637,1190.276544514954,20079.084016549106,0.029639712238215956,3927102.9974407307,ok
5542,3927115.0491355187,0.6976969754749428,3181.1013787995917,528138.724661002,0.0030116153486391805,3927110.2590086497,ok
5543,3927103.745883693,0.5805138985409543,1147.5207268611584,1521.2629873311957,0.37716053582368875,3926887.346117587,ok
5544,3926938.989918668,0.29307771105193153,11377.572628187865,705038.7866378278,0.00806875653071866,3926893.088486944,ok
5545,3926875.641652432,0.5936701390949263,2775.3081125984895,80628.27640291331,0.01721051370817974,3926851.7594132735,ok
5546,3926853.0158007196,0.6977647831570838,1872.3557730102275,31296.899632897268,0.02991279958993332,3926825.01209922,ok
5547,3926753.361313712,0.7134700044723474,1606.2198569508246,20814.360669567097,0.038584414925107356,3926722.373787001,ok
5548,3926838.7926204316,0.4015980738014558,3467.416690129966,66425.9829919494,0.026099852301396918,3926793.543088692,ok
5549,3926771.380266074,0.5110439262166698,2034.3268780243015,25731.935824971657,0.03952922337172319,3926731.172585288,ok
5550,3926692.1568788616,0.9145894295838592,959.3031131910972,9270.19315892519,0.051741268857353626,3926667.339098714,ok
5551,3926642.9446127545,0.88401784893418,1675.6522998132145,33475.19464308444,0.025028268209926353,3926621.9752751617,ok
5552,3926617.8952616127,0.8389741675644491,1080.2571982819725,2659.345567761463,0.20310583388966866,3926508.1919920766,ok
5553,3926665.9456353453,0.1702478984384906,17564.584474583928,603974.5913990451,0.014540830628236672,3926538.2438113955,ok
5554,3926509.9800641155,0.38834751804319045,5570.403097564504,206714.74900593553,0.013473646956377934,3926472.4532417445,ok
5555,3926496.633714352,0.3527171746983342,5691.318130129239,198405.02450525892,0.014342676412356646,3926455.8193472014,ok
5556,3926465.252479391,0.4203437540146983,4043.9209252478813,99027.14496569583,0.020418244546223884,3926423.9675962026,ok
5557,3926425.3007252323,0.6387072655267809,2657.431536955264,35292.86132203423,0.0376482868972735,3926375.276852776,ok
5558,3926361.517720392,0.7243703067325342,1896.7189191424154,24503.47301340234,0.038703062992437684,3926324.813304489,ok
5559,3926306.0819088407,0.6588253188483865,1986.864029646566,53276.73965378695,0.01864663681146767,3926287.5577428634,ok
5560,3926283.9410969215,0.6651127279320802,1628.2412441014317,54535.05888725264,0.01492838989564222,3926271.7875868534,ok
5561,3926246.0338698383,0.8190720195313882,831.4862199542235,1981.925863222542,0.20976723584459817,3926158.824586837,ok
5562,3926198.5141264666,0.3653805389330443,3173.119304137682,74933.86630279418,0.021172798500184692,3926164.9222186445,ok
5563,3926165.244474197,0.6383327219390317,1727.3588797842222,22068.399394444208,0.039136478566250035,3926131.443102309,ok
5564,3926127.308335726,0.6854482869714135,1415.4450425925659,12168.338666167916,0.05816098160252477,3926086.1464991854,ok
5565,3926095.898630607,0.6892561960727898,1502.8131963862727,20926.150719413123,0.03590754020021746,3926068.9174679755,ok
5566,3926050.033480225,0.7615084647006412,921.3554788787105,2138.267882723243,0.21544435248807456,3925950.783062946,ok
5567,3925966.3686557785,0.5575502811260346,2836.8205206784623,55276.878362709496,0.025660100612629914,3925929.972105788,ok
5568,3925891.1845198143,0.6432062301688929,1815.38840901151,18538.421488289303,0.04896286369792295,3925846.7412121994,ok
5569,3925820.841567187,0.8147310418957343,1057.0297771969108,3045.303215342941,0.17355082605097427,3925729.117371691,ok
5570,3925736.959745032,0.7298584071219136,1238.6689216138961,6905.241984708019,0.08969047894027365,3925681.411340618,ok
5571,3925576.1282875915,0.7007855060364704,1480.026790245256,22068.4660858527,0.03353261582584682,3925551.313702707,ok
5572,3925538.0379630104,0.7145575466207161,1867.2141466003245,88864.16282342738,0.010506002010678191,3925528.229485221,ok
5573,3925532.414541412,0.7032299901574682,1957.6615973087767,94002.4318500284,0.010412824215186436,3925522.222148369,ok
5574,3925520.861628128,0.7298352569444064,942.0981906207105,1260.0632739469463,0.37382971557838474,3925344.769478805,ok
5575,3925351.8109704065,0.6726014157492557,1888.0798075863386,30349.817500935354,0.031105290954849228,3925322.446334526,ok
5576,3925277.78783878,0.6923087775602075,1206.9699260875136,13199.77871919923,0.04571932423124495,3925250.196914086,ok
5577,3925240.6164478897,0.7414173680942928,648.9529384319756,521.3751325437098,0.6223474211992363,3925038.679354033,ok
5578,3925004.935848578,0.5249514906307695,5223.832267957294,227744.72481095494,0.01146861309804972,3924974.9807929927,ok
5579,3924984.3888712255,0.6313330035782327,4436.331088833867,250582.47188168674,0.008852037924920172,3924964.7535857023,ok
5580,3924961.1905321004,0.6289781614344593,2546.788247501918,45876.122001513075,0.02775723117374568,3924925.844637032,ok
5581,3924907.047953021,0.6436843874920452,2223.2984121957697,35191.572349121154,0.03158850633525746,3924871.9326150315,ok
5582,3924973.90885791,0.2363320768914961,6142.640477595012,214556.43575311077,0.014314743009301582,3924929.9436979922,ok
5583,3924926.01608715,0.4948428277568951,3324.8467090069435,109982.08315973211,0.01511540158853926,3924900.887890537,ok
5584,3924892.223109382,0.6846259984686957,1773.2198495373937,20465.826619385705,0.04332148127986579,3924853.8138541235,ok
5585,3924992.648613396,0.3063165184093988,4539.939114463288,100685.07403866334,0.022545243959000018,3924941.4715959486,ok
5586,3924978.1381427404,0.4906241788261595,2934.1569944557164,47422.88136537569,0.03093608939373724,3924932.7524712025,ok
5587,3924876.5518496917,0.6878182547733483,1857.2209619659468,38891.50496617973,0.02387694900957158,3924854.379464587,ok
5588,3924857.893486294,0.6891729825881183,1410.8746865121893,9960.919274259672,0.07082050600279813,3924807.9340566914,ok
5589,3924827.3812397094,0.8108778464429429,1150.7105573171252,10554.96485248714,0.05451039266350447,3924796.0183975487,ok
5590,3924791.7496367614,0.6372822366546245,1415.1507349075825,12773.516714997184,0.05539393600378181,3924752.554252139,ok
5591,3924978.6705793613,0.15528943603396594,12628.797537739476,278387.6260017438,0.022682038205355384,3924835.4471452422,ok
5592,3924776.564851427,0.5214250138162053,2021.9848431351393,28422.69709937597,0.03556989746725219,3924740.6039546514,ok
5593,3924770.7750820164,0.5423849752366685,1554.0613782955388,24250.050505474064,0.03204243591048881,3924745.877125959,ok
5594,3924731.9214509544,0.6249058032705064,917.4086448924752,3492.2280937503456,0.1313500464838279,3924671.6706168787,ok
5595,3924728.5601086966,0.2709001929042235,5175.357170626261,197965.68428376774,0.013071349181931468,3924694.7356583374,ok
5596,3924681.87527249,0.6520792130672579,1250.0226754175956,8200.635059401873,0.07621499227577919,3924634.2400382143,ok
5597,3924592.1553769773,0.5962438442188915,1262.6848539052435,10036.382353275512,0.06290537812627021,3924552.440542883,ok
5598,3924555.203213563,0.6848423580363061,1052.644901379379,7616.181840042563,0.06910581466457584,3924518.8312718323,ok
5599,3924542.3261711467,0.6892447518334709,1099.0831401524783,9714.410626935047,0.05656972833251776,3924511.2387538203,ok
5600,3924503.6672618785,0.5335107375782739,1425.4941207029028,15998.121663467402,0.04455192149082406,3924471.9130108026,ok
5601,3924413.0567502594,0.7943818697051551,677.3252432363033,1309.3442363707013,0.2586505612587197,3924325.461473101,ok
5602,3924327.6800549366,0.6631723545809556,1796.8133491753156,13959.845292993992,0.06435649219110902,3924269.861752799,ok
5603,3924202.4275968065,0.5200606063626989,2135.6841230748964,44890.57081427516,0.023787669485322637,3924177.0261227842,ok
5604,3924167.9912141263,0.7964075852179215,1091.3699738802834,6408.877329288263,0.08514517580893417,3924121.528769977,ok
5605,3924121.762179164,0.6169236667822462,1356.0370879741567,17940.992239929856,0.03779158560015793,3924096.1387833203,ok
5606,3924076.2372542433,0.624560632528032,1184.4769712669313,13695.392217095932,0.04324363086835698,3924050.626711785,ok
5607,3923999.2993027605,0.7533622393646597,854.2713226071378,3160.898994580478,0.13513106936852926,3923941.5800040835,ok
5608,3923918.801076512,0.7468784400335677,1952.888877398611,74507.47605272771,0.013105321645955258,3923906.004458073,ok
5609,3923904.69932284,0.5983804463679222,1028.0164892656428,9633.680859990272,0.05335533241168012,3923877.2742420854,ok
5610,3923902.473609184,0.6634633202983345,1135.0771299324392,9830.379029193355,0.05773313147751433,3923869.707830594,ok
5611,3923846.62227732,0.5604430036534421,3101.415381854488,146671.18826520562,0.010572681037555307,3923830.227139521,ok
5612,3923825.6896346407,0.5636915994822919,1499.4952066113424,34107.17201558069,0.021982109890646306,3923809.2086004345,ok
5613,3923816.773446613,0.5687763199306487,1591.0821454822526,28995.742060467037,0.027436479158978712,3923794.9466005503,ok
5614,3923782.0930470508,0.5787977201406189,509.82734027709444,105.46383493510268,1.0000000000004303,3923377.7295417087,ok
5615,3923414.299779118,0.39442173846752127,6698.24911942837,250925.6776268058,0.013347077873374273,3923369.598752812,ok
5616,3923316.999056084,0.6375035850683535,2330.40633971865,31257.17984908976,0.03727793663679665,3923273.562686149,ok
5617,3923268.6763326037,0.6832330193606863,1953.9089344009087,31806.98451474066,0.03071509236431054,3923238.669085908,ok
5618,3923227.5803100485,0.8211401236653194,890.735411879119,2789.123439255509,0.15968017036149537,3923156.4639188903,ok
5619,3923196.7325379904,0.44123056127465354,4268.588601070761,130299.59797662633,0.01637989935255394,3923161.773012159,ok
5620,3923170.3566977642,0.60271365518011,2762.368395851231,50793.485274351886,0.027192152506672798,3923132.7993264147,ok
5621,3923200.9244996295,0.3816851320007391,2708.79110927329,40304.751240357284,0.033603868351890095,3923155.4115697155,ok
5622,3923160.7215901734,0.4481128095095945,3015.0508465720814,84147.63520707483,0.01791524407758156,3923133.713904262,ok
5623,3923137.573067379,0.6831126894087348,1066.9522180174415,6238.408587468891,0.08551477536760188,3923091.9529777532,ok
5624,3923131.804228091,0.38625410052590564,2748.5193845630647,57132.65462699854,0.02405383928427008,3923098.748006318,ok
5625,3923082.679779503,0.538651913957955,2146.293826848104,31421.82843238874,0.03415291111187795,3923046.0286883586,ok
5626,3923073.8515037405,0.6097040773345546,1180.1349076630665,5828.981700140575,0.1012299376093946,3923014.1190122035,ok
5627,3923025.917102934,0.8127645753953727,912.9236015010921,4662.537873162699,0.09789985908273562,3922981.229556964,ok
5628,3922991.241616541,0.8099752947202676,695.1502415031282,1718.8418011393762,0.2022147241946091,3922920.9568093615,ok
5629,3922892.4652306936,0.6529207323340028,2257.0110519380314,142781.17060746442,0.007903741937174025,3922883.5458142417,ok
5630,3922863.287746092,0.7522102375857491,1191.6684787568497,10053.723714530697,0.05926503018152992,3922827.9756119116,ok
5631,3922844.279586793,0.7177034742350268,1306.213521987304,7120.939672540823,0.09171637326350454,3922784.379003321,ok
5632,3922749.0300521394,0.6882691633251756,1133.2277941456373,4076.080494790915,0.1390094964505561,3922670.2653396255,ok
5633,3922647.223632249,0.7634684154912917,2251.5944523446897,125457.42401561336,0.008973540107377286,3922637.121245687,ok
5634,3922647.223632249,0.7289302046494002,2097.301858839128,108261.64577578801,0.009686264437466067,3922637.0661220443,ok
5635,3922623.9013690213,0.8313157153613747,988.7373640089021,5199.59157472648,0.0950783681563406,3922576.897601469,ok
5636,3922570.1583786514,0.5583132823488165,1592.1885874776713,36602.64159911178,0.021749640434644314,3922552.84361401,ok
5637,3922549.9189725188,0.6979415332677524,943.5604826531339,2430.407723324439,0.19411567729929743,3922458.339031437,ok
5638,3922492.2154831043,0.4956829355736692,2301.796303218715,46970.044678318125,0.02450281151511496,3922464.0152426227,ok
5639,3922441.4918199936,0.8185217120548153,1269.08608311557,8482.501433031966,0.07480612252970471,3922394.0241154768,ok
5640,3922370.33263385,0.8221757410830812,1992.7879167810847,72713.95085622618,0.01370292697147848,3922356.6791202035,ok
5641,3922345.93554443,0.6179758755325302,2191.6449570578725,93857.5387042001,0.011675380514531845,3922333.141400017,ok
5642,3922316.3263044357,0.7963773141318213,1883.3857984563062,127685.33204522483,0.007375106319139423,3922309.381219184,ok
5643,3922306.9764337474,0.7634533630704499,1020.1513252721347,3542.601035136069,0.14398337763046345,3922233.5340169943,ok
5644,3922252.646275336,0.3555466007536836,6706.614735354507,710418.8802566082,0.004720183346571554,3922236.818049743,ok
5645,3922218.6705461647,0.6564215298600298,1085.712882766022,1273.4075271596014,0.4263022086840331,3921987.2496462045,ok
5646,3922313.8364961892,0.19868618504344485,19012.687406068824,479049.25822080206,0.019844188337418894,3922125.190821346,ok
5647,3922016.8277630373,0.4559055565937464,4205.292480686975,87415.46597586214,0.024053480890030225,3921966.2518018764,ok
5648,3921966.8651091456,0.5577905290930062,2841.5992045949843,52994.72829171701,0.02681020637517941,3921928.77317859,ok
5649,3921930.3470934965,0.6945191089370106,2074.9079249549777,49290.29113215794,0.02104783596623218,3921908.510932672,ok
5650,3921943.496971754,0.5287845297026637,2705.89800106984,126095.43538863909,0.010729563654425652,3921928.9804193317,ok
5651,3921911.0476971897,0.7181492015508167,1504.2899330547762,11534.242091934844,0.06520974334788021,3921862.000516962,ok
5652,3921858.462019718,0.38901009719149515,3634.091654066703,112705.78573097577,0.016122027944249176,3921829.1675561187,ok
5653,3921798.630706464,0.6936921349628056,1580.7639781546036,10051.253676489638,0.07863516477810555,3921736.478888515,ok
5654,3921600.5866615823,0.7868158864422428,1089.013066367489,4758.184520806472,0.11443577498996513,3921538.2756344704,ok
5655,3921535.6976652457,0.3452580472350915,3605.214202627958,100412.76525101218,0.017951971512863086,3921503.3373139137,ok
5656,3921519.1491525928,0.4243694436655875,1795.2821678897485,38115.800593002,0.023550366776493203,3921498.0093758325,ok
5657,3921484.2730421666,0.7720417848252219,745.6700157004886,770.3657724508505,0.4839714083663177,3921303.831558329,ok
5658,3921246.586410816,0.46425246224223177,3002.038409412773,40639.999573380934,0.03693452806258269,3921191.1469748775,ok
5659,3921166.893938228,0.6883813375617281,1675.5479476675048,17456.16992370729,0.04799300061211987,3921126.686651389,ok
5660,3921119.45323987,0.49606991137036205,1319.2123996792093,8048.709954841043,0.08195179147223121,3921065.3973301267,ok
5661,3921090.726776521,0.4088343945423292,2657.231846588489,153969.10056421958,0.008629107518492562,3921079.2620068686,ok
5662,3921090.726776521,0.37714835493929444,2787.7755094215945,143106.98824596338,0.009740179510416848,3921077.150059573,ok
5663,3921090.726776521,0.4008640330012862,2728.4599872182475,158343.56979117022,0.008615632421375396,3921078.973072358,ok
5664,3921090.726776521,0.4011288187002845,2743.951204177846,151177.47572723083,0.009075264654930311,3921078.275734832,ok
5665,3921090.726776521,0.42482496396299685,2481.765017635468,112449.37277521982,0.01103503272800099,3921077.033597425,ok
5666,3921080.971262674,0.8484035615242637,832.2698012495707,3628.5934469609756,0.11468215073069352,3921033.248017276,ok
5667,3921043.2136325636,0.5816347400694947,1635.9229048620557,19196.785395185692,0.042609292941106804,3921008.360873422,ok
5668,3921154.0396615276,0.16608286018287435,15970.660695054768,1009877.43447296,0.007907227228712968,3921090.8978399737,ok
5669,3921054.957815913,0.7077426482761029,1604.3888902052336,29021.320196020115,0.02764155592110613,3921032.7839132994,ok
5670,3921024.7483187583,0.6338362238443861,1855.4665295819339,52171.931159394226,0.01778222971958968,3921008.2511527254,ok
5671,3920995.00072861,0.6180507101024587,1662.0656499738589,38755.02744646529,0.021443226330697,3920977.180703656,ok
5672,3920984.788954432,0.62818084644959,1797.3741099893518,65235.3844298892,0.013776067434085975,3920972.4085809607,ok
5673,3920952.913729349,0.8883591466516085,1211.2311238190596,44818.952893135975,0.013512487972521997,3920944.730356353,ok
5674,3920952.913729349,0.7611339781917579,1549.0476194811777,42674.076549592435,0.0181497497395286,3920938.856316035,ok
5675,3920952.913729349,0.8042682120112701,1368.8745064195489,37137.68722998903,0.01842972204949491,3920940.2997410125,ok
5676,3920911.954845234,0.599704856913799,863.1658225527817,738.4970354360548,0.5844071005939209,3920659.734727389,ok
5677,3920632.097127718,0.3501738272228712,6435.51301854102,195187.45262380378,0.016485468025817625,3920579.0509056696,ok
5678,3920558.775684081,0.4903477903259304,4279.97717276951,103326.34722308475,0.020710967182111392,3920514.4544506986,ok
5679,3920494.623654991,0.6630571171135341,1982.4064578238258,56154.695354885946,0.017651297414182653,3920477.1276319996,ok
5680,3920461.431124429,0.559921465580827,4190.145507023995,831931.3269085893,0.0025183241521835363,3920456.155052114,ok
5681,3920451.2649287283,0.7513031484384485,999.525269701767,4068.336612766141,0.1228420070459915,3920389.8730836166,ok
5682,3920481.7389773377,0.16503749640770557,9434.391998009327,515027.3714368225,0.009159117088951287,3920438.5336268516,ok
5683,3920440.449599988,0.7060632327431485,1225.3029815313357,8601.751753918126,0.07122403764868046,3920396.814087144,ok
5684,3920399.2764944835,0.34779696086040573,3170.2352405388606,175031.55951501278,0.009056181780368997,3920384.9213811713,ok
5685,3920374.026100342,0.7169577375967656,1140.756442023839,20999.130526125846,0.027161992269265127,3920358.5334915128,ok
5686,3920365.028629572,0.7242048837442622,966.7025471776061,2523.3409744824403,0.19155210432388858,3920272.4416759885,ok
5687,3920386.543334132,0.4122644405347649,3557.850550625125,76827.88202248365,0.02315468328011386,3920345.352882803,ok
5688,3920305.594082799,0.7548407129422102,791.7211681861111,1306.5445285989726,0.3029828493618528,3920185.6551150805,ok
5689,3920118.386840313,0.6668535791827548,1567.7626775903268,41019.33826836309,0.01911004350354784,3920103.4068338275,ok
5690,3920094.8545850036,0.7567598814092121,1113.394973399479,4602.883960713504,0.12094536630757134,3920027.524603552,ok
5691,3919962.139364078,0.6418351084407566,1346.5885767978243,24940.500505490047,0.02699602152132844,3919943.9630969786,ok
5692,3919942.9233597117,0.8657963929831689,751.0125076399759,1705.3097231023607,0.22019827174670267,3919860.2375315907,ok
5693,3919888.6204695874,0.3893526590091615,8034.773105001024,681891.0222781838,0.005891537534954642,3919864.951885921,ok
5694,3919850.936167824,0.6149747677400873,2625.7607686339634,115375.91549498582,0.011379154641455815,3919835.9966989052,ok
5695,3919837.4950406235,0.7382830064990302,1277.553193330221,10089.614336131503,0.0633103085395062,3919797.053897201,ok
5696,3919778.833607045,0.7165994028918912,1540.0154072151163,43847.73786658021,0.01756094478466679,3919765.311544278,ok
5697,3919792.022216376,0.7325621989761967,1460.1297651902732,34716.086583047334,0.021029584681115647,3919776.6692551044,ok
5698,3919764.06820932,0.7113116517634215,2187.6734613199233,184528.15537124278,0.0059277497705395,3919757.5842188904,ok
5699,3919745.8857562756,0.6362027825844906,719.4584788484086,268.6949341080037,1.0000000000358658,3919295.122211529,ok
5700,3919653.546890716,0.16524289743752177,30086.913950449172,1473731.8960268265,0.010207729788424658,3919499.987346829,ok
5701,3919438.407415176,0.29665947111807967,7831.54442393619,158761.3222373518,0.024664522547336348,3919341.826763164,ok
5702,3919382.81095569,0.3318769682601666,7791.837295000407,288906.926052031,0.013485030285492581,3919330.274374739,ok
5703,3919355.6591511862,0.5143525584703925,5001.643193692674,184697.88433602997,0.013540066286284411,3919321.7978609945,ok
5704,3919303.5504705235,0.6214438793511803,2538.151935797585,93585.81337762516,0.013560559256753842,3919286.3410906596,ok
5705,3919303.5504705235,0.6343440217689846,2838.9441808494794,130005.8780617778,0.010918522389812385,3919288.051932723,ok
5706,3919321.9421906276,0.4557716989392528,4264.04101322019,208626.37967390814,0.01021932370174152,3919300.1543829315,ok
5707,3919321.9421906276,0.4240712316829883,4521.15406491589,251876.83897289514,0.008974930135204727,3919301.6536696963,ok
5708,3919330.4602334974,0.48416086997147423,3958.512953685323,267616.9615967722,0.007395855871889302,3919315.821937861,ok
5709,3919330.4602334974,0.48477886490447397,4135.393201732533,333514.03523250646,0.006199728894242156,3919317.6410751366,ok
5710,3919332.0400257236,0.45449120663630244,4309.247253693686,325504.575227346,0.0066193343836779064,3919317.7778514666,ok
5711,3919306.707298153,0.6729479488810254,1553.640938218899,4860.202969318304,0.15983292755742812,3919182.545808389,ok
5712,3919337.5125508443,0.26917038468663573,14817.01573323072,608388.4431014857,0.012177265940239995,3919247.2971803322,ok
5713,3919208.6831751955,0.4117634789332626,4405.497013163248,109432.22850897866,0.020128882840039154,3919164.3443085807,ok
5714,3919175.822199873,0.39440157806320736,4173.026754813763,127125.09719406227,0.016413072032674423,3919141.5761055127,ok
5715,3919152.0030191313,0.6020613209797336,2698.7825858567803,42486.94472767501,0.03176013953409618,3919109.146163382,ok
5716,3919049.8252396667,0.6729058350186488,2012.5814351240053,25462.56504575894,0.0395203985047693,3919010.0562294973,ok
5717,3918938.547174445,0.7304546608897391,1733.2484301441068,25433.174066360458,0.03407455997473418,3918909.017335653,ok
5718,3918926.9273797264,0.7228444063615813,1652.666420293402,18519.662874495687,0.04461923609228784,3918890.0570231318,ok
5719,3918816.4082561927,0.8202258776525112,1685.4004287631392,89004.84377445103,0.009468026442662753,3918808.4295482794,ok
5720,3918808.1561139384,0.6505885410962935,1262.5934729685355,14616.484748971054,0.043190736167169654,3918780.8899431494,ok
5721,3918802.8494770573,0.6150955424038199,1432.7399376974017,29238.364266312616,0.024501027565145852,3918785.2976767034,ok
5722,3918729.9418135285,0.635051532909266,1245.096205618145,14868.653845590616,0.04186983631969431,3918703.8758263625,ok
5723,3918797.9182439665,0.1835593460726605,14258.8936306944,1061059.3973226752,0.006719177864440597,3918750.014222739,ok
5724,3918743.7774647553,0.40073143233354525,4202.526710283806,384936.93779402494,0.005458721023718081,3918732.3072543023,ok
5725,3918738.2642334104,0.7111094873776141,1226.0719205817995,14503.531900854792,0.042268046464928266,3918712.352400956,ok
5726,3918768.590584344,0.2261891024548704,13955.675690898886,1049474.3200416036,0.006648888602793849,3918722.1957178214,ok
5727,3918705.014981317,0.5435049824262669,4172.238648144928,811662.6589952968,0.0025701802355361926,3918699.6532786614,ok
5728,3918690.9915816206,0.7159865116711825,1073.6528791905585,16451.306955864802,0.03263123355703381,3918673.4742726907,ok
5729,3918700.8003381533,0.5160411530619324,3036.959194901661,233129.41084148208,0.006513462166656145,3918690.9097787444,ok
5730,3918700.8003381533,0.47989619741228806,3204.9540910879105,257250.59240738075,0.006229245307261647,3918690.818115537,ok
5731,3918683.723152336,0.7768470166184813,810.6951817108711,997.9305114781616,0.4061881926578472,3918519.0757470084,ok
5732,3918450.3439648347,0.5052085061232097,3795.0583402884413,217557.98834656537,0.00872194666151029,3918433.7938166237,ok
5733,3918440.390886843,0.7245873256783057,1750.5453061153153,26539.529587355675,0.032979961086976727,3918411.524428805,ok
5734,3918428.8785960516,0.5430370397019273,4283.007555228716,926044.9382722056,0.0023125268430384477,3918423.9263110817,ok
5735,3918415.6366191013,0.7493554351961995,1048.2731513691094,2578.598476144338,0.20326412992699527,3918309.098454082,ok
5736,3918247.9932546555,0.4237938080694612,4508.5008654762405,124022.59587426893,0.018176126832754123,3918207.019712877,ok
5737,3918183.1613708157,0.333302093419587,3527.6230034049095,99078.94641814887,0.0178020817284283,3918151.761854309,ok
5738,3918169.3012913996,0.5037067187734846,2318.58283627942,46432.52455177134,0.024967227807032616,3918140.3569984683,ok
5739,3918106.454063118,0.740184053242345,1467.3284935954516,17749.962610397593,0.04133328406945258,3918076.1293103932,ok
5740,3918037.234026681,0.6908383193060251,1883.0166267260402,26061.935625726328,0.03612580150929526,3918003.2212842335,ok
5741,3918026.22555119,0.6579574531270456,2125.7409172714915,45175.982111514124,0.023527334857095426,3918001.219042,ok
5742,3918021.990753712,0.5106013322648025,3904.6463312626424,307694.48161964375,0.006345005459164145,3918009.603252568,ok
5743,3918021.990753712,0.493833431379688,4147.68760132621,331392.4965204726,0.006257968488839904,3918009.012704557,ok
5744,3917990.3470927402,0.6758053724952647,1732.8055903649617,9022.76976096496,0.0960240389742386,3917907.1515969685,ok
5745,3917955.4544938025,0.5111836534073172,3081.356552313804,71807.7126357759,0.0214556099840076,3917922.398301598,ok
5746,3917891.002155844,0.7226688208747107,2052.8329143887363,22724.113558982328,0.045168602706117396,3917844.640358678,ok
5747,3917871.7957338113,0.28032927339599434,5132.798171918339,343000.1951937904,0.007482208820636936,3917852.593399933,ok
5748,3917843.9680619086,0.7090344547676486,1882.2140366013143,18146.468539278645,0.05186171713044878,3917795.160635936,ok
5749,3917758.413091878,0.8252904507012973,1232.63867161993,15664.810340971137,0.03934419392221996,3917734.164504412,ok
5750,3917734.9430225035,0.7809183299197099,1053.259972494635,4212.494586971356,0.12501618111892862,3917669.10575276,ok
5751,3917708.5855645845,0.47361606688248137,2184.157679132277,20416.728634118095,0.05348941346760036,3917650.1709079957,ok
5752,3917636.914753001,0.6739790069305309,1011.6325021885339,3039.293036964128,0.16642562758591842,3917552.7339659696,ok
5753,3917440.5186785664,0.6935471714198724,1174.4450665416416,10864.334368990661,0.05405048421069316,3917408.779016304,ok
5754,3917389.206449057,0.8797037446648229,1068.3106040890716,13898.158845611446,0.03843352979184026,3917368.6769753424,ok
5755,3917342.5742037036,0.8788297426009793,768.8462587198122,3510.820347822806,0.10949666780822367,3917300.48115201,ok
5756,3917285.146053994,0.6365758423480146,1837.6155534955237,48460.813538841256,0.018959809166458567,3917267.725633886,ok
5757,3917250.4251210615,0.720225394211974,1096.7421869889286,4742.996265050387,0.11561701988577018,3917187.0240894402,ok
5758,3917226.311462798,0.32121297599829524,6587.572025461927,623399.0283665085,0.005283591829396439,3917208.908441934,ok
5759,3917200.411131056,0.644839610559235,1149.7495169708454,6117.9207265631885,0.09396570896863601,3917146.392616807,ok
5760,3917117.11644911,0.7597586775713203,832.0236693333495,1693.514848164163,0.24564994816410854,3917014.923163489,ok
5761,3916995.4797249665,0.8819458059285582,759.4041958622327,4394.391218208067,0.08640607517096538,3916962.6711569503,ok
5762,3916975.8542478248,0.4569202464870642,2233.600178859221,43705.60318245671,0.025552789759412144,3916947.3168899366,ok
5763,3916894.123922892,0.7691486884806863,1033.2866387786935,5449.06115408255,0.09481327237486897,3916845.13927913,ok
5764,3916866.704255703,0.632716682317921,943.7998399122099,647.345124446023,0.728977329303193,3916522.699912355,ok
5765,3916503.446912525,0.2182536701730653,16348.823094177642,918846.797349187,0.008896381388792413,3916430.724229773,ok
5766,3916422.695207289,0.32749947960631065,6417.3731407395735,122056.87211627401,0.0262884548386028,3916338.3437952925,ok
5767,3916408.443545554,0.3920137470164556,6212.048975362248,286857.41239164124,0.010827764434549542,3916374.812244073,ok
5768,3916384.397988446,0.5346743641516166,3262.8275507593507,58612.02031219367,0.02783411605145225,3916338.989028094,ok
5769,3916305.6726590507,0.5860164420446561,2473.2310415114,43068.62306250933,0.028712678344995836,3916270.166115367,ok
5770,3916244.944547709,0.6650853945535824,1596.7994918760517,13020.94754550497,0.061316562650131065,3916195.9894196675,ok
5771,3916183.4956889236,0.7150612047273046,1208.375483337033,4020.415576221024,0.1502799226134779,3916092.6984018614,ok
5772,3916040.6053799936,0.6664933433260535,1748.140647929776,35285.63381349476,0.02477128024920458,3916018.953539041,ok
5773,3916030.263638303,0.7201000232422716,1871.9599468932636,69632.60162050296,0.01344169184641002,3916017.682483926,ok
5774,3916026.307425306,0.7295351345283273,1170.1663201571503,8103.123143286981,0.07220464871785717,3915984.061701262,ok
5775,3916000.2729923073,0.7822483732371516,933.7395455904237,2414.702496842248,0.19334463496258703,3915910.006226511,ok
5776,3915950.4262570185,0.4884219393413602,2663.1115821344683,38278.36421796751,0.034786120521895614,3915904.106596789,ok
5777,3915896.2689705263,0.6928539878962963,1706.0588187660333,32808.64722980195,0.02600013964026416,3915874.090086765,ok
5778,3915874.0957857342,0.6840683017189092,1413.8068435293928,15859.245028204323,0.044573585975090785,3915842.586565288,ok
5779,3915814.3541686987,0.7657904410954864,912.8520874851765,880.4274270676881,0.5184141585215494,3915577.7364453045,ok
5780,3915553.2903507184,0.2533416168256201,19211.020696303214,1555385.8946368056,0.006175644501646048,3915493.9701335514,ok
5781,3915495.6092248755,0.29101638916646916,9254.114152329299,351792.33856037515,0.013152807975010936,3915434.7504316634,ok
5782,3915393.155171976,0.4811946374444,3645.1198956158364,96119.12083135353,0.018961471266530864,3915358.5967538944,ok
5783,3915308.534029982,0.613428247220587,2244.712299501938,34892.70524250662,0.03216592528296443,3915272.4324059286,ok
5784,3915243.314760914,0.6964089801369643,1480.112577475933,15278.05435359259,0.048439171088820246,3915207.4670477286,ok
5785,3915197.8675798466,0.6994548746646978,1036.9466583423493,2272.3953371308717,0.22816158821457516,3915079.571881616,ok
5786,3915293.149263683,0.0960632115947679,20040.97677982904,860612.7647010637,0.011643434539801609,3915176.476363058,ok
5787,3915159.5882849908,0.34248186778458556,3833.5376438400726,245898.24262609394,0.007794967550193606,3915144.6471342226,ok
5788,3915130.658042665,0.7099536822437112,1076.995366456932,5166.533885280709,0.1042280366654768,3915074.531486393,ok
5789,3915075.2268022397,0.7223158724680045,1132.6319776285832,9889.639666942185,0.057263561452830264,3915042.7975318125,ok
5790,3915036.1142667644,0.7370271926308666,1224.448528207466,9844.24431823825,0.062191087940541706,3914998.039373716,ok
5791,3915030.62829376,0.4107141509617848,2831.5948300101836,96741.93489406291,0.014634784972571185,3915009.908403027,ok
5792,3915001.5576430704,0.6970338390414309,1357.261542652554,18754.263745546752,0.0361854125831743,3914977.001108618,ok
5793,3914946.1845042226,0.782992014534983,729.7828699897907,1544.9650588409509,0.23618102746520414,3914860.0040701926,ok
5794,3914818.48927698,0.7103494979119621,1286.1668809747266,4642.228139592339,0.13852904707605262,3914729.403540779,ok
5795,3914709.748512625,0.7227403414593107,1435.2305085510106,15437.56347723112,0.04648500751649811,3914676.390162136,ok
5796,3914739.565453694,0.3412063779213191,5150.746386061692,173934.0938051061,0.014806603677807771,3914701.4329235023,ok
5797,3914706.9293974275,0.4236962690673856,3031.2217854203154,73494.5449008661,0.02062208691481124,3914675.674337869,ok
5798,3914680.6577232955,0.8225224949449361,1071.8181551596483,29658.8106465268,0.01806913581150571,3914670.9743093904,ok
5799,3914664.7709457017,0.7008806038451015,595.2150522473339,557.5644617397281,0.5337634418001888,3914505.918928252,ok
5800,3914446.616693494,0.5688434649662832,2089.40620252353,45980.92805582351,0.02272035701396533,3914422.88066606,ok
5801,3914401.892609322,0.7088668543310251,1723.7015149582776,57262.72888425101,0.015050815325641492,3914388.921052733,ok
5802,3914389.3736588317,0.9034622372351042,989.6253573430535,7245.5618604860165,0.06829182997801854,3914355.5819955086,ok
5803,3914354.407075923,0.4173210008940092,3036.4266273750463,100357.91037249875,0.015127988496894429,3914331.439562378,ok
5804,3914353.0293817814,0.5037574229552225,2023.4238756254856,48201.555428234715,0.020989196900897494,3914331.7943607117,ok
5805,3914362.479576375,0.520544727388286,1964.986403487184,42942.95032140466,0.022879033564069628,3914340.001081436,ok
5806,3914343.6651764982,0.6488493091170312,1083.8119781582009,11873.083170059987,0.045641555888836796,3914318.931744011,ok
5807,3914360.2045999086,0.23540223170079902,3485.482562605645,62965.87852062779,0.027677550480485962,3914311.9697901206,ok
5808,3914350.031428229,0.5198726294705676,2199.148140129988,47549.99118202559,0.02312459040961179,3914324.6042282335,ok
5809,3914350.031428229,0.49371472050135007,2130.515935626363,49384.03509264083,0.021570897676037117,3914327.0528576067,ok
5810,3914317.029055124,0.7009941438761876,1451.271124055183,18277.019830681355,0.03970207226067995,3914288.2198196054,ok
5811,3914323.079936575,0.6354123429851147,1220.216820190677,11792.022477838547,0.05173908133587361,3914291.5134879216,ok
5812,3914284.7828261387,0.8076865063432965,723.8309251848582,999.732441272593,0.36201232214864887,3914153.764969104,ok
5813,3914122.5673165475,0.3254158178023674,5355.302753606047,242449.9379391251,0.011044141316610006,3914092.9949563458,ok
5814,3914058.9983713357,0.6710643709136264,1305.6094713837456,13839.118263942526,0.047170977459795184,3914028.2049338627,ok
5815,3913985.5776923997,0.8119057730199336,909.8536822216331,1862.3933040047862,0.24427001543259813,3913874.4527059007,ok
5816,3913879.6032211,0.28842044006727235,9381.287456664208,720085.0535332154,0.006514013456211444,3913849.048304735,ok
5817,3913850.5244326484,0.45705602704128134,5211.804482958767,187764.58056791197,0.013878561300526343,3913814.358258647,ok
5818,3913831.598472004,0.5233065604019423,3657.4658739771626,81345.36078935479,0.02248109688423556,3913790.4865496717,ok
5819,3913799.0039885603,0.6457598399052078,2169.769957600884,61961.78993853709,0.01750893542417984,3913780.008807524,ok
5820,3913747.8988235397,0.7698015160533939,1421.9084765888274,12234.437264317254,0.05811090636493518,3913706.5846283687,ok
5821,3913777.12277888,0.1655764766565473,10735.73216887605,598102.5701766174,0.008974825309399548,3913728.947118488,ok
5822,3913748.357713354,0.25636644762895333,5806.195542988619,343305.7452985437,0.008456304070791863,3913723.808235851,ok
5823,3913748.357713354,0.25465018503843356,6117.421937621538,351949.0494511266,0.008690777752009575,3913721.775136116,ok
5824,3913698.694832961,0.6083560089958382,2237.4434463062553,37505.923287029924,0.029827867843477334,3913665.325749249,ok
5825,3913632.1014727186,0.6031305269919582,1665.837543358859,30297.97482320977,0.027490905796164696,3913609.203781231,ok
5826,3913598.350804143,0.6724425622977228,1143.4029498507643,11338.281761144663,0.05042223213084676,3913569.524339665,ok
5827,3913584.9612302207,0.6909405240607146,1028.9603291868175,10373.808797911477,0.04959414373407261,3913559.4460269893,ok
5828,3913527.2511961567,0.5359945261747249,1368.512365357204,18412.676308227823,0.0371622338449972,3913501.822707886,ok
5829,3913513.6263219086,0.6534056319968303,981.1740488176259,21085.20667793888,0.023266882412023328,3913502.211891299,ok
5830,3913499.534679626,0.6009127937131006,955.3773153869117,11025.060597510084,0.043327531261037944,3913478.8376093768,ok
5831,3913456.1365342797,0.6233247252526213,874.632532231876,550.7003705833873,0.7941092642677264,3913108.859635942,ok
5832,3913020.56942225,0.3586837497824182,12654.070515399999,960944.0251132521,0.006584187103878736,3912978.911038301,ok
5833,3912959.0193340727,0.35806903511047494,5108.18092920124,188089.07078643487,0.013579154035487017,3912924.3369462336,ok
5834,3912918.3808813416,0.7308179542042599,2141.972752517356,46742.103370954654,0.022912669713622356,3912893.8417242346,ok
5835,3912891.6656169156,0.7301075594083822,1818.0583198621803,37007.63857240424,0.024563284635214,3912869.3368749185,ok
5836,3912866.5660925847,0.6847212589006003,1578.6984564237466,21193.17702732754,0.03724544117165855,3912837.1664323416,ok
5837,3912806.738209826,0.4696768870671803,3428.26433633538,342780.2469972827,0.00500067370621061,3912798.166394164,ok
5838,3912791.8377090134,0.7959299227298943,838.0931356140359,2834.8559152597286,0.14781935319934064,3912729.8945164,ok
5839,3912725.6207526117,0.5310056852514916,2758.381470395797,90131.33621156125,0.015302011410999008,3912704.516360244,ok
5840,3912725.6207526117,0.5232748777765184,2689.738627692952,104034.41799446532,0.012927157567392973,3912708.2354150843,ok
5841,3912694.3888064157,0.5250466651419886,1875.1742975794596,56990.57296911944,0.016451618222855294,3912678.9639805933,ok
5842,3912694.3888064157,0.5759756194458346,1887.7926934682346,49991.18797458813,0.018881254576585082,3912676.566859199,ok
5843,3912682.9688402917,0.7284482036615281,724.9781198534814,518.5696900681006,0.6990170595569078,3912429.5828035,ok
5844,3912233.5051276237,0.559908222494719,2943.6474789618715,158844.89820927332,0.009265791700416168,3912219.8675154336,ok
5845,3912224.0675789127,0.6198466167403757,2583.2985549442565,138566.7056989386,0.009321498053641193,3912212.0274726865,ok
5846,3912218.2700198423,0.5522001806119238,2908.8823354244805,166468.00896731668,0.008737061113032213,3912205.562478475,ok
5847,3912189.9358379277,0.801122003300673,1264.091715957682,10462.362110015903,0.060411391933544945,3912151.7530678813,ok
5848,3912149.0064806966,0.909314330864464,944.8855911127166,7552.626755718225,0.06255344144984573,3912119.4535579467,ok
5849,3912090.0199488252,0.21776231349688274,5213.596911607784,312613.24802707287,0.008338733154322809,3912068.282552115,ok
5850,3912039.4220824344,0.6544646541313023,1831.262985955289,69062.56983944397,0.013257999160852199,3912027.282640869,ok
5851,3912039.4220824344,0.7036302357919352,1709.9869742417145,88401.6210499272,0.009671694669919873,3912031.152846482,ok
5852,3912039.4220824344,0.627211600308638,1852.9019743364515,72684.40276614371,0.012746214482204775,3912027.6133394446,ok
5853,3912026.196669285,0.7552669517093283,1032.3225369153092,6500.26874949212,0.0794061427841708,3911985.210293902,ok
5854,3911938.7752024215,0.7125516581122181,1291.8915488844038,16343.41115146081,0.039523314224672486,3911913.245284606,ok
5855,3911837.0821274314,0.9259806221443906,1890.4501362174642,186479.06646227653,0.005068799871431922,3911832.290970728,ok
5856,3911813.0330454977,0.809635661820857,558.2961852301081,470.23665254681737,0.5936332080946449,3911647.321467745,ok
5857,3911648.4767131177,0.37439007357124104,5841.93552680653,149691.61932150173,0.01951323512059634,3911591.4791823705,ok
5858,3911759.8895136467,0.20393850785824538,7921.7478744055925,200391.99866471978,0.01976562918477509,3911681.6003481564,ok
5859,3911692.3756463733,0.34708370007968764,5065.881825346369,81855.44071544507,0.030944075195666877,3911613.9961323054,ok
5860,3911714.9430249278,0.3207523077581574,5218.599449395002,144380.9373427973,0.018072328471606718,3911667.786903222,ok
5861,3911715.2494938564,0.39137534103468136,4647.01794494185,105551.22431384874,0.02201309352473396,3911664.10187354,ok
5862,3911660.10430391,0.7151961413621443,2152.2304226023616,27242.234513025953,0.039501723354838356,3911617.595898535,ok
5863,3911599.625749199,0.391342763641341,3087.610266318148,98241.13098667114,0.01571444788607462,3911575.3657038882,ok
5864,3911600.645216571,0.48917790276337947,2825.0596476011915,61978.517582081025,0.022790635834907102,3911568.4527637507,ok
5865,3911545.213456805,0.7757920301057856,1553.9416030827579,9137.166405822634,0.08503410871955407,3911479.1444371943,ok
5866,3911483.305398031,0.6759045294938525,1887.7190051362418,54294.35841536417,0.017384117431637765,3911466.8972336,ok
5867,3911471.4906266117,0.8304317187170557,1169.0760970870137,8534.592475106738,0.06849044640953361,3911431.4553547236,ok
5868,3911429.4828767595,0.6234260462929089,2215.5615029856863,63486.98938720757,0.017448941305697786,3911410.1532754474,ok
5869,3911389.219159552,0.6997113071037487,2074.6019112506265,56901.12133505174,0.01822988600729603,3911370.3092813753,ok
5870,3911378.333071278,0.7314813652921613,1899.5952363756635,61223.27640393251,0.015513668558365884,3911363.5982258315,ok
5871,3911341.3629723545,0.9048405836263043,938.462467291469,11098.286992588273,0.04227960891253753,3911321.5240593064,ok
5872,3911330.613727491,0.7857664761786957,792.8411833594109,4742.831943851138,0.0835830989528622,3911297.4796659495,ok
5873,3911274.198579853,0.7500117251567131,801.3872634140562,1811.80202095846,0.22115751449215046,3911185.5821721917,ok
5874,3911156.4929353446,0.4015172373298959,5079.225330959069,213373.06468876527,0.011902217691740604,3911126.2659125472,ok
5875,3911123.4861991745,0.5775443779633964,3421.493306069303,178476.09527989355,0.009585298526123559,3911107.0881818025,ok
5876,3911093.8758161366,0.7269178029029173,1298.4386358200552,7883.999376908408,0.08234644459911275,3911040.4149135416,ok
5877,3911038.226931073,0.6900243170090848,1581.9158717067198,21795.99113658651,0.03628914743526697,3911009.5237419237,ok
5878,3910996.023788249,0.38455789120241674,2889.936407127333,130288.06445613904,0.011090564662199808,3910979.9982749526,ok
5879,3910996.023788249,0.4254037129851123,2738.2702836708904,158719.61238978524,0.008626124530049312,3910984.2134580174,ok
5880,3910996.023788249,0.40547777338646157,2797.8768579524276,158394.67847563728,0.008831978715695205,3910983.6683938196,ok
5881,3910979.6545334044,0.6705418739142455,1173.4863779419106,3719.2442223162116,0.1577587149158903,3910887.0906819263,ok
5882,3910831.1148802657,0.5497250557773716,3548.914989904956,148497.73803917508,0.011949390734048486,3910809.9111943175,ok
5883,3910792.332487364,0.8211243556252678,1371.5740422891445,10729.815541183903,0.06391414824535782,3910748.50099403,ok
5884,3910727.3521869336,0.7485206315631169,1394.6784276100948,16997.759035979147,0.04102536177439566,3910698.743593408,ok
5885,3910713.94615619,0.5675338248198972,2497.067457174213,50135.062421850715,0.024903404289827895,3910682.853415977,ok
5886,3910690.5979062784,0.3871709084348823,3272.848448034508,113511.32636211644,0.014416395935651742,3910667.0065667466,ok
5887,3910651.090822738,0.5774029877621467,1892.8548937554724,58837.83442275757,0.01608535487688977,3910635.86720139,ok
5888,3910589.203078295,0.6843118366418643,1947.7947977095555,82490.09252759069,0.011806234773333969,3910577.705016959,ok
5889,3910573.750106179,0.6581049847085716,1678.029155078942,42359.96818522701,0.01980678016259881,3910557.1319288886,ok
5890,3910563.5983130946,0.8440570076504631,1051.7246878911299,9304.159657197139,0.056519058498613516,3910533.877068515,ok
5891,3910522.132420397,0.740898472718847,1395.752396704054,81442.34753629635,0.008568959754518435,3910516.1523473393,ok
5892,3910513.20651641,0.82329915367307,1279.7179924600403,71183.37025325946,0.008988883133146133,3910507.4548986717,ok
5893,3910513.20651641,0.7312366181249172,1415.0840162037184,51489.24527990366,0.013741549410086498,3910503.483792946,ok
5894,3910498.1759962463,0.8018729225771054,604.1292578226316,301.84029085172875,1.0000000000005258,3910195.8870292753,ok
5895,3910104.746720239,0.19628269392550085,24017.537229827867,4451428.284112592,0.0026977338167558334,3910072.3502590493,ok
5896,3910061.629595102,0.3648744778222868,6082.750681129861,181239.32568305673,0.016780990158193107,3910010.592305444,ok
5897,3909985.4074535915,0.6098771565401465,1662.2473924659032,24505.899789609237,0.03391524911831056,3909957.2196863857,ok
5898,3909978.837581057,0.6254651285325136,1524.530850178212,17778.425221541198,0.04287586867736229,3909946.154788794,ok
5899,3909950.552369317,0.7849183255612493,832.7531810987382,3858.746331264346,0.10790462881060656,3909905.6234078687,ok
5900,3909856.710165711,0.6474588064435538,1450.5019878310893,13447.570134500307,0.05393175024645402,3909817.596110241,ok
5901,3909812.7223172863,0.6268860279431696,1804.8892508989893,27407.330009396308,0.0329271266168613,3909783.007408839,ok
5902,3909781.79857663,0.7603971474174864,1098.2104375665172,9679.445509880577,0.056728995294486995,3909750.648389258,ok
5903,3909747.5845298544,0.6036960869466853,3667.136215499057,876318.6917762178,0.002092353073096106,3909743.7480579894,ok
5904,3909747.5845298544,0.592525464499347,3746.562475650578,821100.1226403625,0.002281428520314296,3909743.3107726118,ok
5905,3909729.7977576596,0.6253704283710017,663.9960947090967,350.0331819651976,0.9484759287408289,3909414.905601355,ok
5906,3909378.666280534,0.12022842935385444,19601.990219452608,1100473.4147411324,0.00890616254644536,3909291.37702497,ok
5907,3909264.9747795127,0.4761969537571994,5704.286475672185,228301.4102576383,0.012492884886770726,3909229.343282362,ok
5908,3909214.3857682287,0.5474816453527599,2589.0226923977007,55987.38610180463,0.02312148211107724,3909184.454747295,ok
5909,3909188.0592029006,0.36657733827508504,3807.1063866963686,266258.2323122749,0.007149274510001423,3909174.450178577,ok
5910,3909169.2967697363,0.7411937706283402,1295.076597886022,7340.023633662311,0.0882201926398868,3909112.170816262,ok
5911,3909067.3379417732,0.22478604425834636,4985.471919198779,232427.55536610042,0.010724786721923054,3909040.603880252,ok
5912,3909033.879237166,0.49199062731295845,2146.6542607179954,113458.51767971834,0.009460084199133372,3909023.7254721397,ok
5913,3909012.5285566254,0.8148208414880892,908.797062597776,1597.062760520218,0.2845213992409884,3908883.242450687,ok
5914,3908978.1194021874,0.42062601723972415,5598.499712951234,192556.04324192365,0.014537325390295303,3908937.4257961754,ok
5915,3908958.6575575196,0.24203260009155503,7687.407711570752,598840.8214178423,0.006418573547950273,3908933.986461625,ok
5916,3908928.0601814464,0.637625183014305,1579.967842359612,12141.567455006154,0.06506440985542468,3908876.6603438193,ok
5917,3908908.6047624107,0.5344781924739715,2165.2344062669126,68606.15556595896,0.015780175906994414,3908891.5208725054,ok
5918,3908873.17378121,0.6802343712364033,1292.9708664456962,9968.374197322244,0.06485364819034485,3908831.2468423634,ok
5919,3908823.2944854745,0.8122378695917842,1198.0103627670887,7426.968933399809,0.08065271132207907,3908774.9830934997,ok
5920,3908745.9125592248,0.4595920572910497,3944.9580613797343,210373.26922604666,0.009376091544075559,3908727.418415264,ok
5921,3908707.1987724407,0.6640284531207994,1413.3686841853087,17026.00676260541,0.0415061706450605,3908677.867011545,ok
5922,3908701.745369689,0.6672031092050925,1328.4753206891867,14312.528553970504,0.04640952560128337,3908670.918414986,ok
5923,3908666.933628467,0.7332839582880256,805.2141981271989,1959.1517126335607,0.2055007258842659,3908584.197577363,ok
5924,3908551.2753657615,0.6773501344875466,1323.356592444994,12242.554316385354,0.054047405396185265,3908515.5133706434,ok
5925,3908423.4912797455,0.7223216919037893,1376.770526669121,28599.398568825418,0.02406992096976928,3908406.9219008605,ok
5926,3908326.351488145,0.6360699183301144,2412.162951015196,139937.2941253896,0.008618728002750283,3908315.9565999582,ok
5927,3908321.221718182,0.7513273997603683,1187.851415484066,9838.799146305026,0.0603656705366409,3908285.368994585,ok
5928,3908298.353205156,0.8432242357578902,977.943640673081,7375.7918648998975,0.06629414567179855,3908265.9372360692,ok
5929,3908257.702819325,0.6237845537806171,2808.6479498207636,217406.95225768676,0.006459425332663113,3908248.6316934666,ok
5930,3908237.5687409723,0.8096871273397204,987.2495147679401,5596.215601291822,0.08820688703809454,3908194.0276377583,ok
5931,3908186.919570916,0.5944667171221606,1294.2091327171577,23564.385330683905,0.0274611264956682,3908169.149350563,ok
5932,3908173.029489758,0.7044499655233664,788.5737984301667,1584.8487211577383,0.24878519567915303,3908074.936746383,ok
5933,3908067.744706054,0.3156423374675108,8771.61144315364,458572.7529812001,0.009564034699106126,3908025.7987079495,ok
5934,3907974.384207373,0.7263347846109637,1719.5971887956925,51115.236780766216,0.016820788644402285,3907959.9217169397,ok
5935,3907951.3169134073,0.6117223374871549,1610.846430715888,30436.005082373744,0.02646284271467627,3907930.0031255404,ok
5936,3907917.351186656,0.7741134611698227,1135.3356944638285,8126.714331489359,0.06985207355355377,3907877.6984104374,ok
5937,3907888.2528774366,0.7774277302161828,1247.8217434851022,10951.792765883189,0.056968834699479165,3907852.7094021174,ok
5938,3907801.2332347617,0.8826249233635866,1153.3841609594888,24411.19183492077,0.023624085394092605,3907787.6094118063,ok
5939,3907790.459165659,0.7977208242193214,1554.3928289495148,49071.40468374498,0.015838071469191212,3907778.1498733005,ok
5940,3907760.304077453,0.7749658584290899,1134.3267781700724,3344.9763419920364,0.16955677143811215,3907664.1376843215,ok
5941,3907589.0668895417,0.6367045932455995,2205.231022712431,65366.90364519736,0.01686810067279708,3907570.4678600924,ok
5942,3907589.6570432996,0.5412793243549491,3786.6703445990606,321404.09081958025,0.005890824747972332,3907578.5037376108,ok
5943,3907572.4167998694,0.8554363914296732,1262.3750184269988,13005.792678363663,0.048531260248638144,3907541.784474594,ok
5944,3907587.876114426,0.42604011839608064,4495.747538086534,243169.03556853492,0.009244078974889568,3907567.0965917795,ok
5945,3907542.869861748,0.7282893139221635,1376.5740602896321,38879.78512508573,0.017702953551065912,3907530.6851484235,ok
5946,3907527.5213091834,0.8682865375617934,874.431938113639,7608.613345832944,0.05746329182258582,3907502.397440364,ok
5947,3907522.4527528607,0.7630192107233882,981.5195137534671,9154.656950990277,0.05360766214441789,3907496.14426962,ok
5948,3907491.4090296812,0.7924905441582407,986.9676191737011,5821.503910197209,0.08476912790910301,3907449.576837505,ok
5949,3907500.1864550323,0.594927727670916,2126.32650114183,95093.08425140035,0.011180237332088203,3907488.3000375684,ok
5950,3907481.359186068,0.8369826542915277,677.9750111113233,1363.3065999347089,0.24865096785411026,3907397.069614721,ok
5951,3907481.7590118526,0.20396591809722076,11890.86049487249,371716.2465237024,0.015994539660394252,3907386.6645919615,ok
5952,3907342.3885636744,0.5934780490084782,2887.4371122468674,63714.73467196426,0.022659100183912376,3907309.6752002737,ok
5953,3907328.902211649,0.6093947527881399,2550.2144143266205,60184.12982723723,0.0211867681866232,3907301.8868108373,ok
5954,3907289.664460895,0.7133477031604893,1321.6082111965866,9697.081127245596,0.06814464032291655,3907244.634202795,ok
5955,3907237.114813721,0.38251443605922025,2530.8924883988657,170803.33219088163,0.0074087913155302535,3907227.739386576,ok
5956,3907237.114813721,0.386683542623253,2315.998083999775,112367.42988913051,0.0103054687923578,3907225.1810907316,ok
5957,3907237.114813721,0.3907079278242727,2135.539469135844,111557.90699372171,0.009571439294105923,3907226.8947205264,ok
5958,3907224.493715402,0.8622328476672535,835.6426583715737,4416.231768925128,0.09461037170326794,3907184.9634841424,ok
5959,3907210.3262150935,0.2605932059588824,8258.215092416787,706765.1769814908,0.005842262296854121,3907186.2028857567,ok
5960,3907147.377720732,0.5270409648407614,2146.6174656770245,150012.36334167977,0.007154801837191653,3907139.698409438,ok
5961,3907133.1746087316,0.7848335300667609,1062.0181659986101,24679.65093162777,0.02151606943187352,3907121.7493804325,ok
5962,3907128.0984280715,0.6195058214811777,1330.270623107014,21692.190179353474,0.030662432241931,3907107.7037616493,ok
5963,3907123.421615548,0.8204580051219778,692.6445648159316,3033.6214415908844,0.1141613378847785,3907083.8850004487,ok
5964,3907071.709051626,0.781992474273122,646.744725150493,1290.521554890045,0.25057494107705813,3906990.6800409276,ok
5965,3907022.518052055,0.45434004101222764,4978.376226465869,184667.00228883317,0.013479333515901535,3906988.965455293,ok
5966,3906994.4143003346,0.5675254802157901,2040.6616084182874,40271.621555396305,0.025336223494393205,3906968.562971041,ok
5967,3906971.943692646,0.5549383460799513,2257.807903441704,39165.34585226913,0.02882405164961531,3906939.4041068344,ok
5968,3906957.7755472967,0.656504621808194,1877.901023994897,26419.367536232618,0.03554023428871765,3906924.4050261145,ok
5969,3906878.414092416,0.7783899113935604,890.3115599755831,2670.8957226631223,0.16666909764037188,3906804.220380256,ok
5970,3906807.587751321,0.5805974314911864,2387.8572615233497,51688.59390038392,0.02309849312331181,3906780.009799054,ok
5971,3906789.2730645793,0.7423361804551705,1413.0501335760428,11917.225341117572,0.05928603735890799,3906747.385993075,ok
5972,3906765.079057073,0.4569981572860092,3280.967453774918,173142.84955144464,0.009474741412292827,3906749.53589797,ok
5973,3906729.1002350156,0.4676234262147973,3344.809491676716,159486.87490148924,0.010486159107897483,3906711.5631327583,ok
5974,3906714.622380109,0.4721214715583555,3225.932111188433,171528.59640236004,0.009403481923274361,3906699.454882962,ok
5975,3906675.7419217667,0.6331852934602037,1337.8883632839484,10709.456954815676,0.0624629413484101,3906633.957700583,ok
5976,3906652.8884127657,0.8979153120558148,826.9679605037473,4417.711835762497,0.09359686544165603,3906614.1876083035,ok
5977,3906612.968864265,0.6578857054568248,1465.1407223515168,35119.17230013517,0.020859556566853905,3906597.6877713767,ok
5978,3906596.3326257495,0.9083493631822165,835.4221148796839,6784.607970047792,0.061567456702571945,3906570.6152183064,ok
5979,3906634.702833521,0.423248722143834,2836.557049470861,100343.81223416107,0.0141341901723422,3906614.6566151353,ok
5980,3906596.651458038,0.7096936525599382,749.4496251514212,2088.479977264013,0.17942466131114845,3906529.416585457,ok
5981,3906525.5960300355,0.6076328286543796,1746.9546918626693,44556.866073401405,0.019603653104605673,3906508.4726831513,ok
5982,3906525.4288020604,0.6208117979346195,1661.9757857114432,51471.815844959856,0.016144522574427347,3906512.012899265,ok
5983,3906514.7139504226,0.7026733024362186,1836.7703950941157,52048.58423984732,0.01764476807505479,3906498.5092566083,ok
5984,3906483.8171348143,0.710651108879418,579.0689972490297,2835.760796151793,0.10210117123327939,3906454.2553233923,ok
5985,3906439.4206374446,0.6434020989165994,563.9538125996545,132.0547127797396,1.0000000000106415,3906007.5215376215,ok
5986,3906018.599907627,0.4455508328694528,4613.814459604453,188991.6977606046,0.012206394551385962,3905990.4408877864,ok
5987,3905986.6363733714,0.5840328983835384,2251.698865575625,36681.06621126812,0.030692930960713485,3905952.080754459,ok
5988,3905973.140056814,0.6055545029954866,1967.2305371906978,26747.87673375675,0.03677358312908599,3905936.9689989677,ok
5989,3906243.4342178665,0.18553269264896471,8467.104554873333,181219.96570399406,0.023361400941614676,3906144.532505706,ok
5990,3906113.234154053,0.3882910858027552,3933.994111219548,68728.45592825036,0.028619834812864658,3906056.939023244,ok
5991,3906070.2891348903,0.6377545432319274,1936.7905719448481,24066.15268216933,0.04023889064286999,3906031.3219828787,ok
5992,3905997.8825212982,0.664115964429331,1228.6567313904775,6949.165487472799,0.08840318550517802,3905943.5739368247,ok
5993,3905924.924778329,0.6382365550380042,1747.7934976931697,16137.430411789715,0.05415340153585615,3905877.6002967884,ok
5994,3905920.6668723347,0.488463639430938,2367.680166190419,56174.81520764057,0.02107421410679052,3905895.718372955,ok
5995,3905868.111794589,0.7553920738472891,949.0737205089092,2422.7102642926566,0.19587024798155223,3905775.1641420946,ok
5996,3905849.3608592385,0.4738071984461757,3427.883891584905,127830.41605887012,0.013407935283595775,3905826.3804365494,ok
5997,3905837.177703954,0.50690044374399,2168.7847015263455,56342.20580686242,0.019246537036203416,3905816.306906413,ok
5998,3905826.8319939496,0.5744754338225679,1233.4910245944125,18189.318081442085,0.03390701671913967,3905805.9199935524,ok
5999,3905797.0615942515,0.8190039903464305,647.6658619694052,1746.994643778326,0.1853657262991548,3905737.0340678003,ok
6000,3905795.3482100293,0.509424542187389,1556.93032457759,14422.782279147325,0.053974687215122955,3905753.3307963866,ok
6001,3905770.924109754,0.5964472305996668,1260.512189413856,11969.290061825195,0.0526560966817125,3905737.737283897,ok
6002,3905828.65776004,0.2652668062584986,4842.960300369743,124975.58865869476,0.019375625081453896,3905781.740068508,ok
6003,3905813.5472196257,0.2585954004701522,4699.059946142237,153522.60202134575,0.01530413074124708,3905777.5897057373,ok
6004,3905791.4828058593,0.4354128710519559,2059.427078620338,51325.84915957301,0.020062279653840127,3905770.8244048706,ok
6005,3905887.6700482033,0.19672656459228177,6839.355955605262,166047.05534449776,0.020594631869308534,3905817.2430391386,ok
6006,3905768.841619676,0.5936269815811086,1109.9861459847552,9653.802362513357,0.05748958308360124,3905736.9352992955,ok
6007,3905748.6975607593,0.7306435433230588,884.5764520494353,10029.40510337698,0.0440991486001294,3905729.1930265557,ok
6008,3905703.0542584294,0.6527839736414751,1438.5198401377424,28752.493241504068,0.025015566964141513,3905685.0615637344,ok
6009,3905726.837583758,0.42512202366407875,2252.6239583475226,71074.00566328707,0.01584703111443671,3905708.988882779,ok
6010,3905714.4435359435,0.6840626301858272,1076.75643246333,13234.403121822332,0.040680203804879425,3905692.542200383,ok
6011,3905702.6365041817,0.7079974560903683,958.652982958853,6240.896064410525,0.07680411378949965,3905665.8222577875,ok
6012,3905593.1788802985,0.5827520276759326,1653.5408402960052,41551.043654550274,0.019897705266362486,3905576.7280461555,ok
6013,3905570.274612519,0.7350104081541075,938.7624419495844,2972.199508154277,0.15792386065842395,3905496.1481179823,ok
6014,3905517.1074231234,0.14207629231188496,17353.34860467429,1060760.4013200528,0.008179674025858756,3905446.1350557017,ok
6015,3905421.5617971797,0.6230596846485857,2241.904801022991,111226.83908731584,0.01007807476783117,3905410.2647550763,ok
6016,3905421.5617971797,0.6401208705046991,2111.0320355862846,119025.35167105962,0.008867993271804677,3905412.201488236,ok
6017,3905418.614211061,0.6509241728584902,1254.7701562844686,9407.695152860542,0.06668849999369601,3905376.7748412816,ok
6018,3905351.891995073,0.8320727757740356,1022.0196115481394,10824.285795229269,0.04720956333204855,3905327.767445284,ok
6019,3905346.3879552027,0.33899836620747414,1746.9135049227557,24808.34931736195,0.03520817694428768,3905315.635135309,ok
6020,3905270.4700848246,0.6554541587420519,1052.3040642404544,6678.122007790591,0.07878742429479824,3905229.0159214265,ok
6021,3905216.538565998,0.4996744595406503,3015.256100673483,187028.4918420884,0.008060953897920857,3905204.385645789,ok
6022,3905209.350415867,0.7157613937292047,1575.1207420742671,55936.3265990277,0.014079586896770285,3905198.2618911862,ok
6023,3905213.0246735,0.6174328416529171,1102.0719422039929,10065.184244497019,0.05474673465647355,3905182.8572534043,ok
6024,3905180.4089617785,0.6663469274001921,915.0788563020305,7769.889223001656,0.05888622283011894,3905153.4661930585,ok
6025,3905112.9109722693,0.8274151242938221,756.032545946036,1666.9850968473547,0.2267664382170735,3905027.189568459,ok
6026,3905093.2980189826,0.2807240893008026,7676.826113010691,647315.2280977676,0.005929743175956319,3905070.5372153544,ok
6027,3905068.532274803,0.5009256103358936,2587.9227179386935,34723.87386935811,0.037264314570362375,3905020.3136916803,ok
6028,3904989.1844032058,0.690124818347205,3257.0290399014093,432027.61993729236,0.0037694685358012044,3904983.0457689627,ok
6029,3904985.8157649357,0.7717259240513784,1309.9363960218568,24142.1193466734,0.02712968934523878,3904968.0466811927,ok
6030,3904985.8157649357,0.6286497344548976,1225.582101024047,9414.478409206553,0.06509028157234567,3904945.929022913,ok
6031,3904941.0310658924,0.7233963113707362,709.6376074444031,1656.7119320801485,0.21417048845461933,3904865.0393493865,ok
6032,3904812.318681349,0.7022391398950671,1516.5772835334792,20000.501689946897,0.037913481047722304,3904783.569319301,ok
6033,3904798.0083024995,0.7103184306171606,1097.563491563782,10107.677606770152,0.05429355457620803,3904768.212990835,ok
6034,3904776.1923745275,0.7315302186199811,788.0226871648103,1817.6479982090757,0.21676988282143936,3904690.7825817484,ok
6035,3904653.0425607525,0.7789895483386897,959.87309019525,5410.624228765357,0.08870262003154138,3904610.4709317535,ok
6036,3904677.436347167,0.15450017589842718,26500.704185045957,4392546.342398047,0.0030165537389160793,3904637.46594802,ok
6037,3904677.436347167,0.1525822497391693,23962.56746811251,3494418.742832421,0.003428691469398644,3904636.3562218356,ok
6038,3904635.012313555,0.27774938257033044,10659.717075810939,1927620.9181070505,0.0027649930999604747,3904620.2752914736,ok
6039,3904599.5630997973,0.7708777781637395,1857.1132538259876,197874.1089469422,0.004692663592294311,3904595.205695921,ok
6040,3904599.5630997973,0.7690669956407059,1986.5910992433646,219652.32860688167,0.004522126197894369,3904595.07129197,ok
6041,3904584.7314145193,0.8976789601000192,609.2594593750515,2015.8321058854372,0.15111860198978214,3904538.6961956443,ok
6042,3904546.471287252,0.5935279148377925,1647.8801367416681,50358.71141820048,0.016361420798250377,3904532.990457081,ok
6043,3904603.249492352,0.5004049268318144,2060.263636891985,36237.10598271883,0.0284275410662555,3904573.9653777797,ok
6044,3904551.496519068,0.8243808010844974,1563.9271125998482,72261.61108470945,0.010821285943697807,3904543.034667827,ok
6045,3904532.844165886,0.7814546117113863,728.2060373961469,811.2298896674754,0.44882840651657935,3904369.4243881954,ok
6046,3904366.528429196,0.3510544802196588,6015.432219923953,217239.7669939594,0.013845145166472258,3904324.886163034,ok
6047,3904334.87423521,0.438469590387708,3670.9738947879796,126619.26829079918,0.014496110838190381,3904308.266812979,ok
6048,3904302.907907584,0.4736919624824132,2657.1331437278873,61310.619376628,0.021669436475639355,3904274.1186186513,ok
6049,3904270.3846392427,0.7779256370165291,1035.8686486504794,6012.781503921592,0.08613888996090048,3904225.7703514723,ok
6050,3904153.848043678,0.9483600971736098,1646.0705732162928,65294.61604340226,0.012604948715236538,3904143.4737260994,ok
6051,3904131.7172303563,0.9409181048881189,901.8513487228574,4354.378710601136,0.10355683424218676,3904085.020795041,ok
6052,3904112.2897888096,0.93532591822238,1039.2009010382046,10561.141436827407,0.049199270138284554,3904086.7258258807,ok
6053,3904088.579014618,0.7628851559040092,1706.282194153123,34655.5371595539,0.024617742704396834,3904067.5766065996,ok
6054,3904069.8939960795,0.7663641847141588,1316.3750392126615,13308.193352503804,0.04945731566805793,3904037.341808154,ok
6055,3904027.17173843,0.7665853189220542,1336.5725818126066,16295.705738258377,0.041009963093364445,3903999.765342304,ok
6056,3904013.737900523,0.646693438741801,1337.0787442764517,15435.226061801755,0.043312574073190294,3903984.7817394463,ok
6057,3904034.037136651,0.4447526333591758,1531.0334587467314,24603.21884094972,0.031114494990356133,3904010.2184702097,ok
6058,3904015.5680440087,0.76102251683999,1130.7118701020336,13884.342874333133,0.040718955169001536,3903992.5473410347,ok
6059,3903988.106327749,0.8978901053759866,750.6277475527634,2872.384802847838,0.1306628114047516,3903939.066761842,ok
6060,3903943.466722875,0.5300737892115788,2815.833475951181,118552.97895724943,0.011875844456707321,3903926.7465226864,ok
6061,3903931.313459728,0.7321527254075868,1371.061674776995,16706.034226792908,0.04103492355409236,3903903.1827542214,ok
6062,3903904.197147078,0.787004205685127,933.1334914769672,4274.428732581031,0.10915300615077896,3903853.269984211,ok
6063,3903785.377906399,0.6490876563043716,1662.9750021888935,31628.241416912548,0.026289400353755554,3903763.518598594,ok
6064,3903854.158817918,0.3382125723354856,4483.141414229651,113560.84642287574,0.019738939764218616,3903809.912588753,ok
6065,3903830.7135533607,0.3591098532774399,2643.6511382618355,57151.80049205811,0.023128327677351134,3903800.141938465,ok
6066,3903786.21814657,0.7714963571152073,1119.0747076383946,7357.517987768482,0.0760497432353412,3903743.6654744814,ok
6067,3903734.5396489203,0.6058254887491622,1445.1969681996843,23075.350774172282,0.03131473454820155,3903711.911669206,ok
6068,3903702.8897183896,0.5910781546514382,1548.6769027481064,34921.59181867405,0.022173629867581857,3903685.7198241763,ok
6069,3903693.258407952,0.6435606258456884,1348.8477533588662,28797.290057828704,0.023419699399669282,3903677.463603492,ok
6070,3903661.9186528428,0.6166881554437693,1297.7934818865633,16941.831797299812,0.03830145103002987,3903637.064966096,ok
6071,3903581.3477628143,0.8556311947033517,657.208188858321,918.2472554448792,0.35786014331178806,3903463.7534544887,ok
6072,3903483.1073788865,0.4721564335119689,2532.585059043187,73360.85929184631,0.017261146362585415,3903461.2497181967,ok
6073,3903483.1073788865,0.43877179874342553,2734.6852287086303,66718.90240960495,0.020494081361828134,3903455.0849480988,ok
6074,3903468.497212353,0.7472924880189239,1451.601303217125,25486.245955914397,0.028478131022671525,3903447.8277663006,ok
6075,3903426.9744026344,0.8010964801429016,803.6425749437287,2019.48345413315,0.19897230980005406,3903347.023092939,ok
6076,3903370.8450438515,0.23168834065702865,5600.323807091725,325416.570484923,0.008604853463279915,3903346.7500609984,ok
6077,3903347.5430210917,0.4376307324043294,2689.9180861337586,109848.52610822521,0.012243760482883455,3903331.075664709,ok
6078,3903352.6700779046,0.6613806532572251,2222.834552983219,77736.8983965427,0.014297165174022934,3903336.779961525,ok
6079,3903313.061121978,0.6804984789957353,1564.274434759171,35473.59799359293,0.022048432119032624,3903295.816222633,ok
6080,3903285.7618226632,0.861332968168149,1158.4476123318254,23027.203623899946,0.02515389257099095,3903271.1920892685,ok
6081,3903253.342963909,0.8054576642558638,695.3451912195812,980.9941993747674,0.3544084112132144,3903130.1248716763,ok
6082,3903139.590555028,0.7657026022265018,1099.123484408028,6795.368784199605,0.08087298271167255,3903095.145857752,ok
6083,3903186.627695936,0.34881914904303546,4454.618091385156,101471.17462507829,0.02195016519639367,3903137.737894439,ok
6084,3903118.803358463,0.6430679740961357,1448.7713107021652,17388.301919216385,0.041659367241061084,3903088.6259104228,ok
6085,3903038.532716527,0.45834459212536577,5734.032849143698,1449502.5424280083,0.0019779312837695444,3903032.86195505,ok
6086,3903038.532716527,0.4617734408435981,5893.666407695412,1609014.851798645,0.001831451835608338,3903033.135733447,ok
6087,3903038.532716527,0.45131533050669,5995.655265417381,1406000.8623412442,0.002132166283110786,3903032.140849526,ok
6088,3903038.532716527,0.45391863466298077,6356.585972714174,1777181.8091355893,0.0017883893308040272,3903032.8486912604,ok
6089,3903037.517858101,0.4292383079778445,6759.997772268215,1884765.9918155733,0.001793325484867325,3903031.4564199597,ok
6090,3903037.517858101,0.41777333525006843,6397.128342485265,1595021.1361697426,0.002005342812524486,3903031.10364043,ok
6091,3903021.2883259878,0.7762217407421194,826.7520552093137,1533.599954670861,0.26954619185116957,3902909.8643919444,ok
6092,3902926.142322727,0.40487740021281615,6335.504472260007,442796.99797866656,0.007153960506937814,3902903.4803483337,ok
6093,3902895.849503788,0.6998177213816111,2043.697711534159,32420.459468820198,0.031518642009062965,3902863.642215516,ok
6094,3902872.7008903245,0.6322377924854938,1988.2182720563908,39852.41349134693,0.024944766174426154,3902847.9030703744,ok
6095,3902822.4602691424,0.6347549803826701,1979.6431803786672,30275.493413330827,0.03269382191979398,3902790.09921834,ok
6096,3902781.323468704,0.8098420649948809,1198.0828971516967,14462.734014795,0.041419654676843574,3902756.511378767,ok
6097,3902758.1750516556,0.751146271528783,995.5804151790596,16271.864626111155,0.030592081425673566,3902742.9466130924,ok
6098,3902715.489037016,0.7289619587442047,865.4733410099977,6428.45709862729,0.06731579037797482,3902686.3590260153,ok
6099,3902681.871141012,0.7463102045036019,439.56047434000476,175.61816896791618,1.0000068626224026,3902417.928229513,ok
final,3902681.871141012,,,,,,noise_plateau
