round,old_loss,beta,direction_gain,interaction,step,expected_loss,status,max_gain_sum,temp
0,447722986.40587693,0.00012330280530310452,278781432.134843,130738915.7969837,1.0004163122792016,299673289.0257728,ok,557562864.2696859,-0.199177|-0.991192
1,299746509.28353584,0.00022385930426935778,184722579.13793287,52194683.42775627,1.0000000042635375,167218613.23085558,ok,369445158.27568257,-0.029742|-0.956621
2,165852346.02210224,0.00023164795086530097,135981939.56916973,62008709.124991715,1.0000065741262296,91879036.92433077,ok,271963879.13833946,0.029278|-0.804872
3,90667698.10342932,0.00025760951964422533,129538507.1233857,114228703.21092048,0.5670138217545727,53942636.10922288,ok,259077014.24677062,0.031472|-0.699656
4,54788001.92884997,0.00038193528344437764,92996605.60338338,169478697.7058239,0.2743607511216664,42030692.64629515,ok,185993211.2066566,0.048376|-0.549051
5,41718278.890329316,0.00046948210207503903,58166636.83715572,48050807.41668792,0.6052618047886809,24115257.095056996,ok,116333273.67431143,0.025468|-0.608991
6,23988805.755828146,0.00047879839912056196,69441416.07598245,216946674.57667574,0.16004259159879328,18432013.659282975,ok,138882832.1519649,0.029147|-0.361377
7,18627504.64841422,0.0006128971481931738,12805543.907505477,5303575.797524674,1.0005640477655975,11124298.227493685,ok,25611087.815010954,0.002558|-0.421072
8,11256333.90694645,0.001222864993669955,6866247.055625176,4723357.882811426,0.7268395944135261,8761003.794419615,ok,13732494.111250352,-0.071029|-0.403273
9,8785060.568749849,0.0020364170825446916,3430269.4973823163,4087058.679389626,0.4196501404152342,8065304.030630557,ok,6860538.994761828,-0.051421|-0.390014
10,8023987.030742823,0.0014909817535246085,5959932.464586597,3514927.233520891,0.847803107806666,5497562.397845644,ok,11919864.929173194,-0.037506|-0.354461
11,5556457.672899913,0.0016932113899583998,6574811.949268635,18540993.12939062,0.17730474045768463,4973585.009788333,ok,13149623.898531679,-0.080234|-0.328854
12,5067517.323690856,0.0032958107774721623,3079174.4581720615,3812512.2612960828,0.40382485971668464,4445793.72688359,ok,6158348.916344123,-0.068049|-0.339332
13,4429125.978761082,0.0022557106562909905,3835537.4312365297,9159165.83932011,0.20938246443637076,4027578.838865956,ok,7671074.862473059,-0.067809|-0.324858
14,4047020.814199861,0.0037956271319607203,2746936.444617077,3127147.518734112,0.4392080047648429,3443782.576671812,ok,5493872.88923164,-0.069714|-0.320581
15,3469071.4059525924,0.002244281547318693,3626214.198705982,9021422.55887665,0.20097795968652193,3104676.84043148,ok,7252428.397411963,-0.076810|-0.312668
16,3128817.1326320823,0.004070526454791909,2515785.3605036517,6197348.740553881,0.20297271186636548,2873499.2440845184,ok,5031570.721007303,-0.075350|-0.309862
17,2867507.3541093855,0.004373595314405682,2017422.767744628,5077679.062593254,0.1986559944883851,2667120.790994476,ok,4034845.535489244,-0.077735|-0.307947
18,2675236.594484913,0.004626449444772364,1854923.9771376909,6435236.529429922,0.14412243968459174,2541568.5099776485,ok,3709847.9542753818,-0.080117|-0.305611
19,2539728.2846867917,0.004651439859022944,1664258.2597547495,4264054.612793288,0.19514973550778827,2377338.505082896,ok,3328516.5195094934,-0.080002|-0.301074
20,2372100.145609235,0.006403832791986104,1406298.6564394054,2805261.486349063,0.25065375603713286,2195853.1254359796,ok,2812597.312878811,-0.079309|-0.298667
21,2201036.6958167134,0.004585667511444494,1724529.4533262663,8571173.952100104,0.10060053984225364,2114292.398827469,ok,3449058.90665253,-0.081406|-0.292253
22,2106437.1583070694,0.009637168455013547,1019181.5534947108,1449314.8361443593,0.3516080592282004,1927260.9342943407,ok,2038363.1069894214,-0.081538|-0.291307
23,1943515.8942846358,0.0047375255334257994,2122994.3076465772,9146963.697481744,0.11604912722191409,1820330.0760348972,ok,4245988.615293143,-0.086494|-0.283584
24,1826707.0324959739,0.010003306476670543,973792.701410925,2925377.720147802,0.1664387977498039,1745668.5892557898,ok,1947585.40282185,-0.085322|-0.281739
25,1758089.668563807,0.0053346506206452815,1218988.9909019978,6361414.429434658,0.09581115995694765,1699693.2939672722,ok,2437977.9818039946,-0.090942|-0.281622
26,1699394.0582390747,0.013933750265316423,775653.2477994037,4308197.453661127,0.09002062418706573,1664481.663479261,ok,1551306.4955988065,-0.088592|-0.275226
27,1659073.9660989055,0.009433435539012831,856884.4130182989,4607408.2017781,0.09298985193970967,1619233.188750897,ok,1713768.8260365976,-0.091477|-0.278703
28,1619818.9742662734,0.007963110113608817,752690.1582953288,3439553.353822897,0.10941684586150556,1578640.4827504375,ok,1505380.316590067,-0.088633|-0.270491
29,1584219.6236655887,0.009470896544268002,946079.814579987,5933452.650378026,0.07972422384795734,1546506.8842077842,ok,1892159.6291599656,-0.090439|-0.269221
30,1547768.3370033388,0.011685692426352656,639402.813235773,1206730.1653584973,0.2649319755116166,1463069.2117742195,ok,1278805.6264711602,-0.089382|-0.265932
31,1461700.2499230374,0.006196665497267281,1628424.165551593,18274282.426556624,0.04455507821158351,1425422.9668941456,ok,3256848.3311031843,-0.093096|-0.261703
32,1423423.9851485437,0.009488326778564317,795438.7034665621,13319395.211701546,0.02986016597689593,1411548.0192935644,ok,1590877.4069325598,-0.092066|-0.261074
33,1411883.5011236635,0.014135711095043678,579647.5819778147,2676364.403642973,0.1082901082507335,1380498.4514238366,ok,1159295.1639556293,-0.091585|-0.251410
34,1381562.0133194255,0.012439421329048225,711047.3349468992,3694760.1906803763,0.09622374636660282,1347352.194113136,ok,1422094.669893352,-0.091041|-0.247818
35,1347840.27898443,0.01551864289110931,831730.0483378717,31637541.819231633,0.013144669283886726,1342373.8707749937,ok,1663460.0966747084,-0.093275|-0.246113
36,1343198.422995734,0.016893034369640503,622845.8756512902,2703547.946380858,0.11519046231176915,1307325.4708131086,ok,1245691.7513025762,-0.092990|-0.252227
37,1298234.2965307136,0.011212439749269847,772175.1107591485,4937683.743922538,0.07819203808967785,1268045.3236945234,ok,1544350.221518297,-0.093121|-0.246788
38,1273525.539717492,0.014052925888987758,654627.1622852314,14529514.281919558,0.02252749643186096,1266151.984186202,ok,1309254.3245704612,-0.094340|-0.245467
39,1264232.332261411,0.013526290796920182,471994.9383822958,820346.5747229754,0.2876802030542303,1196340.5324042172,ok,943989.8767643764,-0.094294|-0.240361
40,1194609.343943135,0.005324593364272664,1451528.875481647,15233932.286297647,0.04764130653210409,1160032.9778946242,ok,2903057.7509609805,-0.090619|-0.224378
41,1155343.2905508974,0.02132508258034435,428002.84598857566,1839558.9114714083,0.11633300877715,1130447.8611313803,ok,856005.6919771513,-0.091798|-0.225569
42,1134683.1985103055,0.01562041683857834,515933.2677883407,4490534.258621056,0.0574467577881003,1119863.8517755757,ok,1031866.535576222,-0.093605|-0.221573
43,1119722.2780424703,0.023826903473111984,415956.89542213595,3666394.1205011313,0.05672561128879429,1107924.5734611654,ok,831913.7908442719,-0.093040|-0.220132
44,1106885.9962032791,0.017006124134356558,400427.70159885765,2434936.2327089757,0.08222550065579415,1090423.3120830716,ok,800855.4031974104,-0.093795|-0.217690
45,1090995.5381971265,0.013296370561684704,555659.5454601535,9588417.451441873,0.028975560788532174,1082945.264728522,ok,1111319.090920307,-0.095863|-0.217236
46,1082532.408056268,0.02961805464879661,328819.09927036,1027949.9498137508,0.15993925547150284,1056236.8670952122,ok,657638.1985404412,-0.095038|-0.215472
47,1057126.3715002313,0.012030229998318808,600424.4036463948,6484419.649322725,0.04629746655193014,1043227.3071278405,ok,1200848.8072922523,-0.097380|-0.214554
48,1043645.3180437884,0.018818320312337777,407267.2402823617,18107709.843888473,0.011245686058411697,1041355.3182807429,ok,814534.4805647234,-0.096049|-0.214491
49,1041704.0456822455,0.035629444175454154,238509.78167652595,2571828.5859176717,0.046369688668699054,1036174.2335218556,ok,477019.5633530518,-0.096013|-0.212667
50,1037135.3542379712,0.024045805246939028,168737.89834474187,1097999.4646869858,0.07683878898467639,1030652.5463556565,ok,337475.79668948374,-0.096551|-0.211441
51,1029242.1572485577,0.02890711659420291,330113.2346949484,9163711.270432811,0.018011983625022966,1026269.1601596932,ok,660226.4693898968,-0.095198|-0.209288
52,1025635.4384973359,0.04062593972129706,129249.60272074651,1359517.5808168987,0.047535097943744054,1022563.4922350754,ok,258499.205441493,-0.096559|-0.209625
53,1023727.3537132837,0.03317726687226763,259955.0114421475,5409466.493124815,0.024027786452928256,1020604.2819621334,ok,519910.0228842946,-0.096717|-0.208874
54,1019557.7246574732,0.05551019652732559,158147.39258619875,3147522.704875951,0.025122518153912983,1017571.1942868528,ok,316294.78517229215,-0.096785|-0.207911
55,1018621.0831076402,0.059091161228071176,156703.8694094545,2891057.8835085933,0.027101475605752726,1016497.6300605765,ok,313407.7388188006,-0.096971|-0.208549
56,1016372.340862808,0.054477265422149763,169624.21937271726,4364253.360889521,0.019433360685794886,1014724.1565447499,ok,339248.4387454345,-0.097428|-0.207893
57,1013961.890155046,0.053549479722033375,110353.32871907095,1144285.501128822,0.048219316162884565,1011301.3091314803,ok,220706.65743808157,-0.097357|-0.207615
58,1014123.3850709688,0.018638127537771564,255027.98657318606,9944044.234221766,0.012823152259094153,1012488.2537198897,ok,510055.9731461892,-0.098293|-0.207156
59,1012202.7126939043,0.02827973525764846,109628.11845656889,496533.9340650638,0.11039337992376133,1006151.6034283527,ok,219256.23691307157,-0.098130|-0.202135
60,1006431.394982824,0.03887146277008692,311863.5222963453,8938518.629838042,0.01744492209566475,1003711.1775573543,ok,623727.0445926905,-0.097117|-0.201585
61,1004269.0717527949,0.0351079218526466,148326.20627290767,696774.1534212093,0.10643779303854466,996375.3147300609,ok,296652.4125457469,-0.098282|-0.203046
62,1003891.9418494406,0.011728758604430697,624430.3372766773,19989053.241977382,0.015619307470885163,999015.3571334041,ok,1248860.674552469,-0.096986|-0.201162
63,997107.9160645901,0.039522521863926185,239406.14158816572,3438477.2622894966,0.03481281441261561,992940.7152764156,ok,478812.28317633143,-0.097882|-0.202753
64,992417.4484804337,0.049584347148912813,177964.4143507601,3487351.562229307,0.025515697396019842,990147.0054085167,ok,355928.82870142005,-0.098806|-0.202729
65,990033.1136703239,0.03681734744226042,197239.96596786348,5057410.521398986,0.019500094478518106,988110.0146846673,ok,394479.9319357265,-0.098393|-0.202647
66,988106.5464643842,0.06660802172320131,115443.50084154066,662851.0249341567,0.08708103065316077,983080.076946639,ok,230887.0016830813,-0.099017|-0.202652
67,986964.9975238161,0.013365515763054954,1092250.8432839937,75860507.99974222,0.007199074143345475,983033.4001218495,ok,2184501.6865679873,-0.098178|-0.200810
68,982718.0425647364,0.02509454153000826,265172.78271200793,3023792.492190702,0.043847714979921355,976904.4322663421,ok,530345.5654240159,-0.098927|-0.205394
69,976359.2821740906,0.03730572256860166,275466.39854229265,13587727.271416431,0.010136588446317008,974963.1374176844,ok,550932.7970845852,-0.098379|-0.205004
70,974672.6732408169,0.0674141890972717,165568.33294619288,2272313.6574863624,0.036431663472318535,971656.7083470327,ok,331136.6658922598,-0.098413|-0.205121
71,972729.7724146938,0.025783143528256707,193192.7944847654,3335740.4187016925,0.028958007853614433,969932.533184718,ok,386385.5889694247,-0.099107|-0.205100
72,969814.4757937185,0.05919619832026985,149750.6401797345,7590937.055836236,0.009863778284434582,969075.922237376,ok,299501.28035946895,-0.099064|-0.204927
73,969990.2912589228,0.03674732548761771,132779.84546100744,542605.3561482984,0.12235397601264891,961867.2202456731,ok,265559.6909220148,-0.099208|-0.202266
74,964794.7266985327,0.02080520133508852,521782.8580688238,23252058.55724563,0.011220143300091375,961867.487479001,ok,1043565.7161376474,-0.097986|-0.200967
75,960722.0507977367,0.03688584965209543,261092.31960819825,5694805.704995681,0.022923724981447482,957729.4465330035,ok,522184.63921612024,-0.098686|-0.202677
76,958448.2763480295,0.05118339504539226,148099.18240956555,2167578.330629676,0.03416235997490875,955918.567557297,ok,296198.3648191311,-0.099532|-0.202766
77,955361.1963941763,0.031007521409370888,220898.71546228675,13490806.217520451,0.008187009430741306,954456.9464608121,ok,441797.4309243896,-0.099500|-0.201432
78,954700.3322053227,0.06146049137064188,188605.05355960949,2952686.385585052,0.03193787435068876,951688.5099540768,ok,377210.1071190655,-0.099430|-0.199032
79,952679.4036331618,0.027589268487537094,283452.91498775076,13136082.609323353,0.010789096088150728,951150.3032650272,ok,566905.8299755013,-0.099909|-0.199008
80,951606.4036003886,0.051840760668754135,169510.66427857254,9774970.340298679,0.008670648522571019,950871.5199049951,ok,339021.3285571451,-0.099524|-0.198953
81,950924.1362866464,0.03132281248246087,121280.85057256575,157060.66280666125,0.38609556462225114,927511.1370468055,ok,242561.70114513146,-0.099640|-0.199340
82,927260.6991523629,0.012947013350017581,749308.4592193593,23239964.78773111,0.01612111864332376,921220.8538666022,ok,1498616.9184379037,-0.098645|-0.194992
83,921766.6088110703,0.025134675828293537,464972.4840751809,16639907.093983756,0.013971606976198024,918518.402409948,ok,929944.9681503616,-0.099911|-0.197958
84,917794.6936540271,0.038215467555790555,276373.3562742986,5754138.111292432,0.024015182719712532,914476.1153291333,ok,552746.7125483586,-0.099911|-0.197603
85,913557.7213640464,0.03577314058939566,147181.7042426533,529206.5145429238,0.13905885528428755,903324.2617086595,ok,294363.4084853066,-0.100665|-0.197711
86,902689.1483146325,0.017513558697533987,535602.0860306029,15094766.012488402,0.01774131793720689,897938.0048665825,ok,1071204.1720604554,-0.100904|-0.196719
87,897467.4908139448,0.03294238759969463,253885.3796790851,12129478.637187812,0.010465634479156301,896138.9550222834,ok,507770.7593581702,-0.101138|-0.196742
88,896487.9025766056,0.029513541518460844,231828.66909512485,3262027.597386852,0.03553444325253998,892368.9512334692,ok,463657.3381901239,-0.101079|-0.194526
89,890524.7215655436,0.01875027890299748,317253.6138794725,8270732.210350872,0.01917929427593047,887482.3713551951,ok,634507.2277586143,-0.101005|-0.192024
90,888192.9591305295,0.05220716504796829,198909.4961743992,5550313.958587697,0.017918760781688522,886410.8532909519,ok,397818.9923487965,-0.100647|-0.191813
91,884462.8205266054,0.07997450709994366,84210.53266236294,4416741.257598561,0.009533106848571574,884061.4265237827,ok,168421.06532472587,-0.101020|-0.191998
92,883200.8943770288,0.12189427559953525,62145.807766378406,799725.3074181367,0.038854471147732134,881993.5731296232,ok,124291.61553275674,-0.100481|-0.192216
93,883656.9185493451,0.07128344396294616,117923.87508027858,2710971.690853542,0.02174937412259561,882374.5333107915,ok,235847.75016055713,-0.100418|-0.189424
94,882849.2373251884,0.06426070859328577,188463.43157496458,11436917.501772804,0.008239258154382569,882072.837892485,ok,376926.86314992915,-0.100199|-0.189373
95,882494.8034623715,0.059348228595930495,77950.72955051274,370619.9754024965,0.10516261227670955,878396.0522881679,ok,155901.45910102545,-0.100585|-0.189874
96,878489.7585298449,0.03819257886813784,240405.2521872219,12560200.445879038,0.009570120047968585,877339.404968048,ok,480810.5043744438,-0.100351|-0.189748
97,877097.205530265,0.0648734783775859,157165.0381274184,2713566.9697885066,0.028959122785104457,874821.5247119362,ok,314330.0762548368,-0.100443|-0.189526
98,875615.3024942927,0.04000620242013842,78990.93667938003,1132201.8476379164,0.03488376955230058,874237.5516783708,ok,157981.87335876006,-0.101130|-0.189104
99,873867.8875300729,0.06724739230859096,163022.30223096156,9223288.944252482,0.008837536328759893,873147.5297708908,ok,326044.6044617515,-0.100969|-0.188893
100,873868.8462167918,0.0464944880469159,78316.08056581675,2156161.7575170505,0.018160993787405454,873157.6972904869,ok,156632.16113159078,-0.101290|-0.189272
101,873873.991390729,0.07350527202054567,118851.7132137017,5004675.695091568,0.011874067417621866,873168.3647630293,ok,237703.42642740338,-0.101061|-0.189206
102,873691.3107795718,0.08553159657164658,87762.97448121005,1789252.3587935902,0.024525040878075062,872615.1155112053,ok,175525.9489624201,-0.101223|-0.189293
103,873100.4877608526,0.06745980801383976,90798.3060112068,1984834.0339252541,0.02287302224247988,872062.0719243657,ok,181596.61202241358,-0.101226|-0.188776
104,872318.0618766793,0.09519821642553719,67766.85210002137,923959.4912371328,0.0366719822366266,871075.4894784573,ok,135533.7042000427,-0.101313|-0.188642
105,867547.7298909117,0.0709814980035415,141414.8106301792,8569803.228161966,0.008250761824114225,866964.3399304558,ok,282829.62126035837,-0.101218|-0.186751
106,866837.1161065225,0.04955983359629046,67962.8516958226,146562.2005582647,0.2318566841823737,858958.2953856365,ok,135925.7033916452,-0.101341|-0.186250
107,860930.9876019143,0.033739184331299826,327530.46187761315,8793506.882029554,0.01862342670970985,857881.1178259267,ok,655060.9237549353,-0.101008|-0.185178
108,857331.2954796177,0.07325216411514243,122245.37790768965,2832709.9741693353,0.02157746098654821,856012.4230433232,ok,244490.7558153793,-0.100352|-0.185252
109,855787.8588246377,0.09615366385871799,49916.125434362235,663528.9785087687,0.037614126173166514,854849.0831045558,ok,99832.25086869828,-0.100018|-0.185598
110,855449.0256532957,0.05527378089552947,266771.78853154177,25564764.344663538,0.0052175679176019564,854753.075690714,ok,533543.5770626683,-0.099957|-0.185324
111,854885.1414401532,0.02967210810980166,110576.31367832606,410150.893183317,0.13479955245264327,847432.3226423025,ok,221152.6273566518,-0.100363|-0.186544
112,846023.3789234097,0.031470671629141724,362203.81468591106,14701011.778104344,0.012319009744124436,843792.3827621723,ok,724407.6293718221,-0.099415|-0.178679
113,843704.4104884535,0.054393218748901344,115705.22879534523,2191090.2590278466,0.026403574275092136,842176.8946871962,ok,231410.4575906064,-0.099295|-0.179191
114,841849.0475311731,0.06291583649711786,158896.8181390765,5642464.312631822,0.014080445115386298,840730.3785677648,ok,317793.63627800404,-0.099341|-0.178869
115,841422.9362006196,0.025726915678121437,169202.7462674737,6046901.253820034,0.01399086401159458,840239.2898939113,ok,338405.49253483274,-0.099993|-0.179359
116,840283.361893257,0.07202594596574588,98773.80219907418,1661091.9372867176,0.029731587993983816,838815.0108974659,ok,197547.6043980597,-0.099844|-0.178912
117,838019.1664429286,0.05314863128947139,149528.47221218355,7573571.566177398,0.009871727685254773,837281.1142634931,ok,299056.94442436704,-0.100189|-0.178414
118,836523.7536621433,0.06160434842641229,89308.53681365735,1598980.5889829742,0.027926710752149194,835276.7068244969,ok,178617.0736273147,-0.100245|-0.178691
119,835872.8614080157,0.0649816423627149,151768.19609055054,14248784.701914014,0.005325654056312739,835468.7289534513,ok,303536.3921811011,-0.099883|-0.177673
120,835849.2680607374,0.06942135939703556,77693.68835631758,2647269.0255226465,0.014674309185667034,835279.2174583797,ok,155387.37671263516,-0.100247|-0.178402
121,836124.2939854462,0.042470901231303614,195893.83611346007,14621576.171404613,0.006698793406984715,835468.1678165332,ok,391787.67222692,-0.099674|-0.177901
122,835588.3338346307,0.04671122523448799,283888.6051167075,93367975.04995945,0.001520267548722161,835372.5405177253,ok,567777.210233415,-0.099648|-0.178021
123,834912.0032499188,0.09699215125207365,110693.73380722359,1301440.4154588566,0.04252739214656848,832558.2453370249,ok,221387.46761444715,-0.099654|-0.178520
124,834716.2092884692,0.02730440422270648,239383.577314044,13224511.221580785,0.009050753305853728,833632.9084365981,ok,478767.154628088,-0.100114|-0.178748
125,833910.4383089738,0.06510092544528753,209086.85189504529,37310458.87294764,0.0028019871399470515,833617.5089739029,ok,418173.7037898205,-0.100023|-0.178612
126,833569.7384627206,0.08210264645524827,102959.96382337308,3144675.68655138,0.016370521809879305,832726.9842960632,ok,205919.9276467461,-0.100201|-0.179531
127,833949.4363871724,0.038475326979966355,236887.92844777455,16140106.77410298,0.0073384870299577085,833080.2368919387,ok,473775.85689524974,-0.100257|-0.175989
128,833325.8787441592,0.05416612936499557,99481.92588752658,665082.9878746532,0.0747891073003026,829605.7965293378,ok,198963.85177505316,-0.100040|-0.176219
129,830306.3434186106,0.04723828832954021,271618.066478706,22594194.4588382,0.006010793325106947,829490.0233881263,ok,543236.132957412,-0.100238|-0.175575
130,829653.4747672536,0.0789289457678012,94548.27292452393,2839618.932163159,0.01664805651448787,828866.4522717563,ok,189096.5458490476,-0.100162|-0.176122
131,829422.2218358669,0.0406037337825907,129918.5118880837,6575050.475847736,0.00987965889884161,828780.4465448173,ok,259837.02377616736,-0.100374|-0.175335
132,828897.3275296073,0.10901598927738362,85755.08501667321,3250841.0224249465,0.013189676829029414,828331.7866006994,ok,171510.17003334538,-0.100319|-0.175226
133,828497.0100573715,0.061866886186226946,63026.39506731149,793025.11477211,0.039737956524506325,827244.739983831,ok,126052.79013462298,-0.100322|-0.175259
134,827941.1211688751,0.05007146886545026,172177.27273024432,20630814.00641861,0.004172818209612983,827581.88893941,ok,344354.5454604886,-0.099885|-0.174774
135,827688.485303949,0.06183743498520912,149092.56557296374,18529655.627604377,0.004023079774641211,827388.579661396,ok,298185.1311459275,-0.099885|-0.174442
136,827359.7976835268,0.14213866010258397,114431.85175956413,40234604.29701632,0.001422057626251466,827278.4333397864,ok,228863.7035191282,-0.099842|-0.173805
137,827305.1229209357,0.1456689926727733,85971.7381097926,4638083.171330905,0.009268024627199913,826906.7288279133,ok,171943.47621958333,-0.099871|-0.174471
138,825662.1069300789,0.15765124065249303,60608.911714801245,2240354.868226601,0.013526632002450906,825252.1897076613,ok,121217.82342954742,-0.100169|-0.174659
139,825456.1744135059,0.07166741250323651,34191.88627692292,508820.3594731841,0.033599172714240524,824881.7648672839,ok,68383.77255384585,-0.100494|-0.174999
140,825301.7283632334,0.08244284453313866,130678.01992147558,9035789.587596426,0.007231134515397493,824829.2531931044,ok,261356.03984295114,-0.100094|-0.174951
141,825003.5964876949,0.15113382444531026,38169.11228165264,351572.3672413742,0.05428343612603575,823967.6212034306,ok,76338.22456328121,-0.100175|-0.174499
142,823723.7530983154,0.0469960352302514,148747.33831812695,6070875.572141383,0.012250896641722738,822812.6089645821,ok,297494.6766362539,-0.100146|-0.173608
143,823492.7641145629,0.05664496131188904,141858.263587482,14289742.253125992,0.0049636396890381075,823140.6974608825,ok,283716.527174799,-0.100236|-0.173160
144,823059.0866716439,0.11186891704770638,67523.16827975251,237699.00303303084,0.14203502626885112,818263.7591814586,ok,135046.336559505,-0.099843|-0.171329
145,820460.9914064003,0.026713809534208894,398971.0439313373,12610823.094153374,0.015818596492575814,817305.4104283145,ok,797942.0878621865,-0.100831|-0.170582
146,817305.6965804952,0.051746006943319565,217817.9905110572,7157979.599097915,0.015215046892457456,815648.6411106719,ok,435635.9810221144,-0.101372|-0.170821
147,815894.4083503006,0.11996232030619242,87364.82986630365,2682531.256975733,0.01628402831078251,815183.0826688459,ok,174729.65973260728,-0.101024|-0.170776
148,814283.8167785518,0.07286415203965604,109901.16699190171,2761398.168764511,0.019899550929497623,813190.3248436685,ok,219802.3339837592,-0.101139|-0.170810
149,813621.6705002451,0.0689818337220137,120582.56564357615,6480376.990106426,0.009303669047932644,813060.7403583959,ok,241165.13128715227,-0.100941|-0.170113
150,813108.7266796548,0.09842458173538447,96565.27159281538,2052524.154991913,0.023523540845539002,811972.9481243676,ok,193130.5431855492,-0.101045|-0.170136
151,812256.8171168527,0.06960180380521992,111623.46619548634,2399274.538537865,0.02326192030185726,810958.5290296244,ok,223246.93239097248,-0.101533|-0.170165
152,810600.0836009845,0.07107082718925567,116232.29177329862,5661837.893476147,0.01026453723685972,810003.5482574683,ok,232464.58354651293,-0.100973|-0.169075
153,810087.2863449522,0.08594838997460597,70442.41603430833,5306923.192440695,0.00663684148798763,809853.5287703269,ok,140884.8320685504,-0.101296|-0.169204
154,810009.7477498862,0.03225637722512172,155985.04342089803,6174069.507685125,0.01263227140759728,809024.525047877,ok,311970.08684179606,-0.100772|-0.168828
155,808577.0769940326,0.06280662344985427,135449.7428634109,12354702.580067517,0.005481707956367117,808205.8290274615,ok,270899.485726699,-0.101311|-0.168851
156,808322.375142344,0.10085485826210104,72585.60820478223,1610815.9187749678,0.02253069620145792,807504.672998814,ok,145171.21640951274,-0.101078|-0.169027
157,806382.9020823044,0.05714776102429692,130140.27268924762,9686558.952721195,0.0067175698472721306,805945.7888964379,ok,260280.5453784949,-0.101475|-0.169113
158,806191.2542273643,0.0431641226504873,129100.19337039643,4461183.713944736,0.014469275605805694,805257.2610880448,ok,258200.38674078864,-0.101078|-0.168983
159,805325.8200917142,0.16455987852927118,46938.69335982658,1238023.7010301808,0.018957106120330365,804880.9091961281,ok,93877.38671962016,-0.101381|-0.169046
160,804800.0437988691,0.11407526224347417,58440.09314613264,226545.1240718658,0.12898113209356465,801031.2091120483,ok,116880.18629226525,-0.101127|-0.168936
161,801857.8939395922,0.026435020072181025,279479.167049826,8369944.836020776,0.016695400777736517,799524.8855881297,ok,558958.3340996519,-0.103312|-0.168646
162,799212.5701359935,0.04593987482625734,93695.43480731554,2185742.1497838288,0.021433322960025748,798208.467878941,ok,187390.86961463082,-0.102610|-0.167986
163,798758.0499123876,0.04843548068426332,128015.08604537435,1566584.260807001,0.040858027636326885,796142.8279506334,ok,256030.17209074867,-0.102383|-0.166810
164,796352.7836549319,0.07296815977831926,151565.306741846,9548027.800252147,0.007936995467160424,795751.2970786375,ok,303130.61348355474,-0.101452|-0.166806
165,795593.5307505236,0.13383653617632565,56055.594646307814,3980141.1487492593,0.007041910393545091,795396.1615132455,ok,112111.18929261561,-0.101702|-0.166958
166,795430.7598908588,0.08162055904272135,35819.229947008454,85856.7267097339,0.20859885602270167,791694.8346955787,ok,71638.45989401691,-0.101709|-0.166519
167,792403.4025787213,0.01502812003416509,636580.0512763535,30452373.085628007,0.010452059835967059,789076.6161855597,ok,1273160.1025527068,-0.099949|-0.159667
168,788652.1244751349,0.07096231376595044,173628.1259157816,13772299.474300802,0.006303527099442354,788104.889676667,ok,347256.2518315631,-0.100473|-0.160972
169,787934.2410512728,0.09360477446665301,121549.52158766128,10503672.689079132,0.005786048612978898,787582.5953308776,ok,243099.04317532256,-0.100770|-0.160887
170,787707.6260672947,0.07585932792076519,68625.67922651219,561548.6117149235,0.06110395235145803,785610.975950523,ok,137251.35845302438,-0.100870|-0.160944
171,785854.6012841025,0.043077077075883985,249128.37162915655,17811962.956147738,0.0069932879448070815,784983.4880650907,ok,498256.743258313,-0.100505|-0.158831
172,785274.5363561116,0.10476754364846176,101091.0498449866,13132016.414360153,0.0038490299834852966,785079.985115154,ok,202182.09968997317,-0.100719|-0.158870
173,785258.21220398,0.1000339598674057,77154.25938469713,5100120.675747284,0.007563964099084016,784966.4161799414,ok,154308.51876934944,-0.100939|-0.159287
174,785240.1797440584,0.07442650378466831,98331.93598849463,4304517.335803328,0.011421946796520857,784678.6086734287,ok,196663.87197698397,-0.100584|-0.158217
175,785140.8736370488,0.0922857732701773,91346.99712517003,7613495.315960702,0.005999018409696329,784866.8774783366,ok,182693.99425033986,-0.101157|-0.158274
176,785103.1860331686,0.04863423309828888,107178.52964876064,5936992.188214216,0.009026332379342307,784619.4715168992,ok,214357.05929752128,-0.100684|-0.157594
177,784751.3302867516,0.14845481754995954,60961.11025505383,3297940.7025647815,0.009242299324491322,784469.6198726863,ok,121922.22051010765,-0.100951|-0.157658
178,784659.5158108679,0.06203836111738038,86928.13464633965,3519373.018479097,0.012349946167954907,784122.7369191863,ok,173856.26929261733,-0.101168|-0.157374
179,783874.7610887514,0.047728334952604895,149747.45241450716,13083789.315065516,0.005722633130528872,783446.2862225516,ok,299494.9048288628,-0.101239|-0.157422
180,783390.0939377139,0.08028856047215728,86856.03041537534,3136420.8630756903,0.013846360901036907,782788.7739659325,ok,173712.0608306859,-0.100815|-0.155053
181,782965.7951640043,0.09039322542717225,76457.89015675835,2932755.3444861183,0.01303516338321692,782467.4746189397,ok,152915.7803135166,-0.101108|-0.154873
182,782211.9326205178,0.12364894429502835,32800.76706760687,1036428.4673172906,0.01582394159459405,781952.4139093499,ok,65601.53413521373,-0.101225|-0.154994
183,781472.3439513325,0.05397863272327535,100346.61615571933,6068937.121806865,0.008267231488950061,781057.5495988864,ok,200693.23231137593,-0.101410|-0.154897
184,781097.3882514955,0.1496662851868251,51819.86422101493,7433106.556615522,0.003485747434556474,781007.0727721117,ok,103639.72844194913,-0.101317|-0.153828
185,781011.1007764443,0.07753766953670106,59671.50419956752,3084838.7446021596,0.00967173799667495,780722.5371992015,ok,119343.0083990986,-0.101418|-0.153951
186,780892.1875083168,0.08895582099556988,42565.23000855086,314205.2013004634,0.06773476351183509,779450.6146140888,ok,85130.46001708593,-0.101527|-0.154110
187,778763.5477354863,0.12408726399856641,56415.976879216905,2137167.7908554845,0.013198771084004175,778391.2369533317,ok,112831.9537583979,-0.101647|-0.153371
188,778342.171064958,0.07156884999005667,84156.7506821274,3796320.5475418004,0.011083989039942994,777875.774813859,ok,168313.5013642548,-0.101711|-0.153118
189,778186.5067847259,0.09336510151266096,61437.65452881445,5424114.252984747,0.005663381306450811,778012.5343526406,ok,122875.3090576289,-0.101771|-0.153070
190,778085.108760184,0.07562767266306654,26194.987551117225,65129.061733562055,0.20110060588834283,775451.1948263004,ok,52389.975102228615,-0.101782|-0.153107
191,774547.2980272026,0.039044101491769845,212933.5604701472,15898955.047239447,0.0066964640077751235,773834.3470653348,ok,425867.1209402944,-0.101490|-0.147887
192,773630.476308352,0.08896832588524639,131888.07289303569,11240091.13027527,0.005866859590568362,773243.5919056849,ok,263776.1457860713,-0.101482|-0.148441
193,773195.7818193417,0.1411421942744014,63248.66613505966,4048488.2203279478,0.0078113931291044,772948.7517213054,ok,126497.33227011932,-0.101940|-0.148698
194,773046.9683748868,0.17779446173326174,45257.344887546045,2716769.2600701144,0.008329258128895725,772858.4883209884,ok,90514.68977509117,-0.102189|-0.148720
195,773010.4036729772,0.102293356214497,95167.2473921455,9623777.870855298,0.0049443809213609614,772775.1321118051,ok,190334.494784291,-0.101890|-0.148217
196,772892.8104993964,0.14903872294239892,41385.77464386134,3292168.377299586,0.0062854887570799435,772762.7455887828,ok,82771.54928770037,-0.102069|-0.148519
197,772450.5991724866,0.14526503545024128,60925.315776771095,512169.874148187,0.05947764487134152,770638.7520247641,ok,121850.63155351803,-0.101921|-0.148466
198,769797.3631412192,0.039794879288619696,303594.5441419531,19807914.741258472,0.0076634655416197685,768634.0699773915,ok,607189.0882839061,-0.101242|-0.147249
199,768794.9705402318,0.06715848230745829,154254.13819947097,9540468.607434127,0.00808420133992543,768171.4597848712,ok,308508.2763987934,-0.101190|-0.147204
200,768134.3749056953,0.13872987203266546,53203.84467016645,2744828.413379293,0.009691652201432983,767876.5583265342,ok,106407.68934028293,-0.101686|-0.147229
201,767893.5040027415,0.15349142448387965,35513.36851517983,1538351.7518550456,0.01154266846719402,767688.5444832795,ok,71026.73703035965,-0.101741|-0.147305
202,767589.3858792102,0.15780489903482434,39696.39694444317,832507.9432043458,0.023841452365998248,767116.1760007839,ok,79392.79388888634,-0.101978|-0.147340
203,766435.0901753252,0.23308440950575576,73885.96734217045,18355377.0979245,0.002012651849863792,766360.7368109002,ok,147771.93468434043,-0.101910|-0.147115
204,766283.5973005365,0.15031532682703402,77805.17505144414,32453797.235927448,0.0011987068028716096,766236.96450422,ok,155610.35010288827,-0.101839|-0.147148
205,766331.3842008479,0.10205303924510147,63093.493907856144,7712569.649686441,0.00409030302309304,766202.3484464135,ok,126186.9878157095,-0.101940|-0.149071
206,766018.1497110955,0.14170351993148517,33635.244614483636,3516459.8026920194,0.004782543595228109,765937.718699243,ok,67270.48922896726,-0.101890|-0.148575
207,765999.4787370082,0.15565120660221263,36524.64105844568,5133896.154696083,0.0035572048944772505,765934.5159210372,ok,73049.28211686472,-0.101983|-0.148572
208,766047.6987875251,0.15828003115099598,57536.337493355015,15071003.51059507,0.0019088422828946452,765992.78489062,ok,115072.67498662122,-0.101851|-0.147663
209,765997.4590556985,0.23373827803251404,25832.0676913872,2607386.422133388,0.004953632394513116,765933.4777720318,ok,51664.135382753695,-0.101953|-0.147813
210,765997.4590556985,0.15895674788173658,39912.34924599963,1273946.104597715,0.015664849989318462,765684.8485738685,ok,79824.69849199925,-0.101953|-0.147813
211,765800.7464826072,0.08362012398612498,66604.7525071682,4802356.845089552,0.006934590103947824,765569.8081538011,ok,133209.5050143364,-0.101822|-0.147813
212,765510.0206931027,0.21441110760077955,45497.77080275049,12157612.634005018,0.0018711638613773797,765467.453800853,ok,90995.54160550098,-0.101726|-0.147456
213,765322.3578559986,0.19213273668331257,24706.383487526226,129196.32285482247,0.09561566049866882,764141.1992681519,ok,49412.766975052444,-0.101817|-0.147605
214,764424.6196189038,0.05794852178741187,147461.22972017844,13394330.060620077,0.00550461385723654,764018.7610546425,ok,294922.4594403567,-0.101679|-0.146527
215,764053.1807461452,0.10273655702001569,92066.53647253914,9685581.082491193,0.00475276267311259,763834.3955471504,ok,184133.07294507825,-0.101663|-0.146600
216,763586.7167591352,0.16985946683905936,83310.96813321431,41731971.909875624,0.0009981671644121286,763545.1376227222,ok,166621.9362663042,-0.101619|-0.146617
217,763553.6634842131,0.21815934835757153,47948.09044359997,6802265.115646647,0.0035244208824873075,763469.1688585957,ok,95896.18088719992,-0.101644|-0.147097
218,763468.2510847807,0.2536177253701007,42208.41303712159,7764759.702401855,0.0027179471519295927,763410.8909667798,ok,84416.82607424316,-0.101656|-0.147080
219,763437.3046998013,0.17023132335914953,15204.71666405516,91788.57749822909,0.08282466663321213,762807.6419053248,ok,30409.43332811031,-0.101655|-0.147107
220,762498.2850626451,0.09235301840182544,94557.93876105962,13543668.337192044,0.0034908540436343833,762333.2410812041,ok,189115.8775219814,-0.101723|-0.146547
221,762385.2948570652,0.12175558449092488,69588.08109436138,12038736.165711371,0.0028901738578074984,762284.7340306682,ok,139176.16218862584,-0.101628|-0.146553
222,762291.5121403189,0.2218197638673173,45891.98096977314,5379173.255546685,0.00426570950493666,762193.6312106074,ok,91783.96193954628,-0.101756|-0.146741
223,762253.1830662324,0.1966861981207457,49714.51548599018,3069820.8557270966,0.008097299129563564,762051.9064147467,ok,99429.03097194732,-0.101762|-0.146740
224,762004.0025858985,0.2449283611257874,17867.05389555869,436798.62249793945,0.02045227820703919,761821.2916073924,ok,35734.10779111707,-0.101779|-0.146769
225,761582.1434565728,0.0909898097731732,84851.30391049101,17066235.168186937,0.002485940896579868,761476.6757933132,ok,169702.60782083994,-0.101497|-0.146674
226,761469.682007143,0.4478560921716096,28886.714609180337,12184305.735537319,0.0011854066713431193,761452.5607550376,ok,57773.42921834339,-0.101616|-0.146972
227,761462.2232634018,0.19832893022853537,9631.473475186394,674457.0159385076,0.007140168496715976,761427.8380916596,ok,19262.94695037279,-0.101739|-0.147144
228,761445.9971115546,0.13246055021471756,15678.383381382337,214056.12721856165,0.03662213173971411,761158.9092007253,ok,31356.766762744657,-0.101636|-0.146674
229,761209.0029546738,0.22925372622010812,20391.99315759032,739296.1297876834,0.013791491890703288,761068.3849505397,ok,40783.98631516831,-0.101464|-0.146487
230,760901.0696474096,0.1111921827993881,15942.825166959341,31836.02489376165,0.2503896956382167,758905.1100768255,ok,31885.65033391389,-0.101495|-0.146142
231,758510.8569299815,0.031063592043635676,324510.70435043436,30710583.925398838,0.005283369165801688,757653.6020053127,ok,649021.4087003645,-0.101534|-0.145820
232,757945.9968224773,0.039413122569418924,357010.5496752827,82659877.5207071,0.0021595153560797866,757560.5119403242,ok,714021.0993500643,-0.101751|-0.145984
233,757601.855687555,0.07304438916413573,157776.7310852353,22068115.742631745,0.00357476671151489,757319.8481844875,ok,315553.46217047056,-0.101746|-0.146484
234,757136.15842716,0.18463131746239955,57946.766815103314,4369712.141196092,0.006630501614603147,756944.0503616957,ok,115893.53363020661,-0.101741|-0.146807
235,756963.8624901677,0.1819276394351711,46528.14389172235,2939301.5599368475,0.007914829925229249,756779.731317348,ok,93056.28778344464,-0.101882|-0.146851
236,756343.3816992736,0.14947062658190058,32054.53773265795,1997211.817529105,0.00802482176685569,756214.7657232118,ok,64109.07546527976,-0.101939|-0.146956
237,756315.7248392105,0.12593058395392226,71263.89054066461,15639020.798865143,0.0022784000180444777,756234.5410144636,ok,142527.78108122892,-0.101635|-0.146183
238,756654.1439181715,0.061075190094594375,72630.62194290452,6719136.449082181,0.005404758669012124,756457.8684263807,ok,145261.2438857511,-0.102027|-0.146913
239,756520.4394036041,0.07965427502917971,69914.54573241466,3665625.121670918,0.009536510610302834,756187.0690000083,ok,139829.09146477116,-0.101878|-0.145966
240,756252.4957836866,0.19911057667163684,29543.14687717012,3561591.430169069,0.004147464336717547,756191.231209653,ok,59086.29375434024,-0.101835|-0.145897
241,755868.294306919,0.3368606815115293,27085.190081486984,3663057.1502231453,0.003697074461401321,755818.2263246527,ok,54170.38016297397,-0.101892|-0.145909
242,755745.4052679612,0.30797641730878905,12603.596859849182,210475.88150877567,0.029940715224712533,755556.7249157673,ok,25207.19371968913,-0.102002|-0.145868
243,755290.3365512455,0.20147248159609712,49467.6437130856,12073830.376874244,0.002048548065071133,755239.6681283396,ok,98935.28742617117,-0.102084|-0.145845
244,755227.2945824453,0.19101275514009877,28414.218882927424,1929679.6210959512,0.007362418759127932,755122.6958933806,ok,56828.43776583781,-0.102145|-0.145923
245,755214.9638845266,0.20972978257211797,49076.71416578964,11606953.02826004,0.0021141084161493576,755163.0871372991,ok,98153.42833152092,-0.102047|-0.145860
246,755214.9638845266,0.20554534772276944,66096.2149754302,84916341.20970179,0.00038918430795437185,755202.1020796848,ok,132192.42995086015,-0.102047|-0.145860
247,755187.0172996337,0.2870493220943194,35634.175284090255,7013044.622972192,0.002540563849213622,755141.7518508721,ok,71268.35056813729,-0.102081|-0.146365
248,755113.9689774618,0.2072023743249306,27857.77450930258,5577430.186038275,0.002497366491385017,755079.1834411697,ok,55715.54901858427,-0.102087|-0.146389
249,754842.3984019321,0.2857167388302013,18666.733023745546,2281990.5240736455,0.004090011072969539,754804.2248295504,ok,37333.46604749109,-0.102169|-0.146389
250,754836.576081627,0.3374875292730995,25557.88380440855,2794477.45209883,0.004572927182721219,754778.138910836,ok,51115.76760879865,-0.102145|-0.145886
251,754823.1057957738,0.21210936254319285,18659.114885498497,1353315.1872865402,0.0068938540928188685,754758.7891880128,ok,37318.22977098664,-0.102172|-0.146037
252,754773.927326033,0.20762860189525897,25371.35272474408,452509.6741926164,0.028034044542818375,754418.2965098345,ok,50742.70544947277,-0.102010|-0.146107
253,754632.1099869129,0.16036906888878213,29537.497209215624,4890592.077670322,0.003019828350035491,754587.5109011822,ok,59074.99441841434,-0.102110|-0.145924
254,754614.3380059395,0.19601345588309602,20315.075139464738,3326695.972846929,0.003053341108607446,754583.3235789157,ok,40630.15027892924,-0.102047|-0.145900
255,754588.2066118264,0.14638441927926774,24933.04642805445,1431571.0691015,0.008708281050867852,754479.6446239515,ok,49866.092856108895,-0.102043|-0.145901
256,754248.3128854021,0.2690906900875974,24449.125791359904,805240.9723563321,0.015181247993265779,754062.7287644735,ok,48898.25158271981,-0.101954|-0.145382
257,754198.0750497025,0.25185249077716143,16890.600631905203,522251.07029656693,0.01617095836904045,754061.5064498791,ok,33781.201263797615,-0.101944|-0.144985
258,754090.1185467872,0.07392473254300261,50894.63509485017,9978305.926986653,0.0025502643167716462,754025.2211608884,ok,101789.27018970034,-0.102088|-0.144865
259,753754.1068065,0.19851750403603113,30497.096469404954,5943625.828216732,0.002565529640562435,753714.9862040282,ok,60994.19293877878,-0.101959|-0.144481
260,753817.4139992885,0.11032705326833059,60975.910181166255,12085643.03364397,0.002522658910718351,753740.5032877096,ok,121951.82036233234,-0.102149|-0.145078
261,753714.6013491418,0.4200690434425924,23580.96290872418,2687690.620910658,0.004386844736752914,753662.87833763,ok,47161.9258174279,-0.102029|-0.144734
262,753690.1055494507,0.15910321588386958,36145.10148280833,5336570.789782075,0.003386547551474001,753628.9019969885,ok,72290.20296561666,-0.102532|-0.144206
263,753614.0985015959,0.15165190601189343,37704.326411653434,6318294.25889373,0.002983742515519931,753557.8485007291,ok,75408.6528232585,-0.102535|-0.144196
264,753571.1579298892,0.4046177377467337,17757.101255890055,752168.965924651,0.011803931071565164,753466.3561302616,ok,35514.2025117801,-0.102590|-0.144492
265,753237.9726640402,0.15743018984790758,35076.036646582994,14819918.249673903,0.001183408574043747,753217.2180227846,ok,70152.07329316599,-0.102838|-0.144539
266,753191.5601859197,0.34521998294355966,14219.254911446304,926766.1444781654,0.0076714363144182104,753137.0191316738,ok,28438.509822892574,-0.102816|-0.144477
267,753104.5719443198,0.23446267636853896,14545.607299456256,166123.83937235488,0.043779409849941234,752786.1728925802,ok,29091.214598912513,-0.102866|-0.144477
268,752571.6524894923,0.13400061169164387,65907.83711467792,15424964.9701424,0.00213640151670534,752501.249687905,ok,131815.67422929287,-0.102443|-0.143809
269,752560.8784398491,0.12485356567506499,61075.94922642863,13057176.156998044,0.00233878858996992,752489.4565732629,ok,122151.89845277542,-0.102534|-0.143827
270,752560.8784398491,0.09095594898805474,71391.72940161182,18399078.188424453,0.0019400898422869638,752491.6252553315,ok,142783.45880322353,-0.102534|-0.143827
271,752473.3064423024,0.34917179918101204,22071.920384689984,2197518.437260855,0.00502201028451939,752417.8837367169,ok,44143.84076937956,-0.102591|-0.144036
272,752421.7991309571,0.2880800579180281,18551.26404201353,662610.8427754595,0.013998611888320727,752291.9531582762,ok,37102.52808402706,-0.102554|-0.143687
273,752364.7694953554,0.5000613753955641,16184.180450813288,1041544.7974003871,0.007769315583548453,752301.8994926637,ok,32368.360901626576,-0.102522|-0.143639
274,752508.6704042547,0.11305692890143834,22227.897525717675,572412.280297964,0.019415985899312944,752292.8821317893,ok,44455.79505141977,-0.102437|-0.143332
275,752327.6564208576,0.31229104735299446,9999.97668868873,505427.30960959784,0.009892596322518576,752278.1935545498,ok,19999.95337737746,-0.102317|-0.143177
276,752250.2739432084,0.19202360215402028,14534.877510283464,246573.35137998738,0.029473739617312023,752036.0753456545,ok,29069.755020566925,-0.102241|-0.143146
277,752252.196724869,0.17554354780938966,33809.71831327016,4685072.681190672,0.0036082384003355205,752191.1999629077,ok,67619.43662649582,-0.101991|-0.143044
278,752208.3989097334,0.2761988973912169,15371.81361612353,216720.1714749064,0.0354646582076542,751935.8208517695,ok,30743.627232247058,-0.102041|-0.143040
279,751524.4794865879,0.14363142666030443,56129.543635739035,10548457.636149958,0.0026605569066031507,751449.8115640957,ok,112259.08727147804,-0.102004|-0.142501
280,751665.328790589,0.08729080382991931,81610.26239127984,10731234.50126104,0.0038024638442897564,751510.1687545561,ok,163220.52478255963,-0.101815|-0.140901
281,751481.5549571211,0.11522907988510812,115655.12676307473,59928161.45223809,0.0009649480641521955,751425.7543617814,ok,231310.25352596698,-0.101911|-0.141070
282,751050.498287405,0.19734381161596534,34325.91368342257,2268578.708702839,0.007565510853059611,750920.6517511485,ok,68651.82736684514,-0.101828|-0.141677
283,751057.3175278611,0.20168094818364804,37343.1408422187,3253126.6028693146,0.005739576936428081,750950.1506129053,ok,74686.28168443732,-0.101809|-0.141653
284,751057.3175278611,0.2819137078589451,28933.05393013413,1900156.1948435716,0.007613335684889845,750947.1790018815,ok,57866.10786024756,-0.101809|-0.141653
285,750746.1945772016,0.2653227007158704,14005.355928224415,229017.95129112902,0.030576982828784283,750532.0738133374,ok,28010.711856448826,-0.101896|-0.141654
286,750694.1678405101,0.174031160083081,22030.370619781483,544132.652575279,0.020243566082200563,750471.1812087817,ok,44060.741239562965,-0.102249|-0.141799
287,751087.2994182422,0.043680948294935094,98739.91470042472,6329202.32242909,0.007800344314362924,750702.196752125,ok,197479.82940084918,-0.102200|-0.141334
288,750795.2545112128,0.10225787305200518,84135.360474982,9553258.504778389,0.004403490203520548,750610.0098934021,ok,168270.72094986678,-0.101830|-0.141026
289,750666.4195833951,0.34071329292552877,25100.594936161237,6038546.539140238,0.002078363955089682,750640.3354975118,ok,50201.18987229288,-0.101820|-0.141120
290,750595.7236136234,0.2297242425380467,29635.17885173012,3616183.1537676873,0.00409757714025814,750535.0073979183,ok,59270.35770343368,-0.101715|-0.141079
291,750554.9438277456,0.2745876367196887,14609.619224433756,491110.7435102191,0.01487405785506885,750446.2916669532,ok,29219.23844885474,-0.101720|-0.141069
292,750607.0979138104,0.08960300114303828,54011.03046077329,6920577.430990311,0.0039022054878623397,750501.7168440758,ok,108022.06092154658,-0.101717|-0.141144
293,750480.9608691158,0.11135598383771565,36469.77500739341,2604022.654988819,0.007002584047708679,750353.2695367706,ok,72939.55001478577,-0.101571|-0.141129
294,750499.0795281695,0.15885029467762654,49014.78580349273,13997235.767780822,0.00175087376595871,750456.1701768658,ok,98029.57160698532,-0.101253|-0.139714
295,750538.4555688538,0.1159884367995425,49764.932988031695,6218771.559766232,0.004001186770551063,750438.8961730993,ok,99529.86597602435,-0.101615|-0.140148
296,750443.2656440008,0.22336143332786415,32206.126866270533,2218532.75855736,0.007258429415126854,750326.3826947041,ok,64412.25373254106,-0.101571|-0.140157
297,750292.8583354497,0.2085467754838601,39828.816087389,13736226.079876045,0.0014497728799666208,750263.9869667474,ok,79657.63217471947,-0.101469|-0.139684
298,750292.433877173,0.2149754149437204,35345.240762665635,11438444.121383544,0.001545019601773883,750265.1293322692,ok,70690.48152533127,-0.101523|-0.139724
299,750216.5429695935,0.2536089661735619,13623.842048590619,189248.9259933511,0.03599450294652998,749971.3512582129,ok,27247.684097181234,-0.101565|-0.139726
300,750046.2594802061,0.2796059732484416,25202.61939838082,4228191.395393324,0.002980307304186778,750008.7037048672,ok,50405.23879676164,-0.101465|-0.139143
301,749721.9204078204,0.2958415554016267,24624.566339730896,4462981.150300412,0.002758757600631292,749687.9538030444,ok,49249.13267943341,-0.101610|-0.139124
302,749660.1945686777,0.21775442056387684,12341.165622374407,148390.91775443603,0.04158329164995503,749403.6014239899,ok,24682.331244748813,-0.101677|-0.139136
303,749539.9814722165,0.11908019427751432,66845.42887732266,12880779.478936758,0.0025947742132621464,749453.2570746539,ok,133690.85775464366,-0.101609|-0.138970
304,749539.9814722165,0.11931877867990547,69850.62894970486,16080435.027412392,0.0021719135343860464,749464.1267090159,ok,139701.25789926693,-0.101609|-0.138970
305,749480.7507475019,0.20833835768976938,41632.77577333022,11575427.72492704,0.0017983255894586233,749443.3161044852,ok,83265.55154666043,-0.101669|-0.139113
306,749451.520022787,0.30671533271983153,15763.974251075031,274701.6274057973,0.028692902914237244,749225.3629314227,ok,31527.94850215006,-0.101728|-0.139256
307,749064.7769294792,0.09463742961786893,67652.81825478612,11734123.389033137,0.002882738488927742,748967.2642379454,ok,135305.6365095722,-0.101383|-0.139169
308,749026.3432960539,0.13280021096852193,67288.3950256964,11609391.30499016,0.002898015634840962,748928.84188564,ok,134576.79005128803,-0.101303|-0.138338
309,748996.375817006,0.08209331647534726,72477.41359142106,9795239.82692233,0.0036996242497409843,748862.3062185653,ok,144954.82718284195,-0.101393|-0.139089
310,748996.375817006,0.07513016351667437,73104.18030333132,10056011.184562784,0.003634849790916862,748863.5144597606,ok,146208.36060666258,-0.101393|-0.139089
311,748862.7883349247,0.23606477484504934,29287.89090843233,7098129.969493822,0.0020630709098244993,748832.576837053,ok,58575.781816837974,-0.101253|-0.137951
312,748824.3242228134,0.4232284595505176,20060.495280071405,3887873.105685572,0.002579880404370093,748798.4473834758,ok,40120.99056014281,-0.101307|-0.138103
313,748786.9702880944,0.2754579252589585,10456.204189466911,525649.7995254247,0.009945979432415977,748734.9716921896,ok,20912.40837892418,-0.101412|-0.138098
314,748583.5881548714,0.4084809698703305,10317.56836001407,174197.23818164374,0.029614615213518627,748430.812746411,ok,20635.136720024868,-0.101383|-0.138115
315,748485.5899416516,0.157174310815362,47515.03788476776,10442584.385325097,0.002275061236351624,748431.5401312339,ok,95030.07576946025,-0.101279|-0.137771
316,748398.1731821431,0.4123762468205466,12827.810009618352,916651.3514806998,0.006997104181921038,748353.2944206115,ok,25655.62001922974,-0.101331|-0.137971
317,748368.957463932,0.5107926965382055,18076.612013747977,5201205.458053961,0.0017377329312916019,748353.2513019408,ok,36153.22402749595,-0.101346|-0.137963
318,748351.4180752111,0.4012029062642489,22437.01021579856,4708976.957846333,0.002382365683316085,748324.691493624,ok,44874.02043159711,-0.101319|-0.137933
319,748351.4180752111,0.3800651607458207,13125.125165113208,1009950.479796507,0.0064979053070789,748308.7751649779,ok,26250.250330226398,-0.101319|-0.137933
320,748333.6043399965,0.45174367259479475,8810.67075749679,237137.20474058407,0.0185771582471321,748251.7657275338,ok,17621.341514989243,-0.101313|-0.137937
321,748342.2669387199,0.1291170527833208,20627.09058712913,833500.5892641217,0.012373770848404743,748214.6494926227,ok,41254.18117424548,-0.101525|-0.137808
322,748287.878165836,0.2487444494912143,27171.681385519933,1598441.0578458728,0.008499431759509997,748172.4062399722,ok,54343.362771014545,-0.101204|-0.137826
323,748064.2378127852,0.16131499453069822,35660.23370065726,16353855.594139198,0.0010902699212238666,748044.7981726914,ok,71320.46740131453,-0.101354|-0.137838
324,748064.2378127852,0.1658438340079761,36328.35405320357,14323758.669492554,0.0012681152653939041,748041.2035426145,ok,72656.70810635954,-0.101354|-0.137838
325,748074.6997911368,0.18485409885097978,40132.34917976403,13093604.073455341,0.0015325172868608547,748043.9480316966,ok,80264.69835952805,-0.101335|-0.137860
326,748039.1016441537,0.6150267816672381,11917.981735544758,3142954.96385446,0.0018959835366092507,748027.8034955736,ok,23835.9634710827,-0.101349|-0.137851
327,748034.6478073036,0.4962806742464174,7720.82623280917,860769.6886347111,0.004484838589666982,748017.3344775871,ok,15441.652465618337,-0.101315|-0.137854
328,748020.3918681369,0.42232177337464594,5307.662917182163,31489.392654382907,0.08427699726440115,747796.7349215611,ok,10615.325834364327,-0.101295|-0.137853
329,747857.0378643794,0.12758708766774499,58089.81366742063,9027842.742368497,0.0032172588360893676,747763.5928812253,ok,116179.62733484127,-0.101524|-0.137810
330,747741.9432522332,0.259342221388217,41258.4578339867,7053112.739257285,0.0029248403761040222,747681.6060505689,ok,82516.91566797139,-0.101464|-0.137863
331,747649.8207103632,0.6147102074963268,22435.90035481009,13468489.297444308,0.0008329033739169017,747640.477241812,ok,44871.80070962018,-0.101719|-0.138197
332,747649.8207103632,0.36877785362471244,19950.12231998735,1876981.7553419387,0.005314415620505842,747596.809089519,ok,39900.24463997469,-0.101719|-0.138197
333,747678.2345627862,0.22863920951011246,18687.963545909268,1683380.0563773173,0.005550726193740915,747626.3686784052,ok,37375.9270918185,-0.101631|-0.138186
334,747601.5178218834,0.5051162515526206,14437.355498619601,1188594.7158562294,0.00607328776832873,747557.6767146051,ok,28874.7109972392,-0.101594|-0.138161
335,747679.1163482133,0.09359587742640049,38473.34040211079,5169047.016371138,0.0037215119421684516,747607.5268503325,ok,76946.68080422157,-0.101762|-0.138195
336,747591.5723862661,0.1837952902144177,20006.304932313822,724032.6475912972,0.013815885926463779,747453.3699728886,ok,40012.60986461532,-0.101636|-0.138146
337,747494.8466107601,0.4805362959816408,8296.50505313135,834590.8662056043,0.004970402498442559,747474.2281260379,ok,16593.010106262675,-0.101694|-0.138141
338,747393.1896956405,0.36459841858915704,16419.2331489556,5032357.522044189,0.0016313659231315862,747379.7968069188,ok,32838.466297887666,-0.101648|-0.138157
339,747388.1598697356,0.3275790060872574,6609.330950691599,150344.95105648483,0.0219805550643615,747315.5214882854,ok,13218.661901383195,-0.101819|-0.138232
340,747099.1256287694,0.26262413726631884,26601.48195926827,6839749.358386839,0.0019446240326518524,747073.2606882084,ok,53202.96391853653,-0.102024|-0.138070
341,747059.1031831276,0.38842752383673795,10915.420060830817,1069940.7718153913,0.005100945934750384,747031.2636993348,ok,21830.84012166163,-0.101882|-0.138046
342,747028.3849691068,0.8546598485387598,8643.879416899179,653381.5860724004,0.0066147253007688535,746999.7965251688,ok,17287.758833798358,-0.102080|-0.138091
343,747019.3639756368,0.5575724755959994,8416.413171110411,268718.2468780845,0.015660293390736647,746953.4622258582,ok,16832.82634222082,-0.102038|-0.138086
344,746993.0682941723,0.7095001653530428,10549.855454660286,3134850.87026861,0.0016826726200465673,746984.1923177127,ok,21099.710909320573,-0.102111|-0.138087
345,746993.0682941723,0.7157773316149706,10116.074747130462,1311015.4784946362,0.003858106526227352,746973.5538471714,ok,20232.149494260924,-0.102111|-0.138087
346,746970.3723926367,0.7004890796391783,11785.11316147245,3350419.90172794,0.001758751665036734,746960.0088489391,ok,23570.22632293081,-0.102089|-0.137595
347,746982.9840856198,0.2468537580526974,9278.774211332237,1243556.1687380641,0.003730741901569332,746965.6757297472,ok,18557.54842266447,-0.102204|-0.137886
348,746951.3325326792,0.29691786768974965,8740.21383993721,1578963.0171013596,0.0027677069523713055,746939.2373573743,ok,17480.427679869106,-0.102190|-0.137886
349,746951.3325326792,0.2702366274046601,9094.59301516565,1098666.1728471357,0.004138924652425354,746932.5116150621,ok,18189.186030331297,-0.102190|-0.137886
350,746933.0266861875,0.39596937659647696,6708.272361214232,52237.30471291072,0.0642095950210487,746717.6589603852,ok,13416.544722428464,-0.102133|-0.137741
351,746627.86676306,0.23371906451418217,34395.75579583814,9405769.402183775,0.0018284392443138325,746596.4214881925,ok,68791.51159167627,-0.102621|-0.137690
352,746627.86676306,0.19890555712607705,37952.08767969873,6482115.715317531,0.002927446018127711,746572.3154190811,ok,75904.17535935149,-0.102621|-0.137690
353,746595.6780088898,0.2067233908257864,20409.01606613545,1111820.3923084212,0.00917819829863039,746502.0190106224,ok,40818.0321322709,-0.102367|-0.137701
354,746525.9580948256,0.17273923398767643,29733.05906380097,7739060.428542064,0.0019209734397565806,746497.3998864534,ok,59466.11812757895,-0.102376|-0.137622
355,746525.9580948256,0.1799741908447834,29631.853817657466,6648025.5262306,0.0022286206408761032,746492.9390143029,ok,59263.70763529508,-0.102376|-0.137622
356,746493.2826052153,0.4741896049072964,12553.606439740044,1197932.532869007,0.005239696767260586,746460.3940596755,ok,25107.21287948009,-0.102277|-0.137177
357,746475.9688329487,0.23527959648418703,18330.935339549254,6097099.2345503345,0.0015032505322919493,746462.1908387955,ok,36661.8706790985,-0.102323|-0.137200
358,746476.0701117981,0.5333111339781279,7338.319911765627,913789.66906346,0.004015322212652418,746461.3372523255,ok,14676.639823525551,-0.102361|-0.137201
359,746478.9401649848,0.3373743221045324,16454.712834328082,4096362.203350981,0.0020084543330747824,746462.415895339,ok,32909.425668635806,-0.102286|-0.137293
360,746443.8272911452,0.5837788458908253,2947.4358224227603,74137.50915500817,0.019878168662641492,746414.5324779451,ok,5894.87164484388,-0.102273|-0.137293
361,746439.5247649887,0.4656836090332589,8029.370429854312,523327.4064313663,0.007671459903664871,746408.7262683365,ok,16058.740859708623,-0.102172|-0.137294
362,746432.9102407948,0.2529366833763865,21513.12306200501,4898413.628537615,0.002195927568945172,746409.2896107817,ok,43026.24612401002,-0.102094|-0.137266
363,746400.4865965284,0.380448024610494,5981.467240951687,113214.28229195804,0.026416575364257594,746321.4816564488,ok,11962.934481899027,-0.102126|-0.137259
364,746274.4338159281,0.1839397791273065,15355.939073684765,1512697.8072233798,0.005075679689742935,746235.4629018914,ok,30711.878147359523,-0.102189|-0.137270
365,746236.9034242142,0.2927481548857363,12940.763645636933,1367782.006515799,0.004730565098820612,746206.2948617872,ok,25881.527291273575,-0.102139|-0.137244
366,746204.2964628299,0.43086146695101873,5962.623123937457,705882.353348927,0.004223524710349328,746191.7048197787,ok,11925.246247874915,-0.102105|-0.137243
367,746190.247945861,0.5084456195435019,5264.661227521459,276380.87360106886,0.009524286465496393,746165.1768750235,ok,10529.322455038508,-0.102064|-0.137072
368,746238.0066556226,0.19530705431547435,13695.097975999744,1282960.3629810412,0.0053373036187097395,746201.4592076297,ok,27390.195951988186,-0.102243|-0.137101
369,746073.342527345,0.25581774051839334,6503.522610027286,148477.09766057227,0.021900760159303277,746002.1264829087,ok,13007.04522005457,-0.102215|-0.137068
370,745903.781013868,0.2533820888511514,4881.574424711747,118193.20012037699,0.020650826019347892,745853.3767417955,ok,9763.148849423493,-0.102370|-0.137067
371,745927.6058628978,0.3414572113048791,19830.71052710129,4938603.097963453,0.0020077246676574335,745907.6985595466,ok,39661.421054202576,-0.102128|-0.137092
372,745963.744233368,0.13451255250701863,34300.2259321653,7154039.602227923,0.002397262794120084,745922.6309056395,ok,68600.45186428905,-0.102199|-0.137080
373,745963.744233368,0.14991854014545722,32664.293652115553,6798261.369322393,0.0024024005460804546,745924.5078749144,ok,65328.58730423111,-0.102199|-0.137080
374,745925.1312559233,0.26511927793990686,15581.663753733732,4764821.326242612,0.00163507324691448,745912.3926751503,ok,31163.327507451508,-0.102208|-0.137081
375,745907.14908868,0.3015727568796083,8307.61555066916,855961.6329942103,0.004852796685295678,745886.9915040765,ok,16615.231101326233,-0.102189|-0.137057
376,745945.0091367088,0.1816760050731241,41073.3429791044,10160441.918978963,0.0020212380183180024,745903.4996355243,ok,82146.6859582088,-0.102178|-0.136292
377,745895.6200243562,0.20268844782353343,12849.874464877907,818416.9007310914,0.00785044544742363,745845.1814051098,ok,25699.748929755813,-0.102175|-0.136376
378,745885.4033635895,0.2331747304794809,10984.37029033358,810018.9315954212,0.006780317015985452,745848.1646071948,ok,21968.740580667152,-0.102131|-0.136376
379,745854.6802131424,0.22762662787572185,3788.038745841806,14005.321744530938,0.13523569165131927,745598.5411932444,ok,7576.077491682097,-0.102161|-0.136392
380,745782.5043771947,0.06066816871453476,109198.89931358215,21314375.799561843,0.0025616255512354,745642.6410318704,ok,218397.79862716154,-0.101822|-0.136189
381,745657.9048280981,0.1328559896532031,67913.79270805535,18248228.549653027,0.001860832478157083,745594.7167325051,ok,135827.58541611067,-0.101661|-0.134832
382,745488.133099724,0.14881225152897157,60751.49793437911,16359338.540204076,0.0018567834446691896,745431.7319119222,ok,121502.995868693,-0.101863|-0.135003
383,745402.8922896872,0.23615197723403172,34773.97817194892,16194878.32504607,0.0010736103561262784,745384.2254381425,ok,69547.95634384835,-0.101759|-0.134648
384,745377.1602690938,0.4876043617226189,17413.18076518462,6872802.382988386,0.001266818089247398,745366.1306029015,ok,34826.36153034733,-0.101828|-0.134816
385,745350.2450474702,0.4185383202657175,7724.426473926024,1409634.8713769566,0.002739867830589586,745339.6630936674,ok,15448.85294784407,-0.101862|-0.134959
386,745338.9894656073,0.42106497701984624,6741.729113184706,937458.5807201813,0.0035957477225316585,745326.8686870551,ok,13483.458226369408,-0.101874|-0.134960
387,745338.9894656073,0.3637130932648483,8035.944105182718,236457.8547253058,0.016992339109474945,745270.7147219572,ok,16071.888210365436,-0.101874|-0.134960
388,745324.0311672821,0.4376476976743757,3460.0480615698225,14159.40609949508,0.12218196290355733,745112.6534353305,ok,6920.096123139645,-0.101828|-0.134970
389,745472.4537010503,0.0841053743582955,67025.43200227896,7256595.505849911,0.004618242256182417,745317.6838598943,ok,134050.86400455382,-0.102159|-0.134961
390,745331.1743916521,0.2445846303462047,31709.917894358798,7024736.186994377,0.002257018416795969,745295.3894573108,ok,63419.835788687546,-0.101940|-0.134996
391,745306.9333205044,0.45875691825817444,8739.265023066087,473602.8151372753,0.009226365156352568,745266.6174953539,ok,17478.530046125856,-0.101966|-0.135002
392,745276.431328083,0.31399384876669634,9691.621953258333,932889.5783671134,0.005194410023436053,745251.2601989743,ok,19383.24390651666,-0.101949|-0.135001
393,745268.3020891839,0.5030784945383776,14263.88131288218,1985073.173943875,0.003592784764841488,745242.6785614497,ok,28527.762625764357,-0.101862|-0.135001
394,745262.2314313527,0.4723872601846953,6476.85640299158,659425.7896009294,0.004910982027948313,745246.3275686563,ok,12953.71280598316,-0.102008|-0.135026
395,745232.8398116202,0.5275652280927081,5400.134445086075,722636.8077665797,0.0037364097614789524,745222.7512540933,ok,10800.268890172118,-0.101975|-0.135019
396,745224.5339651287,0.38735371941804747,7689.4914047349375,220043.68742567606,0.017472647124522057,745157.3560801877,ok,15378.982809464509,-0.101917|-0.134874
397,745198.8819759642,0.5244830156673841,8272.609280932666,3342915.1176708937,0.0012373346300662928,745193.763982992,ok,16545.21856186533,-0.101938|-0.134884
398,745198.8819759642,0.4801657182936009,10492.291024242555,2475273.619748227,0.002119420443164942,745187.763187918,ok,20984.58204848511,-0.101938|-0.134884
399,745183.3904606098,0.3785609289770273,10426.094462154048,1828265.6649719742,0.0028513619934753495,745168.5261758649,ok,20852.188924308088,-0.101916|-0.134792
400,744959.3918606843,0.33307120594675255,8595.77817322499,1228411.954691099,0.0034987359657316732,744944.3546815602,ok,17191.556346445745,-0.102418|-0.134422
401,744996.4686046183,0.17792339674909938,35149.97381695415,19564591.442720156,0.0008983058480894884,744980.6808910983,ok,70299.94763390828,-0.102430|-0.134409
402,745058.2351407319,0.09729730056384168,17423.47097007118,1666443.7278217918,0.005227740570887861,745012.692447694,ok,34846.941940116216,-0.102367|-0.133323
403,744980.2139273426,0.4542472293934138,8482.87513788717,307245.6591705148,0.013804711123972876,744921.6621069529,ok,16965.750275774335,-0.102341|-0.133188
404,744904.0024429673,0.28348310557959355,14098.707621867972,2157884.2470004763,0.0032667895976036705,744880.9736872679,ok,28197.415243735937,-0.102258|-0.133187
405,745088.3518608183,0.1243876977039311,76789.00424010059,18703093.432276525,0.0020528423417803003,745009.5340011747,ok,153578.00848010936,-0.102313|-0.133254
406,744984.8090338784,0.22833638547307752,29159.198889826766,6182420.4383297395,0.0023582348677749017,744950.4269141093,ok,58318.397779635736,-0.102247|-0.133358
407,745363.6306558286,0.08268800983574472,113067.23263973452,18499160.972151008,0.003056009751197584,745190.8633730846,ok,226134.46527946903,-0.102176|-0.133420
408,745174.8786092745,0.11311855255414084,44637.99690766823,7400147.911504995,0.0030160205877959295,745107.5640504387,ok,89275.99381533646,-0.102274|-0.133584
409,745157.3971766961,0.23680023636264724,18921.9333830728,1404407.999480312,0.0067366226161039685,745093.6622145118,ok,37843.86676614554,-0.102325|-0.133605
410,745186.9799665426,0.24761623006485445,18845.160776579534,2704644.4940959723,0.0034838517257475147,745154.1530935958,ok,37690.32155314722,-0.102372|-0.133615
411,745158.3657296717,0.5687401161888277,15745.278849239363,2409349.110612697,0.0032675378549095655,745132.6415823336,ok,31490.557698478722,-0.102404|-0.133614
412,745089.2243075444,0.43064030914644186,8158.2904813495625,302961.0139005194,0.0134642579523919,745034.3016437987,ok,16316.580962699123,-0.102439|-0.133615
413,745004.201889517,0.27191774611978736,29832.632801894506,3548873.281541437,0.004203113275002149,744941.506922038,ok,59665.26560374949,-0.102261|-0.133602
414,744945.6495212438,0.3273990358204097,6374.307994347899,244913.48540162324,0.01301338712299762,744904.1738524579,ok,12748.615988695798,-0.102393|-0.133649
415,744948.1281647133,0.4110330169524508,17537.21641677495,5783409.722647798,0.0015161658310407539,744934.833500562,ok,35074.432833549225,-0.102351|-0.133629
416,744932.4051572685,0.25499725539091145,5891.460490270339,290770.7596897978,0.010130765033862947,744902.5626563019,ok,11782.92098054066,-0.102411|-0.133663
417,744898.9302508532,0.3550973484730857,20131.71567629027,7087058.689677992,0.0014203152928316568,744884.6335590301,ok,40263.43135258051,-0.102482|-0.133492
418,744893.6931667504,0.4899510188728844,4028.8961843911943,79289.88284014263,0.025406117653836775,744842.5138615124,ok,8057.792368782387,-0.102547|-0.133686
419,744937.0635727422,0.30353532724985494,29098.096154008035,7835722.282813509,0.0018567590264033718,744910.0494963996,ok,58196.19230798703,-0.102478|-0.133483
420,744985.5611117112,0.1995762523870616,43705.92262904162,14954559.303814324,0.0014612908926675608,744953.6275783645,ok,87411.84525808322,-0.102620|-0.133770
421,744927.2818700273,0.383874526971894,16373.137971632297,2269075.233702293,0.003607887858552266,744897.7456471802,ok,32746.275943264587,-0.102638|-0.133739
422,744873.4906858597,0.4487877791628084,9089.705513193338,908041.7490197722,0.0050051143149561364,744850.7431782683,ok,18179.41102638667,-0.102705|-0.133744
423,744954.7221639986,0.09831111434118797,33801.54832209394,4834201.064112041,0.0034960842416163237,744895.6356337831,ok,67603.0966441546,-0.102708|-0.133725
424,744875.7056319253,0.34796147899950014,8959.693392841793,21469.565314936866,0.20866033525625993,743940.9393183534,ok,17919.38678568076,-0.102743|-0.133733
425,743787.9615575887,0.06220942934463305,130364.65730310012,8569232.811702754,0.007606553595151766,743292.1486812438,ok,260729.31460620018,-0.103444|-0.133675
426,743636.1244017864,0.10053141112586414,87962.4120453225,13311181.862936778,0.003304079718505018,743490.8069909714,ok,175924.82409064498,-0.102758|-0.133585
427,743465.7582323061,0.18267641130708132,51881.35473665378,5222332.638227168,0.004967258726195007,743336.9041762848,ok,103762.70947326235,-0.102764|-0.133218
428,743362.0049173979,0.1471283860267728,69838.77327818955,9736984.37378788,0.0035862629843689932,743236.7748136573,ok,139677.54655637906,-0.102749|-0.132713
429,743073.6402143682,0.2549762304614139,23204.50308032431,1803343.4854875263,0.006433744671235239,742998.9942903473,ok,46409.00616064861,-0.102779|-0.132787
430,742689.545421402,0.29962079986932355,18062.56745618441,1546738.5682412495,0.005838920625326754,742636.8124725688,ok,36125.13491236877,-0.102665|-0.132791
431,742618.8110781946,0.30616333838679727,15761.088394033575,471579.35875297734,0.01671096083988013,742487.1196127214,ok,31522.17678806715,-0.102690|-0.132799
432,741963.0891386698,0.2807957695408351,36875.59318700507,13210005.289873028,0.0013957448304458442,741937.3546793895,ok,73751.18637401013,-0.102982|-0.132252
433,741942.3483026143,0.23057550257635762,23174.779902852326,6158382.796622731,0.0018815637699203613,741920.5458894938,ok,46349.55980569246,-0.103022|-0.132252
434,741916.4548524586,0.6628615609513575,10462.87170780891,3967513.171753709,0.0013185679864024422,741909.5568486187,ok,20925.74341560219,-0.102971|-0.131272
435,741916.4548524586,0.5324948709726969,14872.823969776447,3994024.598991544,0.0018618843726615636,741902.6091131952,ok,29745.64793955289,-0.102971|-0.131272
436,741977.1331092707,0.13014913260624938,31107.376269892982,4848984.100891344,0.0032076178868244588,741927.242821003,ok,62214.752539762034,-0.103084|-0.131540
437,741756.6287695239,0.5294180435704636,7588.529802541265,125596.2326899088,0.030210021590683332,741642.0039449359,ok,15177.059605082528,-0.103044|-0.131466
438,741730.3888168196,0.11580691333876966,68161.21626493293,9802476.232294938,0.003476734584694583,741611.899587858,ok,136322.43252977257,-0.102994|-0.131458
439,741643.5374866428,0.48734621361312314,11854.53240688173,1444211.0339705506,0.004104155185094459,741619.2110663205,ok,23709.064813757108,-0.103117|-0.131535
440,741636.1793353185,0.664855316892254,11241.38191651346,2045287.0252293246,0.0027481184249073883,741620.7330109355,ok,22482.763833026827,-0.103088|-0.131560
441,741609.7091576643,0.37785456383734806,12236.953770058437,654762.2758256228,0.009344577583236788,741552.534575721,ok,24473.907540116874,-0.103062|-0.131560
442,741711.4966473256,0.09781502143703753,47348.72355994175,7422442.788145818,0.0031895647370674997,741635.9857378197,ok,94697.44711983597,-0.103233|-0.131532
443,741613.2683593195,0.3373979528383475,11363.250429783231,1425651.8691495527,0.003985282338444159,741590.6254786969,ok,22726.500859559448,-0.103162|-0.131549
444,741567.9198507027,0.24260888701756028,9090.959233974214,37195.20712742761,0.12220605739375724,741012.4347077471,ok,18181.91846794638,-0.103035|-0.131558
445,740712.4218374591,0.08962827957457054,61004.15893032305,5640119.476780178,0.005408055554627098,740547.4648971799,ok,122008.31786064609,-0.103461|-0.131465
446,740489.0074307469,0.3345684323115804,19592.89848159488,2567774.277960896,0.0038151520267493805,740451.6324875709,ok,39185.79696318975,-0.103454|-0.131469
447,740486.1854767336,0.20538110986326497,26508.00525565756,5304591.557321157,0.0024985906048762994,740453.0691502907,ok,53016.01051131512,-0.103541|-0.131573
448,740486.1854767336,0.2048270126437757,27581.20750790162,13338163.743124494,0.0010339207119915241,740471.9270858816,ok,55162.41501578237,-0.103541|-0.131573
449,740467.1087984447,0.2636602116025217,11143.355583107314,1990259.1339355896,0.0027994735441992814,740451.5110338704,ok,22286.711166205772,-0.103590|-0.131604
450,740441.8029519531,0.4403870001411776,12760.38010181063,886569.7754960997,0.007196489466759837,740395.8879814559,ok,25520.76020362126,-0.103532|-0.131461
451,740380.0112171896,0.48650233929928144,11226.602650726707,902898.0036353869,0.00621698276301666,740345.1134196061,ok,22453.205301453196,-0.103519|-0.131462
452,740488.304032287,0.12007715799379673,43720.62349200202,6810227.866537582,0.0032099236874896385,740418.1340997976,ok,87441.24698400403,-0.103592|-0.131421
453,740355.6622388612,0.26234241693427757,5632.483204594391,17450.687448458233,0.16138284584003654,739901.1691545094,ok,11264.966409188779,-0.103498|-0.131420
454,739783.4338002602,0.07573280870161371,152885.32311115504,19015797.37559597,0.004019955621407738,739476.1376932245,ok,305770.64622230997,-0.103134|-0.130356
455,739361.2194066257,0.2013684216263962,36852.939565979934,7047054.28126491,0.0026147761954917865,739313.0383120702,ok,73705.8791319159,-0.103223|-0.129988
456,739327.2428748063,0.3705958643198648,15554.915652379177,1710418.5708313377,0.004547107917805994,739291.8779347443,ok,31109.83130474425,-0.103207|-0.129992
457,739363.2766659048,0.2040280254467155,33412.38789742531,6209076.908282389,0.002690608313520483,739318.3268415792,ok,66824.77579481891,-0.103134|-0.129941
458,739339.9625163829,0.22622283283849026,19732.91412979932,1614108.9940057835,0.006112633720238292,739279.6524782288,ok,39465.828259582275,-0.103147|-0.129989
459,739256.3628301667,0.31301698950635437,17114.04139511517,1999002.8234161928,0.00428064462807215,739219.7332654854,ok,34228.08279023034,-0.103100|-0.129800
460,739313.3443979367,0.1435744740180367,42662.28242901061,5863989.46572512,0.00363764998883189,739235.7491723361,ok,85324.5648579853,-0.103086|-0.129255
461,739209.7393771358,0.3602755404095358,12168.694349865647,624868.511502369,0.009737003966329254,739150.4960645608,ok,24337.388699723146,-0.102932|-0.129223
462,738832.7075645984,0.35560838142078227,14780.53551606506,851546.3753638648,0.008678643902247457,738768.5700623841,ok,29561.071032117885,-0.102946|-0.129224
463,738790.6151753517,0.2916885768636061,16573.499921094284,3526249.773331293,0.002350017864082993,738771.1411649092,ok,33146.99984218857,-0.103052|-0.129142
464,738770.0469931323,0.17075458640178232,19385.561157295164,3748014.2944933674,0.002586110888874769,738744.9803877345,ok,38771.122314590284,-0.103118|-0.129267
465,738752.6289703359,0.3313852775554203,8041.285665306435,2798959.158308622,0.0014364778495313394,738746.853405966,ok,16082.571330606837,-0.103128|-0.129271
466,738740.969819685,0.41087621843610794,2324.030151132877,21131.810731892183,0.05498890229092968,738677.071886234,ok,4648.060302265754,-0.103116|-0.128925
467,738553.2186369044,0.4824038507421883,18563.684323629852,7494480.334702542,0.0012384904285939826,738541.7231642273,ok,37127.3686472597,-0.103149|-0.128909
468,738539.0048744928,0.3739719644821686,6431.345368379945,168327.82797855808,0.01910363083042687,738477.5738506624,ok,12862.69073675607,-0.103366|-0.128909
469,738424.3735612247,0.47229169569450313,15118.780411710919,6063045.3376714345,0.0012467975719869363,738414.9485318704,ok,30237.560823421834,-0.103379|-0.128359
470,738398.3389923573,0.5375935308907988,6269.649668360046,465596.943940205,0.006732915400283679,738377.232481954,ok,12539.29933672009,-0.103450|-0.128499
471,738395.7725602876,0.609812720591941,7319.310067491218,1002365.649756135,0.0036510180038950507,738382.4110938713,ok,14638.62013497723,-0.103439|-0.128499
472,738333.4670587345,0.6094678911805629,6836.026818237671,206795.3188308889,0.016528485405000806,738276.9724739878,ok,13672.053636475343,-0.103574|-0.128483
473,738322.7890426915,0.23742785347541634,9213.703882196354,102130.97418255276,0.045107294608428154,738114.9864149669,ok,18427.407764392705,-0.103602|-0.128842
474,738029.2180762064,0.16651413540012847,3163.675707340623,7787.783719213399,0.20311784593705745,737707.9185787472,ok,6327.35141468013,-0.103559|-0.128824
475,737472.5401935977,0.2501861164208152,34766.39687629359,9070543.168045541,0.001916445147340874,737439.2262473056,ok,69532.79375258718,-0.103213|-0.127750
476,737472.5401935977,0.23896732264565335,37356.07128209855,8119032.335984768,0.002300524849281043,737429.5709084696,ok,74712.1425641535,-0.103213|-0.127750
477,737413.9048395718,0.37500561530605286,26473.929340642706,5480473.998521525,0.0024152955882816535,737381.9336572014,ok,52947.85868128541,-0.103232|-0.127727
478,737345.5636990062,0.4585988126245714,7829.148092302408,1369803.705871899,0.002857762779711217,737334.3767749987,ok,15658.296184604815,-0.103269|-0.127782
479,737331.7181297455,0.47650823372583095,8084.269557793559,519691.1997499647,0.007777955025679756,737300.2785872275,ok,16168.539115587118,-0.103183|-0.127783
480,737316.841925162,0.1810468217573975,9186.044146633843,389419.9243510219,0.011794522534950693,737262.6694228147,ok,18372.088293262495,-0.102945|-0.127785
481,737032.2059145683,0.5025307096757334,18779.228842859033,5317477.38796943,0.0017658024165129742,737015.6257107328,ok,37558.457685698966,-0.102896|-0.127770
482,737032.2059145683,0.5080477240389841,13871.412818172801,3184273.441132594,0.00217811269581782,737017.0991643842,ok,27742.8256363456,-0.102896|-0.127770
483,737018.814744535,0.6158654307000886,7106.019400444964,788895.4388151345,0.004503777719337372,737002.8127786105,ok,14212.03880088979,-0.102914|-0.127771
484,737018.4746280792,0.3035174224020772,3287.0218735828817,12967.813045180494,0.12673771059664174,736810.1798146097,ok,6574.043747165753,-0.102989|-0.127781
485,737000.6689161841,0.12977266562973552,77991.05242074309,18608971.6143374,0.002095522902529831,736918.952897914,ok,155982.10484139694,-0.102517|-0.126334
486,736944.7333519338,0.24993725206765008,42293.73170902494,11307863.580103025,0.0018701026683521243,736905.186541672,ok,84587.46341799783,-0.102403|-0.126409
487,736863.5816603054,0.40784836623146903,16555.99942275941,2540543.5430051857,0.0032583577377255793,736836.608975893,ok,33111.998845502676,-0.102223|-0.126416
488,736889.9356133258,0.17283483116151757,20237.375839881268,3489876.119281939,0.002899440431147054,736860.5970804606,ok,40474.75167974619,-0.102420|-0.126596
489,736889.9356133258,0.16541510966079948,21615.61293843577,3337487.1321777,0.003238306558553179,736854.936622753,ok,43231.22587685294,-0.102420|-0.126596
490,736867.9390813796,0.400116449400792,5448.7324503091895,602880.8947744317,0.004518912854543049,736855.6279078242,ok,10897.464900618377,-0.102423|-0.126609
491,736849.4867532726,0.6560312623328501,2177.3114159322595,19272.04265472443,0.05648885940480482,736787.9898340451,ok,4354.622831864518,-0.102391|-0.126604
492,736781.5397432972,0.372309377877529,20183.51351628592,7177721.547679925,0.001405983318119236,736767.3509016447,ok,40367.02703257184,-0.102492|-0.126062
493,736781.5397432972,0.3744421107717518,20647.279738532678,6349449.895293643,0.00162591091189151,736764.7544245833,ok,41294.55947706531,-0.102492|-0.126062
494,736781.5397432972,0.37203030967609624,26522.994182342307,13859632.723328989,0.0009568433273739618,736768.8505682944,ok,53045.988364684614,-0.102492|-0.126062
495,736781.5397432972,0.421899206970113,19502.42648463457,7170509.142446176,0.0013599052798907271,736768.2790169235,ok,39004.85296924323,-0.102492|-0.126062
496,736781.5397432972,0.4092888310876286,36552.86317778643,73986734.98122491,0.0002470230858752058,736777.0250427673,ok,73105.72635557286,-0.102492|-0.126062
497,736786.4864683751,0.3763939478927383,23266.769921619984,11502418.569463056,0.0010113859872648548,736774.7206258412,ok,46533.53984320388,-0.102517|-0.126555
498,736753.7588819308,0.3773701895373491,5165.332487966475,323674.0304299702,0.007979219835933117,736733.1512202073,ok,10330.664975932947,-0.102549|-0.126578
499,736774.6994536376,0.27819170747481264,10827.41450028423,582011.2973105756,0.009301721934193362,736724.3426541637,ok,21654.82900056846,-0.102494|-0.126285
500,736719.9305097547,0.6386549032047584,3308.6134323278156,63023.80734674893,0.026248917445785586,736676.5067493321,ok,6617.22686465563,-0.102430|-0.125760
501,736721.8719530223,0.2810097875526412,33706.74246591005,6282604.989000298,0.0026825451007125582,736676.6620245909,ok,67413.48493179573,-0.102396|-0.125753
502,736665.6638707751,0.3837848793662672,18107.339924546246,3452479.3540999023,0.0026223675896922226,736641.9218200983,ok,36214.67984909249,-0.102438|-0.125753
503,736640.0329036331,0.4702687343094503,11172.908957133453,1223717.039013349,0.004565152155657601,736614.5298889277,ok,22345.817914266907,-0.102424|-0.125753
504,736622.384153115,0.3649009697121665,6313.481100225937,76551.83026191388,0.0412366437133184,736492.2107677546,ok,12626.962200451873,-0.102404|-0.125755
505,736745.1979122408,0.09093059604684789,69416.17563866077,9841488.881843735,0.0035267110735005035,736622.7925145882,ok,138832.35127732152,-0.102381|-0.124504
506,736758.52298688,0.08665138250158967,96009.86550793085,19786545.606512073,0.0024261401514252302,736642.0562920592,ok,192019.73101585972,-0.102521|-0.124651
507,736617.6603810873,0.17824991878434304,35005.7800436422,6608836.665477754,0.002648407111231854,736571.3056026864,ok,70011.56008728438,-0.102422|-0.124165
508,736627.4735694665,0.2159945718725245,23574.68441178288,3514892.731663617,0.0033535425134616926,736587.9442162582,ok,47149.36882354352,-0.102339|-0.124213
509,736627.4735694665,0.25561932656262176,20897.168950303872,3104898.6991762575,0.0033651933565252835,736592.3120624056,ok,41794.337900607745,-0.102339|-0.124213
510,736605.5891012206,0.3167621891738013,19991.97971395193,8566917.683091909,0.0011668128756162257,736593.9256515509,ok,39983.95942790385,-0.102245|-0.124063
511,736592.8882953725,0.5870152013554041,5510.7734876914965,64468.28935542561,0.042740187018997684,736475.1225506308,ok,11021.546975382991,-0.102321|-0.124248
512,736452.2226284917,0.12579089751402034,60383.59846732749,14809946.983829781,0.0020386162939427543,736390.6731346304,ok,120767.19693465494,-0.102578|-0.124201
513,736356.565591353,0.12299106863678252,56763.16090644012,10322588.021170914,0.0027494636417738846,736278.5314678008,ok,113526.3218128009,-0.102489|-0.123900
514,736336.496165981,0.12654738701294097,67019.70880438533,17235783.43321608,0.001944202567410651,736271.3462210188,ok,134039.4176087676,-0.102515|-0.123882
515,736243.2606786112,0.336872059781301,12798.570009195704,1581737.6076716557,0.004045731083057263,736217.3708923587,ok,25597.14001839141,-0.102719|-0.124193
516,736201.6773877861,0.3889640642247183,5807.663948539551,469801.69641936745,0.006180973794691614,736183.728878449,ok,11615.327897075078,-0.102585|-0.124209
517,736201.6773877861,0.5007930435534942,4166.696660830688,758144.5470800706,0.002747956624418369,736195.9524369406,ok,8333.393321661377,-0.102585|-0.124209
518,736201.6773877861,0.4986611501990476,5794.926744082095,868706.6309411363,0.0033353761429241124,736192.01325758,ok,11589.853488164188,-0.102585|-0.124209
519,736201.6773877861,0.6947335629133384,5158.019330101679,1753935.443921794,0.0014704131067014544,736197.8851781724,ok,10316.038660203323,-0.102585|-0.124209
520,736201.6773877861,0.5433820098995517,4111.103756877971,816856.0498216165,0.0025164187483068443,736196.5047585011,ok,8222.20751375317,-0.102585|-0.124209
521,736197.6808558396,0.21818450956105773,4652.726387627657,19445.082833222736,0.11963760780895927,735919.360328437,ok,9305.452775255311,-0.102588|-0.124223
522,736379.7198280105,0.06969888471344696,85827.02906103793,11283356.84784391,0.0038032577635545694,736216.5086707108,ok,171654.05812207586,-0.102545|-0.123919
523,736192.2896824344,0.1588408619409193,43544.49755272019,8851078.982524062,0.00245984120346775,736138.7334078022,ok,87088.99510540522,-0.102451|-0.123897
524,736132.6489103402,0.22750219081524273,24071.728467537283,3869571.827865307,0.0031103865670865094,736095.2127199041,ok,48143.456935074566,-0.102363|-0.123898
525,736033.2076590632,0.5469358294152086,2106.5733031200466,117543.85021945622,0.008960797605264083,736023.7693705582,ok,4213.146606240088,-0.102190|-0.123841
526,736033.2076590632,0.23317234617332638,5269.361973205614,31297.121540273296,0.08418285314873082,735811.4126964742,ok,10538.723946411228,-0.102190|-0.123841
527,735827.7569935559,0.11519586254288725,60013.672280477505,8934845.716366662,0.0033584056281210166,735726.9818661804,ok,120027.34456090211,-0.102356|-0.123462
528,735643.2742425866,0.3019687261090943,29671.232996904633,11540087.95764058,0.0012855722203252184,735624.2019861448,ok,59342.46599380925,-0.102419|-0.123453
529,735614.4544706618,0.3175151439381394,13949.879443215435,3935391.5080399034,0.0017723623449809494,735602.0923501408,ok,27899.75888643087,-0.102440|-0.123470
530,735594.4802325135,0.7220559327901255,7784.93099108602,4179816.8857335453,0.000931252636647477,735590.8553637577,ok,15569.861982160088,-0.102461|-0.123464
531,735607.0919254967,0.2522386171057445,8048.9345114572725,1599422.2491734747,0.002516200620448002,735596.965558491,ok,16097.869022914541,-0.102576|-0.123754
532,735585.7860790052,0.7702627249076155,3039.6442219561577,469925.5230662339,0.003234176558577489,735580.8707059607,ok,6079.28844391012,-0.102519|-0.123610
533,735585.7860790052,0.8217854150261723,2683.5172727071977,446163.284687923,0.00300732642600145,735581.7509728008,ok,5367.034545414395,-0.102519|-0.123610
534,735585.7860790052,0.7503578754073714,2438.086531462466,246791.88192298895,0.004939559827626882,735579.7645418616,ok,4876.173062924881,-0.102519|-0.123610
535,735579.7455394369,0.34933730124390383,3287.962614835846,233489.03607938337,0.0070409357759264974,735568.1703726347,ok,6575.925229671692,-0.102367|-0.123594
536,735542.6740310953,0.16031594859318016,2678.4480976257537,3802.5571402487176,0.35219038121417445,735071.0122028128,ok,5356.896195251507,-0.102315|-0.123586
537,735303.7696184719,0.06610126752961365,143082.80961882003,13216022.840051906,0.005413232534117581,734916.4993584211,ok,286165.61923763994,-0.101739|-0.123599
538,734907.360861709,0.10189788531748066,96588.96027248056,14125258.162332783,0.0034190157504536867,734742.2412734632,ok,193177.9205449611,-0.101862|-0.123656
539,734702.1566555011,0.24027105450777353,17680.647461906898,2100231.550707644,0.004209213849765672,734664.9458424164,ok,35361.29492380082,-0.101983|-0.123843
540,734685.4854100078,0.2932943598782859,15068.654036762986,1438053.9100134461,0.005239252135068459,734646.0111710904,ok,30137.30807352592,-0.102022|-0.123843
541,734646.0225870468,0.4109424428175682,9104.854305969488,659285.5493299158,0.006905091667202074,734614.5876602472,ok,18209.708611938975,-0.101998|-0.123840
542,734655.7982779663,0.3370993611416063,20004.955180975532,6995608.283270329,0.0014298224236494522,734641.4965112155,ok,40009.91036195106,-0.101904|-0.123810
543,734629.7948099128,0.26669494139666655,11270.623251567338,2631721.6199355605,0.0021413023258598503,734617.7279040216,ok,22541.246503134676,-0.101901|-0.123797
544,734629.7948099128,0.46765488347591583,5803.195900800771,630959.5941130786,0.004598706442492688,734616.4512127248,ok,11606.391801601541,-0.101901|-0.123797
545,734629.7948099128,0.36632954523404093,8059.714214848487,461861.8278955748,0.008725243923677059,734594.633323673,ok,16119.42842969119,-0.101901|-0.123797
546,734594.886004045,0.2276665190319487,52390.966362871324,83950100.847856,0.00031203635155733903,734586.7120610458,ok,104781.93272574263,-0.101949|-0.123270
547,734568.6866254624,0.41209836471078726,13820.986818395671,2309639.233849936,0.002992022870030112,734548.0102711389,ok,27641.973636779065,-0.102050|-0.123777
548,734568.6866254624,0.4748426960063868,10370.019275176313,1934611.7495842003,0.002680129301759153,734554.7901292028,ok,20740.038550352605,-0.102050|-0.123777
549,734539.4039428596,0.539587625906899,14212.552613994616,3577353.951772198,0.0019864616145899975,734525.2875977531,ok,28425.105227973756,-0.101928|-0.123265
550,734521.0845504174,0.5486256132303373,7532.245514201314,237829.879073438,0.015835364218209688,734461.4466248682,ok,15064.491028402554,-0.101967|-0.123274
551,734503.0283893343,0.7160639705376323,8198.622321029094,1348469.2836115847,0.0030399737022822086,734490.5665912089,ok,16397.24464205164,-0.102063|-0.123248
552,734504.856341905,0.38365071506122744,11361.774069902847,2879805.58139699,0.001972663387990113,734493.6498640397,ok,22723.548139805665,-0.102163|-0.123243
553,734488.8983716095,0.6339100984878838,6909.449302711496,336881.6755844368,0.0102550091077597,734453.470138845,ok,13818.89860541856,-0.102137|-0.123241
554,734531.9259224774,0.2909402315529216,7329.198028370812,232796.4062667532,0.015741647703900852,734474.23909582,ok,14658.396056737764,-0.102010|-0.123239
555,734731.3793634189,0.10574123525926964,87802.37300950233,15503754.227992145,0.0028316487644964882,734607.0666228929,ok,175604.74601900464,-0.102276|-0.123277
556,734641.3116456546,0.3216413005657189,8210.760739937765,649414.9798342152,0.006321659489617743,734615.3588288802,ok,16421.521479875526,-0.102265|-0.123322
557,734614.7331188609,0.44412702874780435,7099.923603986485,477644.2673999732,0.007432229473447339,734588.3489881265,ok,14199.847207972733,-0.102260|-0.123312
558,734590.0376050362,0.4211921443405333,7474.215557503499,488044.4894093483,0.0076573096507544895,734561.421413576,ok,14948.431115006999,-0.102344|-0.123321
559,734577.3689540885,0.4114853655673316,7283.650534288251,411933.15291836177,0.008840816140539857,734545.1722464858,ok,14567.30106857296,-0.102348|-0.123297
560,734539.907559603,0.5544076482647224,4224.684723945294,247611.76961179439,0.008530864123641521,734521.8874539305,ok,8449.369447890587,-0.102364|-0.123295
561,734526.3930890786,0.523906992597852,11270.270132114265,2539491.7004632885,0.0022190011745378394,734513.8887177483,ok,22540.540264216022,-0.102375|-0.123277
562,734526.3930890786,0.46695393842494193,12118.336363148494,1575748.9044423986,0.003845262506286413,734503.0939968508,ok,24236.672726296987,-0.102375|-0.123277
563,734527.1530155985,0.1569503040458309,30014.39965820361,6725422.8761483785,0.00223141356394475,734493.665746343,ok,60028.79931640721,-0.102069|-0.123212
564,734527.1530155985,0.16167645391427107,38225.471108948695,14645209.053688712,0.0013050503741126448,734502.2099329128,ok,76450.94221789707,-0.102069|-0.123212
565,734579.4730106244,0.16708792127906633,30665.362060957603,8380162.517074768,0.001829640057604864,734551.4197232206,ok,61330.7241219152,-0.102272|-0.123731
566,734551.4807618931,0.1890760493781648,24178.232167507485,8214737.657894423,0.0014716375114104847,734533.6899651844,ok,48356.46433499683,-0.102218|-0.123737
567,734551.4807618931,0.21783791036226155,21160.3836519956,5177084.779658521,0.002043658212353182,734529.8584659797,ok,42320.7673039912,-0.102218|-0.123737
568,734529.4869356351,0.48550384195782287,10696.516912328296,1728410.5605967995,0.003094321787942246,734512.9377029666,ok,21393.03382465659,-0.102245|-0.123742
569,734520.3639791742,0.40071732736229226,23224.460794398266,13988505.629714087,0.0008301265842530513,734510.7243580191,ok,46448.92158877068,-0.102141|-0.123410
570,734520.3639791742,0.40073067289283487,19006.132093814693,4174941.8924942566,0.0022762151645731965,734498.7329561282,ok,38012.2641876127,-0.102141|-0.123410
571,734522.3221569426,0.21444280955764697,23252.09598893245,7359413.023674879,0.0015797520749366541,734503.9558834999,ok,46504.19197786489,-0.102237|-0.123408
572,734483.4029492113,0.5690353508678828,7567.950689647105,820898.8743293586,0.004609551143452241,734465.9605213339,ok,15135.901379288262,-0.102214|-0.123426
573,734449.0729610801,0.7691014250442842,5631.742329857089,440647.72083232517,0.006390300078279622,734431.0786993544,ok,11263.484659713937,-0.102165|-0.123259
574,734444.6381798012,0.9202163408448217,4714.126174065909,819176.0111578043,0.0028773585345859146,734437.8560642111,ok,9428.252348127508,-0.102169|-0.122756
575,734442.6876000771,0.6863331985879415,7431.433961241217,384121.6254447448,0.009673282456613752,734406.7444201948,ok,14862.867922482434,-0.102143|-0.122757
576,734448.2921795619,0.21353876099804456,36923.16944624297,8691762.199155675,0.002124032422897495,734409.0791750319,ok,73846.33889248593,-0.102150|-0.122737
577,734421.9532462659,0.23056073546232722,37872.847832967105,12688930.772592073,0.0014923577294145211,734393.6933276667,ok,75745.69566593421,-0.102145|-0.122739
578,734373.8406727636,0.3802586513842762,7480.316853725741,2114942.581997639,0.0017684444290351168,734367.2264104299,ok,14960.633707446194,-0.102190|-0.122816
579,734373.8406727636,0.5131631936336957,7696.031423132516,1765668.6058973228,0.0021793533048692763,734365.4544870055,ok,15392.06284626502,-0.102190|-0.122816
580,734355.2482971052,0.5341842564941944,3733.087898735367,54275.84062983522,0.034389959284051176,734291.0579266846,ok,7466.1757974691045,-0.102187|-0.122791
581,734312.1407454029,0.549304629025038,6649.279227313994,562658.156618656,0.005908809060259097,734292.4960847315,ok,13298.55845462363,-0.101960|-0.122222
582,734294.3442070847,0.4755014246828925,8093.184990986186,2898719.681481408,0.0013959930383558364,734288.695192132,ok,16186.369981965294,-0.102023|-0.122213
583,734294.3442070847,0.5242838465970444,8728.887018080572,775046.2730816958,0.005631203788241738,734269.7671362631,ok,17457.77403616112,-0.102023|-0.122213
584,734257.9068469536,0.916960462616839,3132.5991955471573,127491.83125245919,0.012285489841870683,734238.6640891558,ok,6265.198391092368,-0.102000|-0.122213
585,734253.3564693722,1.3419869504839064,2812.096020534367,249815.70690382377,0.005628341098698394,734245.4427515693,ok,5624.192041066813,-0.102023|-0.122237
586,734083.942646129,1.0899608446777758,8991.392016928356,3305602.1593617657,0.001360023315489421,734077.8283947383,ok,17982.784033852156,-0.101952|-0.122233
587,734074.4666708068,1.3025065993188423,5463.58100816834,1186726.1237046851,0.002301955311775012,734068.1782111452,ok,10927.162016336679,-0.101943|-0.122241
588,734074.4666708068,1.0414218066486074,4765.350119744956,1446498.6281843672,0.0016472017418109766,734070.541924298,ok,9530.700239489908,-0.101943|-0.122241
589,734071.9471945295,0.8604716526769068,5377.042065502514,449198.0337857242,0.005985157615435448,734055.8559723961,ok,10754.084131005027,-0.101904|-0.122241
590,734061.6025608822,0.9755723631514595,3731.1502179939457,137817.9619876163,0.01353651644598115,734036.3491727381,ok,7462.300435987891,-0.101884|-0.122248
591,733966.1710870893,0.4094679035008328,9749.819954075034,7925909.815287561,0.0006150599856226915,733963.1727250289,ok,19499.63990814084,-0.102140|-0.122194
592,733966.1710870893,0.46983267310789595,7625.823692701086,830495.9652732405,0.0045911262736792,733948.6655273323,ok,15251.647385402168,-0.102140|-0.122194
593,733955.2121446852,0.7747650470747837,6987.684747308723,1512828.9657200167,0.00230947612243232,733947.1431991478,ok,13975.369494617444,-0.102060|-0.122182
594,733955.2121446852,0.9002127929179882,7759.979068862349,1386869.2000334193,0.0027976607558504282,733944.3572502316,ok,15519.95813771764,-0.102060|-0.122182
595,733939.0228430968,0.8893379018701061,1514.6093304276185,76044.85427358875,0.009958657590285237,733931.4811052444,ok,3029.218660855229,-0.102137|-0.122217
596,733923.5867372258,1.131199759993223,2000.6846246629345,125635.55175372417,0.007962255097127112,733915.6217565505,ok,4001.369249325869,-0.102077|-0.122180
597,733917.3956257771,1.1629730214026233,2377.5135279548376,86368.05958677904,0.0137638470710692,733901.033759473,ok,4755.027055909675,-0.102059|-0.122188
598,733904.8806140702,0.20192956685322289,3113.6170746726425,10257.095414645491,0.1517786931291921,733668.590248821,ok,6227.234149345283,-0.102068|-0.122192
599,734062.848616609,0.0770812955878374,121517.0891925275,14863267.310473,0.004087832326977789,733814.4778738682,ok,243034.17838491808,-0.102038|-0.122139
600,733781.2852124788,0.09369892042654676,71712.07587489177,18243058.025900215,0.001965462034190759,733710.8115312163,ok,143424.15174978354,-0.102165|-0.122205
601,733658.7839457982,0.410924752970647,10773.220286461546,3502844.7197248694,0.0015377815958835493,733650.5005158557,ok,21546.440572907417,-0.102413|-0.122556
602,733658.7839457982,0.3817644029088597,17178.315933699585,8225869.984151299,0.001044164080322013,733649.815455569,ok,34356.63186739917,-0.102413|-0.122556
603,733658.7839457982,0.38116145562059783,14983.156646400548,5389344.484184742,0.0013900722704189026,733648.3701105095,ok,29966.31329277974,-0.102413|-0.122556
604,733635.8492396356,0.7048048500128352,4865.30400079623,191163.4214827201,0.012725509836190134,733604.8925026765,ok,9730.608001590035,-0.102416|-0.122567
605,733435.3606952777,0.22796458443854326,20983.51337616145,6210317.999357029,0.0016894073200707219,733417.6358447284,ok,41967.0267523229,-0.102507|-0.122457
606,733415.2905059332,0.3330967818973202,13172.485964648211,10374307.062301157,0.0006348610025490406,733411.1091571104,ok,26344.971929286763,-0.102624|-0.122457
607,733415.732319502,0.5243242161239442,10276.770353726546,2583624.757206833,0.001988827968353424,733405.5129553501,ok,20553.540707442186,-0.102551|-0.122459
608,733415.732319502,0.48935827728724335,12685.884681832124,10584578.976423934,0.0005992626022295564,733411.931231369,ok,25371.769363664243,-0.102551|-0.122459
609,733403.0381659936,1.0418584365793018,3160.8951256649275,254620.9219485218,0.006207060875979359,733393.2282317599,ok,6321.790251329854,-0.102608|-0.122603
610,733396.8216262414,1.1861223604290876,1972.2809860370558,489721.37510174693,0.0020136766397293613,733394.8358581671,ok,3944.5619720740824,-0.102607|-0.122603
611,733480.4440666302,0.09194287507194977,39586.13205158654,4876593.616658798,0.0040587893069823815,733400.1081818923,ok,79172.26410317306,-0.102536|-0.121103
612,733426.362138432,0.25492457406725494,16177.807715451065,5065299.555106485,0.001596925072194567,733413.4447650551,ok,32355.6154309016,-0.102628|-0.121124
613,733426.362138432,0.25405606918047335,19152.01193482739,6166574.396425885,0.001552889068031661,733411.4916634498,ok,38304.023869654775,-0.102628|-0.121124
614,733408.0673120602,0.6999274032284312,7877.559070285013,2511635.3942650887,0.0015682131029591594,733401.8904663835,ok,15755.118140569753,-0.102587|-0.121126
615,733436.7070987285,0.27323347202045833,13300.588348589954,4262540.800830981,0.0015601713825234246,733426.3315000725,ok,26601.176697169187,-0.102612|-0.121419
616,733399.4123059227,0.6764284070247976,3135.5904823143806,291849.1781539384,0.005371936460723021,733390.9902095038,ok,6271.180964628754,-0.102625|-0.120913
617,733399.4123059227,0.6187499478411789,3372.9298506229156,241716.73725537932,0.0069770299916371474,733387.645789559,ok,6745.8597012432065,-0.102625|-0.120913
618,733395.1688800461,0.5143196851450311,2108.5130629261475,162896.59562441177,0.006471937166163112,733388.3457980175,ok,4217.02612585088,-0.102804|-0.120955
619,733372.5764287289,0.5971839003948257,1842.1286118868916,146186.81147489726,0.006300597821723528,733366.7731729691,ok,3684.2572237737813,-0.102694|-0.120792
620,733372.5764287289,0.7416917863772543,971.5496747022896,13818.452948865131,0.03515406819770227,733355.4994669679,ok,1943.099349404579,-0.102694|-0.120792
621,733394.9482168586,0.45928461483601724,30569.72103443257,38618330.64844644,0.00039579288541389016,733388.8985778113,ok,61139.44206882211,-0.102522|-0.120746
622,733370.2308657428,0.5612617682858463,13109.001586616141,6256576.493209974,0.001047617782731726,733363.3642541548,ok,26218.00317323228,-0.102544|-0.121240
623,733352.955061345,0.6013580376910553,6440.867174855248,3090360.883565526,0.0010420898104664157,733349.5990803184,ok,12881.734349710494,-0.102522|-0.121241
624,733352.955061345,0.5761188603578458,5442.052364964201,2483744.981446812,0.0010955336408559422,733349.9740856244,ok,10884.1047299284,-0.102522|-0.121241
625,733356.3191709263,0.6621188771141642,6538.362680697233,1611738.0125751286,0.002028357781997916,733349.6881015139,ok,13076.725361394463,-0.102446|-0.121243
626,733356.3191709263,0.6184604645571232,6784.690476959325,1729388.1584714619,0.001961586947303966,733349.6647907859,ok,13569.380953912305,-0.102446|-0.121243
627,733353.0337412938,0.5836952837117299,7154.468006159068,1446677.9097933294,0.0024727231810642448,733344.1882318504,ok,14308.936012310489,-0.102459|-0.121244
628,733337.5287626967,0.4933693685500758,1921.2727381390027,21195.965168327326,0.04532166199748996,733293.9911258753,ok,3842.5454762780037,-0.102474|-0.121265
629,733417.0068361002,0.13553023810708356,52761.538810176986,11444850.914041797,0.002305033905921979,733356.1982681572,ok,105523.07762035397,-0.102382|-0.121098
630,733382.6958701891,0.22279727963786516,23845.418365504564,5478967.598286983,0.002176086820896688,733356.7510198671,ok,47690.836731006995,-0.102473|-0.121138
631,733382.6958701891,0.2015054288270173,26081.93359080227,6960670.2806142,0.001873521696857392,733358.2633359499,ok,52163.86718160453,-0.102473|-0.121138
632,733374.4362688571,0.3258928470515668,7528.42822139916,1565076.960587078,0.0024051303581183515,733365.3828432249,ok,15056.856442798316,-0.102596|-0.121196
633,733365.9974419874,0.7451800507704489,3618.9213763324246,155958.0288605687,0.011602228505875296,733345.0036656109,ok,7237.842752664848,-0.102653|-0.121194
634,733357.7790277642,0.9803062322117311,3932.070454338535,155762.91184153152,0.012621972740015624,733332.963784721,ok,7864.1409086747035,-0.102614|-0.121194
635,733366.0979489253,0.38001271196112046,11460.34106902649,3171790.7707707896,0.0018066042020548326,733355.7457987593,ok,22920.682138052973,-0.102713|-0.121196
636,733366.0979489253,0.3974832765573901,9765.415469373658,3557589.242784372,0.0013724765287589367,733359.3965471627,ok,19530.830938747316,-0.102713|-0.121196
637,733366.0979489253,0.41970209790135227,9094.921661383252,2804648.2390875006,0.0016214014888979995,733358.7246891637,ok,18189.843322766505,-0.102713|-0.121196
638,733347.0959849501,0.42615350342327235,8145.233699281186,4549255.317299752,0.0008952271450128081,733343.4500677951,ok,16290.467398562369,-0.102620|-0.121192
639,733347.0959849501,0.4762006507202903,7183.942992671368,2901271.0184464683,0.0012380682375061473,733342.6488791304,ok,14367.885985342646,-0.102620|-0.121192
640,733321.2727322024,1.1236906621640501,1450.0699760758887,36495.119167175326,0.019866628869376592,733306.8687311778,ok,2900.139952151014,-0.102650|-0.121184
641,733311.8257873253,1.1497005405208647,2580.599798276759,64330.28282963745,0.02005742618224474,733285.9456923453,ok,5161.199596553517,-0.102622|-0.121175
642,733330.0458315327,0.24206905155421254,19930.802856674865,3271702.839400437,0.0030459372129785674,733299.6918444798,ok,39861.60571334972,-0.102704|-0.121165
643,733286.9310197274,0.3111999367512566,14786.614889074244,2884717.767898744,0.002562922281968152,733267.9825473403,ok,29573.229778137396,-0.102589|-0.120639
644,733098.2504405408,0.4334466508909279,12247.69116780503,2772256.553362392,0.002208975059135517,733084.72301838,ok,24495.382335610033,-0.102645|-0.120639
645,733061.0445688771,0.7357680743652572,2932.0920129790966,108786.91609973052,0.013476308172441888,733041.2876810987,ok,5864.184025958163,-0.102654|-0.120639
646,733047.8650295819,0.5785816121711362,1482.8874681245456,5610.460314511698,0.1321538149275375,732949.8804115715,ok,2965.7749362490913,-0.102599|-0.120644
647,732923.3911879295,0.1499858108802476,21192.487747821775,2159170.4407523377,0.004907553231517355,732871.3895570643,ok,42384.975495643535,-0.102618|-0.120641
648,733044.7575049747,0.13650540167967273,43753.92009285643,5874205.779482568,0.0037242413472881875,732963.2824258169,ok,87507.84018571282,-0.102758|-0.120511
649,732884.0524419872,0.5300560813842219,10039.394627503012,3903266.8847062695,0.0012860246204069775,732877.5969876548,ok,20078.789255005966,-0.102597|-0.120492
650,732884.0524419872,0.4969998737656452,12000.883138541885,4904158.879866787,0.001223541430092072,732876.7106531283,ok,24001.76627708339,-0.102597|-0.120492
651,732868.0944716916,0.7518461560572101,5115.42696706982,777912.1657143155,0.0032879206628505385,732859.6849126795,ok,10230.853934134753,-0.102571|-0.120489
652,732852.3518012143,0.5914747886132861,8194.57493641147,3659714.6292962045,0.0011195647429465504,732847.7646226232,ok,16389.149872822825,-0.102588|-0.120463
653,732852.3518012143,0.6769348212149794,7659.396011318375,2188166.936394833,0.0017501854826345645,732845.6491193619,ok,15318.792022636746,-0.102588|-0.120463
654,732842.846822617,0.8925662274130285,3645.0033531099425,249535.84240353724,0.007303566730136146,732829.5360600065,ok,7290.006706219885,-0.102602|-0.120483
655,732671.3930388484,0.6373371861737402,7367.263637805358,2468458.695565936,0.0014922801120875726,732665.8960283448,ok,14734.52727560342,-0.102300|-0.120475
656,732671.3930388484,0.5580321654345768,9684.144798628153,5432128.2525891205,0.0008913766711981064,732667.0769284713,ok,19368.289597256306,-0.102300|-0.120475
657,732661.5684073846,0.6362799206233684,5313.535122064527,2562473.031132451,0.001036798252607615,732658.8138754198,ok,10627.070244123252,-0.102322|-0.120486
658,732654.1727046245,0.8543336459615319,2864.189878311044,120641.53422837448,0.011870662523609537,732637.1727889,ok,5728.379756622088,-0.102307|-0.120495
659,732634.5898668001,0.7460694184147328,2076.79722520266,13134.293694345686,0.07906010302239248,732552.4939655095,ok,4153.594450405292,-0.102408|-0.120496
660,732643.1658249563,0.29921118170692446,24451.182670439033,33332023.669168778,0.0003667821508997625,732638.6816962702,ok,48902.36534083573,-0.102360|-0.120491
661,732643.1658249563,0.30431865935178204,9697.35081280427,1541895.203881972,0.00314462059042327,732627.9185804371,ok,19394.70162560852,-0.102360|-0.120491
662,732643.1658249563,0.32015355568553006,8838.93558462123,1600108.2649746798,0.0027619804791024867,732630.9593411859,ok,17677.87116924195,-0.102360|-0.120491
663,732625.7177418895,0.2697348957911876,4619.01262509214,458652.2465712117,0.005035419165198593,732614.0884095412,ok,9238.025250184279,-0.102414|-0.120491
664,732606.9633496626,0.5906354015415141,2690.400318415368,57635.177736105456,0.023339915170678578,732575.566492059,ok,5380.800636829628,-0.102432|-0.120506
665,732587.4220401145,1.1523982128314574,984.9861333707244,208664.1425910005,0.0023602189651275663,732586.2596486384,ok,1969.9722667414485,-0.102365|-0.120491
666,732582.7490941352,0.5236024536066716,1788.6758421735753,18497.402277172358,0.04834937942559048,732539.5084106539,ok,3577.3516843471507,-0.102374|-0.120491
667,732414.8728284612,0.15034302331323812,51571.723812952085,36797830.995026395,0.0007007440713003238,732396.803538607,ok,103143.44762590411,-0.102341|-0.120426
668,732414.8728284612,0.14536819540306786,6477.72519058632,625282.1648952924,0.005179841641310095,732398.0960331197,ok,12955.45038117264,-0.102341|-0.120426
669,732377.7948016915,0.6701400810764102,4738.326287301467,1241662.2916718214,0.0019080575769606421,732373.2743020043,ok,9476.652574602931,-0.102432|-0.120309
670,732382.23788365,0.43322821251958216,12882.513927618935,8129880.632923582,0.0007922941620722334,732377.1345133611,ok,25765.027855226148,-0.102452|-0.120267
671,732382.23788365,0.441681199137173,12602.912665931555,5185632.847930205,0.0012151759520500844,732374.5805054513,ok,25205.82533186311,-0.102452|-0.120267
672,732368.537835227,0.46779785913374905,4665.197800965452,1277164.8718285605,0.0018263882384606028,732364.2776040301,ok,9330.3956019309,-0.102437|-0.120268
673,732368.537835227,0.5130974059228387,4628.376064156167,2404696.6087063155,0.0009623617481304953,732366.3107491869,ok,9256.752128312306,-0.102437|-0.120268
674,732368.537835227,0.4424992517384217,4014.423138930306,380947.00583709026,0.005269004713804011,732357.9618280058,ok,8028.846277860611,-0.102437|-0.120268
675,732371.0290507734,0.540016132963371,5464.918461652705,2229852.9691850618,0.0012253988350743041,732367.680698415,ok,10929.83692330541,-0.102473|-0.120300
676,732371.0290507734,0.5049807935318958,4454.468867586941,1128959.5026741,0.0019728204851617364,732366.6351170571,ok,8908.937735173882,-0.102473|-0.120300
677,732371.0290507734,0.47990081764582737,4751.542017716791,1736619.8646975372,0.001368043206895009,732367.7788933836,ok,9503.084035428674,-0.102473|-0.120300
678,732371.0290507734,0.4553906070361027,5534.5586890069835,1283515.4889954203,0.002156015543427046,732365.0627534937,ok,11069.117378009887,-0.102473|-0.120300
679,732371.0290507734,0.2282103739448525,11457.649096767444,6525628.0984542845,0.0008778962671410434,732365.9997370873,ok,22915.298193523053,-0.102473|-0.120300
680,732371.0290507734,0.44563815037164173,5598.060448343312,1943999.981817745,0.0014398303756949686,732366.9989220342,ok,11196.120896686623,-0.102473|-0.120300
681,732376.3127481242,0.5448941036755803,3885.8155608837824,443927.35249920154,0.004376634531537197,732367.8093508407,ok,7771.631121767565,-0.102415|-0.120352
682,732376.3127481242,0.5637874126398178,4046.312172173284,694888.9372116866,0.0029114812133932714,732370.4223671879,ok,8092.62434434284,-0.102415|-0.120352
683,732376.9165072219,0.47167234164386324,3246.5681238112575,411719.23714482883,0.003942696661838545,732370.5163905699,ok,6493.136247622515,-0.102462|-0.120341
684,732376.9165072219,0.39461962653415855,6398.506080471441,2040689.7020889767,0.001567731261132335,732371.9009382183,ok,12797.012160938211,-0.102462|-0.120341
685,732376.9165072219,0.4028557307281796,5386.716913986612,548813.7199822024,0.004907600446068749,732363.6985800569,ok,10773.433827967372,-0.102462|-0.120341
686,732366.5583558974,0.5469342096480313,1191.6134280670171,8063.137141605284,0.07389266777557126,732322.5326083188,ok,2383.2268561340343,-0.102433|-0.120367
687,732363.5018741364,0.14558869641386535,1300.521677849979,3667.428811821769,0.177307010521624,732248.2060687273,ok,2601.0433556999574,-0.102421|-0.120356
688,732580.1354484161,0.0715576759727879,48822.3482549198,2902739.0079584876,0.00840970340789557,732374.8447141657,ok,97644.69650983957,-0.102328|-0.119094
689,732358.0496226973,0.2784469323151384,18628.217938517977,3555820.104415123,0.002619398252935806,732333.6522619356,ok,37256.435877035954,-0.102539|-0.119122
690,732323.5138483726,0.4598122379917533,7870.994105844341,1477724.0979378491,0.0026632150469861875,732313.0327734039,ok,15741.98821168096,-0.102589|-0.119112
691,732307.3835024574,0.29843309448645394,19084.2495699605,8276568.515543546,0.0011529083299509895,732296.3823073074,ok,38168.49913991954,-0.102559|-0.119087
692,732290.4429307505,0.591148686447247,8513.4199332049,3855094.447618945,0.00110417786760881,732285.7427658165,ok,17026.83986640957,-0.102615|-0.119385
693,732290.4429307505,0.5026492386312982,6664.317882497527,2045545.304482242,0.0016289832026439436,732285.0148998067,ok,13328.635764989871,-0.102615|-0.119385
694,732268.8598686792,0.6436687643410768,5193.489549947471,368016.25743552524,0.007056059949820758,732250.5370818726,ok,10386.97909989125,-0.102553|-0.119385
695,732299.5990697567,0.21598872885348488,10576.914039680998,1403700.7606687187,0.003767510261461349,732279.6747536672,ok,21153.828079361992,-0.102609|-0.119386
696,732271.0957118494,0.5163701002692829,5168.304884202115,285393.66864054895,0.009054694360987305,732247.6970013039,ok,10336.60976840423,-0.102532|-0.119355
697,732271.0957118494,0.5731965148456818,4615.567872727416,382751.9752240675,0.006029450102805359,732257.181043757,ok,9231.135745451083,-0.102532|-0.119355
698,732257.0699499976,0.6192790029560746,3619.529847968076,277665.3400203875,0.006517791971627271,732245.2742787056,ok,7239.059695936151,-0.102511|-0.119361
699,732245.573923036,1.324729378185057,3870.7094815072173,443630.04588521365,0.004362542074651024,732237.1308565501,ok,7741.418963014434,-0.102379|-0.119357
700,732231.0382363405,0.7335395807564824,1865.1798793474481,80792.12215298726,0.011543080127388904,732220.2732759408,ok,3730.3597586948945,-0.102469|-0.119346
701,732228.6794543285,1.5016272583628998,554.1451797761332,11170.096367577653,0.024804852238544523,732221.806709677,ok,1108.290359552265,-0.102430|-0.119279
702,732214.4403416633,0.7572022345419218,2815.4464551304686,193813.92462394122,0.007263271874281745,732204.2156651377,ok,5630.892910260937,-0.102396|-0.119276
703,732214.4403416633,1.0467032740307196,1913.4481348640152,112278.30433762948,0.008521005666019545,732206.2880904638,ok,3826.896269727072,-0.102396|-0.119276
704,732214.4403416633,1.1819785176370765,2022.6100371550015,200645.2036762112,0.005040265105013335,732209.3430962677,ok,4045.2200743100016,-0.102396|-0.119276
705,732214.4403416633,1.1075407310445349,2064.5639913720124,169479.30386489155,0.006090902972488834,732208.1528121873,ok,4129.1279827424805,-0.102396|-0.119276
706,732242.5393268286,0.21883500787030244,27845.70440800105,9888252.729878165,0.0014080194534198632,732222.9356800782,ok,55691.40881597625,-0.102402|-0.119293
707,732064.5350153412,0.3855409511059649,4684.16218774429,910781.6120157172,0.0025715067838147443,732058.51233792,ok,9368.324375482865,-0.102311|-0.119296
708,732049.2894075679,0.2570111415201932,1479.3007121244323,13734.78691849178,0.053852335711622186,732009.4575082841,ok,2958.6014242483357,-0.102293|-0.119280
709,731887.0004687888,0.10434901710926481,57866.023132092785,10706497.862133635,0.0027023786805558192,731808.8125151685,ok,115732.04626418557,-0.102297|-0.117758
710,731757.2380672054,0.7318988969577943,2314.0364370239877,338274.60511559603,0.003420351989226666,731753.2806576401,ok,4628.0728740479735,-0.102399|-0.117962
711,731749.1186949125,0.3854592887918724,989.6140654965754,913.8371738276307,0.5414608279457221,731481.2000692872,ok,1979.22813099315,-0.102425|-0.117975
712,731642.9975882838,0.3212602019142874,29967.009414543994,14611372.354862574,0.0010254686790105365,731627.6324735048,ok,59934.01882904917,-0.102372|-0.117967
713,731641.7382793855,0.4151519984004056,12449.849454197785,1917904.7525190543,0.0032456902350978707,731621.5341019845,ok,24899.69890839557,-0.102541|-0.118011
714,731638.1102410584,0.7580878777897961,9644.244894129728,2753795.0629192144,0.0017510825376936651,731629.6663066467,ok,19288.489788259456,-0.102484|-0.118015
715,731625.9472981066,0.7025828464582258,8317.240723416433,2544869.730675166,0.0016341191502187088,731619.151616935,ok,16634.481446832768,-0.102437|-0.118014
716,731605.8991841064,0.3256619106600676,9637.390662405809,7113429.732075906,0.0006774081579065051,731602.6349605786,ok,19274.78132480328,-0.102436|-0.117978
717,731605.8991841064,0.6792495775442773,5123.753263177447,1167367.353028845,0.002194576218824085,731600.2769505751,ok,10247.506526354891,-0.102436|-0.117978
718,731592.5502239773,0.6667510047806892,4014.935264648235,490776.917758069,0.004090387220113128,731584.3389040293,ok,8029.870529293248,-0.102526|-0.117978
719,731592.5502239773,0.801808681843634,3025.6894917751506,299230.81327824236,0.005055778612214122,731584.9016158675,ok,6051.378983550301,-0.102526|-0.117978
720,731592.5502239773,0.34201471840772996,8009.483796061118,7073288.184459711,0.0005661782460425029,731590.2828262335,ok,16018.967592114717,-0.102526|-0.117978
721,731592.5502239773,0.6457430889255124,4997.131343627878,1333400.5223040953,0.0018738298283372925,731587.8683370934,ok,9994.262687255754,-0.102526|-0.117978
722,731592.5502239773,0.7952252991939974,3094.046086129083,377591.7730761938,0.0040970782558664735,731586.2119495063,ok,6188.092172258165,-0.102526|-0.117978
723,731583.6002839908,1.6303397749710662,2268.1666752510305,630428.4720365773,0.0017989088182548266,731581.5601714742,ok,4536.333350502061,-0.102516|-0.117986
724,731583.6002839908,0.8377810421513997,2094.2140400525054,243986.38214051284,0.004291661734724273,731579.1064548608,ok,4188.42808010501,-0.102516|-0.117986
725,731566.430404616,0.7717664394386589,2597.382016690141,252299.13495813962,0.005147425529463443,731559.7454893648,ok,5194.764033380282,-0.102576|-0.117981
726,731566.430404616,0.7362390478914229,2772.5122958290767,333933.14675561566,0.004151298430188635,731560.6756416454,ok,5545.024591655756,-0.102576|-0.117981
727,731566.430404616,0.8360271490576762,2935.984888625127,377943.89958295523,0.003884154357121334,731560.7284953673,ok,5871.969777250253,-0.102576|-0.117981
728,731566.430404616,0.8508529969160397,3047.4386743246077,475710.52837418695,0.0032030389202649064,731561.5498722756,ok,6094.877348646805,-0.102576|-0.117981
729,731556.8238504542,0.827487530708062,2182.890104047853,167950.5042972957,0.006498611341421859,731549.7309732605,ok,4365.780208094149,-0.102530|-0.117956
730,731556.8238504542,1.033634274132114,2032.971999889811,165450.14090956977,0.006143760255245036,731550.5788041677,ok,4065.943999779621,-0.102530|-0.117956
731,731548.6154357574,1.0456956417385825,1895.6313028770828,667454.8854694192,0.0014200445184725035,731547.2694953372,ok,3791.262605754165,-0.102523|-0.117956
732,731544.9351023096,1.2188225127822783,509.81784469954954,14844.073369111342,0.01717243751167441,731540.5576947693,ok,1019.6356893990991,-0.102517|-0.118007
733,731537.0552878779,0.9722848059992827,3226.7449120039228,947453.3144307814,0.0017028516671254205,731534.3079539016,ok,6453.489824005033,-0.102418|-0.117477
734,731527.4454687972,0.39344275711441595,554.9534609414683,931.3007378957427,0.29794535661776433,731444.7725653839,ok,1109.9069218829363,-0.102418|-0.117476
735,731450.9130912105,0.4685042320334613,11456.14883809616,2350742.5581571134,0.0024367085196852255,731436.9554434723,ok,22912.29767619232,-0.102535|-0.116971
736,731409.6321274356,0.9554899409665255,4642.964548699591,1984637.660282437,0.0011697260012789549,731406.9166292578,ok,9285.929097399181,-0.102616|-0.116907
737,731400.0150891427,0.6494758483046232,853.8777148950702,3452.299329834023,0.12366797217090128,731347.2164264013,ok,1707.7554297901402,-0.102566|-0.116914
738,731379.7320178067,0.7094981178067016,562.221472824332,1146.5684716995947,0.24517570764480087,731310.8104940803,ok,1124.4429456486637,-0.102605|-0.116914
739,731378.7430914907,0.3855145629159557,18747.471930479944,12843080.174127376,0.0007298666548951036,731371.9015141779,ok,37494.94386095989,-0.102615|-0.116889
740,731361.9912285572,0.6569760321169514,6172.861014498574,2057143.451451373,0.0015003477297957626,731357.3605095525,ok,12345.722028992011,-0.102594|-0.116916
741,731338.1757889973,1.304057071110759,2127.5434693822276,309335.4431136645,0.003438893791101182,731334.5175909838,ok,4255.086938764455,-0.102363|-0.116930
742,731338.1757889973,1.4912297089731938,1795.0813255514918,241688.15247372456,0.00371363119618916,731334.8426539921,ok,3590.1626511029835,-0.102363|-0.116930
743,731338.1757889973,0.935441842164791,2007.3749259943881,42930.18836092698,0.023379526187001377,731314.7100516725,ok,4014.749851988775,-0.102363|-0.116930
744,731199.9341468873,0.35855505767954926,7341.60752402607,6680277.806594949,0.0005494986688112161,731197.9170451066,ok,14683.215048045986,-0.102393|-0.116903
745,731199.9341468873,1.320772190092801,3048.395755510436,853496.426414663,0.0017858280721314952,731197.2121915297,ok,6096.7915110208705,-0.102393|-0.116903
746,731199.9341468873,1.2564267077570659,2908.227901789097,838904.7165359615,0.0017333481648534928,731197.4136611391,ok,5816.455803576686,-0.102393|-0.116903
747,731199.9341468873,0.9904536948397251,3971.3908077955157,1827062.5580398538,0.001086823981565301,731197.7760455022,ok,7942.781615587013,-0.102393|-0.116903
748,731199.9341468873,1.1327024942122763,3460.332751912987,1287576.2681929711,0.001343738944788621,731197.6092549469,ok,6920.6655038230765,-0.102393|-0.116903
749,731191.6885391142,1.292792295917325,1267.66912623104,188157.36716716964,0.0033686406897497963,731189.5533782142,ok,2535.3382524620797,-0.102375|-0.116888
750,731198.8893071075,0.734632750085664,5705.947424526831,2462360.6657612007,0.0011586335632848743,731195.5837560093,ok,11411.894849053659,-0.102136|-0.116888
751,731184.3689940235,1.1735538305905993,699.4693008804909,7092.845306533435,0.049308089395111186,731167.124246615,ok,1398.9386017609813,-0.102146|-0.116889
752,731167.5888203317,0.6658487778925534,1168.5036555163124,4948.568513085092,0.11806481535281714,731098.609236168,ok,2337.0073110326243,-0.101973|-0.116868
753,731201.7413840131,0.30586038018476064,15416.581885204356,3517130.7993148654,0.0021916418189803313,731184.8475712305,ok,30833.163770408708,-0.101999|-0.116839
754,731194.3350531207,0.20747530328537223,7664.473132088126,1365872.4436569354,0.002805706040736701,731183.5829238379,ok,15328.946264176251,-0.101955|-0.116845
755,731175.6055284115,0.6457644754159392,1413.95426735353,27482.194609254115,0.025724915485414095,731157.4186013974,ok,2827.9085347065115,-0.101941|-0.116862
756,731175.6055284115,1.0450099133041617,1114.1490341937217,47317.85302659301,0.011773030293318266,731169.047073246,ok,2228.2980683874434,-0.101941|-0.116862
757,731183.9010489063,0.4128096465907693,6036.798020396286,1623840.8708248544,0.001858802216663571,731178.2904421354,ok,12073.596040792572,-0.101919|-0.116862
758,731166.8221043395,0.3823040649367776,358.90806848270995,165.17748082094437,1.0,730973.0915166776,ok,717.8161369653093,-0.101933|-0.116869
759,730980.3301265568,0.17805328691016895,71476.03180818721,67782286.71932985,0.0005272471265549971,730961.4873603627,ok,142952.06361637436,-0.102011|-0.116859
760,730980.3301265568,0.14641938692756426,39229.82628725667,10400495.512020422,0.0018859594834648317,730943.3371950963,ok,78459.65257451333,-0.102011|-0.116859
761,730980.3301265568,0.16356726396330754,39640.539787453985,10589703.024836568,0.0018716549318938886,730943.2334206587,ok,79281.07957490796,-0.102011|-0.116859
762,730919.261255375,0.40353228026774135,18622.092752649463,4891989.637138837,0.0019033250409276122,730901.5393076497,ok,37244.18550527724,-0.102048|-0.116878
763,730894.2893901519,0.49949294377895415,9594.33099922004,1713250.7173611287,0.0028000370587901793,730880.8571489757,ok,19188.661998440075,-0.102181|-0.116906
764,730889.0799070472,0.39084646986264526,19258.515736121844,6057334.904774855,0.0015896855662496726,730873.7724148006,ok,38517.03147221924,-0.102236|-0.116899
765,730889.0799070472,0.4071747955106871,17360.761864408858,4752481.1101517705,0.0018264945679978138,730873.2252384265,ok,34721.52372881748,-0.102236|-0.116899
766,730868.6655173167,0.4374923031309916,7242.441466484979,988179.257514328,0.0036645382967775805,730855.3954152586,ok,14484.882932964949,-0.102240|-0.116910
767,730868.6655173167,0.3858379838701991,9797.358166572685,1877719.8138336278,0.002608844539636083,730855.8856251389,ok,19594.716333145363,-0.102240|-0.116910
768,730868.6655173167,0.486942048495849,8547.6642496714,3646663.946030563,0.0011719840895917531,730863.6566540648,ok,17095.328499342795,-0.102240|-0.116910
769,730864.4877225927,0.42585745760600874,7199.553731621767,1117362.2203238374,0.0032216740465482938,730852.8904148907,ok,14399.107463243534,-0.102238|-0.116910
770,730848.7110315922,0.9253004239244188,1174.9368752067187,22415.06698656879,0.026208640730602015,730833.3142823705,ok,2349.8737504134365,-0.102160|-0.116910
771,730824.1303759966,1.106793327376078,1907.9488454020106,662988.2379940478,0.0014389009759620652,730822.7577012687,ok,3815.897690804021,-0.102113|-0.116865
772,730820.4891580085,1.119917624804763,672.4261178128074,35946.31428743356,0.009353199780594477,730817.3444900997,ok,1344.8522356256149,-0.102152|-0.116932
773,730820.4891580085,0.5937599148811517,1354.7267850733117,8745.972106180965,0.07744861112213572,730768.0283040315,ok,2709.4535701460277,-0.102152|-0.116932
774,730863.0744023189,0.18247194073718673,48897.816021437146,18384988.045214266,0.0013298299651101915,730830.561511832,ok,97795.63204278985,-0.102059|-0.116898
775,730824.7777479099,0.423237330066086,15075.412982604104,7235055.797427185,0.0010418311485562407,730816.9247304986,ok,30150.825965208205,-0.102112|-0.116936
776,730814.3959723233,0.879403789594428,1840.0198554377407,57763.997911394195,0.015927047312931823,730799.7429306761,ok,3680.039710875481,-0.102162|-0.116937
777,730807.7654120481,0.858635747881415,248.51769760098733,5802.616455776749,0.021414279187242983,730805.1044983685,ok,497.0353952019746,-0.102093|-0.116937
778,730807.7654120481,0.4119672502776346,719.1828117587874,1900.7084563943731,0.1891880917715994,730739.7350001524,ok,1438.3656235175747,-0.102093|-0.116937
779,730837.7281427762,0.2634513034031963,26777.063714170876,8226674.114969022,0.0016274537765783195,730815.9389260425,ok,53554.12742831195,-0.101896|-0.116848
780,730837.7281427762,0.23566198323946233,36299.92820479304,14721082.791540997,0.0012329231727998854,730815.3506314489,ok,72599.85640953474,-0.101896|-0.116848
781,730806.6315234738,0.25192549029060934,15216.491657161858,6558170.808140874,0.0011601170587287179,730797.805067701,ok,30432.983314323712,-0.101942|-0.116869
782,730784.8670996617,1.0470544948138778,1126.0894138917208,56554.05645076215,0.009955867753466383,730779.2615010202,ok,2252.1788277834416,-0.101948|-0.116863
783,730784.8670996617,1.1584157185143715,1494.5415433795633,115070.214979204,0.006494041675552894,730780.0142921275,ok,2989.0830867591267,-0.101948|-0.116863
784,730778.7160678062,0.7462561547515476,723.033407168736,2786.5268599614733,0.12973738339969432,730731.813836628,ok,1446.0668143374712,-0.101977|-0.116706
785,730721.729460289,0.25915982461097736,21472.795109398536,10443289.40793281,0.0010280666498185724,730710.6917280238,ok,42945.590218771606,-0.101997|-0.116705
786,730721.729460289,0.2801194028733437,25024.81914871054,13578898.981983399,0.0009214598025183664,730710.1997778337,ok,50049.63829742068,-0.101997|-0.116705
787,730704.4319912947,0.45855694483232484,8617.007802258526,3890109.499465346,0.0011075533739400962,730699.6600932623,ok,17234.01560451705,-0.101979|-0.116724
788,730695.5398475011,1.118287087689004,2172.10942602085,194479.01839455654,0.005584431276833428,730689.4748495935,ok,4344.218852041699,-0.101971|-0.116722
789,730673.8087960407,0.8485785178185054,1772.7107822514772,117364.11311941076,0.007552184118018483,730667.1148769329,ok,3545.4215645018735,-0.101955|-0.116719
790,730691.932801536,0.5488662960982424,3637.407875932197,485396.28052979376,0.0037468435810448404,730685.1184023602,ok,7274.815751864393,-0.101945|-0.116723
791,730691.932801536,0.6043186335045664,5191.749288446318,1445808.825889125,0.0017954480549160995,730687.2720434553,ok,10383.498576892636,-0.101945|-0.116723
792,730691.932801536,0.450004804094456,5196.450513499039,724170.9523885018,0.003587861744771597,730682.6107285331,ok,10392.901026992267,-0.101945|-0.116723
793,730682.9979412955,0.49667965572156597,3076.633930067533,872361.1372119485,0.0017633946532169024,730680.2852813845,ok,6153.267860135066,-0.101959|-0.116744
794,730682.9979412955,0.36036563077950823,5169.366360799008,1353461.9631169501,0.0019096829100738952,730678.062015998,ok,10338.732721594224,-0.101959|-0.116744
795,730682.9979412955,0.41218885873797434,4958.667054087813,914618.3001934274,0.0027107849542476535,730676.2770012738,ok,9917.334108175626,-0.101959|-0.116744
796,730684.7915055156,0.5880502383585209,2774.8163117049935,216248.6526750963,0.006415800231306014,730675.8901719484,ok,5549.632623408369,-0.101930|-0.116745
797,730684.7915055156,0.8539661789844699,1968.5644730897359,206944.35343194962,0.004756265248225454,730680.1099981195,ok,3937.1289461794713,-0.101930|-0.116745
798,730666.1297492827,1.111759597309594,1233.8305638894276,180466.92988133818,0.003418439502186645,730664.0208617134,ok,2467.6611277788234,-0.101933|-0.116746
799,730666.1297492827,1.5296550195629264,570.8434447166435,183152.72951637968,0.001558380937657803,730665.6849535113,ok,1141.6868894332868,-0.101933|-0.116746
800,730666.1297492827,1.1717600062547417,886.5314952106928,309094.30025378143,0.0014340793319106942,730665.4940710355,ok,1773.0629904213854,-0.101933|-0.116746
801,730666.1297492827,1.4231219606125247,921.4488254035357,167434.52814562325,0.0027516690721107466,730664.8619881655,ok,1842.8976508070712,-0.101933|-0.116746
802,730680.6481302888,0.5064805844361594,10926.280431120058,5317932.92292949,0.0010273052132727068,730675.0358178645,ok,21852.56086224002,-0.101818|-0.116736
803,730663.3297516734,0.631757856910686,506.58629261382566,854.5901682383118,0.29639136479777434,730588.2558503455,ok,1013.1725852276513,-0.101916|-0.116737
804,730503.5719299365,0.14808235712339493,76251.78402753333,72676116.34802423,0.0005246000189552389,730483.5710862634,ok,152503.56805506666,-0.101931|-0.116543
805,730454.4267253825,0.5524360103299543,9269.110935562492,2706008.411315293,0.0017126907101994394,730446.4891652869,ok,18538.221871124984,-0.101992|-0.117025
806,730449.0075176595,0.7116951457366235,6919.6280909952975,2850040.697108714,0.0012139525056633516,730444.8074677298,ok,13839.25618198107,-0.102091|-0.117054
807,730449.0075176595,0.7971690437595921,5882.250528389148,2501233.3576714923,0.0011758699983645652,730445.5491366999,ok,11764.501056778296,-0.102091|-0.117054
808,730438.4421069823,0.6384548772793781,353.8573311890004,207.61455584104817,0.8521977896865699,730287.6638892306,ok,707.7146623780006,-0.102056|-0.117057
809,730427.7359440038,0.20485953059237796,61837.49334734179,27845859.045622744,0.001110353486420136,730393.405205839,ok,123674.98669468354,-0.102099|-0.117062
810,730354.5056674869,0.40934991443461327,23047.117177381344,9481027.084423028,0.0012154335691776945,730340.4995475418,ok,46094.23435473533,-0.102193|-0.117231
811,730266.0417083687,0.43503775522973515,24949.927003958608,10761054.386441326,0.0011592696267474925,730251.579862086,ok,49899.854007917165,-0.102201|-0.117231
812,730243.0503715973,0.4815265862416635,15524.684924591093,5762623.36013514,0.0013470154089878798,730232.5943766908,ok,31049.369849182185,-0.102032|-0.117252
813,730243.0503715973,0.4532399849714906,15663.067939171431,5542058.818068007,0.001413109139883837,730231.9835593656,ok,31326.135878342862,-0.102032|-0.117252
814,730222.6678986221,0.8063839893641027,6997.246676382903,3268296.9524625815,0.0010704729065562188,730218.9227171284,ok,13994.493352760664,-0.102070|-0.117216
815,730222.6678986221,0.7351182382904377,5976.915039085968,2605645.8975263787,0.001146916210825124,730219.2403882477,ok,11953.830078171934,-0.102070|-0.117216
816,730222.6678986221,0.6864649135194649,6605.775351359663,3041983.9650707818,0.001085767615347367,730219.0817301467,ok,13211.550702719323,-0.102070|-0.117216
817,730222.6678986221,0.9320988453932695,4729.923708177519,993437.7020839861,0.0023805839552169757,730217.0379083776,ok,9459.847416355036,-0.102070|-0.117216
818,730222.6678986221,0.7962183337602279,7095.294389984458,2848616.5779392896,0.0012453930172514208,730218.2496835778,ok,14190.588779962447,-0.102070|-0.117216
819,730210.6455405196,1.1239689019916814,4179.483549259208,1241219.8145741771,0.0016836194122042177,730207.1272107014,ok,8358.967098515484,-0.102107|-0.117238
820,730201.5485514913,1.5664612664124928,2804.603899202796,810289.6829078844,0.0017306180483120073,730199.1217024282,ok,5609.207798405592,-0.102090|-0.117274
821,730197.9886752464,1.9061982339466512,2302.8854994024655,231018.71516365788,0.004984196838275764,730192.2496579338,ok,4605.770998804931,-0.102114|-0.117273
822,730192.4531226985,1.3129220599556484,2554.3097162066865,641160.6420759248,0.00199194207237709,730189.9091042037,ok,5108.619432413373,-0.102095|-0.117294
823,730180.3769527066,1.6236055181659261,1046.1339457835486,105312.66698687576,0.004966800175680289,730177.7789835738,ok,2092.267891566196,-0.102095|-0.117297
824,730173.9851434864,1.290685858284467,1609.536906316938,115067.18990119694,0.006993900292946128,730168.356673166,ok,3219.073812632637,-0.102070|-0.117292
825,730182.9520778803,0.5396724471672137,4092.9042931499307,955619.1612159712,0.0021414934208424316,730178.5696140723,ok,8185.808586295729,-0.102174|-0.117293
826,730182.9520778803,0.5424136918578886,4296.689844230074,1204682.1097409138,0.001783329315463208,730179.1208714009,ok,8593.379688460136,-0.102174|-0.117293
827,730182.9520778803,0.5577982941783005,4166.257836541181,1062450.1669897642,0.0019606838824005376,730178.8677205853,ok,8332.515673082362,-0.102174|-0.117293
828,730182.9520778803,0.5274682746930612,4659.002508014963,904518.4297509787,0.002575404963997043,730176.952668787,ok,9318.00501602625,-0.102174|-0.117293
829,730182.9520778803,0.5637112248040729,3522.1192648029046,827146.3764023127,0.002129078579853316,730179.202643539,ok,7044.238529605803,-0.102174|-0.117293
830,730172.2651594132,1.1825381182530745,1764.1920800107623,51850.39444233047,0.017012330368797374,730157.2586501637,ok,3528.3841600215246,-0.102070|-0.117292
831,730162.8442874502,1.24354244481105,1191.0195952652016,41677.077148332595,0.01428866509791764,730154.3352473893,ok,2382.0391905303904,-0.102105|-0.117287
832,730159.569558628,1.0376944437001911,1310.5526309765323,24462.14577188123,0.026787360422056424,730142.0164357891,ok,2621.1052619530647,-0.102101|-0.117288
833,730156.0076472391,1.518452414175214,923.9621529156938,161563.9017793853,0.002859432530223736,730154.6866435208,ok,1847.9243058313825,-0.102044|-0.117288
834,730152.647386644,1.2672289551559728,1047.3735680441432,33485.987652358825,0.015638982772699612,730144.4574580503,ok,2094.7471360875247,-0.102014|-0.117263
835,730141.7444171768,0.21518020675668004,568.383634980272,925.6564145111212,0.3070165269045641,730054.4928323963,ok,1136.7672699601248,-0.102005|-0.117263
836,730062.6521442115,1.199315347052521,4803.304738137595,2145558.444239656,0.0011193600321243622,730059.9638305384,ok,9606.609476275189,-0.101983|-0.117233
837,730052.3587084637,1.5531039696366382,2936.1461533064444,2768122.8677075426,0.0005303496798424364,730051.5801163776,ok,5872.292306612888,-0.101969|-0.117217
838,730052.3587084637,1.6662692987879366,3832.2378871890733,3581664.1181960674,0.0005349800764008002,730051.333623005,ok,7664.4757743778755,-0.101969|-0.117217
839,730052.3587084637,1.746296074930523,3066.4011890269658,1863338.608164475,0.0008228244656100362,730051.0971535038,ok,6132.802378050799,-0.101969|-0.117217
840,730052.3587084637,2.1347898970833112,2114.8804166439186,1657071.734252805,0.000638137858768542,730051.6839158335,ok,4229.760833285869,-0.101969|-0.117217
841,730052.3587084637,1.6866623158103542,3100.4611566199646,2386290.9573802594,0.0006496402182288245,730051.3516163325,ok,6200.922313236315,-0.101969|-0.117217
842,730052.3587084637,1.7678083445028778,3334.2927236430983,3012864.8351864317,0.0005533425669653012,730051.4362054165,ok,6668.585447282507,-0.101969|-0.117217
843,730052.3587084637,1.5705483885228315,3809.2330794372947,1824182.7337326398,0.0010440930639779842,730050.3701115451,ok,7618.466158874589,-0.101969|-0.117217
844,730052.3587084637,1.6620691528708142,2257.2238016987403,1712250.7103024248,0.0006591393970863239,730051.6147958959,ok,4514.447603397478,-0.101969|-0.117217
845,730044.5889278954,0.7585603920742422,1339.7792971079602,112919.34888609886,0.005932461134093982,730040.6148335912,ok,2679.5585942159205,-0.101914|-0.117248
846,730044.5889278954,1.2287117167762867,1205.5282874403174,85045.24467673813,0.00708757022231284,730040.3167946993,ok,2411.056574880635,-0.101914|-0.117248
847,730059.734424486,0.41226332548747446,10578.801668568556,4062058.2613148857,0.0013021479491463774,730052.8468420374,ok,21157.60333713711,-0.102010|-0.117234
848,730040.3762731615,0.5977088687178954,477.33155456965613,817.1411778893889,0.2920741038914266,729970.6681801315,ok,954.663109139312,-0.101981|-0.117260
849,729847.0590544391,0.34723658714565064,18770.506909899534,4652175.658655197,0.0020173901725935167,729828.1253363517,ok,37541.01381979906,-0.102029|-0.117247
850,729832.7957319224,0.4353564279483513,18787.796749216985,15401020.674074993,0.0006099529747675443,729827.065895664,ok,37575.593498412396,-0.102019|-0.117277
851,729823.133113218,0.6367854886730208,7918.502121153647,3864263.3766551977,0.0010245810584484137,729819.0765395757,ok,15837.004242297686,-0.102003|-0.116914
852,729823.133113218,0.5218918545481475,10548.999043291513,6378198.507587439,0.000826957567308585,729818.7713259249,ok,21097.998086569263,-0.102003|-0.116914
853,729803.415593942,0.8768632874590796,2036.138251160496,183979.95592992526,0.00553358718037748,729797.78201968,ok,4072.2765023209913,-0.102043|-0.116918
854,729837.3812650697,0.1796984070371833,36222.9821804795,17279986.959135365,0.0010481194883463032,729818.398258295,ok,72445.96436095898,-0.102027|-0.116897
855,729809.4253271152,0.5218943233948935,6998.018868564028,2729443.5815915274,0.001281949719672079,729804.9397729519,ok,13996.0377371279,-0.101941|-0.116917
856,729797.7453211078,1.0705062712102509,1891.6608525473314,86306.52470942662,0.010958967812202496,729787.3799959105,ok,3783.321705094614,-0.101936|-0.116918
857,729723.106934353,0.29630659089619193,12745.507069866277,3549816.550619887,0.0017952346111576654,729711.6663466387,ok,25491.01413973255,-0.102084|-0.116913
858,729703.4955531582,0.27641997594068,4641.585881155616,791879.6845539431,0.00293073933559122,729696.6939139975,ok,9283.171762304786,-0.102050|-0.116926
859,729703.4955531582,0.3327932191163436,4711.686564479166,1085116.0300826144,0.002171051958434549,729698.3808949866,ok,9423.37312895833,-0.102050|-0.116926
860,729703.4955531582,0.30191708239788606,3588.559041995844,472688.4086463106,0.0037959033650442073,729696.6846414866,ok,7177.118083991688,-0.102050|-0.116926
861,729682.7411609314,1.185875407971288,1153.9554637677218,493910.437534951,0.0011681829093620475,729682.0671454059,ok,2307.910927533853,-0.102068|-0.116942
862,729682.7411609314,0.9175319789765133,1042.6555902450486,73176.76166558663,0.007124226096598272,729679.0271038485,ok,2085.311180490097,-0.102068|-0.116942
863,729682.7411609314,0.6838271323559905,1105.4926981872372,74661.33919200143,0.007403381121682788,729678.6489690454,ok,2210.9853963744736,-0.102068|-0.116942
864,729679.2311065509,0.8415651592603131,664.950790630316,30906.68321733194,0.010757394864315671,729675.6545374407,ok,1329.901581260607,-0.102026|-0.116940
865,729679.2311065509,1.1267698596930984,1682.4971918553256,498117.50573746883,0.0016888557142399248,729677.8103590525,ok,3364.9943837082565,-0.102026|-0.116940
866,729679.2311065509,0.7657391972393968,1112.87992195862,45043.96657736065,0.012353262895345897,729672.3572574275,ok,2225.7598439172384,-0.102026|-0.116940
867,729679.2311065509,0.6988060099309343,1327.4227234879136,50821.06512691485,0.013059768820005606,729670.5631896034,ok,2654.8454469739313,-0.102026|-0.116940
868,729682.6971454388,0.37430993703896914,3947.655587108748,652260.4905177184,0.0030261342243613266,729676.7240775997,ok,7895.311174217388,-0.102121|-0.116951
869,729666.5286022522,1.1770332623902016,841.4050361499249,76046.64702070769,0.005532163935648656,729664.2012069542,ok,1682.8100722998497,-0.102132|-0.116947
870,729655.4438877584,1.3462034707705215,385.4275803564605,33441.82791728829,0.005762657192509617,729654.3333442493,ok,770.8551607124764,-0.102172|-0.116948
871,729655.4438877584,1.3064701839766513,566.5398052025503,55150.85062579435,0.005136274407140119,729653.9889358074,ok,1133.0796104045558,-0.102172|-0.116948
872,729655.4971626807,0.870669805071838,4045.85860178614,4782974.4782525,0.00042294377904189946,729654.6415773175,ok,8091.717203565583,-0.102146|-0.116451
873,729649.0268768271,1.2884177254188183,696.3273176095665,58566.45407729559,0.005944762480331819,729646.9571265712,ok,1392.6546352185344,-0.102174|-0.116599
874,729649.0268768271,1.1670724889651338,752.7589294545711,44558.46144491729,0.008446868507624798,729645.8476489795,ok,1505.5178589091347,-0.102174|-0.116599
875,729649.0268768271,1.0267028671478984,703.1273502177817,23079.99365539017,0.01523239912272617,729643.6717186108,ok,1406.2547004351472,-0.102174|-0.116599
876,729649.0268768271,1.51106787418813,510.91800835981553,30874.705940873053,0.008274054647488056,729646.9131950663,ok,1021.8360167196311,-0.102174|-0.116599
877,729649.0268768271,1.2100937562406726,678.451260286046,24214.581020928807,0.014009147209684457,729644.2746150371,ok,1356.9025205720918,-0.102174|-0.116599
878,729649.0268768271,1.0533622986243163,533.6234919186875,11195.15350229546,0.023832790314544283,729642.6680084321,ok,1067.246983837375,-0.102174|-0.116599
879,729649.0268768271,0.9068776776815918,459.5319762271291,7186.195390755763,0.03197324531547428,729641.6805125241,ok,919.0639524542582,-0.102174|-0.116599
880,729649.0268768271,1.542708756031303,542.2256836653296,88505.21281561899,0.003063241510954483,729648.1963927158,ok,1084.451367330659,-0.102174|-0.116599
881,729649.0268768271,0.8837435600931846,658.8628375796847,9752.03929105708,0.03378077230389556,729637.8984290792,ok,1317.725675159084,-0.102174|-0.116599
882,729570.4786812074,0.5652994342516612,454.09920438028234,2277.4227779651947,0.09969585111158097,729547.8427778726,ok,908.1984087603305,-0.102390|-0.116598
883,729563.5725251241,0.463387505050278,476.5589117291605,1192.399279966809,0.19983193538259506,729515.9566802968,ok,953.1178234580997,-0.102425|-0.116598
884,729495.5828495227,0.6260588525186703,9427.553915428147,5460654.779123137,0.0008632255926039339,729491.5137966151,ok,18855.107830843677,-0.102399|-0.116584
885,729496.6361244449,0.6699312369815258,9230.306426125087,4879860.140342077,0.0009457552225541903,729492.2713191907,ok,18460.612852238315,-0.102373|-0.116087
886,729496.6361244449,0.6968662917545864,7499.594081739043,3453202.2124017165,0.0010858897945224938,729492.5642581068,ok,14999.18816347808,-0.102373|-0.116087
887,729487.5793741086,0.6401907517971158,6858.885384943322,3154847.5534424237,0.0010870391150056083,729483.8514357592,ok,13717.770769877485,-0.102413|-0.116060
888,729475.0910953552,1.1704426857028305,616.4529709962892,11286.257280383365,0.027309893602538445,729466.6734628307,ok,1232.9059419922778,-0.102444|-0.116064
889,729469.1234671988,0.6160486820457753,479.239185339823,839.5834224927803,0.28540295847965247,729400.7353265411,ok,958.4783706796392,-0.102452|-0.116061
890,729413.8334202777,0.24805103083145075,29537.66394805703,10798485.245529065,0.0013676762655339375,729393.6344393172,ok,59075.32789607432,-0.102626|-0.116061
891,729385.3460032231,0.7517397837849658,7050.613413617902,3592747.8137408467,0.0009812285441594426,729381.8868716555,ok,14101.226827235803,-0.102620|-0.116062
892,729385.3460032231,0.64270148545672,7416.65257103318,3115980.0503385384,0.0011900994953782504,729380.9327259819,ok,14833.305142066014,-0.102620|-0.116062
893,729385.3460032231,0.5462778389309736,7360.329542314968,2581324.3718658662,0.0014256886159941767,729380.0992342038,ok,14720.659084622443,-0.102620|-0.116062
894,729385.3460032231,0.5879373441623109,8997.688497628398,3877870.758885556,0.0011601325904185373,729380.1267473908,ok,17995.376995256393,-0.102620|-0.116062
895,729385.3460032231,0.5987023748777329,8330.381792834185,3549484.982992902,0.00117346345071871,729380.458303941,ok,16660.76358565797,-0.102620|-0.116062
896,729371.9871971537,0.682616260696459,265.1963374737313,511.3572234485881,0.2593063374418081,729337.603651667,ok,530.3926749474626,-0.102711|-0.116053
897,729271.026607051,0.20830897338227145,24477.475569193986,8670983.223841788,0.0014114590547177263,729253.7521297866,ok,48954.9511383546,-0.102834|-0.116048
898,729227.3476700174,0.6494143880358517,4133.568795439473,1543023.4013097966,0.0013394381420044213,729224.5793401639,ok,8267.137590878945,-0.102794|-0.115524
899,729221.2245356877,0.4992057249748001,233.26641305523157,158.64448025501042,0.7351860357204718,729135.4774309472,ok,466.53282611046313,-0.102800|-0.115524
900,729129.2585332091,0.14467050599326414,45844.59407711497,8804139.81153852,0.002603581670581379,729069.578460792,ok,91689.18815417559,-0.102288|-0.115421
901,729114.3057273055,0.27895814404145797,23475.387217931588,4660927.675023575,0.0025183170448802175,729084.7464934224,ok,46950.774435863175,-0.102319|-0.115437
902,729080.8404683683,0.5355698430713671,8742.367554691642,2079263.1152936053,0.002102275438444731,729071.6510360761,ok,17484.735109374615,-0.102397|-0.115436
903,729068.1197012372,0.45630138391429637,8805.358541614081,1732695.749769656,0.0025409419232385903,729056.9327489034,ok,17610.71708322815,-0.102407|-0.115437
904,729068.1197012372,0.5900945287475721,7759.424809529687,1430713.6459867812,0.002711732299225368,729057.5989597974,ok,15518.849619050812,-0.102407|-0.115437
905,729009.0239670966,0.7042009753218388,2425.7312332374586,746108.3217280434,0.0016255891822914408,729007.0523458706,ok,4851.462466474916,-0.102488|-0.115447
906,729009.0239670966,0.6579334605151418,2028.9184037624893,651514.1655053487,0.0015570792710153534,729007.444373702,ok,4057.836807522555,-0.102488|-0.115447
907,729009.0239670966,0.7554964404965033,2215.014996347279,613063.6829113057,0.0018065129758042884,729007.0232404304,ok,4430.029992694558,-0.102488|-0.115447
908,729009.0239670966,0.8040763584831854,2283.9240540240203,735245.755870442,0.0015531705118924015,729007.2503053505,ok,4567.848108048038,-0.102488|-0.115447
909,728987.2098134453,0.2876936464874794,11598.37147142178,2375096.1221958376,0.0024416635947977525,728973.050152755,ok,23196.742942837125,-0.102417|-0.115447
910,728957.6682592155,1.0182571915953207,1715.2409711597002,675610.4144953744,0.0012694009257101554,728956.5795949773,ok,3430.4819423193994,-0.102493|-0.115523
911,728950.4812652544,1.2849880039935206,589.7516448596357,13249.816695626747,0.02225508693468529,728943.9187781913,ok,1179.5032897192714,-0.102483|-0.115547
912,728929.5920374169,0.8662726291203412,2874.756591813238,666351.146844889,0.0021570883500575816,728926.4914854402,ok,5749.513183626476,-0.102462|-0.115519
913,728929.5920374169,0.9944250979546009,3366.3486529742186,697513.2081162047,0.0024131074607646637,728925.5303568918,ok,6732.697305946261,-0.102462|-0.115519
914,728923.5352870806,0.8101553549438762,2121.786253967467,320972.7013131456,0.003305244099088386,728920.0287763329,ok,4243.572507934934,-0.102502|-0.115492
915,728923.5352870806,0.7513405472092142,1592.4250693794122,172586.073126832,0.004613422857733002,728919.8620219735,ok,3184.850138758821,-0.102502|-0.115492
916,728921.2896793075,1.314426745264568,2308.753251432198,546648.440540476,0.0021117349654830387,728918.8519418236,ok,4617.506502864392,-0.102485|-0.115477
917,728921.2896793075,0.6504067515138219,1357.8114822174507,168568.29286215713,0.004027481856649548,728918.5553987528,ok,2715.622964432695,-0.102485|-0.115477
918,728909.4639842731,1.527766446743598,265.6895684308718,12634.315455406359,0.010514600864947552,728908.0671743902,ok,531.3791368617435,-0.102464|-0.115477
919,728906.1711310645,1.389833699206797,198.90587901595975,1427.9840726606812,0.06964569242195741,728899.2446622291,ok,397.811758031819,-0.102484|-0.115476
920,728906.1711310645,1.3056037035979848,235.44433892896024,2965.40859967295,0.039698464986397994,728901.497741642,ok,470.8886778577666,-0.102484|-0.115476
921,728905.6673607004,3.394560740628247,2473.617050532427,32526192.01913405,3.8025002267054236e-05,728905.6203310534,ok,4947.234101060792,-0.102457|-0.115476
922,728905.6673607004,2.658832811078652,665.414564921632,134219.50600236206,0.0024788295857307123,728904.8426360453,ok,1330.8291298432637,-0.102457|-0.115476
923,728905.6673607004,2.5284354925996824,509.32549923818533,212266.26895118854,0.0011997325381813413,728905.3618335135,ok,1018.6509984757605,-0.102457|-0.115476
924,728903.3707062915,2.0176070990767134,89.6053701555902,3681.5393193490927,0.01216955224199978,728902.825477675,ok,179.2107403111803,-0.102511|-0.115514
925,728903.3707062915,1.18993714303803,163.4314697034277,704.0986083321983,0.11605723102517458,728893.8870043734,ok,326.8629394068554,-0.102511|-0.115514
926,729045.5682051444,0.09606543961063178,66533.29977410432,13854050.125305282,0.0024012219954573834,728965.6875937204,ok,133066.59954820864,-0.102644|-0.115498
927,728974.4403787077,0.5329354974495162,11130.025285881866,3451424.76039791,0.00161238127129254,728965.4674565477,ok,22260.050571753625,-0.102575|-0.115523
928,728962.417951078,0.4481442553227995,4077.4561547552375,642537.5384406832,0.003172932249725402,728955.949205013,ok,8154.91230950665,-0.102612|-0.115561
929,728962.417951078,0.4309343739002752,4604.3763552347855,791314.4494658813,0.0029093215461581876,728955.7201454096,ok,9208.75271046957,-0.102612|-0.115561
930,728951.4519670205,0.8914355252381395,1436.504622825539,415064.6688648623,0.0017304588062797021,728950.209060983,ok,2873.0092456510774,-0.102621|-0.115563
931,728951.4519670205,0.886253723214827,2184.420031339844,622245.7796822826,0.0017552710702635897,728949.5348423773,ok,4368.840062679687,-0.102621|-0.115563
932,728942.4986731166,1.4081846289248467,708.3421348765022,82864.93595657656,0.004274076403363736,728940.9849189144,ok,1416.684269752982,-0.102587|-0.115572
933,728937.1401895857,1.3447746820516324,530.1885348671518,36792.56189641665,0.007205104884511843,728935.2301575845,ok,1060.3770697343036,-0.102605|-0.115575
934,728930.7095601683,2.7676595991578745,423.35740377248266,78891.40066771257,0.0026831657201502046,728930.1415911318,ok,846.7148075449652,-0.102487|-0.115567
935,728930.7095601683,1.7643281164532238,945.9775952505082,118735.48416027905,0.003983550502786298,728928.8253854058,ok,1891.9551905010162,-0.102487|-0.115567
936,728930.7095601683,1.119976976432573,436.89210696980183,14088.411212134044,0.015505371769441117,728927.3224728975,ok,873.7842139396037,-0.102487|-0.115567
937,728926.0457869946,1.8406731424167566,1173.7539628203576,838545.091998384,0.0006998752804235718,728925.6350463027,ok,2347.507925640715,-0.102429|-0.115564
938,728923.5002777581,1.9383158944972496,96.56477992766183,1586.2572118046326,0.03043793251467814,728922.0306616307,ok,193.12955985532366,-0.102455|-0.115625
939,728923.5002777581,1.3324689683013275,135.1839946905822,3069.0371453151433,0.022023844660358595,728922.0116421083,ok,270.36798938116436,-0.102455|-0.115625
940,728923.5002777581,0.9326447790181095,325.9593014796935,3673.5987970617375,0.04436511980301255,728916.2696660275,ok,651.9186029593855,-0.102455|-0.115625
941,728914.741117627,0.9357775322556878,2884.569018752294,726648.3496357998,0.0019848452282304474,728911.8784061009,ok,5769.138037500348,-0.102282|-0.115124
942,728914.741117627,0.9498690341271777,3399.7149263155707,997072.681613579,0.001704848096336245,728911.8431188669,ok,6799.42985263114,-0.102282|-0.115124
943,728914.741117627,0.9855806770191132,3874.777951085405,1642581.4965251712,0.0011794781443972108,728912.4560096732,ok,7749.55590217081,-0.102282|-0.115124
944,728900.7541409112,1.1952692971940486,510.84231020438443,25941.044286155156,0.009846217148571446,728898.2392087537,ok,1021.6846204087662,-0.102226|-0.115115
945,728900.7541409112,0.7869962695666656,612.3934096564285,10071.26189717692,0.030403012845296413,728891.444838561,ok,1224.7868193128568,-0.102226|-0.115115
946,728844.9324350693,1.8851672152922438,177.30334540654943,19338.427263411442,0.004584223499446868,728844.526035988,ok,354.6066908130988,-0.102232|-0.115116
947,728844.9324350693,1.6288219001612707,357.04261012792506,54464.14517564031,0.003277776682040135,728844.3472820984,ok,714.0852202555859,-0.102232|-0.115116
948,728844.9324350693,1.9815947081868948,300.6290567935031,14486.51750003728,0.01037616724629399,728843.3727463831,ok,601.2581135868244,-0.102232|-0.115116
949,728840.1493850533,1.2777587872515384,344.0727234617027,8737.997040557038,0.01968830624825712,728836.7622804778,ok,688.1454469234054,-0.102026|-0.115116
950,728801.132288143,0.7956367770375288,3982.5110806237626,1370793.4498917928,0.001452629891446495,728798.2397308237,ok,7965.022161247525,-0.102069|-0.115116
951,728790.9532890769,1.3968630088553857,276.4644312067119,2693.801660376369,0.051314919593613506,728783.859914048,ok,552.9288624133097,-0.102077|-0.115121
952,728786.3501624225,1.3201865065283083,172.56263872844366,436.1097526456874,0.19784313201158824,728769.2799959654,ok,345.1252774568872,-0.102093|-0.115121
953,728781.3779597265,1.7688089602967774,212.89815098875596,11478.720313837763,0.009273601288642958,728780.3907934428,ok,425.79630197751186,-0.102161|-0.115122
954,728781.3779597265,0.4727589108693658,371.51305155172736,2280.822991888454,0.0814427627380513,728766.2494350707,ok,743.0261031034545,-0.102161|-0.115122
955,728736.5201789824,1.4266257828154327,973.7545421036866,313386.4044297273,0.0015536004886294262,728735.7637662161,ok,1947.5090842073425,-0.102125|-0.114976
956,728730.9031406895,1.6297003920236703,500.25370740233427,96535.0417128956,0.002591047243187279,728730.2550501947,ok,1000.5074148046351,-0.102075|-0.114983
957,728722.0664510935,0.6095558666983983,96.05913757352145,216.12277729570462,0.22223279465377896,728711.392705796,ok,192.11827514704285,-0.102095|-0.114983
958,728696.2522974424,1.0813792183659083,1079.4364255423282,275889.01500937843,0.0019562874322952553,728695.1964534858,ok,2158.872851083287,-0.102024|-0.114982
959,728696.2522974424,1.3808694843717273,879.4821991535675,159205.02143271748,0.002762105715130507,728695.0376860381,ok,1758.9643983070798,-0.102024|-0.114982
960,728696.2522974424,1.3266809912210145,1329.0413785382812,624415.5201028697,0.0010642283349389901,728695.5450956956,ok,2658.08275707409,-0.102024|-0.114982
961,728696.2522974424,0.6937062790893802,2804.800590501422,1202478.8626680293,0.0011662577520398997,728694.6167372266,ok,5609.601181002843,-0.102024|-0.114982
962,728696.2522974424,1.0660894820748363,1311.8189019012623,350736.88343401864,0.0018700897508374598,728695.0256879007,ok,2623.637803802524,-0.102024|-0.114982
963,728705.6805545707,0.3094349934637907,5810.408534242699,1013588.5007870435,0.002866256143262755,728697.3534949926,ok,11620.817068485389,-0.102088|-0.114974
964,728681.498069157,4.353631546222497,172.50681287619156,24882.91060480468,0.0034663712701455823,728681.199082827,ok,345.013625752383,-0.102077|-0.114975
965,728681.498069157,2.6813217877656936,247.70649949222272,8321.256988432024,0.014883959228550283,728679.6546424375,ok,495.4129989843396,-0.102077|-0.114975
966,728681.498069157,3.373912886025535,201.75061207022955,19134.244302234365,0.005271977531055943,728680.9662568102,ok,403.50122414045904,-0.102077|-0.114975
967,728681.498069157,2.9101771476860145,233.92530440164404,6930.739911794265,0.016875925758198324,728679.524216122,ok,467.85060880318275,-0.102077|-0.114975
968,728678.1041032117,2.1672216145672936,1209.0535870971419,586097.3960189417,0.001031444257652074,728677.4805675219,ok,2418.1071741942837,-0.102061|-0.114974
969,728678.1041032117,2.3286758938443293,1154.7138774919206,604216.455704708,0.0009555465318675888,728677.5524117912,ok,2309.4277549827566,-0.102061|-0.114974
970,728676.5537256302,1.8285083713728176,464.44928237830186,62794.75504282066,0.0036981534688811757,728675.6949232678,ok,928.8985647566037,-0.102083|-0.114997
971,728676.5537256302,2.3114795871070424,447.05412900177686,96243.58485871188,0.0023225139091507456,728676.0345809137,ok,894.1082580035537,-0.102083|-0.114997
972,728676.5537256302,2.330906146704278,434.9197009628913,78904.68382111058,0.0027559815203678094,728675.9544103008,ok,869.8394019257803,-0.102083|-0.114997
973,728676.5537256302,2.4989791560244785,354.5986133080637,67516.65494738985,0.002626008453650237,728676.0881361521,ok,709.1972266158084,-0.102083|-0.114997
974,728676.5537256302,1.370987618251664,733.1148298105635,134022.79395631098,0.0027350378550142214,728675.5511772244,ok,1466.229659621127,-0.102083|-0.114997
975,728673.2202027905,1.898845890568139,328.09944440774996,17982.660822224087,0.009122661202680982,728671.7236327544,ok,656.1988888154972,-0.102077|-0.115001
976,728673.2202027905,1.8541070113475433,411.1571434098032,45374.06190251205,0.004530750897871899,728672.2887774921,ok,822.3142868193071,-0.102077|-0.115001
977,728666.4104216383,1.2720467234815986,208.55677647193505,715.8954502028012,0.14566147641590294,728651.2210776496,ok,417.1135529438701,-0.102008|-0.115001
978,728633.6346819634,1.5727110772911475,277.5533497076925,18114.11056086551,0.0076612469813265496,728632.571479582,ok,555.1066994153849,-0.102101|-0.114991
979,728632.149594916,1.960864608880105,441.104932136911,56944.99892567352,0.0038730787642357813,728631.2953778433,ok,882.20986427349,-0.102016|-0.114956
980,728622.1606374589,4.26933993085681,585.1722687283087,341957.7643705674,0.0008556206784855724,728621.9102947122,ok,1170.3445374566174,-0.102010|-0.114954
981,728622.1606374589,2.1233369763156804,743.1230243175219,371019.7061540523,0.001001460315977081,728621.7885333495,ok,1486.2460486350371,-0.102010|-0.114954
982,728622.1606374589,4.850036379487506,400.18460982574277,245106.3090375614,0.0008163490597143632,728621.9972922939,ok,800.3692196511324,-0.102010|-0.114954
983,728622.1606374589,1.801763624823373,924.2191010581106,592866.771693448,0.0007794492331035834,728621.800446524,ok,1848.4382021154074,-0.102010|-0.114954
984,728622.1606374589,3.956215905196312,517.1845101199185,248564.27736989286,0.0010403435996361762,728621.8916126614,ok,1034.3690202398368,-0.102010|-0.114954
985,728622.1606374589,4.291288325844049,126.23958943439847,21799.241114157183,0.0028955042235946026,728621.9778738266,ok,252.47917886863655,-0.102010|-0.114954
986,728622.1606374589,2.3191579929488184,428.7745191998767,116836.60709137985,0.0018349322608475142,728621.7672513599,ok,857.5490383997533,-0.102010|-0.114954
987,728619.1571694053,3.800359737518675,151.5300492097105,21627.50883949379,0.003503178529119427,728618.8917509979,ok,303.06009841942097,-0.102007|-0.114942
988,728619.1571694053,4.169038714659792,182.80235419176756,25654.815065879015,0.003562729914878538,728618.8315316974,ok,365.60470838353376,-0.102007|-0.114942
989,728616.767808299,3.322807304026956,173.63549317465308,12543.989565562511,0.006921063361346424,728616.166937174,ok,347.2709863493061,-0.102047|-0.114942
990,728616.767808299,3.767775009856688,128.70137570219418,13973.594952620706,0.004605163386321593,728616.4714628675,ok,257.40275140438837,-0.102047|-0.114942
991,728616.767808299,2.269125561906928,205.33245030819606,1903.9539274714427,0.053922641547552844,728611.2317742411,ok,410.66490061633414,-0.102047|-0.114942
992,728616.767808299,3.770319775031281,117.48708904481336,4937.119846272234,0.011898342829729142,728616.0688574673,ok,234.97417808962183,-0.102047|-0.114942
993,728616.767808299,2.7650554408741104,184.72268377369986,5791.192063173079,0.015948588974312793,728615.2947752201,ok,369.4453675473997,-0.102047|-0.114942
994,728616.767808299,2.176016077763026,162.26318172796374,5836.383152371716,0.013901004911065962,728615.639997656,ok,324.5263634559274,-0.102047|-0.114942
995,728616.767808299,1.09064615253771,195.3897929273843,277.4339610977048,0.3521374819331748,728582.3657734606,ok,390.7795858547686,-0.102047|-0.114942
996,728558.7357456149,1.1553502154894053,2021.3533013741842,1181865.6298580482,0.000855153602197978,728557.8714618364,ok,4042.706602748313,-0.102109|-0.114405
997,728558.7357456149,1.2907291838901134,1344.2412621311755,980450.3337363624,0.0006855223645079784,728558.2749918905,ok,2688.4825242603215,-0.102109|-0.114405
998,728558.7357456149,1.1725350447109144,1616.570502127714,847153.7278582219,0.0009541187443126381,728557.964545506,ok,3233.141004253082,-0.102109|-0.114405
999,728555.4489278564,1.420393723460775,1065.4098476364788,398004.2536492985,0.0013384402777957053,728554.7359341303,ok,2130.819695271389,-0.102140|-0.114431
1000,728555.4489278564,1.318875598685728,1021.1185936378016,384918.5966679334,0.0013264084958185503,728554.7717176675,ok,2042.237187274304,-0.102140|-0.114431
1001,728555.4489278564,1.4100273041511595,527.509263121502,95057.5980905472,0.0027746822648465337,728554.7170925579,ok,1055.018526243004,-0.102140|-0.114431
1002,728555.4489278564,1.1293729903883873,1259.8169854712364,449775.1235092849,0.0014004965143934083,728554.5667432079,ok,2519.633970942473,-0.102140|-0.114431
1003,728555.4489278564,1.2272119007601043,2002.6339535690233,1935021.672000259,0.0005174706781187811,728554.9307756814,ok,4005.267907138045,-0.102140|-0.114431
1004,728555.4489278564,1.2685862989651155,1070.8765884723216,480922.5000270191,0.0011133567138282756,728554.8527940367,ok,2141.753176944643,-0.102140|-0.114431
1005,728550.2619338952,2.92847022405669,280.70857583199796,29764.752659613892,0.00471545285529746,728549.6000998674,ok,561.4171516639959,-0.102130|-0.114454
1006,728550.2619338952,1.8404460987307445,359.7991792096911,23235.609082328105,0.007742409031217029,728548.869077688,ok,719.5983584193822,-0.102130|-0.114454
1007,728550.2619338952,2.22511836608623,343.0285221668055,18287.015663183167,0.009379018656866385,728548.6532984406,ok,686.0570443334607,-0.102130|-0.114454
1008,728550.2619338952,2.2661404830310814,314.79364632669467,21274.305659581274,0.007398447013120768,728549.097441839,ok,629.5872926533892,-0.102130|-0.114454
1009,728550.2619338952,3.7619814255521296,202.34704193902127,43621.82499099703,0.0023193326045022533,728550.0272788493,ok,404.69408387804253,-0.102130|-0.114454
1010,728550.2619338952,3.088587385324718,275.47473418223024,27601.626267666546,0.004990190279203411,728549.5745982248,ok,550.9494683644605,-0.102130|-0.114454
1011,728550.2619338952,4.678281791760689,180.09918659519604,33169.63223033903,0.0027148203716058387,728550.0174654248,ok,360.1983731903921,-0.102130|-0.114454
1012,728550.2619338952,2.6426873266122644,329.8180608834035,23230.064946878592,0.007098948316279265,728549.0912532113,ok,659.636121766807,-0.102130|-0.114454
1013,728548.3705703033,1.7486244870914294,295.27339498300876,34654.03042043583,0.004260303800173313,728547.7415931199,ok,590.5467899660175,-0.102124|-0.114454
1014,728548.3705703033,1.514537510075094,478.2396626467957,123493.01486683766,0.0019363024830290232,728547.9075619801,ok,956.4793252928503,-0.102124|-0.114454
1015,728548.3705703033,1.366163896670166,535.7771989940978,100046.08971235207,0.0026776518729244685,728547.653257893,ok,1071.5543979881954,-0.102124|-0.114454
1016,728548.3705703033,1.6243235566783139,329.4994972866853,45499.050963733935,0.0036209491220962,728547.7740198456,ok,658.9989945733705,-0.102124|-0.114454
1017,728548.3705703033,1.7310647222871038,364.56107017551665,55693.69130298063,0.0032729117216549622,728547.7739822034,ok,729.1221403510332,-0.102124|-0.114454
1018,728548.3705703033,2.38654202650632,274.95744100000866,21729.82392206123,0.00632672961332323,728547.5007796112,ok,549.9148820000172,-0.102124|-0.114454
1019,728548.3705703033,1.5001412323040006,539.2195603978976,97194.14535401245,0.002773930252865982,728547.6226915775,ok,1078.4391207950682,-0.102124|-0.114454
1020,728548.3705703033,1.8124087988097253,280.8774050661768,38138.91454973256,0.0036822941657125158,728547.8534336883,ok,561.7548101323524,-0.102124|-0.114454
1021,728548.3705703033,1.5266534291428047,342.7680295513232,40044.715100831025,0.0042798160592258765,728547.6370782445,ok,685.5360591023814,-0.102124|-0.114454
1022,728548.3705703033,1.7481212041378336,288.0984411941717,38216.458764671755,0.0037692979740511314,728547.827605868,ok,576.1968823880975,-0.102124|-0.114454
1023,728548.3705703033,1.69228204471786,301.00102705280216,36879.268448228926,0.004080897475980944,728547.7563931375,ok,602.0020541056042,-0.102124|-0.114454
1024,728548.3705703033,1.467094327963859,321.7369743326138,33180.80985702562,0.0048482387217033225,728547.5906414747,ok,643.4739486652273,-0.102124|-0.114454
1025,728548.3705703033,1.6835667821438562,284.61551489759756,35623.162526132764,0.003994809763013134,728547.8020778846,ok,569.2310297951951,-0.102124|-0.114454
1026,728548.3705703033,1.3759016523362184,554.3703079988712,193475.91811961852,0.0014326597164824565,728547.9734582991,ok,1108.740615997742,-0.102124|-0.114454
1027,728548.3705703033,2.095087230761513,388.9613834506343,30830.01494669611,0.006308160799194118,728547.1437548276,ok,777.9227669012682,-0.102124|-0.114454
1028,728619.1551270651,0.26249546385786326,11771.650056879498,2659537.3319247197,0.0022131011126586254,728606.1292011457,ok,23543.30011375899,-0.102156|-0.114462
1029,728630.961885978,0.5362745755700322,5304.368946553395,915694.729831492,0.0028963631512488428,728623.2801965993,ok,10608.73789310679,-0.102069|-0.114505
1030,728616.6115912563,0.5025724607020507,7896.5312227610975,3884779.6569723226,0.0010163422278775278,728612.5988021886,ok,15793.062445507618,-0.102098|-0.114340
1031,728604.2677454944,0.8925388347137316,465.9725286013135,12184.676926233187,0.019121250871990327,728599.812756685,ok,931.9450572024803,-0.102154|-0.114337
1032,728582.8941074702,0.8474346603025673,1645.778191718532,243815.08530298885,0.0033750540695078905,728580.1168122785,ok,3291.5563834351715,-0.102190|-0.114326
1033,728582.8941074702,0.8293886738224285,1593.76711010672,267172.63900127844,0.0029826540548171434,728580.5172795034,ok,3187.5342202134398,-0.102190|-0.114326
1034,728582.8941074702,0.9678543394791207,1782.6932833755995,368844.4733193969,0.0024165921036207252,728580.7400862143,ok,3565.3865667511286,-0.102190|-0.114326
1035,728571.0765928839,2.170695092008224,531.2945805208308,83399.12835251396,0.003185252598055574,728570.2304391625,ok,1062.5891610416616,-0.102201|-0.114325
1036,728562.7563409695,1.5171048708913486,156.6213587528664,10860.713893875494,0.007210454132356223,728562.1916854078,ok,313.24271750572365,-0.102104|-0.114249
1037,728562.7563409695,1.5033857093099237,52.50462230109209,127.08763204081076,0.2065685757849027,728557.3334384441,ok,105.00924460218417,-0.102104|-0.114249
1038,728562.7563409695,0.9366741706140536,81.92751308311746,534.2162688920712,0.07668009929108828,728559.6152360504,ok,163.85502616617967,-0.102104|-0.114249
1039,728552.8806730189,0.48454058798740557,5516.845459475722,1610243.906937143,0.0017130465253457643,728548.1553665462,ok,11033.690918951444,-0.102243|-0.114249
1040,728533.9679999893,8.74470834721848,881.6393687614889,5818041.434551299,7.576771140935361e-05,728533.9346000907,ok,1763.2787375229775,-0.102227|-0.114256
1041,728533.6306186937,2.251856185869849,420.53646717964875,44884.89289324121,0.0046846103451766655,728532.6455939513,ok,841.0729343592975,-0.102243|-0.114620
1042,728531.692025018,1.3113702866277512,191.40037024377537,5445.811231710961,0.017573173407962706,728530.0102690697,ok,382.80074048755074,-0.102241|-0.114629
1043,728531.692025018,0.7163858627536982,205.79321138511625,1181.0718416276445,0.08712137743522486,728522.7275309968,ok,411.5864227702325,-0.102241|-0.114629
1044,728521.7278797056,2.9526088464114078,126.07341504319199,5088.187419958268,0.012388833649156933,728520.9469284223,ok,252.14683008638394,-0.102228|-0.114598
1045,728521.7278797056,3.3276079824969376,130.4641322737264,8184.774183800777,0.00796992863480215,728521.2079847938,ok,260.9282645473611,-0.102228|-0.114598
1046,728521.7278797056,4.6163431820413505,79.45379976907478,5576.566025975389,0.007123900210181555,728521.4448692352,ok,158.90759953814955,-0.102228|-0.114598
1047,728521.7278797056,3.910376769091747,213.22224991046977,115189.10536473131,0.0009255313218872968,728521.6292077702,ok,426.4444998206209,-0.102228|-0.114598
1048,728521.7278797056,3.7946842217688315,270.91495150294645,82383.61882432796,0.0016442282784435358,728521.5051566935,ok,541.8299030058929,-0.102228|-0.114598
1049,728521.7278797056,4.422933560037861,195.02154445948392,83944.75147608545,0.00116160653900466,728521.6146105549,ok,390.0430889186627,-0.102228|-0.114598
1050,728521.7278797056,3.563094571850783,199.4839129448156,72649.40946128836,0.0013729217788832247,728521.5909418013,ok,398.9678258896186,-0.102228|-0.114598
1051,728521.7278797056,3.822570165100313,172.53155873526418,62427.03676205539,0.0013818656761883411,728521.6086719861,ok,345.0631174705215,-0.102228|-0.114598
1052,728521.7278797056,4.762601913323457,183.85061343311023,71186.17129262396,0.001291336576294841,728521.6091731947,ok,367.7012268662204,-0.102228|-0.114598
1053,728521.7278797056,3.6149137256354926,208.3783560718993,51940.85254911852,0.002005919674449353,728521.5188845835,ok,416.75671214379855,-0.102228|-0.114598
1054,728521.7278797056,3.841890556962029,238.74729753842695,90958.22248412819,0.001312400852930516,728521.5712136271,ok,477.49459507685384,-0.102228|-0.114598
1055,728521.7278797056,4.2648818043158085,245.1237787571063,55502.24647384003,0.002208232948486517,728521.4572345032,ok,490.24755751392627,-0.102228|-0.114598
1056,728521.7278797056,3.788484251387752,280.61565718822965,73843.85767206688,0.0019000609260855213,728521.4612862829,ok,561.2313143764593,-0.102228|-0.114598
1057,728521.7278797056,3.856565300418729,230.0023296293693,36092.208615416916,0.003186315529761221,728521.3614497082,ok,460.00465925873857,-0.102228|-0.114598
1058,728492.9128369285,2.5363419026952707,46.17924924618719,238.42757787175475,0.09684124977989343,728490.6768088231,ok,92.35849849235787,-0.102240|-0.114598
1059,728500.8586730056,0.5438087948601522,3199.1599773594453,943606.2576043358,0.0016951773854709255,728498.1471011826,ok,6398.319954714437,-0.102278|-0.114598
1060,728500.8586730056,0.4906573045272266,3236.78935607479,869708.9822245762,0.001860846226858323,728497.8470893755,ok,6473.57871214958,-0.102278|-0.114598
1061,728486.214030953,4.0691780583854165,165.82408389814213,37800.207819669144,0.002193428204009191,728486.0321693418,ok,331.6481677960637,-0.102319|-0.114598
1062,728486.214030953,3.506455435969309,193.14570870903523,41840.54324549217,0.0023081166462847543,728485.9911295404,ok,386.29141741805705,-0.102319|-0.114598
1063,728513.3714573814,0.2585816305152374,15312.82599273969,5998273.0418753205,0.0012764362247131248,728503.5985344815,ok,30625.65198547938,-0.102360|-0.114643
1064,728489.6256557108,1.6581468750781545,359.1471010678342,90992.88009142932,0.0019734901275075835,728489.2712690817,ok,718.2942021356682,-0.102268|-0.114646
1065,728489.6256557108,2.1216273259545395,353.6101690981684,121756.59199881877,0.0014521191965589796,728489.3689136534,ok,707.2203381963368,-0.102268|-0.114646
1066,728489.6256557108,1.7341104890189127,403.6749022144811,136062.01172663766,0.0014834225111469937,728489.3262454923,ok,807.3498044289622,-0.102268|-0.114646
1067,728489.6256557108,1.6220931448886244,357.758269268274,80581.70909785904,0.002219847861713938,728489.2285712463,ok,715.5165385363765,-0.102268|-0.114646
1068,728489.6256557108,1.3329997691665716,337.36576276767414,62878.8726223927,0.0026826638956590483,728489.1731362351,ok,674.731525535348,-0.102268|-0.114646
1069,728489.6256557108,1.1479964881611966,766.1010658651986,470082.37131752074,0.000814858323359386,728489.3135237958,ok,1532.2021317294277,-0.102268|-0.114646
1070,728489.6256557108,2.1317168875649326,387.6281183866752,178058.38352247415,0.0010884860086853188,728489.4146918191,ok,775.2562367731898,-0.102268|-0.114646
1071,728489.6256557108,1.8887320480817595,410.84600695813583,113253.42895240565,0.0018138347366541652,728489.2530523314,ok,821.6920139161035,-0.102268|-0.114646
1072,728489.6256557108,1.896550770772104,415.9569451765825,170440.6253964607,0.0012202400226149959,728489.3718720546,ok,831.913890353165,-0.102268|-0.114646
1073,728489.6256557108,2.208351152075908,394.3604097177061,141322.46457233463,0.0013952502558991825,728489.3505399795,ok,788.7208194352589,-0.102268|-0.114646
1074,728489.6256557108,2.0051446388012573,357.3662009675026,125491.5214412944,0.0014238659188409012,728489.3712349338,ok,714.7324019348856,-0.102268|-0.114646
1075,728486.4988268852,1.881273030755437,326.0422556252299,84978.91471385641,0.0019183714967594568,728486.1860918002,ok,652.0845112501909,-0.102320|-0.114643
1076,728486.4988268852,1.8407426713664106,398.328184028241,95887.72241796354,0.0020770551953042246,728486.0851520733,ok,796.656368056482,-0.102320|-0.114643
1077,728478.3767454503,0.6340140520687316,27.85487059452884,43.32894480912732,0.32143490589529844,728473.8999815962,ok,55.709741189057254,-0.102393|-0.114478
1078,728495.9138992995,0.21940542325457732,31242.463837723044,14662962.11937334,0.0010653530843008914,728479.2717716942,ok,62484.92767544609,-0.102722|-0.114458
1079,728495.9138992995,0.1688019872024411,36915.72136698296,18001374.97391126,0.0010253583801371723,728476.9879771682,ok,73831.44273396587,-0.102722|-0.114458
1080,728462.251280595,0.5818348305300058,5094.316756322891,1651433.7816134903,0.0015423920756137196,728458.3225636972,ok,10188.633512645782,-0.102706|-0.114093
1081,728457.2253562959,3.250002758034328,681.6382035600066,543467.786894589,0.0006271192331885323,728457.0116220821,ok,1363.2764071200124,-0.102695|-0.114093
1082,728457.2253562959,2.8244847562771396,949.8802268605443,972939.0492573049,0.0004881499142138644,728456.9935143202,ok,1899.7604537210887,-0.102695|-0.114093
1083,728455.0664413575,2.3694524930766936,321.0842574530463,60406.95785043043,0.002657676109497694,728454.6397723773,ok,642.1685149060925,-0.102689|-0.114094
1084,728455.0664413575,2.7163608151101046,282.9064226345826,57517.97077980589,0.0024592872349202283,728454.7185672806,ok,565.8128452687681,-0.102689|-0.114094
1085,728455.0664413575,2.578853401543934,418.1113133187274,114767.04337365813,0.001821565237842026,728454.6856328406,ok,836.2226266370214,-0.102689|-0.114094
1086,728455.0664413575,2.5693523999153696,303.65587056767447,82186.45597114897,0.0018473595617401418,728454.7859605695,ok,607.3117411349803,-0.102689|-0.114094
1087,728455.0664413575,2.1562894708358504,339.9729312054807,72442.94279691663,0.0023464875809818073,728454.667570227,ok,679.9458624109614,-0.102689|-0.114094
1088,728455.0664413575,2.4553450620825927,261.86028324809547,49014.07931950497,0.002671276160683581,728454.7166907914,ok,523.7205664961909,-0.102689|-0.114094
1089,728455.0664413575,2.284907780830279,395.30848594560223,72110.8839258351,0.0027409765657024168,728454.5246757093,ok,790.6169718912043,-0.102689|-0.114094
1090,728455.0664413575,2.4447287628185412,342.08937301322754,90814.23570377078,0.001883456764031453,728454.7442860857,ok,684.1787460264393,-0.102689|-0.114094
1091,728455.0664413575,2.51058251526602,311.8980780017347,59275.01432719883,0.002630940553468729,728454.6561487066,ok,623.7961560034682,-0.102689|-0.114094
1092,728455.0664413575,2.2577159723474387,258.22622005488387,46533.4706637025,0.0027746288464177253,728454.708200398,ok,516.4524401097676,-0.102689|-0.114094
1093,728455.0664413575,2.736043299338769,281.3028600594014,77017.91615634316,0.0018262170290894934,728454.8095813207,ok,562.6057201188028,-0.102689|-0.114094
1094,728455.0664413575,2.24365901277918,315.8673304485053,42058.15435447935,0.0037551259119251415,728454.4733805588,ok,631.7346608967758,-0.102689|-0.114094
1095,728455.0664413575,2.3966422818049335,347.0647263369519,77850.8661640134,0.0022290357412708063,728454.6796315177,ok,694.1294526735182,-0.102689|-0.114094
1096,728455.0664413575,2.194619894310627,425.15937158514134,94433.5117664135,0.002251104314730964,728454.5879023095,ok,850.3187431702825,-0.102689|-0.114094
1097,728455.0664413575,2.3279650316700895,323.35411770559824,64602.872539512704,0.0025026295657969923,728454.6618235699,ok,646.7082354108156,-0.102689|-0.114094
1098,728455.0664413575,2.4188729036998455,269.4622830263136,53002.40673572384,0.0025419815780242196,728454.7239572778,ok,538.9245660526207,-0.102689|-0.114094
1099,728455.0664413575,2.275282212980493,268.0795769180177,47106.73056295481,0.002845448768300194,728454.6850380065,ok,536.1591538360353,-0.102689|-0.114094
1100,728455.0664413575,2.5575370814435723,331.2642852887769,78358.22942342138,0.0021137810777904172,728454.7163312684,ok,662.5285705775538,-0.102689|-0.114094
1101,728455.0664413575,2.5165118148679273,264.7310495925477,55701.292626522256,0.002376345656532355,728454.7518951176,ok,529.4620991847664,-0.102689|-0.114094
1102,728472.970244457,0.33647753574694605,1592.4980953156087,98333.05202429582,0.008097471107284147,728466.5226407994,ok,3184.9961906312165,-0.102702|-0.114100
1103,728458.4364706213,0.7422610985855246,130.44639840625248,11261.2863746042,0.005791807173131998,728458.0587104282,ok,260.8927968123885,-0.102644|-0.114100
1104,728458.4364706213,1.4224452456425603,77.63700037781317,1988.9173239383588,0.019517402619853522,728457.678834324,ok,155.27400075562633,-0.102644|-0.114100
1105,728455.7057595528,1.4194321622232047,739.4096709819775,183842.84033275663,0.002010983048465857,728454.9622893957,ok,1478.819341963955,-0.102568|-0.114062
1106,728455.7057595528,1.6678234458141903,707.9272462315638,197848.14459314177,0.0017890671850558852,728455.07249485,ok,1415.8544924631274,-0.102568|-0.114062
1107,728455.7057595528,1.6018027999783504,803.046522773173,220610.09975403847,0.0018200583827950347,728454.974963775,ok,1606.093045546346,-0.102568|-0.114062
1108,728455.7057595528,1.6415051119033863,730.6980917646323,209790.13750227622,0.0017414977187779008,728455.0695050228,ok,1461.3961835292644,-0.102568|-0.114062
1109,728455.7057595528,1.672522754305842,595.2488676897417,118614.82445155938,0.0025091672581483817,728454.9589700681,ok,1190.4977353791578,-0.102568|-0.114062
1110,728451.7881469764,2.7187003190898493,40.47034235600793,748.1442419697162,0.02704715219718694,728451.2408432218,ok,80.94068471201533,-0.102609|-0.114062
1111,728451.7881469764,1.971444172949832,49.33861856728017,401.44164008558414,0.0614517947823768,728450.2721736449,ok,98.67723713454157,-0.102609|-0.114062
1112,728451.7881469764,1.861349965541184,52.88132803419552,749.6994779057534,0.03526835058089994,728450.8556283682,ok,105.76265606839104,-0.102609|-0.114062
1113,728443.3016137228,0.6641839889625292,3156.1738002598295,1049125.6509648038,0.0015041924660584404,728440.9278672969,ok,6312.347600519595,-0.102598|-0.114062
1114,728443.3016137228,0.5128931632850329,2606.636398656231,888584.0938050901,0.0014667359098755114,728441.3899901179,ok,5213.272797312448,-0.102598|-0.114062
1115,728443.3016137228,0.507241121454358,2266.35509223097,580565.1604794626,0.0019518524762657903,728441.0898183234,ok,4532.71018446194,-0.102598|-0.114062
1116,728443.3016137228,0.5364320788580115,2351.2221745601296,572693.4789827453,0.002052775403289488,728440.8883481991,ok,4702.444349120259,-0.102598|-0.114062
1117,728431.5472214959,2.585843368373563,1022.5011396051674,1289107.2025546199,0.00039659274945438205,728431.3444632267,ok,2045.0022792103346,-0.102615|-0.114078
1118,728428.5059041976,2.740617833727528,15.463033278919774,111.56429244785832,0.06930099649108927,728427.9701023902,ok,30.926066557828392,-0.102611|-0.114087
1119,728422.583325767,1.9701924507691069,65.29693396584152,1861.6122950166316,0.01753773708431007,728422.0107455369,ok,130.5938679316402,-0.102792|-0.114087
1120,728422.583325767,2.597351778438437,178.10985962646754,21798.564345906423,0.0040853575675940095,728422.2195045354,ok,356.21971925278024,-0.102792|-0.114087
1121,728422.583325767,3.898472915507691,211.36351415844376,74928.70585727926,0.0014104308338184783,728422.4342689583,ok,422.7270283168875,-0.102792|-0.114087
1122,728422.583325767,3.32608774407238,40.66147632404403,1105.8242672950744,0.018385143791203335,728422.2095422226,ok,81.3229526480547,-0.102792|-0.114087
1123,728422.583325767,1.6905507676604936,657.4051872471996,297130.29367870593,0.00110625742516525,728422.2196960822,ok,1314.8103744943987,-0.102792|-0.114087
1124,728418.0672095605,1.8541659295954582,48.44948215181901,866.0560935099695,0.02797133033003785,728417.3896113258,ok,96.89896430363801,-0.102849|-0.114109
1125,728408.7041778594,2.160731592449686,338.12951529099456,57411.410931325874,0.00294479363776181,728408.2063170366,ok,676.2590305815443,-0.102907|-0.114109
1126,728408.7041778594,1.959697683456105,368.7636322353227,73803.86218744086,0.0024982678501212293,728408.243542696,ok,737.5272644706453,-0.102907|-0.114109
1127,728408.7041778594,1.9731185665029385,386.3798838999575,93426.85746497019,0.002067820187812847,728408.3046957974,ok,772.7597677991366,-0.102907|-0.114109
1128,728408.7041778594,2.1977178587082795,309.13446440221253,53935.85833711535,0.002865760126315494,728408.2612252485,ok,618.2689288040074,-0.102907|-0.114109
1129,728408.7041778594,2.2816733053121987,319.4354937963524,61020.23289741692,0.002617455544076386,728408.2861237573,ok,638.8709875927046,-0.102907|-0.114109
1130,728408.7041778594,2.067344516874459,235.30693079233538,36814.32080157349,0.003195861361406375,728408.3281736952,ok,470.613861584331,-0.102907|-0.114109
1131,728408.7041778594,2.223387651545858,306.61149845891157,54593.12358661284,0.002808151268103094,728408.2736721252,ok,613.222996917823,-0.102907|-0.114109
1132,728408.7041778594,2.5006508475106033,229.9970576118126,52115.17459161889,0.0022066227295034382,728408.4504194919,ok,459.99411522337806,-0.102907|-0.114109
1133,728408.7041778594,2.1190937732044355,308.5161851819856,52145.15776468486,0.002958243856258185,728408.2478448047,ok,617.0323703639712,-0.102907|-0.114109
1134,728408.7041778594,2.01797014189666,333.0794357996831,53875.024755113984,0.0030912230417867803,728408.189366446,ok,666.1588715993662,-0.102907|-0.114109
1135,728401.8609013394,4.4099687946258035,16.898732168921512,308.71067676074233,0.027369853783868976,728401.6296434252,ok,33.797464337843024,-0.102858|-0.114109
1136,728401.8609013394,3.2424219045996967,15.590772030959402,123.64578820267079,0.06304611041584446,728401.369432572,ok,31.1815440619188,-0.102858|-0.114109
1137,728401.8609013394,3.2673375182707765,23.90512054173685,304.85351723507324,0.03920755246412912,728401.3922707055,ok,47.8102410834737,-0.102858|-0.114109
1138,728401.8609013394,2.8027508348322283,19.349139111985906,185.3909800111294,0.05218468317828715,728401.3560369923,ok,38.69827822397181,-0.102858|-0.114109
1139,728400.2469684226,3.5868353822897,25.151386821369577,1698.806178487133,0.007402665218632556,728400.1538747743,ok,50.30277364273914,-0.102897|-0.114109
1140,728398.6212897376,2.398731862857905,307.86057499374,189974.04052729238,0.0008102701141146482,728398.496564626,ok,615.7211499874799,-0.102837|-0.114086
1141,728398.6212897376,2.474234293010755,137.62055740872677,14779.045117539887,0.004655935356926329,728398.3009135281,ok,275.2411148174534,-0.102837|-0.114086
1142,728398.6212897376,3.231086689162068,272.3840097772676,279335.57121755806,0.0004875569706178303,728398.5548883764,ok,544.768019554535,-0.102837|-0.114086
1143,728398.6212897376,2.7265952813924583,313.68061408291294,248043.30796362084,0.0006323101732882041,728398.5221180159,ok,627.3612281655263,-0.102837|-0.114086
1144,728398.6212897376,1.9623692750678463,177.43372199419568,41956.40847978436,0.0021145008405532096,728398.4336978606,ok,354.86744398817564,-0.102837|-0.114086
1145,728392.9165885224,2.193902127546856,24.702695661785885,410.17523351832074,0.030112368620962244,728392.5446601836,ok,49.40539132357155,-0.102834|-0.114087
1146,728392.9165885224,6.563471368651631,5.560962513195335,70.37607683948949,0.03950889821464844,728392.8067347714,ok,11.12192502639067,-0.102834|-0.114087
1147,728391.2322567587,1.743545459802556,16.15099884653072,45.97502967884519,0.1756496837452004,728389.8137978389,ok,32.30199769306137,-0.102814|-0.114087
1148,728391.2322567587,3.90685710923875,9.933920710991105,127.03729522367986,0.03909844228618075,728391.038056346,ok,19.867841421982206,-0.102814|-0.114087
1149,728391.2322567587,2.9209762460206448,9.607080124414017,32.58066670146826,0.14743529057342877,728390.5240454338,ok,19.21416024882747,-0.102814|-0.114087
1150,728391.2322567587,3.9628595548809304,10.048768842492274,15.24733567426047,0.3295254022463719,728389.5765944613,ok,20.097537684981717,-0.102814|-0.114087
1151,728384.6688309413,1.2203948485572338,280.32544949491734,37382.570195927496,0.0037494138046914754,728384.1433028862,ok,560.6508989893781,-0.102880|-0.114085
1152,728384.6688309413,1.8790212479903314,373.1387282234397,54114.324398590514,0.0034476890580302493,728384.0255977862,ok,746.2774564468793,-0.102880|-0.114085
1153,728379.8000382677,2.5808120207612006,160.57451276743387,30006.566644752915,0.0026756562099968318,728379.5852171717,ok,321.1490255346329,-0.102926|-0.114090
1154,728379.8000382677,2.2939292007164336,204.33683322188526,57349.827515021,0.0017814947496430185,728379.61802577,ok,408.673666443405,-0.102926|-0.114090
1155,728379.8000382677,2.239304849924007,196.68296268868752,52451.52518252527,0.001874902226429579,728379.6156576053,ok,393.3659253770221,-0.102926|-0.114090
1156,728379.8000382677,2.079453422013869,195.6404733576146,53664.247984927715,0.0018228194813478308,728379.6217296346,ok,391.28094671522905,-0.102926|-0.114090
1157,728379.8000382677,2.2028129005541617,297.017957034247,112184.69860128268,0.0013237899675154585,728379.6034435718,ok,594.0359140684939,-0.102926|-0.114090
1158,728379.8000382677,2.1274950601055624,217.48263972872252,58817.09770851459,0.001848804584055827,728379.598996817,ok,434.9652794570961,-0.102926|-0.114090
1159,728379.8000382677,2.584606098879999,215.61635559887628,46604.25834670017,0.0023132688218623168,728379.5506489712,ok,431.2327111974501,-0.102926|-0.114090
1160,728376.3240629456,3.879182665322992,11.96810196198204,370.5197297376282,0.01615042466221282,728376.227417981,ok,23.93620392396383,-0.102916|-0.114097
1161,728376.3240629456,3.8609366517506447,19.722604652612404,1398.7294713847707,0.007050185563433729,728376.2545389343,ok,39.44520930522481,-0.102916|-0.114097
1162,728376.3240629456,3.801460020360568,12.025837279594764,363.2714629133109,0.016552135946974373,728376.2245362988,ok,24.051674559170692,-0.102916|-0.114097
1163,728376.3240629456,3.505333262092185,14.203639002128435,429.91436023120934,0.016519149295791926,728376.2067469289,ok,28.407278004256852,-0.102916|-0.114097
1164,728376.3240629456,4.071939488482952,13.406528743862328,314.9460844088124,0.021283847311560994,728376.1813916902,ok,26.813057487703247,-0.102916|-0.114097
1165,728376.3240629456,3.6782473424631363,13.878942665183253,320.2483162102596,0.021669033001364805,728376.1736913123,ok,27.757885330346056,-0.102916|-0.114097
1166,728376.3240629456,3.8125224677877503,13.601833376906342,475.8028184335929,0.01429356116645695,728376.2268536269,ok,27.20366675379117,-0.102916|-0.114097
1167,728376.3240629456,3.277358364266028,12.741766578827722,329.41211162187176,0.01934016104643694,728376.2008490368,ok,25.483533157655444,-0.102916|-0.114097
1168,728376.3240629456,4.2008616763040845,12.750611327570086,534.6990383339099,0.011923166504376205,728376.2480491146,ok,25.501222655140168,-0.102916|-0.114097
1169,728376.3240629456,3.6700378820581805,14.321534603416726,211.41878768725675,0.03387006131309861,728376.081527318,ok,28.643069206833445,-0.102916|-0.114097
1170,728374.3427790519,3.637057571786303,11.66525706796108,250.18498769515043,0.02331326346842033,728374.2068014462,ok,23.330514135922158,-0.102913|-0.114098
1171,728374.3427790519,3.1463643013594127,6.8157658313599825,57.25860183394743,0.059517396627375006,728374.1399507327,ok,13.631531662719965,-0.102913|-0.114098
1172,728374.3427790519,4.140134019697488,11.140663496608877,304.2746703609254,0.01830691901398498,728374.2408034396,ok,22.28132699321094,-0.102913|-0.114098
1173,728374.3427790519,2.9231156269747665,7.281064639713589,105.24459150624008,0.03459115825102464,728374.2168488222,ok,14.56212927942704,-0.102913|-0.114098
1174,728374.3427790519,4.607993736221224,9.421198294550564,191.08517062945253,0.02465183002824408,728374.2266541623,ok,18.8423965891011,-0.102913|-0.114098
1175,728374.3427790519,3.5464224332421943,26.55373870504918,1777.139682971537,0.007470920535815437,728374.243588616,ok,53.10747741009777,-0.102913|-0.114098
1176,728372.6583497366,2.6197554523958524,4.699613777807488,13.407144186405517,0.17526528067672942,728372.2465101726,ok,9.39922755561048,-0.102952|-0.114098
1177,728372.6583497366,4.099828897250892,2.50063340371986,7.164343666115087,0.17451936424734946,728372.4401452607,ok,5.00126680743972,-0.102952|-0.114098
1178,728370.8337910981,3.924408967253632,32.76540183372768,1912.2226437102026,0.008567360589913942,728370.693434592,ok,65.53080366745536,-0.103007|-0.114097
1179,728370.8337910981,6.139196553640782,23.436326922152688,2004.8415398034838,0.005844932493879276,728370.7652992237,ok,46.872653844305376,-0.103007|-0.114097
1180,728370.8337910981,4.253210667811962,17.745506227883908,339.8460337666949,0.02610815555385625,728370.6021398796,ok,35.491012455767816,-0.103007|-0.114097
1181,728370.8337910981,5.680887915597154,27.166710146414605,1651.9569504007104,0.00822258417201031,728370.7221008176,ok,54.3334202928292,-0.103007|-0.114097
1182,728370.8337910981,6.312047450564294,4.075794242444873,44.085958321310876,0.046225537536683875,728370.7395882081,ok,8.151588484889743,-0.103007|-0.114097
1183,728370.8337910981,4.8133869844594255,8.75775380724403,159.22543150164168,0.02750111500609667,728370.7133671007,ok,17.515507614479077,-0.103007|-0.114097
1184,728370.8337910981,2.9953075551492,19.52590112432823,244.1852811785265,0.03998173237569678,728370.4434514215,ok,39.051802248655605,-0.103007|-0.114097
1185,728370.8337910981,6.391997148368017,20.058604678674982,1847.9100279044349,0.0054273758937879195,728370.7793583043,ok,40.117209357326516,-0.103007|-0.114097
1186,728370.8337910981,4.619150429370436,19.009292139977713,149.5824202735992,0.06354119723831206,728370.2298545075,ok,38.01858427995539,-0.103007|-0.114097
1187,728379.6361514002,0.612531317557228,9005.348042907703,6155294.616219629,0.0007315123486679244,728376.3423897515,ok,18010.6960858005,-0.103032|-0.114096
1188,728379.6361514002,0.6030623056660805,11132.849546925865,9002624.225723444,0.0006183113538781098,728376.1943677623,ok,22265.699093832787,-0.103032|-0.114096
1189,728379.6361514002,0.6354849363532447,9074.205225337884,6861526.064877701,0.0006612381225064705,728376.636046187,ok,18148.410450675765,-0.103032|-0.114096
1190,728379.6361514002,0.6005885605520381,12500.161416532213,12760961.808331238,0.0004897813191624492,728376.574978626,ok,25000.322833064423,-0.103032|-0.114096
1191,728379.6361514002,0.6284390743905793,9938.388497899654,8145070.824669714,0.0006100860699576949,728376.60451521,ok,19876.776995798435,-0.103032|-0.114096
1192,728367.686377749,2.606076753762421,11.152204594383708,63.83148138445431,0.0873566173970995,728367.1992683139,ok,22.30440918875749,-0.103066|-0.114123
1193,728364.815521354,5.433611173458259,24.76747754557196,2330.9544659762655,0.005312733025696125,728364.749729856,ok,49.5349550911439,-0.103017|-0.114123
1194,728364.815521354,4.534424123084162,18.82114033086097,505.36333559083255,0.018621394752407906,728364.6402834121,ok,37.64228066172194,-0.103017|-0.114123
1195,728364.815521354,7.273446221800617,10.090749550242805,345.26893985702253,0.014612883444455547,728364.7417938805,ok,20.18149910048561,-0.103017|-0.114123
1196,728364.815521354,4.917066809895346,7.9921154070504645,116.26187089033135,0.03437118010336057,728364.678172135,ok,15.984230814100925,-0.103017|-0.114123
1197,728364.815521354,3.7611594759309117,12.779616236088074,490.5279722351668,0.013026388870196097,728364.7322852286,ok,25.55923247217615,-0.103017|-0.114123
1198,728364.815521354,5.364360987665566,8.097566527472459,145.97487143238985,0.02773616598533177,728364.7032236294,ok,16.195133054931915,-0.103017|-0.114123
1199,728364.815521354,5.040776627660091,19.71817662013658,1705.1706075635316,0.005781877934288143,728364.7585173087,ok,39.43635324025118,-0.103017|-0.114123
1200,728364.815521354,4.871880968181952,24.144952497934952,1017.5293201056741,0.011864499636937937,728364.6722874639,ok,48.289904995869904,-0.103017|-0.114123
1201,728364.815521354,6.08641706518679,8.029634459948365,131.3727541056324,0.030560501355905226,728364.6928265266,ok,16.0592689198879,-0.103017|-0.114123
1202,728364.815521354,8.107482015580167,12.0396298361231,851.6913258723039,0.007068071184000898,728364.7729728736,ok,24.079259672246195,-0.103017|-0.114123
1203,728364.815521354,3.418450466407261,15.247503257410495,421.80265649051677,0.018074214354495535,728364.6777280329,ok,30.495006514810882,-0.103017|-0.114123
1204,728364.815521354,5.054563577858166,16.62869759903927,286.2823064410359,0.029042482236785034,728364.5740520267,ok,33.25739519807854,-0.103017|-0.114123
1205,728364.815521354,5.586743651796945,18.783869448925763,994.0335925446155,0.009448307174831558,728364.7267834697,ok,37.56773889783008,-0.103017|-0.114123
1206,728364.815521354,4.772302684275149,19.45266437381443,476.3370195038429,0.020419013825627604,728364.6169192427,ok,38.90532874761607,-0.103017|-0.114123
1207,728364.815521354,4.468339219894097,15.686697435163067,183.9684026594966,0.04263421655129891,728364.4811263263,ok,31.37339487032608,-0.103017|-0.114123
1208,728364.815521354,4.181821580412176,15.543698121456297,516.8540555026569,0.01503683482403902,728364.6986573434,ok,31.0873962428995,-0.103017|-0.114123
1209,728364.815521354,3.8952336612654457,20.46388721496551,556.6399428578349,0.018381619462935272,728364.6274416602,ok,40.92777442993102,-0.103017|-0.114123
1210,728362.0014097091,2.277752558519053,4.958677367812942,26.167576783124552,0.09474850134023087,728361.7664960845,ok,9.917354735619995,-0.103083|-0.114124
1211,728362.0014097091,3.490240306268217,2.1615948387433264,9.620296552944522,0.11234554084934724,728361.8799869386,ok,4.323189677486653,-0.103083|-0.114124
1212,728362.0014097091,1.324796347006399,6.245638053899786,75.36284378664715,0.04143711768349162,728361.8720090896,ok,12.491276107790867,-0.103083|-0.114124
1213,728362.076550514,4.304038473179452,5.367106307329806,71.93931133960012,0.03730301421703628,728361.9764458926,ok,10.734212614659612,-0.103069|-0.114124
1214,728362.076550514,8.128801135621513,6.2237606399422996,317.7646584440243,0.009793034679214718,728362.046075762,ok,12.447521279884597,-0.103069|-0.114124
1215,728362.076550514,7.376021258278244,7.878319209602957,268.11722363791813,0.014691930459943745,728362.0186766549,ok,15.75663841919419,-0.103069|-0.114124
1216,728362.076550514,7.557892861042507,4.018641882720999,248.24806296243926,0.008094004510579067,728362.0602870611,ok,8.037283765441998,-0.103069|-0.114124
1217,728362.076550514,5.853810618299463,10.278652840831896,247.0699132359556,0.020801101814075643,728361.9696468618,ok,20.557305681650803,-0.103069|-0.114124
1218,728361.1271165105,6.857385980437197,16.436226659166067,2493.0593088571895,0.0032963970413323984,728361.100026346,ok,32.872453318332134,-0.103159|-0.114122
1219,728361.1271165105,7.454918714197332,13.10587668585555,2631.54036700291,0.002490153077298597,728361.1107986909,ok,26.211753371697398,-0.103159|-0.114122
1220,728361.1271165105,6.966322005385839,11.755962798010895,1674.7400346140746,0.00350978735655529,728361.1064860458,ok,23.511925596008723,-0.103159|-0.114122
1221,728361.1271165105,9.005061934926992,17.5108120452617,6506.840017335004,0.0013455695851297092,728361.1153355025,ok,35.0216240905234,-0.103159|-0.114122
1222,728361.1271165105,6.809662692324135,13.797137589090113,2601.014239362772,0.0026522610642205294,728361.1088197052,ok,27.594275178180226,-0.103159|-0.114122
1223,728361.1271165105,6.204646172068793,12.305797026094922,1577.378499168433,0.0039007115389813945,728361.1031158284,ok,24.611594052189844,-0.103159|-0.114122
1224,728361.1271165105,8.363638359236699,10.020689155075575,2009.5153282049678,0.0024933099574877883,728361.1146241685,ok,20.041378310146627,-0.103159|-0.114122
1225,728361.1271165105,5.593164776940341,8.657178884657814,891.4509489281256,0.004855667546861185,728361.1060983192,ok,17.31435776931562,-0.103159|-0.114122
1226,728361.1271165105,6.3208732175941265,14.034618717332854,2056.251318255376,0.003412671056483628,728361.1031687419,ok,28.069237434652592,-0.103159|-0.114122
1227,728361.1271165105,7.223856713721002,10.047491866515516,1614.795944883401,0.0031110716800942335,728361.1114872769,ok,20.09498373303103,-0.103159|-0.114122
1228,728361.1271165105,7.653379775775427,20.34016117109469,3641.382186434128,0.002792917651828942,728361.0987123129,ok,40.680322342189356,-0.103159|-0.114122
1229,728361.1271165105,6.023674769084136,12.85298753748265,2072.839797910196,0.003100333067331307,728361.1071922394,ok,25.705975074965295,-0.103159|-0.114122
1230,728360.9446310968,3.8986646734634007,8.161554758487963,128.083404941413,0.03186031306015468,728360.814616252,ok,16.323109516954077,-0.103147|-0.114122
1231,728360.9446310968,5.528202122323642,3.2550326983891393,15.924535095872159,0.10220181244829198,728360.7782959761,ok,6.5100653967743085,-0.103147|-0.114122
1232,728359.8745151674,13.031613808196944,0.8694188741063235,11.914281579355565,0.03648641625244137,728359.858654178,ok,1.7388377482126316,-0.103200|-0.114123
1233,728359.8745151674,5.261937637355445,0.8812418941485658,0.003728976508769577,1.3701051022006674,728358.674121142,ok,1.7624837882959241,-0.103200|-0.114123
1234,728358.6768457136,1.7586996119530494,327.3083754949607,120263.04115012173,0.0013608020068542456,728358.4541447664,ok,654.6167509895348,-0.103171|-0.114122
1235,728354.7614951148,7.6320581440400215,0.4733608213372522,-7.735645595774443e-05,1.9991397986223012,728353.814871498,ok,0.946721642674504,-0.103171|-0.114129
1236,728353.814773472,1.7319512980077172,371.8558041260775,224909.94736055078,0.0008266770956332121,728353.661071134,ok,743.7116082521547,-0.103162|-0.114125
1237,728353.814773472,1.9210200832208943,332.6068984890616,165729.79365459425,0.0010034613908416017,728353.6478943815,ok,665.2137969781231,-0.103162|-0.114125
1238,728353.814773472,1.8831723452816784,301.5951184458335,141251.29736815975,0.0010675835339754472,728353.6537844808,ok,603.1902368916476,-0.103162|-0.114125
1239,728353.814773472,1.9479240271331688,399.63116483205704,258704.12328769296,0.0007723710773400499,728353.6604416954,ok,799.262329664113,-0.103162|-0.114125
1240,728353.814773472,1.7662503673084384,378.66134079029626,230917.9662731283,0.0008199044597994122,728353.659540411,ok,757.3226815805922,-0.103162|-0.114125
1241,728353.814773472,1.8053242282610926,397.9359982095495,262587.1019285832,0.0007577219050114992,728353.6640110607,ok,795.8719964190983,-0.103162|-0.114125
1242,728353.814773472,1.8848041349155529,383.57310256269307,232366.3443760928,0.0008253628630957567,728353.656479975,ok,767.1462051253814,-0.103162|-0.114125
1243,728353.814773472,1.9925452718514602,1132.695140129239,2164702.3420855687,0.00026162838144249225,728353.6666008739,ok,2265.390280258478,-0.103162|-0.114125
1244,728353.814773472,2.731737018601645,136.36604272187526,46686.21906790383,0.0014604528428778369,728353.7151953846,ok,272.73208544351274,-0.103162|-0.114125
1245,728353.814773472,1.9748540984290124,384.9610904780451,237123.8024174977,0.0008117301733384279,728353.6585312056,ok,769.9221809560901,-0.103162|-0.114125
1246,728353.814773472,2.560755593779141,100.34059669531227,22273.237681518025,0.0022524923886250558,728353.7017652569,ok,200.68119339061963,-0.103162|-0.114125
1247,728353.814773472,1.9792889475240283,370.242596319681,231820.49230723266,0.0007985545036048776,728353.6669440257,ok,740.4851926385904,-0.103162|-0.114125
1248,728353.814773472,1.9191150369571832,385.3944357036536,223253.7940375456,0.0008631307641715599,728353.6484505752,ok,770.7888714065509,-0.103162|-0.114125
1249,728350.7177844439,7.453490513605092,0.7943390521173086,6.670993724405951,0.05953678604217576,728350.6941382467,ok,1.5886781042346172,-0.103145|-0.114160
1250,728350.7177844439,5.1378607790701665,1.9679179032918355,45.51068506149451,0.021620394206687554,728350.6965108634,ok,3.9358358065796892,-0.103145|-0.114160
1251,728350.7177844439,6.299250198530332,2.6994305053275416,84.81980416002929,0.015912737196578132,728350.6963067797,ok,5.398861010655082,-0.103145|-0.114160
1252,728350.7177844439,5.96421165262823,2.5946118474342375,77.94906093582645,0.016642996184202383,728350.6961933863,ok,5.189223694868474,-0.103145|-0.114160
1253,728350.7177844439,6.1121162162315255,2.742398586123387,93.85552975075225,0.014609680396063219,728350.6977516604,ok,5.484797172246772,-0.103145|-0.114160
1254,728350.7177844439,3.944492203126303,6.178875999931322,184.13712545212115,0.016777920217772534,728350.6659500996,ok,12.357751999856418,-0.103145|-0.114160
1255,728350.7177844439,5.81052692874434,1.9679179032920944,45.24055804930278,0.02174948749689907,728350.6963838409,ok,3.9358358065796892,-0.103145|-0.114160
1256,728350.7177844439,5.697059735987453,2.4822676169495566,72.60878474099852,0.017093438664508766,728350.6965691993,ok,4.964535233899113,-0.103145|-0.114160
1257,728350.7177844439,5.127392323386364,2.1517610523045168,54.284289591540386,0.019819371944399963,728350.6964611675,ok,4.3035221046050935,-0.103145|-0.114160
1258,728350.7177844439,5.381550231700254,3.983544567008016,88.45265341840086,0.02251794837722368,728350.6729338184,ok,7.967089134011246,-0.103145|-0.114160
1259,728350.7177844439,5.974453069924783,2.426777106516056,67.92646714943277,0.01786326603131988,728350.6961093614,ok,4.853554213032112,-0.103145|-0.114160
1260,728350.7177844439,5.9662058489273,2.1428792426139034,53.67834622767546,0.019960369433932732,728350.6963981133,ok,4.285758485227802,-0.103145|-0.114160
1261,728350.7177844439,5.299841151112962,2.435805755514014,69.66767870838277,0.017481605535544602,728350.6964935462,ok,4.871611511027936,-0.103145|-0.114160
1262,728350.7177844439,5.126471449393078,2.215672064258488,57.71414192505718,0.019195226597456625,728350.6965192802,ok,4.431344128513047,-0.103145|-0.114160
1263,728350.7177844439,5.084378185380742,3.759116511662155,74.53368904552408,0.025217566444122614,728350.6703865587,ok,7.518233023320477,-0.103145|-0.114160
1264,728350.7177844439,5.81611080154719,2.1438946666770566,55.12132714294498,0.019447052328015794,728350.696938228,ok,4.287789333354112,-0.103145|-0.114160
1265,728350.7177844439,6.556562358953881,0.5855207804452078,0.043893678139925285,1.4234289643034888,728349.9732723825,ok,1.1710415608904157,-0.103145|-0.114160
1266,728349.8824123647,0.0,0.0,0.0,0.0,728349.8824123647,no_positive_direction,0.0,-0.103051|-0.114160
1267,728349.8824123647,4.608483252773509,10.420648416800084,379.2611102936893,0.013738092482947465,728349.8108324489,ok,20.841296833600154,-0.103051|-0.114160
1268,728349.8824123647,0.0,0.0,0.0,0.0,728349.8824123647,no_positive_direction,0.0,-0.103051|-0.114160
1269,728349.8824123647,4.660988473250004,10.259702168128644,354.25481000656805,0.014480681529685404,728349.8081286249,ok,20.519404336245884,-0.103051|-0.114160
1270,728349.8824123647,5.749993568616457,3.103278335386392,131.22249847671492,0.011824490355733703,728349.8640650223,ok,6.206556670772784,-0.103051|-0.114160
1271,728349.8824123647,34.91587880056026,0.10131833403570371,0.17793570783206647,0.28470489501558255,728349.8679894519,ok,0.20263666807113623,-0.103051|-0.114160
1272,728349.8824123647,4.793744226054558,1.4949744724811438,7.550474670721718,0.09899870787449748,728349.8084120943,ok,2.989948944961043,-0.103051|-0.114160
1273,728349.8824123647,7.228603165758092,1.349368491164976,45.068352810019626,0.014970244162828416,728349.8723121767,ok,2.6987369823273184,-0.103051|-0.114160
1274,728349.8824123647,4.2824197992533435,2.0960608123774156,0.9895985525367106,1.0209158900949575,728348.7739387205,ok,4.192121624753526,-0.103051|-0.114160
1275,728348.0629424767,6.517612012072474,2.7671946610787477,91.91308410338185,0.015053322865144351,728348.0421147393,ok,5.5343893221574945,-0.103062|-0.114159
1276,728348.0629424767,5.375342701537313,2.16777848046077,55.054638249780524,0.019687519066292403,728348.0416033866,ok,4.335556960917415,-0.103062|-0.114159
1277,728348.0629424767,4.999251144126232,3.4632157717614405,59.90908672729077,0.02890392727505742,728348.0128922083,ok,6.926431543522881,-0.103062|-0.114159
1278,728347.078983525,0.0,0.0,0.0,0.0,728347.078983525,no_positive_direction,0.0,-0.102996|-0.114159
1279,728347.078983525,193.53279453858713,0.017393342429699123,2.6493215710132745e-07,1.9999998112489665,728347.0441979032,ok,0.034786684859398065,-0.102996|-0.114159
1280,728347.0441968403,28.12613625512474,0.10179844045328489,0.009340096112369523,1.9021793382544887,728346.8843530914,ok,0.20359688090655936,-0.103028|-0.114156
1281,728346.8505767507,0.0,0.0,0.0,0.0,728346.8505767507,no_positive_direction,0.0,-0.102939|-0.114156
1282,728346.8505767507,0.0,0.0,0.0,0.0,728346.8505767507,no_positive_direction,0.0,-0.102939|-0.114156
1283,728346.8505767507,0.0,0.0,0.0,0.0,728346.8505767507,no_positive_direction,0.0,-0.102939|-0.114156
1284,728346.8505767507,0.0,0.0,0.0,0.0,728346.8505767507,no_positive_direction,0.0,-0.102939|-0.114156
1285,728346.8505767507,0.0,0.0,0.0,0.0,728346.8505767507,no_positive_direction,0.0,-0.102939|-0.114156
1286,728346.8505767507,0.0,0.0,0.0,0.0,728346.8505767507,no_positive_direction,0.0,-0.102939|-0.114156
1287,728346.8505767508,1.485407022743155,52.41660783689015,113.22792982494376,0.23146501008156264,728340.7842714201,ok,104.8332156737803,nan
1288,728346.8505767507,0.0,0.0,0.0,0.0,728346.8505767507,no_positive_direction,0.0,-0.102939|-0.114156
1289,728346.8505767507,0.0,0.0,0.0,0.0,728346.8505767507,no_positive_direction,0.0,-0.102939|-0.114156
1290,728346.8505767507,0.0,0.0,0.0,0.0,728346.8505767507,no_positive_direction,0.0,-0.102939|-0.114156
1291,728346.8505767507,0.0,0.0,0.0,0.0,728346.8505767507,no_positive_direction,0.0,-0.102939|-0.114156
1292,728346.8505767507,0.0,0.0,0.0,0.0,728346.8505767507,no_positive_direction,0.0,-0.102939|-0.114156
1293,728346.8505767507,0.0,0.0,0.0,0.0,728346.8505767507,no_positive_direction,0.0,-0.102939|-0.114156
1294,728346.8505767508,1.814165847859835,49.15325511288936,111.7581618126537,0.21990901745184233,728341.4459547326,ok,98.30651022577872,nan
1295,728336.4433267035,0.0,0.0,0.0,0.0,728336.4433267035,no_positive_direction,0.0,-0.102558|-0.113527
1296,728336.4433267035,0.0,0.0,0.0,0.0,728336.4433267035,no_positive_direction,0.0,-0.102558|-0.113527
1297,728336.4433267035,0.0,0.0,0.0,0.0,728336.4433267035,no_positive_direction,0.0,-0.102558|-0.113527
1298,728336.4433267035,0.0,0.0,0.0,0.0,728336.4433267035,no_positive_direction,0.0,-0.102558|-0.113527
1299,728336.4433267035,0.0,0.0,0.0,0.0,728336.4433267035,no_positive_direction,0.0,-0.102558|-0.113527
final,728336.4433267035,,,,,,loss_plateau,,
