round,old_loss,beta,direction_gain,interaction,step,expected_loss,status,max_gain_sum
0,447725820.0287791,0.0001323025144917263,281557767.88991797,126291850.05667177,1.0002870241033757,292451596.34398896,ok,563115535.7798359
1,292881181.89253604,0.00021869779526393406,164244068.37685347,60505062.49212598,1.0000000673506682,189142173.09597385,ok,328488136.7535408
2,188321092.32515773,0.0002301499171155187,159626877.9040707,75098817.0848605,1.000029262796772,103792755.64421238,ok,319253755.80814135
3,103987632.06721298,0.0002722697182264007,143252354.5048771,214331865.59418088,0.3341835198134122,80051344.04221371,ok,286504709.0097542
4,80173077.6669399,0.00038854481855199783,86567330.76691876,44609208.615367964,0.9702854349347966,38175567.574777804,ok,173134661.53383753
5,37619928.765298374,0.0002874411666338067,112750657.26015003,349487462.4560717,0.16130858667687123,28526104.180536818,ok,225501314.52030003
6,28616628.824949816,0.00055446137656043,15714114.68124736,4810701.838786467,1.000061685847707,17712840.16675124,ok,31428229.362494715
7,17519994.78124207,0.000963480978150864,8387294.302654813,2035026.4988840972,1.0001397702290649,11167123.595420942,ok,16774588.605300259
8,11113250.77798968,0.001251571970134667,6536078.756687614,4106361.8558405573,0.7958478802094882,8512388.566293627,ok,13072157.513375225
9,8547039.033187281,0.0014383714384186837,8263946.866780153,31188075.166050527,0.13248568279352793,7999611.71157988,ok,16527893.733560301
10,8027076.648713419,0.0016004221260255288,5413662.196138666,3963537.0233190036,0.6829332190273513,6178491.77354559,ok,10827324.392271072
11,6211958.448909458,0.001958490204885713,4149538.8143449584,6954009.480231215,0.298355849682203,5592938.859537872,ok,8299077.628685055
12,5573491.014380083,0.0031934737576865477,2274903.967942064,1397558.7338349232,0.8138849240703079,4647735.992772198,ok,4549807.935884128
13,4629933.573656303,0.0017899994461544717,4318203.146837844,10612491.716206342,0.20344907031793077,4190666.3658222416,ok,8636406.293675687
14,4178406.0887724087,0.0029850379727076426,3044055.051030005,8046978.131298635,0.18914274410602566,3890525.625991597,ok,6088110.102056771
15,3889463.660902468,0.0036017419590552973,2391553.4052498573,3264843.6298506274,0.36625849143030403,3451500.2897115587,ok,4783106.810499643
16,3448063.3172865193,0.0037357085278921314,2362910.617837155,13430540.073452063,0.08796781830493484,3344133.271336169,ok,4725821.235674299
17,3360090.343967332,0.0038869438909762874,2016283.1233666309,2730204.860101445,0.36925491431652363,2987829.117989033,ok,4032566.2467332594
18,3020447.4911786653,0.002864189392604098,2799317.182605691,11110346.599520197,0.1259779412609225,2844121.38337817,ok,5598634.365211381
19,2848672.0405197763,0.004325181213447304,1507095.630560884,2363285.730959663,0.3188559916428081,2608398.804628259,ok,3014191.2611203957
20,2610979.7856962243,0.003051776044235472,3083072.9341427255,14168873.560799802,0.10879739031169296,2443264.641008553,ok,6166145.868285451
21,2446342.4385965313,0.0055363652703218,1227334.507921542,1414863.831552894,0.4337288439179593,2180177.2499858174,ok,2454669.01584192
22,2178128.2094968413,0.0027240670262924666,3170015.842959986,33098155.99946507,0.04788810353983496,2102225.186041549,ok,6340031.685916188
23,2114886.2209329735,0.0063281757534405965,1459813.9388523786,9849939.697645135,0.07410268406015634,2060798.1553842784,ok,2919627.877704757
24,2043236.9257479375,0.007902960107702863,1167679.4201322002,2728998.372844277,0.2139391931764319,1918330.7292320342,ok,2335358.8402644005
25,1907425.0761599736,0.005782519672666791,1255325.0515903072,4904693.706945751,0.1279718089034374,1827101.9673530674,ok,2510650.1031806143
26,1833129.951887507,0.008565135141671969,907799.5914236642,1932793.6438789356,0.23484131228872307,1726535.5282149569,ok,1815599.1828465145
27,1731598.4503773726,0.00487742172578116,1685755.6882952764,27467063.86086303,0.030686856389795226,1705733.1790198737,ok,3371511.37658822
28,1708149.1743092993,0.006745454355929038,791236.4878518437,1361299.6467102964,0.29061804642495065,1593175.3731294782,ok,1582472.9757030492
29,1581371.699287667,0.006652153007290472,1427093.3302960435,13370443.794399563,0.053367463049125034,1543291.5240015537,ok,2854186.6605903227
30,1535233.2999639355,0.011468743981985881,634032.2739508289,674864.0254385293,0.46974816411263903,1386315.5516256536,ok,1268064.5479011126
31,1368321.4367154862,0.005951902220613063,1618820.6011337452,12283300.577326505,0.06589517983960652,1314985.1993956023,ok,3237641.20226749
32,1309206.5092616233,0.010237203157829451,695638.3673947862,2671966.058196872,0.1301735037503106,1263929.6674481607,ok,1391276.7347890227
33,1280211.7319741468,0.012315353100003416,954723.9778696161,14881871.31481641,0.032076744841863125,1264899.5132578807,ok,1909447.9557392003
34,1266062.8780195932,0.013192874868237572,524347.9122545774,2142493.7620983957,0.12236859717645616,1233981.0187920951,ok,1048695.8245087466
35,1237176.1531693644,0.009328430492922616,597059.4467371713,4715748.147573182,0.06330484878040295,1218277.7741750604,ok,1194118.8934743146
36,1215047.4303351413,0.020328838799321652,330461.59636809194,1972221.7399428554,0.08377901674932023,1201204.5565265766,ok,660923.1927359625
37,1206414.2333413835,0.014961791992839956,530821.4829170355,5299547.659542109,0.05008177273028803,1193121.9929074808,ok,1061642.965834071
38,1192109.3012223684,0.01455152391993867,428920.6155493349,2527074.264744965,0.08486505947474046,1173909.1144481,ok,857841.2310986698
39,1179589.5089051672,0.010976494933930074,802674.8176817342,23978712.692060318,0.016737237482050298,1172872.2293829669,ok,1605349.6353634684
40,1173961.2310610656,0.018449424761040403,264862.721316678,2260683.0428771493,0.05858024240753135,1166203.369851341,ok,529725.4426331026
41,1163618.128322217,0.02418454236843467,288241.8972891475,2191419.286830046,0.06576603095113259,1154139.865552951,ok,576483.794578295
42,1151334.232363238,0.012591027116290105,513975.5093465834,4551342.738730901,0.0564641622100625,1136823.6340973657,ok,1027951.0186927146
43,1136182.9782181908,0.01861580487463046,355455.9892740708,1990153.9041548588,0.08930364343480741,1120311.2207567417,ok,710911.9785481415
44,1121819.9185590348,0.009972329895935666,490579.1100790885,4117205.4781024265,0.059576709577437804,1107206.373976065,ok,981158.2201577182
45,1107212.953527424,0.023729855728221685,413817.8862775257,10910922.37526424,0.01896346945037742,1103289.242105202,ok,827635.7725550514
46,1106243.2323791094,0.018613985160120836,348758.0584824014,8947598.36261026,0.019488920062604324,1102844.773417633,ok,697516.1169644172
47,1103625.0805555757,0.02626154330908285,192784.7509822299,834964.0660019128,0.11544493878961028,1092497.0686672188,ok,385569.5019644597
48,1094174.0431149886,0.008866207848280166,595091.3443389257,14804391.747293103,0.020098473294174163,1088193.8293690935,ok,1190182.6886778513
49,1088664.525653707,0.025689329313075968,252209.7343025877,2614756.4786810856,0.04822814980265491,1082582.7212298906,ok,504419.46860517527
50,1081060.6747507215,0.020688794432818933,310075.09126485925,7321948.148185078,0.021174357219513967,1077777.854377064,ok,620150.1825297185
51,1078396.6996672358,0.028988696279908927,136782.6886684515,384298.132473983,0.17796429010452153,1066225.4826235014,ok,273565.37733690295
52,1063559.0017506275,0.010930374978857097,693235.5996475198,8875464.436320022,0.03905348303862686,1050022.3693843242,ok,1386471.1992950395
53,1051395.388842912,0.022696914319948483,374910.31870200735,4993551.766758916,0.03753944448896185,1044358.4262942853,ok,749820.6374040146
54,1045086.6815631243,0.018682832606247857,218951.99966696708,1800203.1555230857,0.06081313628276196,1038429.102665559,ok,437903.9993339327
55,1042853.763236464,0.015026287419253857,504597.68286865344,15701886.251527326,0.016068059428833624,1038799.8104584713,ok,1009195.3657366532
56,1038183.4129775448,0.04036772919830706,226474.521846108,3118799.240224383,0.036307967330050754,1034071.9982074061,ok,452949.0436922159
57,1036156.6029256015,0.03973036093754772,182020.48225242988,908602.8301157614,0.10016504253527331,1027040.5582520488,ok,364040.9645048597
58,1021839.9734168166,0.01764153199663949,392589.03267403215,7747605.912658855,0.025336151393076073,1016866.6258332713,ok,785178.0653475975
59,1017696.8450769506,0.030909762629702655,283570.32850732043,3090536.9916777844,0.04587719371599826,1011192.1396304307,ok,567140.6570143771
60,1011511.6688406153,0.026940518953179435,266797.5587855152,8937925.050465723,0.014925027748560799,1009520.6883565543,ok,533595.1175710303
61,1010400.1330909418,0.035164404220645894,152695.75126590885,614507.1233107502,0.12424245828367078,1000914.4853375675,ok,305391.5025318177
62,998867.412302171,0.02729621954139869,315822.47096754226,15730389.113528486,0.01003860962015008,997282.2030545139,ok,631644.9419350845
63,997956.4233456799,0.04318491996608803,190433.6564537021,2773390.0554242944,0.03433228875996819,994687.4117041873,ok,380867.31290727516
64,994858.6816494786,0.04722515406218064,149413.39790286918,1520222.8102915646,0.04914194054035181,991187.4494916413,ok,298826.79580573837
65,991014.61345151,0.030513768329447837,207441.4137845722,4527904.976986406,0.022906997257994246,988638.6835031311,ok,414882.8275689437
66,988620.0883101259,0.04021035630735662,130109.53452399172,451224.32332083996,0.14417389289481877,979240.8892625974,ok,260219.06904798342
67,979711.9133128,0.014145081711915732,669523.2623918273,14795306.857478414,0.022626203999730195,972137.5283540789,ok,1339046.5247836544
68,971078.1309135499,0.037410811554328426,192501.1307048184,4320112.889942559,0.022279641251154655,968933.7028472774,ok,385002.2614096368
69,968427.4513991438,0.030193158291924642,139534.03461120662,221121.473110745,0.3155144379427215,946414.9501470262,ok,279068.0692223447
70,944336.8717573958,0.016506466567363442,554801.9251533749,15982805.755147623,0.01735621184580462,939522.2418846848,ok,1109603.8503067496
71,940066.258304182,0.026004322229346895,248142.19313820414,4277066.031928383,0.02900845945395953,936467.1469299489,ok,496284.3862764082
72,935072.515058056,0.03726433660893241,182403.47310118834,1724394.1051586538,0.0528891488771374,930248.9328357782,ok,364806.9462023765
73,928156.4655840588,0.03857958047027484,205883.93604090603,8160587.5484526055,0.012614528967337979,926857.9011465099,ok,411767.87208163575
74,927018.8466357217,0.03946156859560712,133654.32834226522,364879.35945049557,0.18314865568656338,914779.5413544335,ok,267308.6566845304
75,918222.2310033682,0.015550539328373912,864701.9397053829,44351188.361185454,0.009748351415789103,914007.5218142869,ok,1729403.8794095863
76,914365.5467957333,0.02021133097511971,350552.671592965,4013661.162843263,0.04366993841411301,906711.2400060495,ok,701105.3431856366
77,907085.470849018,0.04720980391970715,213337.88017843978,7493452.1601947285,0.0142349531042376,905567.0434891692,ok,426675.7603568794
78,905965.2302074116,0.0319131146294217,259637.21749697253,21620065.20335351,0.0060045428877036865,905185.7288035593,ok,519274.43499394506
79,904793.8413085144,0.07133402969467086,129008.94378481909,5619105.6654936345,0.011479490818000638,904053.3628157055,ok,258017.88756963814
80,903000.0047281166,0.029820275381123536,105045.72485197117,78203.54453075728,0.6716174150562761,867724.7356342197,ok,210091.44970390358
81,866771.7499346888,0.009806217641047412,1388395.6466082558,75714323.6294024,0.009168645905126302,860406.8959047039,ok,2776791.2932145037
82,862885.9082224199,0.014741075239059065,658766.5346042531,11601599.517536402,0.028391194404206694,853534.3238469525,ok,1317533.0692085063
83,854048.3554421575,0.023817138353834432,311043.7698108356,7692561.886272598,0.020217176956736235,850904.1419743795,ok,622087.5396216711
84,851729.5821385044,0.029278853173639686,184333.2941591311,2476079.9009489245,0.037222808134844076,848298.8807178298,ok,368666.58831826213
85,848213.9121064156,0.04413577160104484,148621.40893133281,3433716.3712828243,0.021641480084711888,846605.718475641,ok,297242.8178626655
86,847487.3072498537,0.06186908140955446,131521.75340051894,1470721.9426446056,0.04471333077550359,844546.9194178679,ok,263043.50680095074
87,843016.0640122377,0.03146896970395014,267514.8673341657,16410963.540867409,0.00815049240308123,841925.8750652785,ok,535029.7346680058
88,841462.6759216586,0.058261680441847034,111089.6503557868,2679154.6258710977,0.020732220769017245,840311.108343494,ok,222179.30071146484
89,839439.3903047864,0.05416406516733522,94411.71109245984,579241.3971200115,0.08149599766338776,835592.3020114925,ok,188823.42218491965
90,836705.8309607687,0.01555965706895871,519680.536984462,22970226.9629135,0.011312046194047418,833766.505840511,ok,1039361.0739681525
91,833419.9729230553,0.044859587855185554,191989.4080356803,6338198.5497033065,0.015145423934744629,831966.0924352148,ok,383978.8160711852
92,831660.4588660202,0.06434610900865069,102530.52978876671,969871.9275919171,0.052857767542225126,828950.6914112424,ok,205061.0595775334
93,828860.6700282812,0.038399718051332146,207017.77647101288,9586684.657717181,0.010797151667253691,827743.0688630935,ok,414035.5529418228
94,827689.6579494363,0.07676874613632202,117934.0575616561,3581023.537077209,0.016466529239558218,826718.675645847,ok,235868.1151233121
95,826724.8032799595,0.05110590559572364,106905.10295175368,1830480.183758666,0.029201382211152156,825163.914894151,ok,213810.2059034378
96,825639.6018291785,0.054142326536230495,173163.09545284061,12384457.587447412,0.006991145725605074,825034.2976118748,ok,346326.19090568123
97,824879.2307897365,0.09968043932592933,46226.27981180795,642937.4645086318,0.035949281511489316,824048.3300166448,ok,92452.55962361587
98,825315.2131911211,0.030028471306880092,156410.48764915974,6161276.337996937,0.012693026498792748,824322.5519589112,ok,312820.9752983194
99,824707.8798871409,0.0515344569575408,88449.0167558149,2811236.624922468,0.015731336162115892,824012.1692792437,ok,176898.03351154662
100,823948.5798856193,0.06117044714478316,76328.53465472157,1213658.5071340338,0.031445639035219984,822748.4801111994,ok,152657.06930944315
101,821824.1908430784,0.07481297472728314,78410.30630453269,4464523.385161528,0.008781486794888382,821479.9113083802,ok,156820.61260906537
102,821550.3735650601,0.07653241457495484,77979.07184502808,483787.09772041556,0.08059234342178842,818408.1154961366,ok,155958.14369005614
103,816894.4154264178,0.05147267537686563,172744.48150119896,11680109.38666087,0.007394814371279764,816255.7087392356,ok,345488.9630021789
104,816616.1725510295,0.05860018061098268,138756.4680871048,8562492.62082885,0.008102574462345823,816054.0302436255,ok,277512.9361742096
105,815652.9296098285,0.09600160085247228,89051.62088717894,1816367.1926754038,0.02451366145740913,814561.4389664977,ok,178103.2417742891
106,814546.123120002,0.04794019299825428,147484.7321397203,10659150.622649657,0.006918221599492628,814035.9570902598,ok,294969.4642794405
107,813915.1872864545,0.07755535654019906,65156.90976404892,502764.6827416732,0.06479861454143485,811804.1485461987,ok,130313.81952806642
108,811461.2184150649,0.07627681315622963,88185.44734463503,4795665.820956454,0.009194286115524957,811055.8172980087,ok,176370.89468927006
109,811177.3947887912,0.08909268568715632,42366.899499593535,709047.1958259648,0.029875937560292155,810544.5193667547,ok,84733.79899918704
110,810603.0021552434,0.05126539165093935,115221.73006066453,11379567.253845181,0.005062658688612735,810311.3380088392,ok,230443.46012132638
111,810458.6915029869,0.08556337550498741,56112.12154225816,1371983.0123830724,0.020449277081351736,809884.965342467,ok,112224.24308451632
112,809964.5861755224,0.07537692226682013,80237.03205503324,3979548.9664904866,0.010081171601438196,809560.144531054,ok,160474.0641100051
113,809777.2876898886,0.048987257229546256,127314.53989496778,14329013.216850387,0.004442543878222215,809494.487474979,ok,254629.07978976902
114,809406.2781041084,0.06720370753911904,73775.22550473436,1341061.857982738,0.027506272386163114,808391.6373800666,ok,147550.45100946873
115,808354.1337122674,0.05995544507747038,117269.79211275837,12157423.49127243,0.004822970598866774,808071.3393325198,ok,234539.58422551668
116,807782.7412869612,0.08701147969912379,77650.16202812135,3598538.994732685,0.010789123327797861,807363.8526996889,ok,155300.32405618505
117,806871.9391799449,0.081764956290996,31051.867831421176,447290.37999013945,0.03471108391835492,806333.0171848858,ok,62103.73566284235
118,806883.6086933599,0.04123562220681653,166750.74951680755,5777241.510271842,0.014431692808784905,805680.3608970293,ok,333501.49903361493
119,806116.1287198614,0.06162271916927692,75000.87454077956,2902703.223119813,0.012919142739671634,805631.6552179651,ok,150001.7490815015
120,805346.7304157283,0.0791261352720253,63609.068063712184,479954.8172974449,0.06626568353025969,803239.181228746,ok,127218.13612742414
121,805225.0263376235,0.01831263313181714,323280.80225704086,13985885.254131842,0.01155739505876234,803356.8843643243,ok,646561.6045136082
122,803064.6707308044,0.03910724646540154,147963.7580054633,7470727.383550683,0.009902901712840924,802332.0354545091,ok,295927.51601092616
123,802441.5682958165,0.08249252558234817,90565.01106961844,5497404.924152568,0.008237069337181775,802068.573157965,ok,181130.0221392368
124,801901.1956228869,0.10342864057017709,68546.51149606366,5540721.964224254,0.006185702146639001,801689.191471234,ok,137093.02299205516
125,801457.6482088346,0.07921135245932706,69983.5412594112,896368.5230243793,0.03903725948747299,800091.6653788366,ok,139967.0825188224
126,800059.3536842525,0.032103556491846,252889.30062458396,9248378.237585118,0.013672088993768108,798330.5911723969,ok,505778.6012488639
127,798597.209466846,0.08481068690988391,86315.75030453304,5316752.940177807,0.008117336960709556,798246.8824517267,ok,172631.50060898907
128,798454.8700850938,0.0797147419683551,83170.24454746247,2717647.7925344743,0.015301880688133252,797818.5395056597,ok,166340.48909492494
129,797836.5071366583,0.06894872382306531,69947.66134368462,2267517.625361913,0.015423840714914058,797297.0763431855,ok,139895.32268736925
130,797744.332946806,0.053817407110101696,153423.93465278906,14395955.685178658,0.005328716550952797,797335.5566168576,ok,306847.86930557806
131,797438.6450803067,0.09479451045403502,68661.32369127356,1998100.3291195168,0.017181650663540472,796848.7876414269,ok,137322.64738254712
132,797151.6145644349,0.06286212513855038,69586.46169855664,2725820.377405938,0.01276431533701782,796707.502794281,ok,139172.92339711328
133,797077.6469368162,0.08741728222164262,70473.6521632411,2201263.1695293975,0.01600754810664176,796513.5917481892,ok,140947.30432647918
134,795891.3424766561,0.08007804615759691,52985.44947463579,183558.30275052108,0.14432866473670142,792067.682890082,ok,105970.89894924135
135,794006.2745662364,0.02993424819195013,324244.79890633846,11459411.348042961,0.01414753293421625,791712.6425805985,ok,648489.5978123224
136,791765.199580974,0.06496443467154843,120749.94979908665,3543164.5793063315,0.017039844903666126,790736.419372623,ok,241499.8995981733
137,790651.1503931164,0.07378172345158424,82051.22555937852,2520658.7237152476,0.016275750617767412,789983.427750573,ok,164102.4511186949
138,789979.3427434991,0.08770285038476013,101762.38521925958,12916120.780780729,0.003939355590831989,789778.9036329241,ok,203524.77043851913
139,789774.390304655,0.11538926688033674,55703.82635960111,1200778.9287341814,0.023194871689796434,789128.3687521341,ok,111407.6527192022
140,789009.7385331638,0.05646561170577993,82675.92577923,1811232.0363305917,0.022823118220326063,788066.2773191467,ok,165351.85155845855
141,787641.6170213203,0.10183498780431624,69212.60990106761,3996500.754561483,0.008659151361609337,787341.9557886876,ok,138425.2198021312
142,787272.3010948198,0.11151298067120054,47459.11193554936,613327.50952773,0.03868986079891759,786354.2078776064,ok,94918.22387109867
143,786114.490972919,0.14223344608462613,49579.40284433514,1687717.9340711685,0.014688296498911426,785750.3724883107,ok,99158.80568867027
144,785830.6082063845,0.09473271927388124,57240.598169968966,1124103.5525335206,0.025460553896907136,785101.9195389856,ok,114481.19633993792
145,785858.0329556854,0.051227553156651714,71965.00987113838,1299391.2102060458,0.027691818024429615,784861.6119769465,ok,143930.0197422083
146,783994.815294902,0.086330193772932,67271.35949069285,1853199.6865044383,0.018150056893648125,783384.3257938675,ok,134542.71898133284
147,784488.8971855654,0.04276526128159261,133683.11422468227,3604731.6023754906,0.018542727860319214,783249.4723822713,ok,267366.2284493644
148,782761.5927389929,0.1108761093414035,66079.30798995425,1371128.384133788,0.024096688812878717,781965.4464781907,ok,132158.6159798654
149,781660.526828019,0.12217045600345346,41531.54376894268,1129833.8143406785,0.018379492294262174,781278.862483684,ok,83063.0875378562
150,781618.4276114927,0.062123636873344976,107994.55393342544,6468844.9498370215,0.008347282611569341,781167.6970803963,ok,215989.10786685086
151,780509.8642140196,0.17091981187161032,45596.29277412561,7357433.705854545,0.00309865468022112,780439.220631017,ok,91192.5855482512
152,780515.3120620564,0.1038935978243467,35021.567995190584,764620.8830565219,0.022901263077719093,780114.2929910303,ok,70043.13599038117
153,780468.849354493,0.09852737678623912,70034.67282789858,8584789.69563253,0.0040789975824060305,780326.0137239182,ok,140069.34565570683
154,780468.7683368124,0.10333746456609127,76798.39947684965,12825932.385749059,0.0029938719918007925,780353.806048208,ok,153596.79895369394
155,780475.9392832617,0.1072761421506765,23588.304575048798,302758.31389254314,0.038955667759830545,780016.4902052401,ok,47176.609150097596
156,779019.2228070458,0.07560495384771189,116210.82110410903,12339369.4621609,0.004708944871959361,778745.6076319936,ok,232421.64220821747
157,778761.7023663629,0.1142358424404769,54254.45838592621,6029268.677512383,0.004499256981885825,778639.6499910172,ok,108508.91677185243
158,778655.044012104,0.07878365503924314,43112.47652156494,2521540.06891399,0.00854883827805544,778470.7632173294,ok,86224.95304308822
159,778400.1032437506,0.16124203476903598,20330.227287771508,293829.66215036804,0.034595260292964336,778048.4384913329,ok,40660.454575543
160,777876.0002966762,0.10053571838825612,82948.35929766514,20045052.401271645,0.002069048202947151,777790.1882198051,ok,165896.7185952149
161,777876.0002966762,0.10234510187846149,78530.71470346293,13873219.729114214,0.0028302988144366763,777764.8676023151,ok,157061.42940680851
162,777785.128174432,0.1729174045947432,24994.110652083247,580111.5606671848,0.021542503499962652,777515.9103163314,ok,49988.22130416649
163,777697.5652502279,0.06077866319013304,102452.02897326507,16509510.747955212,0.0031028184462084767,777538.6202275531,ok,204904.057946528
164,777535.9264269776,0.13222139785337816,57785.27224171866,3695306.418856297,0.007818738920655367,777310.0224484191,ok,115570.54448343732
165,777435.427035067,0.1710899435266626,18894.167471863017,164663.19074110722,0.057372164922910716,776893.4273889286,ok,37788.33494372603
166,777035.1137599733,0.10049670739642036,78157.11094669014,5236097.403410027,0.007463298037178419,776743.4588536134,ok,156314.22189333042
167,776877.7133444907,0.08317201211832984,80322.59461318183,9271116.452972254,0.004331872812763073,776703.739712563,ok,160645.18922636364
168,776828.4408378365,0.07359139413085306,79312.35278337848,8740524.484684467,0.004537047686460525,776648.5188744847,ok,158624.70556667802
169,776648.5080602565,0.17615825080460434,15255.307309766116,143736.25145461937,0.05306701390700503,776243.731257675,ok,30510.614619532163
170,776682.231981629,0.05777442383320758,146273.86185793855,27264150.842667308,0.0026825310405234736,776486.0398942035,ok,292547.723715877
171,776453.3320458481,0.13105260695726995,51046.60994426364,9354445.548031442,0.0027284679611506175,776383.692525969,ok,102093.21988846875
172,776522.9501706432,0.07919579788618321,83150.73435045409,8356753.467385436,0.004975062066565267,776316.1101385062,ok,166301.46870090818
173,775995.0766758857,0.07652994716065642,137858.19859067714,38734255.74860428,0.00177953849798243,775872.4146900583,ok,275716.3971813543
174,776156.4736169059,0.08923444989996662,63766.2998315081,4234002.954845798,0.0075302616119490235,775916.3851570272,ok,127532.59966301617
175,776173.6258341797,0.06739567470386951,72248.62137861997,3935826.1575460434,0.00917832984570467,775842.0649952245,ok,144497.24275720664
176,775730.7233359042,0.15341670726824222,25734.36902348949,200997.17551111084,0.064016742917034,774907.0080929499,ok,51468.738046978964
177,775201.5799811196,0.057230592694415196,137301.52605145943,6706126.6084613595,0.010237021612313522,774498.8006363234,ok,274603.05210278346
178,774354.435305979,0.08159357471376105,87627.91901276622,5895095.653819038,0.007432272872111749,774028.7980033199,ok,175255.83802543874
179,774094.0842309195,0.17025810825896376,42263.38168975078,4334089.406020755,0.00487569333837923,773991.0525866384,ok,84526.76337950156
180,774020.5434457179,0.13304920730557093,39187.7768842813,3386672.194476049,0.005785587537553813,773907.1812889349,ok,78375.55376856127
181,773940.0079545014,0.1958009740025846,21331.632262886043,936151.1287461913,0.011393263121658566,773818.4895049087,ok,42663.264525756815
182,773751.6859179399,0.2237668183730964,13376.198752918574,232229.45566992086,0.028799530865565182,773559.0717935156,ok,26752.397505826666
183,773958.411269506,0.05538566358619604,168550.9073145747,23187034.737642083,0.0036345938413795387,773652.1042246638,ok,337101.81462914933
184,773640.2565441248,0.10381971161240165,57242.883424245636,5526809.839195309,0.005178655055063381,773492.0359703192,ok,114485.76684849124
185,773522.8131453472,0.22201050671183795,30192.4814333087,3806776.3540092846,0.003965623223637774,773462.9471425716,ok,60384.962866595975
186,773373.5822091936,0.24456055620593714,13155.658739229228,224000.47556051306,0.0293652473422434,773180.4226227797,ok,26311.31747845246
187,773215.576830393,0.16304712865396662,14985.45826050603,76914.47940748978,0.09741636669679374,772485.6623818806,ok,29970.916521005962
188,773403.4913967522,0.02491146121519085,239103.18000183292,20589528.260610588,0.005806426863583281,772709.3238329868,ok,478206.36000329093
189,772729.8861452641,0.07435903304755437,89509.64912196365,14194923.557563312,0.0031528753486760163,772588.7797621714,ok,179019.29824392727
190,772611.9456811362,0.10311507942791458,49125.58860466834,4761548.8269825345,0.005158572387863128,772485.2367286795,ok,98251.17720933666
191,772514.2736596486,0.12386356587546168,29605.29068719573,2497774.8904232793,0.005926332833416134,772426.5482565274,ok,59210.581374391455
192,772378.7750202605,0.16205318849415432,17644.838334533728,925068.1674143795,0.009537047623123872,772294.6351885111,ok,35289.676669067456
193,772336.3572239927,0.2617334595023995,10591.574031318383,125467.24429363623,0.04220852259467212,772112.8298780858,ok,21183.148062630527
194,772146.6379075823,0.10041313584754522,31915.785689050517,2446040.65389875,0.006523968773409361,772042.5291129752,ok,63831.57137806882
195,772065.5864400995,0.13683963129920698,8410.985328847788,9989.142663805307,0.42100636720927914,770295.0472511252,ok,16821.970657695576
196,770901.068056195,0.03903905609552633,228226.39191086977,16064450.078286402,0.007103461083282059,770090.4694096367,ok,456452.7838214376
197,769879.940325464,0.11356029378789273,83291.34053499748,6142644.422357213,0.006779762493808391,769597.5925721548,ok,166582.68106991454
198,769550.4546344038,0.09694353020155204,38597.94239816092,1217028.8908716296,0.015857447053092256,769244.4222204352,ok,77195.88479632026
199,769225.4370650933,0.33181745632302256,21109.490829481685,1647094.6959100105,0.006408098721312077,769157.8012144974,ok,42218.98165894769
200,769172.328018634,0.24848365553667634,20077.04689615701,1087541.2499053762,0.00923047603845089,769079.6676684851,ok,40154.09379229891
201,768960.8497298849,0.2353512806687121,20263.78218624572,1224521.8809864942,0.008274160919819945,768877.0168325582,ok,40527.56437247103
202,768882.3109787615,0.19606328917235943,23122.9605225331,377004.17095915665,0.03066671711310876,768527.7583341805,ok,46245.92104506619
203,768376.7876448199,0.14864361724256508,51153.2784936239,12136848.865955712,0.0021073541847056627,768322.8886070725,ok,102306.55698719455
204,768363.5964677583,0.14415538873366102,45928.71166953232,8192640.414420647,0.0028030469632652753,768299.2262998724,ok,91857.42333906464
205,768314.1066627589,0.2462658793663277,24712.07270532073,2910800.82964284,0.004244892411335636,768261.6566178112,ok,49424.14541064146
206,768268.7986559082,0.2099272265987482,24437.31538538239,1887138.4695416396,0.006474701189075406,768189.6864984164,ok,48874.63077076478
207,769122.5671293811,0.03312722728270559,208557.1832862785,20144224.442546163,0.005176599969909727,768582.7585750191,ok,417114.3665722204
208,768768.442339413,0.05522901006909521,112103.44826420718,14933687.372582555,0.0037533746846081387,768558.0592170269,ok,224206.89652828788
209,768529.1221852069,0.13051663036017053,37462.4980548091,4917015.794270698,0.0038094750578654196,768457.7659592342,ok,74924.99610957889
210,768342.3447381268,0.20595924143483652,21010.015880912273,877950.5511784544,0.011965375414771922,768216.6483743842,ok,42020.031761824546
211,768218.6366201984,0.20829872899175605,18701.404095690228,938667.6502292713,0.00996167498215283,768125.4879655427,ok,37402.80819138035
212,768096.5304804465,0.21511656935915552,21108.185797330472,1737198.3180553024,0.006075352934073733,768032.4106411882,ok,42216.37159466093
213,767967.4635183297,0.30869592106382004,22868.101218316224,1752812.7149479268,0.006523258595541281,767892.8762494116,ok,45736.20243663245
214,767902.3550376713,0.20761447007711956,34907.5182536988,4717279.795694771,0.0036999626655129904,767837.7767805291,ok,69815.03650739712
215,767886.1113547722,0.14946135094165106,14053.869177193086,162545.57239054938,0.04323055057884246,767582.3331036257,ok,28107.738354377252
216,767663.283877257,0.16779785493527224,43061.87414667837,11468179.616950149,0.0018774502835232998,767622.8606133442,ok,86123.74829335666
217,767658.8014934551,0.1750491744436057,11393.286828741466,141031.6676134528,0.0403926544354875,767428.6989445762,ok,22786.573657474863
218,767686.5685170817,0.062249610740556745,67557.57579397451,5483779.848899358,0.006159763671724887,767478.4991665189,ok,135115.151587949
219,767467.5441546997,0.13854129166625317,49545.10014720062,13698740.335461257,0.0018083816078674638,767422.7459307666,ok,99090.20029440123
220,767433.8092277254,0.22942618450672222,26815.900604517283,9386435.513076108,0.0014284389727687596,767414.6567889686,ok,53631.801209000994
221,767398.0199853973,0.11122707691216592,11029.630166296149,11957.756201759441,0.4611914635236195,764854.6343461382,ok,22059.260332588074
222,764491.8327826716,0.034719400568011476,274906.80358348804,18725522.288881466,0.007340430866024968,763482.8655895194,ok,549813.6071666557
223,763192.1027173742,0.07622197214763698,113211.66946682555,8179453.658583805,0.006920490914941321,762800.3625523689,ok,226423.338933651
224,763025.5318156556,0.07301276370674696,56353.158519386736,2004319.0959614904,0.01405793085365821,762629.4274127302,ok,112706.31703877347
225,762896.770797511,0.12370176457516578,64240.8753455137,9230316.882998746,0.00347988461067022,762784.9953807656,ok,128481.75069102737
226,762817.9627747969,0.16850130336781058,28977.01920981588,2052132.083295777,0.007060222742407019,762715.6706697807,ok,57954.03841963175
227,762686.4291882927,0.17766426624648518,26080.55068418785,1080861.6660540968,0.012064703330353158,762529.1021349443,ok,52161.101368375676
228,762309.3131136256,0.19070865396138767,12088.757509580037,226090.20276256095,0.026734368322619453,762147.7204657136,ok,24177.51501916003
229,762062.9983971289,0.11582696469381348,65133.595493940775,11079152.376612313,0.0029394665440036468,761967.2693847063,ok,130267.19098788153
230,761984.9155224699,0.1373127508234673,50944.9619249886,15312541.571588578,0.0016635044446022486,761942.5419371738,ok,101889.9238499772
231,761929.0422119088,0.2706775747842406,24726.550520479068,4299509.740691396,0.0028755081406680143,761893.4915132527,ok,49453.10104095813
232,761898.741950826,0.2822947577457925,12859.449569703487,763745.359856533,0.008418676070332585,761844.612180641,ok,25718.899139406967
233,761857.365689197,0.2679989010391832,11830.561022763724,494771.61572048755,0.011955577732097702,761786.645093236,ok,23661.12204552745
234,761839.8275662159,0.2870735373845863,15061.294358908595,959651.0887647596,0.00784727623155992,761780.7324975963,ok,30122.58871781719
235,761548.8753785249,0.3048573101046934,12115.714646571278,857838.4173553039,0.007061769676813815,761506.0961853729,ok,24231.429293142555
236,761489.7825957647,0.5038397232404924,9751.225913478132,515912.8433895382,0.009450458578829665,761443.7058174707,ok,19502.451826956265
237,761541.2846419399,0.1180627158083059,58266.2511502701,16984577.037342377,0.0017152694183130267,761491.3134825809,ok,116532.50230045088
238,761541.2846419399,0.10819925196883594,66575.35673975068,20104817.55952028,0.0016557065624359544,761486.1700144146,ok,133150.7134794095
239,761500.59722452,0.20282158231376388,16601.73103198346,1164391.029263742,0.007128932899148548,761441.4209112517,ok,33203.46206395091
240,761499.121768102,0.2369263393354402,15139.153488864868,1299744.2882871851,0.0058238969100665875,761455.0373334896,ok,30278.306977717893
241,761470.7905521101,0.3849179094117111,7832.869444322825,378009.820108996,0.010360669257301678,761430.2136672859,ok,15665.738888645648
242,761437.3513261143,0.4677381368945017,11196.467541586631,913325.7282821628,0.006129504072246827,761403.0369294188,ok,22392.935083165223
243,761353.7943201594,0.4090236314535961,5727.080204607794,166300.73634900252,0.017219046440626738,761304.4868901533,ok,11454.160409213011
244,761274.0844669879,0.19803151761415874,28728.26287930405,9059804.895204019,0.0015854791141535457,761251.3104365973,ok,57456.5257586081
245,761243.426906456,0.5214184014318594,6648.605715448862,333837.3434711431,0.009957851998099738,761210.3239906019,ok,13297.211430897649
246,761181.5292646694,0.4925796719623891,3703.2044374716043,89654.73450866523,0.020652587159876567,761143.2888884615,ok,7406.408874943208
247,761145.3425058606,0.308298232157622,6730.4234976147645,82876.79988851938,0.04060499142503152,761008.6981116569,ok,13460.84699522592
248,761017.741432119,0.13758752590664666,57722.378167218856,15225326.51250007,0.00189560395042525,760963.0320480783,ok,115444.7563344377
249,760940.8441105677,0.2774461031598182,23858.250042434647,6408120.922242756,0.001861563657422727,760918.6372849633,ok,47716.50008486929
250,760914.4892918108,0.3555591155519257,17177.67695915469,6720784.37118906,0.0012779517992566967,760903.5131702223,ok,34355.3539182912
251,760914.4892918108,0.31836397721875304,18551.261053824186,6225126.914509136,0.0014900307502635863,760900.6683170976,ok,37102.5221076247
252,760902.3603612998,0.2063596676818796,8472.838760350378,305435.1741913055,0.013870109725875124,760843.600759652,ok,16945.677520693545
253,760864.5803223096,0.47814705646236494,3295.1861223542473,43011.282109319865,0.038306067161390574,760801.4675118536,ok,6590.372244706672
254,760741.434471392,0.3551997290324414,21110.865537084712,9459847.627797497,0.0011158142481624664,760729.6565691134,ok,42221.731074169424
255,760728.0136266624,0.26879060628865015,10967.225074058435,930971.0457519589,0.005890207393721922,760695.7140115525,ok,21934.450148108568
256,760700.794604244,0.2843479102685083,5262.309732002797,51407.06905790323,0.05118274420659447,760566.1248777694,ok,10524.619464002419
257,760554.0026290461,0.1781052452277695,37491.248883899316,6581828.018644229,0.002848087854749358,760500.6134437432,ok,74982.49776779863
258,760480.9149919185,0.21427454766214318,13435.146630498932,729250.4087622919,0.009211614055384289,760419.0352991496,ok,26870.293260997863
259,760478.9763153221,0.18745638391513084,8522.114621749855,277492.6879987384,0.01535556609294981,760413.5453681592,ok,17044.22924349971
260,760365.9476376027,0.2614346896657444,6249.727814625291,135118.7414504358,0.023126798501589853,760293.6795396734,ok,12499.455629250571
261,760301.7724667261,0.30438309300045807,15620.043648000421,3532060.7708964776,0.002211179911838815,760284.5031033579,ok,31240.08729600084
262,760276.4272781658,0.33325031086678686,8402.010915464376,232076.8683278556,0.018101784499252278,760200.3815826897,ok,16804.021830923495
263,760273.7718493626,0.2086295048439502,16663.50453491782,815828.7278676858,0.010212624271316645,760188.6827939333,ok,33327.00906983564
264,760246.989566097,0.13266066971952026,47760.21313198889,12387106.458080336,0.0019278195958683322,760200.9530287078,ok,95520.42626391802
265,760223.1356485523,0.13096394288049487,50838.2026853788,11906900.708926525,0.00213482097181115,760168.8704179213,ok,101676.40537075755
266,760172.36802061,0.2799179030178461,22510.004634604196,5562091.361726431,0.002023519857072004,760149.5932999295,ok,45020.00926920789
267,760158.3859286242,0.2826680080213591,19280.77162982925,5280364.228267695,0.001825704704858457,760140.7854308853,ok,38561.54325965833
268,760158.7186785983,0.20497370183029381,11916.03616371237,1319272.9404073977,0.004516137562873321,760131.8114493386,ok,23832.07232742474
269,760129.8722232525,0.25289501696471023,6114.789422747751,82243.72211768583,0.03717480961037886,760016.2141569534,ok,12229.5788454955
270,760036.6734707466,0.2853051996633531,6897.875108526678,77840.0387268434,0.04430801436734076,759883.8578960403,ok,13795.750217053355
271,759785.0139636418,0.2477977971115444,11427.669455027957,657364.8375324432,0.008692029754682432,759735.3491421769,ok,22855.338910045914
272,759751.8338034683,0.34479137839969826,4171.228332229384,42654.48297286138,0.04889554440131533,759649.856563405,ok,8342.456664458676
273,759555.6645136052,0.31942704206110073,11911.623829338454,1387968.1201906246,0.004291029331315802,759530.1079499875,ok,23823.247658676904
274,759536.9629163289,0.6074569002221751,5880.246210079886,316065.09471498465,0.009302270811306237,759509.6130949873,ok,11760.492420159771
275,759338.2742656575,0.28132196180199653,7792.514699558882,296242.5857288678,0.013152252705981443,759287.0297043857,ok,15585.029399112029
276,759296.4666761013,0.19845221260013898,8169.192589359519,527076.5445357709,0.0077495315187613165,759264.8129683743,ok,16338.385178719032
277,759296.4666761013,0.43221815442772765,4686.424841077478,122578.41807089244,0.01911602757985959,759251.6737628448,ok,9372.849682151967
278,759266.5913245884,0.3273783175676327,7316.915045267713,199863.45179129753,0.01830478504120959,759199.6240460542,ok,14633.830090535379
279,759241.3327344727,0.2539845953602105,9025.677704051075,1071060.6733997187,0.0042134297002064895,759222.3182052213,ok,18051.35540810209
280,759241.3327344727,0.3843239405100553,6848.3007918969415,282554.80098896037,0.012118535533509674,759199.8370462273,ok,13696.601583793754
281,759183.7317472558,0.3485076618162358,5107.037733559873,73857.90645297899,0.03457339896853985,759095.4479207009,ok,10214.075467119746
282,758910.9345583958,0.3296394793437188,15016.960853023746,1751553.3936525,0.004286755090493987,758878.7475417056,ok,30033.921706047255
283,758841.3667889806,0.34815911210783773,17197.51992393727,8665318.280218711,0.0009923189990144949,758832.8340761022,ok,34395.03984787454
284,758823.5504583473,0.26391940502973465,13174.149619316906,723725.7436364737,0.009101617384177411,758763.5974237489,ok,26348.299238633812
285,758646.9065296989,0.21872971307727657,14016.836742529813,1822786.2506866076,0.0038448931511442844,758619.9599099028,ok,28033.673485059622
286,758614.9906530409,0.3749017077362407,5873.902800002619,182421.86438349262,0.016099777348109783,758567.7063894187,ok,11747.805600001017
287,758623.7623803936,0.1101325494810003,35795.155736222696,4065813.415555271,0.004401967340566479,758544.9778271429,ok,71590.3114724095
288,758589.9165906704,0.19054403148331658,22197.273870777764,3002363.4370119455,0.003696633391737086,758548.8889987723,ok,44394.54774155553
289,758555.4203401557,0.3615796114824288,6611.63490688824,572400.5299790766,0.005775357080058888,758536.3280639206,ok,13223.269813770174
290,758544.0694623147,0.6084646755376678,3379.4154124492034,299220.8936481236,0.00564702446284268,758534.5276415626,ok,6758.830824895633
291,758544.0694623147,0.479085058223964,4549.731297954798,191849.28914136617,0.0118575662133475,758517.0950922555,ok,9099.462595909596
292,758554.8265181567,0.26051025779629317,17814.394957403565,4008721.6335951225,0.002221954601201277,758535.035129735,ok,35628.78991480703
293,758514.0178144254,0.18003682901241455,2792.682430066121,1638.9214792378802,0.8519878668515452,757324.3520412325,ok,5585.364860132241
294,757369.0216200566,0.04305418590062042,221304.2266525678,18557821.762559656,0.005962559331695068,756709.2518291712,ok,442608.4533048474
295,756589.6063834343,0.07786720815238499,109652.30163764612,11873946.382559866,0.004617348693720753,756336.4549275693,ok,219304.60327529223
296,756255.178560633,0.12910966775348937,76040.84802863613,14504483.458216535,0.0026212876952043515,756155.5160909977,ok,152081.69605727226
297,756038.3845677625,0.13413404900532633,64506.525542168674,9974453.346153231,0.003233587009910994,755934.0908362386,ok,129013.05108426002
298,755925.2237976065,0.19396831919085933,40391.29092566626,5650439.195548326,0.0035741726906368945,755853.0410731236,ok,80782.58185129287
299,755783.5590389908,0.18614559824527832,40040.85277473132,3836014.1642108904,0.00521906998523403,755679.0710325409,ok,80081.70554942716
300,755683.770860533,0.29826774615964374,19140.019555171773,1338818.111229187,0.007148103015128419,755615.3634447871,ok,38280.039110332735
301,755622.3251458876,0.34115254754086244,21014.547542189277,3425067.9957502284,0.0030677562559726997,755590.091391043,ok,42029.09508435792
302,755555.110271379,0.22091787871720106,11649.511782444588,535380.5413474246,0.010879655574636273,755491.7389334762,ok,23299.023564889172
303,755485.9674349618,0.3395800967822482,7649.049174336851,350563.58527858864,0.010909645918098202,755444.2432259108,ok,15298.098348673298
304,755506.3016403699,0.14492566893803163,54836.68498157658,21024148.856064558,0.001304135671722058,755470.5444018681,ok,109673.36996305923
305,755439.6517809171,0.34539346914946867,17730.033479284488,5861350.488167826,0.0015124529334217174,755426.2438603443,ok,35460.066958568976
306,755439.6517809171,0.2909579596845403,24130.17877770325,10623226.459087182,0.0011357274021520142,755425.9491282887,ok,48260.3575554065
307,755414.9283123703,0.3514712212429857,7317.304929933907,225543.46938990286,0.016221495904375514,755355.5794963943,ok,14634.609859862308
308,755281.7628217293,0.13204400541060152,52533.86221110507,14894549.962569566,0.0017635263349051896,755235.4403969875,ok,105067.7244222101
309,755190.2848999939,0.3011615589124773,25994.432582625097,11555187.4730585,0.0011247949305553209,755175.6656969981,ok,51988.86516525006
310,755149.2741922541,0.4158079413301128,11818.508387857368,1647724.9211507256,0.0035863111118097455,755128.0817682759,ok,23637.016775714736
311,755135.9239434868,0.6023674766709037,11691.00926452359,8760737.377344742,0.000667238884180944,755132.0235954985,ok,23382.018529047178
312,755135.9239434868,0.48169827781768143,9521.088373925537,2489750.0878316592,0.0019120570414795164,755126.8215114528,ok,19042.17674784096
313,755125.8150309877,0.3489061823235765,17169.341933589054,1816845.880272101,0.004725040830380637,755085.2521101543,ok,34338.68386717811
314,755110.3033859268,0.4278530070051589,4657.747892825545,95771.8889184163,0.024316884345850522,755053.6724275158,ok,9315.49578565109
315,755082.0328261371,0.20453628091455514,15732.712956843576,961191.9348003269,0.008183960137010414,755017.6548782942,ok,31465.425913674608
316,754896.3294506803,0.14353154572740368,41855.52620126443,16289026.070741223,0.0012847768190526268,754869.4419457739,ok,83711.05240252735
317,754856.9049177881,0.37180401339179564,18558.488076133297,5733867.195581756,0.0016183221064514349,754841.8881120302,ok,37116.9761522506
318,754856.9049177881,0.3949295467498597,18168.991633610894,8340568.970329985,0.0010891937767221688,754847.0101414798,ok,36337.98326722173
319,754843.0520589161,0.3756185219221574,5484.170572134027,190911.3999545522,0.01436313015733888,754803.6671310498,ok,10968.341144268052
320,754606.313232509,0.4392597451500645,5307.749186051475,753361.1012679093,0.003522712532621153,754596.9643952202,ok,10615.498372102948
321,754606.313232509,0.45882362216727013,5494.578890407559,1059900.3024817596,0.002592026286596007,754599.1921860501,ok,10989.157780815116
322,754606.313232509,0.456576981325406,4779.04440696148,1146661.2186916247,0.002083895543452021,754601.3337178382,ok,9558.08881392296
323,754606.313232509,0.4385796792447264,6825.48539366845,731996.5096722301,0.004662239029476201,754590.4022103102,ok,13650.970787330796
324,754686.191415267,0.08741499367293154,53604.99169658505,12458275.157943374,0.0021513809502917668,754628.5290362787,ok,107209.98339317009
325,754688.9457094052,0.08345403523008275,59410.48335244239,12797710.562742995,0.0023211371698544122,754619.995768811,ok,118820.96670488478
326,754615.9489869952,0.3574009121697426,8008.5193125170135,547137.9838218788,0.007318555418667655,754586.6435907901,ok,16017.038625029007
327,754402.8404052977,0.4404650723759889,12040.523995433514,3645045.9829357066,0.0016516285462242811,754392.8971687265,ok,24081.04799086702
328,754402.8404052977,0.42630873237446576,11684.197461539456,3889993.3314998457,0.0015018274410555912,754394.0665811105,ok,23368.394923078904
329,754382.6908578742,0.49184271339672675,4809.181404300334,476718.42867802666,0.005044048137216478,754370.5619866223,ok,9618.362808600668
330,754385.9324414297,0.5124796142877478,10227.793671290137,6547263.227179194,0.0007810739629981742,754381.9381097619,ok,20455.587342580257
331,754385.9324414297,0.478212504420498,4918.360396569598,438628.31486185954,0.005606524054561518,754372.1449884935,ok,9836.720793139193
332,754371.5471178419,0.6934246854997927,2128.3341218354085,122089.21878684417,0.008716306578844082,754362.2715114879,ok,4256.668243670776
333,754489.8988715983,0.15289192873668517,3891.586707480481,30992.383384541656,0.06278295314037581,754367.7362186495,ok,7783.173414960962
334,754374.7246835562,0.8485800700104953,3215.142718217642,148483.2379469503,0.010826618420613712,754357.3201218672,ok,6430.285436433559
335,754347.6039292114,0.472250051637249,6076.501846798917,480117.4557008117,0.006328140931607294,754328.3774491824,ok,12153.003693593064
336,754305.819813726,0.6463959962627673,2602.0623541118207,141359.728918366,0.009203690379225646,754293.8455255987,ok,5204.124708223615
337,754297.4321241063,0.9174309556292474,3963.4881505590038,723865.0767810589,0.0027377257707915403,754292.0066522803,ok,7926.976301116372
338,754293.7139340974,0.5419066889875264,2345.365965857906,40695.9790139773,0.028815696571058955,754259.9222570873,ok,4690.731931715727
339,754216.3093224731,0.6437939758524367,4289.563582625635,659094.5193003091,0.0032541338586606744,754209.3299154266,ok,8579.127165251268
340,754220.420389413,0.429804908454746,10752.731591437592,1606258.4224664476,0.0033471362518761208,754202.4249605548,ok,21505.46318286749
341,754213.5927033408,0.4798895502580252,9984.583469908423,1864115.0800628979,0.0026781027568243076,754200.2228330825,ok,19969.166939809376
342,754199.4039043896,0.2894066380240158,6721.495643224761,240395.95936880988,0.013980051205671055,754152.4204777541,ok,13442.99128644952
343,754051.6598771336,0.2505028802854819,15264.277619456312,1946099.836546639,0.003921761189431788,754021.7284513572,ok,30528.555238912624
344,754051.6598771336,0.266058983187227,15261.72547527919,2902581.1976162563,0.002628991996470741,754031.5984000702,ok,30523.45095055836
345,754026.8096762502,0.21653963072179838,2891.7359510271735,15767.187052008654,0.09170107329508664,753894.2220310527,ok,5783.471902054347
346,753570.8986863683,0.13389417565116807,57373.07576159344,19762223.16783207,0.0014515845528701038,753529.2577511052,ok,114746.151523108
347,753570.8986863683,0.12855155661979645,53518.87516602391,16453116.413108319,0.0016264054122714718,753527.3769922538,ok,107037.75033196791
348,753505.2122874542,0.5125823224847065,9599.389750120527,4760047.739723571,0.0010083291465767935,753500.3726152169,ok,19198.779500241053
349,753495.395956821,0.6941176187526005,5827.345503055324,1270512.8263870191,0.002293304475967651,753488.7140180584,ok,11654.691006107072
350,753495.395956821,0.6658428404087323,5699.5536691405305,1345370.211431913,0.0021182101479243934,753489.3595306107,ok,11399.107338281057
351,753539.0278938324,0.17110034841026941,21296.291470853685,4314138.994217243,0.0024681971882917603,753512.7461704677,ok,42592.58294170694
352,753539.0278938324,0.1722759686341378,22812.986817983423,5202406.546013492,0.0021925417223942825,753514.018681127,ok,45625.973635966846
353,753529.2633030587,0.1808077273784131,27387.441533942296,5864187.357448081,0.002335143802930991,753497.2864958706,ok,54774.88306788433
354,753493.9982918947,0.3313686642051236,14978.728853547125,2498996.548908673,0.0029969486872817863,753471.5530510072,ok,29957.457707094247
355,753487.8670002243,0.6950881787804567,4348.681861211227,1084684.3820950873,0.002004583975299649,753483.508351238,ok,8697.363722422455
356,753487.8670002243,0.8075644493406353,3805.5982001433654,1202081.519129105,0.0015829201845231262,753484.8550211217,ok,7611.19640028673
357,753475.1597366148,0.17879084766496306,8111.59012732145,47674.84985287513,0.08507200497069069,753130.1251187989,ok,16223.1802546429
358,753153.1334978507,0.034664769334959065,137989.73315366858,12818422.71525503,0.005382477088598774,752781.7702092701,ok,275979.46630733716
359,752711.9350395253,0.39231288107078927,4572.561186358527,143475.68528927254,0.01593496897101216,752675.503229214,ok,9145.12237271402
360,752673.842642572,0.42178747647387693,2308.9455205759004,43149.92679816885,0.026754918164471658,752642.9548183475,ok,4617.891041151801
361,752605.1875703194,0.5828729955889871,5280.502537810913,1319945.5060662294,0.0020002729330652986,752599.9063471698,ok,10561.005075621826
362,752605.1875703194,0.5678325856245051,4849.281707767225,826490.9451506913,0.00293365688772493,752598.0745059781,ok,9698.563415528353
363,752596.2903303395,0.6152395398718447,4940.230246089678,1280582.9460522735,0.0019288989679736128,752591.5257278279,ok,9880.460492179327
364,752604.8793852517,0.3007695317092392,13588.48113936568,7596314.505870671,0.0008944127529780444,752598.8025298393,ok,27176.962278731356
365,752604.8793852517,0.24469673745311063,33032.62035969993,42608010.305157825,0.0003876339228600548,752598.4771031456,ok,66065.24071934418
366,752585.2924842827,0.5351707241479065,2244.5171922214363,49450.54138949932,0.02269456642084462,752559.823312032,ok,4489.034384442872
367,752586.9690718388,0.24174273752884629,26757.152754430022,10205876.876818003,0.0013108698584835558,752569.4314993165,ok,53514.30550882066
368,752564.3734833081,0.27693953497206525,17331.635263806576,5141000.13907068,0.0016856287487807336,752549.766131976,ok,34663.270527613146
369,752553.5897370332,0.3080260875903265,6117.761710932393,713617.8378373984,0.004286441135967202,752540.4780243043,ok,12235.523421864786
370,752533.7647932874,0.4418903299457717,2373.0357289113176,28707.37558764168,0.04133146413308663,752484.7242727294,ok,4746.071457822575
371,752497.5746907381,0.6113091630075894,5618.729577865931,626684.8655875648,0.004482898731404615,752484.9805928898,ok,11237.459155728748
372,752495.7614462811,0.188338469872192,6095.277875790038,58035.881740061894,0.05251301171825306,752335.7207470224,ok,12190.55575157824
373,752207.5543316844,0.41050305260803155,9574.04040538901,1639272.8423818585,0.0029202095459221903,752193.5752295919,ok,19148.08081077802
374,752192.4829494351,0.4648211815537173,4034.5283149835436,244789.99093544815,0.00824079509861876,752175.8590888535,ok,8069.056629967087
375,752186.6759130203,0.34675636893647227,4823.051502577376,264051.63697424834,0.009132780917104757,752164.6519766578,ok,9646.10300515475
376,752139.4485195267,0.8910298848487013,4281.22739997306,1921025.0975176508,0.0011143080341597992,752137.0632164828,ok,8562.45479994574
377,752133.6321888934,0.6734025353342065,1752.3324637267442,63764.774584618484,0.013740599532750851,752121.5931395773,ok,3504.6649274534884
378,752118.016476366,0.3716001952330504,2725.6796904046264,55069.98799855154,0.024747414966536017,752084.2897131839,ok,5451.359380809217
379,751966.2271959175,0.5972810215686503,1566.5774248952082,32976.49390175757,0.02375294095185349,751947.6217853825,ok,3133.1548497904164
380,751976.4619331559,0.32234820845517814,3851.0256684301394,204359.7576121364,0.00942217223544367,751958.3194195903,ok,7702.051336860279
381,752310.9694872032,0.07017307952881088,95946.62506258507,13872644.07683163,0.003458123214694999,752145.0718614529,ok,191893.25012517007
382,752082.5582041437,0.1995047013255366,12927.405832412576,1248482.2616887018,0.005177248499681092,752049.0940079183,ok,25854.811664825153
383,752020.9025910565,0.4931606047955304,6238.99754897905,939835.6707157402,0.0033191959740300593,752010.5483632833,ok,12477.995097954008
384,752020.9025910565,0.6791053579539617,5087.131505332618,613743.9948765425,0.004144343201562338,752010.3611816217,ok,10174.263010665234
385,752018.150949904,0.3758890247489379,4765.580835206377,351463.86695118726,0.006779617029406098,752001.9965434113,ok,9531.161670412754
386,752001.5546779427,0.38667280481236793,4356.202464222326,184576.98108123182,0.011800503071141827,751975.8519876639,ok,8712.404928444652
387,752010.8302616363,0.4641996342478344,4138.842518778378,269935.5263648176,0.0076663538410737695,751994.9653460156,ok,8277.685037556756
388,751984.7206209833,0.5929104818810929,1521.072012874432,9859.116160579326,0.07714038399082282,751926.052581408,ok,3042.1440257488634
389,751760.9516191111,0.2493957519586796,20522.40063175358,3415638.970777636,0.0030041817661837457,751730.125108223,ok,41044.80126350716
390,751714.6747562878,0.45729446123067946,2821.6673896910524,264220.74683878996,0.005339602252000006,751707.1414655136,ok,5643.334779382102
391,751714.6747562878,0.4196521992195046,3937.507223092689,558260.7797329351,0.0035265841395631828,751707.7317810266,ok,7875.014446181916
392,751714.6747562878,0.32597803791421215,3915.3631167056574,247600.36106098187,0.007906618350490485,751699.1961153541,ok,7830.726233411269
393,751695.9067240827,0.40704726460505264,5065.695997928953,335985.35366353573,0.007538566700442945,751676.8126805004,ok,10131.391995857814
394,751673.6000042973,0.35430086904726754,3622.6179571897073,148379.34057471226,0.01220728553974682,751651.488838395,ok,7245.23591437938
395,751640.409156402,0.5655113856370814,4074.831555599159,335919.0207960917,0.006065199204770021,751628.0518238468,ok,8149.663111196317
396,751640.409156402,0.6956166225110569,3781.0284920269232,261994.70768557367,0.007215848986851729,751626.7674910954,ok,7562.056984053845
397,751625.3629654049,0.9695306745436965,2568.864133463536,424564.0975959178,0.003025296001251232,751621.4771782096,ok,5137.72826692704
398,751620.6447753961,0.5341060318428165,1978.7205261178185,16288.44560072415,0.060740004743910274,751560.5510283245,ok,3957.4410522349312
399,751361.5332118219,0.7449857233142613,3062.086427284873,525228.6858667898,0.0029150030355172656,751357.0702162067,ok,6124.172854569745
400,751423.5721801047,0.12721595816406195,28168.843281934107,4342895.785327403,0.0032430945473183293,751377.8950690787,ok,56337.68656383335
401,751453.6843257545,0.1323641780216614,33264.593964058164,6927384.729877497,0.0024009489339165383,751413.751030047,ok,66529.18792811577
402,751369.6339453234,0.6783349088323135,3694.8878891878094,244790.9919631589,0.007547025851637325,751355.691238114,ok,7389.775778375619
403,751362.0072757695,1.2580146181640375,3225.985070251407,876349.1771734125,0.0018405820158675444,751359.0384307175,ok,6451.970140500696
404,751362.0072757695,0.7708945730068248,2715.535161923086,335022.80784698983,0.004052761630431015,751356.5045674144,ok,5431.070323846172
405,751357.732119958,0.8055799446859662,2275.8503464278174,564207.1164115801,0.0020168571790643817,751355.4370874033,ok,4551.700692855627
406,751357.732119958,0.6134183581177344,2650.829677127518,150028.18522946828,0.008834438919170658,751346.0228235242,ok,5301.659354255035
407,751357.732119958,0.6292295237712134,2089.310716319054,162132.55570960327,0.006443217733708068,751351.0011780286,ok,4178.6214326362215
408,751346.0039699641,0.6129003323991671,1371.1353739578813,8642.491907450169,0.07932523331470571,751291.6211532415,ok,2742.2707479157616
409,751319.5250661072,0.3764720531822436,19516.236906982984,7239809.147790227,0.0013478419464233967,751306.3726647374,ok,39032.47381396596
410,751280.6975305686,0.6750141263594559,1733.271838618357,23711.281511278863,0.03654951837575466,751249.0224051108,ok,3466.5436772367134
411,751236.5617553197,0.1352984009013596,18834.384317138425,5180156.081660005,0.0018179359868923928,751219.4419027992,ok,37668.76863427684
412,751203.7454246866,1.5858375782567673,2507.666360585443,903005.1238459564,0.0013885117007449148,751202.004462645,ok,5015.332721170884
413,751202.4682789325,1.0766244908694618,3101.8715907846945,2116389.226856963,0.0007328216264338261,751201.3317196404,ok,6203.743181569389
414,751222.835617666,0.18716055808539278,7457.415497155085,788385.9662542148,0.0047295460703003205,751205.2005225864,ok,14914.830994299402
415,751222.835617666,0.1534369925997994,7932.875690932028,815475.7481852873,0.004863955616451741,751203.5430400302,ok,15865.751381852744
416,751215.8182592931,0.42451657837124246,7326.099564460005,1562572.455215059,0.002344243154936359,751207.2311799149,ok,14652.199128912058
417,751206.6940325209,0.4776342688643312,7145.308781408366,1320209.2978550622,0.0027061272758104778,751197.0259750271,ok,14290.61756281252
418,751196.1477444102,0.5731905044853908,1796.7909344419954,78862.22102991608,0.011391962532734081,751185.9132569081,ok,3593.581868882885
419,751174.8925111848,0.7389830803291598,1021.4291451508553,7542.672667226966,0.06771002734806333,751140.3120135086,ok,2042.8582903017104
420,750983.6849328718,0.3109705939391962,17434.013602715582,5183493.119842231,0.0016816858052708496,750969.0256662695,ok,34868.02720543116
421,750969.7516196102,0.6018293310432224,7816.705028951973,7011970.678435856,0.0005573828947253689,750967.5731707722,ok,15633.41005790394
422,750953.5678460938,0.6242168682171954,3795.7150469447843,196030.30043577473,0.009681449853688236,750935.1938336508,ok,7591.430093887234
423,750929.6274043708,0.9983455270016584,1824.4191663196727,176370.979633245,0.005172107027225978,750924.9093587755,ok,3648.8383326374487
424,750929.6274043708,0.7976245295179765,1701.074863294547,52009.746432888474,0.016353423924970998,750915.718205187,ok,3402.149726589094
425,750945.0839663316,0.18196425558979815,5391.418903867814,34363.9673206184,0.07844581583909492,750733.6168391095,ok,10782.837807735628
426,750760.8605695583,0.10300217445382921,76837.56891437768,9757438.494037472,0.003937384230570924,750609.5910534789,ok,153675.13782867542
427,750650.0386095162,0.14949871126629918,38706.177625826516,5185202.262669374,0.003732369121306016,750577.8057384291,ok,77412.3552516527
428,750621.327157704,0.18166636956724846,35720.68327348745,6140848.743014948,0.0029084483894932906,750569.3812758349,ok,71441.36654697488
429,750585.671440955,0.2791812378921649,21027.705830586496,5691271.242809072,0.0018473645810815138,750566.2485214686,ok,42055.41166114984
430,750572.8014548682,0.2858851007929181,19821.935645206842,5927492.671158475,0.0016720337539728096,750556.2299821343,ok,39643.87129041368
431,750553.762667259,0.29050161902158517,17044.044070529053,4509995.862771058,0.0018895853332398346,750537.6595794116,ok,34088.088141042186
432,750553.762667259,0.3371263028895154,18491.719081128576,6193263.012133857,0.0014928898582943718,750539.9596173196,ok,36983.43816225715
433,750535.4908172529,0.3758697016593515,8479.776349785187,1129383.5240026633,0.0037541615268708267,750519.5735921884,ok,16959.55269956263
434,750492.6574043247,0.1898441599913431,5305.810747614298,14373.597400758334,0.18456794773361224,750003.0161039497,ok,10611.621495228592
435,749903.1465800185,0.13174026203433667,29801.43752336342,4222186.839882286,0.0035291471758026557,749850.5597504833,ok,59602.87504672678
436,749824.7868088001,0.4299874606868334,10202.81521274262,1106589.0391329308,0.0046100290405628125,749801.269171587,ok,20405.63042548524
437,749820.2441480967,0.3652093682026277,8449.68403490756,1391333.9089122405,0.003036540682571882,749807.4152434332,ok,16899.36806981512
438,749820.2441480967,0.3876510849912398,8712.129549099836,1250481.5672785398,0.0034835097841787077,749805.0697538339,ok,17424.259098188773
439,749820.2441480967,0.32889944838916596,8365.332553090755,1191303.7660335442,0.0035109989540884267,749805.5588111745,ok,16730.665106181506
440,749820.2441480967,0.3588424806000879,6640.28656963103,1348535.3754013882,0.0024620364770388636,749812.0698342205,ok,13280.573139262056
441,749823.1630197781,0.32940283049374824,14501.39761031342,4841074.754796843,0.0014977456809507556,749812.3033169587,ok,29002.795220610868
442,749856.4019114096,0.21223805873289864,14891.322384049334,2675853.186908998,0.0027825372589388936,749835.6840817253,ok,29782.644768082275
443,749853.089372773,0.25491943420073987,16110.30466622392,4267447.670981951,0.0018875808103953732,749837.8846218042,ok,32220.609332447755
444,749853.089372773,0.2869921958594144,11191.97070787151,2172739.5665205293,0.0025755435396692676,749838.6766688466,ok,22383.941415737805
445,749853.089372773,0.23856669099070038,13036.852870243476,1998510.9876012497,0.003261641529900019,749831.8286024026,ok,26073.705740486927
446,749824.8048351561,0.3366507640156258,12072.18220516848,5360674.901686804,0.001125994620693172,749818.0082290446,ok,24144.364410336795
447,749808.9885045227,0.7130047998104486,7091.271492465298,5497359.509884111,0.0006449706881745113,749806.7016733955,ok,14182.542984923359
448,749808.9885045227,0.7949076263273687,6991.225285230506,4118309.5804115017,0.00084879792894685,749806.0214357513,ok,13982.450570461013
449,749808.9885045227,0.614650745224529,7553.221471330382,7095240.263705305,0.0005322738336267353,749806.9783134483,ok,15106.442942653626
450,749803.4022635177,0.664823327834465,1885.7558601948047,42203.49901056668,0.022341226490754467,749782.3372141283,ok,3771.5117203896093
451,749813.1877531908,0.2672797988673099,5831.303906660595,649126.4170727568,0.004491655056157573,749800.0916503526,ok,11662.607813321158
452,749790.8726697979,0.6372731745410825,2985.368825346114,122186.60183457183,0.012216432818829016,749772.6373909507,ok,5970.73765069079
453,749792.3666617797,0.41974375052503393,10225.100834311563,3489316.384718403,0.0014652011607621466,749784.875746974,ok,20450.20166862312
454,749768.4952765557,0.32789704526308366,6261.5479184726855,452298.98394821625,0.006921912430373236,749746.8243333705,ok,12523.095836941044
455,749749.6325789208,0.7544871429604402,1663.8026025073318,57424.95041810833,0.014486756979268281,749737.5810269387,ok,3327.6052050134695
456,749718.1803179876,0.3192752259750984,5216.192620708213,356591.6071501712,0.0073139587641942476,749699.1048091205,ok,10432.385241411785
457,749696.0083492124,0.5198176091103697,4752.898027254553,530358.1402267164,0.0044808381985263716,749685.3598656952,ok,9505.796054505256
458,749397.8901795704,0.4377488980876186,4862.328870016077,519176.05422633444,0.004682736068463154,749386.5056781822,ok,9724.65774003215
459,749397.8901795704,0.501896866639931,4612.736408009814,664888.403904196,0.003468804976086231,749389.8898380677,ok,9225.472816019628
460,749385.2416765452,0.6566471989536515,1823.8594889163815,15686.142109900302,0.05813601190586095,749332.2257180641,ok,3647.718977832763
461,749371.7310123865,0.28207072458896737,11983.297656708673,2293243.337430974,0.002612740100693603,749356.0763912235,ok,23966.59531340414
462,749338.3922041531,0.5058878645510124,8201.078855017768,5103749.451822143,0.000803436662833225,749335.0976804396,ok,16402.15771003553
463,749338.3922041531,0.5613643354642346,8208.039931019124,3961705.824734154,0.0010359224402495756,749334.1407577756,ok,16416.079862037845
464,749328.4309917622,0.6505868712514242,3662.7913242428776,447819.1587222631,0.004089587563307599,749320.9413388389,ok,7325.582648485755
465,749084.2933143621,0.31563445128470563,10307.03462040221,4970381.48698288,0.0010368454259895032,749078.9499135113,ok,20614.069240803638
466,749084.2933143621,0.38603713626288033,8432.806253147814,4281811.978416663,0.0009847240252088456,749080.1413209034,ok,16865.61250627917
467,749069.4769837289,0.5413589000793073,1172.726685321329,17341.78000628203,0.03381217743785559,749049.6507623438,ok,2345.4533706416796
468,749069.4769837289,0.8103722672286657,830.034785442931,15145.935654798599,0.027401238337492737,749058.1049932368,ok,1660.069570885244
469,749063.0380511741,1.4647710483162062,1434.7747768682586,480121.6840814368,0.0014941782723407431,749061.9661465255,ok,2869.5495537365173
470,749063.0380511741,2.569289207175961,1414.1590694075235,761266.7943063199,0.0009288196201281384,749062.3813018292,ok,2828.318138815047
471,749063.0380511741,2.0594661912512175,2124.9390203141934,969580.9329062642,0.0010958028093357862,749061.8737941,ok,4249.878040627121
472,749061.6147307841,1.2185238220392283,444.0004996607695,9547.227997409835,0.02325284887829362,749056.4525925238,ok,888.000999321539
473,749061.6147307841,0.5761110243593024,582.7441154460909,1413.1872159338664,0.2061807907952947,749001.5394095072,ok,1165.4882308921815
474,749057.2054953498,0.33581337736576417,16702.96573745163,8073223.080680578,0.0010344670010062175,749048.5661619127,ok,33405.93147490325
475,749057.2054953498,0.3411127793384685,21497.309728700042,16936938.29930249,0.0006346279755174335,749050.3840982738,ok,42994.61945736749
476,749037.7587451086,0.5632666195523188,3957.644590021158,692472.1319938817,0.0028576201172353646,749032.1040227099,ok,7915.2891800384195
477,749038.250897208,0.33084082146304045,1752.6931802114689,8155.395432634392,0.10745605131530123,748944.0821530516,ok,3505.386360422133
478,749138.0907119593,0.08525699716290225,109782.3457536317,28996462.52664968,0.0018930299799972913,749034.1800760663,ok,219564.69150726314
479,749013.8215408574,0.17338178602441118,31918.709515733997,9576066.391629333,0.0016665877308262452,748987.223876026,ok,63837.419031420475
480,748993.9962446743,0.24113941944423634,20754.67715368542,4211609.387415888,0.0024639841025736534,748968.426647394,ok,41509.35430737084
481,748954.3811357868,0.4377422987834494,5903.5695122119505,700287.3239029504,0.004215105222317361,748941.9390524462,ok,11807.139024423901
482,748954.3811357868,0.4308726923916522,5961.261775033885,798825.7796478098,0.0037312652689189094,748943.2596112768,ok,11922.52355006777
483,748941.7772467185,0.6052202466471708,2109.493961538611,64743.39975456944,0.016291189291382,748924.5941640002,ok,4218.987923077205
484,748929.3015761839,0.5657521683477459,1368.9657118845887,14284.619280520355,0.04791747280767291,748896.502887547,ok,2737.9314237691706
485,748931.7802988304,0.22164540341113484,24712.844805837594,7024717.87925916,0.0017589919787955853,748910.045450937,ok,49425.68961165108
486,748901.6699191928,0.3894790159241134,19102.76914182382,11497415.34487447,0.0008307418914956311,748893.735183908,ok,38205.53828361732
487,748888.8535885597,0.4325034106534115,12226.147709959367,6184381.10530981,0.000988469783941856,748882.810999767,ok,24452.295419918726
488,748876.926582085,0.2870613918801563,3516.6097276413675,40046.30476389403,0.04390679425198754,748799.725052197,ok,7033.219455282735
489,748865.1570339886,0.17514010464947327,1672.0855698481867,1985.4809692269685,0.4210782162518536,748513.1176294025,ok,3344.1711396963724
490,748860.9173386777,0.13015252542460645,72945.45084845164,14310732.67567781,0.002548627400902682,748767.9619512758,ok,145890.90169680573
491,748709.2432681489,0.24202597207540463,34773.12729748,13587070.566032648,0.0012796403436812931,748686.994719866,ok,69546.25459491562
492,748645.0463070069,0.40598937655471323,14432.812172258564,4579805.515421368,0.001575701427021259,748633.675405639,ok,28865.624344499083
493,748636.5413861246,0.3788631223220151,13170.586728683465,4033790.893241635,0.0016325321610931743,748625.7906829171,ok,26341.17345736693
494,748622.3576555112,0.5074089495652365,6190.041000084791,1381454.7233806395,0.0022404067593821595,748615.4235506626,ok,12380.082000169581
495,748615.8058895357,0.39250181279942464,8024.0489403561805,1429482.7471960154,0.0028066267172848556,748604.5456344673,ok,16048.097880712356
496,748588.4675114232,0.40498096331464273,4357.763399558012,289274.6981200387,0.007532223571364155,748572.055687325,ok,8715.526799116024
497,748560.8014004718,0.2171120960313082,4730.063009226508,17298.038967055043,0.1367225215018634,748237.4483297298,ok,9460.126018451558
498,747991.4598949205,0.18670820776763655,28640.277113001484,8365256.598321354,0.0017118588519298198,747966.9458389716,ok,57280.55422596542
499,747950.5635702525,0.2608291283132356,20956.16420014037,6629401.144062806,0.0015805473031986006,747934.0024658465,ok,41912.32840028066
500,747945.495449895,0.2584624197151382,11456.560990212858,1746593.593758278,0.0032796871095699216,747926.7084821952,ok,22913.121980425716
501,747945.495449895,0.2518181310705742,11183.530483419489,1489739.5995386736,0.003753518563540461,747924.5066552573,ok,22367.06096683897
502,747945.495449895,0.38669781592192076,12519.294585267211,2838630.48009527,0.002205164545553502,747931.6918976177,ok,25038.589170534422
503,747898.5011122811,0.705611026163324,7048.823133520193,3367930.16022001,0.0010464621886725417,747894.8129488392,ok,14097.646267040383
504,747887.3983522609,0.48484631714913623,3523.627735328679,66601.57672329333,0.026453035413621977,747840.7930276274,ok,7047.255470655196
505,747874.8451025021,0.7102365403169122,1017.8378880971811,18550.559118225494,0.02743415660979132,747860.8833404894,ok,2035.6757761943622
506,747874.8451025021,0.3474411081415556,1930.7044989006038,4381.052766942986,0.22034709482029502,747662.1325388575,ok,3861.4089978012075
507,747525.0198189091,0.1759889134729056,34101.14934808974,6905205.120065639,0.002469235073770378,747482.917941896,ok,68202.29869617947
508,747420.10507946,0.571882614891632,14203.03763028047,6826461.864662228,0.0010402927542746358,747412.7174208922,ok,28406.07526056094
509,747389.2313452385,0.5204978821239962,13121.21531418492,5170062.316076884,0.001268961040699939,747380.9061897183,ok,26242.430628353006
510,747389.2313452385,0.5617204209954647,13040.963217054883,6530003.937366286,0.0009985417575655115,747382.7203720729,ok,26081.92643410976
511,747347.3860158086,0.6915374149835504,6026.775535679742,2126712.30698001,0.0014169230873163866,747343.1162771092,ok,12053.551071352676
512,747341.264174359,0.5289988606556062,5999.333085312417,949330.4858503396,0.003159770582917002,747331.7859162589,ok,11998.666170624832
513,747341.264174359,0.6162129570931298,6849.215255762807,1789607.2153431568,0.0019136085273464521,747334.7108159994,ok,13698.430511525454
514,747334.6427062477,0.5259755149117142,7568.409130275563,1244657.5478279316,0.003040358025982044,747323.1373695261,ok,15136.818260551127
515,747323.6921918679,0.5636838307099926,7277.865633710694,2037429.2096423416,0.0017860413503613898,747317.1929073858,ok,14555.73126741425
516,747312.5621779547,0.5355056160215824,2339.9211027579263,34519.25808424977,0.03389298079708108,747272.9087274536,ok,4679.84220551584
517,747310.8022033537,0.5083571770207029,11833.66319032737,3302885.699559703,0.0017914127624678138,747300.2027157209,ok,23667.326380654584
518,747287.3264689182,0.5402371520722618,6914.025517207238,822289.1147935425,0.004204132945954895,747272.7927276852,ok,13828.051034414477
519,747270.6509682691,0.3408490085830823,5437.095795833144,317635.92662521417,0.008558691476749253,747247.3837555461,ok,10874.191591661873
520,747261.1834611319,0.20158933272528065,24455.688522914093,8765870.637613531,0.0013949377953387208,747244.126379016,ok,48911.37704582819
521,747240.2554555272,0.32471078435505596,4088.8902850075033,107821.85662147487,0.018961323859234675,747201.4900690677,ok,8177.7805700149975
522,747233.7206351614,0.4958839415467778,4195.46198285271,219664.39025035064,0.00954970894024097,747213.6879147583,ok,8390.92396570542
523,747220.5719365606,0.41195277358466187,2273.4907118134074,16269.666290713016,0.06986900257171078,747141.1486723654,ok,4546.981423626815
524,747185.9984316357,0.6822764501857281,3383.708495043949,1321353.4143991491,0.0012803949564782417,747183.83218999,ok,6767.416990087898
525,747178.886311872,0.5077313415017508,4066.100410672824,598281.4775769891,0.0033981500038579946,747171.9777023089,ok,8132.2008213428935
526,747178.886311872,0.6271198504298411,4164.349855039308,862424.9672031428,0.0024143258911812106,747173.8592630347,ok,8328.699710078616
527,747177.4415657569,0.8242568819687323,1320.0084193347752,50759.522235856326,0.01300256938197033,747168.8598152283,ok,2640.01683866955
528,747171.34244137,0.5378816354193502,1277.1447709592005,12747.4867392809,0.050093983115264876,747139.3538070739,ok,2554.289541918401
529,747140.0886785417,0.3711863760031344,6764.420614248351,995607.2145735957,0.0033971331842675805,747128.5988596713,ok,13528.841228489595
530,747121.5447108378,0.7435373004581268,1411.696297200247,29127.920466875254,0.024232699667071173,747104.4401046422,ok,2823.392594400494
531,746961.213826744,1.0515695165488088,2257.976821818029,257349.3742214354,0.004386987201055248,746956.2609690352,ok,4515.953643636057
532,746788.459440016,0.45037723315414224,6164.847240227559,2008320.8131686728,0.0015348263085768739,746783.7284551497,ok,12329.694480447939
533,746788.459440016,0.43012799479840014,7443.932046347418,2802520.983420126,0.001328077843196562,746783.5163794074,ok,14887.864092685459
534,746772.8624645737,0.35644174166719156,1125.7856475207516,1570.4892661267645,0.3584187653498684,746571.1111136571,ok,2251.5712950415027
535,746448.3505972576,0.12112670812716934,47549.41839863853,6639201.15472514,0.003580959312009809,746363.2143309601,ok,95098.83679727706
536,746344.5062184811,0.20390097762618553,31814.89141785305,12018129.35280371,0.0013236207767405562,746323.4507928359,ok,63629.78283570609
537,746344.5062184811,0.20188498721558623,30813.65740861606,12165275.431826515,0.0012664595052242745,746324.9940938232,ok,61627.31481718848
538,746525.5842393782,0.10532474806897296,66141.68682472646,10436754.75010568,0.003168690287757156,746420.7929790496,ok,132283.3736494529
539,746428.9148262072,0.3041564758478739,19393.01070128521,2958287.163456369,0.003277743104328491,746397.132172658,ok,38786.02140255121
540,746321.223293868,0.2911000742960888,9048.871982604773,1341494.2028140936,0.003372683968228367,746305.9638011348,ok,18097.743965203266
541,746299.7842353632,0.2696538924313909,15640.786388645522,2686099.000187315,0.002911431482524436,746277.0156964115,ok,31281.572777291043
542,746291.2021788923,0.16950496202575074,17026.332836778667,3341209.0328927413,0.0025479299063844657,746269.5112275769,ok,34052.66567353762
543,746250.9019178095,0.42887298700695475,4160.580568310374,503978.76577924,0.004127733994781886,746242.3150328846,ok,8321.161136616893
544,746234.1695549389,0.748216288695413,1995.3934218639897,78588.70436762038,0.012695166804951929,746221.5036287728,ok,3990.7868437279794
545,746242.4492345048,0.2514642587034371,14290.240811784663,4678988.312077393,0.0015270652391777438,746231.5381695033,ok,28580.481623547577
546,746219.9086703454,0.3402886165216364,2058.897283364006,5156.391195357609,0.19964517870731646,746014.3842123068,ok,4117.794566728012
547,746090.6677156572,0.17872547094370606,12705.37235542344,1851292.141156001,0.0034314876817577353,746068.8685512923,ok,25410.74471084688
548,746090.6677156572,0.17497721800408517,16741.638312593175,2884655.8262745384,0.002901843290992289,746066.3769102484,ok,33483.276625164006
549,746050.0024599219,0.617146082471268,2702.5426973129433,122571.80168381387,0.011024324763881746,746035.1056057301,ok,5405.085394625885
550,746032.0463047273,1.0459603507614617,1422.5387314326513,200322.9319637024,0.0035506137951555362,746029.5208619054,ok,2845.077462865302
551,746025.2516634502,0.4811172851358739,3616.6468174690995,648072.0110838495,0.002790312461897978,746020.2058761077,ok,7233.293634938198
552,746000.2971930231,0.48201081765098597,4380.144922535793,1295999.5322082608,0.001689871336246719,745996.5962523465,ok,8760.289845066649
553,746000.2971930231,0.47963650387304185,4268.2139383247995,750760.9122746717,0.0028425920080154894,745994.2307976083,ok,8536.427876649595
554,746000.2971930231,0.8204427869588165,2087.405335028824,301072.4809019421,0.003466615960341925,745996.679076698,ok,4174.8106700559565
555,746009.5287570334,0.2947109766380551,5331.347651245438,894111.6703867513,0.002981365654772935,746001.5814086429,ok,10662.69530248579
556,745992.1002987731,0.8062061698812557,1111.328536402236,18565.67463261211,0.029929656702323587,745975.4694579842,ok,2222.6570728038337
557,745991.3963461198,0.8822004388091733,1387.5882291898465,114546.29066721127,0.00605688853435322,745987.1941125019,ok,2775.1764583796926
558,745988.0637876462,0.7004685204811592,2102.931171978843,171532.67606807535,0.006129826748415744,745981.6184857723,ok,4205.862343957686
559,745971.7749606105,0.46510120532349625,1477.009604325954,55364.92638865356,0.013338856390393854,745961.9241511108,ok,2954.019208650483
560,745971.7749606105,0.587104398062054,450.3721421667723,1197.3846400784478,0.1880649404928335,745929.4253555525,ok,900.7442843335446
561,745927.1299018553,0.24881788184983614,18416.88566832518,5169080.163671285,0.001781447093600961,745910.7255481317,ok,36833.77133663378
562,745781.7851374559,0.45514694836468855,8856.383908550903,3600166.9664102774,0.0012299962739480376,745776.3384778518,ok,17712.767817101805
563,745781.7851374559,0.4669183428645687,10904.901618676817,4735320.143037207,0.0011514429108569705,745775.5069516248,ok,21809.80323734336
564,745781.7851374559,0.3085718846765754,13142.74728692557,4244775.32742997,0.001548108706955162,745771.6119367018,ok,26285.494573851134
565,745780.1773020457,0.36645709268023424,11921.470758043406,3143468.5144566507,0.0018962287522870315,745768.8743842354,ok,23842.941516079627
566,745769.9571974379,0.33760362042238007,9615.075684791453,2584692.117625335,0.0018600040637770862,745761.0151575143,ok,19230.1513695829
567,745782.4686110761,0.28226428004401144,11552.772869611856,3506232.635523542,0.0016474624006069158,745772.9522316133,ok,23105.545739213143
568,745760.6093173531,1.0551158729223404,1197.1557438415687,104422.39182794237,0.005732275055594072,745757.1781043491,ok,2394.311487683137
569,745760.6093173531,0.3423528986089883,2581.8077492056304,226431.05534713884,0.00570109021761059,745753.2497579018,ok,5163.615498408985
570,745746.0130453919,0.9074424712402338,1610.7987284094113,81421.85275333992,0.009891685548406637,745738.0462881404,ok,3221.5974568178394
571,745740.5123638625,0.6804230622352313,742.476474072019,5198.8136369068325,0.0714082602231703,745714.0028872273,ok,1484.9529481440377
572,745624.4769544282,1.180765175643093,2347.379026399511,635676.2339190312,0.001846363684172678,745622.3098967347,ok,4694.758052799014
573,745618.2496634315,0.7282552520310792,1168.5782216411505,15236.150849787342,0.038348866231442603,745595.8428384801,ok,2337.156443282301
574,745499.3377345995,0.7437716589915058,3004.091297752465,1145762.788399066,0.00131095691366883,745497.3686174714,ok,6008.182595504928
575,745499.3377345995,0.7061264047827971,2715.75631849756,612434.7773852068,0.0022171800318823293,745496.327074259,ok,5431.51263699512
576,745499.3377345995,0.754116631778768,3411.9056794830685,1258975.5122133517,0.0013550325825975524,745497.0261129172,ok,6823.811358966134
577,745499.3377345995,0.7283485746269368,2290.421959684538,611548.8732687419,0.001872640159928824,745497.193166527,ok,4580.843919366551
578,745499.3377345995,0.815947638795367,1688.5788267172852,89592.72379670749,0.009423638188234992,745491.3814566418,ok,3377.1576534345704
579,745490.5124384164,0.7723855402872866,1050.818824388387,31719.525269374753,0.01656422685182735,745481.8094377227,ok,2101.637648776774
580,745483.6727940165,1.4460971746485083,707.3152409988159,22470.617734393374,0.015738669255990323,745478.1066936976,ok,1414.6304819976317
581,745504.4075572821,0.27672882197886517,12569.220305803572,4002059.3508618334,0.0015703440658740883,745494.5385570221,ok,25138.440611607133
582,745504.4075572821,0.27875248786535695,14202.971740216657,4974254.754823727,0.0014276482046324114,745494.2691337295,ok,28405.94348043241
583,745479.4445317298,0.32623273686888826,2131.244178728002,26360.28999897675,0.04042527944136298,745436.3664609883,ok,4262.4883574560035
584,745331.63991199,0.27362678041936184,10434.89268022286,1861771.1809792845,0.00280241008853036,745317.0184877301,ok,20869.78536043195
585,745327.155494619,0.2610319033828829,6496.1139532294455,1633992.989919462,0.0019878034952737567,745320.698995608,ok,12992.227906448652
586,745327.155494619,0.2512747933610873,7206.105969841752,2279422.5144364783,0.0015806867582035915,745321.4601964767,ok,14412.211939682998
587,745310.6968813019,0.41444376468864064,993.7863791409075,1445.5557950634816,0.3437385061630448,745139.8955585965,ok,1987.5727582815607
588,745070.0671628681,0.06870972371883405,78158.44283452873,11517648.862063063,0.0033929860065437367,744937.4719114527,ok,156316.8856690574
589,744976.5066649275,0.11842858238471549,50907.262502335325,11283528.575609207,0.002255821933768923,744919.087805257,ok,101814.52500467065
590,744985.4375271043,0.10459242557836605,53798.28488400212,10136805.63532208,0.0026536113455968794,744914.0576575334,ok,107596.56976793613
591,744985.4375271043,0.10386779282749359,55969.08081864348,13113152.158537678,0.002134081879855381,744925.7162265007,ok,111938.16163728682
592,744904.0355007943,0.5178763626236871,10798.626810852144,4087139.8353500008,0.0013210493457373239,744896.9027413526,ok,21597.25362170428
593,744889.9887117437,0.7284738104274229,7742.071857339875,2797929.3543189773,0.0013835359790962832,744884.63299426,ok,15484.143714671656
594,744880.2706786579,0.8164404284675926,3586.4172523405614,850234.4179620933,0.0021090755540905766,744876.4886661811,ok,7172.834504681123
595,744873.3734386782,0.8956010481183886,5773.534656565218,2293517.9362460747,0.0012586635066859507,744869.7399699898,ok,11547.069313130298
596,744873.3734386782,0.8118461305404013,4225.684314219065,1035800.9393720663,0.002039814868666175,744869.0636318311,ok,8451.368628438127
597,744866.8524167482,0.5293174200285208,2657.140634825095,314613.6539524791,0.004222862869178659,744861.2420464858,ok,5314.2812696469755
598,744852.9245561785,0.8484957080020642,2440.979307817254,304963.15371114213,0.004002088905024447,744848.0400480758,ok,4881.958615634507
599,744864.0473770207,0.3544851781065077,15394.618024703475,4347691.4588018805,0.0017704358934598665,744850.4197848622,ok,30789.236049406933
600,744864.0473770207,0.32866477703044267,16469.751139069078,5387889.723278136,0.0015284046245334474,744851.4611551178,ok,32939.502278138156
601,744875.8692864645,0.2193303779651218,7883.34741545814,777051.048931986,0.005072605864372339,744855.8747292993,ok,15766.69483091628
602,744842.7826432218,0.6717303894250903,2322.2328057925524,176597.02641159695,0.006574948777393609,744835.1483623481,ok,4644.465611585104
603,744829.955587646,1.2521343118998527,1637.579748766398,215151.8001503369,0.0038056380370095496,744826.8395697557,ok,3275.159497532796
604,744840.7573270958,0.300351798283535,12186.810150514697,5389229.16320526,0.0011306635681517907,744833.8677359712,ok,24373.620301011273
605,744860.2213252371,0.23551869147954121,20405.02076294188,8193852.187671929,0.0012451421074962934,744847.517749959,ok,40810.04152588376
606,744845.2015634562,0.8529531041018831,3584.6602221488465,839690.816182201,0.0021345119852847275,744841.3758133525,ok,7169.320444294528
607,744819.024505971,0.5267704101099824,810.0461743515508,8452.007626639574,0.047920340949432885,744799.6156615411,ok,1620.0923487031014
608,744807.4669296597,0.7483692390180609,968.4384560191266,15785.161700138708,0.03067559504349635,744792.613216709,ok,1936.8769120382533
609,744807.4669296597,0.6103462157344999,801.7769330449439,3727.121827504155,0.10755979682878371,744764.3474476496,ok,1603.553866089887
610,744770.5230239482,0.14180940121803726,28166.254152796697,6185579.340966059,0.0022767676720478144,744738.4590154992,ok,56332.50830559339
611,744770.5230239482,0.14594879294883864,35228.98896919766,9698873.610090628,0.0018161381612678046,744738.5326683233,ok,70457.9779383952
612,744726.1092649531,0.34027915357573796,13151.902231351716,7166034.675995598,0.0009176554974962136,744720.0748072604,ok,26303.804462684828
613,744726.1092649531,0.3311176980078697,11613.563114349237,4945622.821209512,0.0011741254371991313,744719.2913750185,ok,23227.126228698467
614,744723.3395090355,0.5643086417529634,3943.841122550817,879724.9376981553,0.0022415194531543443,744718.9194107373,ok,7887.682245101632
615,744719.0983042992,0.5617200121166452,3283.229212821945,591210.9458499047,0.0027766986012937285,744714.5400353178,ok,6566.458425643889
616,744729.4826272986,0.40533995735076295,8443.587853019304,3492451.4031712716,0.0012088339791002135,744724.3791793474,ok,16887.175706038608
617,744718.603293686,0.8445587427768828,1245.8386451985577,66990.02517660677,0.00929868769204173,744712.8109614479,ok,2491.6772903964948
618,744715.1946752745,0.5372159190007006,2951.4937068932936,787652.8947206889,0.001873600495012418,744712.4297152393,ok,5902.987413786586
619,744715.1946752745,0.5655342735292512,2472.793140961084,387538.3872630253,0.0031903847750736247,744711.2500944801,ok,4945.5862819221675
620,744703.0740088872,0.8751674612564335,1383.9515606719262,203426.89475087865,0.0034015943721864943,744700.7201879671,ok,2767.9031213438525
621,744703.0740088872,0.8799040977034392,1059.521716547323,170065.4404062018,0.003115041227708147,744701.4237819728,ok,2119.0434330937132
622,744702.5252492554,0.7111535193678822,1290.3694189821592,116545.0420660377,0.005535925836514777,744698.9535545527,ok,2580.7388379633694
623,744702.5252492554,0.4095426496170968,7387.234592293183,4273258.927366248,0.0008643560708414855,744699.332648722,ok,14774.46918457222
624,744702.5252492554,0.5917248473361701,2280.9759425516486,463916.60770159704,0.0024583900475695303,744699.7214849774,ok,4561.951885103297
625,744702.5252492554,0.8222096959136578,1077.0613197075402,193456.28708537054,0.002783733048779755,744701.0261236598,ok,2154.12263941508
626,744702.5252492554,1.1690547388014172,983.4453996966824,70997.05013057968,0.00692595958485531,744699.1195977093,ok,1966.8907993933647
627,744702.5252492554,0.6417939924511766,2226.452493439384,203940.97368009738,0.005458570814052811,744696.4486249555,ok,4452.9049868787515
628,744694.9289772939,0.8556420542577625,1647.9763674476014,152513.0618253621,0.005402738453099339,744690.4771846489,ok,3295.952734895203
629,744674.8230906263,0.5765052083541702,429.2820804443551,2047.0803471149136,0.10485227925942693,744652.3174883364,ok,858.5641608885434
630,744668.9615294863,1.2570950475046787,988.6509786168655,34666.38587448868,0.014259504613436254,744661.9126928911,ok,1977.3019572333278
631,744663.4580143294,1.3425063702586228,1792.4487597124873,345731.36991460656,0.002592256468013317,744661.134770884,ok,3584.8975194249747
632,744663.4580143294,1.0987319121868853,2105.844015874178,233619.92324174359,0.0045069872180702394,744658.7125082981,ok,4211.688031746702
633,744678.9795882697,0.3406607461522361,9728.15340682467,2522970.24154262,0.0019279167955775377,744669.6020530983,ok,19456.30681364934
634,744667.8522445656,0.271052704676191,8296.397792865337,2545635.3952322253,0.0016295337911320365,744661.0926142915,ok,16592.795585717984
635,744653.5208362389,2.988871027421814,1203.2416699512746,337649.5548900269,0.0017817906947088567,744652.4488738333,ok,2406.483339902523
636,744653.5208362389,1.4451495602888396,813.4769583728178,122986.96140698987,0.0033071674796519707,744652.1756839678,ok,1626.9539167456007
637,744653.5208362389,1.3927219706294325,486.6121491927029,33267.85640934259,0.007313548297269432,744651.7414055113,ok,973.2242983849617
638,744653.5208362389,1.5317296957608022,687.9322386463393,28394.15830974029,0.012113974838450345,744649.3540393241,ok,1375.8644772926784
639,744651.7664874255,0.8978285735943953,556.0426262775267,8419.975118807723,0.03301925590228246,744642.5864305407,ok,1112.0852525547568
640,744651.7664874255,1.0181668060502094,536.9915094621243,4376.559673152464,0.06134858765393297,744635.2946520818,ok,1073.9830189242484
641,744558.1716674945,1.0330278860152702,2528.271295535083,1101715.5080821582,0.0011474247557503486,744556.7211669575,ok,5056.542591070166
642,744558.1716674945,1.098771710559652,2413.500585681527,1273837.3002680908,0.0009473347126723262,744557.0284710525,ok,4827.001171362927
643,744558.1716674945,1.071581526668635,2068.6756901001236,1273264.665211387,0.0008123510164937636,744557.3314220947,ok,4137.351380200246
644,744558.1716674945,1.2869038723625963,2587.5866154300215,1744693.034090218,0.0007415592785866014,744557.2122430626,ok,5175.173230860043
645,744558.1716674945,1.0480404642647618,2518.9217794964397,1381920.5935497924,0.0009113844135667697,744557.02381447,ok,5037.843558992879
646,744558.1716674945,1.003260025647918,2041.7922518481914,751052.7128473426,0.0013592869161656313,744556.7839767477,ok,4083.584503696381
647,744552.154469937,0.62235442182369,653.0426078915659,3145.6632867110043,0.10380046247326816,744518.26140758,ok,1306.0852157831316
648,744512.157166124,0.1985564019004753,18677.561128490324,4306770.469193893,0.002168395235140804,744491.9069988464,ok,37355.122256954644
649,744474.035289338,0.704171344830753,6748.516121661941,3682210.2623433303,0.0009163675674195798,744470.9432286869,ok,13497.032243317335
650,744458.2569512127,0.9304869353284632,1728.8133200971329,543881.1510416493,0.0015893300556436675,744456.8831237275,ok,3457.626640192308
651,744458.2569512127,0.9686728164717375,2425.039413961862,907474.0146668461,0.0013361481291848053,744456.6368452746,ok,4850.078827923695
652,744458.2569512127,1.0293076077276753,1904.301065715259,1063517.1314799883,0.0008952846218213887,744457.404505483,ok,3808.602131430489
653,744458.2569512127,1.0273594914932958,1347.112283729866,420543.2558076108,0.0016016334409439917,744457.1781611715,ok,2694.224567459731
654,744458.2569512127,1.1141067293560638,1479.8349677400172,521683.6028570577,0.001418326126828156,744457.2075069136,ok,2959.6699354800344
655,744458.2569512127,1.056637907815171,2188.994586274746,740107.2769796452,0.0014788360109145018,744456.6383692017,ok,4377.98917254949
656,744458.2569512127,1.0514390747629134,1861.170908900258,433136.4534862366,0.0021484810316933977,744456.2576060153,ok,3722.341817800516
657,744458.2569512127,1.0921051337631564,2285.4479609491964,1579990.240374643,0.0007232474931007413,744457.4304789585,ok,4570.895921898392
658,744458.2569512127,0.9512633546897356,1653.590138437483,487487.59829303576,0.0016960330316377467,744456.854679465,ok,3307.180276874966
659,744458.2569512127,1.0585820224164124,1935.6666628982946,511840.93750311236,0.0018908869153188086,744456.42688783,ok,3871.3333257965687
660,744453.0171626838,1.4651005926456178,533.2726254524671,29774.31414415337,0.008955246170753241,744450.6293688652,ok,1066.5452509049342
661,744453.0171626838,0.99214309542445,737.1487265898337,12677.411110239398,0.029073314739885937,744442.3014842147,ok,1474.2974531796674
662,744454.7757192625,0.4663277098484355,11722.364743366246,5424453.603035259,0.0010805111077737842,744448.4426466053,ok,23444.729486732493
663,744441.1652263829,0.5602263100761464,6210.263146878254,4202636.787883978,0.0007388531843606109,744438.870990032,ok,12420.526293749897
664,744441.1652263829,0.7053399674262574,3424.5354594831906,1109558.9605253222,0.0015431967030674239,744438.5228604677,ok,6849.07091896638
665,744441.1652263829,1.1371072529493804,4131.264141887814,4461601.54173375,0.00046297995274163713,744440.2088801443,ok,8262.528283773077
666,744441.1652263829,0.6663855150246447,4065.2143615995255,1945838.541228351,0.0010445919009891937,744439.0419813839,ok,8130.428723199051
667,744423.5797363773,0.8770310566706515,548.3561989272007,2803.235194140952,0.09780774015561042,744396.7629960686,ok,1096.7123978541858
668,744434.217683041,0.3555093023166555,16382.394990840028,8784127.870258233,0.0009324998015061013,744426.5793930024,ok,32764.78998167954
669,744434.217683041,0.3247291680903026,21093.282138622475,13405500.122463442,0.0007867398435690104,744425.920220296,ok,42186.56427724495
670,744414.0165590607,0.8817554400107006,872.1252212577803,65101.680896294485,0.006698177445272543,744411.0957343174,ok,1744.250442515514
671,744414.0165590607,1.04945821767785,1294.9257031039951,221927.54762310287,0.0029174514767836605,744412.1276176082,ok,2589.851406206836
672,744414.0165590607,1.0891617685122075,766.2913850431058,135171.84651132196,0.0028345080903327065,744412.9305294954,ok,1532.5827700862105
673,744414.0165590607,1.7068465578765784,1160.4207896170562,494980.65898134134,0.0011721880123611043,744413.3364433912,ok,2320.8415792340834
674,744408.0476730559,1.0369342093069607,976.9855768295153,219418.9618437059,0.0022263016118119973,744406.9601407737,ok,1953.9711536590303
675,744408.0476730559,0.7946936301594,1334.5349825742346,161897.52072416976,0.004121542370151322,744405.2975018183,ok,2669.069965147384
676,744399.1087260845,0.5137407586462021,225.80421311395529,182.08409533884503,0.6200547408980185,744329.1032396564,ok,451.60842622791057
677,744355.183270701,0.266434797989336,8744.60677863447,1711084.3987374485,0.0025552821313451343,744344.0108019774,ok,17489.21355726892
678,744355.183270701,0.2793073324633775,7919.337188470647,1489785.4740313557,0.0026578783746095134,744344.6589531737,ok,15838.674376940942
679,744355.183270701,0.28460069899245805,7731.462924520346,1434212.0530621642,0.0026953695264284724,744344.7636959202,ok,15462.925849033345
680,744325.1614429951,0.8370469973746907,1550.899081856978,142834.78907717965,0.005428996296619873,744320.9515303092,ok,3101.7981637122216
681,744325.1614429951,0.8569035551442785,1766.4641096258842,167454.02881009298,0.005274474798182383,744320.502857781,ok,3532.9282192517685
682,744310.2070459721,0.768000385937826,546.0385040785202,9656.074131096435,0.028274353358579602,744302.4876031663,ok,1092.0770081570404
683,744307.6537962132,2.2552181227893224,247.1253560857331,20017.292081264626,0.006172796876882073,744306.8910689,ok,494.25071217130386
684,744304.7836742806,0.7940097089879145,257.95050922824674,596.0918399266816,0.21636809292673279,744276.877544405,ok,515.9010184564935
685,744291.5136298729,0.09899625938790216,69634.49528202612,18611634.77409469,0.0018707248483875673,744226.3801395583,ok,139268.99056405222
686,744182.2209612284,0.5140534625210632,9099.59344304283,4425367.729122645,0.0010281172096908292,744177.5432369184,ok,18199.186886076564
687,744182.2209612284,0.480810397575192,6289.666828365217,2294913.521998858,0.0013703494201574421,744177.9114405828,ok,12579.333656730432
688,744182.2209612284,0.5387431940148034,6259.054554894092,2603601.6479849373,0.0012019992689239346,744178.4592717289,ok,12518.109109782206
689,744170.7742109873,1.4676441511864355,958.3983984514783,141016.03769559754,0.003398189362405405,744169.145801366,ok,1916.7967969029567
690,744170.7742109873,1.3305328640229173,1090.605795720191,161171.65119755958,0.003383367321785882,744168.9292509822,ok,2181.2115914403817
691,744162.7678202803,1.5582493069905232,888.4018321574091,190317.48500683188,0.002333999506470774,744161.7310555615,ok,1776.803664314083
692,744155.1676282554,0.5643576252625019,249.8811625036667,116.68775458203727,1.0000000000000162,744021.9742203339,ok,499.76232500733306
693,744009.6096946099,0.1038624274890497,31492.003243177078,4428633.373891939,0.003555499020175326,743953.6248012726,ok,62984.00648635414
694,744052.3531992307,0.14645823272967298,50115.43618136249,16307841.88307023,0.0015365440915081831,744013.8509105518,ok,100230.87236272497
695,744011.040461786,0.28269097431871026,22231.961959954086,5045015.707808046,0.0022033590426236167,743986.547964576,ok,44463.92391990817
696,744021.9562616779,0.14398957863244283,27659.12098173753,4680368.278856521,0.002954801773472305,743981.092651813,ok,55318.24196347505
697,744034.7153988233,0.12817780418057512,39244.91607002731,8605521.052074103,0.002280217306572535,743989.9719304143,ok,78489.83214001349
698,743941.3860169585,0.5585496217443103,7642.877038835062,3572332.45363938,0.0010697320501411815,743937.2981016967,ok,15285.754077670124
699,743927.9729179275,1.0738809249275854,4049.173906724903,2796035.8779743197,0.0007240919078725235,743926.5069308978,ok,8098.347813449805
700,743921.9557203697,1.3179375601231904,2236.2437642563186,615770.2261829681,0.0018158102398993289,743919.9254232068,ok,4472.487528512634
701,743916.4672901898,1.6331680485191167,1882.468467457508,1128904.6130778112,0.000833758869283563,743915.6825277994,ok,3764.936934915015
702,743916.4672901898,1.425067435859641,2009.7153765547193,486829.7001921886,0.002064084602645784,743914.3931789076,ok,4019.4307531094382
703,743916.4672901898,1.379223020434625,2014.276679900946,570581.7784612129,0.0017651077864186237,743914.689582464,ok,4028.5533598018906
704,743913.9267260305,1.2676004296701522,1305.625078557663,207235.2664786253,0.00315010350492716,743911.8702989626,ok,2611.2501571144944
705,743908.1117068888,0.6457070035953288,837.016570251176,38801.58311020506,0.010785855925953642,743903.5977368215,ok,1674.0331405023467
706,743897.8578738081,1.9513901399117082,540.8577878866247,69522.17716878091,0.0038898219957465463,743896.8059535482,ok,1081.7155757732487
707,743895.8389441094,0.7575115237234884,683.9682356014735,14977.453711399692,0.02283326154034077,743888.030331305,ok,1367.9364712029467
708,743838.7023424357,0.580993748989146,6394.901396140847,3456279.070577297,0.0009251135781510717,743835.7443373795,ok,12789.802792274853
709,743838.7023424357,0.5577140241327553,5784.376758635653,2393785.76003609,0.0012082068611161854,743835.2079805923,ok,11568.753517265402
710,743838.7023424357,0.5661914228196593,6009.328927566267,3066424.350687299,0.0009798593150063127,743835.7581939724,ok,12018.657855132535
711,743875.2779689658,0.2542108145382376,8567.373442875944,1424608.3407385864,0.003006922393292391,743862.3972554372,ok,17134.746885743665
712,743851.9278818696,0.9306024611684328,1359.4709226953255,169916.05617284676,0.004000419246172965,743849.2086550477,ok,2718.941845390651
713,743851.9278818696,0.9674116394090777,1032.095523400517,134704.49639131918,0.0038309616644208355,743849.9509226775,ok,2064.191046801034
714,743851.9278818696,0.9286357436436637,1556.416221770815,208382.27596977906,0.003734521601051465,743849.0216468694,ok,3112.8324435402387
715,743860.2410887355,0.33437611824008195,6341.335346671663,1345166.7153435242,0.002357081570016484,743852.7675663981,ok,12682.670693343325
716,743874.4668690967,0.2938097375553659,4733.043504211552,599298.8441281891,0.003948817481115616,743865.1219066326,ok,9466.08700841737
717,743874.4668690967,0.2796452307007042,4943.383675487316,536647.3821679661,0.004605802468947924,743863.082744728,ok,9886.767350974631
718,743866.761293127,0.4216625835761374,4548.762329440269,753852.5744012097,0.0030170105428461145,743859.8994611746,ok,9097.524658877037
719,743861.6677702623,0.24502965814323316,5279.0078882520465,629601.7505643772,0.0041923389535686055,743850.6020750592,ok,10558.015776504091
720,743861.6677702623,0.2561044121736861,5345.650464785432,768829.4676032896,0.0034764864576859247,743852.3757295382,ok,10691.300929570849
721,743861.6677702623,0.25893816802504666,5119.404922102975,660730.3590562018,0.0038740500205073206,743851.7513548905,ok,10238.809844205947
722,743857.5960665472,1.232927785404357,985.4431075313325,99785.62938159885,0.004937800731620454,743855.1631056985,ok,1970.886215062665
723,743853.639673544,0.721401279593111,652.8991412746988,3548.3305463570305,0.09200089066462701,743823.6060222883,ok,1305.7982825491451
724,743872.8369236484,0.1523027198193305,13150.043007783603,1779511.9106842102,0.003694845459822604,743848.5432352965,ok,26300.086015567198
725,743827.349616756,1.4029090998979843,795.5528116680039,49127.2442848531,0.008096859728740052,743824.1288769946,ok,1591.105623336007
726,743827.349616756,1.385873830917742,700.4858312855304,23675.850139333612,0.014793256148419904,743822.1683835908,ok,1400.9716625710569
727,743820.8803822299,2.1927906581157526,818.6038809526958,302101.96485115966,0.0013548469990190357,743820.3258407242,ok,1637.2077619053916
728,743820.8803822299,1.8261670926561515,1038.1034978401483,112841.12045831137,0.004599845754915518,743818.4928242461,ok,2076.2069956802966
729,743811.6708494266,0.8382046340382069,546.4656928102011,2458.8518758638165,0.11112212536556779,743781.3086348145,ok,1092.9313856204021
730,743755.1107256126,1.1548481954146141,777.7971551320857,23639.672891389353,0.01645109809060418,743748.7129169657,ok,1555.5943102641713
731,743753.8353609634,1.4815669260892343,357.8951837436083,15489.759413668744,0.011552638558988469,743751.7680441135,ok,715.7903674872166
732,743753.8353609634,2.3428231017237784,2853.736976335082,15917143.505523257,8.964350215680451e-05,743753.707451475,ok,5707.473952670163
733,743753.8353609634,1.5184290934041937,554.6378180145873,35858.48372422324,0.007733704278743897,743751.6906585302,ok,1109.2756360291737
734,743753.8353609634,1.8171910767040578,314.47609048893986,25119.252870538,0.006259662500905515,743752.8511038678,ok,628.9521809775291
735,743753.8353609634,1.2012219037648422,529.0888692747028,21050.802522693393,0.012566952464266605,743750.5108436287,ok,1058.1777385489208
736,743740.9915498139,1.7044978986793946,1166.059224443662,540491.7149772563,0.0010787022188607734,743740.3626344774,ok,2332.1184488873237
737,743740.9915498139,1.3746085754472588,798.3754418141319,159355.08231807483,0.002505020330071946,743739.9915764575,ok,1596.7508836282634
738,743740.9915498139,1.6719006958901936,1086.5262355461925,486570.9334417917,0.0011165137093789978,743740.3849890952,ok,2173.0524710914965
739,743740.9915498139,1.773710761830628,1258.0513001442032,575666.0246222004,0.001092691983142344,743740.3042185288,ok,2516.1026002873814
740,743740.9915498139,1.3826454165496909,847.2565620358891,198712.21207112202,0.002131868376898355,743740.088430078,ok,1694.5131240711398
741,743735.9119977773,1.34617777628774,610.4212712291917,73871.08452968171,0.004131665827810623,743734.6509694238,ok,1220.8425424583832
742,743735.9119977773,1.7195156905905757,456.4064310933539,102580.85488432561,0.002224617993328368,743735.4043327979,ok,912.8128621867078
743,743735.9119977773,1.8754666210855697,705.477194382523,187150.72280775598,0.0018847835151221928,743735.2471618841,ok,1410.9543887650455
744,743735.9119977773,1.6198175327684199,622.34141138568,109618.75066351479,0.0028386631284278013,743735.0286889684,ok,1244.6828227713595
745,743735.9119977773,2.1356004109098508,488.7249159754164,121593.00991278564,0.00200967521211113,743735.4209086028,ok,977.4498319508324
746,743735.9119977773,2.3362612094437885,448.68221829301956,90118.22574256443,0.0024894088548455466,743735.3535210337,ok,897.3644365858348
747,743735.9119977773,1.5067374942116494,720.315627769902,77538.48933248047,0.004644890775994042,743734.2391040697,ok,1440.631255539804
748,743735.9119977773,1.7106914505418183,664.5076726503958,142532.50783370712,0.0023310740923245307,743735.1374894673,ok,1329.0153453007915
749,743735.9119977773,1.6904807959657704,473.1055105937951,109084.19015311621,0.002168533817456589,743735.3990251278,ok,946.2110211873038
750,743735.9119977773,1.5581994610488232,700.4473121243603,134319.9881957369,0.0026073830169774815,743734.9988305643,ok,1400.8946242483457
751,743735.9119977773,1.8203045033009106,587.0329088627806,130632.55745528571,0.002246885922997092,743735.2524997876,ok,1174.065817725291
752,743735.9119977773,2.656232822624471,566.4570917668176,282119.78207915503,0.0010039301171866873,743735.6276561101,ok,1132.9141835336352
753,743735.9119977773,1.8823580848341956,555.7364833284848,158409.51304471408,0.0017541133504135502,743735.424585385,ok,1111.4729666569697
754,743735.9119977773,1.6791085563011763,564.6791916837619,151650.83461680615,0.0018617740980806426,743735.386345231,ok,1129.3583833675152
755,743735.9119977773,1.5273086405817418,819.4384120424753,168683.05757022076,0.0024289292115224816,743734.9168188293,ok,1638.8768240844565
756,743735.9119977773,2.0166255329752865,579.8140985506111,164166.76643840343,0.0017659301913830459,743735.4000421664,ok,1159.6281971012222
757,743735.9119977773,1.5946355322663124,380.39594122659094,32964.254247902274,0.005769824767851346,743734.8145888157,ok,760.7918824531819
758,743735.9119977773,1.3827452425514946,745.1812046490787,202691.36411367188,0.0018382164625207508,743735.2270955982,ok,1490.3624092981572
759,743730.4668399837,0.4288963507804182,168.35956583235136,178.32148645337932,0.4720675258513157,743690.7282981357,ok,336.71913166470273
760,743653.5562819117,0.3341751388795649,19080.41288247344,10728663.207683582,0.0008892260160058225,743645.072882146,ok,38160.82576494687
761,743642.4161747652,0.3150350884775022,19889.11477546185,12553489.13952419,0.0007921747712690378,743634.5383472913,ok,39778.2295509237
762,743642.4161747652,0.3552197075295654,16158.514745677743,9081880.15536235,0.000889601848364902,743635.2288524729,ok,32317.029491355483
763,743625.7106376631,0.6292451298307337,3266.7346294500685,890205.4242186258,0.0018348206720473713,743622.7137015491,ok,6533.469258900137
764,743607.9553415171,2.0694531017271305,741.8257506367878,141798.95789623316,0.002615765876007521,743606.9851202749,ok,1483.651501273205
765,743607.9553415171,1.2407405862118472,977.9939237220151,520612.6261451388,0.0009392721906915156,743607.4960402695,ok,1955.9878474439972
766,743607.9553415171,1.323306121662391,924.4277155668158,531124.83005801,0.0008702546588396638,743607.553097754,ok,1848.8554311322189
767,743607.9553415171,2.103658321759715,606.5880241702795,117254.19387196134,0.002586636793702486,743607.1708300661,ok,1213.176048340204
768,743607.9553415171,1.506908840212142,1521.9213971068446,1496736.8447332976,0.0005084131530743584,743607.5684590889,ok,3043.8427942136886
769,743607.9553415171,1.9923100222944714,689.4941990749356,109652.40677720842,0.003143999385603313,743606.871456848,ok,1378.988398149871
770,743607.9553415171,1.8717268407171759,777.6188504778759,190334.4805708611,0.002042769255853172,743607.1610935769,ok,1555.2377009552263
771,743607.9553415171,1.8844237257261098,742.2057025258739,101723.4370024457,0.0036481548618340007,743606.6015008461,ok,1484.4114050517476
772,743607.9553415171,1.3372849517229048,1131.6268161507955,459023.1159262487,0.0012326468721159285,743607.2578933894,ok,2263.2536323001345
773,743607.9553415171,1.62913946478585,604.9461290061503,198883.42010097546,0.001520856109320254,743607.495323509,ok,1209.8922580123003
774,743607.9553415171,0.8545877207235799,2201.3519927216075,720306.6594170401,0.0015280658341429258,743606.2734361326,ok,4402.70398544197
775,743607.9553415171,2.162702458518135,725.3275528960181,227025.2058294345,0.001597460401469609,743607.3760004952,ok,1450.6551057920362
776,743607.9553415171,3.33088442514537,2085.922274577793,5541747.929251931,0.00018820075373397283,743607.759055445,ok,4171.844549155585
777,743607.9553415171,1.2378719354987815,993.1427011894399,420394.3983351813,0.0011812035378235526,743607.368789681,ok,1986.2854023775867
778,743607.9553415171,1.3000739766971532,810.2479279963682,189738.06453888968,0.0021351749580809484,743607.0903309742,ok,1620.495855992736
779,743607.9553415171,1.2643730847513632,980.1394123096914,276481.05123284354,0.0017725254731548476,743607.0866804793,ok,1960.2788246182035
780,743604.0491091126,3.0142891946025063,198.78923936096763,47128.06858479805,0.0021090323169438182,743603.8394826475,ok,397.5784787219352
781,743604.0491091126,1.5093981457975196,332.147843940338,21706.80993518027,0.007650775146882024,743602.7785148779,ok,664.295687880488
782,743599.4016869371,0.3362577972572939,163.75055734554306,423.98590544190444,0.1931084916311924,743583.5908753708,ok,327.5011146910861
783,743606.7007080519,0.7805040342361356,1639.3625236061146,549252.4041921808,0.0014923580771733038,743605.4774501001,ok,3278.725047210192
784,743606.7007080519,0.8223122909642703,1632.1639967328013,574739.1720859233,0.001419917134592658,743605.5419392391,ok,3264.3279934656025
785,743606.7007080519,0.8205931852658095,1255.3883436280023,301733.4596019779,0.0020802935565780605,743605.3949199107,ok,2510.7766872560046
786,743603.4734809771,1.0439672756534126,312.7135041706368,12188.986483441195,0.012827707397799636,743601.4677823117,ok,625.4270083412736
787,743598.9428827926,1.9762591489622303,176.35916358661777,5322.589741188188,0.016567044630725968,743597.4820077254,ok,352.71832717309326
788,743596.4530385506,0.6990413190359337,85.88319610535012,117.31092036351515,0.3660494514884935,743580.7342901374,ok,171.76639221070025
789,743574.5665227906,0.2790625682155642,16748.547228109772,7613281.903035383,0.0010999558036483713,743565.3551919274,ok,33497.094456219544
790,743548.1811992028,1.8965399966598038,472.54769330791936,35452.142195868095,0.006664585890143957,743546.6065318581,ok,945.0953866158386
791,743546.6157022141,1.668487260394624,191.13886729153714,9770.210920623358,0.009781716528149534,743545.6808691054,ok,382.27773458292364
792,743542.501421264,1.796662352872491,111.49767085682595,1064.3838010998768,0.05237662896673656,743539.5814851954,ok,222.99534171360767
793,743542.501421264,2.878027247604284,60.52488522567581,6415.565195493695,0.0047170345387643016,743542.3586722771,ok,121.04977045128894
794,743542.501421264,1.6661600170063398,113.11076389154057,710.0349165378548,0.079651550407599,743537.9966974081,ok,226.22152778308111
795,743515.3480591086,0.42715932930849493,6224.814855344028,2342473.7523328983,0.0013286840138858884,743511.2126531148,ok,12449.629710680003
796,743515.3480591086,0.5103775534104903,6046.406999059783,2961228.6909414087,0.0010209287478464826,743512.2615837454,ok,12092.813998112502
797,743500.0088319188,0.4573347706544482,7964.019206252368,2521706.341457024,0.0015790933058547202,743493.7208672106,ok,15928.03841249424
798,743485.2793451198,0.5486505731465898,5283.360139422323,2838269.4980074908,0.0009307361656691382,743482.8206379409,ok,10566.720278839011
799,743485.2793451198,0.6749325815960111,3505.4983764183053,1227226.4006081338,0.0014282199171567723,743482.7760338195,ok,7010.9967528366105
800,743485.2793451198,0.47215906907199906,8910.415986196462,6966642.580898471,0.0006395057506342823,743482.4302139881,ok,17820.831972377135
801,743485.2793451198,0.5419948096163684,4155.680561057187,1295577.7069620998,0.001603794407207547,743481.946916499,ok,8311.361122114375
802,743485.2793451198,0.6190700145803362,4001.326144108309,1580929.1487909216,0.0012654982505599579,743482.7475095021,ok,8002.652288216617
803,743485.2793451198,0.6150212524898713,5053.980333442899,2785824.305334739,0.0009070888504642477,743482.9871405143,ok,10107.960666885794
804,743472.6107534465,1.2445278982882884,65.75205308313302,56.725900279910604,0.5795593614088397,743453.5571444985,ok,131.50410616624617
805,743436.0173891255,1.108403596709912,2183.619025732762,1910105.9022285936,0.0005715963243674213,743435.3933148211,ok,4367.238051465523
806,743436.0173891255,0.9982851566292152,2142.9729813092385,1771810.1393151886,0.0006047411440306764,743435.3694171594,ok,4285.945962618475
807,743436.0173891255,1.1320366584518184,1618.5170357183742,1113148.1263831519,0.000726999847260791,743435.4290583067,ok,3237.034071435011
808,743436.0173891255,0.9368113508343893,1851.2105397489859,1348430.745128273,0.0006864314487181485,743435.3820245592,ok,3702.4210794979717
809,743436.0173891255,1.0144629680789479,1834.0900673060692,1378268.8939004836,0.0006653600307686033,743435.4072240138,ok,3668.1801346121383
810,743436.0173891255,1.0251586072732168,2113.50096690311,1727518.4986542983,0.0006117158712191749,743435.370958083,ok,4227.001933804311
811,743436.0173891255,2.0876274220969027,2983.8838487989287,4749777.191810958,0.0003141077705648396,743435.5487585738,ok,5967.767697597854
812,743436.0173891255,1.123394635744757,2016.5991402074965,1588582.3399112485,0.0006347165927578424,743435.377404658,ok,4033.198280414992
813,743436.0173891255,0.9679999730057821,1821.3821288123052,1260307.2370389332,0.0007225944893768944,743435.3593287808,ok,3642.7642576225603
814,743436.0173891255,0.9441490626126795,1617.2577014732733,1122420.557912452,0.0007204330364730447,743435.4348261872,ok,3234.5154029465457
815,743433.0784421542,0.8110079629659295,1960.0257951461551,1171475.475783874,0.000836562879745577,743432.2585997424,ok,3920.0515902898646
816,743433.0784421542,0.8835277988013635,1965.760417384783,1064221.3309117316,0.0009235674761850017,743432.1706859606,ok,3931.520834769566
817,743433.0784421542,0.6988311731581781,1822.7802385286238,975243.3671673319,0.0009345258321638356,743432.2267245447,ok,3645.560477054929
818,743433.0784421542,0.7860379591340304,1839.1498284496643,1072423.2147535763,0.0008574738979667966,743432.289930668,ok,3678.2996568993276
819,743433.0784421542,0.9038548788532101,1963.3615095050548,1162811.8450004205,0.0008442300953273936,743432.249677717,ok,3926.7230190101095
820,743450.1323574154,0.36748275013054393,9475.13513643316,3853232.230683914,0.001229504811698231,743444.3074952946,ok,18950.27027285438
821,743438.7330998804,1.4011060936339566,407.0838221349243,20828.808877672993,0.009772133983410095,743436.7440610542,ok,814.1676442698484
822,743438.7330998804,1.6071701089364192,374.06191799302246,33182.340997502,0.005636460640633858,743437.6789072414,ok,748.1238359856601
823,743436.6400172989,2.084330075381298,234.28691489347594,10258.498138276731,0.011419162519477364,743435.3023371202,ok,468.5738297869518
824,743436.6400172989,3.472288980324766,729.476624844681,840210.2798520692,0.0004341036061669679,743436.4816830821,ok,1458.953249689362
825,743436.6400172989,2.0259535255247525,196.28253446220123,14477.235169325217,0.006779006217916882,743435.974717038,ok,392.56506892440154
826,743436.6400172989,2.893191454660707,509.97696048046686,227563.59631077343,0.0011205152510070505,743436.3542988179,ok,1019.9539209609335
827,743434.8873473983,2.8773438995836718,1231.6283780711155,2882332.314424798,0.00021365134962186014,743434.7557778656,ok,2463.256756142231
828,743434.8873473983,2.1091014909185986,408.2249326983992,42604.02717172017,0.00479091954210108,743433.9094609945,ok,816.4498653965175
829,743431.5935979063,3.443939672221099,262.11647600461595,29197.0258569305,0.004488753020410764,743431.0053098446,ok,524.2329520092319
830,743431.5935979063,1.6990897798209816,246.67810865643173,5021.077559715752,0.02456425993451458,743428.5638653156,ok,493.35621731272073
831,743426.4219203591,3.4530855349591705,207.6229573564408,30695.646229379796,0.0033819610084917864,743426.0708339859,ok,415.24591471270014
832,743426.4219203591,3.488703727140923,160.28756281276188,30304.78828107067,0.002644591365003572,743426.2099728069,ok,320.5751256255237
833,743426.4219203591,2.5852631994224953,295.50957960215635,23780.486786047702,0.006213278606549286,743425.5038786847,ok,591.0191592043126
834,743423.7939382378,4.831558727796374,252.1006842608483,174620.99809056675,0.0007218510002161851,743423.7029486723,ok,504.20136852168656
835,743423.7939382378,4.795315267990315,274.9294049497096,171872.49711963636,0.0007998062795303944,743423.6839931055,ok,549.8588098994189
836,743423.7939382378,4.4956895364206035,293.80521707797084,219691.97987061905,0.0006686753363754984,743423.6957080867,ok,587.6104341559417
837,743423.7939382378,4.076573214635472,353.20779434885435,293576.2882199686,0.0006015604947021564,743423.6877003101,ok,706.4155886977072
838,743423.7939382378,4.255412149817303,309.4229665523325,259938.54135659762,0.0005951848558845484,743423.7018563059,ok,618.845933104665
839,743423.7939382378,4.4956411279280974,262.4829138278678,313368.03824965557,0.0004188093260786724,743423.7389730917,ok,524.9658276557356
840,743423.7939382378,3.9263503783698943,232.82132456234876,81539.14666845376,0.0014276659376202656,743423.6277427005,ok,465.6426491245109
841,743422.5549110813,2.5940509610325733,489.37330352206476,606516.1526865831,0.0004034297366643656,743422.4561972098,ok,978.7466070435637
842,743422.5549110813,2.8481915498194197,457.5287513757799,505041.9161161597,0.00045296116696039564,743422.4512897027,ok,915.0575027515598
843,743422.5549110813,2.8118912548239225,370.75803056662187,272986.6972886348,0.0006790771020146292,743422.4290244369,ok,741.5160611327906
844,743422.5549110813,2.624115410602734,442.600731678476,306710.6091073708,0.0007215282395457242,743422.3952366179,ok,885.2014633565151
845,743422.5549110813,2.8954682414337816,516.0740839924193,474987.91046105407,0.0005432497044940411,743422.4147325344,ok,1032.1481679848384
846,743420.9802331084,1.1786582484202783,36.539672890751575,20.85994380476653,0.8758334450163332,743404.9788993145,ok,73.07934578150315
847,743388.1955574012,0.6797187642559294,38.426674986886724,20.378105240566857,0.942842195907165,743370.0804120881,ok,76.85334997375051
848,743356.9234435431,0.650207742529565,5421.909566895339,2114487.898068378,0.0012820857409135205,743353.447767071,ok,10843.819133784844
849,743343.3896764776,0.6741637597012815,2873.7534881657607,1029186.560169532,0.0013961285540361038,743341.3836118266,ok,5747.506976328824
850,743332.0535524384,2.615633915199496,6.979535140995794,23.357745922719793,0.14940515159484816,743331.5321631854,ok,13.959070281986385
851,743332.0535524384,1.3367352405225152,63.622492077425726,324.9023727732994,0.0979101684212973,743328.938907981,ok,127.2449841548514
852,743332.0535524384,1.6379721387718305,22.308700901812585,52.08690089187591,0.21414886007637396,743329.6648610045,ok,44.61740180362517
853,743327.8725573223,2.8509129087836396,119.57409553792914,36063.43996012438,0.0016578298641247637,743327.773440569,ok,239.1481910758576
854,743327.8725573223,1.9258523669681893,306.26683519050397,99460.35671967793,0.0015396427546187858,743327.6367865653,ok,612.5336703806338
855,743327.8725573223,2.551989132040021,193.6299043432307,25752.26036161961,0.0037594739573193125,743327.5085840309,ok,387.25980868625373
856,743327.8725573223,3.814795801416834,81.56640710711673,10214.895406609956,0.0039925228727420905,743327.7097294492,ok,163.13281421417076
857,743327.8725573223,3.0449605117849696,182.14683132847824,69645.73837869322,0.0013076667400528457,743327.7534636457,ok,364.2936626566962
858,743325.8514325462,3.441377391883541,42.456816457648294,1362.3038473195522,0.015582726475149309,743325.5206360671,ok,84.91363291525822
859,743322.9415077271,1.6508652057491375,31.72206165245129,98.2310139003598,0.16146663051156343,743320.3804805231,ok,63.444123304902575
860,743320.4162335513,0.8468082432782553,10.087505500318587,1.5911454288543023,1.0037798174998993,743311.8937957615,ok,20.17501100063717
861,743308.6878360425,1.0133076476614142,664.7092733583858,139523.24402461573,0.002382073603596519,743307.8961428355,ok,1329.4185467167708
862,743301.9181286189,3.293870950306339,60.09941169318102,2356.396311166467,0.012752398950970712,743301.5349227815,ok,120.19882338634659
863,743301.9181286189,2.4894042407400954,78.28892798140488,1640.2593990939936,0.02386480090424972,743300.9839537792,ok,156.57785596280974
864,743301.9181286189,2.963142248423612,70.60126679861682,2373.4435919521648,0.014873171420212068,743301.393096247,ok,141.20253359723336
865,743301.9181286189,4.015243411517097,60.46984417397527,2719.4368505478424,0.011118082069416937,743301.5819742737,ok,120.93968834795054
866,743299.5303494999,3.6996722845610552,93.42741315191527,36971.16598892206,0.0012635172661299026,743299.4713259251,ok,186.8548263038305
867,743299.5303494999,3.389966007309998,27.992247689731695,1938.6579417256444,0.007219491145718864,743299.4293046078,ok,55.984495379424416
868,743299.5303494999,3.7056853616003376,95.60494356244995,28802.562652450797,0.0016596603697399642,743299.4510136319,ok,191.20988712473985
869,743299.5303494999,3.5564784409456007,98.62786688663944,25272.388073852628,0.0019512969371636472,743299.4341233725,ok,197.25573377327888
870,743299.5303494999,3.6404382532719564,87.07058532425339,40469.79745574201,0.0010757477279133192,743299.4835165077,ok,174.14117064850058
871,743299.5303494999,2.1041800256567456,33.65867319824215,495.6557582219891,0.03395367918147685,743298.9589316042,ok,67.31734639648276
872,743299.5303494999,4.693310974414973,16.9214213173818,271.75648495740006,0.031133426898781024,743299.2669385831,ok,33.8428426347636
873,743299.5303494999,1.7644804129554623,7.826974322638316,29.68986544077821,0.1318122228989321,743299.0145040579,ok,15.653948645269324
874,743295.1983564622,8.650196824542636,132.35343720196593,109885.80843557259,0.000602231712567171,743295.1585027436,ok,264.7068744039317
875,743295.1983564622,4.303918955744859,99.55331366015393,15135.710903749386,0.0032886897184159613,743295.0346564826,ok,199.10662732030778
876,743295.1983564622,5.673719755283519,134.12397598978254,35923.657566005495,0.0018667917617150413,743295.0731656955,ok,268.2479519795651
877,743295.1983564622,4.9608822610592505,70.90808034515203,8382.707181361713,0.004229426055988843,743295.0484062209,ok,141.81616069030406
878,743295.1983564622,5.627395447069181,90.91554068785587,22440.36899919552,0.002025714031064176,743295.106272019,ok,181.83108137566248
879,743295.1983564622,4.639237691247168,103.5776063564581,24594.099962276738,0.0021057409402118585,743295.0893026592,ok,207.1552127129162
880,743295.1983564622,4.9599672829417685,75.47356630706066,10825.374259571638,0.003485956443507163,743295.0668076797,ok,150.94713261412133
881,743295.1983564622,4.700762343644414,93.6422135948888,15703.049912800945,0.0029816568792331464,743295.0587519871,ok,187.28442718970754
882,743295.1983564622,3.7854643185445482,126.32750702115145,16940.255219424966,0.0037286187659172593,743294.9628429054,ok,252.65501404221024
883,743295.1983564622,5.5346965121887886,61.12284953389821,7868.926749019662,0.003883811063657004,743295.0796616626,ok,122.24569906779641
884,743295.1983564622,4.712591906941638,69.64678994569779,8530.526078371367,0.004082209544044594,743295.0562000669,ok,139.29357989135295
885,743295.1983564622,3.722585907681902,108.98241258443858,11715.247790931378,0.0046513063372334495,743294.944901169,ok,217.9648251688067
886,743295.1983564622,5.570246607494884,66.87414820553332,6538.498580044887,0.005113876479963557,743295.0273633954,ok,133.74829641104404
887,743295.1983564622,3.223694939035965,60.677605115909806,5023.459372534788,0.00603942429072463,743295.015127561,ok,121.3552102318196
888,743293.8083588616,2.8512482562967,90.83648335502502,40701.35648040485,0.0011158901227131962,743293.7576770943,ok,181.67296671005005
889,743293.8083588616,1.7980748947439569,44.949430447924975,213.4418861053814,0.10529664834795444,743291.4418466759,ok,89.89886089584995
890,743284.671757188,0.7868928556108102,856.8421764868436,119641.74296542045,0.0035808663232802167,743283.137638541,ok,1713.6843529726534
891,743276.9171506474,3.5288628534412165,87.21859000581175,33486.647073194785,0.0013022890857835095,743276.8603587385,ok,174.4371800114618
892,743275.1277730556,2.843673038329648,5.160373436616596,9.069898727391369,0.2844780075124826,743274.3937666789,ok,10.32074687323319
893,743272.0698962715,0.9503640430022496,9.662163647621925,16.12948749177544,0.29951861931598084,743270.6228973138,ok,19.324327295243847
894,743272.0698962715,1.6206126748721463,18.423692352233267,57.539208659969624,0.16009685205360447,743270.5951086971,ok,36.84738470445143
895,743269.0489866547,2.9300813305562516,27.045478111608645,514.2750075694578,0.02629476225126096,743268.6934094463,ok,54.09095622319353
896,743269.0489866547,2.2933186582585354,53.198605160000966,727.2832833013088,0.03657351019984954,743268.0761567905,ok,106.39721032000108
897,743264.3800843644,2.0584732457944117,15.30608577877223,68.21202002953464,0.11219493112903677,743263.5214517446,ok,30.612171557544457
898,743260.2178689507,0.6389275280970587,1186.3829685727824,162673.2729920157,0.0036465208658800767,743258.0547838258,ok,2372.765937144698
899,743247.8360069946,2.5108121666041128,6.93461390793739,37.22388304340919,0.09314737395680195,743247.5130364571,ok,13.86922781587478
900,743247.8360069946,2.167365811786811,7.914949636769067,24.389927377180115,0.16225857327017937,743247.1938727768,ok,15.829899273530287
901,743247.8360069946,1.6020389113432265,10.375804380840849,23.33126729590978,0.2223583539043299,743246.6824336033,ok,20.751608761681666
902,743241.0207982148,1.4352542197193123,1322.5684163054902,1001412.8613996962,0.0006603512233989625,743240.5841183789,ok,2645.1368326097017
903,743241.0207982148,1.2326127717636828,1235.6146974007925,608746.3103509436,0.0010148847528032307,743240.3937949564,ok,2471.2293948015813
904,743241.0207982148,1.1540420641563878,1160.9926784092738,517716.45105950633,0.0011212630736702526,743240.3699091054,ok,2321.9853568185467
905,743252.3422434977,0.5209495022726027,1732.9555257444038,287837.8721527254,0.0030102979722294947,743249.7338872452,ok,3465.9110514888075
906,743252.3422434977,0.5310799346913142,1518.3152150002563,234823.3403523845,0.003232888205920708,743249.8879718219,ok,3036.6304300005118
907,743252.3422434977,0.5567989944099498,1324.5608109364869,197108.7886635598,0.0033599740019643353,743250.1169985533,ok,2649.1216218729624
908,743236.4771442136,4.950152543693737,42.69941712935106,7804.683042045821,0.0027354997569611988,743236.418742091,ok,85.3988342587021
909,743236.4771442136,4.515748508223278,47.583760030630174,7723.170610867082,0.003080584544103962,743236.4038513158,ok,95.16752006122567
910,743234.5853539268,3.67160390658796,4.826780515262289,60.3791034690486,0.03997062094286132,743234.4888892196,ok,9.653561030520137
911,743234.5853539268,2.662253674774054,8.715118884667925,52.09336616129292,0.08364902795572793,743234.2208483152,ok,17.430237769335804
912,743230.4383649845,5.430393077983426,1.7186517486713626,13.57283406073537,0.0633121918746219,743230.3839591797,ok,3.43730349734264
913,743230.4383649845,6.654243603042883,0.8143277239499734,1.6022808712210814,0.254115161260517,743230.334898474,ok,1.6286554478999449
914,743230.4383649845,4.98978326703125,1.6061478524288268,3.288562468931895,0.2442021198628004,743230.2422526294,ok,3.212295704855478
915,743230.4383649845,4.812483418095143,3.3253232639417973,36.424719331232126,0.045646518696583635,743230.3624702692,ok,6.650646527883595
916,743230.4383649845,5.8340258574007695,2.045978919710796,25.162981964748578,0.04065454012121966,743230.3967758184,ok,4.091957839421568
917,743230.4383649845,1.4909643086142477,4.648446813469949,8.23738202265929,0.2821555926799958,743229.7825723516,ok,9.296893626939749
918,743226.5562367663,3.0199046792943074,93.01819324478419,14144.497443653427,0.003288140622009905,743226.4033083164,ok,186.03638648956837
919,743226.5562367663,2.0903973109417358,81.88539639298932,10361.703919595984,0.003951348013241732,743226.3944579171,ok,163.77079278597364
920,743226.5562367663,2.362670200433456,92.51078895280446,14280.850549772647,0.0032389803615120545,743226.406416452,ok,185.02157790549347
921,743226.5562367663,3.2480926133318637,137.54690106653703,51121.450635575275,0.0013452953638488745,743226.4637161621,ok,275.0938021330692
922,743226.5562367663,3.3838646650965347,80.91086132333282,19820.617177094085,0.00204107825201423,743226.4736640666,ok,161.8217226466656
923,743226.5562367663,3.7197576424689944,82.72145309287139,26277.692003700744,0.0015739862747691377,743226.4911355503,ok,165.44290618563326
924,743226.5562367663,2.2554532212971137,58.933915515563356,5644.976512935725,0.005220031950577081,743226.4024183053,ok,117.86783103102181
925,743226.5562367663,2.7824575545698402,148.187553459521,53571.58952152373,0.0013830796769618244,743226.4537591696,ok,296.375106919042
926,743226.5562367663,3.921813218331881,109.59387775333732,58210.46848540768,0.0009413588363475424,743226.5046531837,ok,219.1877555065527
927,743226.5562367663,2.869682011466662,122.06051231617992,32013.73919567834,0.0019063770022318628,743226.4398900896,ok,244.12102463235982
928,743226.5562367663,2.2837242811037313,59.24421126352116,4819.762137606117,0.006145968366495636,743226.3741802422,ok,118.48842252697445
929,743226.5562367663,2.1855628163445076,55.489536047116445,5556.125939989524,0.004993545560921992,743226.4176920031,ok,110.97907209413705
930,743223.9598970648,7.331759444063133,0.6290945189319491,1.0422457300175516,0.3017975995552196,743223.8649674569,ok,1.2581890378638718
931,743223.1291364763,0.0,0.0,0.0,0.0,743223.1291364763,no_positive_direction,0.0
932,743223.1291364763,0.0,0.0,0.0,0.0,743223.1291364763,no_positive_direction,0.0
933,743223.1291364763,3.9976891058077264,3.5375524600630257,16.246786844364348,0.10886929501663661,743222.9365710551,ok,7.075104920126051
934,743223.1291364763,0.0,0.0,0.0,0.0,743223.1291364763,no_positive_direction,0.0
935,743223.1291364763,1.040524356079649,4.124597240417662,2.0330191494390135,1.014401965066535,743221.0371367035,ok,8.249194480827498
936,743220.5396766522,2.029162411113471,305.0255341472404,124119.93458263674,0.0012287532021867129,743220.3522761012,ok,610.0510682944808
937,743220.5396766522,1.894698894840348,259.9432318173574,85508.71059130265,0.0015199810055596666,743220.3421222647,ok,519.8864636347148
938,743220.5396766522,2.9172933419757108,231.43668240732345,119793.76994648053,0.0009659796269485503,743220.4278950922,ok,462.873364814366
939,743220.5396766522,1.7248045432388508,291.54529247081643,107978.52644202622,0.0013500151468882444,743220.3428813717,ok,583.0905849412522
940,743220.5396766522,3.7913520614768417,195.7211745240949,112949.97909450886,0.0008664064220867572,743220.4548896109,ok,391.4423490481897
941,743220.5396766522,6.072746867680587,884.2835282104315,15367159.769676663,2.877185964954139e-05,743220.5269554114,ok,1768.5670564194616
942,743220.5396766522,3.776223893346286,180.67694677155595,74364.70790197313,0.0012148030421212884,743220.4299331999,ok,361.3538935429677
943,743220.5396766522,1.8718658165561444,301.41298148404604,122711.2928312212,0.001228138725172644,743220.3545881748,ok,602.8259629680917
944,743217.0292363338,4.009058314837797,30.240790295418336,4203.787658792124,0.0035968503585296976,743216.9748505352,ok,60.48158059083666
945,743217.0292363338,3.312312915775161,22.248790398762345,2160.533799239002,0.005148910516141652,743216.9719578184,ok,44.49758079752469
946,743217.0292363338,4.633140311374532,10.196999388267189,797.4770230868976,0.006393287262870811,743216.9966401606,ok,20.393998776513115
947,743217.0292363338,1.7744360885937536,6.4472995683259455,23.84389581277277,0.13519811567185755,743216.5934049573,ok,12.894599136651891
948,743217.0292363338,4.4534350871964365,3.346032108670613,61.563907696690706,0.02717527390525338,743216.9837716642,ok,6.692064217341226
949,743217.0292363338,4.268366620737107,10.525883532337769,520.0507516144485,0.010120054148235684,743216.9759750781,ok,21.051767064658804
950,743217.0292363338,3.8047413440686007,10.469306488205369,590.692380315077,0.00886189397146194,743216.9828473917,ok,20.93861297639694
951,743217.0292363338,4.608310576009237,7.60904540782103,563.3914708966506,0.006752893681289724,743217.0035447965,ok,15.218090815625203
952,743217.0292363338,3.78600016284575,10.068567448113782,577.3780383946206,0.0087192158157843,743216.9853413275,ok,20.137134896227565
953,743217.0292363338,3.9256919995601396,7.104905936151511,424.74511964547406,0.008363728748763292,743216.9995245808,ok,14.209811872303021
954,743217.0292363338,4.954164051091137,25.484215699328082,6731.538353209141,0.0018928968656309398,743217.0051168378,ok,50.96843139861102
955,743217.0292363338,3.3631759241516628,25.361683435460662,2174.242281295626,0.005832303891254403,743216.9552778113,ok,50.723366870921325
956,743217.0292363338,3.213653359687791,14.927713684521908,551.7203182846567,0.013528334184730935,743216.9282627841,ok,29.85542736904381
957,743217.0292363338,3.759282969440449,11.850062962579203,713.7929334126904,0.008300770719263975,743216.980054006,ok,23.700125925139957
958,743217.0292363338,4.67308764705715,9.10468778335806,790.284607460683,0.005760385370919059,743217.0030130787,ok,18.20937556671612
959,743217.0292363338,4.731005264252896,7.76043113379553,543.4981453192834,0.007139335433460024,743217.0015341734,ok,15.520862267591056
960,743217.0292363338,17.44314389835237,0.3412540066001127,8.992545268686639,0.018974272378055698,743217.0259988105,ok,0.6825080131997652
961,743217.0292363338,4.454002812599614,10.463908313144799,741.0042169283172,0.007060626696917333,743216.9922954587,ok,20.927816626289598
962,743217.0292363338,4.9213104237555,0.8088540612838097,5.039357960684204,0.08025368187716415,743216.9967795756,ok,1.617708122566171
963,743217.0292363338,16.57637841455331,0.6622113818581401,52.89103407671172,0.006260147805937077,743217.0271635633,ok,1.324422763715404
964,743217.0292363338,4.500540898834066,8.594007718253392,584.1345293405565,0.007356188760109229,743216.9976267624,ok,17.188015436489138
965,743217.0292363338,4.541862506444905,10.535235905012543,800.2142595210138,0.006582759417033286,743216.9945608721,ok,21.070471810025083
966,743216.5320218179,6.537771413668964,3.3297598268451636,41.99426763145053,0.03964540894090299,743216.4660169728,ok,6.6595196536903245
967,743216.5320218179,8.529176023267102,3.471611317409113,130.23679327874353,0.013328074309918258,743216.508886871,ok,6.943222634814958
968,743216.5320218179,7.365129807730887,2.4522359587194282,60.484914750298785,0.020271467429879404,743216.5071666072,ok,4.904471917438855
969,743216.5320218179,8.745458886781295,3.1312310775461762,105.02500387820915,0.014907074324783014,743216.5086830707,ok,6.262462155092351
970,743216.5320218179,6.116960768779196,3.1284514912299812,52.84566388730805,0.029599888251014495,743216.4857209106,ok,6.2569029824599625
971,743215.6014653584,91.032212569069,0.03246541239330298,7.496225862269057e-12,1.999999999788224,743215.5365345336,ok,0.06493082478652923
972,743215.5365345336,5.980705517550311,8.643799687548238,461.9215639986836,0.009356350039952747,743215.4960973258,ok,17.287599375096477
973,743215.5365345336,3.677667015750258,6.51197565065391,132.73951681807114,0.02452915230804641,743215.4566679123,ok,13.023951301307818
974,743215.5365345336,3.262193975048152,3.5876212938781302,49.119402519576795,0.03651939060586359,743215.4710256619,ok,7.175242587756259
975,743215.5365345336,3.826514101490659,13.78423789727185,987.694584468641,0.006977985965513561,743215.4884414243,ok,27.5684757945437
976,743215.5365345336,2.21217067934965,9.583523509111338,85.64531592019172,0.05594890628952615,743215.2684407042,ok,19.167047018215385
977,743215.5365345336,10.114820295787785,3.336958952209558,203.04681695145754,0.0082172156212804,743215.522824278,ok,6.673917904419113
978,743215.5365345336,3.043004365202387,9.329938971821779,463.10179279941286,0.010073313380437434,743215.489542834,ok,18.659877943627095
979,743215.5365345336,4.935924923802721,16.050657938944624,2032.6553610458095,0.003948199543941993,743215.5048489334,ok,32.101315877889135
980,743215.5365345336,4.5014076312021345,1.0802453796925957,0.2707064195400317,1.2643203676553336,743214.6034841317,ok,2.1604907593840608
981,743214.1887801678,76.29557599289853,0.038408427665657996,1.7763568394002505e-15,1.9999999999999534,743214.1119633125,ok,0.07681685533131599
982,743214.1119633123,13.872982949270238,3.798307617802891,855.8903175219714,0.0022189219459801783,743214.1077492383,ok,7.596615235605782
983,743214.1119633123,8.55741284439229,9.680999525459745,1643.1211871278251,0.0029459176843742506,743214.0977035983,ok,19.36199905091138
984,743214.1119633123,27.780299424100924,12.743326748515658,22933.63324466865,0.00027783052542444583,743214.1101930697,ok,25.486653497028556
985,743214.1119633123,8.446966047155225,8.593099868561353,1274.7044123712576,0.0033706245091660566,743214.0974812558,ok,17.186199737122706
986,743214.1119633123,15.914062609759332,4.7977243208063385,1681.3613728042737,0.0014267379988646969,743214.1085407645,ok,9.595448641612677
987,743214.1119633123,12.5376370921691,7.237010795086093,2340.4061970007924,0.0015461014426385153,743214.1063687358,ok,14.474021590172185
988,743214.1119633123,10.623268760947884,6.365825328902324,1320.1760011890592,0.0024109760074295917,743214.1042893862,ok,12.731650657797843
989,743214.1119633123,13.055266046486514,6.770879794584232,2301.0865288574396,0.0014712353728710459,743214.1069825334,ok,13.541759589168464
990,743214.1119633123,11.343642876928683,4.406923835726687,706.3078429422982,0.003119690571018274,743214.1050891929,ok,8.813847671453374
991,743214.1119633123,13.094072742514644,6.019499432461871,1821.317881540136,0.0016525120335862745,743214.1069896646,ok,12.038998864923741
992,743214.1119633123,6.900343112644886,11.714470061299867,1724.12653128346,0.003397218779696951,743214.0920650034,ok,23.42894012259947
993,743214.1119633123,12.567241956510097,4.840374417040068,643.3970885124547,0.0037615762516357495,743214.1028595935,ok,9.680748834080134
994,743214.1119633123,12.727869310606613,6.778220322430473,2365.4237382478073,0.001432770842033456,743214.107107494,ok,13.556440644852671
995,743214.1119633123,14.125209132618927,6.095657152315312,2427.3812355333753,0.001255603582800189,743214.1081364478,ok,12.191314304630623
996,743214.1119633123,9.875329969236638,4.441678120866073,444.90453909852044,0.004991720392273296,743214.1008775046,ok,8.883356241732145
997,743214.1119633123,11.765644721791928,7.243751562861718,2195.6882736976304,0.0016495400666923768,743214.1059888831,ok,14.487503125715762
998,743214.1119633123,13.292664077921415,5.399861981751201,1564.0567579905844,0.001726235941938786,743214.1073025943,ok,10.799723963502402
999,743214.1119633123,12.422004268594677,3.2730351990869764,429.34854954976277,0.003811629505350899,743214.1057255134,ok,6.546070398173953
final,743214.1119633123,,,,,,loss_plateau,
