round,old_loss,beta,direction_gain,interaction,step,expected_loss,status
0,445848786.69036275,0.0001455917520182746,226621062.25420886,83833234.29776,1.0001164620366665,303054093.8989297,ok
1,304940055.9245236,0.00023586601779248889,139506155.24494198,28355673.348062683,1.0000009063038822,193789498.99041116,ok
2,193646211.89882243,0.00026047502931242545,122038698.16923995,35029470.33723367,1.0000225694495373,106635810.93014571,ok
3,107304229.41480702,0.0003442004918814103,89837369.61835311,37229968.05166662,1.000006308349139,54696730.843382634,ok
4,54603500.31777176,0.0003929614333378843,79202044.77114746,97417200.45966098,0.4065095506616609,38505306.502069816,ok
5,39156456.37772821,0.0005752589875364959,53519166.67974906,68117450.19580229,0.3928447594992858,28644094.296274103,ok
6,28067497.688984115,0.0006548203619463967,42579436.10407302,58929634.251482785,0.3612735480621249,20376085.711082615,ok
7,20458633.190077294,0.0008201635245025384,39337599.219901316,135438032.446365,0.14522360709677118,17602259.163456693,ok
8,17828559.341095474,0.0008922325714533885,9215836.221069558,3403584.717443259,1.0009412244039309,12014043.756756281,ok
9,12040624.784138216,0.001456841562337165,4546017.5663607605,1914789.3299565741,1.000097530473316,9409326.691322228,ok
10,9389785.5767622,0.0020911918754480947,2340781.838254612,1379614.2184488557,0.8483465185240073,8396888.515208436,ok
11,8374507.328348624,0.001574195161646019,5099111.4947130205,4950645.259098896,0.5149946348247489,7061499.797273418,ok
12,7101990.361924332,0.0019988038938009425,4020279.785006202,4189163.659653933,0.4798427695396266,6137439.268743557,ok
13,6207148.134438645,0.0020546027232285096,3354994.2494404814,3889367.306593576,0.4313033438308615,5483638.015280149,ok
14,5483835.376293978,0.002056253337685561,3573537.657320921,7038285.736865774,0.25386420720340463,5030238.724150334,ok
15,5027521.473893028,0.0031123560476793493,2190623.482494409,3177942.121354354,0.3446606953245618,4650010.56755761,ok
16,4633022.802577819,0.002878172256618274,2629613.8030880755,1835772.3742903757,0.7162145590366458,3691338.9573701173,ok
17,3721798.683675752,0.0016943950929211218,3709171.5145187136,10226670.906078875,0.18134794541564503,3385473.3669996494,ok
18,3371742.510211816,0.0042003499433492615,1817189.0475266883,1162687.3868253215,0.7814607211352234,2661711.5784521983,ok
19,2655859.2461409965,0.002587371915992272,2876711.4303983357,6910694.111773048,0.20813476793145674,2356487.413155133,ok
20,2361552.402480243,0.0054534594151636195,1367989.1777666677,1899051.204418443,0.36017701223216747,2115193.275073274,ok
21,2121869.292935716,0.005582209685626029,1428108.8544491832,3231283.868537511,0.22098164577158452,1964076.3704371396,ok
22,1960397.5249686565,0.00604028544314208,1205991.9206081992,2737314.1740219365,0.220287450387223,1827565.0822794712,ok
23,1800432.834066798,0.005787903191576858,1127989.3175748913,3824765.701230949,0.14745861651236092,1717266.96196164,ok
24,1721526.335588546,0.007080847950152215,988127.4489057373,4394691.59731825,0.11242284322166284,1665982.2869528702,ok
25,1683920.8367082276,0.005345503319978031,1302204.6587561588,9641632.259477247,0.06753030107926779,1639951.7003719134,ok
26,1641007.8965796595,0.007800558024301233,873652.21043105,2144523.6010060627,0.20369377376429726,1552029.1387295492,ok
27,1542705.7745761427,0.005879367034351511,1365461.162439359,9655052.386895314,0.07071226067569984,1494428.3517456646,ok
28,1496241.9877038444,0.010383508721784602,644367.0800420875,959194.1726175888,0.33588980127122997,1388023.8224733148,ok
29,1368197.617224421,0.006328943125874243,1178776.9589425635,5684398.343401159,0.1036852880226954,1307086.7029731825,ok
30,1310894.075500785,0.010559104301964627,703497.8675452578,5256439.155197956,0.06691772193820479,1287355.838158528,ok
31,1278933.3750946266,0.013084335945203703,503236.8488087743,2130506.8815229326,0.11810261050390264,1249216.5823215896,ok
32,1247516.3389531174,0.007598491670190177,770005.8996235203,5787583.995914723,0.06652222241327675,1221905.0870959717,ok
33,1218594.6752984603,0.019413530053857077,401504.2952459241,991744.6349016739,0.20242322525179632,1177957.7781003956,ok
34,1179562.2719177085,0.008507527104302599,740177.7884296508,5044850.122754916,0.07335974017256344,1152412.6467973576,ok
35,1149709.1469288352,0.01841715434852449,312789.49733050796,995922.9466781034,0.1570349886875365,1125149.6993413968,ok
36,1131714.9327385682,0.009907469625266145,688470.3923794918,13155083.69906376,0.02616746529816796,1122707.170187865,ok
37,1122661.6302629937,0.01795811177096006,364112.9175119919,1381947.9471584386,0.13173901313022712,1098677.692052495,ok
38,1100739.1421889027,0.013613454340885702,504500.00186292245,3842842.461012973,0.06564151496987679,1084181.0699766087,ok
39,1078427.8896106891,0.014524125257565808,358101.8612091676,1313736.6814844545,0.1362913383846948,1054024.7986395652,ok
40,1053380.3633306737,0.0147873424448272,546301.7334780981,7322169.6570323715,0.03730463503760924,1043190.5699367669,ok
41,1043490.6152621922,0.018216765817502294,335941.9762636657,1219156.9725149458,0.13777634211067408,1020348.1869366729,ok
42,1024357.6121406736,0.012887596195208425,464188.64308605215,3274701.4030211703,0.07087495712705309,1007907.9370518791,ok
43,1004266.7407773866,0.018485557929492125,300591.6737196016,497487.51745832304,0.3021097647387541,958860.9008624579,ok
44,960168.0279120199,0.009569343023882805,733398.9580283541,5996120.867800585,0.06115611861384721,937742.111077793,ok
45,936332.7416052539,0.02703808091301363,225648.16705718276,460291.28094282764,0.24511453551214488,908677.9187765598,ok
46,910026.2054544572,0.011279909308787323,717827.010817406,10113360.41833455,0.035489045239407005,897288.7078239736,ok
47,895812.428689391,0.025395457422230042,207261.67613879,2290957.6622672374,0.045234724227438204,891124.7163078636,ok
48,890276.9768401632,0.030330854266804493,201688.0709771302,856439.9984496017,0.11774792825080717,878402.8005849338,ok
49,880594.2388480448,0.01844467014051153,450824.2832021987,6649371.271139306,0.03389976772382528,872952.8196056376,ok
50,872391.6266495369,0.02543019467386546,166181.52602067328,1031536.9175713557,0.08055045010503845,865698.6282894833,ok
51,867409.2733232088,0.018721089301838988,269009.1612307999,3282731.913375412,0.040973367355209324,861898.1677306956,ok
52,860512.6000005816,0.03480197485728504,182543.15387333915,1108691.0749952898,0.08232372298753945,852998.7839842114,ok
53,855361.2910966875,0.01878231884870155,342612.63395474554,6207120.827052587,0.027598353850430284,850633.518743932,ok
54,850682.575783679,0.03190687673094057,182678.28985368268,1716009.2253606857,0.05322765377770209,845820.8074011618,ok
55,847529.1548365122,0.0239995650962992,328116.2116670266,8364853.154455482,0.019612789705235757,844311.5177073601,ok
56,843789.8143531898,0.03568625349327038,127822.93791597296,1960478.346558522,0.03259993616873068,841706.3045447096,ok
57,841994.6157619198,0.03347254914875047,235057.70016904682,2230168.25611193,0.05269954397495681,835800.8989585644,ok
58,836873.605077782,0.027691554670165614,227351.34196669207,2020731.5321808483,0.056254712302461596,830478.8129108245,ok
59,831614.8575981802,0.022266112491534852,165592.6299966926,2096071.0414018678,0.039500719852973834,828344.3435545719,ok
60,829179.9318393423,0.0358281943843848,153468.40596513695,1455499.3504323293,0.052720190469185704,825134.4900426002,ok
61,826566.401971696,0.01834216955393347,363114.89478926273,9705149.322880544,0.018707331680780783,823169.9465841686,ok
62,822754.2191615491,0.0384827347968112,146914.55684954277,1425474.2478158597,0.051531817244207745,818968.832114507,ok
63,819129.0444237409,0.038028082967557775,205357.38114226717,3872818.3242470883,0.026512653570212406,816406.7598715854,ok
64,816318.3729904088,0.061987827077647585,86591.22140905235,1669767.3813322762,0.02592912712786461,815195.7555963725,ok
65,815301.2944990735,0.060403424141408035,91318.03891094252,792436.1051073553,0.057618550140753115,812670.4879972008,ok
66,811725.0413250127,0.027795585643874948,243214.04145644314,4091845.1165935127,0.029719360646147868,808110.9584188871,ok
67,808378.1470301901,0.020569593042861933,272367.0235290385,8100752.914863002,0.016811216586381014,806088.7365184227,ok
68,805909.5740576566,0.0612221193376594,106172.21525864783,856387.0600986166,0.061988451370588,802618.8484564224,ok
69,803399.3305850418,0.03068161085012997,227284.63642435998,6142346.430431888,0.018501450463481825,801296.7828640839,ok
70,801565.6101793796,0.042877825393104876,91216.2969166537,282123.64624803653,0.16166014109370055,794192.590464584,ok
71,795179.9880772969,0.025887363215526652,315381.8084798659,8647312.502345024,0.01823582809077034,792304.3638560993,ok
72,791839.3991884916,0.0496221977659027,137654.62224937615,4043971.3470608294,0.01701973263848963,790667.9767549232,ok
73,789602.5944729794,0.05566474919077672,85557.03771797933,510029.7628025497,0.08387455395529676,786014.5652848134,ok
74,787012.352402736,0.022258656845888715,319958.77295935986,8596154.0915338,0.018610576866838716,784035.0437335462,ok
75,783675.1537041448,0.0384206246412066,174945.5228381241,4552306.124705419,0.019215043765256987,781994.3607652095,ok
76,781591.2473430838,0.053250383335363145,97926.07698748262,807965.7196492341,0.06060039096089109,778624.0680677299,ok
77,779312.3395105413,0.021011643614062055,290322.2773578848,17441898.393066216,0.008322553853234759,778104.2281164889,ok
78,778069.9423375782,0.08167634925738444,107231.33748927573,3178505.267763351,0.01686820194649736,777165.5424096971,ok
79,777367.6071584205,0.05012882211782388,67129.89631298113,349352.66153203,0.09607755100332391,774142.7691399914,ok
80,772910.3404680706,0.061914163190363566,122327.4158946893,4110071.458834499,0.014881422028776346,772000.1375172613,ok
81,772593.9418195757,0.059277957684519184,90426.76449095015,816340.1302711193,0.055385470551911994,770089.7773686666,ok
82,770206.078761068,0.021169672828069825,359316.1241975579,21389364.843368817,0.008399410801320591,768697.0568937312,ok
83,769102.5768307884,0.04904975826279045,126679.8438176325,3360136.4739143336,0.018850401583549222,767908.5938665366,ok
84,768177.9581111552,0.05686559798065345,113218.693878536,1969996.3441572494,0.028735762432841,766551.2453660301,ok
85,767088.7469214097,0.0331080337835204,197237.56443869183,10004872.652564544,0.009857075211653694,766116.654167792,ok
86,766085.8797821212,0.10019776026624523,77598.04761929659,1929341.658383522,0.020109980853342292,765305.6321561807,ok
87,765116.185813994,0.0689272524659701,56287.05567556872,538553.4670197382,0.05225763004279924,763645.4717481479,ok
88,764614.816403748,0.0479722379409367,123893.67623897383,4295930.291023578,0.014419889039849164,763721.5498716956,ok
89,763770.0331713519,0.09238716263590095,57799.61350258009,501145.00380414294,0.057667554364334524,762103.451994403,ok
90,762351.4574880837,0.02644309315413012,188459.49403223713,5893351.9859424755,0.015989159860277574,760844.8029994494,ok
91,760923.6062727614,0.0904184606085044,63861.3429630822,748734.6207001908,0.042646180100074225,759561.8851060432,ok
92,759815.8757187496,0.057324973551230826,181556.52328155393,9131556.813540868,0.009941159376697414,758913.434551839,ok
93,758335.417001969,0.07041365854235844,65404.400887014606,900246.7230551211,0.03632582002912215,757147.4827541017,ok
94,758089.2747378066,0.059250164972635015,114591.57300441872,3797762.7592056813,0.015086720823549553,757224.869202482,ok
95,755867.0154077256,0.06750495902726979,100227.3654681619,2057469.3117962664,0.024356952712130307,754646.3988071409,ok
96,755737.6620632691,0.02076835711150213,229402.24502022774,8300959.170560201,0.013817815526295754,754152.7431117652,ok
97,754010.838147937,0.08332062863188491,63759.8124206688,594175.7899173136,0.05365399727035471,752300.3537471485,ok
98,753303.0052395462,0.024313566916284012,226667.90587928487,8663025.985263232,0.013082490244452233,751820.3149058481,ok
99,750667.7969934721,0.052130377483405814,143252.9627715738,5734668.570188489,0.012490082122293017,749773.1763588329,ok
100,749406.039399809,0.0756818973075584,95049.07809447536,4064178.3701526434,0.011693517045476708,748850.3103923817,ok
101,748943.5018917534,0.04093804316505793,137682.86998175917,9107082.26381735,0.007559109822076409,748423.121924348,ok
102,748556.3990103144,0.08207603051190904,62723.02053921621,739659.7662555337,0.042399913717590935,747226.6736808296,ok
103,746498.5426409467,0.09498567092620094,53510.10976311431,1036918.5564144322,0.025802465117485837,745808.196270649,ok
104,745758.6272827148,0.05612280485909892,80376.85256829891,3044297.639529146,0.01320121454693415,745228.0912450341,ok
105,745893.2902307732,0.0347508381803256,111825.29962805207,5194753.517937915,0.01076329216024495,745291.4860453714,ok
106,745198.1733203493,0.12320861879660697,54315.3729944824,2896049.3471768843,0.009377494386867044,744943.5022676612,ok
107,745148.4140156272,0.08265254833617784,61185.70578339239,806078.5676119871,0.03795269359701216,743987.3328435702,ok
108,745229.8225190309,0.027733847302438466,198640.955091989,8616194.325441146,0.011527186341739028,744084.9368668076,ok
109,744258.3990856641,0.05807533671732387,114847.05615630283,5574545.866923919,0.010301023518143227,743666.8779724363,ok
110,743953.3514515326,0.09138974128414216,65294.16900427882,3731509.8742101067,0.008749028034945294,743667.7211939641,ok
111,744065.2334372086,0.05003641691369459,90257.04293901358,3609974.179554433,0.012501064889909227,743501.0788619326,ok
112,743411.5188406064,0.08041463569241361,65135.06028348746,2350804.0487218415,0.01385378341484951,742960.3353316662,ok
113,743102.0919342048,0.08137847145526156,80419.66288415555,3837013.7885909765,0.010479459719857713,742680.7146252652,ok
114,742749.1631073073,0.08534493885197614,54033.55598833701,855671.6918056688,0.03157376626210076,741896.1416737643,ok
115,742069.5235456824,0.034263119919621464,175437.48704450342,13254224.927046992,0.0066181722435726936,741488.9857920625,ok
116,741568.2119660404,0.05491081774765996,64885.768971457466,2596646.195289293,0.012494149008280378,741162.8657330173,ok
117,741235.1161142539,0.1138985484070305,50887.654100650136,997592.4953520863,0.025505231012533856,740586.1654274923,ok
118,740154.409258242,0.06679074434575628,122793.88408736006,8719153.177491691,0.007041617550907917,739722.0754735752,ok
119,739533.066904936,0.09294527490020535,66098.64071447871,1515966.4771306734,0.021800825318903518,738812.5644449193,ok
120,738585.3866329691,0.10261408951071499,48830.62949763991,800305.2046518119,0.03050750464560868,737840.5363048456,ok
121,738091.2076448976,0.11629992428622825,90573.93480174468,23083323.06092567,0.0019618911575834557,738002.359544,ok
122,737979.6797582916,0.09231335232159278,61789.379852298596,4286246.657194065,0.00720786562161453,737756.9949848824,ok
123,737611.014079724,0.09640212665291209,60812.14399484325,4951935.219272757,0.006140240259824537,737424.3134923022,ok
124,737550.7629525055,0.051438536962603934,92485.76808984947,7263245.554953715,0.006366697049556026,737256.3485190937,ok
125,736983.4572270135,0.0929915774494035,39669.164003447615,345926.8566399715,0.05733750248355809,735846.1918322294,ok
126,738533.127136928,0.015739900403616912,595139.6532367718,39207069.35760676,0.007589698273652093,736274.6619375516,ok
127,736076.8061566072,0.038487663932498424,128691.46899537493,6181625.397136897,0.010409193434382171,735407.0189595433,ok
128,735545.8102639185,0.07029124301271358,113685.10020660916,7012651.765025195,0.008105714073355296,735085.0608055807,ok
129,734697.5028727488,0.10252327221481991,45964.08442310495,2032387.1075747882,0.011307905922989515,734437.6241015024,ok
130,734625.6406121261,0.0992101889870752,45590.68846544154,348385.07825300546,0.06543145977155271,733134.1079629841,ok
131,733776.327220088,0.034673416543685574,166948.67243169722,5966973.601231328,0.013989392578948745,732608.5719604973,ok
132,732694.1222129309,0.07465858857018498,67485.65316086152,4036467.5409662807,0.008359494096750037,732412.0492533242,ok
133,732481.086155251,0.08995950567475626,80926.42313747585,5735158.523350634,0.007055290870163817,732195.6064280926,ok
134,732310.9956234356,0.14969434448758426,52037.91542586891,3036860.2379899765,0.008567716547323155,732088.0725688944,ok
135,731789.6128641332,0.15354013783143544,34371.51143211527,780469.1704002391,0.022019775242684426,731411.18638589,ok
136,731575.1545413778,0.06937790849485717,98668.73870298125,6852131.830142695,0.007199857004278221,731219.9541366509,ok
137,731048.9962111064,0.09597227525339472,46129.29628688184,501313.18394333305,0.046008461142023505,729987.8272432444,ok
138,730363.4165603372,0.06404700620857516,111532.15456481423,10765152.40727763,0.005180240387930527,730074.5348745225,ok
139,730101.1930063167,0.12741971115135742,49988.66273085352,2304629.957532952,0.010845268796289777,729830.1227642751,ok
140,729389.880986014,0.1141323343556009,37929.24015949252,640160.1524471736,0.02962480561660893,728828.0578025586,ok
141,729919.0283998118,0.05521293969019703,105848.02958017477,3043721.897622053,0.01738792720564745,728998.7894832112,ok
142,729378.579566221,0.05020001114935374,50804.48183989985,821742.1531256373,0.030912666246131027,728593.3285707587,ok
143,728826.9610312361,0.12697790127859168,29221.17414663851,2887604.1159829195,0.005059761132923139,728753.0349506334,ok
144,728587.9399968206,0.14066546454996506,24558.883465171115,368310.22151634685,0.03333994283957323,728178.5441113544,ok
145,728418.6187022965,0.08565492118593739,57111.35348331136,3730806.4351319624,0.007654022592208174,728200.0529073802,ok
146,728202.2605369947,0.19813373376771656,25396.21546672791,1602310.3995400532,0.007924873817837652,728101.6296354824,ok
147,728199.9572411561,0.0797965386517345,55333.482105947936,4310256.8701695595,0.006418814907401469,728022.3695512462,ok
148,727989.6547858501,0.14474684888301034,36994.78600994511,4722063.946684256,0.003917226283638339,727917.1963117922,ok
149,727915.9598032566,0.11885996734816898,27642.173527908206,222119.60300984123,0.06222362446479677,727055.9616907609,ok
150,726630.2491773946,0.07800438702874359,93801.2356159788,8022030.717566633,0.005846476965649918,726356.0457957054,ok
151,726373.0145091016,0.14942563129693526,82170.38824925442,28340416.561075848,0.0014497032545758583,726313.4531694643,ok
152,726107.0851234092,0.13241373691790187,43687.65954980555,2402484.8117275788,0.009092182255751832,725908.477041932,ok
153,726042.4692961144,0.09085563283575086,54026.94098269092,3930718.1870535957,0.006872400718097354,725856.8219021114,ok
154,725902.6756642004,0.1009636058259003,23536.00464830986,93859.97572675011,0.12537828007131102,724427.2237729226,ok
155,725808.8011517696,0.03828570742858857,194320.01921947266,12591661.28375779,0.0077162184893795355,725059.0932891907,ok
156,724968.6094783429,0.10731052062183653,63398.143536380885,7056840.392495841,0.004491963825892797,724826.2183946458,ok
157,724988.4827007824,0.13564268304811072,50199.77027905726,3719376.1417040317,0.006748412686227836,724819.0983174839,ok
158,724860.1313894283,0.1430387603869298,47919.37951904711,3394908.546705183,0.007057536139751641,724691.0350130532,ok
159,724948.3922792968,0.11505460171645147,31676.321024170487,660640.0522297706,0.023973963520117807,724568.6887969543,ok
160,725008.9178812236,0.04865613681232465,149470.2161632487,14701115.373428952,0.00508363523333079,724628.991852613,ok
161,724681.4769170068,0.10782755142120043,42551.51235162463,1172857.5154824718,0.01814010303464716,724295.5325078375,ok
162,724259.5568194212,0.14122320335760605,35882.13652004188,3423808.6295287977,0.005240090846575757,724165.5439918542,ok
163,724185.2254811024,0.14161892596382483,40122.49533513825,440558.4580682569,0.04553594943003224,723271.7175218086,ok
164,722442.3829207162,0.0435838628085542,164478.8136861596,11654178.307098642,0.007056645666128791,721862.048566832,ok
165,721939.8731404926,0.07459751637886602,90288.48472680629,4967814.195868891,0.009087345175055854,721529.63182747,ok
166,721656.3022242322,0.11992822059964446,49451.86931552553,3359234.3996197074,0.007360586287328429,721474.3048486488,ok
167,721533.1616156525,0.11535736346574404,27399.642192234955,216417.031648283,0.06330287866798846,720665.9235030318,ok
168,720441.0091670036,0.03704815545799159,186584.9483819059,15424813.544597039,0.006048207579379862,719876.7569175027,ok
169,719807.4627342232,0.1144059577289783,56263.73897303451,4594241.841124554,0.006123288773068003,719635.2031736311,ok
170,719700.1011059511,0.12167705721332116,27855.654273989985,306461.6455670517,0.0454472112202624,719067.1202042168,ok
171,718895.4125804468,0.13250115040334948,29237.86108533003,485910.9244810142,0.03008561817843265,718455.5930179632,ok
172,718290.412689376,0.03522283042292473,150438.2635825197,10481181.051533937,0.007176589300520804,717750.5958729684,ok
173,717915.9551087541,0.13270916883634637,40630.45349745173,2264627.7322161347,0.008970669421612025,717733.7139253662,ok
174,717768.3900821469,0.08811456685191353,71239.1281325749,5860143.726634599,0.006078274821894732,717551.8845827158,ok
175,717691.6889081543,0.19891185335252512,26137.33830983139,923734.3244534187,0.014147649176778762,717506.7979617432,ok
176,717775.6606015131,0.11828642901139261,70567.17648751357,15687783.864951432,0.0022491123378226134,717696.3038478715,ok
177,717717.9867970874,0.0817744888043226,23376.04090215975,233664.5226890799,0.050020517948427545,717133.3459603325,ok
178,717562.8731449937,0.18038829672236995,28411.137961836077,765191.4647250915,0.018564724824814454,717299.1506658831,ok
179,716937.099076373,0.1264773333112361,49675.559359686595,4110187.764347069,0.006042979324519727,716787.0048873008,ok
180,716735.6044150243,0.14024905730109952,27492.163425598526,93435.39092896422,0.14711857654932858,714713.3004403064,ok
181,713718.0437068719,0.05725721415034707,155095.8657802443,15329731.974513777,0.00505866201829545,713325.7549241633,ok
182,712975.2163543333,0.09961245566035937,74618.33010888693,7214935.255569426,0.005171101850933921,712782.2868618636,ok
183,712725.9631045597,0.1277817514936984,43019.31745089778,2925663.626984887,0.007352061435584852,712567.8227721518,ok
184,712547.624632877,0.13120591477334403,40745.24165169003,1214805.7653769625,0.01677027011764572,712205.9702786232,ok
185,712355.1510830706,0.1282608294946997,53306.87345025589,6490907.541260321,0.0041062727447127865,712245.7048022932,ok
186,712259.3661049102,0.13627800968711637,33071.84288177924,3171639.5219981517,0.005213682490143738,712173.1530608353,ok
187,712207.3484369754,0.1344828520256959,23062.22773634768,117370.40809277749,0.0982454952278846,711074.4684444675,ok
188,710276.0684450355,0.04428752163269108,147506.23517424846,12965428.0344115,0.005688444484160208,709856.5279301073,ok
189,709870.5740958423,0.11719197744341066,65222.38394447656,8527002.322031856,0.0038244614860697642,709745.8538481297,ok
190,709450.4460310112,0.16189755757077173,40595.83429929426,4578199.917339079,0.004433602183419853,709360.4531412177,ok
191,709052.745404226,0.16938501961009622,26025.29958799989,1408813.6169623034,0.009236601376737071,708932.5527452237,ok
192,708962.0547089002,0.3204909378556842,19080.208522518456,1640302.4260561517,0.005816064226763904,708906.5688497867,ok
193,708917.8807897717,0.2039453945908374,23343.995577789006,987428.7243012557,0.011820597782542816,708779.9107985904,ok
194,708912.5133660927,0.18592050225006201,33595.312818446255,3121165.8829651047,0.005381853140489082,708822.1108461939,ok
195,708826.3367617165,0.18263700870271457,27486.89587048642,4191926.7064990224,0.0032785515820054367,708781.2781587462,ok
196,708795.6939002909,0.16660710244388802,42537.98447994863,14079028.766237494,0.0015106860418510446,708763.5631305898,ok
197,708795.6939002909,0.16496916439398993,25353.409817911564,1674013.690242597,0.007572641121661725,708699.6977634102,ok
198,708830.24456332,0.07570868385985295,57459.881547361896,6449537.384934183,0.004454573880103826,708702.2649195725,ok
199,708747.8938885125,0.20419332660957168,14399.424758042918,1346578.46517448,0.005346671259954073,708709.3993932556,ok
200,708754.551196085,0.186475487189086,23861.39208289255,674793.7991345198,0.01768050633652592,708543.6104491252,ok
201,708696.9658675956,0.04817508166333633,98281.30707884238,7326127.642431999,0.006707589048108414,708367.3505580977,ok
202,708365.8090197311,0.1364039562194705,34141.21986671265,2550946.3676563166,0.006691873317995297,708251.5746605962,ok
203,708146.3656070882,0.2032465345307499,14329.147364491331,47144.06139744685,0.15197192328944473,707057.5515650484,ok
204,707918.0652909669,0.07804758144832981,78251.78855478499,6672612.058317966,0.005863654882890848,707688.6445499398,ok
205,707686.2632299457,0.09333579443934635,67305.08202493023,3811706.1988154524,0.008828734235320438,707389.1538890033,ok
206,707380.3189497433,0.14498889353669248,39150.87376304663,1525755.2759829143,0.012829997831016855,707129.1661370121,ok
207,707000.3467709946,0.1473832655780565,36459.4448927807,1667523.1858649808,0.010932215276475568,706801.0555207803,ok
208,706896.4137195691,0.21943372830423352,15324.495768164486,1308951.3457186813,0.005853730094051186,706851.560988542,ok
209,706866.9430849954,0.2069491702481918,23883.744363462618,806668.0888314507,0.014803947679435853,706690.1562340226,ok
210,706420.4935511597,0.16279268582709575,32944.56830459959,3816644.675067849,0.0043159071788643685,706349.4007017345,ok
211,706420.4935511597,0.16016987778837755,28329.74193813033,3233353.2290612343,0.004380860971746587,706358.4392207615,ok
212,706140.8997436967,0.21661562828107458,17504.500739158902,724782.0028944851,0.012075700465279926,706035.2101898366,ok
213,706130.2603720148,0.27803794933257314,20052.892625953697,4614262.6922780825,0.0021729249029874254,706108.4736571328,ok
214,706119.4320186629,0.22883961569644662,14528.198164416222,346036.1449578514,0.020992313051842917,705966.9417766896,ok
215,706295.4952214506,0.08212766987371707,77908.4587888531,13562625.272399638,0.002872174716328675,706183.6118686898,ok
216,706172.3723473974,0.1211176103488654,17519.1867714419,205654.93315321358,0.042593645829030635,705799.2693291196,ok
217,706221.2532045323,0.03834871076364985,200056.81286006753,21991100.282884277,0.0045485857980414966,705766.2654156439,ok
218,705691.5377369547,0.1911317319600946,28765.018502853003,775943.7463801962,0.018535505078198507,705424.9506636878,ok
219,705384.099746186,0.0818250605817146,60894.82002886484,7402712.395064005,0.004113007285644949,705258.8693269677,ok
220,705358.0902077722,0.10704695333013077,38250.42305742441,3968271.6932947757,0.004819531777783322,705265.9156430528,ok
221,705342.981490066,0.10040358972992158,32301.190456815148,2677694.5671438323,0.006031530043262042,705245.5686897293,ok
222,705246.5832314009,0.2209473586541214,16940.92297971271,263842.6677969645,0.03210421407796956,704974.6457223913,ok
223,705013.6789907923,0.12993366779272852,48586.43220257136,5269838.602154046,0.004609859605824708,704901.6906751913,ok
224,704847.4816570169,0.2633129083363251,24375.364157444994,3507344.3406776055,0.0034749032016536717,704805.1306415407,ok
225,704773.1417154131,0.24229486164191164,18782.604298467893,666601.623685216,0.014088327744111118,704640.8339727906,ok
226,704692.3179568099,0.22974785743434767,24886.92673640513,2072097.8018461186,0.006005249055868001,704617.5918601663,ok
227,704732.9776606682,0.1470646305509004,28385.52455772914,4732984.299926683,0.002998692025892506,704690.4179375973,ok
228,704689.6528747875,0.19736959303690071,18019.62248771911,490959.8518778601,0.018351421627243354,704524.3100298694,ok
229,704709.5698436938,0.4888835663492033,10532.675345915422,766148.8594430448,0.006873778650256164,704673.3702042324,ok
230,704759.2757778118,0.11729588989843846,49558.05867162086,5858913.663328427,0.004229287332036492,704654.4781429416,ok
231,704733.661563162,0.12300238779234987,54158.022568798595,17384071.724312894,0.0015576909549059972,704691.4808322166,ok
232,704733.661563162,0.12259104016731348,53872.93406217645,17127929.057085432,0.0015726633932982824,704691.2995675175,ok
233,704692.7407703593,0.2104858049222026,31419.317026670924,5379966.37537566,0.0029200291260628045,704646.8681099399,ok
234,704648.8227403909,0.26589374911783303,6633.989816509299,97396.31896008,0.03405667630636217,704535.8569184906,ok
235,704549.6583980098,0.2836645499911844,8672.445784589152,90724.29888308019,0.0477956065318601,704342.4059948153,ok
236,704314.9678481766,0.09264334622694265,64915.90353146028,5523986.036446662,0.005875820748201767,704124.2507417473,ok
237,704182.9485769469,0.09696956316995324,74895.79160072538,21950653.892238602,0.0017060036563923803,704119.0623297872,ok
238,704092.2828771659,0.16957321685503335,45700.95563345962,16962528.352710176,0.0013471150845904933,704061.5006538089,ok
239,704052.908646893,0.22854193229166875,19593.819979668246,407588.9969793599,0.024036247451327136,703817.4276941189,ok
240,704311.3451736429,0.07651940486677254,93509.23803946582,16808905.837311786,0.002781538517275095,704181.2953999789,ok
241,704172.5471976367,0.13214549303929837,53485.63312606015,7925965.223899826,0.003374076949314668,704082.3148767117,ok
242,704054.0026341003,0.17326888786320266,16691.36484856772,455620.1684356521,0.01831719270228603,703901.1331609027,ok
243,703979.8703986737,0.2424223086229181,17668.428070067832,2633450.0850612884,0.0033546160928386525,703950.2350021042,ok
244,703830.148004435,0.2737073094179791,20941.227998345596,3033005.512963744,0.003452223859936638,703794.0011009588,ok
245,703830.148004435,0.22701681309402227,21785.858887155682,1594209.8755521767,0.006832807656397765,703755.7187127323,ok
246,703712.7378267552,0.28788547631946404,13142.793632628101,138353.29243759884,0.0474972203446328,703400.6147441987,ok
247,703603.2642092406,0.15912015961749185,49201.94664190657,10760080.64634772,0.002286318674507664,703547.0185445257,ok
248,703570.7541327683,0.16074119742529344,47322.07096789202,10013907.796503691,0.00236281739005098,703514.8474266602,ok
249,703517.284106257,0.22247295086804797,39987.291363998906,16995671.227685962,0.0011763963549394736,703493.7636543548,ok
250,703499.2842795791,0.3118519314522467,11765.292441612017,419036.251585715,0.01403851384825281,703416.7006691439,ok
251,703480.8757694202,0.3352378462348068,9469.511767285874,498903.6449632497,0.009490321290380048,703435.941414853,ok
252,703447.5914043366,0.08674243309449917,8645.429075649554,7883.687324826088,0.5483112609263883,701077.3983454771,ok
253,700471.4087359094,0.0360700606537339,196548.78081318445,7865599.206137457,0.012494202645096587,699243.5485873461,ok
254,699702.0536008357,0.04921677050325205,152718.63092025614,9425420.442749115,0.00810142273482034,699083.4345065517,ok
255,699324.5940809947,0.0554477656790784,126527.72108076491,13902779.053387133,0.004550447093882966,699036.7152306509,ok
256,699050.3005034303,0.10146119874796879,65557.73029382712,5881340.5854167435,0.0055733662539781135,698867.6118825767,ok
257,698794.1200695717,0.1475750999461033,47859.81218144856,4022491.9066313994,0.0059490252923253654,698651.760452995,ok
258,698719.3304427046,0.16379760168151025,39168.414053292356,2762068.1502575516,0.007090414124944756,698580.470304577,ok
259,698476.6296879489,0.2607104526150087,13267.654935204559,659695.291542492,0.010055896339795211,698409.9206065985,ok
260,698336.45252967,0.3068456836106843,14785.415640301915,688558.864525708,0.010736493567972856,698257.0807697091,ok
261,698309.5540433879,0.19998918225389634,18309.981860069813,842314.5887398679,0.010868850014495288,698210.0498200853,ok
262,698030.5374861307,0.11050737365327344,41735.84552129147,5924344.934162239,0.003522401715726005,697957.0322791949,ok
263,697978.1853102132,0.23392694302053776,23642.799462925148,4883988.751838356,0.002420439589876808,697949.5723262954,ok
264,697948.1507897398,0.19519335689369824,19915.895599268264,2580722.194027179,0.003858589592742992,697909.727155995,ok
265,697922.700577866,0.3716673656701844,11884.24721056066,419185.1306342187,0.01417541599409792,697838.4685038729,ok
266,697872.7143686857,0.3037853699599367,9206.362048509844,368762.7749511047,0.012482770325354208,697815.2539171939,ok
267,697827.8814486391,0.30700329824706374,7891.479766774563,121067.44055481751,0.03259125546311281,697699.2848321086,ok
268,697164.3167010234,0.11352597196339362,53753.30433653914,9876209.671073245,0.0027213529343134016,697091.1758447808,ok
269,697164.3167010234,0.08980695256599287,81695.69320845605,21410175.658472203,0.0019078706898915218,697086.384291742,ok
270,697048.7073533281,0.22835894334803108,22812.271389386366,3489006.2334474437,0.0032691646077751264,697011.4188182036,ok
271,696984.4766892975,0.32247773644121747,17917.44250262333,5542844.913016238,0.001616267709434543,696969.9969974211,ok
272,696930.900073906,0.36132049942473266,7451.781262485725,151277.2439773789,0.024629551235082058,696839.1330597075,ok
273,696821.4824266155,0.38761810987682344,11575.58834194873,2365501.8592550396,0.0024467510555232024,696807.3211351185,ok
274,696789.8466471808,0.4145503452178781,7469.353276953111,296008.9118049276,0.012616770946875206,696742.7270874726,ok
275,696758.1516699047,0.22600047954885158,16683.53938665447,1758367.6997552717,0.0047440417009981676,696718.5779666195,ok
276,696473.3940549741,0.3203082980898927,11323.641598506098,1076952.2337972182,0.005257262691484538,696443.6283757202,ok
277,696367.4638816135,0.46855140164438974,6862.69380050205,496139.70022854186,0.00691609016305369,696343.7323770706,ok
278,696142.0777675818,0.5623116898382834,6539.8892908299285,708157.7395467515,0.004617537114694046,696126.9786768187,ok
279,696132.194530195,0.20819178641132408,4535.651621229889,5607.319414211831,0.4044402758414489,695214.9944337895,ok
280,695331.3288536279,0.02889448511978847,179417.12419952912,12582242.04730888,0.0071297755807321825,694691.7269381863,ok
281,694558.3139668265,0.1911750824550659,30552.770715636078,3845022.985506891,0.003973028357801649,694497.6204545952,ok
282,694541.3130280689,0.23271182505478236,26389.312498119012,4398398.253814425,0.0029998775662519184,694501.7306747929,ok
283,694541.3130280689,0.21502456341140785,24992.94774789645,3024372.5040416964,0.0041319228558149654,694489.6785620521,ok
284,694502.5567605896,0.29700787764353465,11502.914216083895,489840.91076929914,0.011741479695947072,694435.0261437334,ok
285,694431.1535865128,0.23263655311964443,21678.632826679685,1855149.709345663,0.005842825707669178,694367.8213499194,ok
286,694350.3380696139,0.42106705545894524,8808.253866916204,880952.6999065338,0.004999277411744541,694328.320617317,ok
287,694330.0382846445,0.4663140753921918,7027.82272516293,582195.5769992385,0.006035620161686768,694308.8296503781,ok
288,694349.8910535703,0.2637900877652025,12829.822360027576,461736.5151645069,0.013893012506771944,694260.7686123166,ok
289,694360.9673726578,0.16920450076721444,30645.541603240483,5820138.49269132,0.0026327158401577414,694320.6268712532,ok
290,694293.2562578942,0.3099090005624124,14074.211755832222,2684600.454607266,0.0026212861082695374,694274.809990014,ok
291,694281.1154717518,0.24882339238282747,9715.644452909057,149783.72792549615,0.032432242765855414,694123.56540199,ok
292,693958.8599560835,0.33435644719497515,17221.19011205595,3666868.0019528144,0.002348215166578766,693938.6404261796,ok
293,693931.307859925,0.2605261055314359,18379.89044583125,1908207.3537225067,0.004816009751240082,693887.0489941181,ok
294,693924.7570493828,0.217959188662075,8194.962247413716,324468.81227920565,0.01262827417810798,693873.0129343129,ok
295,693885.9509896243,0.4091988394092587,8519.491196794059,757706.335588087,0.005621895183297981,693862.0031463625,ok
296,693846.3728128289,0.232820765683306,4994.460868857622,21234.395685849722,0.11760308470153108,693552.6908105295,ok
297,693468.2955125612,0.2559486790933185,24309.63335464356,4787441.559370635,0.0025388960944140843,693437.4356959708,ok
298,693468.2955125612,0.23757996194353553,27268.72726818417,2805906.67468385,0.0048591650453336304,693402.043889375,ok
299,693445.24792925,0.27904572226699903,17639.747464611308,2046760.2443654996,0.004309187535074405,693407.2414393018,ok
300,693409.4681941178,0.19497137627697483,8338.60272990846,59378.59536591664,0.0702155606622418,693116.7183612076,ok
301,693100.7193624292,0.10187585557949323,61792.88963813774,11436491.420757158,0.0027015667377664468,693017.2505547907,ok
302,693013.1489844928,0.26385445482282704,16559.27955913991,3275302.045681875,0.0025279011413575575,692992.218873644,ok
303,693000.0415535667,0.2210247356596562,22474.165663381602,2641375.6431752364,0.004254253975849697,692952.2361492531,ok
304,692998.3709780744,0.232985046953488,21518.490156933913,3574998.1052134396,0.003009580638036336,692965.9901624063,ok
305,692911.2894094458,0.3059921425175331,7790.738532258931,1182266.5464316069,0.0032948316755529623,692898.4548233999,ok
306,692894.4724488895,0.41014147348518215,4409.487795000398,178907.06425782933,0.012323403252108952,692867.302500773,ok
307,692949.8928762269,0.1375312214984218,27867.035734389763,3444417.374311361,0.004045246656549744,692893.5283596606,ok
308,692902.9177164065,0.29274548016180496,6090.749799468984,169512.07799697385,0.017965533404580517,692848.2059319158,ok
309,692683.2395270574,0.3259470482449269,14428.192769736175,2323294.877500674,0.003105114402278879,692660.8389324733,ok
310,692604.7596433961,0.2990975820263529,10164.684500284107,1499834.6296008904,0.0033886017497105512,692587.5376095546,ok
311,692598.7732251858,0.7537884363763748,5357.062949641594,1473436.363995134,0.0018178806633753224,692593.9039746114,ok
312,692598.7732251858,0.4776367713189114,5816.5975415040575,204581.90142552194,0.014215816504231657,692557.4293835213,ok
313,692581.2346786802,0.25955505261360917,4426.435263454797,9471.196538300703,0.23367877783734473,692064.0526874101,ok
314,691686.4527008326,0.0903150406936001,76132.76365488653,8088957.475387709,0.004705968840022702,691507.3134941004,ok
315,691512.7086465874,0.15411771523729811,19060.154070846467,1774634.1535805406,0.0053701643328542634,691461.5305668025,ok
316,691475.3876634841,0.4820959248078559,11538.965908886288,1005614.2543214924,0.005737272447809451,691442.2865678914,ok
317,691470.4516537137,0.21044422397051005,19802.743868806047,2446070.9520594347,0.004047867837221444,691430.372208716,ok
318,691449.2839917443,0.09547211866949114,4506.283241275731,36079.75391730979,0.06244891874267711,691308.5777337614,ok
319,691384.702111208,0.2511148892711718,13760.569437617112,1184212.9529470927,0.005810006301388554,691344.7276136363,ok
320,691395.8018403446,0.2382491668545806,12453.513270127505,665212.1844782763,0.009360557097954207,691337.515929327,ok
321,691357.2732972668,0.18931386292817196,9167.653973371622,427939.86429018516,0.010711381128955836,691308.1741793832,ok
322,691024.558247322,0.37302966804117965,9342.183546175456,1241779.2261080884,0.0037616121085610283,691006.9874119482,ok
323,690986.3562919288,0.31562956861073604,3845.5821460414672,90147.89502910056,0.02132929529192045,690945.3445133476,ok
324,690993.4324892489,0.3962884928109883,10483.946859442745,3598401.925777908,0.001456750395826935,690985.7962423803,ok
325,690993.4324892489,0.31390209768239835,17213.71085625505,9696480.609516758,0.0008876267353827527,690985.7928142633,ok
326,690993.4324892489,0.3926375902172514,21506.82313966181,31938734.53671194,0.0003366887175028932,690989.8119368986,ok
327,690993.4324892489,0.43913374512807124,7561.402464108028,1595050.0886104205,0.002370271165181837,690984.4712021345,ok
328,690965.5447824977,0.8242803085935996,2169.7391007673777,540954.673368932,0.002005472184254162,690963.3691067909,ok
329,690959.6909021864,0.31738986360795457,1410.8597219188187,2825.8909470870326,0.24963095680906447,690783.5937710335,ok
330,690815.8998715411,0.06494906154173477,72994.64192859964,8540711.13262265,0.004273335135395495,690659.9345875166,ok
331,690674.3446593332,0.23197447730209744,16322.71617458308,3519385.2394972644,0.002318972642067843,690655.4186932066,ok
332,690652.6300540195,0.2523934162369515,16275.879909431802,4833265.703973019,0.0016837352740666398,690638.9279174595,ok
333,690631.1196423717,0.34556674663506975,3614.121757913377,42353.021515287706,0.04266663426373048,690554.0184367569,ok
334,690630.7266475423,0.22991092939217897,24626.01953527639,7285732.097793602,0.001690016816754358,690609.9174539702,ok
335,690566.4092464296,0.3455330875814687,6861.620729106512,502828.6943518465,0.00682302025141111,690543.0007578335,ok
336,690547.8408890553,0.2190622566188233,2270.1627282813033,1329.7810778868884,0.8535851374456105,689578.9523068334,ok
337,690324.6459911778,0.03815226345629215,157901.76413622123,9451582.844097393,0.008353191562767311,689665.1541492135,ok
338,689775.1964492169,0.0748023746643079,66382.66853016116,5117094.358088331,0.006486363538052943,689559.9053888605,ok
339,689656.1174415266,0.08371785090547558,78388.73664880481,12104075.05389559,0.0032381134576481368,689529.2016299914,ok
340,689549.7966687143,0.19892652614121353,30087.076445379247,5973615.265723125,0.002518330617810311,689511.9120658078,ok
341,689456.9930194137,0.3038178034654559,9235.446879407831,330056.93341939326,0.013990687581879444,689392.3878934293,ok
342,689406.492880049,0.21917571049604578,18375.967228365364,5827588.3553247955,0.0015766356602362655,689392.0067774373,ok
343,689406.492880049,0.2093249259115934,24825.50397009417,7821241.201845375,0.001587056538049021,689386.793140856,ok
344,689373.3806374371,0.29944271257233457,7393.439663717621,270745.6452616819,0.013653847796096023,689322.906187508,ok
345,689344.2970718921,0.288156109024184,10157.840347534639,1511293.0556378013,0.0033606454782682074,689327.2286217756,ok
346,689353.3424704989,0.1972670011471926,23052.95581662646,9320791.752926813,0.0012366415014790789,689339.0883495515,ok
347,689328.8419610364,0.35631129589805083,7278.502247707181,489492.2274007654,0.007434747520258377,689301.7850477677,ok
348,689328.8419610364,0.3319503207867478,6658.5840026231945,269927.82846328185,0.012334008020830943,689287.7784467886,ok
349,689278.6227568802,0.3388630213207889,9901.080237458053,719239.1987898697,0.006883023237691134,689244.5480742039,ok
350,689330.105299351,0.33966656034513903,15133.125538870934,3602654.327041483,0.0021002744317268887,689314.2134410304,ok
351,689330.105299351,0.3079994341003556,18247.990539874318,3719547.6411725935,0.0024529851880216286,689307.7242740983,ok
352,689319.8300817423,0.3011499138107207,19252.406374561295,4536421.298243077,0.0021219817460536145,689299.4034542951,ok
353,689264.525488835,0.34469733762962673,13945.167039442298,7143112.930508412,0.0009761267373977908,689257.7193636326,ok
354,689252.1721896346,0.39720699727839726,3534.7397462422127,143920.2735093911,0.012280200905856268,689230.4685325178,ok
355,689241.6283977546,0.4683174464538336,7837.271658013973,3815883.7722164937,0.0010269274597771117,689237.604243017,ok
356,689232.8945961009,0.2755861574831342,4137.17177846595,105767.99009013666,0.019557768730124332,689192.4376716808,ok
357,689235.8333848452,0.15057286681979679,27618.897486181944,6407857.68851397,0.002155080436296875,689206.0729120228,ok
358,689196.0845195607,0.40087812545027357,9721.517756228452,1352637.5601625112,0.003593541256927861,689178.6171819923,ok
359,689196.0845195607,0.48402042979425147,8493.850284468044,2646045.246633079,0.0016050085113389347,689189.2681685605,ok
360,689196.0845195607,0.4638613938765519,8675.378148845692,2806277.7346920436,0.0015457091152450942,689189.3797140192,ok
361,689182.7572115682,0.5501951102227565,2363.076856332258,56166.984420709516,0.021036173480776726,689157.9021642191,ok
362,689177.5921981827,0.45302067672980517,2264.1550413819614,58195.277725673266,0.01945308219040523,689155.5698011267,ok
363,689107.5163311398,0.4475086475096431,12820.936753178898,10689256.48355176,0.0005997113444189168,689103.6719005313,ok
364,689107.5163311398,0.3720957596810842,10725.686361150572,2268244.867258917,0.0023643140376885616,689094.8368857261,ok
365,689097.6766919458,0.32857139248577133,12348.417247432593,1340836.404503577,0.00460474417533599,689069.2460407483,ok
366,689104.9723474424,0.3154210850472244,9585.373848945907,1463209.5726532883,0.00327546170695303,689089.2740849479,ok
367,689091.3050108902,0.31066302985296734,7192.58489205337,327793.7695042367,0.010971204399234939,689051.8493513854,ok
368,689094.9573222803,0.15141557753392768,28208.622237972508,5801071.258016317,0.002431328713553717,689060.6651056719,ok
369,689038.1272214385,0.26474733946965207,19498.34884439928,7791451.725331614,0.0012512654593627355,689025.9284162266,ok
370,689048.9404402239,0.2259255298455965,18794.5572415058,4518336.205523339,0.0020798095124628857,689029.3958907572,ok
371,689055.7207821149,0.265502164279709,14829.766439995186,3233985.574007588,0.0022928003388738047,689038.7199353554,ok
372,689052.3104492938,0.2177956964006138,19155.41583998639,5460650.968367058,0.00175394984507814,689035.5116299713,ok
373,689038.257157625,0.25564895727722986,13385.668119395961,2269936.0629852028,0.0029484680951304882,689018.523549934,ok
374,689013.8759122508,0.4622047200572856,5258.240006475263,469128.1184631683,0.005604268641688861,688999.1416174615,ok
375,689013.8759122508,0.38063329726771405,5936.865700103232,145966.2877099356,0.020336427654791697,688953.5085923477,ok
376,689018.7953327264,0.23271004817321286,28254.46937355987,9636091.117320744,0.001466075249266419,688998.0837436116,ok
377,688994.4365683163,0.3074247871969644,21033.690817578798,8578763.848536428,0.0012259161802878646,688981.5437973641,ok
378,688994.4365683163,0.38019821294239986,15333.471578035784,7012703.0484456755,0.0010932640004936726,688986.0548020769,ok
379,688977.2108961606,0.4236586622099502,5398.752989862428,216118.80644304515,0.012490243396021132,688943.4950267214,ok
380,688964.6332726018,0.45562524184595393,4836.940146514222,313084.70018992503,0.0077246510985366145,688945.9514350935,ok
381,688944.2471618919,0.5986146740512504,2801.1099006709933,110463.6972205561,0.012678870846945257,688926.4897065626,ok
382,688922.6164313385,0.1395348676962604,24596.870672543166,4367459.400880872,0.002815924364125998,688887.9849676344,ok
383,688871.4382143449,0.6364874176853705,3698.537418009979,450985.8572022804,0.004100502664267669,688863.8552830768,ok
384,688864.1633202818,0.27075672321587374,2825.558555086275,9497.298816085535,0.14875590469474534,688654.0040607168,ok
385,688571.9845333963,0.08028682374162599,79310.02791769712,15672426.834747573,0.0025302408093511616,688471.6477987823,ok
386,688452.3125874063,0.15749680956920406,50382.83709945213,21754439.349532336,0.0011579897852098688,688423.1411820508,ok
387,688427.881412082,0.2668900735338483,21717.744897915883,6249122.223092202,0.0017376636367954946,688409.0123442909,ok
388,688426.0562728078,0.34047783200823767,17730.391667561405,5399781.959238842,0.0016417692234058925,688411.5016671284,ok
389,688405.0770961035,0.4668554768981732,13837.64441890108,7393756.047747413,0.0009357655520103931,688398.6027006194,ok
390,688410.8979361752,0.4053715221395952,7356.193964870505,1096918.8616160303,0.0033531167264427507,688398.5648476619,ok
391,688457.7604947705,0.13416744167974146,32114.270872596615,10485407.988785934,0.001531379175085156,688433.1709319518,ok
392,688425.7782146813,0.4690221214659761,9812.734270933524,6184504.275266449,0.0007933323217333178,688421.8858350504,ok
393,688406.2600006895,0.29000929005841874,7789.113983808516,229029.94421166417,0.017004575560237656,688340.034712047,ok
394,688247.8231834207,0.09961931330848947,19411.3095026916,1926643.4231630226,0.005037597842267961,688198.9299979876,ok
395,688169.5526647196,0.5463617711057277,2066.163713181391,67436.67293320231,0.015319288625255705,688153.7265855849,ok
396,688173.1815254154,0.49826670379999416,6414.248625891301,2826414.0835394263,0.001134697258842368,688169.5424102487,ok
397,688173.1815254154,0.4125013534752345,7675.001492826138,2922845.578679259,0.0013129331136772246,688168.1431436117,ok
398,688173.1815254154,0.46454622701805215,11978.629748442769,8857462.585933752,0.0006761885603369999,688169.1316192133,ok
399,688173.1815254154,0.4563144555141617,7023.216908771853,2375670.670097348,0.0014781545685547532,688167.9908253355,ok
400,688158.9153055805,0.5078467014548202,2167.3098343538168,43314.35153099748,0.02501838025674704,688131.8040147955,ok
401,688134.4584704594,0.14427604065458938,18179.424862929864,2883079.3760572923,0.003152779110749083,688105.8006149827,ok
402,688112.9768357929,0.4565418373381237,3749.201828287381,508187.19911892846,0.003688799948904237,688106.0618080366,ok
403,688098.2049331429,0.4553154096404048,5248.106763672224,533503.2474598993,0.004918533100463177,688085.2984397269,ok
404,688093.1300353914,0.14927158804379617,2600.0095336442564,4459.888179929486,0.29148819754550037,687714.19398911,ok
405,687303.3102172092,0.10150575251142885,36816.40922877161,5412388.093882766,0.0034011242902539235,687240.7016253553,ok
406,687187.751129728,1.0132430992117643,3608.6279172968716,2151006.8581645987,0.0008388229687877483,687186.2376297365,ok
407,687187.751129728,1.1044031078417342,3638.241380021786,2031160.8700780044,0.0008956064075520674,687186.121913582,ok
408,687184.535542066,0.5046364788098326,4054.072883068962,523475.955731162,0.003872262745484135,687176.6863243697,ok
409,687180.6959028719,0.6289311233307837,9970.35491073271,4080428.7300097505,0.0012217288391052092,687174.6053678066,ok
410,687164.3528050403,0.43068864484910563,4051.750686874855,243579.83771308328,0.00831708963458519,687147.5034182204,ok
411,687154.8221356826,0.36149333261173805,6376.13493506803,1528334.107912636,0.002085975475538006,687148.1719051308,ok
412,687135.8462606674,0.4182562618531178,3981.832103485495,737646.8944718107,0.0026990096029189353,687130.4727591252,ok
413,687135.8462606674,0.32179767956016847,3844.4206083871,564279.7479187606,0.0034064846581562777,687129.2982807565,ok
414,687121.7294980544,1.3695591271928786,263.57847853329605,3084.8199206563386,0.04272185821420915,687116.0992168603,ok
415,687124.7617688148,0.38862823103625443,5700.999891372828,1574697.9467742285,0.0018101883929712793,687119.601826899,ok
416,687124.7617688148,0.36652564539630744,5602.982934980284,1475059.8218522707,0.0018992392213437396,687119.4410663414,ok
417,687158.588562585,0.16618055707306417,25915.95336296124,12144939.793952374,0.0010669444971586521,687144.7631206703,ok
418,687158.588562585,0.12946043029280443,34553.26666185281,13860029.243325066,0.0012465077113200725,687137.0531059123,ok
419,687113.2381343462,0.7435872150155944,458.67251848814453,1379.374673824997,0.1662610337828839,687075.1084508004,ok
420,687103.883779794,0.24446479254468362,12605.90969567735,1342488.3604371448,0.004694979139920654,687074.2915382634,ok
421,687063.7123476464,0.32833412702608133,4898.8740544209995,529376.3655117698,0.004627023771343718,687052.378744295,ok
422,686925.8144291075,0.6979859534860313,6762.810352428109,4282561.1457465915,0.0007895754575675916,686923.1445545682,ok
423,686925.8144291075,0.7044321039783903,5198.556268563773,4704635.36682665,0.0005524930056450136,686924.3783461185,ok
424,686925.8144291075,0.8210141286138541,5906.419594529644,5724425.81055751,0.0005158962479377831,686924.2908792538,ok
425,686925.8144291075,0.7531294909633722,5904.306678097985,5488325.650618399,0.000537896897338145,686924.226474986,ok
426,686925.8144291075,0.7887355150541931,3262.904636868362,574402.4657621646,0.0028402599495624303,686921.1806804278,ok
427,686925.8144291075,1.0036256843259683,9924.496533733141,30408335.820563335,0.00016318710422524667,686925.0046541824,ok
428,686935.2229083093,0.2947690024478907,10532.136275114466,4164119.6032385407,0.0012646294149336343,686928.5632836416,ok
429,686946.7193993321,0.4050863306706778,8857.326451379824,2426534.3620406706,0.0018250980884381492,686938.6366545445,ok
430,686933.7805726929,0.2735630569783816,11862.876580408096,2446366.3191729723,0.0024245912166618007,686919.3992595122,ok
431,686910.073961104,0.8971958858783811,1067.5966445986564,38629.68247737471,0.013818346102429714,686902.6977511375,ok
432,686906.1767966438,0.2811301625242331,6996.13680709257,1459789.0125866926,0.0023962835542568144,686897.7944328566,ok
433,686906.1767966438,0.2840986076131916,6145.708928708839,1075303.468773279,0.0028576625609326584,686897.3956154858,ok
434,686888.451690707,0.9737050392977491,1466.7706249333896,358438.425772369,0.0020460566159623762,686886.9511428364,ok
435,686881.6209184004,0.9329975117054287,1638.813716711332,124221.31689121109,0.006596346576113627,686876.2158267759,ok
436,686781.0498030363,0.4313941780497704,9861.708809463671,7586348.778119226,0.0006499641064425556,686777.8449246591,ok
437,686781.0498030363,0.7682278293963255,6072.958001001868,6585527.700801582,0.0004610836273805875,686779.6497322842,ok
438,686781.0498030363,0.5435781626243907,4215.567914304013,1128314.7440506439,0.001868081551061784,686777.1122907123,ok
439,686781.0498030363,0.7104232123146772,2852.5215474588445,953870.5076708976,0.0014952352151152866,686778.9172077014,ok
440,686781.0498030363,0.42585360901794755,9726.354475993767,7635940.032806023,0.0006368799672474357,686777.9525428761,ok
441,686770.2239423086,1.1469371627842742,898.3302420414195,33649.49749089116,0.013348345577591394,686764.2283310518,ok
442,686770.2239423086,0.8686921122604201,967.4380829743818,25675.09611588791,0.01884000898395323,686761.1106712212,ok
443,686782.0033924873,0.3352443346788587,7943.355443078002,1995937.6448331932,0.0019898806617633224,686774.1002277944,ok
444,686758.2122460967,0.6083019447021402,2237.145512186533,223490.58903620293,0.005005010550632494,686752.6137776509,ok
445,686758.2122460967,0.6561597004592781,1615.3212788385629,185502.01651114775,0.004353918381101507,686754.695757593,ok
446,686750.7547513599,0.8856153392119929,1383.6289872545142,208653.56485084826,0.0033156131030964487,686748.46096216,ok
447,686750.7547513599,0.5942190815615137,844.593946822645,57968.13189969537,0.007284985035261102,686747.6783242283,ok
448,686743.4371873867,0.9119276416342627,448.38308743914376,12000.170447593508,0.018682363279642487,686739.2487595227,ok
449,686737.200746736,0.4786191113454322,747.6145870521824,4995.195311979413,0.07483336890344033,686709.2274876408,ok
450,686737.200746736,0.3087092705848467,1200.674356877223,13910.73111186661,0.043156407352773235,686711.2923509143,ok
451,686720.209184005,0.9886834573417059,913.5096723580078,41372.31646354943,0.01104010786008132,686715.166561348,ok
452,686716.2279869908,1.3353799564053275,143.56244085405046,2050.354438628697,0.035009176498787896,686713.7149855755,ok
453,686713.8405795397,1.0130145470469945,715.709740815151,93331.34367874617,0.0038342410631024464,686712.4684777008,ok
454,686713.8405795397,0.6436837744575427,757.4120528569827,22793.875394408104,0.01661437644435826,686707.5486150548,ok
455,686713.8405795397,0.7825873545646548,1133.1654521607438,44638.36721744694,0.012692729626968135,686706.6490981863,ok
456,686732.6397781795,0.22105627821621754,6823.545700238202,1030891.8066394504,0.0033095353247989804,686721.3483954117,ok
457,686705.1501898273,0.6098219190785267,231.79670069010967,248.52265847673652,0.4663492297057644,686651.1010834198,ok
458,686589.5838345658,0.2503408924290468,11289.883147389854,3055479.4148273156,0.0018474814611094206,686579.1549096593,ok
459,686589.5838345658,0.29124607195594937,20917.064647028335,16432661.358956011,0.0006364478701932315,686582.9275239432,ok
460,686589.5838345658,0.2773794309083957,11560.97788613175,3675376.0854846076,0.001572761210994195,686580.4925057755,ok
461,686577.5443170231,0.7170279051846378,2784.795269219637,384920.6706576246,0.003617362591182624,686572.5075099077,ok
462,686566.176119541,0.37790742135375793,1389.3136516098425,6017.098178668853,0.11544714830606245,686485.9799699505,ok
463,686492.034884057,0.6906759186481987,5578.867931600153,2127622.432282439,0.0013110568508190004,686488.3777775462,ok
464,686492.034884057,0.40181422570274355,8988.865953112123,1628955.9061473627,0.0027590881739615824,686479.6343471828,ok
465,686517.4841506467,0.20003418491281003,20818.8822562198,6084752.418154731,0.0017107419353746983,686499.676283185,ok
466,686487.9015538782,0.4537444487966971,10981.187495918919,4332527.906500075,0.0012672956450486893,686480.9433483328,ok
467,686478.1677522245,0.36266206369332404,6901.435602970813,2029230.3392770467,0.0017005057211567183,686472.2997868609,ok
468,686467.9646633026,0.9454895238732555,5216.6938821196945,8435559.331928378,0.0003092085347781647,686467.1581401668,ok
469,686467.9646633026,0.9715915077681536,4584.584437224844,7797341.844044483,0.00029398380428366717,686467.2907665158,ok
470,686467.9646633026,0.960765460875967,5154.384649029905,8886981.640899042,0.00028999635969251687,686467.2172869103,ok
471,686446.5567213055,2.4386177656963284,1265.2165944351254,396941.8249973255,0.001593705317452564,686445.5485300984,ok
472,686444.7933279017,1.2843723400862688,884.9420427713695,95581.89860431937,0.004629234487351869,686442.7450257898,ok
473,686444.7933279017,2.207248161004163,2035.802604004765,4265777.813694917,0.00023862032821646195,686444.5504359589,ok
474,686444.7933279017,1.585549251130891,2087.3078587362174,1791977.952929544,0.0005824033312809081,686444.1855003765,ok
475,686442.6450697518,0.783812754625382,202.64036956759634,2154.2869043327983,0.04703189003285425,686437.8797899629,ok
476,686442.6450697518,0.5945094917586284,437.05212881103944,4311.747332167401,0.050681556123482886,686431.5698287542,ok
477,686442.6450697518,0.7243056986937396,538.648631338762,6804.4840291844885,0.03958041704767721,686431.9851010165,ok
478,686442.6450697518,0.13480259519175136,1145.079613020922,2871.0711557541467,0.19941679444725272,686328.4710168439,ok
479,686168.7908922394,0.24002243875381782,12680.082503421818,3285021.821053129,0.0019299845167172697,686156.5547107883,ok
480,686138.8833699912,0.9088372886245581,1177.026890415182,46919.837720969415,0.012542955683424551,686131.5016719288,ok
481,686211.419899125,0.1429786441357573,6849.266233663306,244273.6027116684,0.014019661063721094,686163.4077035595,ok
482,686151.9463050329,1.0951419177228627,3364.126949698162,384930.1609229689,0.004369788719117001,686144.5960430356,ok
483,686211.0860147134,0.10738963409818301,14281.354326089036,1228369.090927634,0.005813136471589379,686169.576283865,ok
484,686162.4375504015,0.21638274077697695,8194.134287140405,1315075.7101537646,0.003115461042992844,686149.6732973251,ok
485,686143.1226656081,0.8255016073143258,1348.6724173265113,119329.7248692834,0.00565103296267497,686139.311969465,ok
486,686213.12299253,0.12164210448484929,29678.011291293624,5744873.806304443,0.0025829994088577613,686174.7938497193,ok
487,686176.0217556194,0.18373589305677704,28642.21473240386,15329331.348211901,0.0009342290959006783,686162.6425604324,ok
488,686147.8061679574,0.6691395438027044,1811.8024599222776,214213.86313907255,0.004228957065085031,686143.9751505506,ok
489,686147.8061679574,1.2616839536505622,2826.252596751323,1310795.1767873238,0.0010780679723274118,686146.2827217542,ok
490,686147.8061679574,1.1338131742852762,2889.586618576084,1337319.154244232,0.001080365374789347,686146.2452632922,ok
491,686139.5397421888,1.4217614052144192,846.017458628364,60455.04306307063,0.006997079282085232,686136.5799165727,ok
492,686139.5397421888,1.3116629924954797,1018.1240036282996,86908.05350640566,0.005857477889280178,686136.5579227689,ok
493,686130.4023475489,0.6397367400421309,782.1825358449063,3615.6449249634684,0.10816639245249024,686088.099415978,ok
494,686137.3085342943,0.5539200248237699,3797.2419600510493,807727.0672630853,0.0023505724358833745,686132.8456881525,ok
495,686126.0028649098,0.6790183846551274,1187.2581898794992,47676.54745607052,0.012451176241038078,686118.611484427,ok
496,686134.3254254919,0.7650642822600986,5694.327566093766,5264292.276257184,0.0005408445492071281,686132.7855524792,ok
497,686134.3254254919,0.7774110931643662,5750.077600806695,5008123.7372080935,0.0005740750331392793,686132.6749374974,ok
498,686134.3254254919,0.6452392793957421,3606.9693513304524,896326.226896528,0.002012085133232881,686130.6966607879,ok
499,686133.170178374,0.7434537353421501,855.0755513839731,22663.388600342914,0.018864688914415808,686125.1048112364,ok
500,686136.1281707725,0.5817884391284633,7021.976463705841,4721975.33316288,0.0007435422644406712,686133.517602632,ok
501,686136.1281707725,0.5569485570450271,7994.6204233310145,5668282.233269145,0.0007052066300093326,686133.3092411091,ok
502,686127.394369119,0.6124642691139927,2355.5079099002633,727517.6575045653,0.0016188664877082259,686125.4877427105,ok
503,686127.394369119,0.6205239107559837,2456.2244275693324,737911.4429864687,0.001664308401038289,686125.3504116442,ok
504,686127.394369119,0.6023586156824265,1967.3417671705292,350224.6099198535,0.0028086857854174524,686124.6315466907,ok
505,686127.394369119,0.6155875066888682,2124.047123510001,544567.0827694829,0.0019502162274552292,686125.323193535,ok
506,686127.394369119,0.594993851161015,2449.4773062154914,551209.2263552618,0.002221912469074647,686124.6731070343,ok
507,686113.0883637158,0.15105151661130814,878.207019966845,4236.8524671723535,0.10363908429326953,686067.5800780312,ok
508,686101.8420858855,0.10820689049773989,44900.83712534272,10732681.930388318,0.002091780852939064,686054.8807301957,ok
509,686062.9406222625,0.29907295757078933,15667.116130339311,3040023.5570962112,0.002576808343107763,686042.7550444839,ok
510,686092.7711164763,0.30278219637961123,22820.177470060436,8303400.8082949165,0.0013741464489624286,686077.0919835586,ok
511,686064.8454556395,0.319720656854271,12610.37672406793,1660090.7092520955,0.003798098698398583,686040.8977279286,ok
512,685984.8825944571,0.43170315394458925,996.7276292027665,12041.149709491126,0.04138839119395391,685964.2561179416,ok
513,685959.4695598686,0.5859779602783112,4235.3351291997515,1919422.4052287892,0.0011032837580883903,685957.1331716395,ok
514,685952.1815638902,0.7562816569056787,543.5575199613338,25890.90618210593,0.010497074071841575,685949.3286821155,ok
515,685938.2922060214,1.0883515844354998,1520.0029629551623,441221.8164883185,0.001722492979894847,685936.9831088048,ok
516,685938.2922060214,0.8845212450415922,4327.307264733657,5488067.543966387,0.00039424690294593065,685937.4391922778,ok
517,685938.2922060214,0.9087999942025988,3819.552142417922,5214708.06441078,0.00036622876057870946,685937.5927910978,ok
518,685932.4598679906,0.387784630114387,750.7957262293653,810.8938416791166,0.46294329025529024,685758.6719460855,ok
519,685669.7460669035,0.22754125264824557,11228.478580288145,1685511.7072814573,0.003330881218973682,685651.0457026932,ok
520,685644.1877511294,0.3557247281627541,2791.4361718648747,180338.54130360647,0.0077394331563472914,685633.3856842982,ok
521,685622.4911226524,0.7599471497934047,1999.5883397001608,362255.16903770535,0.0027599169185244027,685619.731773808,ok
522,685622.4911226524,0.5548934773561346,2236.6624650732915,263233.1833067555,0.004248443218624958,685617.7399559113,ok
523,685622.4911226524,0.7276438690212189,2093.3313557473634,308250.63641011756,0.0033955020825362603,685618.9371671635,ok
524,685622.4911226524,0.6993079406787892,1423.49382210817,105899.78908963586,0.0067209473897218725,685617.7075091084,ok
525,685607.4914838589,1.1479609711717398,708.6704757698351,22344.18696956249,0.01585805016613928,685601.8724178809,ok
526,685607.4914838589,0.665531949987017,713.8917207541084,12207.908106801135,0.029238904589902383,685597.0547779036,ok
527,685599.7794798372,0.4039968486489779,1030.4700681290692,12828.481583081932,0.040163368573878706,685579.0859052619,ok
528,685614.3564818382,0.4336164624707238,2152.909464842315,246262.30757942662,0.004371171305109168,685609.6511138005,ok
529,685614.3564818382,0.3167653972481613,2570.2510216821074,150518.70278692056,0.008537978915884769,685603.3841073223,ok
530,685614.3564818382,0.3729544817636406,1706.1834380745825,44399.752260539804,0.019213884663844733,685597.9652759408,ok
531,685614.3564818382,0.46582766346912785,2309.0514695456513,211163.95406723852,0.005467437564676419,685608.0441844665,ok
532,685614.3564818382,0.2327132547765175,4545.0753211250585,535351.9570429333,0.004244941352442426,685604.7096927479,ok
533,685614.3564818382,0.6438409426958656,852.973612726688,27645.95411896929,0.01542673494023886,685607.777182921,ok
534,685657.2399091239,0.2354454624975709,13370.871454335775,3011148.027144656,0.0022202281876880703,685642.3967162754,ok
535,685641.6343491726,0.9331167415543028,6382.745368900154,5143030.228902221,0.0006205238045297811,685639.6540264527,ok
536,685641.6343491726,0.8372189100016736,7632.203566512271,7134944.47760342,0.0005348467385043953,685639.5933195801,ok
537,685627.8849202095,1.2434642459591894,2837.2909319195487,1540280.5767669403,0.0009210305494713964,685626.5783043966,ok
538,685627.8849202095,1.1991994457694037,2712.539209267177,1648757.4797160607,0.0008226010321828273,685626.7692514329,ok
539,685627.8849202095,1.404337584015415,2359.8580796931637,1599320.5465126762,0.0007377689497076875,685627.0144052011,ok
540,685627.8849202095,1.355179078651758,2665.209684302122,1922057.6856053409,0.0006933219809848552,685626.9609959804,ok
541,685622.9316908789,0.8713480383304865,694.3282017477012,19145.91668596192,0.018132540038074886,685616.6367239201,ok
542,685622.9316908789,0.4628220299103664,1781.9552318997805,206895.48190194464,0.004306414078061682,685619.0947723304,ok
543,685622.9316908789,0.7909459832140693,802.484286376546,35126.185534906646,0.011422878319353482,685618.3483507007,ok
544,685622.8524836815,0.6495237750691477,851.1846494131404,9434.061555614298,0.04511231161654825,685603.6530301077,ok
545,685607.8857651316,0.4852457645536488,854.4155665346026,11591.03929667011,0.03685672805802929,685592.1402840394,ok
546,685519.2409904881,0.4191833189051032,4339.332347250808,892731.4726508781,0.002430368190316842,685513.967902836,ok
547,685519.2409904881,0.28714111050424745,14680.077718777196,8343264.963414021,0.0008797561735813664,685512.7835459872,ok
548,685519.2409904881,0.28377056036882614,13629.007022232423,7565931.455725545,0.0009006826920113468,685513.1032851209,ok
549,685519.2409904881,0.3463593662803363,5355.235901429294,1180250.8406796881,0.0022686854848352816,685513.1663175094,ok
550,685505.5619949936,0.7133338981488271,477.1456676281314,6234.122497756708,0.03826887166556543,685496.4320818335,ok
551,685494.9316647873,0.6555507020254887,894.7077655252474,48328.65242329917,0.009256494032657013,685490.7907362411,ok
552,685501.5076567437,0.3299572144652609,14365.740574873786,9595540.75648119,0.000748563366018253,685496.1308231837,ok
553,685501.5076567437,0.43951923772668566,4607.278052140811,953763.3674314206,0.002415315061087253,685495.9436427087,ok
554,685488.7123359428,0.8668181527421249,1206.4285319366331,52755.24512413709,0.01143420459044229,685481.8150606139,ok
555,685473.2604849436,0.9874459307590358,1117.2072484188088,161287.55950595657,0.003463401801853009,685471.325816145,ok
556,685485.5424883331,0.27668288495758464,10810.123685480083,3995836.8359791976,0.00135267331089997,685478.2312054347,ok
557,685466.4975055807,0.8834445310893637,229.54117808071467,709.2067031780223,0.1618295322450556,685447.9242348408,ok
558,685538.2777627755,0.15735741006654697,46740.65860320876,20918744.838653065,0.001117195581372614,685512.1685341446,ok
559,685503.9771978982,0.2485519693873925,28406.363174677805,16742432.264941534,0.0008483344213421252,685491.928150065,ok
560,685503.9771978982,0.2769745558743225,26702.655719341736,12837216.00373677,0.001040048547581068,685490.0911687495,ok
561,685487.0564050955,0.26542204822085097,25211.666632598866,19336015.971888047,0.00065193540047891,685478.8382161041,ok
562,685487.0564050955,0.2729450583357276,21910.343444983373,14790869.555125153,0.0007406712419213808,685478.9422244504,ok
563,685472.4274587136,0.5135409021502195,2715.204063177939,714368.2108709608,0.0019004233544123908,685469.8474401068,ok
564,685460.4724414662,0.9766310132146493,132.79263464599796,1485.6656283101806,0.04469129261509482,685457.5051042201,ok
565,685453.7765876639,1.285457749993746,369.2161912795297,34245.51821917455,0.00539072279351288,685452.7814165949,ok
566,685453.7765876639,1.1374631564416706,587.2939680690129,110166.06028523312,0.002665494102940772,685452.9938733596,ok
567,685453.7765876639,0.9997208851808956,556.3062992367043,35343.25736249927,0.007870048500778106,685451.5875088858,ok
568,685453.7765876639,1.1795061843728787,531.072256607312,55399.22311016635,0.004793138123536741,685452.5038363241,ok
569,685451.7275180714,0.9824418313843948,555.2415503428533,40655.769626652145,0.006828570156729504,685449.8317651312,ok
570,685440.5899812827,0.6975822188763997,261.0870700170274,1047.0628844700836,0.12467592629317722,685424.314345134,ok
571,685387.6509356291,0.9831695379216792,4774.651830695058,7601004.753672548,0.0003140803081584779,685386.90112357,ok
572,685382.7661853972,0.9110789703089803,611.608811971986,40437.5228042597,0.007562392173879145,685380.4535725507,ok
573,685399.1873962111,0.45011598715811024,3281.664868045043,658416.1671257233,0.002492090133791031,685395.0982938911,ok
574,685399.1873962111,0.4060127295611579,4002.2585422005,868905.7760148457,0.002303045193551642,685394.5787050616,ok
575,685399.1873962111,0.8036485318509456,3632.624835988986,1158078.7360871297,0.0015683842224159792,685396.3387204717,ok
576,685385.7703656903,0.609746512190876,892.4016887104277,53114.96314168976,0.008400661846736598,685382.0219832811,ok
577,685385.7703656903,0.647013855843744,992.4392455155747,55330.08233613566,0.008968351424875978,685381.3200937295,ok
578,685385.7703656903,0.34644849794500276,987.8598245702226,38985.547220821965,0.012669564684763641,685379.512488717,ok
579,685385.7703656903,0.49439420000466816,1039.2554293318867,54936.411683604805,0.009458712331970907,685380.8553566176,ok
580,685376.8464925908,1.8204411942363727,503.265525425356,158985.30644584828,0.0015827422567404755,685376.4482227842,ok
581,685376.8464925908,1.8723475848716906,558.5254943800776,140337.35923994577,0.00198993873550493,685376.2907768328,ok
582,685376.8464925908,1.7088393352604383,581.9903059236699,95095.25761916216,0.0030600385365925757,685375.9560362089,ok
583,685372.3529494529,1.451630542991328,843.8457955032164,376581.5763103185,0.001120402389000376,685371.8802260302,ok
584,685372.3529494529,1.1465839990929345,936.690266907537,556023.392518824,0.0008423119238421481,685371.9584567625,ok
585,685372.3529494529,1.5611015876514012,588.5193733671841,151291.19976808713,0.0019449887841107745,685371.7806176627,ok
586,685372.3529494529,1.797735192163037,559.7367310592088,221837.7408967127,0.00126159040566461,685371.9998702082,ok
587,685359.0409651905,1.5151721903527138,499.6220800773595,44712.7874383248,0.005587015579900047,685357.6452670178,ok
588,685378.2778789296,0.2963095134208569,1978.437993534462,137836.10244563007,0.007176777195636622,685371.1784745922,ok
589,685356.3554517261,1.9372576649248756,145.25989364679714,10702.684512476895,0.0067861429287884335,685355.862574526,ok
590,685356.3554517261,2.353002524134202,177.5294694262173,20793.429867070343,0.004268883742632644,685355.9765253932,ok
591,685353.5446627567,1.0421507284821232,787.9568991223206,130343.52968424301,0.003022616086242044,685352.3538171574,ok
592,685349.5066718395,2.1495325809361256,154.97944576783155,22336.22928378409,0.0034692392301046374,685349.2378414529,ok
593,685349.5066718395,0.24989773962302358,316.0857280638595,433.7275636438733,0.36438279989439687,685291.9185705401,ok
594,685249.0523692642,0.22381644277395196,25568.796936601928,15890203.99574837,0.0008045458995820063,685238.766733898,ok
595,685249.0523692642,0.20660011690711386,24760.46517694809,14423510.481191665,0.0008583369911657731,685238.4259576743,ok
596,685223.8367816021,1.2287847181589309,2852.0951340340334,5104893.251261318,0.0002793491453841211,685223.438416433,ok
597,685223.8367816021,1.040572997297911,3522.1413620304934,7133403.459905157,0.00024687664043029765,685223.4020143888,ok
598,685223.8367816021,0.9992247862071829,1267.1034912203204,567092.3734196326,0.00111719320397446,685223.1289818975,ok
599,685223.8367816021,1.1275199348191958,3694.0855053839127,5716394.630056659,0.0003231132334671669,685223.2399776459,ok
600,685223.8367816021,1.1314299658526916,3314.230791863254,6348358.73054461,0.0002610305224181097,685223.4042239046,ok
601,685223.8367816021,0.43085817546893734,1690.112067997284,136691.13481894997,0.006182229996977748,685218.6124508396,ok
602,685205.4685520325,1.3627120618141992,224.79434950636454,15761.660976149138,0.007131048873799781,685204.667042286,ok
603,685198.1680051875,0.9296507084256941,260.89075180441245,1540.642518054907,0.0846694637941683,685187.1232651555,ok
604,685200.4371047969,0.5102004241690073,422.44262905464603,1613.4571448154113,0.13091225583899097,685172.7856460309,ok
605,685147.6487720942,0.735143625670902,2170.56686526584,800632.2393918041,0.001355533014080659,685146.1776345717,ok
606,685147.6487720942,0.6009232637862921,6367.84973605522,6087431.629675514,0.000523032546682964,685145.9834757621,ok
607,685139.9149704403,0.6844096792390697,1755.946125439894,365370.09630379896,0.0024029691307575637,685137.805228273,ok
608,685139.9149704403,0.8271244152062168,1473.5766394580298,454785.47275745316,0.001620078836867245,685138.7213152763,ok
609,685139.9149704403,0.6591375897436776,1955.8462881453422,621011.7250322386,0.0015747257332732391,685138.3750097002,ok
610,685152.2420332147,0.2913532936174662,8727.754760217787,3021675.931440562,0.001444191064535649,685145.9397604956,ok
611,685140.1471212101,1.0208637751163803,4107.921517976759,8188157.699691005,0.000250845285877419,685139.6318948363,ok
612,685137.1021384577,1.4204034424569367,1069.5570820223086,353054.264803671,0.0015147205240773338,685136.2920984258,ok
613,685137.1021384577,2.1043711509422502,1231.9047682237644,666316.7200960104,0.0009244138193367396,685136.5327435618,ok
614,685137.1021384577,1.106983790338906,1161.6163557272723,251042.5894530877,0.002313584237355756,685135.7583898125,ok
615,685137.1021384577,1.0222977411885754,1043.296416781387,215642.25076825757,0.002419044535717116,685135.8402482097,ok
616,685137.1021384577,1.1465960876019394,1229.881193727319,478771.2474545307,0.0012844142168793478,685136.3123000126,ok
617,685133.8141424797,1.356348712836436,322.18386787398816,5062.8473518494275,0.031818445776001555,685128.6884475147,ok
618,685129.5467380267,1.5104199581499236,179.5052669464063,4077.4394711021487,0.02201200878867802,685127.5711022699,ok
619,685129.5467380267,0.8594714912736389,204.38977075076758,412.0950903245573,0.2479886020842842,685104.2035712622,ok
620,685121.8211502498,1.0131606953291594,1428.0954625294858,243604.593863191,0.002931175147155698,685119.728151286,ok
621,685121.8211502498,1.5003956341503897,1396.1480038881107,341381.24739731423,0.0020448516351327484,685120.3936924854,ok
622,685119.1078839593,1.1371646318491417,1222.8999995697961,372740.8991349942,0.0016404156377898618,685118.104851818,ok
623,685119.1078839593,1.4154045761633625,994.3450814604065,259529.85819576206,0.0019156660593371438,685118.1554673974,ok
624,685119.1078839593,1.81073952719317,1873.7372074566113,2564059.39314979,0.00036538490731972473,685118.7655663114,ok
625,685119.1078839593,2.6222833259947333,1379.8920166713422,2552358.674492619,0.00027031702684687326,685118.9213798057,ok
626,685119.1078839593,1.9028129069141706,1635.8719069447045,1918449.8054797195,0.0004263525431502351,685118.7591548854,ok
627,685119.1078839593,1.8704109917036857,1765.1121226722335,2349992.653719327,0.00037555694480120936,685118.7764339013,ok
628,685119.1078839593,1.4329161500846297,1053.9185081078695,449907.69964869705,0.0011712608040835978,685118.4906772396,ok
629,685119.1078839593,1.804606843926909,649.0940329902228,196045.7704909344,0.0016554655358408724,685118.5706075588,ok
630,685119.1078839593,1.8191176498435202,1895.9366464237037,2605286.1146597066,0.00036386342286082163,685118.7629529604,ok
631,685114.6455498695,1.911411406390976,553.4638530064324,126147.30733088325,0.0021937204396868405,685114.0384773861,ok
632,685114.6455498695,2.122644345396363,649.9909521887073,425462.07036681246,0.0007638647454852052,685114.3972972828,ok
633,685114.6455498695,1.3819116292282623,977.3818148723227,320196.6326933153,0.001526221257623999,685113.8996994181,ok
634,685108.8643241894,0.8947393900639498,93.74407404868947,373.35600593925346,0.12554247495343895,685102.9798926552,ok
635,685110.9133913291,1.7455334677720293,135.30633213625504,12524.084054625775,0.005401845418239571,685110.5479393839,ok
636,685110.9133913291,1.761002409601779,175.48499997957285,17315.109963336632,0.00506739490396389,685110.4687654318,ok
637,685110.9133913291,0.8634327429668337,129.31737343239166,319.8815218639016,0.20213323464087382,685097.8437218355,ok
638,685026.5781116938,0.27528841217643885,8342.380846495167,2043114.3521380152,0.00204158441688917,685018.0622743259,ok
639,685026.5781116938,0.27905871873299626,9714.822745447998,2849945.9926669453,0.0017043871656594067,685018.2992020918,ok
640,685009.3168715675,2.5057401797214505,1400.5320186794188,2949034.875178502,0.0002374559945810485,685009.1505892058,ok
641,685009.3168715675,1.5914465866502372,595.9102602609094,100676.121280789,0.002959541213347384,685008.4350610801,ok
642,685009.3168715675,2.550464850898802,1632.1281011923577,4039066.1213429915,0.00020204275594399952,685009.1519917378,ok
643,685009.3168715675,2.5695581701689316,1458.9042086701784,4242400.534393259,0.0001719432426102629,685009.1914472074,ok
644,685009.3168715675,2.370411810914119,1742.55338044497,3582553.831149653,0.00024319988792544938,685009.1049771741,ok
645,685009.3168715675,1.860083364015518,1130.8264328965472,240799.10029481177,0.002348070303236328,685007.9892415849,ok
646,685003.6659852875,0.8669281874398685,113.8222356375635,1992.89584564783,0.028556995561542592,685002.0407747485,ok
647,685003.6659852875,0.8743720559945942,179.5152436651549,2053.1206515223007,0.043717655738363954,684999.7419924763,ok
648,685014.1446805545,0.2360969178056056,3228.3048420537293,278154.07026872336,0.0058030875459325094,685004.7776127427,ok
649,685014.1446805545,0.2263918228433577,3577.705719992287,351357.24673638126,0.005091265020465897,685005.0371565617,ok
650,685014.1446805545,0.20005562459265724,6188.080471096877,1000787.9355319289,0.0030916042507086426,685004.5791326103,ok
651,685014.1446805545,0.24851138567443107,2982.545917140252,278483.2767274018,0.005354982087595459,685006.1589405736,ok
652,685002.9189715398,0.6652410336385552,4605.727532498377,5915672.993785476,0.00038928178901511106,685002.0225086131,ok
653,685002.9189715398,0.7509654682049881,4357.376468768307,5621302.511880813,0.00038757711932055285,685002.07456183,ok
654,685002.9189715398,1.0651007116090048,1273.738176282749,774505.2070257482,0.0008222915512564164,685002.3952794693,ok
655,685002.9189715398,0.7929662629818571,5105.821749963326,7647667.432402064,0.00033381562385484333,685002.0667700035,ok
656,684995.3240740108,1.1019671018904735,447.6382143088384,11511.89216268609,0.019442425623121463,684990.9724876669,ok
657,684988.6519351417,3.0586262832165794,742.2317690643843,262418.4886007201,0.0014142139393877055,684988.1270978845,ok
658,684985.6446439571,1.6380151426017242,175.7072771196322,6029.42442895481,0.014570816766177693,684984.3645446874,ok
659,684985.6446439571,1.6997583076202203,56.14160898819124,2663.2125424762653,0.01054020437587579,684985.3487719408,ok
660,684985.6446439571,1.1450461987223848,123.93651222340296,652.5478700216806,0.09496354054399504,684979.7599189555,ok
661,684985.6446439571,0.9839195050402743,136.82063291327935,1914.5811405532695,0.035731218180113634,684983.200260014,ok
662,684985.6446439571,0.5590668148045421,230.57151031566207,603.8292849449331,0.19092441859348483,684963.6337781815,ok
663,684894.1752657642,0.9795067437493794,357.6057518384693,21115.457051886136,0.008467866713937082,684892.661186843,ok
664,684843.4492872943,1.1027630148473337,1071.1993635584824,252620.6819899868,0.0021201735248283075,684842.3137230291,ok
665,684843.4492872943,1.040503535638567,711.5942123931986,88850.75862700025,0.00400443520904816,684842.024520835,ok
666,684843.4492872943,0.9151566583647438,646.4865600792243,43491.84440182625,0.0074322734408117895,684841.0468548492,ok
667,684843.4492872943,1.1251714199638443,1025.7276299453806,151205.24968313985,0.0033918386831636393,684841.7097359675,ok
668,684843.4492872943,1.1377820866683916,555.5603366857728,52138.268734367004,0.005327759725934038,684841.9693413007,ok
669,684843.4492872943,1.144824358813422,911.8010498891165,145187.60051494947,0.0031400789277292018,684842.0177236628,ok
670,684841.7079723639,2.0846176703154504,1122.34015219294,725536.380753056,0.0007734554613429787,684841.2739323039,ok
671,684839.8540920524,1.7788679143568116,2254.6877777499067,4652047.060232055,0.00024233286428076647,684839.5808995788,ok
672,684839.8540920524,1.6737048681608664,2474.8264724879596,4066239.1970231114,0.0003043139314455206,684839.4775299657,ok
673,684839.8540920524,1.7167478229414745,2117.900238487281,4693910.002200057,0.00022560085701415364,684839.6151919981,ok
674,684839.8540920524,2.991856821078092,1336.0636152641969,3355069.661090385,0.0001991111586681603,684839.7210794651,ok
675,684838.4090700712,2.7613190069896922,1149.7351572683167,3739239.268617374,0.0001537391799072334,684838.320690401,ok
676,684838.4090700712,1.2168350481862589,377.513671568931,13012.062568448628,0.014506296353212983,684835.6709074726,ok
677,684838.4090700712,1.184777636566169,329.104673040511,10239.799023003894,0.016069879511364012,684835.7647338499,ok
678,684833.550457385,4.990296416075623,506.3941387552651,2712515.596076266,9.334400500549734e-05,684833.5268229565,ok
679,684833.550457385,1.55526850198091,391.80526904537356,74972.3605473906,0.0026129980847922644,684833.0385641762,ok
680,684833.550457385,1.3933358996134129,89.1168357839167,3339.242660713668,0.013343869379781837,684832.9558756768,ok
681,684828.8434795912,2.2520781651626445,206.2253634299505,10279.350911498152,0.010031049878804772,684827.8091511378,ok
682,684828.8434795912,1.1837456253414687,225.68871043128678,484.6115108803521,0.23285529270786148,684802.567074227,ok
683,684788.2210529739,0.6059125605968262,6680.736383413681,8729261.206470491,0.00038266333343660525,684786.9428165467,ok
684,684788.2210529739,0.937437559813877,2689.049560010357,1968850.2724224715,0.0006828984401901098,684787.3028790988,ok
685,684788.2210529739,0.6771350007678345,7026.353177655498,9873783.496555697,0.00035580854999031137,684786.9710347059,ok
686,684788.2210529739,1.013461772537644,2480.7131595319916,1647605.8998903069,0.0007528235847228851,684787.2872832872,ok
687,684788.2210529739,0.6990623362724807,7245.742275295925,11465191.77159203,0.0003159887082416327,684787.076266603,ok
688,684788.2210529739,0.6225620273797566,7571.736892682309,11938174.110637533,0.00031712290432820453,684787.0204673767,ok
689,684788.2210529739,0.978819004567105,2730.6729826384826,2352459.005415047,0.0005803869432693275,684787.4286295011,ok
690,684781.2862538501,3.5594804478462327,324.6709718863136,51964.83219329773,0.0031239490072690807,684780.7791260699,ok
691,684781.2862538501,2.3121393153599583,282.7483096984917,20430.95467467999,0.0069196059166266154,684780.3080004117,ok
692,684780.0605816942,0.8592278333410163,272.3659587021508,1865.1427075344118,0.073014777261253,684770.1172117902,ok
693,684743.8274643063,0.9813689289982731,3625.3940140811674,3291103.012812784,0.0005507870765465158,684742.8290542212,ok
694,684707.5563134956,0.919406137890441,3936.0572025347715,2868210.3594572167,0.0006861521139055566,684706.2059465107,ok
695,684707.5563134956,0.7885018554502432,1818.6536246230082,425482.12581883103,0.0021371680668407036,684705.61292927,ok
696,684707.5563134956,1.0283523366631437,4187.012739078228,3086041.7258174503,0.0006783791521757772,684706.1361224195,ok
697,684707.5563134956,1.1487514448464318,3751.7364364064397,4778551.826832364,0.00039255998180660244,684706.8199227019,ok
698,684707.5563134956,1.0600425347533684,3916.9613403455205,4695879.4979589,0.00041706365570582223,684706.7395023877,ok
699,684707.5563134956,0.9932570255362251,3740.7783671395814,3910709.3091095677,0.0004782736418718018,684706.6617556491,ok
700,684707.5563134956,0.9959964111767664,4466.226141295777,3855128.694149038,0.0005792577233639705,684706.2627655023,ok
701,684703.3407258337,1.2948198929589527,1280.7701567115844,221318.06197065758,0.0028935057204716287,684701.4877679462,ok
702,684700.1447889293,1.4230809166433032,562.9845991808846,62689.6995329394,0.004490248026193462,684698.8808186866,ok
703,684700.1447889293,1.2115406204363677,405.5947805195372,18313.32326384079,0.011073762382613924,684697.8990588178,ok
704,684695.9300069744,1.0489339414583851,1365.0479170784781,252868.14606656478,0.0026991298396262693,684694.0877861916,ok
705,684695.9300069744,1.0130412926853214,989.806667341426,174454.32778052866,0.0028368647540422355,684694.5260331505,ok
706,684695.9300069744,1.0943199210289127,1292.2373195109783,315054.1511897506,0.0020508177953393963,684694.604935329,ok
707,684695.9300069744,1.0718793277106622,1050.1609131130656,127308.99486358916,0.004124456854907648,684693.7643352859,ok
708,684695.9300069744,1.2671013559109823,868.6277764438811,118280.95248127353,0.0036718835882785265,684694.335256936,ok
709,684691.8626839453,1.1618042640383,574.798478343035,83942.36083791198,0.00342376883736293,684690.8786953865,ok
710,684691.8626839453,0.9059636660574143,413.65957246291555,26964.12159873264,0.007670555314554698,684690.2761846294,ok
711,684691.8626839453,1.3531476376976161,617.7770093372701,130257.06677313193,0.002371376174212679,684691.1301931049,ok
712,684689.5997657756,0.7690198883534737,1204.9616712636819,135724.68720634902,0.004438992257288162,684686.9253580112,ok
713,684682.1437594391,1.3902386227502583,355.82339967598347,13919.773257995636,0.01278122111190265,684679.8698306652,ok
714,684672.1381642227,1.3293892260813749,145.30664505696495,1038.773695667444,0.06994143462768422,684667.0566866145,ok
715,684672.1381642227,0.8814922595555892,106.68786206900022,227.7566911063928,0.23421455051602136,684659.6442393927,ok
716,684689.6307825325,0.25497877323598317,2765.8363672745563,167586.83771369443,0.008251949869713858,684678.2190110072,ok
717,684640.4461448052,0.3764481432028377,17546.48189688526,13164846.877027733,0.0006664142037042356,684634.5995324246,ok
718,684603.3235224582,0.4774528946920692,240.58994415402597,421.4387296978197,0.285438816131747,684568.986668042,ok
719,684508.1244509802,0.41083408435738367,10375.69704151998,4585221.874359503,0.0011314280230953198,684502.2547737842,ok
720,684490.1421708908,1.360447143482775,1614.6513968254624,1326239.868845066,0.0006087327921424782,684489.6507252643,ok
721,684490.1421708908,1.5311645323680236,2782.434704202167,7081670.158080705,0.00019645328305973166,684489.8688616746,ok
722,684486.926583229,0.8782190382073375,354.21744369268083,9721.316710802681,0.018218593953381927,684483.6999113401,ok
723,684486.926583229,0.839074743886311,185.59097271658024,7035.571135832905,0.013189474538274928,684485.7026595244,ok
724,684497.9306838558,0.25513908202542596,3231.4478060585966,277473.5629092862,0.00582298322798242,684488.5223506674,ok
725,684494.0348482085,0.7638375145489421,4593.54243314049,8930121.865639698,0.000257193714836916,684493.4441330873,ok
726,684487.6153340926,0.6216133057985473,438.38771974906274,8720.623311058307,0.025135113862397834,684482.1058714667,ok
727,684523.1173116193,0.134021160964798,41900.08496201279,15780357.034316324,0.0013276025653569154,684495.3039814773,ok
728,684550.4609942553,0.21105150830106337,5358.852289141299,283221.9581440769,0.009460516981552706,684525.1122377138,ok
729,684523.1379811291,0.19464426617017708,4239.851101197058,213583.77604424683,0.009925498976848116,684502.0966622456,ok
730,684478.139989597,0.2269081541739808,5870.066097477432,1169234.107140992,0.0025102184676390003,684470.7724154349,ok
731,684457.1222696863,1.5714779113051425,242.45555948103663,3007.6769714654038,0.0403061169436203,684452.2360486193,ok
732,684457.1222696863,1.161390159274743,217.02924569641485,1887.6422492221984,0.057486858483338565,684450.8841049193,ok
733,684451.4742107883,0.304799246322706,446.5774931605527,2915.4670129677893,0.0765876429357986,684434.3730519937,ok
734,684460.0024296426,0.8039442795971523,493.6458940149188,40708.57266754713,0.0060631687832235544,684458.5059004554,ok
735,684460.0024296426,0.7717239963524792,602.8054737532451,40088.37514711282,0.007518457302660961,684457.7363460346,ok
736,684460.0024296426,0.6690250079566019,486.222529275209,20996.193666177136,0.01157882559586186,684457.187486709,ok
737,684460.0024296426,0.6860067806153015,492.3344902851844,26629.7577971163,0.009244066244164238,684457.7268433213,ok
738,684460.0024296426,0.7518211276680007,641.5895361363864,66364.56004758658,0.004833826485675004,684458.4517633963,ok
739,684451.9506221601,0.6207156136827521,160.2043708879427,256.74992826810274,0.31198523008087176,684426.9599234044,ok
740,684428.2708013426,0.508334229502707,1876.8181978429704,252312.19344633745,0.003719238004726351,684424.780634558,ok
741,684428.2708013426,0.5960227557011497,1543.9820971428521,279758.1626101362,0.0027594942766594197,684426.1404964625,ok
742,684428.2708013426,0.5096184778353419,2086.02399514798,302093.9993127069,0.0034526074663745166,684424.6696903321,ok
743,684428.2708013426,0.6670550059523731,1572.8385673599723,173019.28931247612,0.0045452694136299335,684424.6963138261,ok
744,684428.2708013426,0.6024273075293952,2424.961482862229,538273.435599258,0.0022525368358207454,684425.5396438098,ok
745,684423.9866290316,0.31846097664954093,2924.9946647076245,487371.7240862893,0.0030007841244702096,684419.5979902545,ok
746,684413.3168983423,1.984937743659312,474.1750699981512,63251.80337699955,0.0037483126542015473,684412.4282201348,ok
747,684413.3168983423,1.7722740824569134,880.1442012592607,989281.0413042845,0.00044484032570707313,684413.1211365258,ok
748,684413.3168983423,1.4331555222172723,499.25851911891874,32587.319202701306,0.007660318972748347,684411.4046585892,ok
749,684407.365422229,0.9432469480534413,1359.0500543650583,278610.6315918743,0.002438977376060575,684405.7080760612,ok
750,684407.365422229,1.041895786269696,787.6475443760836,53173.31568089899,0.007406417432221777,684404.4485989774,ok
751,684407.365422229,1.6053179381319922,1173.7001691433807,446901.43821572675,0.001313153269129575,684406.5947981221,ok
752,684404.7313639575,0.751856498461662,360.51233440201617,7163.178468613752,0.025164271418172835,684400.1953488413,ok
753,684404.7313639575,0.5308508040393657,555.0642688845247,23648.177262246227,0.01173587847234789,684401.4742805556,ok
754,684404.7313639575,1.103007329515372,750.5935959907783,223024.46921025275,0.0016827606375405567,684404.0998292785,ok
755,684404.7313639575,0.9165197681405373,1088.2585642940453,186796.07510898128,0.00291295886077673,684403.1463377436,ok
756,684404.7313639575,1.2942730960025113,671.4131345175847,234142.21344713366,0.0014337720751691392,684404.2500372559,ok
757,684404.7313639575,1.071341980013737,771.7161568380935,195565.52560845608,0.0019730373092013034,684403.9700515727,ok
758,684404.7313639575,0.9427354138507055,889.4644794906806,143985.86666173724,0.0030887214839643933,684403.357709934,ok
759,684404.7313639575,0.7991119559823646,7878.749360737442,20100972.487061497,0.00019597930811080904,684403.9593280333,ok
760,684404.7313639575,0.9291127426099894,830.0810169549355,184291.2634707481,0.0022520899833287306,684403.7966553856,ok
761,684404.7313639575,0.766908079063401,962.7251877582138,140145.08609193075,0.0034347447156538066,684403.0780063318,ok
762,684400.5572246852,4.896853754766883,268.4404584005586,141475.3880374458,0.00094871787285541,684400.4298875548,ok
763,684399.7372204832,3.050411613782198,358.2228544159021,93068.98262020519,0.0019245018282714752,684399.3925202142,ok
764,684399.7372204832,1.7522116120025815,632.4979692983733,136020.92877517574,0.0023250023911533762,684399.0019408377,ok
765,684398.4651656112,2.0544388965686236,330.6245669934903,51702.04211485116,0.0031974033661865747,684397.9365955596,ok
766,684398.4651656112,1.0458804863807596,609.7651234171111,61885.56473457239,0.004926553761223622,684396.9631452801,ok
767,684398.4651656112,1.8628279452963101,565.3089605321578,80471.77428457992,0.00351246735615026,684397.4723509763,ok
768,684385.4897113505,1.0984863107606837,174.9432449075406,1130.4062106143947,0.07738069875450171,684378.7210960839,ok
769,684379.0248333545,1.0491107876972086,236.5190298210768,6112.038385778669,0.019348621105800243,684376.7366748084,ok
770,684379.0248333545,0.41316691197169225,116.69921890734946,1020.8695773967856,0.057156771781235814,684375.6897580434,ok
771,684383.3173183848,0.9432778965461224,642.1989120495024,58528.98725501207,0.0054861611499565826,684381.5557150238,ok
772,684382.1431791125,1.108342918845926,181.9650397355981,2086.3033100533175,0.04360944040561097,684378.1754823343,ok
773,684382.1431791125,0.7872370270383761,510.3517518785115,17046.615272675223,0.014969298705784045,684378.323375203,ok
774,684376.5039001598,1.7211574323366567,315.00149101657985,13858.176708521572,0.011365185249185101,684374.7138750103,ok
775,684372.049572982,1.0395889622188943,149.08792518665848,670.4629564046097,0.11118282058873898,684363.761564963,ok
776,684364.643198144,0.6538811838244885,167.44448512943993,817.9687178110989,0.10235384403056684,684356.0739047866,ok
777,684348.054578664,0.48897381823258024,1152.0082842779345,87869.77630091412,0.006555202100053315,684344.2787551018,ok
778,684348.054578664,0.4954114259071406,1198.0047215820864,108475.96924635976,0.0055219821030651406,684344.7468983481,ok
779,684335.7995156872,1.3833007574600744,95.00600643756445,1538.3381259234052,0.030879429182883965,684334.3326500632,ok
780,684354.6556504408,0.31331212565712463,30847.047366343035,40239525.46389097,0.00038329288194543577,684348.7439235986,ok
781,684339.9699379785,2.906416708998926,257.8786972659259,255827.0907962842,0.0005040097521792081,684339.9049512894,ok
782,684338.1677714488,0.7133070456651724,153.2701726289241,470.32533215939225,0.16294058830003777,684325.6808054004,ok
783,684320.6764783491,0.323283925197332,4651.436245277523,1005793.3032475224,0.002312322139279953,684315.2986688445,ok
784,684320.6764783491,0.3183906692763124,6361.595503337906,1727537.8918998083,0.001841231828594489,684314.8198922884,ok
785,684320.6764783491,0.3418361803091915,4978.255448059781,1110978.8510930298,0.0022404816451555105,684315.099633371,ok
786,684320.6764783491,0.32299098151844585,5425.890304754381,1345688.7408551301,0.0020160272357285423,684315.2071070329,ok
787,684320.6764783491,0.3251887126157999,3965.531917278857,732403.0270848275,0.0027072061219236094,684315.3087222076,ok
788,684320.6764783491,0.3184264741682221,5815.820767310508,1476556.6751379487,0.0019693862298808,684314.9496796819,ok
789,684303.1324846856,1.1250199040530446,378.64159677789047,10798.64110648534,0.017531909480281258,684299.8133295855,ok
790,684303.1324846856,0.7221082217936923,250.5206238009908,2375.471856523523,0.052730707609313664,684296.5274198038,ok
791,684303.1324846856,0.6850931019946598,317.67606048796046,2940.7576021756076,0.054012622504646404,684294.5532261187,ok
792,684301.9863909897,0.9334627503789108,215.93653236325332,4763.197626948022,0.022667181720697656,684299.5390546802,ok
793,684301.9863909897,2.0718199292395427,403.75091748622975,94188.89981463569,0.002143304138177715,684301.5537104836,ok
794,684301.9863909897,1.0837507828429453,417.29906400399125,20700.078815475576,0.010079649157954281,684299.8832769102,ok
795,684301.9863909897,0.8597195824087868,337.4692967607434,3945.177722528971,0.042769847202778995,684294.7696358607,ok
796,684299.4643461906,1.4193563904650714,87.52517541206652,720.7805326992641,0.060715551711900365,684296.8072765336,ok
797,684310.0910425945,0.3367861074542238,7115.544001529574,2785377.217296056,0.0012773034756917213,684305.5466880522,ok
798,684310.0910425945,0.4820931881368748,4441.475615517996,1524117.2879152533,0.0014570649026602205,684306.8552834768,ok
799,684288.5171211374,2.2884257654142055,815.3917678673615,274954.87303221464,0.0014827738073437007,684287.9126003593,ok
800,684288.0720991562,0.6177053995224214,382.703152027341,13222.611830493955,0.014471541512878413,684285.3029468805,ok
801,684288.0720991562,0.7451270888601829,379.0584835759299,5072.038431973088,0.037367469574601714,684280.9898709803,ok
802,684288.0720991562,0.653513504230963,618.814581392676,33992.07764884224,0.009102335370396999,684285.2557702303,ok
803,684283.5066776337,1.3652188021821237,263.2811679155011,7737.2098257144435,0.017013960707159062,684281.2669499108,ok
804,684266.3710409481,0.5971282982598143,246.90260201119312,1343.7684747502892,0.09186947255072148,684255.0296350389,ok
805,684214.0439795221,1.6005991632739034,563.6165249639645,133547.1130189793,0.0021101786187016454,684213.449313752,ok
806,684214.0439795221,1.1145706314949155,244.75642461637892,6578.939932307768,0.018601509295930217,684211.7675600683,ok
807,684214.0439795221,0.9973912441118867,327.22205541356317,7591.805872379451,0.021551002548949795,684210.5179978469,ok
808,684202.7349465709,1.030894472204512,468.7481113475761,10200.105880630643,0.022977610077445334,684197.3495909073,ok
809,684221.050421081,0.22355721213076402,23526.26279109799,13102470.548942067,0.0008977796478618138,684210.489721119,ok
810,684195.3166194274,1.5221714631161325,710.8634087022394,171083.26309076737,0.002077536387428776,684194.5781971284,ok
811,684191.2435076637,1.4200673337558523,534.3457117009626,107696.72258001524,0.0024807891034193765,684190.5807081541,ok
812,684187.203990121,1.6347309273236452,421.159352288698,57040.85727179692,0.003691734069509984,684186.4265859562,ok
813,684182.2902312279,2.5586977835529883,281.03012248018337,88398.59142716574,0.001589562220070738,684182.0668737952,ok
814,684179.4661442837,2.4777249843107088,340.6835045467775,205905.4136846356,0.0008272815620782264,684179.3252236928,ok
815,684179.4661442837,2.9656176431333368,113.93289087734108,27187.39930172808,0.002095325294135421,684179.3467810496,ok
816,684179.4661442837,2.5832437548621767,126.66878394529701,15043.568505261686,0.004210064384025404,684179.1995024157,ok
817,684179.4661442837,2.7129599048291375,144.08980139260652,9286.370104104833,0.007758133682875445,684178.9072103129,ok
818,684179.4661442837,2.9944712284859194,104.90052107575544,19200.229683350357,0.002731751723957782,684179.3228631939,ok
819,684179.4661442837,3.7771647732222458,98.35835610156255,29802.01355085428,0.001650196486450881,684179.3849889768,ok
820,684179.4661442837,2.250243086105094,160.68939140442563,8387.987669838332,0.00957854241859673,684178.6965592077,ok
821,684179.4661442837,3.30168566366821,121.53166514361673,19584.78378358034,0.0031027063276927135,684179.2776057505,ok
822,684179.4661442837,2.6112064210173855,42.26620523090899,866.2343961415618,0.024396517512565826,684178.9505701757,ok
823,684177.144240055,0.6727372027533325,185.92104973160383,1948.4171288474663,0.047710792257708294,684172.709019765,ok
824,684174.9239162946,0.9574349723334501,225.02446452964523,996.4919149648508,0.11290832426752931,684162.22034869,ok
825,684158.2649327324,2.1708093270430058,271.0398922328577,27242.999687102914,0.004974486938770742,684157.5907905306,ok
826,684157.185725535,2.344952879607223,212.4343766987144,23608.235190365263,0.004499158344233431,684156.7078375857,ok
827,684154.921637416,1.330014229345065,96.91925059802445,1859.17035156409,0.02606518830199929,684153.6585281576,ok
828,684149.7694456038,0.7989887447971973,89.6185451073202,182.06116417559983,0.24612208076644565,684138.7408942053,ok
829,684170.7446233947,0.31633104765087705,12889.31827030813,5307692.27082822,0.0012142111498390298,684162.9194464158,ok
830,684170.7446233947,0.21412390584427707,20401.459901023543,10693054.051112562,0.0009539585137933941,684161.0135502116,ok
831,684170.7446233947,0.19615933583612846,21677.28466914426,11713240.83841223,0.0009253324920143404,684160.7152754732,ok
832,684170.7446233947,0.22021782359936617,21021.27060672283,10747231.735927671,0.0009779853604742399,684160.4653759387,ok
833,684145.823830592,3.1206986449699747,123.88281296042683,5688.888327703275,0.010888138931920375,684145.1494039526,ok
834,684145.1373035082,2.034184777183543,72.6100230977201,3496.0041431914105,0.010384716396736922,684144.7602862596,ok
835,684145.1373035082,2.327064672203001,144.97191372900272,13298.819177996806,0.005450555864721509,684144.742214751,ok
836,684145.1373035082,2.217000054927375,137.26658354764453,21834.74605352126,0.003143306160080294,684144.9215680595,ok
837,684145.1373035082,2.407389825408706,149.9088748755345,21821.281351240206,0.0034349237439948613,684144.8798407314,ok
838,684145.1373035082,1.5871467696897241,221.08008990475125,8941.763552925078,0.01236221963353249,684143.7707831942,ok
839,684141.0451999416,2.9916365826499165,102.2568787182744,7159.759804458412,0.007141083046850162,684140.68008751,ok
840,684139.7982133849,1.884235710714282,69.76035437460631,3306.5969761583333,0.010548663002718766,684139.4302741502,ok
841,684139.7982133849,1.5510324487418548,104.18176280611944,4117.953053996112,0.012649702587675225,684139.1392792276,ok
842,684136.8717661394,1.4566716887496483,103.73682366481405,772.4535426599828,0.06714761337464456,684133.3889260753,ok
843,684132.4606311423,0.6613267747210589,70.88041350961203,46.558369351152095,0.7611994846191716,684105.4835640257,ok
844,684077.9817372032,0.2694753741394434,17603.660723918852,11316163.42463098,0.0007778104673533782,684071.1355814157,ok
845,684077.9817372032,0.26995966174368063,15445.58028388866,8808350.260430304,0.0008767578392786412,684071.2107204052,ok
846,684077.9817372032,0.3541281589577914,8250.51757679486,3707509.7246136297,0.0011126764580037171,684073.3916588662,ok
847,684059.9517224368,1.5380929452974397,91.2671509492224,1571.4291012570768,0.029039538238222945,684058.626544477,ok
848,684059.9517224368,1.346147813481458,110.88228300776937,870.0115926084857,0.06372460088452382,684056.4187578219,ok
849,684057.1201559678,1.4913990001527642,163.9186300484172,9368.180065312325,0.0087486912562324,684056.403119225,ok
850,684057.1201559678,0.9308547213680872,67.35200077554676,247.8898138921781,0.13585068244240586,684052.5452483332,ok
851,684046.4087343531,2.661285867286436,57.401223253963906,1101.2717545061378,0.026061334552117576,684045.6607581117,ok
852,684039.7082606532,1.9536379347842954,53.80090447283743,1369.9461175261142,0.019636138890627524,684039.1800396368,ok
853,684039.7082606532,1.4514828476769632,126.5086687610146,2894.2084673257327,0.021855486601818533,684038.3258063956,ok
854,684039.7082606532,1.06907344248748,165.08648078522808,2590.1974226446214,0.03186754788302447,684037.0778099875,ok
855,684037.9822290323,0.8876694879253454,100.24648996051101,192.84462301339525,0.2599151804028981,684024.9544367709,ok
856,684031.3063298354,3.0157839120929104,7.160344582173839,134.0917050412215,0.02669943148225559,684031.2107412707,ok
857,684031.3063298354,1.6725209982794897,11.418539349248164,99.8427994608696,0.057182588082996005,684030.9798590194,ok
858,684031.3063298354,4.219626574298623,6.121399899585045,83.91897606604684,0.03647208406575,684031.1946997296,ok
859,684031.3063298354,2.5963735057643835,17.011587795202132,192.82984893630982,0.04411035918204999,684030.9311362115,ok
860,684031.3063298354,0.6424055510238253,46.012157039497005,72.26414471719549,0.3183609051180555,684023.9820938547,ok
861,684036.6955076787,0.8766768445559192,903.1892035088096,330446.7569641271,0.001366618349967433,684036.0783502092,ok
862,684036.6955076787,1.885389362095688,293.53076442699796,69092.38552794581,0.002124190402343783,684036.3837500624,ok
863,684036.6955076787,0.9407964636917915,586.7132959658209,134276.59554650186,0.0021847191373072674,684036.0546057958,ok
864,684030.6163004813,1.1069176217469865,46.57111005750726,90.946637903158,0.25603535837738833,684024.6543750545,ok
865,684030.6163004813,2.2574008755814794,27.728951313534758,529.2644319055573,0.026195744170546067,684030.2531102239,ok
866,684030.6163004813,1.989459959118806,49.170391934634225,806.5716505193919,0.030481105989139924,684029.8669165171,ok
867,684030.6163004813,1.875030519829936,23.49450219279146,478.0202762636801,0.02457479667644024,684030.327614174,ok
868,684029.2586884255,0.7446137926106242,38.58535469032783,56.33382753509308,0.342470557910264,684022.6515144515,ok
869,684037.1370038536,2.3576442537999927,249.52475515008769,62085.11163840575,0.0020095377826117337,684036.886289142,ok
870,684037.1370038536,1.4957355739713916,163.05812408023297,6252.081871756075,0.013040306207189307,684036.0738399198,ok
871,684037.1370038536,1.7493023290268646,186.9993972269286,10582.34804110062,0.008835439757823334,684036.3108928992,ok
872,684033.9237534214,0.8911897283559925,92.26593092883712,162.64790728573306,0.283637006059808,684020.8387372164,ok
873,684047.5104372337,0.3057806355239917,18180.642299117328,12545533.764797412,0.0007245862408075434,684040.9237156042,ok
874,684047.5104372337,0.26753559771294266,21212.133105056695,15818696.036646768,0.0006704766643190782,684040.39931711,ok
875,684025.4050219841,1.4698153562591376,68.37204567568864,368.18253769985455,0.09285074477299912,684022.2308243029,ok
876,684023.4759200651,1.903029610353751,118.2274688252313,12435.720078233897,0.004753543344553225,684023.1949203663,ok
877,684023.4759200651,1.6575963558177547,21.700700136540515,176.99263581437876,0.06130396340133369,684022.8107506016,ok
878,684023.4759200651,0.7019740075521077,39.734893171063106,7.0526211880738,1.000001910531432,683990.7935991159,ok
879,683998.9803410848,0.6194374957084833,8427.24729966434,11281948.542247053,0.0003734836791759495,683997.4066214213,ok
880,683998.9803410848,0.6071965018783207,6105.997039201841,3428919.456968677,0.000890367521872302,683996.2620503586,ok
881,683988.5227928675,1.356927102434558,1106.9494695308397,655380.2340349795,0.0008445093489589119,683988.0553782796,ok
882,683988.5227928675,2.0072499645828885,4275.593576132258,21003830.834314317,0.00010178128004028551,683988.305205174,ok
883,683988.5227928675,1.4515068152309711,1093.3094156650586,396011.6143930476,0.0013804006952431605,683987.7681903287,ok
884,683984.370292048,2.07024537147005,1286.03728862363,4145065.3632557997,0.00015512871039667924,683984.270541395,ok
885,683984.370292048,3.6421280340225133,337.38292533780105,329158.1607917451,0.000512493636077976,683984.283838747,ok
886,683984.370292048,2.3473115082895433,1482.944185422922,4211074.277272248,0.00017607670724624562,683984.2397360834,ok
887,683984.370292048,1.9315437029805265,499.83998468662634,76545.31487766455,0.0032649939809214668,683983.5543047772,ok
888,683978.8715693298,1.7128201924338724,2162.4527894961657,6714637.11677268,0.0001610252908600611,683978.6974645351,ok
889,683978.8715693298,1.7118851538436994,2203.0238141034138,7152823.559275724,0.0001539967955204592,683978.7019400259,ok
890,683978.8715693298,2.2335374045880956,764.9164991685276,1170742.857939495,0.0003266799767263919,683978.7466278777,ok
891,683978.8715693298,1.6661684395365717,1967.334054979664,5193573.829498625,0.0001894007979443305,683978.6852620099,ok
892,683978.8715693298,2.0000883793321913,3830.3454308507253,32387118.946535826,5.9133778419343237e-05,683978.7583179307,ok
893,683975.7233111797,1.1315549786314891,131.74211281105698,11135.45924666057,0.00591543239900794,683975.3336553985,ok
894,683971.7638262273,1.8931689876409257,254.76679830479452,124087.30462450016,0.001026562705490875,683971.6330591803,ok
895,683971.7638262273,1.5580415373459617,517.8862624476228,230961.65868607254,0.0011211520245261652,683971.4735116115,ok
896,683970.3120710099,2.186445087877543,313.0178492036166,130551.3199681892,0.001198830656326907,683970.1244433131,ok
897,683970.3120710099,2.0619608142980668,288.5290781637059,126608.29983465218,0.0011394556223427647,683970.1476879697,ok
898,683970.3120710099,1.4763591328702952,214.68349110634333,41495.50458081814,0.0025868282995356526,683970.0343963448,ok
899,683970.3120710099,1.4867995441262103,56.70131710105873,801.2756333637258,0.03538190526462703,683969.3089706948,ok
900,683970.3120710099,3.322021633709787,190.28403297137405,59148.43501308737,0.0016085297348042362,683970.1590322473,ok
901,683970.3120710099,2.20752099207847,302.7733527455776,139231.65212298385,0.0010873007255495924,683970.1474681669,ok
902,683970.3120710099,3.2923403639385334,157.825006801149,38236.48909954714,0.0020638009728123573,683970.1492113087,ok
903,683970.3120710099,3.751415309539893,148.3037740708963,73621.24532990712,0.001007207725204364,683970.2373846564,ok
904,683970.3120710099,1.2471578283009792,144.92653918421072,6821.132827624881,0.010623348265355078,683969.5422684605,ok
905,683970.3120710099,1.9634681338190727,362.848184422867,98912.34557045368,0.0018341905771732815,683969.9793046494,ok
906,683970.3120710099,1.5784569226574638,235.788679183765,57829.802657517386,0.002038643297645029,683970.0717265047,ok
907,683970.3120710099,2.111613270701597,263.2082122212629,102640.3010049637,0.001282187452901829,683970.1433298764,ok
908,683970.3120710099,1.627606776323751,220.84808690368226,65252.263748337595,0.001692263794520912,683970.1252043991,ok
909,683970.3120710099,3.477523658956922,147.9236645466587,33710.16465060887,0.002194051350383821,683970.1497949519,ok
910,683970.3120710099,1.4275892245527886,110.83728875918426,3117.6897448451764,0.017775548215219924,683969.3269742248,ok
911,683970.521016467,7.467609566112407,187.61050882180405,565704.627690152,0.00016582019983453464,683970.5054616609,ok
912,683970.521016467,2.477038698802179,142.408308754962,34280.69476814614,0.0020770919276596575,683970.3731188927,ok
913,683970.521016467,1.339061007979784,55.271116964999074,785.4897085681703,0.035182585056238364,683969.5487260801,ok
914,683970.521016467,2.7471005751930995,120.0308550115942,42946.33420632521,0.001397451694420939,683970.4371478062,ok
915,683970.521016467,1.4667415607428185,29.441891189744076,497.35504048290187,0.02959846467139226,683970.085299079,ok
916,683970.521016467,2.7533558035417656,111.88434075387507,40445.36204418466,0.0013831541504270215,683970.443639822,ok
917,683970.521016467,2.50451591255388,174.31728437776553,43567.86257654158,0.0020005260078058535,683970.3466533364,ok
918,683970.521016467,2.526638506928774,157.52600223002244,44081.147633760964,0.001786772925455508,683970.3802848691,ok
919,683970.521016467,1.4908919741355242,64.87468536362952,1227.4665207100134,0.026426254512466676,683969.6638189936,ok
920,683970.521016467,1.2719077483291235,86.52878706169263,925.1709383941316,0.04676367548460031,683968.4978144079,ok
921,683967.4922811633,1.5119587993008137,35.72933566585085,92.2668435807961,0.19361958358618517,683964.0333316165,ok
922,683958.9278442204,2.8121646644229465,13.768600154315662,553.3701350539584,0.012440678744772794,683958.8421988548,ok
923,683958.9278442204,1.5272089556450839,28.38020693377885,42.84799638128223,0.3311730924503216,683954.228463773,ok
924,683958.9278442204,0.932390192545809,38.7166892779039,23.41140601945008,0.8268766353831605,683942.9208813388,ok
925,683934.6905549907,0.5028233597046678,10808.852700015052,9763099.694039369,0.0005535564031274895,683931.6989001795,ok
926,683934.6905549907,0.6544649108916458,8379.010292027391,9852001.133431932,0.00042524407876862343,683932.9089927343,ok
927,683934.6905549907,0.5332272213830508,9611.806318378181,7518333.519459367,0.0006392245231938948,683931.6185038353,ok
928,683930.4379551057,0.694802120668745,2580.340633819599,1079114.4297897792,0.0011955824899507052,683928.8954500657,ok
929,683915.7046220393,1.9328147787028083,39.00437312212193,199.2344295590408,0.09788562450889907,683913.7956383285,ok
930,683912.0751334135,1.1613655071212525,98.78975030834623,2698.4573882040327,0.018304856459878376,683911.1709673139,ok
931,683912.0751334135,1.5323197231377668,210.81353113992506,39366.73213511401,0.002677559448119461,683911.7929005325,ok
932,683912.0751334135,1.2369141653032847,176.5700509969401,15081.214535645293,0.0058539731856345825,683911.5583152416,ok
933,683934.6787450591,0.3453847147695601,9577.069338381527,4694341.03262581,0.0010200653586755425,683929.7941267241,ok
934,683934.6787450591,0.4041528314404935,14072.926207442988,12540709.022619894,0.0005610897351202156,683930.73065784,ok
935,683934.6787450591,0.37393765538329915,15121.656543376159,12186030.47480474,0.0006204504647613092,683929.9876256438,ok
936,683934.6787450591,0.32226734888809694,8053.142887548442,3216065.239004062,0.0012520179612466919,683929.6374052892,ok
937,683917.5262442398,2.276524659838735,12.215002765997772,38.617482563812246,0.15815379402079713,683916.5603197241,ok
938,683915.3587863704,1.5578507769731142,23.288154707633907,109.49951241901907,0.10633907947698298,683914.1205659031,ok
939,683911.3327796031,1.7192333373262565,75.75696179148883,3024.377913249787,0.012524387488018263,683910.8583748308,ok
940,683911.3327796031,1.2765001726356535,110.04292470309548,2482.6871491803126,0.022162060318278,683910.1133906356,ok
941,683888.4495757682,1.858278176752861,1587.6836368165225,3184556.3158258945,0.00024927862461191343,683888.2516879715,ok
942,683888.4495757682,1.8544736763433645,1625.1176069700357,4236595.829960381,0.0001917952139165035,683888.2937308787,ok
943,683888.4495757682,1.7898935443428459,1833.7723736802027,4281484.124035313,0.00021415148585811713,683888.2532232289,ok
944,683888.4495757682,1.3788017805312367,171.47212627370575,7644.172513108417,0.01121587235110544,683887.4879710282,ok
945,683888.4495757682,1.5657773465292253,1665.2571637484004,4373765.982825411,0.0001903688000555371,683888.2910692642,ok
946,683888.4495757682,1.4755788469252669,173.64350375528426,6555.5265571741475,0.013244054633967935,683887.2997037428,ok
947,683882.5609105051,0.9670977106036472,271.40997068570056,20940.852302982166,0.006480394559849155,683881.6814886564,ok
948,683882.5609105051,1.2880579471707487,129.80473894836285,5730.530700707353,0.01132571708693056,683881.8258446302,ok
949,683876.8036956035,1.480640653390884,173.91520603172683,10268.16491514399,0.008468660538127323,683876.0672811823,ok
950,683873.7573603695,1.1281557565285834,211.82578961270258,11049.494577976098,0.009585315786068383,683872.7421518271,ok
951,683873.7573603695,1.1903804263040536,182.6588643537391,7377.347019410196,0.012379712102003188,683872.6267282928,ok
952,683873.7573603695,1.307478232475157,136.57096252994424,5136.417273005202,0.013294379649381526,683872.8495472571,ok
953,683866.9623247171,1.2104650091373432,165.376293215861,7557.155293463407,0.010941702717086145,683866.0575755986,ok
954,683866.9623247171,1.1753091584305098,88.67974897916301,2818.729193823343,0.015730448525081122,683866.2648386038,ok
955,683864.6730044335,1.5294545428221276,63.035368271929315,2187.232226868576,0.014409848094222716,683864.2188393928,ok
956,683864.6730044335,1.2219343411995338,103.77445841341856,4183.044304824952,0.012404178733383175,683864.0293859685,ok
957,683864.6730044335,1.1773189747263668,86.05653207821413,3081.1519723796246,0.013964993101549491,683864.0721149951,ok
958,683864.6730044335,1.1169210279739652,109.75333785228179,3228.8179835815645,0.01699590042089303,683863.7403260331,ok
959,683864.6730044335,1.4002811907469677,87.40081651901517,2684.7466934500003,0.016277292888049306,683863.961680089,ok
960,683864.6730044335,1.109703073106938,115.17124489174904,3325.7072731862163,0.017315300991811052,683863.675892048,ok
961,683864.6730044335,1.1424218760455513,93.93145364853328,2286.6600896804866,0.0205390066657564,683863.7083750572,ok
962,683864.6730044335,1.256995701001953,65.85765398710393,1664.5580434882415,0.01978232427662687,683864.0215957,ok
963,683861.1519410583,2.155117356457009,21.46151030742707,139.121352155154,0.07713233797315414,683860.3242528251,ok
964,683859.4285876773,2.1091251877810433,33.317865265103535,414.0215080871359,0.0402368773291983,683858.7582842485,ok
965,683859.8786514698,5.442424439774576,46.89672573454946,12657.286043749536,0.0018525585015797348,683859.8352120058,ok
966,683859.8786514698,3.0339869418727505,42.985265361887066,2332.420064790941,0.009214734946498566,683859.6806025564,ok
967,683859.8786514698,4.51485329231084,54.24762530105902,10754.857889520179,0.002522005676798359,683859.8102450604,ok
968,683859.8786514698,5.10744962630125,52.90707274016199,14144.399186536075,0.0018702481470730746,683859.8291767925,ok
969,683859.8786514698,4.495051163749416,61.547450617360425,12599.559646941678,0.002442444511634182,683859.8034883533,ok
970,683859.8786514698,3.751819047423117,65.42409141090475,8836.96442730135,0.003701728797774741,683859.7575603481,ok
971,683859.8786514698,4.630134574441546,62.94330566343464,16395.693321316376,0.0019195072885878136,683859.8182414029,ok
972,683859.8786514698,4.223892370495354,37.727850899286366,4771.079281578351,0.003953806746091775,683859.8040671541,ok
973,683859.8786514698,3.920653276067045,66.49140612235108,6318.099019073836,0.0052619787946990735,683859.7037132854,ok
974,683859.8786514698,3.5796689201404983,59.729503103256,5411.379629654115,0.005518879397773262,683859.7138315078,ok
975,683859.8786514698,4.550717292390823,62.50107145890203,15889.971479791302,0.001966682933899228,683859.8171915746,ok
976,683859.8786514698,3.440649407885317,52.059905823061044,5702.292109626923,0.004564822778472769,683859.7598293478,ok
977,683859.8786514698,4.35209932790724,58.93743667815054,14529.857663243854,0.002028149141035443,683859.818884514,ok
978,683859.8786514698,4.855620892154356,43.7884150462776,13682.498576715367,0.0016001615056184235,683859.8436172018,ok
979,683859.8786514698,4.63442072293851,58.50122770817309,10730.909925692236,0.0027258279173561907,683859.79891933,ok
980,683858.931442431,2.551708815879311,27.856855612799848,537.4806497598748,0.025914286984326965,683858.5704971557,ok
981,683858.931442431,1.3697814004663678,13.339254053603202,18.378199282398633,0.3629097129874584,683856.5109700011,ok
982,683855.3867306595,1.1019891391591394,41.02203467047115,697.0273999278645,0.029426414711040433,683854.7831649572,ok
983,683855.3867306595,1.7135640472455695,26.5029216448254,718.1784637711005,0.018451487326465187,683855.1422214981,ok
984,683855.3867306595,1.964746273320333,10.48995626874772,80.34842287465375,0.06527792266135955,683855.0443493825,ok
985,683855.3867306595,1.8193578043076521,10.884080592354643,25.412528772916566,0.21414792462437593,683854.2213290243,ok
986,683852.0821586566,0.6387810750366204,14.391523804973348,11.095561184398818,0.6485261793341691,683847.4155186826,ok
987,683838.272912814,1.181140944646085,793.7983353599714,409034.166184752,0.0009703325553022746,683837.8877886306,ok
988,683838.272912814,0.8241274984167354,663.5638460387423,161103.4993971812,0.002059433372092079,683837.5896300495,ok
989,683838.272912814,1.0174961136551381,1080.0841738926608,510822.0321342473,0.0010572020253120248,683837.701979226,ok
990,683838.272912814,1.0783814972777237,722.2368108944804,358008.03387810435,0.0010086879937733322,683837.9086570141,ok
991,683838.272912814,0.8794870432557537,636.8839494351257,151650.579247252,0.0020998401476487153,683837.6042355708,ok
992,683835.7840365875,1.166904042597324,19.446801251602665,92.21947626069417,0.10543760407307415,683834.758824522,ok
993,683835.7840365875,4.081796439362324,26.535888667427006,446.4566370167844,0.02971832700790312,683835.389735479,ok
994,683835.7840365875,1.461965749922653,9.3464176170099,39.197174471315094,0.1192231040001328,683835.2268821277,ok
995,683835.7840365875,4.741015987579402,2.0220455966109356,3.719700491798772,0.2718022057245146,683835.5092383609,ok
996,683834.1073262403,3.7015954353151956,75.69137148303732,5241.970037360711,0.007219744766143999,683833.8340900488,ok
997,683834.1073262403,3.6918548279147343,67.87460659001727,4060.0602498786225,0.008358817654497419,683833.8236505103,ok
998,683834.1073262403,2.047181537049389,27.32785746603247,675.7231662446019,0.020221193257225243,683833.8310252967,ok
999,683834.1073262403,3.4279953819646036,67.5473515289824,4573.7733777961985,0.0073842040203497186,683833.8579345279,ok
1000,683834.1073262403,1.2816399624488244,56.66907029044138,1498.696407709372,0.018906120678922278,683833.5716300994,ok
1001,683834.1073262403,2.9678070278795525,97.17752871751576,8728.383156589181,0.0055667542873707974,683833.836844528,ok
1002,683834.1073262403,3.0720273918547467,61.020718651887265,2867.2450164934203,0.01064100178060721,683833.7826654523,ok
1003,683834.1073262403,3.284686312287022,68.50855059552367,5159.111050526006,0.006639569290579505,683833.8798926059,ok
1004,683834.1073262403,2.63568266530721,83.02579981449891,4269.281395549582,0.00972362701379292,683833.7036702853,ok
1005,683834.1073262403,3.1819719753243505,59.4955506922594,2774.8932927584933,0.010720331273192036,683833.788420234,ok
1006,683834.1073262403,2.790647737145993,87.23116875214116,9464.944606022562,0.004608118292453387,683833.9063404681,ok
1007,683834.1073262403,2.967145903114831,65.68992856452762,4493.423825883035,0.007309562942420463,683833.8672439066,ok
1008,683834.1073262403,4.171276503528,64.44144500207524,6194.32511112694,0.005201651822110394,683833.9397252604,ok
1009,683834.1073262403,1.8117109802776357,33.8164897097281,905.9034987442602,0.01866450993764989,683833.7917421362,ok
1010,683834.1073262403,2.711406826832051,62.89526925149492,2775.9150804723413,0.011328745193601681,683833.7510640007,ok
1011,683834.1073262403,2.658099608981556,64.0377821952279,4351.273081302524,0.007358511060866196,683833.8717148759,ok
1012,683834.1073262403,4.590491931846933,59.71760628968532,6292.156974052069,0.004745400228884304,683833.9656342689,ok
1013,683834.1073262403,2.7796674422088654,82.11575172631575,5507.027441742929,0.00745554226803769,683833.8012175114,ok
1014,683829.557263467,3.202361139042802,235.0285084242499,103570.97320977267,0.0011346253739849637,683829.4239288124,ok
1015,683829.557263467,2.9972687075048534,195.6645538180281,79360.78748942011,0.0012327533534373819,683829.4366603995,ok
1016,683829.557263467,1.563833283978214,87.1620986664965,3320.1913719137287,0.013126065473788797,683828.98521576,ok
1017,683829.557263467,2.361394173123526,89.12885903800267,5764.333661101486,0.007731063491297914,683829.212733033,ok
1018,683829.557263467,3.022262613441998,187.77786321712313,57782.44753442285,0.0016248694130277007,683829.4047062137,ok
1019,683829.557263467,1.980648645204679,114.79262242506051,7516.648464807642,0.007635891379150599,683829.118991469,ok
1020,683829.557263467,3.3762991595127367,137.36421018946223,18902.69108892899,0.0036334564624482036,683829.3077100284,ok
1021,683829.557263467,1.449032763621853,92.71088747817511,1284.869465412503,0.03607794020087893,683827.8848545398,ok
1022,683829.557263467,3.4136902325996172,190.54886331387456,92866.16293493324,0.0010259326825389718,683829.4595183138,ok
1023,683829.557263467,3.1011008503408433,203.49474147987354,54865.15421096653,0.0018544989475232233,683829.368573075,ok
1024,683829.557263467,2.849686849767591,189.31006935714072,67342.29625474058,0.0014055807411216261,683829.4242181731,ok
1025,683829.557263467,2.847457507068962,203.91178370210687,71142.7903458999,0.0014331162912691313,683829.4111488174,ok
1026,683829.557263467,2.7979477306280027,190.93560144578717,89452.53594986355,0.0010672453241169315,683829.455375903,ok
1027,683829.557263467,3.3219644391109187,193.37149504134948,75817.5694920557,0.0012752419810925968,683829.4339657427,ok
1028,683825.4669207516,1.8106233870817672,248.05049232729033,101473.18803561639,0.0012222464728329336,683825.3153313319,ok
1029,683825.4669207516,1.2130302927939802,119.94829303749852,5641.64795305584,0.010630607761738096,683824.8293591241,ok
1030,683825.4669207516,1.8099587180957644,165.15182329775968,10044.334681151911,0.008221142989573283,683824.7880523744,ok
1031,683825.4669207516,1.8502794405211156,288.44541033605543,146990.8432936387,0.0009811679553393597,683825.3254140548,ok
1032,683825.4669207516,2.2554119296032464,313.91960576254365,168519.64248283027,0.000931403607133001,683825.320727825,ok
1033,683825.4669207516,2.1742657462413986,270.77181180781383,149430.49587680708,0.0009060125586113376,683825.3442594205,ok
1034,683825.4669207516,2.0452697252035845,283.500751255983,166398.03953471975,0.0008518752746387653,683825.3461671114,ok
1035,683825.4669207516,2.0507505627316434,104.6233771882904,12439.15886577484,0.004205404011526521,683825.2469289665,ok
1036,683825.4669207516,2.1229401890980055,297.2865193539371,126773.05449849782,0.0011725146188595612,683825.2926343567,ok
1037,683825.4669207516,2.20789419316083,261.1360953794159,130464.28879712448,0.0010007953049339412,683825.3362488624,ok
1038,683823.1421348712,2.3436548252940237,120.74472821107287,17045.719410469683,0.003541790325872372,683822.9283086162,ok
1039,683823.1421348712,2.0812821158130115,126.81188600815048,22778.37176215122,0.0027836029574963396,683822.9656379008,ok
1040,683823.1421348712,2.7219345272205246,108.84586115565286,18222.506219681014,0.002986577692537569,683822.9795965607,ok
1041,683823.1421348712,1.8568931001812774,110.388487873432,10645.358748364077,0.005184817650715432,683822.8559627811,ok
1042,683823.1421348712,2.3021640726427215,127.61534735072591,25972.645510475435,0.0024567260061986247,683822.9853768998,ok
1043,683823.1421348712,2.1370409770882874,116.24163099058997,14243.373182095307,0.0040805513379622745,683822.9049698998,ok
1044,683818.9475466234,2.2793980319171805,60.58056745961502,2195.831681146947,0.013794446992396979,683818.52970891,ok
1045,683818.9475466234,2.6907722130877754,24.2409790892199,710.0474521698985,0.017069971179489263,683818.7406502162,ok
1046,683818.9475466234,2.128593992058657,37.40984688998669,256.0029033165515,0.07306527856781538,683817.5808661813,ok
1047,683802.1868238515,1.9295404668763532,65.58433832040768,2979.3663799688834,0.011006423842557532,683801.825899339,ok
1048,683798.3574280865,1.540282548892186,98.99448268058663,6023.832900927002,0.008216901456990321,683797.950714132,ok
1049,683795.4597501646,1.6701010192511019,27.79592066806975,607.5565736054273,0.022875170704779162,683795.1418319496,ok
1050,683795.4597501646,2.8978186451888317,5.438978444227205,6.463803075713251,0.420725877669706,683794.3155906749,ok
1051,683793.4513635687,2.5788443495531133,4.3242777978289135,10.717619335116332,0.2017368625726609,683793.0151804507,ok
1052,683793.4513635687,4.822458062485805,11.17383069330238,529.9449612314044,0.010542444509084826,683793.3924638237,ok
1053,683793.4513635687,3.3972151275063487,5.1151246333282,5.087499611517966,0.5027149900658165,683792.165638654,ok
1054,683817.8261934184,0.28561979075105004,16447.324283293317,11122322.804834489,0.0007393835160108928,683811.7457531895,ok
1055,683797.8671914916,2.446420870079003,10.085814366254596,120.41371849079653,0.041879839326718724,683797.6559953492,ok
1056,683797.8671914916,2.976525155508007,15.21577298171522,517.399389420614,0.01470408865263052,683797.7553244542,ok
1057,683797.8671914916,2.414885409739206,22.377444986919606,338.76869902672354,0.033027615968077344,683797.4976546619,ok
1058,683796.2099114404,1.703592368037874,679.8801104447444,621163.0145247343,0.0005472638377905805,683796.0238745412,ok
1059,683796.2099114404,1.8230131306642583,426.34693443409697,176464.5143497245,0.001208024559513267,683795.9523926565,ok
1060,683791.1918549666,3.9383447857441203,1.5484471126885784,-0.020552684782748187,1.194185910981908,683789.3134114682,ok
1061,683789.9105969479,3.975280678885496,18.407375323011983,413.2433008950827,0.022271837538735306,683789.7056139115,ok
1062,683789.9105969479,3.847029237176538,18.471060477771378,490.7908490857151,0.018817649628330237,683789.7368059758,ok
1063,683789.9105969479,3.9011884075573646,18.108644020767073,860.357983169177,0.010523900733775297,683789.8153101619,ok
1064,683789.9105969479,3.915156083585103,16.418779283601253,792.1294055068549,0.010363697629111162,683789.825517316,ok
1065,683789.9105969479,5.628560091356939,18.828216254335846,2163.4394304999882,0.004351454445383871,683789.8696318852,ok
1066,683789.9105969479,2.8620820186035254,13.938685659859875,160.21215803789767,0.043500711277363616,683789.6074255777,ok
1067,683789.9105969479,5.653739688979391,22.97028233265422,2045.0808289789156,0.005615983976565613,683789.8460965791,ok
1068,683789.9105969479,3.4135371312643517,29.767553775212935,474.04170822835465,0.03139761044071818,683789.4432819193,ok
1069,683789.0720513116,2.660826731334018,13.031379935677553,46.51435620932837,0.1400791174775427,683788.1593392112,ok
1070,683789.0720513116,1.7563744611825534,9.964731636599796,16.446363318891777,0.3029463548684166,683787.5626617483,ok
1071,683779.0254119774,6.039786161459608,26.313169899875554,12037.506860900528,0.0010929659357181484,683779.0110322782,ok
1072,683779.0254119774,3.5031767694922085,8.35570345165458,158.76704456030268,0.026314350924637037,683778.915474521,ok
1073,683779.0254119774,5.339084893854202,27.23635822731693,14454.94133578427,0.0009421123750911159,683779.0125821223,ok
1074,683779.0254119774,5.436618732828301,25.944169069199376,16283.584052342785,0.0007966357094913231,683779.0150779516,ok
1075,683779.0254119774,1.762425119304212,104.4272242335133,18953.579097109614,0.0027548154282226902,683778.8815731131,ok
1076,683779.0254119774,4.612879150368155,176.90079780187492,357956.000899099,0.0002470985223847943,683779.0035560146,ok
1077,683779.0254119774,5.89449426897942,32.293498695598416,10766.737016745214,0.0014996882827811812,683779.0011968866,ok
1078,683779.0254119774,6.247290036349339,21.967783090913553,9679.89673168459,0.0011347116451670299,683779.0129484278,ok
1079,683779.0254119774,6.283402184559344,20.758135959268195,10399.719043866135,0.0009980142671023196,683779.0150535195,ok
1080,683779.0254119774,4.656178168561315,32.4172542982118,8627.625604926254,0.0018786892119948971,683778.9949610045,ok
1081,683779.0254119774,6.409464043670356,20.799837811187267,9936.207229150237,0.0010466688813698438,683779.014526706,ok
1082,683779.0254119774,4.257806070310827,6.419990872665338,452.6326836262185,0.007091833074483558,683779.0026472256,ok
1083,683779.0254119774,2.8802993415905855,91.24390068102069,18069.31366042364,0.0025248302839766374,683778.9102242956,ok
1084,683779.0254119774,4.718401679185397,1036.959030268954,18858388.385077402,2.7493309849570632e-05,683779.0111572595,ok
1085,683779.0254119774,4.593753250847191,6.5928324909212135,510.70666786983315,0.006454617597240348,683779.0041348711,ok
1086,683779.0254119774,4.058963250792115,10.065016492578518,686.2941311859128,0.0073328737892499685,683778.9885092296,ok
1087,683779.0254119774,5.871708977876268,28.84742052730102,12820.081754362927,0.001125087229552326,683779.0091840451,ok
1088,683779.0254119774,5.442174787879765,1020.4109544534724,18315331.095332403,2.785674332454521e-05,683779.0111993145,ok
1089,683779.0254119774,4.011978900008655,9.301231343517774,1059.4684185697042,0.00438957461142379,683779.004997753,ok
1090,683779.0254119774,4.178882904763127,7.914739079237199,511.3894464340492,0.007738465404817378,683778.9947880101,ok
1091,683779.0254119774,6.453279177021146,20.25511686384761,9995.29507566607,0.0010132325614458082,683779.0151504055,ok
1092,683779.0254119774,6.490250281508578,20.085712328947995,9989.814933416585,0.0010053095308983138,683779.0153157983,ok
1093,683779.0254119774,6.332153087451435,22.639844577843967,7547.794713276989,0.0014997655234329059,683779.0084347483,ok
1094,683779.0254119774,6.075175764885119,28.81452705101031,14863.79311817757,0.0009692857947468264,683779.0114472216,ok
1095,683779.0254119774,4.281043318045636,7.466852090813165,503.02838310920237,0.007421899381363723,683778.997702865,ok
1096,683779.0254119774,5.940341990022836,26.104383365965337,12469.063764100447,0.0010467659745682831,683779.0117493874,ok
1097,683779.0254119774,4.554454312605662,7.689428098538988,481.4083294050728,0.007986388715003777,683778.9947065966,ok
1098,683779.0254119774,6.41918167450204,21.09620708419195,11252.505112014825,0.0009374004665710635,683779.0155241803,ok
1099,683779.0254119774,1.6562178437574928,7.538963054643563,19.20557619137758,0.1962701607991384,683778.285575232,ok
final,683779.0254119774,,,,,,loss_plateau
