round,old_loss,beta,direction_gain,interaction,step,expected_loss,status,max_gain_sum,temp
0,447722986.40587693,0.00012285272226459412,278781432.134843,138447267.22437736,1.00027023803125,307388321.6945047,ok,557562864.2696859,-0.199177|-0.991192
1,308148889.6958183,0.0002616305487657196,194732037.98575813,53956770.220929444,1.000000043670268,167373618.13960266,ok,389464075.971516,-0.026253|-0.954360
2,167761388.83644187,0.0002572590240122807,136865714.09385425,50320763.98838649,1.0000035806510656,81216309.02544868,ok,273731428.1875872,0.038166|-0.856190
3,80333381.8483541,0.00030412791564659295,116495090.12091479,102670376.82733433,0.567325716145126,47288051.63323462,ok,232990180.24182427,0.050256|-0.703701
4,46569377.76925957,0.00042717833428093573,85484331.03936985,124856180.9157799,0.3423311942283105,31937401.203001715,ok,170968662.07864508,0.077889|-0.356218
5,32511205.84963078,0.00054954603726993,58854766.59595567,61879278.06531785,0.47556119298798544,18516684.341929726,ok,117709533.19191134,0.034431|-0.487164
6,18273016.628879674,0.0005678091745777692,60711020.64046253,248513906.67366794,0.12214813539627027,14565147.644261185,ok,121422041.28092496,0.042791|-0.279001
7,14652845.950103296,0.0006298912721189267,11852794.771100406,6385098.93742178,0.9281606195350836,9152197.28111992,ok,23705589.542200644,0.025696|-0.359439
8,9210956.248623827,0.0012432692937210128,7113339.209245463,6233063.232966473,0.5706134322224775,7181472.798248689,ok,14226678.418490881,-0.050047|-0.273430
9,7177057.706123031,0.0025661046846567805,4304869.7352694515,3129177.5971394586,0.6878596055405665,5696484.707120047,ok,8609739.470538903,-0.026047|-0.254556
10,5687333.8954245495,0.0016684974356447628,4660754.592764463,3345527.433155863,0.6965649939937775,4064074.647966825,ok,9321509.185528927,-0.027501|-0.230836
11,3996522.1687809536,0.002754138612506893,3513209.184467026,7027570.142636425,0.24995902660240327,3557442.9947809535,ok,7026418.368930308,-0.061460|-0.209341
12,3557521.6218877975,0.003932519189085516,2434989.6024112874,2264176.5961152893,0.5377207781824674,2902849.3699503904,ok,4869979.204820558,-0.045385|-0.206946
13,2860829.999794871,0.0023455592283427077,4538528.303600478,23279680.938233647,0.0974783184452192,2639625.946169367,ok,9077056.607194934,-0.059693|-0.190137
14,2627566.8098859177,0.006875577039777291,2039820.1578890458,9552824.673805267,0.10676528814992399,2518675.816420394,ok,4079640.3157780906,-0.055348|-0.190557
15,2510793.923200365,0.005003928320583957,1542307.7414573922,1873147.0270499068,0.4116889168829512,2193318.421409973,ok,3084615.482914784,-0.057146|-0.200688
16,2156131.4967654003,0.00438244756258204,2264814.0241333074,8545644.095863946,0.13251277485505553,2006073.1013311257,ok,4529628.04826417,-0.066403|-0.193931
17,2006726.4126859757,0.006474876497314564,1312543.1202312002,4494444.233369422,0.14601840095001078,1910898.688888927,ok,2625086.2404624005,-0.065387|-0.190279
18,1910627.071887295,0.005599475792168382,2209069.3932012212,16701657.684066063,0.06613323763990046,1837580.6163154915,ok,4418138.786399287,-0.064228|-0.173234
19,1833595.3742920014,0.008063340106217766,1191470.5149312383,3045621.880835417,0.1956038145162683,1717067.285489895,ok,2382941.0298614134,-0.065999|-0.176312
20,1713302.7327320518,0.007746364123183343,1076316.8852544834,1715581.8491156355,0.3136885849571425,1544488.5723815726,ok,2152633.770508967,-0.066794|-0.170881
21,1555554.2954456129,0.006783196334910544,1428325.8988843577,6837200.668345775,0.1044525360720423,1480958.1642076876,ok,2856651.797768715,-0.071857|-0.170005
22,1481830.168114482,0.00908037924252335,803246.1702200999,3068579.7358260322,0.13088240152962388,1429264.774225542,ok,1606492.340439554,-0.071727|-0.163055
23,1428225.3475364586,0.008765822830360903,994573.1841123372,6632573.813512741,0.07497641278307854,1390940.5827389648,ok,1989146.3682246744,-0.073366|-0.161931
24,1391397.1520832973,0.01305098725646537,795671.1034730488,3538263.311128089,0.11243808522822576,1346665.2844103277,ok,1591342.206945379,-0.072724|-0.160268
25,1357876.04896276,0.006320977135019948,1056046.9220198921,7402194.369297309,0.07133336881831588,1320210.356673814,ok,2112093.8440397843,-0.075868|-0.159308
26,1327550.764614738,0.01302329153114012,521294.27214263787,1272617.529549975,0.2048118386075425,1274167.145448181,ok,1042588.5442848646,-0.074555|-0.156926
27,1277869.3756331517,0.008831385793235181,1300365.652560593,18481664.075106323,0.03517988551453293,1254996.0182410956,ok,2600731.305121186,-0.070376|-0.138611
28,1250804.2106990404,0.012226057446860068,753919.7369404355,14566743.119275937,0.02587811601972941,1241049.199487986,ok,1507839.4738801892,-0.071241|-0.143896
29,1241293.7485051907,0.017983070991567228,628624.2448266672,4337452.090379194,0.07246469029836718,1218517.2178974862,ok,1257248.4896533343,-0.071369|-0.136800
30,1215411.6963956985,0.015975523033822606,565995.3150803958,2468247.8019703785,0.11465528595398063,1182964.5190461203,ok,1131990.6301607916,-0.074298|-0.137158
31,1174285.4362852247,0.012490993596417756,823865.0504781781,12192954.07764016,0.03378447278781312,1160368.5130958694,ok,1647730.100956356,-0.073889|-0.135922
32,1159212.6433608048,0.02300793443079262,530257.9887128597,10904016.088785514,0.024314802197431443,1152766.0843062242,ok,1060515.9774257191,-0.074395|-0.136071
33,1152460.0561672018,0.023261533379617134,397195.1717624803,1860887.103810899,0.10672199590965696,1131265.3254191165,ok,794390.3435246173,-0.075561|-0.135598
34,1124090.6880607153,0.013630530765147026,620777.4183339628,6727165.577849435,0.04613959706729972,1109769.4780855114,ok,1241554.8366679256,-0.075945|-0.133449
35,1110526.837990155,0.019548340385233082,464770.10352112364,3450877.550207912,0.06734085703694727,1094877.8294420235,ok,929540.2070422473,-0.076265|-0.133355
36,1101792.2368572748,0.011949631629455481,638076.7378628688,10873213.414938182,0.029341681870524407,1092431.1145315976,ok,1276153.4757257374,-0.075922|-0.132693
37,1092177.54890785,0.03487568068307667,288690.306392227,3043699.092599772,0.04742425213683698,1085332.0879679471,ok,577380.6127844539,-0.076057|-0.132722
38,1086524.796387931,0.014731098351482267,558578.3788327049,11955913.30322813,0.02335992093058617,1080000.6230063976,ok,1117156.7576654097,-0.077641|-0.133770
39,1077968.2690122249,0.023132942977038044,348274.75652269664,1070846.404636014,0.16261657835097132,1049650.6443963556,ok,696549.5130453932,-0.076665|-0.131615
40,1052777.5605449583,0.009812092941584815,1029705.0162800575,18875324.43945162,0.02727648522236403,1038734.1937149798,ok,2059410.0325584742,-0.075215|-0.124227
41,1037290.7384363216,0.027260974923476896,342831.89541561936,4693004.793639734,0.03652584117112425,1031029.6267561484,ok,685663.7908310286,-0.076574|-0.126268
42,1030887.1104505162,0.020115253001132007,498124.14857825503,13546438.427291857,0.018385797538292056,1026307.9055781693,ok,996248.2971558125,-0.075836|-0.123467
43,1027108.4019841598,0.046749430922566906,207825.95961979235,2136585.093754244,0.048635076652766604,1022054.5862458881,ok,415651.91923945484,-0.076476|-0.124640
44,1021520.429212123,0.02245933721200629,335572.27366919466,3332787.9574201177,0.05034407798463096,1013073.3908545822,ok,671144.5473383885,-0.076526|-0.119540
45,1010791.661164741,0.028159208917291262,181089.3823857258,1480500.7577100385,0.06115815255164929,1005254.1151280259,ok,362178.76477145153,-0.076269|-0.119212
46,1003771.507825957,0.043967953241704265,215691.45540258463,8609506.704300974,0.012526353878952994,1002420.5940764374,ok,431382.91080495995,-0.076182|-0.117631
47,1002508.6684823141,0.0590319529829113,231868.3418314798,10121528.850862896,0.011454215328927913,1001180.7335246644,ok,463736.68366279564,-0.076796|-0.118691
48,1001098.1090799792,0.026442962842093087,236408.98816089853,574221.252800413,0.20585182715543723,976765.4979955347,ok,472817.976321797,-0.077114|-0.120173
49,974903.7776399456,0.013980791651197904,548609.244734148,8524882.341121674,0.03217693938647158,966077.4944326114,ok,1097218.489468295,-0.076795|-0.112724
50,966078.2789924854,0.034192102061470185,341012.72793962015,3347465.9404536374,0.05093595185219528,957393.3750468263,ok,682025.4558789385,-0.076643|-0.112380
51,956856.4234050703,0.02115519143676668,351074.9651004979,3084621.9258451653,0.056907292618090584,946867.0605201403,ok,702149.9302009833,-0.078077|-0.112093
52,948347.9840168965,0.03172298573396097,333103.18830173917,8315221.101452502,0.020029725261517865,945012.0013441867,ok,666206.3766031197,-0.077515|-0.110792
53,943965.6806559206,0.03455958139994991,221541.50697120014,1242867.4200315487,0.08912515663399423,934093.2199010509,ok,443083.0139424003,-0.078241|-0.110460
54,933307.0103026306,0.02084891543043181,496428.0255685656,15304378.752769673,0.016218496470453782,929281.3522123715,ok,992856.0511371309,-0.077049|-0.107879
55,931636.3533123028,0.026191480820095096,263003.90163262363,2821004.0986190694,0.046615299453369924,925506.3504962982,ok,526007.8032652471,-0.078331|-0.108333
56,931498.6846440108,0.017963019201806738,537917.695366224,14519028.122939823,0.018524576535406078,926516.3358852303,ok,1075835.390732448,-0.077632|-0.107911
57,927046.6014637249,0.03703302681148423,169430.1461543009,1470314.7976043015,0.057616962853929865,922165.5762450707,ok,338860.2923086017,-0.078389|-0.107987
58,926758.8516079403,0.016813353580747717,532642.32409248,11132400.70608333,0.023923066468556787,920387.6327463249,ok,1065284.6481844375,-0.075773|-0.103208
59,921313.3168361561,0.03279492718514114,308612.8636547221,4840968.252104555,0.031875117495405614,916394.7811913621,ok,617225.7273091605,-0.075608|-0.103271
60,913818.3237500901,0.031279088089493055,275057.08739160135,8086921.081725816,0.017006292296653763,911479.4731368661,ok,550114.1747832027,-0.077317|-0.103464
61,910287.3396038732,0.03553215675727323,403201.3398064744,43177468.03668743,0.004669117460336935,909346.0423960125,ok,806402.6796123426,-0.076653|-0.102144
62,907742.9581814989,0.0740995508535379,208132.36842443986,16196140.761443138,0.006425369212643669,907074.2945253844,ok,416264.7368488794,-0.077193|-0.104579
63,907152.6095362351,0.045227372019490224,176534.21176797987,1529947.5852497933,0.05769289532201761,902060.2246360925,ok,353068.42353595974,-0.077631|-0.106760
64,902916.5055417815,0.02761236772725865,338693.26968933013,24857297.83660643,0.006812753178476,901762.7887169793,ok,677386.5393781804,-0.077767|-0.106358
65,901364.032550443,0.04784299430699659,181300.61025348058,1963580.0565202928,0.04616583104199167,897179.085880057,ok,362601.22050696117,-0.078069|-0.106690
66,894735.255551115,0.038676351428797974,168318.70661767034,5848962.506625025,0.014388766078344533,893524.3063030494,ok,336637.4132353406,-0.078829|-0.106369
67,893972.0058280249,0.056470789669795046,147939.71600130337,894451.4297325169,0.08269857427895459,887854.8040317544,ok,295879.43200260674,-0.078690|-0.106380
68,883332.5422214128,0.02600722349037572,366802.08986901067,10061482.5769282,0.018228033844143295,879989.5017672954,ok,733604.1797380212,-0.079954|-0.104355
69,876788.5370437637,0.04121934025081714,241244.67014230476,3947448.4874641565,0.030557038414614057,873102.675717334,ok,482489.3402844229,-0.079685|-0.103420
70,873270.0564633831,0.03780314386919699,230449.91058839316,6668050.492481947,0.01728015638515481,871278.951216427,ok,460899.82117659826,-0.079730|-0.102689
71,872717.5618934702,0.033634478136651144,221076.55934685687,4311443.02240167,0.025638348715055867,869883.5429328405,ok,442153.11869371374,-0.080040|-0.102751
72,871083.0085310168,0.0417624013579284,198813.62802024581,6202320.263630302,0.01602735908254095,869489.7798276251,ok,397627.2560403128,-0.079541|-0.102464
73,869883.152658859,0.04204576005559092,189510.54509527658,2012714.0443571163,0.04707835810720156,865422.2300053159,ok,379021.09019055305,-0.079927|-0.102459
74,864107.4022105772,0.028206099718751453,311446.77516086964,8539365.82072967,0.01823594290836092,861267.6394051637,ok,622893.5503214764,-0.079300|-0.099655
75,861400.7243063592,0.046207482547208224,193691.0039328145,2715998.4570477963,0.03565742156999427,857947.4634155852,ok,387382.00786549813,-0.079774|-0.099214
76,857932.6329383767,0.06662024813528192,164543.01813604278,6564986.028229907,0.012531863543082658,856901.6176132528,ok,329086.03627194575,-0.080049|-0.098560
77,856801.7408907342,0.04298859149794614,147052.07298740157,719151.0907827576,0.1022400402864878,849284.4359575126,ok,294104.1459748029,-0.080544|-0.099589
78,848349.9572571439,0.02033383894980784,602188.8284207616,20431439.407928962,0.01473681849813935,843912.783524122,ok,1204377.6568415232,-0.079414|-0.094135
79,843580.7633441137,0.047193729743947734,247538.43094685834,8320809.062093809,0.014874661171744814,841739.7382004538,ok,495076.8618937167,-0.079910|-0.094432
80,842421.9556874668,0.05320546765504873,140136.60500877732,2236835.818506072,0.031324740924072635,840227.0842645272,ok,280273.2100175539,-0.080043|-0.093946
81,839960.3855189962,0.05601769537581378,149790.236600016,5682335.269608217,0.013180341311534727,838973.2422972344,ok,299580.4732000319,-0.079879|-0.091441
82,839486.9020159836,0.0818044925095801,180908.40164049523,17466269.670455985,0.005178793327189375,839018.4584043595,ok,361816.8032808687,-0.079811|-0.091475
83,838967.2833588341,0.07432417161689087,68602.24778412316,9371353.084302006,0.0036602103862162167,838841.7340289055,ok,137204.4955681914,-0.079914|-0.092173
84,838806.5946309704,0.07160951222423599,101424.01909362926,325690.79619078874,0.1557059951952332,830910.4307161334,ok,202848.03818725853,-0.079909|-0.091486
85,833732.6927215976,0.0161195836043867,588521.6834639793,22093360.870673697,0.013318971407495807,829813.4409842236,ok,1177043.3669279586,-0.080819|-0.090648
86,830961.7205101976,0.025470290049698946,232142.98410441648,3599782.648067093,0.03224402787610884,827219.1080848445,ok,464285.96820883296,-0.080216|-0.083776
87,828025.1868655792,0.06970772588092508,160211.9169298596,3761885.658955011,0.02129409709044211,826319.4028085041,ok,320423.8338597141,-0.080008|-0.083686
88,827038.4768536045,0.03327409818357997,173231.460440842,3762689.6327096154,0.02301963187913712,825044.6146289877,ok,346462.920881546,-0.081145|-0.083960
89,823892.8127063693,0.038973033507095405,204701.05867334988,9589439.378025075,0.01067325474429912,822800.3994335451,ok,409402.1173466997,-0.080603|-0.083750
90,823072.2886677886,0.06099310523893697,127357.88263288251,1211621.380933586,0.05255679894603293,819725.5273519241,ok,254715.765265765,-0.080726|-0.083884
91,819532.934837692,0.05947386971219272,205658.6261775423,7745320.432091946,0.013276314903991365,818167.7404957643,ok,411317.2523550846,-0.080974|-0.082810
92,818492.3914624662,0.07861420592988135,75029.99697127343,1851386.5901367492,0.020263190133004982,817732.2179153124,ok,150059.99394254686,-0.081595|-0.082650
93,817853.9301212595,0.09831792810147476,147607.41842749694,30903190.14898982,0.0023882229911516436,817677.670406083,ok,295214.83685483946,-0.081572|-0.082229
94,818132.5169067815,0.06106628287409641,118678.93937787885,3045124.3931844407,0.019486714507214314,816976.1856019436,ok,237357.87875575767,-0.081968|-0.084933
95,816327.0484276236,0.08123732443674549,84571.64920459922,947653.3120462482,0.04462161854422553,814440.1864923917,ok,169143.2984091984,-0.081989|-0.084408
96,814113.613835174,0.03084001400727208,183401.59129242733,6483074.711422802,0.014144645824402143,812816.5385589425,ok,366803.18258468836,-0.081825|-0.080415
97,811929.6942462755,0.08903598656827469,81631.66226345347,936197.4713770355,0.04359745927500903,810150.2277107344,ok,163263.32452690642,-0.081812|-0.080347
98,810826.3804082562,0.05712395087708327,147436.567343234,5006916.754040157,0.014723289260228381,809741.0047939913,ok,294873.13468646636,-0.081947|-0.079600
99,810356.6992473572,0.03356374810770106,222440.23528691026,16069638.69520518,0.006921133682777866,809586.9299449326,ok,444880.4705736177,-0.082714|-0.079512
100,809746.4562276525,0.09938716953424345,98922.6483230911,9084528.592593858,0.005444566953300008,809477.1607366562,ok,197845.2966460646,-0.082381|-0.079577
101,809527.5984022844,0.10700230570506367,74139.67909372633,1140708.1232151703,0.03249721711666178,808322.9317780501,ok,148279.35818745213,-0.082600|-0.079970
102,808384.8146774017,0.04579419985426571,153081.37122858225,9889666.541679213,0.007739460707973975,807792.4310485284,ok,306162.74245716445,-0.083164|-0.079862
103,807587.0890792958,0.08906925315076528,127104.52523646347,4477246.457875303,0.01419449726883937,806684.9966611328,ok,254209.05047292693,-0.082802|-0.079364
104,806792.6905487508,0.06597016623131013,118653.15609867532,4814403.086765401,0.012322727652868123,806061.6252848721,ok,237306.31219735063,-0.083315|-0.078686
105,806876.2609692805,0.048358865145619,229847.1544733698,45197178.936532795,0.0025427157167942707,806584.0429832106,ok,459694.3089463269,-0.082994|-0.078474
106,807041.8211021571,0.07356247870702705,80524.07021112213,5779389.681955694,0.006966485618934204,806761.3362136051,ok,161048.1404222442,-0.083276|-0.082750
107,806720.7878500479,0.08653215286925237,78527.61033941359,2054983.4598679421,0.01910662831915444,805970.5889182746,ok,157055.2206788269,-0.083090|-0.082781
108,805048.2191174647,0.05853075516149275,132871.42762399837,6545210.07442147,0.010150279831602108,804373.8780314607,ok,265742.85524785303,-0.082827|-0.080185
109,803881.8782150557,0.058643380589160216,116435.73207595047,4217162.660078858,0.013804984709052365,803078.1814646077,ok,232871.4641519009,-0.083236|-0.080453
110,804106.0315408376,0.04079379057167124,182505.96897958292,7383573.049997521,0.012358919438038485,802978.2432570477,ok,365011.93795916566,-0.082623|-0.080402
111,803170.1327718577,0.07004008427664912,85589.2276706747,627066.4318293195,0.06824574185942961,800249.5826030772,ok,171178.4553412892,-0.082760|-0.080472
112,800218.2179952228,0.03774077579109625,212641.31705187543,9012671.2866353,0.011796797546982367,798963.9747115304,ok,425282.6341034781,-0.082868|-0.079491
113,798883.7420254276,0.06467831090390094,96539.1836711048,2453145.068572082,0.019676615318819684,797933.9598352831,ok,193078.3673421463,-0.083524|-0.079113
114,798323.2657268547,0.04800930470546034,187383.650539711,11566422.21081982,0.008100329000804709,797564.3311174829,ok,374767.3010792407,-0.083231|-0.077881
115,797199.9996498736,0.07894164272020668,118570.25271222251,2938019.939414002,0.020178599049241266,796003.70885555,ok,237140.505424445,-0.083241|-0.077915
116,795103.2498909385,0.1012359848512494,80402.59284725809,2288746.4597679656,0.017564766185462356,794397.123518905,ok,160805.18569445974,-0.083402|-0.077857
117,794338.0111158023,0.10920749956990591,117629.03553965526,7115565.117742894,0.008265614437730561,793851.872988576,ok,235258.07107930773,-0.083520|-0.077811
118,794159.7477795943,0.051923215360805276,103251.22212313337,2609662.328644388,0.01978248698879907,793138.4648004799,ok,206502.44424619572,-0.083855|-0.077393
119,792996.5310568955,0.07446912539692098,130834.26215572882,8860214.484879104,0.007383244636967387,792513.540374699,ok,261668.52431145764,-0.083952|-0.077328
120,792570.6410812753,0.13386760013620774,72288.5689960508,1172752.5450688556,0.030820043537746717,791456.6726594054,ok,144577.1379921016,-0.084047|-0.077099
121,791543.325544796,0.07353575000038523,194280.2733812803,72574714.01620324,0.001338484594909356,791413.3049682882,ok,388560.5467625605,-0.084296|-0.077410
122,791421.7140978505,0.10022500860434067,81573.64293908956,1666341.8307314035,0.024476863460627593,790423.3806377475,ok,163147.2858781785,-0.084635|-0.079019
123,790541.1679087791,0.05411129567426138,127000.13402890146,9476038.456612408,0.006701119598152347,790115.6463652246,ok,254000.26805780258,-0.085228|-0.079013
124,790231.8237624079,0.09270426724994528,90154.31204629791,3967769.201043524,0.011360831172159323,789719.7098031078,ok,180308.6240925958,-0.084980|-0.079100
125,789978.9375473844,0.0778568050218041,97152.27326508892,2574953.6548298043,0.018864858612670905,789062.5555978618,ok,194304.54653017785,-0.084982|-0.078348
126,787500.906415706,0.11562952991469237,68745.79775923562,1714988.914359353,0.02004263618955115,786811.9829086816,ok,137491.5955184324,-0.085285|-0.078117
127,786931.7114372033,0.09803308820274953,75405.48724182021,659709.3536172475,0.057150536693443055,784776.979404453,ok,150810.9744836404,-0.085021|-0.077518
128,783764.4620146628,0.05137537943700309,141659.38888411366,8392448.412359647,0.008439693753463554,783166.6810849204,ok,283318.77776822733,-0.086093|-0.077248
129,783285.129596521,0.06135334375040487,109979.61150205806,3180333.60588654,0.017290577834113804,782334.3240801,ok,219959.2230041161,-0.085569|-0.076107
130,782680.1412631875,0.09327480650731819,101644.70262121577,4108638.9648817093,0.012369631828205937,782051.4874888316,ok,203289.40524233272,-0.085190|-0.076102
131,783255.7820518841,0.02932342824387065,369190.35260210856,61014220.32194087,0.003025445139297689,782697.2994730063,ok,738380.7052042171,-0.084734|-0.076149
132,782942.6228764221,0.04169105356301962,181569.3061659511,15028903.92804618,0.006040670265617829,782394.2227219694,ok,363138.6123316109,-0.084912|-0.077228
133,782421.3813515761,0.10855038941102187,78567.33653218004,1563919.5773130904,0.025118726586684056,781434.6256290781,ok,157134.67306435804,-0.085054|-0.077622
134,781404.049474012,0.11667509620688202,99248.60913727627,6638368.893326275,0.007475376160328592,781033.0891306667,ok,198497.21827455255,-0.084779|-0.077129
135,781299.9923003679,0.10512329989236013,51998.58903255521,770375.6584498882,0.03374885256446459,780422.545942958,ok,103997.1780651104,-0.085112|-0.077228
136,781418.8904495547,0.05715975294733969,177860.3373905412,9727045.467569724,0.009142567390248825,780605.840389232,ok,355720.6747810781,-0.084610|-0.076619
137,780895.2785934623,0.10356005536967963,95054.85047703415,5680266.127327913,0.008367112415712594,780497.6112836623,ok,190109.70095406828,-0.084558|-0.076680
138,780482.820374458,0.1789656006863452,55538.163676635406,2342103.4778875136,0.011856470946093439,780153.5770624422,ok,111076.32735324847,-0.084784|-0.076729
139,779494.3083013576,0.1363290052315068,71946.18166206167,3545647.860995705,0.010145703194825646,779129.3359987853,ok,143892.36332405757,-0.084587|-0.076292
140,779167.0568567172,0.13719515934460227,96855.95639725345,20566156.21683116,0.002354741337566701,779053.0214945582,ok,193711.91279441517,-0.084343|-0.074892
141,779079.4456383039,0.07378287267250337,54826.56647643908,466757.64967326535,0.05873129933148196,777469.4278947812,ok,109653.13295287816,-0.084311|-0.075359
142,778190.5279128595,0.05885126645620352,155790.71660246424,7603882.870855094,0.010244155469542682,777392.555752066,ok,311581.4332049285,-0.083801|-0.075268
143,777116.6294393397,0.10085434452801889,81430.7084270114,1164658.7830226915,0.034959041057360425,775693.2596997248,ok,162861.41685395778,-0.083739|-0.075313
144,775153.9953578584,0.053583665899982494,96330.45650483374,6303139.268227073,0.007641466609378065,774785.9423744344,ok,192660.913009667,-0.084077|-0.075682
145,775295.0708401075,0.08822118822585821,113097.07575081388,12602466.847028598,0.004487100705108374,775041.331855934,ok,226194.15150162773,-0.083725|-0.076111
146,775223.501775223,0.08388104195124246,77509.12914815119,3659575.8743080967,0.010589906017839509,774813.0945786212,ok,155018.25829630235,-0.084117|-0.076594
147,774548.764434552,0.09018167427656636,70786.44269789052,819313.0307288922,0.04319865548514235,773019.8248589896,ok,141572.88539578105,-0.084073|-0.076337
148,773322.5392851837,0.05555980498819394,151900.4534312451,10582244.131802708,0.007177138021922036,772777.4340252494,ok,303800.9068624892,-0.084957|-0.075992
149,772314.0122578066,0.10085239214823187,83928.68579925745,18961907.33833663,0.00221308659254897,772221.1415331702,ok,167857.3715985149,-0.084445|-0.075993
150,772239.1939042254,0.19714644419427127,45739.2369697817,1453457.923834241,0.015734627132900067,771879.348984694,ok,91478.47393953364,-0.084513|-0.076167
151,771341.6479561367,0.19990800386161253,34367.65056523395,1345153.908268674,0.012774616478447435,771122.1311785186,ok,68735.30113045045,-0.084683|-0.075948
152,771113.5906577143,0.1772825781629448,22894.263500998102,300299.9281764953,0.038118995965164625,770677.2374887044,ok,45788.52700198627,-0.084637|-0.075939
153,770796.1829487503,0.056120566723278,127977.22389095933,21952560.043560054,0.00291485875991266,770609.6651826864,ok,255954.4477817598,-0.084430|-0.074146
154,770779.3394946295,0.22703578660217577,40708.77754906897,1663223.967849876,0.012237912132090972,770530.2442733044,ok,81417.55509810851,-0.084572|-0.074809
155,770612.997127409,0.17581241440226805,26963.167238484963,450369.0167819344,0.02993452728070362,770209.4322947717,ok,53926.33447696992,-0.084343|-0.075008
156,770420.965593231,0.036095918600777994,108073.44705702896,5710173.8212517435,0.009463236185105996,769909.6033158115,ok,216146.89411405785,-0.084434|-0.074985
157,769923.1192932386,0.16728827560453863,64212.958399608055,4616205.245699277,0.006955167175401543,769699.8133629905,ok,128425.91679917328,-0.084324|-0.075012
158,770051.7253364794,0.0636029174562183,57815.00333089716,1005461.0753024061,0.028750493057878204,769220.6204105263,ok,115630.00666179335,-0.084819|-0.075853
159,768823.0831434025,0.14200813591757322,33273.02380133774,492316.22478976357,0.03379232912296004,768260.896657797,ok,66546.04760267548,-0.084628|-0.075374
160,768877.6799957288,0.05627243907184661,74634.64230973754,2030454.2766932666,0.0183788039864865,768191.8322649227,ok,149269.28461947507,-0.084584|-0.074774
161,768269.010930012,0.09002591163029228,77864.98064857235,17200398.793317687,0.0022634643994074925,768180.8886241827,ok,155729.96129704252,-0.084741|-0.074393
162,768173.1656717366,0.10909203608299685,60134.82874610685,12227624.291539311,0.002458974340081584,768099.2306713206,ok,120269.65749215803,-0.084865|-0.074915
163,768025.1828670593,0.19707861256573966,28374.21520721635,1662053.8274235846,0.008535889373450782,767904.0832860257,ok,56748.43041443269,-0.084863|-0.074231
164,767986.5953879902,0.18336831450424132,46489.512869780076,5795292.257495768,0.0040109722516279865,767893.361314934,ok,92979.02573950705,-0.084782|-0.074268
165,767906.5658374134,0.16238182695460834,17604.331290640883,61449.68647391082,0.14324183165779866,766645.7275078224,ok,35208.66258127537,-0.084838|-0.074457
166,767878.7572359161,0.04468387973122642,241253.25751671498,28672231.263422027,0.004207089000158989,767371.2702729406,ok,482506.51503305556,-0.084790|-0.074270
167,767397.3475434445,0.16976533185577936,61460.346642803874,6177912.060383466,0.004974200509985003,767244.4894996372,ok,122920.69328560773,-0.085313|-0.075326
168,767247.0335953995,0.1210155409035331,54577.6352641434,612931.2215331851,0.0445218267129736,766032.0855855824,ok,109155.2705282868,-0.085227|-0.074608
169,766525.8106633611,0.05807716596714241,194063.39101869857,25284215.771243542,0.0038376391179079476,766153.4380329974,ok,388126.78203709715,-0.085356|-0.074294
170,766185.549935874,0.12246009563891444,71540.81033706231,3749443.290964106,0.00954019100775182,765844.2934381415,ok,143081.620674124,-0.085428|-0.074430
171,766462.195021556,0.044560260573913504,100839.65985893631,6235630.184082904,0.008085763337628653,766054.5122092229,ok,201679.31971787178,-0.085056|-0.073767
172,766197.8784350072,0.17439741431272196,68138.95312794995,7866052.28574015,0.004331203928778517,766050.316584262,ok,136277.90625589978,-0.084946|-0.073762
173,766071.7806841118,0.12271367544151063,42200.76593374491,310901.3038875724,0.06786842867182938,764639.7308477763,ok,84401.53186748982,-0.085051|-0.074453
174,763062.0671491807,0.05904555860736321,153572.61456249448,6422579.244077471,0.011955680788532909,762144.0345703958,ok,307145.22912498895,-0.084780|-0.074317
175,762357.410612078,0.10411020495246395,86432.81049486849,4942497.376169189,0.00874383979560759,761979.5332880524,ok,172865.62098964848,-0.084875|-0.074476
176,761651.5813380129,0.11450962365964354,64975.048192623,2354605.1843743343,0.01379744014491503,761203.3366688376,ok,129950.09638524569,-0.084939|-0.074486
177,760495.8828724388,0.12373414489262267,73317.67913628461,14857138.215701202,0.0024674226648440816,760405.4300208215,ok,146635.35827256922,-0.084692|-0.073910
178,760424.9738417252,0.1928248593352152,31554.14988216629,379473.44201531255,0.041576229570359516,759769.022552026,ok,63108.29976433258,-0.084893|-0.074110
179,760367.5854558671,0.058544003769769606,172251.57796155586,11792177.482245952,0.007303637441892904,759738.5539187544,ok,344503.15592311154,-0.084958|-0.071879
180,759773.8732905189,0.1548803857166398,57104.21708107986,1739181.5182923502,0.016416980194554037,759305.1338900961,ok,114208.43416215971,-0.084699|-0.072227
181,759482.4462158859,0.15922400151467828,28038.24362280619,500213.66402728506,0.028026267212561382,759089.5425619141,ok,56076.48724561237,-0.084542|-0.072042
182,759312.1180735255,0.07297143404381992,61092.07900573539,2409997.263535612,0.012674719579579441,758924.95558856,ok,122184.15801147073,-0.084560|-0.071990
183,759197.5729509376,0.0797830598026551,102972.33068448189,16202880.831718707,0.0031775932858465385,759033.970857632,ok,205944.66136896375,-0.084844|-0.071996
184,759072.464679538,0.11655593900731573,47802.421502265686,1725432.463450445,0.013852301528705584,758741.3779013122,ok,95604.84300453136,-0.084657|-0.071814
185,758231.3902802903,0.15115125115366726,29254.9095350067,645841.4971965932,0.022648675922802734,757900.0977976857,ok,58509.81907001339,-0.084665|-0.071847
186,757865.7712872642,0.12995208862519145,52732.971250386894,5560693.009580289,0.004741582673196977,757740.7524158707,ok,105465.94250073115,-0.084738|-0.071806
187,757722.3944017829,0.17458350328530664,49058.782102042744,5297626.416727245,0.004630260634002026,757608.8169280232,ok,98117.56420408537,-0.084692|-0.071499
188,757498.8147283259,0.22693479976559175,44885.90546029781,2445840.842684987,0.009175966129305272,757292.8789542326,ok,89771.81092056351,-0.084729|-0.071407
189,757360.5786739052,0.0952429670000349,60150.098596334836,8293482.71672372,0.0036263473772630405,757251.5160977617,ok,120300.19719266964,-0.084907|-0.071441
190,757065.1615830162,0.1504612532096225,39066.983557937725,1984751.7367336706,0.009841780922744202,756872.9172362713,ok,78133.96711587477,-0.084738|-0.070936
191,756247.4188480461,0.18030199920047593,30414.028797033232,191177.07587898648,0.07954413116006927,755037.7901001775,ok,60828.05759406646,-0.084980|-0.070724
192,754422.2050954917,0.03760713044405345,201070.7959175869,11300345.86168434,0.008896665570181799,753527.7752818873,ok,402141.5918349549,-0.085368|-0.070657
193,753798.457124517,0.049558717430308825,193255.3827457778,20296689.93662985,0.004760761073582887,753338.4357727987,ok,386510.7654915556,-0.085150|-0.070681
194,753507.0158154903,0.07073433765242881,129503.83332471675,9666821.22925741,0.006698367035730577,753073.2837114187,ok,259007.66664931015,-0.084903|-0.069304
195,753146.0836962684,0.11391083002779535,113776.00380755933,78045736.84851591,0.0007289059492666117,753104.6176932389,ok,227552.0076149736,-0.084699|-0.069130
196,753109.7463149726,0.15195856478147865,55651.148635867736,2717789.493266219,0.010238311093216166,752824.8594287582,ok,111302.29727168553,-0.084714|-0.069476
197,752796.1693947036,0.15184442193601902,52016.243628118194,1686478.9650027105,0.015421551263770015,752395.0838108737,ok,104032.4872562363,-0.084664|-0.069262
198,752654.8663943564,0.08919140246970372,79908.23628167028,10212902.690412212,0.0039121216907651276,752498.5610221422,ok,159816.47256334056,-0.084978|-0.069304
199,752357.7079954562,0.24163998258271002,52121.3814725809,28930882.47562644,0.0009007914210099171,752334.2327488153,ok,104242.76294508636,-0.084969|-0.069337
200,752357.7079954562,0.2707308758428538,29375.83987765543,2086085.578708178,0.007040899994104416,752254.2918200456,ok,58751.67975531082,-0.084969|-0.069337
201,752111.4744597451,0.17059084298478186,42846.0446021918,3277243.701069369,0.006536902426299741,751971.4342532863,ok,85692.08920438359,-0.084800|-0.069533
202,751914.9020583039,0.09968811209340296,32050.826841492893,453025.95532447944,0.03537416175033119,751348.0164918425,ok,64101.65368296318,-0.084899|-0.069569
203,751828.0441970766,0.12657112930487557,57699.98501520795,2387758.5091077453,0.012082458254283264,751479.4653669671,ok,115399.9700304158,-0.084902|-0.069070
204,751489.9073305754,0.060026067256641315,64077.671738647674,4901919.850496652,0.0065359770960101956,751280.5022331506,ok,128155.34347721461,-0.085470|-0.069121
205,751306.5455523833,0.07112738576775454,62988.59028195493,5814027.695569847,0.0054169496242639815,751135.942542153,ok,125977.18056385117,-0.085476|-0.069323
206,751179.3227899941,0.1323372653019709,29926.67976390272,1199599.6174232936,0.012473611748970206,750992.6758978387,ok,59853.359527786466,-0.085407|-0.069346
207,750887.7833770165,0.1946329334275118,20379.981451709624,445864.88179982,0.02285443671796025,750654.896878816,ok,40759.962903418855,-0.085323|-0.069324
208,750679.0997421802,0.23999910826926474,10968.998949778777,196251.83721079005,0.027946232518570518,750525.828644607,ok,21937.997899557333,-0.085263|-0.069141
209,750555.1241848434,0.20876417303562247,45295.304867112136,11549306.111746844,0.001960953516551185,750510.7131911621,ok,90590.60973415426,-0.085242|-0.068939
210,750474.7432349114,0.3493181278686955,21384.582568101225,1846182.241049971,0.00579156870124026,750412.8180953661,ok,42769.16513620245,-0.085241|-0.069154
211,750419.082215723,0.19520671754733498,21482.438822900127,480898.46766666905,0.022335732246282086,750179.1692149503,ok,42964.877645800254,-0.085460|-0.069316
212,750475.2781371638,0.10948144459551516,98621.83620505956,19433344.261194076,0.002537438612714613,750350.154709542,ok,197243.67241011906,-0.085540|-0.068964
213,750375.7257789811,0.1879407205002781,40595.390180918985,10714881.335742027,0.0018943462325384528,750337.2749167574,ok,81190.78036183797,-0.085542|-0.069154
214,750345.5502570098,0.16161309459266787,39248.84261012068,5377830.45640795,0.0036491335054411904,750273.9381237007,ok,78497.68522024136,-0.085556|-0.069156
215,750324.609102365,0.21190370005028825,30238.948637314425,1014081.6962464786,0.014909522945360739,750099.1849530891,ok,60477.897274628674,-0.085522|-0.069152
216,750115.0822245112,0.28482398383308644,28883.17772264676,2635003.9463925557,0.005480670676449875,750035.9326319175,ok,57766.355445272646,-0.085492|-0.069148
217,749993.0100639937,0.0897152898836482,35527.84702266158,3000167.484847525,0.0059209772791179996,749887.8302764951,ok,71055.69404532317,-0.085643|-0.069156
218,749923.0598511224,0.2104765388515462,17924.24121242251,91111.61280302884,0.0983641967307303,749041.5080566885,ok,35848.48242483903,-0.085513|-0.067717
219,748928.5033354962,0.10013401999312378,95257.16900983707,10557048.308859803,0.004511543673144619,748713.6248964122,ok,190514.33801967412,-0.085564|-0.067596
220,748713.6706457298,0.13388025438619872,93831.47909601136,12191699.864271902,0.0038481704824028266,748533.130881641,ok,187662.9581920227,-0.085539|-0.066903
221,748572.2845343078,0.19303533182521482,43884.715213498406,2778035.1818014397,0.007898516818826067,748398.9724537062,ok,87769.4304269962,-0.085488|-0.067346
222,748439.03531469,0.2610206928391017,49406.77922966149,8583761.527731862,0.002877921239426402,748367.9409050316,ok,98813.55845926225,-0.085351|-0.067363
223,748407.9035815884,0.2134313510666541,27490.26541656393,2123000.278812563,0.006474390439538658,748318.9122257917,ok,54980.53083312786,-0.085534|-0.067795
224,748411.9263784296,0.25241154579464214,35669.59402342625,4895610.961113175,0.0036430176240266053,748346.953898595,ok,71339.1880468525,-0.085340|-0.067736
225,748377.0209841742,0.20526851692576564,33088.1003421691,1988883.8074981978,0.008318258768417039,748239.4032937735,ok,66176.20068433818,-0.085238|-0.067762
226,748064.9718404808,0.16545086795204655,27841.429593062952,430389.29214434384,0.032344472900740176,747614.7136579854,ok,55682.859186125905,-0.085045|-0.067504
227,747551.0034238715,0.2495384393683342,47329.75108393524,5238968.826766413,0.004517086534483927,747444.1071332205,ok,94659.50216786936,-0.084635|-0.066177
228,747486.7231108177,0.13509093763558083,23920.229381984704,266138.3598246301,0.04493946193578927,746949.2419919141,ok,47840.45876395676,-0.084652|-0.065836
229,746929.8854645771,0.13341256234838308,68126.58546723773,10663569.156115776,0.0031943613095136037,746821.0750001941,ok,136253.1709343799,-0.084616|-0.065590
230,746806.5920976688,0.25147781362235,17596.773826660312,301963.43325443246,0.029137259496969263,746550.2312150203,ok,35193.547653309746,-0.084599|-0.065613
231,746359.7787623431,0.13272239704098765,69938.88364230358,10354875.160257155,0.0033770993160175725,746241.6834842874,ok,139877.76728460717,-0.084524|-0.065550
232,746267.1203709377,0.19646714060575304,49877.56762131965,6880605.516694722,0.003624504231517086,746176.7296434871,ok,99755.1352426393,-0.084331|-0.065030
233,746231.9999430869,0.1407002751944663,16692.420336865394,98573.21761923737,0.08467016061778494,745525.3249875759,ok,33384.84067372319,-0.084427|-0.065063
234,746232.4945760487,0.054512907938051525,209696.76957051392,19076541.59041566,0.005496194595247514,745656.2274502716,ok,419393.5391407289,-0.083613|-0.062018
235,745646.5264588812,0.13700588516519202,61885.275875749496,8083530.612887451,0.0038278617870937935,745528.0823175269,ok,123770.55175143998,-0.083840|-0.062137
236,745567.5731184433,0.19296179911251987,65132.11861039931,56899555.55295808,0.0005723429469477924,745548.93416409,ok,130264.23722069946,-0.083890|-0.062137
237,745570.873259781,0.15817942628517156,32986.26868738372,1663317.353141269,0.009915807294707557,745407.3305179433,ok,65972.53737474319,-0.084058|-0.063240
238,745315.0509683618,0.17883072227679658,35964.082445826636,1741976.4504795575,0.0103227808952084,745129.4262967691,ok,71928.16489165266,-0.084106|-0.063244
239,745095.3051485938,0.14237473243283114,40804.86393935414,4780844.813973358,0.004267536965442854,745008.2370159783,ok,81609.72787870828,-0.083888|-0.061628
240,744765.134738972,0.24307596539606577,26753.451217571397,2562396.0518394727,0.005220397369556872,744695.3029157906,ok,53506.90243511781,-0.083913|-0.061629
241,744764.083235828,0.20400797219162287,19575.834082403653,3325690.931058451,0.0029431228710380115,744735.2761933241,ok,39151.66816480707,-0.084126|-0.061690
242,744724.6652130315,0.2125415355178419,18914.79156826431,1330232.0656680868,0.007109583378883847,744657.4270691571,ok,37829.583136528614,-0.084135|-0.061695
243,744780.247546114,0.0828903940651061,53851.22489694071,6502252.422491872,0.004140966960207859,744668.7494745816,ok,107702.44979381334,-0.083903|-0.059735
244,744679.5982942428,0.4689235859936205,15041.084570004556,860859.5282342614,0.008736085317459308,744613.8981952074,ok,30082.169140009108,-0.083920|-0.059691
245,744576.9800121066,0.1907720420660959,25768.04317300984,10209741.545190683,0.001261934156655901,744560.7212251915,ok,51536.08634599468,-0.083617|-0.059858
246,744552.1631739079,0.15948740314029117,30043.877144087823,9461303.605206722,0.001587723975349134,744528.3124818808,ok,60087.75428817564,-0.083601|-0.059851
247,744526.1402166557,0.36227145362983837,15657.94055259557,550083.6950168757,0.014232325639205873,744414.7157622637,ok,31315.881105190805,-0.083641|-0.059518
248,744399.2680244814,0.22184086213253013,14889.146717690666,1057289.0915805446,0.007041189981177635,744346.849369133,ok,29778.293435381325,-0.083673|-0.059674
249,744338.4720759762,0.317042346194768,16874.013601701463,2143911.7575703235,0.003935333052332488,744305.26964425,ok,33748.027203402926,-0.083631|-0.059431
250,744323.2239941371,0.34475265349296386,14642.696463647757,515948.3791702059,0.01419007894471676,744219.3334847458,ok,29285.392927284898,-0.083555|-0.059269
251,743846.0405732244,0.35192606095316253,14285.512271410016,4008443.8613961744,0.001781927446831481,743833.3127000203,ok,28571.024542820032,-0.083574|-0.059272
252,743846.0405732244,0.3660036535735141,14944.481674229855,3273589.873965171,0.002282583073872994,743828.9845627658,ok,29888.963348459707,-0.083574|-0.059272
253,743862.7153358158,0.2440716857172507,15116.994572648584,670943.36753729,0.011265477314527894,743777.5652561048,ok,30233.989145289306,-0.083545|-0.058572
254,743826.2094039121,0.18715163517435748,38886.7098374826,6915764.228457976,0.0028114542769883625,743771.5453005667,ok,77773.41967491596,-0.083406|-0.058560
255,743739.9472049288,0.3052939777170452,13539.6243334564,921926.000275741,0.007343118823748762,743690.2356697741,ok,27079.2486669128,-0.083506|-0.058739
256,743703.7556025347,0.17128972950466498,5981.048464083517,15908.936002176957,0.18797763921060082,743141.6039173934,ok,11962.096928165112,-0.083555|-0.058954
257,742260.9841720231,0.21990605735157348,40321.176048286135,7073576.342477772,0.0028501265905728677,742203.5239440139,ok,80642.35209657227,-0.083839|-0.059093
258,742231.6928789833,0.23325284471733967,28432.75271694412,1899401.5301389534,0.007484660896020254,742125.2881227699,ok,56865.50543388824,-0.083604|-0.058916
259,742142.6925778596,0.3404293209105869,24591.213035725057,4383300.554943264,0.0028051023113156515,742108.2021435974,ok,49182.42607143097,-0.083642|-0.058942
260,742135.7713553014,0.24600233161741888,15248.807199204206,645358.6561652331,0.01181421141060825,742045.6950392959,ok,30497.614398408412,-0.083694|-0.058943
261,742084.4406775062,0.11772735309049355,64561.72344372059,16917389.97522265,0.0019081466921989215,742022.8440579902,ok,129123.44688735533,-0.083554|-0.058700
262,741922.0211427085,0.2943165734146753,27791.45485392036,9058535.871415427,0.0015339926478415463,741900.7051989991,ok,55582.90970784042,-0.083500|-0.058683
263,741898.8548658798,0.3789868012939314,18547.164102023467,9453739.91847148,0.0009809432172861305,741889.7580084668,ok,37094.32820402031,-0.083491|-0.058684
264,741880.590885099,0.5072792280963975,8082.222658454447,474205.7967534903,0.008521851392145556,741846.1531348922,ok,16164.445316899828,-0.083540|-0.058681
265,741583.6235393903,0.42703344704424256,13929.511176745269,1399578.5684121624,0.004976323405890838,741548.9646631395,ok,27859.022353490534,-0.083527|-0.058709
266,741560.5971653172,0.39124506170217943,5124.598195635525,59671.15471115624,0.042940330386110497,741450.5711955088,ok,10249.19639127105,-0.083502|-0.058716
267,741215.1372691011,0.12317284940969857,69907.13384923953,14913493.263261005,0.0023437544985336835,741133.2146893817,ok,139814.2676983836,-0.083543|-0.058682
268,741192.9649165089,0.3015244618817293,21294.34338769516,4238495.847523544,0.0025120165447533654,741166.2190450592,ok,42588.68677539032,-0.083657|-0.058890
269,741171.2232226274,0.3448419577040829,16220.184003927367,1187488.0250509898,0.0068296200305813124,741115.834375841,ok,32440.368007854733,-0.083677|-0.058927
270,740967.7993907933,0.3865316579747144,7167.406835334208,187629.2864880296,0.019099914969275,740899.3509602407,ok,14334.813670668414,-0.083757|-0.059096
271,740927.1088048214,0.39933618762202583,4791.510609515234,167942.26575486496,0.014265350619090457,740892.9325154014,ok,9583.02121902845,-0.083830|-0.059090
272,741036.6932746876,0.10488081271818245,22778.87635118661,1205093.9552311935,0.009451079001892659,740929.0507947028,ok,45557.7527023732,-0.083673|-0.058372
273,740952.5429413666,0.12113788134746171,10253.41801324913,451055.99390435003,0.01136601458778469,740894.2726920099,ok,20506.83602648525,-0.083727|-0.058524
274,740885.2592440154,0.39035699242393324,6422.887997217357,59079.46528594798,0.054358041039557596,740710.6914393428,ok,12845.775994431504,-0.083784|-0.058495
275,740420.4974194396,0.3546151553403959,6575.4629824943495,216557.17056717735,0.015181817728022544,740370.5836792007,ok,13150.925964984088,-0.083734|-0.058488
276,740247.7347101129,0.3662155732042854,9445.683100991007,1362951.282638026,0.0034651580072284954,740231.3693178974,ok,18891.366201982015,-0.083800|-0.058487
277,740220.7890126734,0.27600947187884245,11717.56415096356,1740031.2734610152,0.003367055618390323,740201.0621675692,ok,23435.128301920748,-0.083816|-0.058484
278,740221.6391998332,0.2891449938997027,15590.363166508696,2547020.43597822,0.003060510026987866,740197.7819684354,ok,31180.72633301737,-0.083836|-0.058482
279,740213.3959464283,0.3683260016678046,11485.259284279467,648836.0450104327,0.008850663717437889,740162.5698626119,ok,22970.518568552867,-0.083670|-0.058468
280,740205.4953324001,0.3953815473272206,12737.874078649063,2048180.599737873,0.00310955832710242,740185.6907511947,ok,25475.7481572978,-0.083839|-0.058467
281,740188.4458438987,0.2711859463236596,28973.102598372785,16242868.826768,0.0008918714701009453,740175.5257020948,ok,57946.20519674557,-0.083705|-0.058083
282,740171.6252623845,0.39364988489423,12110.017720416783,1134603.2703731898,0.005336674957949662,740139.3116482302,ok,24220.035440827683,-0.083744|-0.058101
283,740120.2215877912,0.610683462566254,8129.66206345069,544241.4789120592,0.007468800503502522,740089.8621757348,ok,16259.324126894504,-0.083787|-0.058084
284,740107.1353310333,0.38589328004403206,3158.210796320606,25059.718986565415,0.06301369137486601,740007.6300708252,ok,6316.421592641211,-0.083827|-0.058084
285,739892.4851283898,0.4758154818033451,11144.293975542598,4274999.810001901,0.0013034262538993704,739885.2222457153,ok,22288.58795107465,-0.084193|-0.058066
286,739892.4851283898,0.5098762698119426,8403.259674168516,2193298.183690525,0.0019156674036972206,739884.4362030685,ok,16806.519348337024,-0.084193|-0.058066
287,739754.4596829868,0.4527369396757074,6863.465189824006,379159.75978358474,0.009050888197816017,739723.3994549455,ok,13726.930379648013,-0.084259|-0.057712
288,739715.0976391963,0.22476081358676764,4591.3372709683235,10642.247207460823,0.21571277106537864,739219.8925963882,ok,9182.674541936645,-0.084265|-0.057551
289,739093.8878938174,0.043450217718505484,163886.06825909423,15784697.234951545,0.005191295905765193,738668.4973562347,ok,327772.1365181873,-0.084043|-0.058078
290,738620.7815470869,0.1190177892143938,83028.24571704965,25765296.023697957,0.001611241835542727,738553.8922555714,ok,166056.49143397858,-0.083662|-0.056969
291,738569.4621546445,0.12705990418248028,73159.21066693153,18027315.389655646,0.0020291210611678603,738495.2377070532,ok,146318.42133386296,-0.083701|-0.056981
292,738490.4277676418,0.23929073249514501,43928.54655216997,13007438.93498796,0.0016885932262195407,738453.339044569,ok,87857.0931042974,-0.083802|-0.057412
293,738462.9227890447,0.2319693443032478,39978.037080816284,16014624.394510334,0.0012481727980620135,738437.9730398426,ok,79956.07416158298,-0.083816|-0.057427
294,738457.3603812911,0.28195942436550253,23240.189557431553,2604721.2017063927,0.004461166427755598,738405.5212045771,ok,46480.379114863106,-0.083972|-0.057810
295,738336.0980411957,0.43616973148788546,6397.475587092392,203700.79535283803,0.015703118821924766,738285.8678815434,ok,12794.951174184784,-0.083939|-0.057636
296,738383.2884424626,0.21374781167184806,24099.319714807483,2302293.367860034,0.005233763874585548,738320.2233679998,ok,48198.63942958516,-0.083803|-0.057616
297,738324.9203345869,0.23056925855608768,17365.768723411948,8874131.241440615,0.0009784489462087791,738316.4245755331,ok,34731.537446823895,-0.083947|-0.057617
298,738324.9203345869,0.22088071765796286,21434.979433725894,11102056.185582658,0.0009653607888222438,738314.5740902596,ok,42869.958867431225,-0.083947|-0.057617
299,738319.5950971779,0.3908038305077468,9151.787824002758,1068377.2276683326,0.004283032054125662,738299.9963968765,ok,18303.575648005517,-0.083917|-0.056909
300,738281.1559580571,0.4939661013672457,10195.996228069305,1375456.7267470043,0.003706403854733815,738262.2607181959,ok,20391.992456138607,-0.083841|-0.056895
301,738259.593373522,0.4459501064338546,10872.33357649845,1596028.253389409,0.0034060592453201855,738241.0774673738,ok,21744.6671529969,-0.083969|-0.056892
302,738259.593373522,0.5073517379028745,8794.78380901903,1336717.866340755,0.0032896933715319517,738245.1273025218,ok,17589.56761803806,-0.083969|-0.056892
303,738234.6733617671,0.36955523438811433,5650.242631914938,189196.01458414228,0.01493224538670732,738192.4879570301,ok,11300.485263827062,-0.084030|-0.056903
304,738174.3373590328,0.17114252878239236,22354.329856481214,2117753.1190194865,0.005277841325251171,738115.3460560754,ok,44708.65971294439,-0.083880|-0.055951
305,738114.8786683041,0.6490027633223366,13034.684517328764,2862098.718276864,0.0022771200088402854,738100.0378978425,ok,26069.369034657462,-0.083946|-0.055933
306,738114.8786683041,0.6629154477026864,12711.013748180045,2674428.386245886,0.002376398226542642,738099.7754530397,ok,25422.02749636009,-0.083946|-0.055933
307,738081.9143438115,0.6779985657144029,10391.453151602756,1157327.9762646311,0.004489415863402009,738058.5885665002,ok,20782.90630319894,-0.083915|-0.055940
308,738032.1230972331,0.4880917907269602,5400.242224838851,305207.58587955975,0.00884683486695819,738008.2355716308,ok,10800.484449673653,-0.084034|-0.055844
309,738007.0953068072,0.35258627585193697,8603.103367364767,452379.84192658565,0.00950871653644651,737966.1930711803,ok,17206.20673472953,-0.083952|-0.055842
310,738007.0953068072,0.1577280403436122,11057.633786249755,914405.8871008917,0.006046348750721518,737973.6661516925,ok,22115.2675724995,-0.083952|-0.055842
311,737897.9354674316,0.5320114017543549,6054.86519984814,157648.11458706929,0.019203734899423834,737839.7974543568,ok,12109.730399696276,-0.083899|-0.055882
312,737844.7108399482,0.26539907467907375,25212.133409761853,13041112.977958016,0.000966640403022932,737832.525306548,ok,50424.266819523706,-0.084026|-0.055882
313,737801.7759050328,0.7710147572246482,15429.562790062519,12781003.448665794,0.0006036131220852306,737797.1191617487,ok,30859.125580124884,-0.084130|-0.055912
314,737791.6112495586,0.39071653104648657,15281.506201212696,9620086.86650639,0.0007942499071613006,737785.5425821178,ok,30563.012402410324,-0.084148|-0.055912
315,737791.6112495586,0.4764394926863281,11029.850196501222,1631566.8414110038,0.0033801404626985555,737772.9700280853,ok,22059.70039300244,-0.084148|-0.055912
316,737780.4184845937,0.47822874481811006,5203.874117921527,383815.67464263394,0.006779131835570277,737762.7796102433,ok,10407.748235843053,-0.084102|-0.055909
317,737762.0953636735,0.6039850715298842,3168.849367619003,67632.13120602381,0.023427099746168887,737724.9768885657,ok,6337.698735235721,-0.084094|-0.055896
318,737687.2932280516,0.303185888235476,25365.155544688678,12355769.094974095,0.0010264498854630731,737674.2751975498,ok,50730.311089377356,-0.084092|-0.055890
319,737658.7455561585,0.593835280761257,3341.7062352265048,63037.37604392837,0.02650575297501117,737614.4583361655,ok,6683.4124704530095,-0.084128|-0.055904
320,737611.4757108826,0.2987056179706438,12566.453473829768,486494.2309598044,0.012915316024444333,737530.3258519222,ok,25132.906947653148,-0.084041|-0.055691
321,737436.9321515354,0.45862556277613814,8240.625664569932,498055.6044263242,0.00827279684369955,737402.8456405414,ok,16481.251329139865,-0.084129|-0.055691
322,737185.3543287361,0.3196409860008327,5587.6387686398575,58952.48462507046,0.047391037071435216,737052.9523307229,ok,11175.277537279715,-0.084173|-0.055693
323,736883.6924733248,0.32773295688835413,6718.9453860151725,43611.088452902084,0.0770325348938644,736624.9037758758,ok,13437.890772030343,-0.084267|-0.055138
324,736608.6516368394,0.21104656615994308,21034.958777698692,1194319.6259290806,0.00880625182782844,736516.0320647472,ok,42069.917555397384,-0.084398|-0.055099
325,736468.0610338405,0.20725446373327597,40893.565661745524,9327610.002375187,0.0021920709405374135,736423.2402353694,ok,81787.13132349102,-0.084039|-0.054495
326,736448.9299008051,0.3329371773995734,13259.943022361453,573842.9061375359,0.01155363504588081,736372.3296296003,ok,26519.88604471335,-0.084022|-0.054524
327,736409.6091917426,0.35371948579867724,6899.261668075727,154077.71101790023,0.022388902400277074,736332.3757436823,ok,13798.523336151453,-0.084124|-0.054538
328,736491.0821645038,0.09816166820792933,76021.51637361456,11018270.834699543,0.003449793416504251,736359.9529011546,ok,152043.03274722907,-0.084100|-0.054512
329,736374.7415449955,0.15007470580017096,57256.39275939965,16250041.257271605,0.0017617306889537413,736324.3063728639,ok,114512.78551870094,-0.084143|-0.054521
330,736332.0473914872,0.2408785061482796,25995.345128921595,5940958.820579285,0.002187807213784632,736303.6109896883,ok,51990.69025781427,-0.084200|-0.054707
331,736332.0473914872,0.2924156217431839,31006.604926901597,7897905.36026013,0.0019629638184142754,736301.6149696856,ok,62013.20985377761,-0.084200|-0.054707
332,736294.0272805335,0.3940052556944094,19584.645087927816,7638473.018492838,0.00128197383433267,736281.4737792548,ok,39169.29017585563,-0.084146|-0.054704
333,736294.0272805335,0.43019332477827954,26233.700137287116,15468225.923830995,0.000847986713746868,736282.9043659491,ok,52467.40027455663,-0.084146|-0.054704
334,736263.1710229979,0.5238798897475287,6716.422459899359,242395.95118034098,0.01385423813226646,736216.6455649197,ok,13432.844919795418,-0.084222|-0.055260
335,736203.0201863159,0.6376259745030103,8265.53609840723,2105831.3027304052,0.0019625351963593186,736194.909483561,ok,16531.07219681446,-0.084109|-0.055074
336,736186.1928791619,0.515320288875086,6689.786572479683,96041.05381189127,0.034827744526744205,736069.6977903194,ok,13379.573144959364,-0.084117|-0.055074
337,736050.0130814927,0.2132994896747659,62782.089260029265,69010112.34643185,0.00045487601110444646,736035.734048327,ok,125564.17851996051,-0.084084|-0.055034
338,736050.0130814927,0.17480694690266704,34604.77131841828,8163470.936496878,0.0021194888539205073,736013.3408679417,ok,69209.54263679929,-0.084084|-0.055034
339,736025.477589725,0.25182840528504763,10454.905216827303,470862.1889534951,0.011101873820091217,735967.4430704659,ok,20909.810433646784,-0.084042|-0.055026
340,735296.7290413582,0.17812754395321717,48652.15052123657,10528559.742625186,0.002310484610932438,735240.5240188241,ok,97304.30104247204,-0.084064|-0.055008
341,735243.520111489,0.28704742931883925,26183.19459258057,3882664.3706291704,0.0033718076162655396,735199.3777640163,ok,52366.38918516114,-0.084006|-0.055009
342,735133.0384902918,0.42140589994826955,8229.975448438141,168974.02409624844,0.024352782898010128,735032.8270876158,ok,16459.950896876282,-0.083827|-0.055029
343,735174.3177555166,0.14216642965343654,49269.4908349275,7110268.222722117,0.00346467174596017,735088.9664490998,ok,98538.9816698109,-0.083040|-0.055062
344,735168.7778698418,0.13334678765450186,30204.1241100546,3221382.374922494,0.004688068753524069,735097.9783646079,ok,60408.248220080095,-0.083221|-0.055124
345,735014.8476516316,0.28511734343734313,13638.503114433252,1234944.9488536129,0.005521907323518242,734977.1923765169,ok,27277.006228866485,-0.083326|-0.055110
346,734944.426863435,0.3021353307678173,16888.905859331673,1270172.0677777391,0.006648274784092865,734888.2858199573,ok,33777.81171866334,-0.083230|-0.055096
347,734841.6369836621,0.5476927351871405,9491.400838420488,644307.5828345275,0.007365582131335936,734806.6821374538,ok,18982.801676833536,-0.083201|-0.054907
348,734809.999232929,0.6738234909671433,5435.270901516823,274923.3769891093,0.009885064997095778,734783.1352298597,ok,10870.541803030752,-0.083246|-0.054917
349,734660.7358366572,0.39283807137397636,5653.964399025962,269375.50356452825,0.010494577874026263,734631.067851816,ok,11307.928798051922,-0.083244|-0.054916
350,734641.9643430159,0.428137919875787,4804.931655287302,24957.187890115587,0.09626348281791633,734410.6946150959,ok,9609.863310574605,-0.083204|-0.054914
351,734371.1963780563,0.15113871043234206,54516.28126392978,15393039.76921613,0.0017708094723744726,734322.9274044259,ok,109032.56252780552,-0.083061|-0.053717
352,734325.5022245479,0.1718194328511281,45687.03436199549,16743487.994429389,0.0013643224869631617,734294.3363003765,ok,91374.06872395784,-0.083118|-0.053904
353,734284.1769871392,0.35934656051638336,28202.3042486562,7548129.281634783,0.0018681651569796716,734257.8337060673,ok,56404.608497312394,-0.083088|-0.053194
354,734225.4426946401,0.39553500267660713,24476.45532378766,12628063.612411145,0.0009691293960434143,734213.5822684575,ok,48952.91064754835,-0.083216|-0.053192
355,734223.6810913951,0.3069162695032993,32457.822631981322,19727193.55877822,0.000822667008747887,734210.3301014676,ok,64915.645263961196,-0.083243|-0.053384
356,734215.3155854522,0.4068970789636499,15211.446299879128,3944174.5104438635,0.001928343467004365,734200.6491389043,ok,30422.892599746316,-0.083405|-0.053419
357,734215.3155854522,0.5571063983098833,13161.518465252044,3268626.5877572927,0.0020133101949529474,734202.0664757986,ok,26323.03693050389,-0.083405|-0.053419
358,734175.4868847427,0.7074406982655094,9402.801601001445,2787199.3798972564,0.0016867830964694133,734167.5566413428,ok,18805.60320200289,-0.083415|-0.053403
359,734175.4868847427,0.7279106113767825,9146.095944244778,3214858.426994735,0.0014224725834652994,734168.9818493796,ok,18292.191888489557,-0.083415|-0.053403
360,734175.4868847427,0.7533138817891777,9293.244242510893,2880362.3104876284,0.0016132075136300477,734167.9909190238,ok,18586.488485021782,-0.083415|-0.053403
361,734152.486585554,0.9804635033619997,4656.958406155529,3717743.7058290234,0.0006263151490047468,734151.028223755,ok,9313.916812305246,-0.083383|-0.053428
362,734152.486585554,0.49987267517016926,3833.0331683675986,35971.41543405449,0.053278876048047145,734050.3767360211,ok,7666.066336735157,-0.083383|-0.053428
363,734222.3688414904,0.14038809571083538,44091.162051685715,4804905.71134277,0.004588140194676587,734121.2206250706,ok,88182.32410333226,-0.083264|-0.052858
364,734186.5353244724,0.14818646057940738,29874.531658817905,3102158.9764402355,0.004815119387127491,734114.6106061866,ok,59749.06331761326,-0.083165|-0.052875
365,734113.0853796956,0.34665666326406885,15751.064464658042,1465153.474089228,0.005375226808389221,734070.7526077101,ok,31502.128929315662,-0.083045|-0.052877
366,734054.0057950323,0.2665093213634562,28360.050208809644,5900754.556927386,0.0024030867523133484,734019.9299645564,ok,56720.100417619265,-0.082819|-0.052875
367,734011.6234475326,0.4352073474830865,10807.528604266734,1066693.187604406,0.0050659030777811705,733984.2485013229,ok,21615.057208533464,-0.082822|-0.052882
368,733979.551274701,0.44823268575230163,8594.92985254575,361065.76488818886,0.01190216670806126,733928.4021307265,ok,17189.8597050915,-0.082851|-0.052873
369,733857.4597615751,0.1643495087068297,22581.533277644314,11419224.760230226,0.0009887507143343521,733846.2960079955,ok,45163.06655527503,-0.082822|-0.051790
370,733836.1345241665,0.9064552770622089,6788.84039817164,5145458.060189062,0.0006596925209339083,733833.8952505481,ok,13577.68079634328,-0.082792|-0.051077
371,733836.1345241665,0.566542239325602,6754.513579108184,353065.0188860857,0.00956553781569548,733803.8292466328,ok,13509.027158211242,-0.082792|-0.051077
372,733828.7962803993,0.4590240780169872,7361.217288032686,698819.7854512971,0.005266892438712808,733809.4109105623,ok,14722.434576065372,-0.082793|-0.051078
373,733813.6430371836,1.0525675075923397,8677.726988429553,7872299.994547301,0.0005511557609872671,733811.2516475725,ok,17355.453976852168,-0.082787|-0.051078
374,733813.6430371836,0.5662432283283795,7093.187078629951,308147.8943776931,0.01150938755066734,733772.8239176548,ok,14186.374157259903,-0.082787|-0.051078
375,733940.0621315025,0.0658169546728954,57957.595071053845,6734513.04064176,0.004303027904266321,733815.365557075,ok,115915.19014210769,-0.082838|-0.051133
376,733809.8486322039,0.24246221959067019,17839.66294843262,8060495.985799594,0.0011066107457817274,733799.977850844,ok,35679.32589686524,-0.082801|-0.051105
377,733787.3783463506,0.47590179638059144,6511.658452109808,133743.83176491852,0.024343771096506896,733708.1191849422,ok,13023.316904215673,-0.082832|-0.051287
378,733497.114968771,0.26967229815690047,25062.738209087973,5118626.492791003,0.002448189787278478,733466.4357989087,ok,50125.47641814411,-0.082747|-0.051294
379,733473.6099901738,0.43721806933608004,11620.47141828933,1099792.1176502588,0.005283030870923516,733442.9143355552,ok,23240.94283657866,-0.082762|-0.051308
380,733449.8260946997,0.7325920617521847,7212.710996540039,701408.9239231946,0.005141587703359362,733431.2837016158,ok,14425.421993080075,-0.082937|-0.051226
381,733449.8260946997,0.9287501563043464,5244.688903371705,830049.0858587825,0.003159264309017016,733441.5414154675,ok,10489.377806743407,-0.082937|-0.051226
382,733424.9835193738,0.5245345841620151,7869.3097491695735,770299.5132265618,0.0051079545125293615,733404.8854812519,ok,15738.619498335793,-0.083032|-0.051225
383,733451.7160646477,0.1472109056156894,31053.12858691749,6049521.698608931,0.0025665771720480035,733411.8659391718,ok,62106.25717383498,-0.083001|-0.051240
384,733485.4139235287,0.1703126525452651,34776.25966689759,6602431.329748053,0.0026335949538928895,733439.6206325417,ok,69552.51933379372,-0.083000|-0.051200
385,733441.1485191035,0.30122915857143734,13970.072592345672,1930870.2612292485,0.003617558588180833,733415.8797410615,ok,27940.145184691337,-0.082867|-0.050875
386,733417.6865407522,0.32757225895921893,19328.28743148769,9126419.851575436,0.0010589194747681464,733407.4529907646,ok,38656.57486297537,-0.082886|-0.050853
387,733406.1976100082,0.5558800478961134,4960.772128642443,134439.4288685879,0.018449840833121615,733360.4348819167,ok,9921.544257284877,-0.082933|-0.051053
388,733441.3951687566,0.18034610256663022,17822.01156690219,2507122.524703451,0.003554276145520695,733409.7229934678,ok,35644.023133804374,-0.082926|-0.051066
389,733441.3951687566,0.17749416386386774,20013.366553873166,3256945.019281677,0.0030724139393496943,733410.6504955698,ok,40026.73310774633,-0.082926|-0.051066
390,733406.4917880589,0.33192334971503246,11099.281816508925,2459247.543205332,0.0022566418429846944,733393.9682361718,ok,22198.56363301785,-0.082877|-0.051050
391,733385.8548168037,0.39883091414543825,5203.323661731492,84333.40642227353,0.03084971829358732,733305.5942822264,ok,10406.647323462983,-0.082903|-0.051051
392,733283.3208230023,0.4197843631402667,13815.590567530491,2569107.0423590443,0.00268879231961556,733264.7471960979,ok,27631.181135050352,-0.083146|-0.050936
393,733283.3208230023,0.3814691298922217,19286.269949784328,4296074.429529524,0.0022446387121715233,733261.6754689309,ok,38572.539899568656,-0.083146|-0.050936
394,733280.8156336077,0.2272881524889228,16918.820531631874,3368351.966723254,0.0025114389319728023,733259.5703413246,ok,33837.641063247844,-0.083048|-0.050961
395,733280.8156336077,0.23431486902176163,18047.019335554334,4643009.0934027005,0.0019434615539734275,733263.2787894864,ok,36094.03867110866,-0.083048|-0.050961
396,733280.8156336077,0.24874416948055203,15254.136028122359,3702638.019926473,0.002059901068647439,733265.1046280549,ok,30508.272056244714,-0.083048|-0.050961
397,733280.8156336077,0.23931138416960637,17918.08022489793,5653795.918077935,0.0015846062083356347,733266.6190830247,ok,35836.16044979586,-0.083048|-0.050961
398,733263.7818258425,0.25054187475858075,17058.6264372419,4956626.839882634,0.0017207898625717227,733249.1046701212,ok,34117.25287448377,-0.083103|-0.050961
399,733239.4507603719,0.725707027391328,6778.741875288495,910793.403414835,0.0037213389171863666,733226.8377623969,ok,13557.483750571711,-0.083082|-0.050949
400,733229.0219310297,0.6251647303568177,5089.911722873794,121392.7964537445,0.020964636582918056,733175.6678562752,ok,10179.823445745225,-0.083105|-0.050966
401,733212.859847149,0.5260124711285658,9900.181912381635,2468726.887389004,0.0020051189062173557,733202.9343261853,ok,19800.363824752778,-0.083048|-0.050974
402,733204.7124765714,0.4701873161491795,11413.03150514529,2209165.948592432,0.0025831086868818285,733189.9719261592,ok,22826.063010290578,-0.083077|-0.050973
403,733202.4476971469,0.5787436844004474,6841.204015901834,358928.9302337554,0.009530025918287563,733169.8492713551,ok,13682.408031803669,-0.083090|-0.050991
404,733077.2273513714,0.7950952721204353,4557.209070336663,393671.38257684576,0.005788087821505647,733064.0385882114,ok,9114.418140673326,-0.083285|-0.050991
405,733023.6972449874,0.9111462313129287,6320.693052201192,4078316.6610109718,0.0007749144533855738,733021.2482467867,ok,12641.386104392035,-0.083222|-0.051020
406,733023.6972449874,0.8885237186115372,6055.599496395809,3889791.7682578596,0.0007783963586189552,733021.3404166887,ok,12111.198992791617,-0.083222|-0.051020
407,733023.6972449874,0.6013819732602074,4184.286569250436,126416.92102413114,0.016549551022729453,732989.0732129517,ok,8368.573138500822,-0.083222|-0.051020
408,732995.427141764,0.4345063915815563,8713.774097386427,2335743.6821248704,0.001865310428552533,732987.3001949161,ok,17427.548194772855,-0.083253|-0.051025
409,732978.6551607904,0.39234091574496377,1429.0888108317977,1619.0787914358602,0.4413277532850726,732663.3068837258,ok,2858.1776216635953,-0.083188|-0.051001
410,733012.7282767129,0.16539566981257184,62019.82768574937,16100809.692693176,0.0019259847445403642,732953.0036557221,ok,124039.65537140534,-0.083222|-0.051121
411,732978.6618758851,0.3373854090422938,40699.55146665477,5921143.7879107995,0.003436798102230776,732908.723805264,ok,81399.10293330926,-0.083479|-0.051226
412,732937.5955287138,0.15180081421993105,25373.426737694608,1130975.0002799977,0.011217501152285796,732795.28230688,ok,50746.853475376716,-0.083537|-0.051222
413,732737.0122577554,0.4168107870690295,12623.94279759522,3738490.5572449868,0.001688374305658031,732726.3552874277,ok,25247.885595190433,-0.083474|-0.051252
414,732737.0122577554,0.44196700281456697,11296.378881868206,2570647.5308199534,0.002197185484675339,732724.602137901,ok,22592.75776373641,-0.083474|-0.051252
415,732737.0122577554,0.3883194066735605,12556.271174118956,3007986.9910063897,0.002087155165840324,732723.908814633,ok,25112.54234823744,-0.083474|-0.051252
416,732714.8118813385,0.6590340469555139,4922.099507482052,541799.3531217357,0.0045423637727896255,732703.6328980941,ok,9844.199014960575,-0.083426|-0.051258
417,732681.4785864803,0.7812474239515899,3819.3417510066324,701366.3959466115,0.002722786387457151,732676.278960616,ok,7638.683502013265,-0.083446|-0.051258
418,732681.4785864803,0.7101024244994228,5308.710152606967,708114.2237885981,0.00374848433647044,732671.5287780532,ok,10617.420305213935,-0.083446|-0.051258
419,732672.7972018254,0.24029780010636784,29643.423637809632,36610293.045862295,0.0004048509472551182,732666.7966177557,ok,59286.847275574044,-0.083315|-0.050231
420,732672.7972018254,0.2851038239683217,15438.511804248108,7029646.351922949,0.0010981001768335704,732664.3206855543,ok,30877.023608470674,-0.083315|-0.050231
421,732652.3269159722,0.6427515760716169,3262.0248701313976,123070.28763392557,0.01325269052687331,732630.7116129247,ok,6524.0497402610645,-0.083346|-0.050414
422,732644.524908884,0.8715310804697876,2115.8517161459913,64309.11489257227,0.016450636272016032,732627.1213553901,ok,4231.703432291977,-0.083300|-0.050414
423,732636.3168143915,0.5072295881003739,1226.3712343995635,4331.052542547957,0.14157889131472987,732549.5026745382,ok,2452.74246879911,-0.083271|-0.050410
424,732522.6569227081,0.4039378206038082,7593.869265081476,847202.1685381114,0.004481733845290474,732505.6400722571,ok,15187.738530156263,-0.083476|-0.050382
425,732482.3847091434,0.8128078577814359,3311.8246836458065,344088.37442094757,0.004812462335031143,732474.4156933683,ok,6623.649367291609,-0.083441|-0.050382
426,732498.1457546959,0.21089373371258363,17488.82829246192,11124641.351089733,0.0007860400951599564,732491.2722945682,ok,34977.65658492333,-0.083588|-0.050382
427,732498.1457546959,0.22034798365101307,15967.426829212884,8948245.906274935,0.0008922098809340815,732491.0226067009,ok,31934.853658425767,-0.083588|-0.050382
428,732480.4831359914,1.301908234059561,2373.252426037675,556631.1772252759,0.0021317997653922185,732477.9534865089,ok,4746.50485207535,-0.083572|-0.050025
429,732480.4831359914,1.1983558459860588,2405.668702983703,491193.2251258506,0.00244880077729832,732477.5376342965,ok,4811.337405967404,-0.083572|-0.050025
430,732476.9534218448,1.090771327794403,1370.9069877465852,56649.52631785703,0.012099898064941531,732468.6595044406,ok,2741.8139754920953,-0.083541|-0.049843
431,732490.3678976706,0.2640969498722634,10615.440370817036,3775400.678719305,0.001405869373104263,732482.905936421,ok,21230.880741622273,-0.083506|-0.049827
432,732469.6910185908,1.0038196504482502,645.1250108194063,9361.42851721746,0.03445654739727477,732458.5766283346,ok,1290.2500216388125,-0.083515|-0.049840
433,732455.8394269475,0.678006711865845,1008.6811185963215,19120.82408362613,0.026376507471246823,732442.5366844172,ok,2017.3622371922154,-0.083573|-0.049822
434,732447.140000847,0.6485024123564627,2327.7063266395194,127233.32821000031,0.009147392272870552,732436.4937794142,ok,4655.412653279039,-0.083533|-0.049820
435,732445.5048873302,0.8370577378105026,1992.790987327753,162585.3380093937,0.006128446180099634,732439.3985311732,ok,3985.581974655506,-0.083623|-0.049820
436,732430.479172201,0.6429802292646388,3757.168622250742,238943.7727316628,0.007862035028780799,732415.7096765424,ok,7514.337244501479,-0.083686|-0.049810
437,732420.1238377162,0.6660897252177119,8425.684847517607,1097220.3086418484,0.0038395592850204415,732403.9483794718,ok,16851.36969503521,-0.083637|-0.049789
438,732399.8619114945,0.12738556241645613,24128.64666048488,2467144.287767541,0.004889995040038437,732340.8674302483,ok,48257.29332096972,-0.083662|-0.049822
439,732316.2127782418,0.8817311395181424,3637.585160764607,596857.4630886808,0.0030472812905282683,732310.6704056403,ok,7275.170321529214,-0.083635|-0.049836
440,732307.0302928281,1.2653470938840514,2435.680389163233,526007.8887341816,0.00231525081783907,732304.2106873216,ok,4871.360778326465,-0.083625|-0.049850
441,732307.0302928281,1.3739245199321648,3031.4436927922393,825656.109813275,0.0018357786351740379,732304.2477630456,ok,6062.887385584478,-0.083625|-0.049850
442,732297.4545696791,0.9934287615525023,2839.953473960247,171723.79158789376,0.008268957515146256,732285.7128423685,ok,5679.906947919593,-0.083634|-0.049855
443,732292.0321210432,0.24109255419667186,3560.938102730968,33123.03991493682,0.053753189801959644,732196.3262301886,ok,7121.876205461936,-0.083568|-0.049853
444,732219.0789845242,0.2544768562593777,24190.862011015466,5398682.0966923265,0.002240441424198395,732191.979879856,ok,48381.72402203093,-0.083707|-0.049808
445,732161.834174296,1.0007327211364678,2716.202588388822,124460.98728608157,0.010911863418476088,732147.0147584652,ok,5432.405176777563,-0.083721|-0.050023
446,732157.7774239599,0.51255725617033,3646.275568883452,26433.678234731837,0.0689702646847786,732032.0351284101,ok,7292.551137766903,-0.083761|-0.049999
447,732145.5732108598,0.10203861174954701,55266.89514291008,7877466.443682973,0.003507910540655442,732048.6375488492,ok,110533.79028582014,-0.083714|-0.049960
448,732023.9479554036,0.4428990559726892,14001.976184888239,4247346.685344861,0.001648320377660831,732012.408084067,ok,28003.952369776212,-0.083645|-0.050032
449,732023.4830970056,0.45681327390718146,10561.040350073177,1607063.2214785125,0.0032858198137211197,732006.1322591878,ok,21122.080700146355,-0.083608|-0.050045
450,732085.6096102182,0.1634411790347786,39655.74114084992,10122160.205748664,0.001958857612149247,732046.7696350185,ok,79311.4822816998,-0.083453|-0.050066
451,732003.1355287471,0.5589355772531569,2620.8775258779156,224252.51891924875,0.005843585477899736,731995.4778678224,ok,5241.755051753534,-0.083527|-0.050118
452,731993.5601047869,0.3474478978810494,6544.706424306013,623517.2753373884,0.0052482157938323675,731976.3860889759,ok,13089.412848607812,-0.083569|-0.050101
453,731972.278637027,0.4704060687344784,2548.3825070556686,150060.75483090206,0.008491169159875769,731961.4592635513,ok,5096.765014111336,-0.083579|-0.050106
454,731967.178709865,0.43108905025428795,3173.9840394616326,309163.4090861924,0.005133181913155755,731959.032391133,ok,6347.968078923265,-0.083579|-0.050128
455,731937.212423893,0.429762265967674,6817.407937168907,1195227.5721329064,0.002851928827663803,731927.49104278,ok,13634.815874337792,-0.083637|-0.050073
456,731937.212423893,0.42445325466884626,6398.025420890514,606005.7313332602,0.005278848936638236,731920.3253190481,ok,12796.050841774033,-0.083637|-0.050073
457,731927.852163298,0.4017614329901084,5079.601576249412,491607.52090732683,0.0051663180079856525,731914.7307447497,ok,10159.203152493348,-0.083608|-0.050079
458,731912.0448601469,0.7613013530029129,2730.2608702194793,244207.09306770068,0.005590052352538709,731904.4137095466,ok,5460.521740438958,-0.083587|-0.050077
459,731909.1141667216,0.7047066299647459,3205.5794131219177,222070.7705705505,0.007217472621196506,731897.546075897,ok,6411.158826242418,-0.083555|-0.050055
460,731914.7280123897,0.9189187311882976,5598.062035288183,740288.6672854355,0.0037809994146038445,731904.1448777505,ok,11196.124070576365,-0.083581|-0.050060
461,731879.8644833915,0.9052124047968285,4185.603078659769,283478.1300735232,0.007382585523571406,731864.4141970436,ok,8371.206157319539,-0.083682|-0.050059
462,731872.7492215337,0.8411278487863496,1024.6880665328733,90555.64784536119,0.005657781104292349,731869.8504911434,ok,2049.376133065746,-0.083697|-0.050070
463,731861.4994614089,1.042997843691349,1479.7370698298746,44171.70604958134,0.016749829270448786,731849.1067897665,ok,2959.474139659749,-0.083729|-0.050069
464,731844.3695682101,0.9290590196394478,1900.584695831034,62437.064638471886,0.015220003589502104,731829.9061152638,ok,3801.1693916608333,-0.083790|-0.050062
465,731823.3299284688,0.965656902700866,3175.9595829306486,417527.26360925776,0.003803296047635904,731817.2903712043,ok,6351.919165858897,-0.083759|-0.050071
466,731810.2771753967,0.6888912524585535,3108.7660085304196,299051.5362472451,0.00519770947767378,731802.1979441234,ok,6217.5320170588175,-0.083889|-0.050063
467,731795.5078436773,1.064736129409875,2567.5591459775565,263907.6055215447,0.004864503887456074,731789.2628929539,ok,5135.118291955112,-0.084032|-0.050061
468,731795.5078436773,0.7571721970174592,3150.142748902371,199635.8657737731,0.007889721460351481,731783.0809692527,ok,6300.285497804741,-0.084032|-0.050061
469,731786.8327288354,0.9792608615569842,3449.638343158297,6543196.758173843,0.00026360496792710426,731786.3780579331,ok,6899.276686316594,-0.084060|-0.050045
470,731786.8327288354,0.42783694095162184,3072.489510324246,82952.44930788003,0.01851958282100042,731758.3821168588,ok,6144.979020648491,-0.084060|-0.050045
471,731659.6341788102,0.7036020827182977,3615.0622585427277,223822.6622097193,0.008075728844551619,731645.0370475322,ok,7230.124517081297,-0.084124|-0.050045
472,731642.004298114,0.4320477436863362,1215.0865778421244,3630.669784744197,0.16733642136057475,731540.3401783244,ok,2430.1731556842487,-0.084179|-0.050066
473,731177.1433199614,0.10351037431289581,54335.83623097314,9548810.062113067,0.0028451626892528796,731099.8461729946,ok,108671.67246194625,-0.084354|-0.050021
474,731064.1172343773,0.5571081871136079,5685.7421622040665,1193394.711445452,0.0023821716770126445,731057.3450274066,ok,11371.484324408131,-0.084313|-0.050037
475,731048.6192435982,0.40482476027316433,8708.963442300255,3978476.8010333236,0.0010945097681653302,731043.853220819,ok,17417.92688459215,-0.084444|-0.050058
476,731035.1242221954,0.6687248933337444,949.8344507042032,2290.7539932393747,0.20731917384132423,730936.6647753923,ok,1899.668901408096,-0.084430|-0.050044
477,730947.5075841978,0.2476800667953723,11647.026868363517,1210474.5118072603,0.004810934371089853,730919.4910432567,ok,23294.053736715203,-0.084498|-0.050054
478,730915.8657355222,0.4816649317478802,5851.445073546617,766529.853657751,0.0038168409525242294,730904.6987179281,ok,11702.890147090584,-0.084527|-0.050039
479,730915.8657355222,0.7576919726478105,3134.3716185415174,456658.1236623794,0.003431857943754494,730910.4873764534,ok,6268.743237083011,-0.084527|-0.050039
480,730915.8657355222,0.6410093356437947,4793.965532231744,462564.5524765503,0.005181942181437232,730903.4447094183,ok,9587.931064463484,-0.084527|-0.050039
481,730915.8657355222,0.5591353234359064,5160.574517773258,476894.6232655961,0.0054106025377635555,730901.9048267311,ok,10321.14903554651,-0.084527|-0.050039
482,730874.4167908169,0.631724910304988,7520.314404519857,3831423.5215295167,0.0009813995192989944,730870.7265743461,ok,15040.628809029125,-0.084466|-0.049483
483,730874.4167908169,0.5592315781710387,8358.154650539747,4448573.509994677,0.0009394196399993565,730870.4908835004,ok,16716.309301066387,-0.084466|-0.049483
484,730874.4167908169,0.48639227438075366,12114.6331536899,9120920.4213169,0.0006641124247382021,730870.3940516176,ok,24229.2663073797,-0.084466|-0.049483
485,730865.4598843608,0.5771035750822979,3518.6013044337465,1406532.201401018,0.001250807233893735,730863.2593383783,ok,7037.202608867493,-0.084633|-0.049676
486,730864.5758269447,0.7326342600129767,7571.159693434454,6736971.145017288,0.0005619112454588839,730862.4486670581,ok,15142.319386859037,-0.084555|-0.049650
487,730856.0609139922,0.3300488481573437,628.416614850361,636.048348484806,0.494000665474075,730700.8418010267,ok,1256.8332297007219,-0.084644|-0.049668
488,730632.5748254551,0.17896857354492746,38841.34143148112,9066588.982512705,0.002142004093623128,730590.975669281,ok,77682.68286296225,-0.084528|-0.049600
489,730579.9297377559,0.36744847139041403,16594.757315279687,5638841.638163081,0.0014714686437519483,730567.7204052359,ok,33189.514630559366,-0.084618|-0.049631
490,730551.4459154041,0.36695747163668035,12366.128135528144,4533178.828194898,0.001363957677845715,730543.0124776963,ok,24732.25627105629,-0.084680|-0.049631
491,730551.4459154041,0.3860468540967586,11577.989595645853,4213906.698386616,0.0013737833350793852,730543.493090824,ok,23155.97919127864,-0.084680|-0.049631
492,730548.6170851988,0.9364337872821684,4255.95400168132,688133.162394299,0.0030923912944938597,730542.0365476464,ok,8511.908003362638,-0.084694|-0.049639
493,730527.5731993803,0.8342263288914863,1901.4790277296265,117856.30109910975,0.008066938339302715,730519.9036423452,ok,3802.9580554582208,-0.084755|-0.049640
494,730527.5731993803,1.1382549310630636,2243.348060052153,561488.8760595582,0.001997678098091294,730525.3324557374,ok,4486.696120104306,-0.084755|-0.049640
495,730527.5731993803,1.0897632251587739,2744.8488176104015,442268.9388184601,0.003103144463347776,730523.3143681748,ok,5489.697635220803,-0.084755|-0.049640
496,730527.5731993803,0.9667613617962911,2297.572754822398,290682.2424665294,0.003952034935685746,730523.0331554831,ok,4595.145509642781,-0.084755|-0.049640
497,730523.7773181618,0.5606531970314319,4892.966692394779,1583555.182572249,0.0015449309080744773,730519.9976704242,ok,9785.933384784088,-0.084789|-0.049640
498,730523.7773181618,0.4916354324582091,7188.034532567217,3436716.7265729825,0.0010457705863548092,730520.0188006179,ok,14376.069065125504,-0.084789|-0.049640
499,730523.7773181618,0.5203650781079879,6126.975864566363,1706976.9086313173,0.0017946862179521442,730518.2793185909,ok,12253.951729127422,-0.084789|-0.049640
500,730515.4191668372,0.8313324321189057,1182.909778655601,7764.303447033695,0.07617616871398325,730470.364399401,ok,2365.8195573112016,-0.084760|-0.049655
501,730502.8730118368,0.7042686599173058,2798.21002550088,390829.3491273982,0.003579836099500233,730497.8644452051,ok,5596.420051000135,-0.084828|-0.049655
502,730489.9783998283,0.6348805933013995,2767.7727127277117,512783.64337590087,0.0026987724242783324,730486.2436054914,ok,5535.545425455423,-0.084912|-0.049654
503,730489.9783998283,0.5593106915258592,2664.1806991254384,248766.51687597067,0.005354781528845657,730482.8453470297,ok,5328.361398250876,-0.084912|-0.049654
504,730489.9783998283,0.5241690402018645,3102.5671771415746,367455.41722837515,0.004221691981769472,730483.4293583409,ok,6205.134354280828,-0.084912|-0.049654
505,730476.5290170534,0.6936359405416396,1240.5885531522406,2572.808525229043,0.2410961680566178,730326.9784439035,ok,2481.1771063044794,-0.084924|-0.049663
506,730263.9252980949,0.1863884871742194,41615.423577653506,9576426.43871349,0.0021728054741495086,730218.7141880156,ok,83230.84715530642,-0.084932|-0.049641
507,730311.5288314827,0.2290391455328052,37744.415769830215,9907765.846717687,0.0019047894527268448,730275.5812489538,ok,75488.83153966043,-0.085003|-0.049651
508,730265.9710351949,0.3129004225246506,20668.572705408165,6401518.746644638,0.0016143491508356215,730249.2878887969,ok,41337.14541081633,-0.084938|-0.049656
509,730246.2367988848,0.33949008378360457,23111.12241972454,6384112.157770653,0.0018100498431558726,730225.3206571294,ok,46222.24483944889,-0.084906|-0.049301
510,730230.1924682003,0.3183889158195792,13110.644704812716,2160731.690257029,0.0030338437585587367,730210.3046443962,ok,26221.28940962543,-0.084893|-0.049302
511,730186.6750209607,1.0410475174146494,5890.36659359742,1251153.7391794722,0.002353973939869461,730179.7421362319,ok,11780.73318719484,-0.084853|-0.049294
512,730173.6040862077,0.8440517334868444,2276.074555433189,70698.01125399195,0.016097161115721417,730155.2849167925,ok,4552.1491108663595,-0.084928|-0.049294
513,730209.3155540044,0.1433534540754787,35290.18636201296,17995973.091311034,0.0009805023096820494,730192.0144993858,ok,70580.37272402589,-0.085012|-0.049271
514,730178.8070693589,0.7228630027850723,5418.394518571304,2833368.9162158086,0.0009561752596989742,730176.2166019658,ok,10836.789037136998,-0.085037|-0.049435
515,730166.8941378542,2.1779479071053522,2810.775116631903,479116.5310101541,0.002933289643237475,730162.7717290847,ok,5621.550233263806,-0.084992|-0.049435
516,730158.4823061504,0.3756919229561848,3063.44751895043,580283.0589362759,0.002639614815367929,730154.4391454217,ok,6126.89503790086,-0.085038|-0.049411
517,730148.6434964519,0.9439381717300932,1514.6894535544698,78530.19013864135,0.00964399456362169,730141.3396680241,ok,3029.378907108918,-0.085008|-0.049410
518,730140.1972637832,0.6292321039848684,2873.6569344027184,381915.55877549405,0.0037621626932616984,730134.7916813273,ok,5747.313868805433,-0.084886|-0.049410
519,730123.0140292438,0.7873131199117288,1011.2249609977838,23696.63395547126,0.021336890355355815,730112.2258311851,ok,2022.4499219955676,-0.084864|-0.049411
520,730101.8126416728,0.6829345942190008,1130.0210408710261,6317.55621367399,0.08943498107900964,730051.2809364683,ok,2260.042081742052,-0.084828|-0.049411
521,730086.8396481532,0.17652842943921265,54796.20252341695,13992964.71502429,0.001957991163394491,730033.194407989,ok,109592.40504683388,-0.084706|-0.049393
522,730086.8396481532,0.18050946876375606,48448.6056970716,10727977.64028301,0.002258049341711412,730032.1399770527,ok,96897.21139414316,-0.084706|-0.049393
523,730038.665962246,0.2205870096845389,32096.177694977883,10609071.311609155,0.001512676121794756,730014.3904014459,ok,64192.355389955745,-0.084795|-0.049447
524,730006.1498460396,0.4439443848088306,10614.442540336326,2518302.960359976,0.0021074594096532084,729994.9650926347,ok,21228.885080672087,-0.084853|-0.049506
525,730006.1498460396,0.4318466690929523,12804.04529606855,3390971.788613655,0.0018879610468984882,729994.0630766588,ok,25608.090592137094,-0.084853|-0.049506
526,729996.8317192444,0.49639340670600124,3646.6401523598943,481110.46147611865,0.003789815899213102,729989.9216718302,ok,7293.280304719789,-0.084859|-0.049526
527,729884.7370721521,0.9362151957720981,1024.175843873593,49536.44265920341,0.010337599844619755,729879.4433121298,ok,2048.351687747186,-0.084755|-0.049524
528,729812.9390971063,0.4253400203080987,2073.261824987474,118827.94409712071,0.008723797422990636,729803.8957390233,ok,4146.523649974947,-0.084720|-0.049528
529,729794.4429555415,0.8043311878980406,903.2768857947759,8909.872417668417,0.0506896644223302,729771.5495544308,ok,1806.5537715895516,-0.084793|-0.049523
530,729704.5429878423,0.9089503710135949,2788.4469409794597,1378888.0698822942,0.0010111215703017466,729703.1332584176,ok,5576.893881958902,-0.084793|-0.049518
531,729704.5429878423,0.8047968025705813,2828.3864509395567,520850.849739908,0.002715159678007571,729700.7032274196,ok,5656.772901879112,-0.084793|-0.049518
532,729706.8554894571,0.4292901621598561,3619.8729149545306,532193.6656021132,0.0034008981588113034,729700.7000798914,ok,7239.745829904617,-0.084777|-0.049533
533,729603.8044373238,0.2921846306664541,1273.722651533714,82063.25215010409,0.007760615245931966,729598.8620016095,ok,2547.445303067423,-0.084810|-0.049533
534,729603.8044373238,0.6469015469788679,1028.347461260951,89864.42543413473,0.005721660469607455,729600.8625098148,ok,2056.694922521064,-0.084810|-0.049533
535,729603.8044373238,0.6389206820763471,1024.2263484206137,76838.85689433072,0.006664768255396721,729600.3913216972,ok,2048.4526968412274,-0.084810|-0.049533
536,729587.5075474916,0.9669561153375058,988.9918277350172,169351.48903891066,0.002919938387751004,729586.06364989,ok,1977.98365547,-0.084762|-0.049463
537,729583.3018053492,0.7631581653407091,341.28281212066446,884.7646068539116,0.1928664468927019,729550.3908036696,ok,682.5656242413286,-0.084791|-0.049437
538,729519.5055748201,0.42934759558323066,6900.036007944402,2915598.3921934604,0.0011832967164509534,729515.4231798443,ok,13800.0720158888,-0.084923|-0.049436
539,729519.5055748201,0.35626055363950576,8412.523181502133,3427664.188427259,0.0012271510158295457,729514.3438566361,ok,16825.04636299417,-0.084923|-0.049436
540,729519.5055748201,0.4298713141190717,7071.378888439935,3228259.634975697,0.0010952308190808155,729515.6331787742,ok,14142.757776872933,-0.084923|-0.049436
541,729515.0940304212,0.5877458924971528,645.5506965495687,945.8653733156657,0.3412487203578641,729404.9473558593,ok,1291.101393099137,-0.084887|-0.049441
542,729355.0137084514,0.7368203586059798,3041.9125336452507,461574.4213672686,0.0032951485100003427,729350.001931675,ok,6083.825067287428,-0.084958|-0.049439
543,729370.2974058024,0.30646438445992247,7432.657657918554,1333660.4539401643,0.002786562965093372,729359.9416215216,ok,14865.315315827409,-0.084900|-0.049467
544,729347.655557127,0.8201467003979459,1678.5748048607607,186873.41526626542,0.004491208132705911,729343.8861427194,ok,3357.1496097201143,-0.084929|-0.049453
545,729347.655557127,0.7511936212547148,2271.5971856914134,166379.65810374563,0.006826547222121843,729339.9019743982,ok,4543.194371382827,-0.084929|-0.049453
546,729315.830741224,0.9138741961413096,764.4356481619618,53839.99402976494,0.007099143136414082,729313.1173221816,ok,1528.8712963239232,-0.085038|-0.048893
547,729315.830741224,0.9847427671836356,753.5049232778977,32521.582460690588,0.011584690323551635,729311.4661806274,ok,1507.009846555129,-0.085038|-0.048893
548,729315.830741224,0.7752278276300223,922.3799561210174,30714.617262238888,0.015015325573582976,729308.9058235522,ok,1844.7599122413476,-0.085038|-0.048893
549,729313.2160723931,1.012023906851331,1613.8694892745932,309491.10225194646,0.00260729545620474,729311.1121551,ok,3227.738978549185,-0.085025|-0.048896
550,729298.3439614231,1.8504648226635734,577.7740942474454,23362.446978319036,0.012365444740947619,729294.7717446055,ok,1155.5481884948908,-0.085037|-0.048898
551,729298.3439614231,1.4291557401557937,634.2196284333681,17394.90152150547,0.01823004366104852,729292.5630356646,ok,1268.4392568667363,-0.085037|-0.048898
552,729293.4409216216,0.9055920392198709,2858.9926904219174,1055503.0613445179,0.0013543270479860492,729291.5049160563,ok,5717.985380843835,-0.085007|-0.048343
553,729286.8655881905,1.2127779820777786,415.9620527920579,19562.0892855941,0.010631841178088795,729284.6543669498,ok,831.9241055841156,-0.084939|-0.048343
554,729276.1191825978,2.4362579715582426,200.4563476729557,6555.315476297716,0.015289603406407575,729274.5867335697,ok,400.91269534591135,-0.084916|-0.048343
555,729276.1191825978,1.0004029806034438,299.8456938420613,665.079560055003,0.22542092093257507,729242.323436376,ok,599.6913876841226,-0.084916|-0.048343
556,729206.7736887177,0.38558887438078226,16651.160589482985,5184266.612401157,0.0016059321244833505,729193.4033718674,ok,33302.32117896597,-0.084897|-0.048332
557,729196.3201310078,0.34065825014605,10676.836384951293,2651019.6189383846,0.0020137226274520915,729185.5700374988,ok,21353.67276989112,-0.084789|-0.048342
558,729196.3201310078,0.36655457149431575,11704.75083033103,3601798.666430896,0.0016248480154402317,729186.8109104289,ok,23409.50166066206,-0.084789|-0.048342
559,729196.3201310078,0.4000052303010505,10917.908677292535,3539083.40887409,0.0015424768811489972,729187.8998201452,ok,21835.81735458462,-0.084789|-0.048342
560,729176.6631417474,0.7761124601145969,846.16113603845,25057.401860903836,0.016884454755835734,729169.5196570385,ok,1692.3222720768997,-0.084790|-0.048344
561,729176.6631417474,0.7932979144990698,1172.719023775649,73044.56929146986,0.008027421033151325,729171.9561870687,ok,2345.4380475512785,-0.084790|-0.048344
562,729167.6517825046,0.9887189289665193,889.218893418579,81091.25570263274,0.005482828485721114,729165.2140651653,ok,1778.437786837157,-0.084820|-0.048340
563,729161.3326574776,1.0740658320905498,1062.648140085674,131566.62872390187,0.004038441018032339,729159.1869365593,ok,2125.2962801707267,-0.084774|-0.048340
564,729149.3003952166,0.8823830379074533,872.883341882937,29270.920703039843,0.01491041827379701,729142.7928673506,ok,1745.7666837654742,-0.084796|-0.048340
565,729149.3003952166,1.338473819596915,672.1698315477759,58188.724198681826,0.005775773921874393,729147.3592447245,ok,1344.339663095551,-0.084796|-0.048340
566,729149.3003952166,1.3102957265168667,719.1585615814304,44803.409954471965,0.00802571235439691,729146.4145153404,ok,1438.3171231624256,-0.084796|-0.048340
567,729149.3003952166,1.125296645885598,740.3667688682112,36804.17589626754,0.010058189741225736,729145.577020497,ok,1480.7335377364222,-0.084796|-0.048340
568,729149.3003952166,1.1747523816762322,750.1143879987834,41791.95253390499,0.00897438792061977,729145.9344864652,ok,1500.2287759975666,-0.084796|-0.048340
569,729155.6629742755,0.51854023742306,9044.384024601308,2724564.448336279,0.0016597852970819146,729148.1571064629,ok,18088.768049202616,-0.084728|-0.048340
570,729131.1869989531,1.9933807829545205,440.4355298871184,187120.06134401594,0.0011768795037892484,729130.9278291791,ok,880.8710597742368,-0.084718|-0.048344
571,729131.1869989531,2.118371347624854,576.0005081784151,177513.6083644926,0.0016224122575315481,729130.7197438107,ok,1152.00101635683,-0.084718|-0.048344
572,729131.1869989531,1.4304165920936804,492.57680812322485,68920.23498792428,0.0035735282113412026,729130.3068803931,ok,985.1536162461041,-0.084718|-0.048344
573,729131.1869989531,2.1171499847688935,530.2633065136295,77346.183470363,0.0034278569589462175,729130.2781655705,ok,1060.526613027258,-0.084718|-0.048344
574,729131.1869989531,1.0547815210181637,683.1411740876927,18350.266635621327,0.018613930458143503,729124.8290277993,ok,1366.2823481753683,-0.084718|-0.048344
575,729126.130771832,0.5948835323720703,181.14932092730172,405.5097306890896,0.22336001730398872,729105.9000141035,ok,362.2986418546034,-0.084714|-0.048339
576,729074.3716201918,0.7479054199007051,4501.346967475044,2392545.2865889845,0.0009407025632297532,729072.2544058766,ok,9002.693934945566,-0.084718|-0.048334
577,729074.3716201918,0.7163543369935489,5608.213972673159,2571620.310714411,0.0010904047439093303,729071.3140086315,ok,11216.427945346319,-0.084718|-0.048334
578,729074.3716201918,0.5103327219824524,6452.311580913949,2733131.07195771,0.001180388245392899,729070.563503819,ok,12904.623161827893,-0.084718|-0.048334
579,729063.5931475667,1.9197960281408035,479.8456736689375,15427.62572176229,0.015551507481545416,729059.8619857747,ok,959.691347337875,-0.084737|-0.048388
580,729063.5931475667,1.1980029200109905,513.9858746934303,4793.853564498109,0.053608841798992446,729049.816053845,ok,1027.9717493868607,-0.084737|-0.048388
581,729057.9203257256,1.4934264090999418,135.5771126291069,213.114128303664,0.3180856982788221,729036.357755455,ok,271.1542252582129,-0.084687|-0.048388
582,728975.5748331224,0.7887495179553795,5088.164334646969,2278582.2307371544,0.0011165197959524318,728972.7343150201,ok,10176.328669293938,-0.085049|-0.048388
583,728975.5748331224,0.7529362179284802,6906.359187244318,4541856.552159988,0.0007603013335989039,728972.9493760723,ok,13812.718374483502,-0.085049|-0.048388
584,728975.5748331224,0.506538036160215,9954.867453385234,14077598.641595177,0.00035357122002226707,728973.8149558072,ok,19909.73490676191,-0.085049|-0.048388
585,728986.2495957135,0.42140577694834236,4338.758778278581,723248.639970275,0.002999493216092948,728979.7425569525,ok,8677.517556552679,-0.085019|-0.047670
586,728979.337325969,0.3840231031982399,4546.897606963301,841887.5653036445,0.0027004185560831786,728973.1980626339,ok,9093.795213920563,-0.085039|-0.047667
587,728965.6954772936,1.235072584715222,2342.8974775418696,349958.09205001255,0.003347397203787255,728961.774173061,ok,4685.79495508266,-0.085068|-0.047653
588,728941.87163646,0.7881293934973471,611.8564287221506,37527.457472143695,0.008152116742472178,728939.3776739417,ok,1223.7128574443009,-0.085013|-0.047658
589,728941.87163646,0.6648121308091046,366.4403519220547,22576.91325005741,0.008115377595321249,728940.3847355489,ok,732.8807038436169,-0.085013|-0.047658
590,728940.9261021018,0.7838417179330033,875.0445167049708,63356.38540389967,0.006905732635523037,728937.9046903634,ok,1750.089033409475,-0.084935|-0.047463
591,728931.8323614387,2.2013152195435737,506.56542628058736,23329.789642857122,0.010856622242105865,728929.0825667016,ok,1013.1308525610456,-0.084943|-0.047453
592,728923.1896822092,1.5724134240341143,500.54838352674506,39127.792837333465,0.006396327868628855,728921.5888464216,ok,1001.09676705349,-0.084949|-0.047454
593,728918.3766761704,2.5192845418211895,644.4838397905969,230586.3977681322,0.0013974888502284123,728917.9263466803,ok,1288.967679580778,-0.084958|-0.047442
594,728917.1310683973,1.178549339376372,650.0713222000034,52545.13696941181,0.006185837164897205,728915.120450725,ok,1300.1426444000067,-0.084940|-0.047440
595,728917.1310683973,2.2654155405466208,3477.037914099745,24425085.542407125,7.11775995228936e-05,728917.0073247912,ok,6954.075828199488,-0.084940|-0.047440
596,728917.1310683973,1.1945232020637122,602.1536066640898,45628.46743405265,0.006598442162608129,728915.1444305241,ok,1204.3072133277772,-0.084940|-0.047440
597,728911.694851619,3.1217801371249916,292.6306463557859,20547.382020889992,0.007120874232500177,728910.6529586044,ok,585.2612927115719,-0.084945|-0.047442
598,728908.9819082838,2.6171873238154197,905.180203379089,147485.2308486825,0.0030687147389957628,728907.5930383679,ok,1810.3604067576448,-0.084919|-0.047442
599,728905.6704570232,1.7229977888059758,324.4263227864534,9538.756648603307,0.01700569239461397,728902.9119098982,ok,648.8526455729057,-0.084969|-0.047442
600,728905.6704570232,1.0339099436457249,360.64854216651185,6118.086483165327,0.02947396568836359,728900.3555856445,ok,721.2970843330236,-0.084969|-0.047442
601,728899.8178604081,0.757868911897685,474.26674953846134,8773.875183518758,0.027027210874240915,728893.4088066829,ok,948.5334990769227,-0.084987|-0.047442
602,728899.8178604081,1.1698193042682723,209.78709301826404,2759.9757002416623,0.03800524276353143,728895.8313557088,ok,419.5741860365281,-0.084987|-0.047442
603,728899.8178604081,0.8912476348117,366.48315802531863,11888.014614743655,0.015413976593316175,728896.9933789984,ok,732.9663160506371,-0.084987|-0.047442
604,728899.8178604081,0.6835129824070967,390.6098968676576,2881.454061329484,0.06777999727808133,728886.5800915349,ok,781.219793735315,-0.084987|-0.047442
605,728887.9660824003,0.33628894595155967,307.3109016005737,565.6631586591907,0.27163772016636406,728846.2274660538,ok,614.6218032010106,-0.085037|-0.047443
606,728842.4758803145,0.7521234219607561,9228.067239066448,3132654.905744611,0.0014728828288976502,728835.6799494242,ok,18456.134478124935,-0.084966|-0.046883
607,728837.2302725413,0.7455429585261107,8958.70203311623,4202938.314785361,0.0010657665378529043,728832.4563301166,ok,17917.404066232444,-0.084948|-0.046881
608,728837.2302725413,1.184839613390037,10153.035885937798,10534221.059893496,0.00048190729187338923,728834.7838615272,ok,20306.071771875508,-0.084948|-0.046881
609,728837.2302725413,0.8382100208182861,7763.689882262487,3096412.1429736516,0.0012536589968941596,728832.3637627063,ok,15527.379764524974,-0.084948|-0.046881
610,728824.9241089763,1.2493265388204993,5326.207117616495,4535537.551869754,0.0005871638209037418,728823.3604309151,ok,10652.414235232985,-0.085006|-0.046902
611,728824.9241089763,1.1865528865139903,4815.3733367503955,2234607.959399769,0.0010774537243758494,728822.3299380082,ok,9630.746673500791,-0.085006|-0.046902
612,728824.9241089763,1.1747183957534588,5065.883781781446,3827625.152769066,0.0006617528597486317,728823.2479274364,ok,10131.767563555873,-0.085006|-0.046902
613,728818.8407258904,1.4668535024428806,1964.1558783446526,309424.59811455477,0.0031738845106578845,728815.7237239309,ok,3928.3117566892643,-0.085071|-0.046931
614,728812.1361072571,1.3785816215919007,2929.7764840055233,1102514.1019129218,0.0013286798231978178,728810.1897398067,ok,5859.552968008843,-0.085081|-0.046381
615,728805.7671600535,1.3459135749817075,1581.984905363557,200465.89162238946,0.00394577075571411,728802.6460851657,ok,3163.9698107260774,-0.085141|-0.046376
616,728805.7671600535,1.1262177653384227,1747.4407106931142,301076.05599143665,0.0029019921643035204,728803.2316304285,ok,3494.8814213862283,-0.085141|-0.046376
617,728797.3436260138,1.187099365341495,1007.6442758220405,152044.9811029103,0.0033136387288575657,728795.6741414652,ok,2015.288551644081,-0.085155|-0.046381
618,728797.3436260138,1.5419507126476857,982.5451287182069,144894.03090425514,0.0033905645477123386,728795.6779346738,ok,1965.0902574364136,-0.085155|-0.046381
619,728793.8402245059,1.623393279993025,336.57730961559554,22510.31026355309,0.007476069980264885,728792.5820867456,ok,673.1546192311907,-0.085161|-0.046382
620,728786.633096408,1.1866105806891976,1114.8333071697411,171051.0749635006,0.003258773168796594,728784.8166019734,ok,2229.666614339482,-0.085211|-0.046371
621,728782.3687490808,1.4965716333122356,426.0597975551492,84872.30602365067,0.0025100048385419305,728781.8340430042,ok,852.1195951097254,-0.085100|-0.046372
622,728777.0166040892,1.0624133053834042,102.59391051989162,1505.495114374615,0.03407314628267966,728775.2687554287,ok,205.18782103978324,-0.085120|-0.046365
623,728777.0166040892,0.5796948061870938,164.12935464347458,1747.410130265791,0.046963603964717084,728773.162551084,ok,328.2587092868385,-0.085120|-0.046365
624,728780.3539853846,1.046877596509689,792.2667367364759,166919.01038402432,0.002373207026910049,728779.4138788912,ok,1584.5334734729515,-0.085105|-0.046005
625,728780.3539853846,1.1700037816113924,867.0902728234227,297580.9563263586,0.0014568981219895002,728779.7223542896,ok,1734.180545645808,-0.085105|-0.046005
626,728774.5995931579,0.7451609587810228,111.2116542281784,173.38085354620472,0.3207149231115687,728756.7659745904,ok,222.4233084563059,-0.085123|-0.046007
627,728762.8053774682,1.192189041341986,3165.3376642511907,1340710.8456822739,0.0011804699255044749,728760.9370845099,ok,6330.675328498471,-0.085812|-0.046007
628,728762.8053774682,1.0321166401647597,3444.6390350407864,1487554.8895244445,0.0011578191363889776,728760.8112429718,ok,6889.278070077322,-0.085812|-0.046007
629,728762.8053774682,1.0785832017431602,2993.38343751476,1027035.3343132924,0.0014572933070098452,728760.6242586438,ok,5986.766875029492,-0.085812|-0.046007
630,728754.7830193654,1.3185974735588022,1085.6402334237787,124596.27419751424,0.0043566320117357,728752.4181518684,ok,2171.2804668475574,-0.085850|-0.046027
631,728754.7830193654,1.2254021655289309,1241.3573723185004,156256.51795234298,0.0039721778924355165,728752.31757321,ok,2482.7147446370004,-0.085850|-0.046027
632,728754.7830193654,1.4822756426539858,1173.7405353697243,133057.84235939357,0.004410640194357777,728752.1945457738,ok,2347.481070738554,-0.085850|-0.046027
633,728746.1272222885,1.332952618873381,1034.7359061756297,184740.82876477725,0.0028005068319064312,728744.6783298013,ok,2069.4718123497955,-0.085925|-0.046027
634,728746.1272222885,1.1727432271247906,1101.6071568639447,228847.29531999858,0.002406860774394473,728744.8015147612,ok,2203.214313726217,-0.085925|-0.046027
635,728746.1272222885,1.2321114072569255,975.2796521772403,142331.1136047708,0.0034260943636168877,728744.4565222289,ok,1950.5593043544804,-0.085925|-0.046027
636,728739.2551580379,1.2745280211460805,134.1750366991027,2669.274123592601,0.025133244186722054,728737.5690310573,ok,268.3500733982054,-0.085979|-0.046027
637,728739.2551580379,1.1886178674958938,223.2390723214304,3815.9389967212487,0.02925087016763673,728735.9901894775,ok,446.4781446428608,-0.085979|-0.046027
638,728739.2551580379,1.012487316245862,187.45111059482727,2027.984076656297,0.04621611992730565,728734.923526534,ok,374.9022211896545,-0.085979|-0.046027
639,728690.4447070834,1.6374658579024528,582.8667575852494,45941.894205492536,0.006343521176751626,728688.5959932734,ok,1165.7335151704985,-0.086078|-0.046027
640,728691.0184101877,0.40612154181467447,4500.769530268916,1117512.3754598906,0.00201374482694955,728686.4867095082,ok,9001.539060537832,-0.086236|-0.046032
641,728691.0184101877,0.4422079750872561,3927.7507702537187,1040626.5445185556,0.0018872047762681697,728687.3121751809,ok,7855.501540507437,-0.086236|-0.046032
642,728691.0184101877,0.4339424161735165,3822.555344914961,1082784.5243279252,0.0017651505258110276,728687.6447173991,ok,7645.110689829729,-0.086236|-0.046032
643,728676.4784016106,1.4370563054291483,316.2440399948198,59626.18465435769,0.0026518889463415262,728676.0590795736,ok,632.4880799896396,-0.086224|-0.046036
644,728676.4784016106,1.1933969640476951,378.11353261516734,68365.34308879243,0.0027653889787701068,728675.9555861128,ok,756.2270652299775,-0.086224|-0.046036
645,728676.4784016106,1.417050363438836,348.27153899244524,39076.44740352221,0.004456284566967228,728675.7024030685,ok,696.5430779848905,-0.086224|-0.046036
646,728676.4784016106,1.2262193377370019,301.3687756834943,77711.31026005938,0.0019390277597621862,728676.1862203996,ok,602.7375513669883,-0.086224|-0.046036
647,728676.4784016106,1.2092425013963315,386.82288770228524,60716.01778197411,0.0031855093749011366,728675.862287643,ok,773.6457754041821,-0.086224|-0.046036
648,728676.4784016106,1.0862586659992313,444.8689569049657,79664.72531263686,0.0027921326230594444,728675.8573350469,ok,889.7379138095359,-0.086224|-0.046036
649,728676.4784016106,1.0864925786160373,377.12324881865203,41191.09255243698,0.004577728162206035,728675.6152177522,ok,754.2464976369897,-0.086224|-0.046036
650,728676.4784016106,1.2942314497991587,420.5873901453434,80580.82932408081,0.002609723638198241,728675.9295931836,ok,841.1747802906868,-0.086224|-0.046036
651,728676.4784016106,0.8996022548084094,397.06690587887493,59774.76467942517,0.003321359004994525,728675.8190007389,ok,794.1338117577499,-0.086224|-0.046036
652,728676.4784016106,0.6590954608086261,329.31391007298885,12136.321733615985,0.013567286584074046,728674.2444535136,ok,658.6278201459776,-0.086224|-0.046036
653,728680.7740874898,0.5440106521612459,10924.834082094829,6889240.623788804,0.0007928910222972159,728676.4429860578,ok,21849.668164189654,-0.086220|-0.046034
654,728666.9179240364,0.8689423065379714,189.25928171548676,3090.8560239624353,0.030615997679642636,728664.0207431715,ok,378.5185634308083,-0.086286|-0.046028
655,728659.6415934544,2.8923019530992713,68.18892851897564,4439.243527505576,0.007680241925958408,728659.3797397205,ok,136.37785703794955,-0.086255|-0.046010
656,728659.6415934544,1.712306999821279,106.34750261741242,1684.6803293586354,0.03156311045012894,728657.9632644688,ok,212.69500523482475,-0.086255|-0.046010
657,728654.711941599,0.3296668446567303,121.57744718421459,311.98402756239176,0.19484562740940492,728642.8675246113,ok,243.15489436842572,-0.086249|-0.046010
658,728610.0751615701,0.6649380405683498,9661.321310023346,6194373.206726907,0.0007798465629687469,728606.3079874614,ok,19322.64262004656,-0.086141|-0.046026
659,728610.0751615701,0.6393440210954663,10850.44747271603,8063028.4185077455,0.0006728518684003449,728606.4247896427,ok,21700.894945432057,-0.086141|-0.046026
660,728610.0751615701,0.503359835939124,15194.543492200464,15743160.648782685,0.0004825760160611509,728606.408900438,ok,30389.086984381058,-0.086141|-0.046026
661,728595.7597115735,0.8645779609440802,1373.7440287339025,426279.9899438302,0.0016113165772980772,728594.6529433103,ok,2747.4880574658578,-0.086196|-0.046224
662,728595.7597115735,0.7178413406969355,2186.378147718866,935677.090500314,0.0011683401089524336,728594.4824949319,ok,4372.756295435382,-0.086196|-0.046224
663,728587.660986336,2.245453500037458,99.75025307717048,2687.3618637939744,0.018559140549896894,728586.7353468526,ok,199.50050615434097,-0.086191|-0.046220
664,728584.6371111722,2.5120722994665505,157.00371958361436,5058.939834878912,0.015517452737938354,728583.418962273,ok,314.00743916722865,-0.086178|-0.046219
665,728583.6523830068,1.9191390468147789,187.1415172481232,2317.1095592514966,0.04038253532314116,728579.8737585414,ok,374.2830344962461,-0.086312|-0.046217
666,728583.6523830068,1.4621256074202291,182.43447702592394,2861.5152224532176,0.0318772508345282,728580.7446282143,ok,364.8689540516996,-0.086312|-0.046217
667,728583.6523830068,3.8966687735212524,52.45365517709652,1664.0954727203796,0.015760410396209998,728583.2390374405,ok,104.90731035419304,-0.086312|-0.046217
668,728583.6523830068,2.130149685598691,115.67664665137008,2362.7539698605074,0.024479198453785565,728582.2365472118,ok,231.35329330267308,-0.086312|-0.046217
669,728571.3590882458,4.049685254185982,477.13284662509693,212698.98412096346,0.001121615245594563,728571.0915085083,ok,954.2656932501925,-0.086221|-0.046216
670,728571.3590882458,5.961469107843411,347.99500300476296,581544.6046436455,0.00029919889224834674,728571.3070283862,ok,695.9900060095256,-0.086221|-0.046216
671,728571.3590882458,5.408867938119716,296.6003256635956,293243.6465258148,0.0005057233620873782,728571.2840893889,ok,593.2006513271755,-0.086221|-0.046216
672,728570.0587940207,0.5116568074942716,52.26455847806038,134.75057479834615,0.1939307441035934,728564.9909416628,ok,104.5291169560632,-0.086268|-0.046247
673,728548.6802888165,1.7574066971788942,322.95425987961426,22651.504341487253,0.007128759640217559,728547.5291571697,ok,645.9085197592285,-0.086231|-0.046245
674,728548.6802888165,1.452144322759811,510.2738961374471,68310.72499909803,0.0037349471561323984,728547.7273657979,ok,1020.547792274894,-0.086231|-0.046245
675,728548.6802888165,1.7142744280565763,322.2881012471994,21303.850882304123,0.007564080856266824,728547.461382188,ok,644.5762024942061,-0.086231|-0.046245
676,728548.6802888165,1.5730741944456983,693.6292023957587,116057.1760427822,0.0029883081169408514,728547.6438999285,ok,1387.2584047915175,-0.086231|-0.046245
677,728548.6802888165,1.9193880500960228,307.35178493631616,31717.087712851393,0.004845208168525838,728547.9356971269,ok,614.7035698726322,-0.086231|-0.046245
678,728545.2501006117,1.9201499900246775,467.1016700120324,70464.5540524524,0.0033144442357808104,728544.4760093929,ok,934.2033400234411,-0.086219|-0.046246
679,728545.2501006117,2.163622036427144,654.9692083476525,216298.38210165963,0.001514040932677478,728544.7542755161,ok,1309.9384166944008,-0.086219|-0.046246
680,728542.2883445403,1.735755949638847,220.26498607489282,7594.88998109694,0.014500867466356614,728540.691327855,ok,440.5299721497856,-0.086264|-0.046267
681,728542.2883445403,1.7905819479903082,149.7969075798398,3241.200300016413,0.02310824597589375,728540.5575726469,ok,299.5938151596794,-0.086264|-0.046267
682,728559.4384239087,0.32300095255344763,5412.6084994785515,1103573.36969758,0.0024523102170188314,728552.8017263466,ok,10825.216998957101,-0.086337|-0.046269
683,728551.0734530811,1.179955206889859,1293.9165053595996,393469.70055264933,0.0016442390653489001,728550.0096990484,ok,2587.833010719142,-0.086315|-0.046295
684,728546.639761151,1.69720691539474,107.71463829627268,3612.339126165797,0.014909264403783009,728545.8367881398,ok,215.42927659247744,-0.086293|-0.046300
685,728546.639761151,2.5940978816098124,126.90625449625763,18711.564656716713,0.0033911181887908903,728546.4245840971,ok,253.81250899251523,-0.086293|-0.046300
686,728545.0701058445,1.2956630000479066,66.30277949374432,188.7938892934191,0.17559567140093732,728539.248865304,ok,132.60555898748865,-0.086249|-0.046294
687,728542.6782966241,1.7879946674490148,325.027146704261,43053.64255542644,0.003774676512978283,728542.0648604558,ok,650.054293408522,-0.086227|-0.046289
688,728540.1900178707,4.374581740010054,43.857768718383774,405.2639563995063,0.05411012751791464,728539.0034431418,ok,87.71553743676753,-0.086257|-0.046295
689,728540.1900178707,0.810741758077281,75.25832805865707,218.3912639230285,0.17230159921868873,728533.7064527312,ok,150.51665611731414,-0.086257|-0.046295
690,728547.5407606153,0.17055846694875654,53509.41306087088,45357034.63387652,0.0005898689529948401,728531.7589898864,ok,107018.82612174169,-0.086192|-0.045313
691,728547.5407606153,0.25910124611452934,14291.863747933647,5388721.082874851,0.0013260905072033362,728538.0646081921,ok,28583.727495867293,-0.086192|-0.045313
692,728521.8222283754,2.6283519657785837,349.6857200226986,95145.73382988501,0.0018376321562032206,728521.5009315135,ok,699.3714400450519,-0.086181|-0.045307
693,728521.8222283754,1.3616660647372545,410.5033980068693,24954.60371599232,0.008225003343647478,728520.1340324647,ok,821.0067960137386,-0.086181|-0.045307
694,728516.4402556901,2.912277949122,265.27022301897523,22431.12320281073,0.005912994650792511,728515.6559849853,ok,530.5404460379505,-0.086161|-0.045307
695,728516.4402556901,2.2617173475386263,229.7144207914837,13811.457415828505,0.008316081854193802,728515.485093727,ok,459.42884158285096,-0.086161|-0.045307
696,728514.5456164146,1.7204942205530793,73.2812530902827,1760.7622020287233,0.02080952584223161,728513.7831423497,ok,146.56250618056532,-0.086128|-0.045308
697,728514.5456164146,1.6069056512331858,84.25780309721989,1624.754613902403,0.025929393391549142,728513.4532395531,ok,168.5156061943611,-0.086128|-0.045308
698,728514.5456164146,1.3431910348283158,43.55044842912402,288.5477399868798,0.07546489262245522,728512.9023514575,ok,87.10089685824687,-0.086128|-0.045308
699,728511.762290973,1.9925639959742287,181.4964525263898,34273.15356360125,0.00264779329672106,728511.5220084278,ok,362.9929050527736,-0.086129|-0.045306
700,728505.0904711359,0.5118687229555676,43.722573637511346,87.22669480565624,0.2506261055455935,728499.6114619584,ok,87.44514727493939,-0.086070|-0.045307
701,728484.9658612182,0.9260932535714185,4678.83774484151,2004161.5937159895,0.0011672805624835636,728482.2351030408,ok,9357.675489678215,-0.086054|-0.045288
702,728477.6077098937,1.1226789676071707,2361.6424374433195,584722.4478864915,0.0020194559367265564,728475.2230934734,ok,4723.284874886638,-0.086025|-0.045302
703,728473.340911963,0.8041142039587424,1870.261081131118,423035.10697775125,0.0022105270346149796,728471.2737806223,ok,3740.522162260367,-0.086043|-0.045264
704,728461.8475214525,1.7379217910213698,36.04180578022623,106.1486182117185,0.16977048965601757,728458.7881039449,ok,72.08361156042287,-0.085988|-0.045264
705,728457.5421829734,1.4601399436671698,278.3509737734864,14341.395214821356,0.009704459350155133,728456.1915601183,ok,556.7019475469726,-0.085984|-0.045264
706,728449.673753594,0.7472986244710762,78.99021668365124,2145.8640009489272,0.018405224340573494,728448.9468372646,ok,157.98043336730248,-0.085947|-0.045263
707,728449.673753594,1.6705431600809135,17.050758691567886,90.98159127562111,0.09370444313242467,728448.87488767,ok,34.10151738313576,-0.085947|-0.045263
708,728450.8357125443,0.5588361853863097,7633.743713913967,4375561.701133125,0.0008723158574060423,728447.5061946977,ok,15267.48742781711,-0.086692|-0.045263
709,728440.6003086091,1.7803650361194825,90.82469331068194,1606.8754529508105,0.028261273499416092,728439.31689786,ok,181.64938662129424,-0.086666|-0.045263
710,728437.0106307574,1.9077604758397524,30.874704493405694,457.1556390257268,0.033768263866551795,728436.4893381733,ok,61.74940898681139,-0.086742|-0.045264
711,728432.5678166134,1.369865374911849,162.89049312609893,6911.584512550515,0.011783874799643377,728431.6080760249,ok,325.7809862521978,-0.086699|-0.045264
712,728432.5678166134,1.4247567549974096,734.1653305479076,200807.3352791483,0.0018280341440897125,728431.8967769674,ok,1468.3306610941281,-0.086699|-0.045264
713,728432.5678166134,1.4485225451341421,597.8945558951665,146955.92502888918,0.002034264885126714,728431.9596786634,ok,1195.789111790332,-0.086699|-0.045264
714,728432.5678166134,1.1531340426084822,927.4698706233983,287609.3767144179,0.0016123776651835846,728431.820100761,ok,1854.9397412467918,-0.086699|-0.045264
715,728432.5678166134,1.3734993855464077,672.0337269981035,155206.9951776891,0.0021649595310724366,728431.8403537022,ok,1344.067453996207,-0.086699|-0.045264
716,728432.5678166134,1.7597310119268266,298.48861023643786,21426.2228102063,0.006965497672652175,728431.5282557533,ok,596.9772204728756,-0.086699|-0.045264
717,728432.5678166134,1.4423499070598473,690.9018456497612,178375.5169710093,0.001936649876008631,728431.8987991265,ok,1381.8036912995217,-0.086699|-0.045264
718,728432.5678166134,1.7021608772474932,150.00068779839603,8047.781416628622,0.009319381332130809,728431.8688598085,ok,300.0013755966338,-0.086699|-0.045264
719,728432.5678166134,1.3187019736560688,1067.0671448156816,310279.2863776219,0.001719526877338856,728431.6503912957,ok,2134.1342896313627,-0.086699|-0.045264
720,728426.9002756242,2.0108578833866537,13.858819639585334,177.86094537610506,0.0389597041955429,728426.6303078674,ok,27.71763927917064,-0.086698|-0.045205
721,728426.9002756242,2.0087979044984743,12.409719193395956,154.0900742254152,0.04026774357718211,728426.6504199291,ok,24.8194383867919,-0.086698|-0.045205
722,728426.9002756242,1.8889916533892932,6.381537536267797,1.4359150859364682,1.04589995917821,728421.796582944,ok,12.763075072530555,-0.086698|-0.045205
723,728420.0774851312,1.9648635265838712,2349.495247978774,3009758.3321455745,0.000390312940225982,728419.618965932,ok,4698.990495957547,-0.086713|-0.045199
724,728420.0774851312,2.143952301681813,1904.3334555858216,2533445.776184175,0.00037583860556393876,728419.719624116,ok,3808.6669111716433,-0.086713|-0.045199
725,728417.3764303921,2.878220688881434,350.28905619900706,99566.69482280937,0.0017590674111578556,728417.0683393605,ok,700.5781123980141,-0.086712|-0.045199
726,728417.3764303921,2.6569520273032157,336.2458868700614,95907.66152071065,0.0017529667679231822,728417.0817164594,ok,672.4917737401228,-0.086712|-0.045199
727,728417.3764303921,2.8257795842723317,277.86146973180234,74441.58495592777,0.0018663054386624548,728417.1171432061,ok,555.7229394636046,-0.086712|-0.045199
728,728417.3764303921,3.17464508374176,375.65603004985627,106169.7833184134,0.0017691287403461475,728417.0441384525,ok,751.3120600993656,-0.086712|-0.045199
729,728417.3764303921,3.53776350017075,330.10082108489183,110823.6075747892,0.0014893073249854442,728417.1306196068,ok,660.2016421695828,-0.086712|-0.045199
730,728417.3764303921,7.797396604524836,606.4746917535351,1717555.3876446278,0.00017655171300915806,728417.3228933193,ok,1212.949383506506,-0.086712|-0.045199
731,728417.3764303921,2.9492397266850663,339.51385819234844,100360.43031039755,0.0016914727106205625,728417.0892911792,ok,679.0277163846966,-0.086712|-0.045199
732,728417.3764303921,2.707602753832087,398.92958834613165,107153.3991449689,0.0018614882566927056,728417.0051290202,ok,797.8591766922631,-0.086712|-0.045199
733,728417.3764303921,2.7984508329794413,241.50159605683675,43288.3254073019,0.0027894541286194005,728417.0396015801,ok,483.00319211342435,-0.086712|-0.045199
734,728417.3764303921,3.1623815496167516,252.27905478342473,52901.52469827763,0.0023844213963802674,728417.0756606042,ok,504.5581095665591,-0.086712|-0.045199
735,728417.3764303921,2.9617029844768257,255.38391013915657,48408.73482260074,0.0026377874889215724,728417.0396061507,ok,510.76782027797935,-0.086712|-0.045199
736,728417.3764303921,3.1601275134813585,218.6605825887572,110857.42749935274,0.0009862243221819029,728417.2686061997,ok,437.32116517751433,-0.086712|-0.045199
737,728417.3764303921,2.7393253735325565,453.454977245368,207449.31044836435,0.0010929295842567678,728417.1286332122,ok,906.9099544907332,-0.086712|-0.045199
738,728417.3764303921,2.8604257611760815,375.4671452137071,99743.21005809185,0.0018821689466131568,728417.0230840915,ok,750.9342904270242,-0.086712|-0.045199
739,728416.4520351236,1.9514907032193214,225.51842627871423,76287.75168736542,0.0014780775503970187,728416.285368262,ok,451.0368525571672,-0.086751|-0.045211
740,728416.4520351236,2.070020240504073,113.54190746037919,9642.428635039585,0.005887619797764418,728416.1177893324,ok,227.08381492059107,-0.086751|-0.045211
741,728416.4520351236,1.5163636245583938,110.03072696129487,8701.763195709811,0.006322323676628134,728416.1042101885,ok,220.0614539224294,-0.086751|-0.045211
742,728416.4520351236,1.6228307702510887,116.2929737687554,9843.053697103654,0.00590736255980067,728416.1085427441,ok,232.58594753751078,-0.086751|-0.045211
743,728416.4520351236,1.7924443457657917,166.83186712193486,21015.573416317235,0.003969243755975764,728416.1209369501,ok,333.66373424374945,-0.086751|-0.045211
744,728416.4520351236,1.727013346215896,219.73626584619973,77888.46697314439,0.001410582814025367,728416.2970570235,ok,439.4725316921559,-0.086751|-0.045211
745,728416.4520351236,1.4266713568708624,143.2128687664988,11892.7453585566,0.006021018042880229,728416.0208914903,ok,286.4257375329976,-0.086751|-0.045211
746,728416.4520351236,1.392843572263822,154.58037209567925,22195.53246871037,0.003482240678695032,728416.1828920937,ok,309.16074419115665,-0.086751|-0.045211
747,728416.4520351236,1.626323250938934,99.46120806335647,9593.250563986561,0.005183915889611898,728416.1942358551,ok,198.92241612655775,-0.086751|-0.045211
748,728416.4520351236,1.7604883982569677,116.78287543222483,12277.870563517412,0.004755827764597659,728416.1743355029,ok,233.56575086428631,-0.086751|-0.045211
749,728416.4520351236,1.6899637872268687,101.41367559822183,10150.694521565958,0.004995405751929605,728416.1987338944,ok,202.8273511964436,-0.086751|-0.045211
750,728416.4520351236,1.600086912852613,106.12545251100653,8308.767186015262,0.006386353723427797,728416.1131577842,ok,212.2509050218649,-0.086751|-0.045211
751,728416.4520351236,1.4623004688120638,123.67967736358096,12027.94813955247,0.005141345636371474,728416.1340951388,ok,247.3593547270008,-0.086751|-0.045211
752,728416.4520351236,2.048419566144762,118.01047853066834,12000.588119693213,0.004916862296815716,728416.1619144874,ok,236.02095706133665,-0.086751|-0.045211
753,728416.4520351236,1.8062006886606221,152.07474435411063,24180.41651569532,0.003144584880401049,728416.2129291528,ok,304.14948870804665,-0.086751|-0.045211
754,728414.3662666252,2.5277580677078397,97.60026409564689,3841.810867032092,0.012702377534145227,728413.7463889243,ok,195.20052819120434,-0.086781|-0.045211
755,728414.3662666252,2.4722751654288926,44.46213476270976,1611.5565695567886,0.013794779408499996,728414.0595939547,ok,88.92426952541943,-0.086781|-0.045211
756,728414.3662666252,2.808796201573064,35.66197215383554,1997.4660981054512,0.008926802859798239,728414.2070929277,ok,71.32394430764036,-0.086781|-0.045211
757,728414.3662666252,3.262711623564629,45.40200350777442,1467.6236424351705,0.015467863216090144,728414.0151306352,ok,90.80400701550423,-0.086781|-0.045211
758,728414.3662666252,2.987016439667055,56.779083441681884,2556.651850486606,0.011104187578546363,728414.0510238287,ok,113.55816688336348,-0.086781|-0.045211
759,728414.3662666252,2.884940471601853,37.75624901214356,2548.5412512779276,0.007407423559106854,728414.226428361,ok,75.51249802425296,-0.086781|-0.045211
760,728412.9206237457,5.656768083689052,162.0087868450514,109498.13260001528,0.0007397787660765495,728412.8606984154,ok,324.01757369000734,-0.086770|-0.045212
761,728412.9206237457,1.0230033522866553,665.9386600353325,640226.871492423,0.000520080216629281,728412.7474529844,ok,1331.8773200706482,-0.086770|-0.045212
762,728412.9206237457,0.9526351451259417,671.0325216539227,613807.081662338,0.0005466151676163497,728412.7372254685,ok,1342.0650433072014,-0.086770|-0.045212
763,728412.9206237457,5.32339799723902,128.5733953527306,67127.96773758509,0.0009576738257245207,728412.859058058,ok,257.1467907054611,-0.086770|-0.045212
764,728412.9206237457,1.4916363122354641,322.87441070740545,114647.62010555483,0.001408116498232316,728412.6933013534,ok,645.7488214144742,-0.086770|-0.045212
765,728412.9206237457,5.776167578863929,161.41844584820947,93809.8445812037,0.0008603491806687859,728412.8511856318,ok,322.8368916963488,-0.086770|-0.045212
766,728412.9206237457,1.3432762393680244,900.8666227558906,1025703.9129669386,0.0004391455523212614,728412.7228179604,ok,1801.733245511781,-0.086770|-0.045212
767,728412.9206237457,4.503955170422846,151.46090317870247,39344.8002446818,0.001924789327138283,728412.7748585807,ok,302.92180635740493,-0.086770|-0.045212
768,728412.9206237457,6.04863489945108,133.62571002242532,74246.79487258192,0.0008998752757728202,728412.8605005094,ok,267.25142004485065,-0.086770|-0.045212
769,728412.9206237457,1.1344588062534497,709.684819938576,664026.8522734318,0.000534379609430571,728412.7310031971,ok,1419.3696398763377,-0.086770|-0.045212
770,728412.9206237457,3.612079978354845,136.11229630859015,40381.674398710464,0.0016853225916869945,728412.8059271817,ok,272.2245926171803,-0.086770|-0.045212
771,728412.9206237457,12.316744437021871,606.1287852787593,22965124.381730758,1.3196723327154012e-05,728412.9166242888,ok,1212.2575705567217,-0.086770|-0.045212
772,728412.9206237457,15.068500861947314,568.2515439457691,24218037.943723965,1.1731989710855784e-05,728412.917290385,ok,1136.503087890615,-0.086770|-0.045212
773,728412.9206237457,1.2858662773026417,690.6729781811143,646201.8181566165,0.0005344096525071363,728412.7360725924,ok,1381.3459563622287,-0.086770|-0.045212
774,728414.1850496883,3.307678123210978,384.3273669317468,240477.8671489475,0.0007990909339978917,728414.031493431,ok,768.6547338629669,-0.086760|-0.045187
775,728412.2636314074,3.2007884433906697,178.37040323296776,41999.65725124244,0.00212347451035081,728412.0742489051,ok,356.740806465833,-0.086819|-0.045198
776,728412.2636314074,1.497937066533222,338.6183906192892,128219.52874619325,0.0013204634033929974,728412.0400648111,ok,677.2367812381817,-0.086819|-0.045198
777,728412.2636314074,4.194248583993142,163.51103055610972,35142.48257370337,0.0023264012468837752,728412.0734352747,ok,327.02206111211933,-0.086819|-0.045198
778,728412.2636314074,4.648704014514489,163.29466342892272,54657.47292008206,0.0014937999756015573,728412.1416666253,ok,326.58932685768997,-0.086819|-0.045198
779,728412.2636314074,3.541865081546305,149.59194575637804,46809.19710079628,0.0015978905324337779,728412.1441156305,ok,299.1838915127561,-0.086819|-0.045198
780,728412.2636314074,4.238234947189803,170.03478530446424,63791.58910237172,0.0013327367110387792,728412.1503256072,ok,340.069570608807,-0.086819|-0.045198
781,728412.2636314074,1.1146490678477843,656.6176794698953,602857.9043655451,0.0005445874348789766,728412.0848385385,ok,1313.2353589397906,-0.086819|-0.045198
782,728412.2636314074,3.0241001227695787,176.94081476471436,43850.99942820473,0.002017523170189218,728412.0851403107,ok,353.88162952942866,-0.086819|-0.045198
783,728412.2636314074,3.483557896753524,272.5578166512378,128825.95425663843,0.0010578528923925778,728412.11946837,ok,545.115633302288,-0.086819|-0.045198
784,728412.2636314074,14.221023173236546,599.8194892352284,21453863.852877446,1.3979288144750184e-05,728412.2594388826,ok,1199.6389784704568,-0.086819|-0.045198
785,728412.2636314074,6.008716575698686,208.8701096643905,169738.17555194822,0.0006152714584836161,728412.1993754989,ok,417.740219328781,-0.086819|-0.045198
786,728412.2636314074,2.988179406799062,124.25201443749216,14265.267972253503,0.004355053640743628,728411.9930693135,ok,248.5040288749843,-0.086819|-0.045198
787,728412.2636314074,5.1590337121505305,145.17625498685993,57824.88537212805,0.0012553094922072754,728412.1725108419,ok,290.3525099737193,-0.086819|-0.045198
788,728412.2636314074,6.070827508573742,137.3007266690649,107856.20511798517,0.000636498968783808,728412.219935522,ok,274.6014533381282,-0.086819|-0.045198
789,728412.2636314074,3.674357904178332,185.70466801881085,48804.35647962727,0.0019025419185306827,728412.0869759497,ok,371.4093360375344,-0.086819|-0.045198
790,728412.2636314074,4.524642562136135,197.60501415792197,115889.57035208859,0.0008525573680080551,728412.1793966021,ok,395.21002831584394,-0.086819|-0.045198
791,728412.2636314074,3.6762444406540604,186.475563057378,50145.59031501299,0.0018593415880234384,728412.0902705226,ok,372.951126114756,-0.086819|-0.045198
792,728412.2636314074,1.2885701990795233,769.5254722580216,764863.2792949587,0.0005030477296330401,728412.0700773866,ok,1539.0509445159892,-0.086819|-0.045198
793,728412.2636314074,3.5985082982238152,124.68655956078781,39966.32655051717,0.0015598951707906509,728412.1663824263,ok,249.37311912147214,-0.086819|-0.045198
794,728411.1698907443,1.9080389556419088,8.302007731656841,20.71335955595344,0.20040225027790523,728410.3380202287,ok,16.6040154633086,-0.086827|-0.045189
795,728406.6851954781,1.0646181699575528,2988.614972463127,1562324.3437822561,0.0009564643168869599,728405.255943689,ok,5977.229944926254,-0.086762|-0.045120
796,728406.6851954781,0.8260741703173256,4511.945898137803,2395931.657193725,0.0009415848495909301,728404.5610055282,ok,9023.891796270671,-0.086762|-0.045120
797,728406.6851954781,0.9418378755043162,3399.3300292150498,1505484.072422976,0.001128982395590561,728404.7663035982,ok,6798.660058426736,-0.086762|-0.045120
798,728406.6851954781,1.090531486616787,2495.221762300155,1162878.9539541204,0.0010728639269872798,728405.3466787689,ok,4990.44352460031,-0.086762|-0.045120
799,728396.3983777198,1.8099169077374089,7.9105500003873805,2.7608629985137227,1.0723638923825287,728391.0902834648,ok,15.821100000767814,-0.086793|-0.045134
800,728389.4462566286,0.9819826079681269,1905.357679485744,720974.436848242,0.0013213767244058356,728388.1874089839,ok,3810.7153589714853,-0.086764|-0.045128
801,728385.8094336105,1.935083089700829,148.39022667663056,71844.66019148455,0.0010327157667746798,728385.7328111472,ok,296.780453353261,-0.086791|-0.045145
802,728385.8094336105,4.705526914041171,26.205773185782107,595.204129236877,0.02201410566437186,728385.5209852806,ok,52.411546371564214,-0.086791|-0.045145
803,728385.8094336105,2.0637777381154474,139.78521801006477,55296.67913011882,0.0012639567168322681,728385.7210923779,ok,279.57043602012953,-0.086791|-0.045145
804,728385.8094336105,5.984626544271548,17.143994054359254,372.4695414658188,0.0230139543583761,728385.6121580622,ok,34.28798810871851,-0.086791|-0.045145
805,728383.6598233044,1.7197030860563027,593.7181231668254,190875.75331405835,0.0015552476227558049,728383.1981339545,ok,1187.4362463328193,-0.086823|-0.045145
806,728383.6598233044,2.076776034106607,467.108272316894,120790.73504998506,0.0019335434630958965,728383.2082362311,ok,934.2165446337876,-0.086823|-0.045145
807,728383.6598233044,1.9036861559305658,633.5424894797162,250883.1557330839,0.0012626246023342952,728383.2598601375,ok,1267.0849789594324,-0.086823|-0.045145
808,728383.6598233044,2.000631551993717,440.2993548954321,83125.92293639702,0.0026483877672691994,728383.0767815917,ok,880.5987097905099,-0.086823|-0.045145
809,728383.6598233044,1.9602311365470264,672.8779830791522,300867.071334915,0.0011182313506321322,728383.2836066765,ok,1345.7559661583043,-0.086823|-0.045145
810,728379.3730055459,4.108903739601194,21.103174886062902,236.29759469193576,0.04465380807954348,728378.9018369853,ok,42.206349772125805,-0.086854|-0.045158
811,728373.6622060467,2.492295780428809,159.81186288868722,34459.71074856817,0.002318821885284216,728373.4769184241,ok,319.6237257773743,-0.086778|-0.044598
812,728373.6622060467,2.6276803175174743,194.74287297716467,36305.16274670341,0.0026820272689019654,728373.4010531988,ok,389.4857459543198,-0.086778|-0.044598
813,728373.6622060467,2.6739847147989666,86.56416940091216,6413.339197639409,0.006748759634666937,728373.3701056606,ok,173.12833880182077,-0.086778|-0.044598
814,728373.6622060467,2.2725544454504223,242.86516961495693,63441.268713011,0.0019140945203476704,728373.4297726016,ok,485.73033922991385,-0.086778|-0.044598
815,728373.6622060467,4.482489399955045,106.91942936995443,16283.603348108074,0.00328303960383489,728373.4866956862,ok,213.838858739857,-0.086778|-0.044598
816,728373.6622060467,2.143024769886755,462.13080695805735,162544.62137986798,0.0014215505964914527,728373.3337348846,ok,924.2616139161146,-0.086778|-0.044598
817,728371.8914264019,4.050297835858517,42.6898363588665,2663.147747340865,0.0080149207646275,728371.720348574,ok,85.37967271770862,-0.086839|-0.044625
818,728371.8914264019,3.092599820553387,48.406488436093,2906.40413050446,0.008327556365619939,728371.6898725214,ok,96.812976872186,-0.086839|-0.044625
819,728371.8914264019,2.959923943199349,41.14946255076856,2154.5254746752385,0.009549541890882309,728371.6949471438,ok,82.29892510153712,-0.086839|-0.044625
820,728371.8914264019,3.499990931128568,30.46676949210664,1127.3781790671676,0.013512222454631824,728371.6855895185,ok,60.93353898421327,-0.086839|-0.044625
821,728371.8914264019,2.8411291089810318,46.05004429140695,2036.778222851423,0.011304628990715148,728371.631137069,ok,92.10008858277618,-0.086839|-0.044625
822,728371.8914264019,3.373590477508944,51.46166837757032,3271.493911424915,0.007865163404072475,728371.6890491864,ok,102.92333675514064,-0.086839|-0.044625
823,728371.8914264019,3.9634749904972346,52.430007497601565,4941.869636918669,0.005304673266360429,728371.7523643724,ok,104.86001499520313,-0.086839|-0.044625
824,728371.8914264019,3.7173595294591903,64.3830893747526,6756.383792764751,0.004764611613959742,728371.7380461942,ok,128.76617874942627,-0.086839|-0.044625
825,728371.8914264019,3.690198106105999,40.868251576802706,3148.773941692698,0.006489549953978756,728371.7588181219,ok,81.73650315360541,-0.086839|-0.044625
826,728371.8914264019,3.679387825093033,40.75397051895732,2938.385720240228,0.0069347550660614895,728371.7501170001,ok,81.5079410379146,-0.086839|-0.044625
827,728371.8914264019,3.2654821120552007,44.607569334805916,3062.04618427294,0.007283947832647999,728371.7289667979,ok,89.21513866961178,-0.086839|-0.044625
828,728371.8914264019,3.096866743520314,43.75359184316409,2154.5167814026513,0.010153922267126475,728371.6692911166,ok,87.50718368632818,-0.086839|-0.044625
829,728371.8914264019,3.512747223022533,56.076905013493985,4705.293843312012,0.005958916369612103,728371.7243476083,ok,112.15381002698797,-0.086839|-0.044625
830,728371.8914264019,4.067373384348108,55.293242885169164,5582.783773754894,0.004952121121465159,728371.754516984,ok,110.58648577033827,-0.086839|-0.044625
831,728371.8914264019,3.9818934988320533,29.740597398079082,1410.8995617047995,0.010539587014309976,728371.7346995949,ok,59.48119479615815,-0.086839|-0.044625
832,728371.8914264019,3.917754031208464,42.04903443965691,3334.01012382688,0.00630607479850597,728371.7588442238,ok,84.09806887931273,-0.086839|-0.044625
833,728371.8914264019,3.540293793107437,38.12000905102536,2169.0033289056573,0.008787448258610631,728371.7239375984,ok,76.2400181020507,-0.086839|-0.044625
834,728371.8914264019,3.9898259238082754,40.03441790068128,3428.8544234421806,0.005837870751668026,728371.7745685232,ok,80.06883580131881,-0.086839|-0.044625
835,728371.8914264019,3.7193183212244882,55.569510881722955,5652.770552977719,0.004915245573911585,728371.7548575058,ok,111.1390217634459,-0.086839|-0.044625
836,728371.8914264019,3.560005962743473,41.93236517275545,3226.924426132169,0.0064972648310540225,728371.7552035612,ok,83.8647303455109,-0.086839|-0.044625
837,728371.8914264019,3.6157941741014397,32.4870301177244,1865.4177931801605,0.00870770886728291,728371.7499826017,ok,64.9740602354488,-0.086839|-0.044625
838,728370.111390787,3.6628211261600243,5.900955092412955,14.460746825151418,0.20403355247702315,728369.5093943718,ok,11.80191018481915,-0.086794|-0.044625
839,728365.5517827533,6.110234891615811,73.03951834166483,46628.64371732622,0.0007832044052626485,728365.5231803171,ok,146.07903668332966,-0.086817|-0.044620
840,728365.5517827533,5.425623840807113,58.38749700302674,24078.8748654902,0.0012124216212176008,728365.5163876214,ok,116.77499400599152,-0.086817|-0.044620
841,728365.5517827533,4.9269627395812865,21.30349952768445,2486.908142046179,0.004283129555029796,728365.5061599291,ok,42.6069990553689,-0.086817|-0.044620
842,728365.5517827533,5.333118511617187,24.155622888957087,5985.298897942902,0.002017912831158622,728365.5274107826,ok,48.311245777914166,-0.086817|-0.044620
843,728365.5517827533,5.08477893760952,48.958808828370096,13272.457806248236,0.001844376133760316,728365.506633524,ok,97.91761765668738,-0.086817|-0.044620
844,728365.5517827533,4.5387508459153,29.977965122254922,2807.543292078487,0.005338825087192434,728365.4717591972,ok,59.955930244487774,-0.086817|-0.044620
845,728365.5517827533,4.577680352239671,34.731173135430225,6310.940066908507,0.002751663996743018,728365.5039984939,ok,69.46234627082652,-0.086817|-0.044620
846,728365.5517827533,4.628074423294487,41.81755115076999,5335.5326183169,0.0039187794492353215,728365.4698458733,ok,83.63510230153997,-0.086817|-0.044620
847,728365.5517827533,4.891956800241311,38.341860621217336,8229.839130921786,0.00232944168235053,728365.5071251892,ok,76.68372124243467,-0.086817|-0.044620
848,728365.5517827533,4.829534879508825,45.98775964096031,12048.229052890238,0.001908486277903571,728365.5078992492,ok,91.97551928192061,-0.086817|-0.044620
849,728364.479808785,12.705025314010769,1.0396785147334118,3.951898286736636,0.13154165913414087,728364.4114282666,ok,2.079357029465541,-0.086754|-0.044623
850,728364.479808785,2.2571813436203723,2.3256358000322876,0.22286880038900314,1.126858380410153,728362.142147583,ok,4.651271600064575,-0.086754|-0.044623
851,728361.6038383418,9.70397656418418,4.149687424119122,124.44639651830347,0.016672589726247276,728361.5692453239,ok,8.299374848238244,-0.086806|-0.044623
852,728361.6038383418,6.908226372127701,14.563304814488337,1557.6720793830152,0.004674701757592258,728361.5697987884,ok,29.126609628976666,-0.086806|-0.044623
853,728361.6038383418,6.591394783505627,16.246327025933454,991.7952468697995,0.008190363422898231,728361.5373066805,ok,32.49265405186691,-0.086806|-0.044623
854,728361.6038383418,4.495636493526203,25.38723034825381,1034.700977650385,0.012267906813958717,728361.4481142537,ok,50.77446069650762,-0.086806|-0.044623
855,728360.4085229238,6.400324843796568,1.5037507966629136,19.798534130095163,0.037976316498530734,728360.3799694657,ok,3.007501593325827,-0.086817|-0.044623
856,728360.4085229238,5.184123247669406,4.829005457962325,42.601318512988115,0.05667671361497976,728360.2716768442,ok,9.658010915924649,-0.086817|-0.044623
857,728360.4085229238,10.548973754608829,1.4375080276479084,9.777054568402868,0.07351437069266213,728360.3556841748,ok,2.8750160552958164,-0.086817|-0.044623
858,728360.4085229238,8.01225276132896,3.13783149552035,4.346385701469497,0.3609702073218514,728359.842191081,ok,6.275662991039496,-0.086817|-0.044623
859,728360.4085229238,4.191759104633956,3.1182564925011613,5.85531500157191,0.26627572484691586,728359.9933649199,ok,6.236512985002321,-0.086817|-0.044623
860,728359.2937813355,6.906574948056204,14.030486711130152,891.9491315557424,0.007865071120512278,728359.2386059475,ok,28.060973422260304,-0.086717|-0.044623
861,728359.2937813355,6.612837603713781,9.061065892858641,228.29328820673226,0.019845230589200114,728359.2038718645,ok,18.122131785702805,-0.086717|-0.044623
862,728359.2937813355,5.063752352985817,6.981391350836683,118.28467957607127,0.02951097038034756,728359.1907675187,ok,13.962782701662576,-0.086717|-0.044623
863,728359.2937813355,6.687508324759755,14.311455777722635,1155.0382701430913,0.006195230126855307,728359.2494499545,ok,28.622911555445256,-0.086717|-0.044623
864,728359.2937813355,7.509706036317108,9.937850168789938,510.6102820781481,0.009731345526713234,728359.2454270086,ok,19.87570033757987,-0.086717|-0.044623
865,728359.2937813355,8.764918643911262,11.06030338331256,353.0887498058893,0.01566221437158925,728359.2071669142,ok,22.120606766625116,-0.086717|-0.044623
866,728359.2937813355,5.7238427052224665,11.939806935424894,497.7811501006621,0.011993028395119428,728359.2221841136,ok,23.879613870829218,-0.086717|-0.044623
867,728359.2937813355,5.664235868174693,12.193123392597531,493.91643547612193,0.012343305989447075,728359.218529609,ok,24.386246785195056,-0.086717|-0.044623
868,728359.2937813355,7.319292492521531,10.284944198577975,587.293054986174,0.008756228352487586,728359.2487526755,ok,20.56988839715595,-0.086717|-0.044623
869,728359.2937813355,6.95772229050257,10.619600765519671,452.92449675971056,0.01172336762693769,728359.2315325935,ok,21.239201531021052,-0.086717|-0.044623
870,728359.2937813355,6.100486783998894,11.200556348457683,541.8991307691559,0.010334539873278573,728359.2359050374,ok,22.40111269689774,-0.086717|-0.044623
871,728359.2937813355,4.067670196030648,24.02775888230142,1141.7740037809576,0.01052211681240511,728359.1673698926,ok,48.05551776458839,-0.086717|-0.044623
872,728358.2176270563,5.103149497997914,8.557210616127746,536.6621394740007,0.007972623729815312,728358.1835153461,ok,17.114421232242933,-0.086831|-0.044616
873,728357.2450051227,5.568374064409739,3.6245558804784976,39.15811150516285,0.04628103528435754,728357.1611310234,ok,7.249111760956993,-0.086728|-0.044616
874,728357.2450051227,4.887256775343318,2.110730850722533,22.3497998757065,0.047220352362457356,728357.1951703955,ok,4.221461701445065,-0.086728|-0.044616
875,728357.2450051227,4.7863983339630405,1.8897410233998624,16.763113909215935,0.0563660496979899,728357.1917465045,ok,3.7794820467952945,-0.086728|-0.044616
876,728357.2450051227,5.194511489158176,2.211920391364493,26.165932691489537,0.0422671803341434,728357.1982593037,ok,4.4238407827243975,-0.086728|-0.044616
877,728357.2450051227,5.088707597105579,1.8897410233976477,16.920000434221052,0.055843409423784865,728357.1922403319,ok,3.7794820467952945,-0.086728|-0.044616
878,728357.2450051227,4.515984857686529,2.84324447420228,21.484157140120878,0.0661707242145568,728357.1509353498,ok,5.686488948404559,-0.086728|-0.044616
879,728357.2450051227,4.957759307615024,1.8897410233976473,17.159646050760173,0.05506351989451238,728357.1929772265,ok,3.7794820467952945,-0.086728|-0.044616
880,728357.2450051227,4.550864876997764,3.4066223283902417,31.80221375775635,0.05355951561012619,728357.1537766018,ok,6.813244656780483,-0.086728|-0.044616
881,728356.248662777,2.7945555560919377,125.98718000015171,14269.95643804108,0.004414420623748124,728355.9705825741,ok,251.9743600003034,-0.086632|-0.044616
882,728356.248662777,2.835150748195499,161.71589759399095,26124.177056059398,0.003095138599906281,728355.9983962185,ok,323.43179518798183,-0.086632|-0.044616
883,728356.248662777,2.771172006918462,154.70894492129048,21742.140325242875,0.0035578131363100353,728355.9734500187,ok,309.41788984258096,-0.086632|-0.044616
884,728356.248662777,3.0690791371527664,151.4806623103022,28083.953329071184,0.0026969255456192587,728356.0443967431,ok,302.9613246206044,-0.086632|-0.044616
885,728356.248662777,3.270756405924846,162.63290860870546,29155.78290483373,0.002789033467898106,728356.0218684645,ok,325.2658172174109,-0.086632|-0.044616
886,728356.248662777,2.576796255482426,176.42548678852958,27266.573671987662,0.0032351972218970155,728355.9632771547,ok,352.85097357705763,-0.086632|-0.044616
887,728356.248662777,2.5551025316849603,142.50372714318792,16154.992959316794,0.004410516535106385,728355.9344052545,ok,285.00745428637583,-0.086632|-0.044616
888,728356.248662777,3.2003487492256704,133.49335826430809,19237.278427936682,0.0034696529128165786,728356.0170749673,ok,266.98671652849765,-0.086632|-0.044616
889,728356.248662777,2.949569715849619,193.92215914990686,43527.089201584735,0.0022276031168981377,728356.0326719739,ok,387.8443182996507,-0.086632|-0.044616
890,728356.248662777,2.807385295712352,149.97218573574523,23671.065263330183,0.0031678376969386606,728356.0111190053,ok,299.9443714713336,-0.086632|-0.044616
891,728356.248662777,2.9948675249310215,134.87773579801737,19199.41412885629,0.0035125482187318194,728356.0117805017,ok,269.7554715960346,-0.086632|-0.044616
892,728354.375847634,4.559928053228583,8.594137524788152,205.5702299625294,0.020903166587775527,728354.2860252898,ok,17.188275049576305,-0.086632|-0.044617
893,728354.375847634,5.201276432982548,7.233690681801315,146.74004361201963,0.02464797782440074,728354.2866997103,ok,14.46738136359295,-0.086632|-0.044617
894,728354.375847634,5.961272441498383,9.167846182634808,293.6593728952635,0.01560966042433219,728354.3042941513,ok,18.335692365269608,-0.086632|-0.044617
895,728352.1856193857,8.22835392225011,1.0072976026630325,2.8068294257850077,0.17943691080930466,728352.0952462006,ok,2.014595205324099,-0.086705|-0.044617
896,728352.1856193857,11.466105747919734,0.515649829230597,7.502422978665809,0.03436555301513388,728352.1767590899,ok,1.0312996584611938,-0.086705|-0.044617
897,728352.1856193857,10.598691065686422,0.5156498292311605,7.50918577213564,0.034334603303102715,728352.1767670695,ok,1.0312996584611938,-0.086705|-0.044617
898,728352.1856193857,15.215919365821074,0.8581659085543549,20.637192662832405,0.020791730798247386,728352.1766980083,ok,1.7163318171087099,-0.086705|-0.044617
899,728352.1856193857,9.086809885997189,1.301575685571152,8.90817214742458,0.07305514891444073,728352.1380759829,ok,2.603151371142303,-0.086705|-0.044617
final,728352.1856193857,,,,,,loss_plateau,,
