round,old_loss,beta,direction_gain,interaction,step,expected_loss,status,max_gain_sum,temp
0,4521953594.0,4.424827831438386e-05,861634773.0000001,134630319.5113054,1.0000161874527793,3794939551.5182614,ok,1723269546.0,0.029935|-0.985029
1,3792605426.0,6.27052794229972e-05,596194361.0,114090958.41068092,1.0000327763232353,3310489961.438422,ok,1192388722.0,0.051284|-0.985029
2,3307113088.0,9.808397561102764e-05,374415581.50023544,95867949.03317535,1.0000314247659912,3028559714.961308,ok,748831163.0,0.072976|-0.985029
3,3029828437.0,0.0001751580091721531,203101509.0,46519111.803855106,1.0000008490708279,2873245946.3523636,ok,406203018.0,0.106629|-0.985029
4,2873977341.0,0.00020270631622771294,165602633.50000075,38193749.79371852,1.0000000010140426,2746568457.20325,ok,331205267.0,0.162744|-0.985020
5,2747110462.0,0.000173339986166974,199937209.5,23974768.166653574,1.000000006031713,2571148019.7499075,ok,399874419.0,0.217917|-0.984988
6,2572190851.0,0.00018300313052729684,179131333.50000003,18177663.81963566,1.0000000009395973,2411237181.185484,ok,358262667.0,0.293427|-0.984898
7,2412316024.0,0.00017143158764633106,192833513.5,10146063.528461138,1.000000003192424,2229628573.477636,ok,385667027.0,0.355710|-0.984410
8,2228906157.0,0.0001717564049469347,185718514.0,7402811.908262387,1.000000000000017,2050590454.9082596,ok,371437028.0,0.433523|-0.983720
9,2048814756.0,0.00016792997666558224,188672129.00000137,6634729.706905516,1.0000000001364802,1866777356.6829653,ok,377344258.0,0.498823|-0.982644
10,1866771476.0,0.00016589424195685983,185708409.00000003,6763853.828619951,1.0000000001388305,1687826920.8047159,ok,371416818.0,0.573744|-0.980878
11,1687985109.0,0.00016808029724723288,180187208.00000048,6416662.399358052,1.0000000000475096,1514214563.3914065,ok,360374416.0,0.642698|-0.976298
12,1513503814.0,0.0001709433850901213,173964631.00000122,6820140.380249983,1.0000000047838125,1346359322.6132872,ok,347929262.0,0.712625|-0.969497
13,1346925214.0,0.0001749510709190972,168902852.00006393,7348215.396243824,1.0000000086873073,1185370576.0565414,ok,337805704.0,0.771697|-0.964643
14,1185635628.0,0.00018435034748836524,156617920.5,7385166.523994587,1.0000000001705627,1036402873.9998007,ok,313235841.0,0.824805|-0.943950
15,1036045084.0,0.00019972767339607357,142529359.00005725,6991629.540525927,1.0000000000556062,900507354.5333208,ok,285058718.0,0.868044|-0.910319
16,899190521.0,0.00021216750323582175,132101064.0,7107206.552120924,1.0000000003459295,774196663.5113404,ok,264202128.0,0.921946|-0.873775
17,774034429.0,0.0002310765999624649,119779807.0000484,6880120.293566667,1.0000000001429343,661134742.2783644,ok,239559614.0,0.958390|-0.839694
18,661360689.0,0.0002536631068276997,108973203.50000001,7475208.170731861,1.0000000070701116,559862693.0059803,ok,217946407.0,0.984549|-0.781968
19,559573633.0,0.0002844546134016597,96304599.50000012,8544702.473358778,1.0000000004331642,471813735.9390455,ok,192609199.0,1.017163|-0.640163
20,471381952.0,0.0003137747528485576,85605415.00000004,10430055.24049833,1.0000001437603496,396206582.93269086,ok,171210830.0,1.035763|-0.495349
21,396184667.0,0.0003472580885811509,80511480.50000077,36375525.78127908,1.000000113335242,352048711.4017487,ok,161022961.0,1.045526|-0.389444
22,351427964.0,0.00016057726971776355,126234081.50000003,211299055.59724474,0.2987095260392779,332574302.6725657,ok,252468163.0,1.054259|-0.321284
23,332721320.0,0.0003961530156226956,70718205.0,25987162.556305863,1.0000000013504122,287990277.5309939,ok,141436410.0,1.053770|-0.322634
24,288588231.0,0.00024105896312125332,90227005.00000004,130216186.69958885,0.34645080341722573,272958621.81391,ok,180454010.0,1.070800|-0.228330
25,272949326.0,0.00047364815030953805,56720316.00000001,12690224.324861173,1.0000000297206162,228919233.393421,ok,113440632.0,1.073976|-0.229449
26,228257794.0,0.0004350398516734845,65269837.0,89545270.94519855,0.3644516137538126,216363945.28795084,ok,130539674.0,1.080948|-0.065126
27,217069599.0,0.0004740345205862214,59946521.00000003,80873703.68339296,0.3706181259775158,205960965.3640541,ok,119893042.0,1.080177|-0.055238
28,206857108.0,0.0004004214460615165,64988741.00000185,314297557.09819406,0.10338728305752916,203497603.3193402,ok,129977482.0,1.079477|-0.027898
29,203231635.0,0.00046775657659930064,14156599.5,1142850.981401799,1.0000004838212295,190217880.73800984,ok,28313199.0,1.074372|-0.029942
30,190131885.0,0.0005415130993880508,14092620.500007683,634647.4680062253,1.0000257063770666,176673582.3271757,ok,28185241.0,1.069845|-0.031640
31,177167763.0,0.0005685346630296728,13122242.000000004,470062.75970183883,1.0000418956121955,164515073.3832991,ok,26244484.0,1.058872|-0.029495
32,164377646.0,0.0006128664549701145,12229582.000000378,450794.830091649,1.0000452929776051,152598345.7525127,ok,24459164.0,1.051212|-0.025213
33,152961314.0,0.0006676181458457917,10895881.000000002,349801.01571189956,1.000004042037765,142415192.80197296,ok,21791762.0,1.045502|-0.020744
34,142289218.0,0.0007223214666780747,9638295.000000216,346759.4612246256,1.0000022300549152,132997662.51388428,ok,19276590.0,1.039970|-0.019399
35,133030615.0,0.0007731357954386946,9245385.000000067,329353.4719234848,1.00002722659529,124114349.68615924,ok,18490770.0,1.039095|-0.017508
36,124101782.0,0.0008257928284901725,7773318.500000094,339326.0735989634,1.0000457173652637,116667465.224855,ok,15546637.0,1.040633|-0.004628
37,116624828.0,0.0008475182032739996,8395976.5,393632.5059828658,1.0000039080830911,108622454.27051216,ok,16791953.0,1.041470|0.041930
38,108503547.0,0.0009238170602753613,5735420.500000083,205469.58049558653,1.0000540044807678,102973308.53524469,ok,11470841.0,1.035568|0.047488
39,102951727.0,0.001026029805019943,6836044.0,389085.5952398718,1.0000040236635896,96504744.22040391,ok,13672088.0,1.029157|0.067573
40,96567837.0,0.0010792882322091942,6383535.500000004,277400.9279916615,1.0000196262825471,90461588.03172512,ok,12767071.0,1.032508|0.072269
41,90393911.0,0.0010784545962809347,6278140.500000002,324693.5110195351,1.0000006819453788,84440460.17251727,ok,12556281.0,1.032665|0.078415
42,84476299.0,0.0011791829529477686,5825805.000003163,275135.46045105107,1.0000635241737843,78925294.3376145,ok,11651610.0,1.020991|0.078883
43,78882313.0,0.0012941885336749887,3909355.500001896,170551.87205409218,1.0000262731220402,75143415.62305607,ok,7818711.0,1.017067|0.087792
44,75090469.0,0.0013574219695995046,3372189.000000002,115090.05935986066,1.000021206460177,71833303.4285254,ok,6744378.0,1.014551|0.117695
45,71893190.0,0.0014722259004261663,3097291.000001574,112169.04791326793,1.000005912967129,68908051.06023952,ok,6194582.0,1.018248|0.116307
46,68861269.0,0.0015336468764599414,3061520.5000000005,82558.89329583642,1.0000000068555062,65882307.373439535,ok,6123041.0,1.018313|0.121325
47,65803916.0,0.0015785218870219527,4365412.5,196560.85064807697,1.0000000421050448,61635064.183394596,ok,8730825.0,1.017638|0.129617
48,61735256.0,0.0016141328935922275,2828357.5000000005,99995.65504955617,1.0000036409221076,59006884.58537431,ok,5656715.0,1.011997|0.166878
49,58966196.0,0.0017808033791104404,2494404.0000012084,82937.640821896,1.0000000215941878,56554729.590538,ok,4988808.0,1.009183|0.174873
50,56548352.0,0.0018246733166752567,2416608.5,137154.61923362623,1.0000000003394953,54268898.11850633,ok,4833217.0,1.010605|0.205108
51,54249554.0,0.0018283039273522123,2355167.0,78072.85884911256,1.0000001216454109,51972459.59134827,ok,4710334.0,1.006981|0.228981
52,51942871.0,0.0018089659628556585,3578246.000000027,250737.75190382643,1.0000000095170547,48615362.72262201,ok,7156492.0,1.009708|0.247311
53,48657160.0,0.0020401427035870914,2278027.5,163173.01496978736,1.0000004588936924,46542304.61935551,ok,4556055.0,1.005415|0.255729
54,46541132.0,0.0019184304420889788,3102488.0,359655.39281459013,1.0000077834141807,43798280.84358106,ok,6204976.0,1.007808|0.292369
55,43791690.0,0.0020043590077151795,2100798.0,292046.7174096635,1.0000005808620818,41982937.83641359,ok,4201596.0,1.007866|0.311450
56,41984287.0,0.0021426660583394198,2937442.0000000047,353664.5746101437,1.0000000672806613,39400509.42456668,ok,5874884.0,1.009792|0.314298
57,39407573.0,0.002227017420537048,2892279.0,532754.2614837922,1.000001204080098,37048046.06190658,ok,5784558.0,1.008799|0.335360
58,37020169.0,0.002378943096549831,1909592.0,266152.1515300979,1.000000373492461,35376728.63712357,ok,3819184.0,1.005362|0.344367
59,35373858.0,0.002407769658219881,2048300.5000009765,247668.5946617683,1.0000029859502317,33573221.45759185,ok,4096601.0,1.007257|0.360556
60,33545411.0,0.0025474197298115996,1645833.5000000033,154782.98756026194,1.0000001377547296,32054360.303483088,ok,3291667.0,1.002210|0.352907
61,32031993.0,0.002572807678112941,2384305.000001099,464027.9308279932,1.0000035079707934,30111710.82235316,ok,4768610.0,1.005660|0.395409
62,30141636.0,0.002361534303322492,2376569.5,1103305.411382568,1.000001348428242,28868371.682207495,ok,4753139.0,0.998933|0.395256
63,28780054.0,0.0014076430900695242,4197297.000001717,19632098.26384616,0.10689883841227824,28555710.91311424,ok,8394594.0,0.999553|0.410883
64,28549155.0,0.002681117244381087,1737793.5,1653570.0838803544,0.525467144374674,28092578.306021065,ok,3475587.0,0.998433|0.410661
65,28079976.0,0.002246278414491482,2501291.5,1922548.712093246,0.6505144666208812,27266412.847007077,ok,5002583.0,0.994913|0.402804
66,27215778.0,0.0012995437594320043,3105572.0000000005,11491238.242573775,0.13512782236531296,27005953.409220655,ok,6211144.0,0.996841|0.457538
67,27027953.0,0.0027422161488294544,1527830.5,686777.2631261344,1.0000007972450353,26186899.640130814,ok,3055661.0,0.994986|0.455146
68,26206055.0,0.0014477568363334815,3715154.000001574,17618102.91864147,0.10543569921113984,26010200.070166383,ok,7430308.0,1.001929|0.532053
69,26016863.0,0.003094088100947745,1441794.5000000002,2086168.981395981,0.3455603340040098,25767749.50550743,ok,2883589.0,0.999483|0.529828
70,25861381.0,0.0026757120197090567,1398046.0,1085334.83422307,0.6440620700250455,25411166.799624883,ok,2796092.0,0.998099|0.531959
71,25436527.0,0.002682953968567061,2227253.5,4401348.358451407,0.25301945206441784,25154757.76991072,ok,4454507.0,0.999054|0.536524
72,25134508.0,0.0031102163622245306,1272892.5000005672,648574.2121124897,0.9813005792001754,24509962.926244944,ok,2545785.0,0.995792|0.536497
73,24460902.0,0.0014515769200756832,3189060.5,13178597.52832973,0.12099392568687789,24267973.52542602,ok,6378121.0,0.998331|0.544147
74,24288930.0,0.0033309986001735215,1209505.5,176104.58397804596,1.0000002142818394,23255528.90027502,ok,2419011.0,0.996948|0.543891
75,23211153.0,0.003721935783548937,2019392.000000706,1212509.0775847286,0.8327327346790908,22370346.088725165,ok,4038784.0,1.000594|0.547380
76,22216528.0,0.0024091694281507723,1704325.5,3481241.6389796855,0.24478701520120844,22007929.623961847,ok,3408651.0,0.991447|0.457534
77,22048203.0,0.001775848632248586,2956308.0000000102,7551649.581235746,0.19573922016626746,21758870.288754348,ok,5912616.0,0.991333|0.457228
78,21735547.0,0.003153163473526167,1830314.000000926,416309.33325374196,1.0000245300745165,20321517.859962445,ok,3660628.0,0.993761|0.487809
79,20325108.0,0.002880284766721559,2232051.0,2013685.3292211446,0.5542204056438439,19706583.894681126,ok,4464102.0,0.997988|0.488607
80,19736698.0,0.0028993027893584686,1351373.5000000016,761459.7899086821,0.8873570987655598,19137122.56584567,ok,2702747.0,0.992653|0.488646
81,19115907.0,0.003036572933064025,1968887.0000000002,5391902.22589547,0.18257814380833043,18936169.133085825,ok,3937774.0,0.997585|0.493365
82,18927500.0,0.0043199852298764,921549.5000000001,211019.8785390772,1.000000204343712,18216970.27646741,ok,1843099.0,0.996702|0.493274
83,18226998.0,0.003225979103930078,1822662.0,4358867.030739109,0.2090752008660082,18036461.28811958,ok,3645324.0,1.001843|0.511868
84,18037700.0,0.003908424192511906,1005556.0000000005,516507.7921649306,0.9734180347843694,17548286.827307183,ok,2011112.0,0.999857|0.511823
85,17542228.0,0.0015775158582364312,2819503.5000000014,13954333.474837946,0.10102609003447027,17399806.29277825,ok,5639007.0,1.003424|0.525985
86,17399698.0,0.003728373348395029,1183151.0,1652491.1851961233,0.3579901092965829,17187919.82209782,ok,2366302.0,1.001992|0.525852
87,17146880.0,0.0034968518827330785,1058848.0,728534.0879313082,0.7266976367616695,16762148.830355091,ok,2117696.0,0.999925|0.521147
88,16717667.0,0.003237302592325174,1764970.5,4380183.6708710985,0.20147220215185585,16539870.75331597,ok,3529941.0,0.998078|0.521694
89,16565891.0,0.003883045959996412,984804.0,503195.648960305,0.9785497967190163,16084051.122995963,ok,1969608.0,0.998059|0.521653
90,16065820.0,0.00161181465389207,2672520.0,12467271.731238468,0.10718142900918863,15922597.743672183,ok,5345040.0,1.001512|0.540294
91,15915447.0,0.005787807083526975,1236049.5,2057593.514031311,0.3003628976206985,15729815.295288693,ok,2472099.0,1.000443|0.540206
92,15725755.0,0.004318858043916416,881499.0000003458,526665.0702233252,0.8368686759751868,15356905.54949813,ok,1762998.0,1.002767|0.521878
93,15459796.0,0.0020485061069106603,2719194.5,15452748.350877903,0.08798417078491791,15340172.963357294,ok,5438389.0,1.001961|0.524672
94,15349180.0,0.004185983469955469,1002301.0,363938.23598685075,1.0000172005869663,14710812.515831565,ok,2004602.0,1.000860|0.524358
95,14739489.0,0.002273385615415245,2680418.5,12843004.561149526,0.10435324877592687,14599633.810722953,ok,5360837.0,1.007146|0.536177
96,14617469.0,0.005011471720675805,1438428.0000000126,5434971.891968424,0.13233076716787273,14522294.859622125,ok,2876856.0,1.006082|0.536060
97,14515618.0,0.004755147542653674,800503.0,241881.9757495809,1.0000015101209185,13956996.49743587,ok,1601006.0,1.004798|0.536435
98,13958581.0,0.004235418967707885,1385485.0,1907429.9296781274,0.36318109998247644,13706990.016845388,ok,2770970.0,1.002702|0.544331
99,13715967.0,0.004493750192913283,840863.0,811119.2561115547,0.5183350004727015,13498042.63824876,ok,1681726.0,1.001116|0.544321
100,13466890.0,0.0030628123635044052,1709451.0000000002,9564320.318720987,0.08936604709139441,13390506.560716785,ok,3418902.0,1.003281|0.612224
101,13399403.0,0.00509735692903266,1108024.00000053,200257.731773248,1.0000001379106156,12491636.634199783,ok,2216048.0,1.002005|0.612193
102,12498469.0,0.004350177548626392,1428420.0000006375,1737526.4423700355,0.41104985949227685,12204893.07985189,ok,2856840.0,1.007301|0.629589
103,12226853.0,0.0038481129002216423,865076.5,814465.185739573,0.5310702747929426,11997144.792714043,ok,1730153.0,1.001675|0.629056
104,12011232.0,0.004021861691265806,1370797.0,4739961.37969838,0.1446000178262242,11912123.364681933,ok,2741594.0,1.002890|0.629188
105,11964972.0,0.0048758999393768085,1140060.0000004529,1218587.4553867946,0.4677793107752713,11698323.759478666,ok,2280120.0,1.002989|0.629101
106,11691786.0,0.003089643248939257,1621455.5,8698091.468982102,0.09320754476899928,11616220.056946406,ok,3242911.0,1.004559|0.629811
107,11608644.0,0.00544812537248942,713160.0,533716.7625449841,0.6681071778590536,11370410.342519019,ok,1426320.0,1.003934|0.629783
108,11328310.0,0.004063075890161271,1175133.5,2229602.88978877,0.263529775948427,11173468.666017756,ok,2350267.0,1.004990|0.641374
109,11163660.0,0.005655374794037747,770772.0,144348.259694521,1.0000001435389225,10537236.19049793,ok,1541544.0,1.005757|0.641327
110,10521754.0,0.0051261067325896,1032783.5000000001,634980.849511373,0.813239880222169,10101803.635082284,ok,2065567.0,1.003982|0.639649
111,10106128.0,0.0030303885986414517,2031969.000000843,11206834.145025695,0.09065758329718657,10014021.300562562,ok,4063938.0,1.005062|0.639790
112,10014404.0,0.006033723452381289,862523.5000000002,1238214.713218572,0.3482931880844748,9864198.470193611,ok,1725047.0,1.004478|0.642058
113,9848020.0,0.0052394837242319674,948262.0000003967,1001611.2183055584,0.4733683003294365,9623581.414396409,ok,1896524.0,1.006095|0.648778
114,9650000.0,0.00205297078584631,1855559.500000748,13275233.794498466,0.06988801586190259,9585159.314115623,ok,3711119.0,1.007318|0.669997
115,9579690.0,0.005997481678419704,673717.5000002872,974664.0920311093,0.3456152255472563,9463266.487141132,ok,1347435.0,1.006462|0.669916
116,9459731.0,0.004254737164659802,1152020.0000004522,6676143.437585478,0.08627885326091021,9410033.517733162,ok,2304040.0,1.007910|0.677189
117,9394713.0,0.0065132049253655245,764454.0000000001,231799.93330348274,1.0000002155067091,8862058.86846741,ok,1528908.0,1.007525|0.677001
118,8855466.0,0.0032827219025768095,1694318.5000000005,11192899.133406147,0.07568720488792598,8791346.88427255,ok,3388637.0,1.009469|0.694502
119,8776503.0,0.00536320966693214,815010.5,1067533.0722308161,0.3817261128486064,8620947.6049521,ok,1630021.0,1.009109|0.694110
120,8633743.0,0.00546384986508362,609157.0000000001,949153.6631297952,0.320894826445346,8536005.335103517,ok,1218314.0,1.009203|0.703657
121,8544209.0,0.006491520974157516,847131.5000000001,3025039.984558127,0.14001988474934857,8484901.37250123,ok,1694263.0,1.010363|0.704068
122,8470310.0,0.0062547039394293446,750209.5,608389.0895960971,0.6165540382208825,8239037.651631665,ok,1500419.0,1.010383|0.705965
123,8219018.0,0.0034266325960705616,1315169.0,9578466.544043472,0.06865237739008755,8173873.260740127,ok,2630338.0,1.011090|0.716088
124,8184072.0,0.007260898864237751,460161.5000000029,231480.8442280789,0.9939515762837899,7955382.875864943,ok,920323.0,1.009083|0.715996
125,7994382.0,0.003338922572911731,1621169.000000635,10416688.93787359,0.07781594562674787,7931305.6006220905,ok,3242338.0,1.011965|0.766331
126,7948572.0,0.004616109747765619,864902.5,1536306.772510127,0.2814875633812578,7826842.351356321,ok,1729805.0,1.011129|0.766254
127,7810284.0,0.0069875859970318175,585336.0000002626,604819.2218195342,0.48389335100771236,7668663.900747211,ok,1170672.0,1.011668|0.764565
128,7674248.0,0.00544139977545037,1013077.5000003693,2386583.958614869,0.2122442615822201,7566738.057043429,ok,2026155.0,1.011663|0.780152
129,7556527.0,0.007176145581807155,451837.00000000006,176595.35526217474,1.0000007930736374,7281285.277028514,ok,903674.0,1.011128|0.781913
130,7276076.0,0.004744694031096378,1213519.0,3148855.1350545683,0.19269209727855108,7159158.239401314,ok,2427038.0,1.014934|0.793412
131,7160259.0,0.007029328221141024,479710.5000002396,224438.5800432695,1.0000099025544091,6904986.774736212,ok,959421.0,1.013006|0.793211
132,6914396.0,0.0031353569469948083,1816173.5,10574738.389395818,0.08587321185275043,6836415.674136574,ok,3632347.0,1.016978|0.828884
133,6836047.0,0.006501903972581743,621362.0000000003,1838389.0800122567,0.16899632584737112,6783543.052489413,ok,1242724.0,1.015469|0.828011
134,6772144.0,0.007541771962123208,454259.50000020623,253303.32932610094,0.8966710015394147,6568483.339588011,ok,908519.0,1.013759|0.824341
135,6551769.0,0.004765851750294535,1325324.5,7404197.684141116,0.08949818444466189,6492461.931724985,ok,2650649.0,1.015539|0.848832
136,6501779.0,0.006074851360973586,517973.5,692025.5829750692,0.37424447357364565,6404854.6400837,ok,1035947.0,1.014667|0.848574
137,6438878.0,0.0021559658873958605,1541879.5000006626,12661272.754222514,0.0608895934054674,6391935.7920823665,ok,3083759.0,1.016363|0.851243
138,6394902.0,0.005201379647507849,1269630.000001017,63510091.25219184,0.009995498156028865,6388556.707838075,ok,2539260.0,1.015593|0.851228
139,6389945.0,0.011367681760216426,384280.0,351003.83375854755,0.5474014284760531,6284767.289532611,ok,768560.0,1.015441|0.834666
140,6305830.0,0.005366657282696518,914422.0000000001,3260277.9169205297,0.14023681773480684,6241712.184326651,ok,1828844.0,1.014727|0.824345
141,6240922.0,0.0072405575736844184,465285.00000021356,353620.3326989693,0.6578877923237271,6087869.3392742565,ok,930570.0,1.015646|0.824575
142,6073089.0,0.006515814803585138,614768.5000002431,2421448.089984543,0.12694232483095835,6034068.928688563,ok,1229537.0,1.015179|0.827672
143,6035712.0,0.007086417338033111,428472.00000000023,297971.2553704591,0.7189821036047476,5881680.150052133,ok,856944.0,1.014191|0.822807
144,5894634.0,0.0036864228207061835,1278480.0000000012,12122085.679764492,0.052733499571537404,5860924.63773389,ok,2556960.0,1.016414|0.828695
145,5863773.0,0.006755198948974858,479336.0,490016.87581608887,0.4891015224748121,5746551.016311507,ok,958672.0,1.015664|0.828466
146,5756660.0,0.00716650392801709,390481.0,289471.6421981804,0.6744719396946417,5624975.761258049,ok,780962.0,1.015983|0.833907
147,5637251.0,0.005261633268131862,1051301.5,10934068.711558841,0.048074578994031156,5611980.561495853,ok,2102603.0,1.017336|0.829615
148,5620295.0,0.008555741685458591,368296.00000016997,192435.76466599517,0.9569323057993143,5444077.829751587,ok,736592.0,1.017125|0.831895
149,5440132.0,0.0052470039757125065,1125860.0,4517990.392720829,0.12459743183760773,5369992.367695656,ok,2251720.0,1.016979|0.836518
150,5371522.0,0.006465258617642857,502998.0000002033,1152941.284245928,0.21813686736405882,5316660.795994784,ok,1005996.0,1.015716|0.836664
151,5317169.0,0.007217415909553154,756170.5,7178583.065711716,0.05266850665919194,5297255.814492633,ok,1512341.0,1.016243|0.838760
152,5306246.0,0.008632285407914395,561710.0,404146.6455950885,0.694933393759716,5111070.481695615,ok,1123420.0,1.015412|0.837830
153,5124460.0,0.0035373466630343894,1586967.0,14642561.587402882,0.05419021086328505,5081460.961818463,ok,3173934.0,1.015771|0.838648
154,5073410.0,0.009689434267066479,740075.5,7709940.203677506,0.047994892336972794,5055650.078028135,ok,1480151.0,1.014836|0.838513
155,5057879.0,0.0090410259181845,353591.5000000001,275635.077633133,0.6414123758054956,4944480.017960186,ok,707183.0,1.013584|0.808407
156,4935475.0,0.0073400636493054575,776256.5,1746500.0838165623,0.22223202483439775,4849220.473107069,ok,1552513.0,1.012161|0.811165
157,4855030.0,0.007273657729884809,776778.0000000166,1580982.9293551438,0.24566299407067324,4759617.195395883,ok,1553556.0,1.012299|0.827873
158,4763376.0,0.007689739491932944,600468.0,1386614.1327631949,0.21652310682980308,4698368.4015440615,ok,1200936.0,1.011795|0.826767
159,4684420.0,0.008728336205232185,554986.5000000092,439545.6048627993,0.6313184500766922,4509233.391503253,ok,1109973.0,1.011760|0.826816
160,4501545.0,0.005712990500953331,1036117.0000000002,3558304.432857192,0.1455913932535608,4426120.141198151,ok,2072234.0,1.011787|0.840205
161,4429431.0,0.008033224280538952,410942.50000000664,542183.6522197934,0.37896983643599097,4351563.5939952,ok,821885.0,1.011876|0.839787
162,4353323.0,0.006054176620237663,647040.0,6140297.368993197,0.05268800199053657,4336277.377596022,ok,1294080.0,1.013957|0.877823
163,4333190.0,0.00944978876987202,332021.5000001362,362301.2804346231,0.45821187769725413,4257121.902524539,ok,664043.0,1.012829|0.877612
164,4272829.0,0.007885701188071482,465515.50000015914,1311577.2299282532,0.1774640064564189,4231522.877151204,ok,931031.0,1.012105|0.880972
165,4231700.0,0.00857871309068857,432609.0000000015,1365123.9678778043,0.15845044486052326,4197426.455749666,ok,865218.0,1.013003|0.883498
166,4196010.0,0.010003921738478493,428547.0,216855.63412082166,0.9880928428201086,3984287.8882439854,ok,857094.0,1.012996|0.883569
167,3969314.0,0.004098082639955642,1482569.500000523,13459800.404869074,0.055073977897332135,3928488.500062856,ok,2965139.0,1.011737|0.884391
168,3922711.0,0.006855215744349877,923555.5,3273929.815153906,0.14104693016404568,3857578.66594444,ok,1847111.0,1.011647|0.884322
169,3860293.0,0.00910356879977407,585289.5,999399.3963820059,0.29282061912326873,3774600.5831218255,ok,1170579.0,1.010857|0.898968
170,3774198.0,0.0048253762122607985,880984.500000003,10232197.199162768,0.04304962477033222,3755234.973923261,ok,1761969.0,1.011587|0.899154
171,3757685.0,0.009816062833035898,428159.00000019465,539320.4344097443,0.3969430534083049,3672707.6295978385,ok,856318.0,1.011669|0.897831
172,3679510.0,0.005473934161740534,1015490.0,9312526.584258243,0.05452279737469792,3651826.322246984,ok,2030980.0,1.013077|0.893776
173,3648609.0,0.010803888758830255,306400.0,488376.7156711558,0.3136922688655695,3600551.344409795,ok,612800.0,1.011418|0.904627
174,3606946.0,0.00872052726867538,516050.0000001784,2720111.362491056,0.09485824865780201,3582470.200390062,ok,1032100.0,1.010519|0.904985
175,3576630.0,0.012317558320251495,351870.0,161609.78216682276,1.00000201646343,3386369.724394924,ok,703740.0,1.010639|0.905028
176,3385160.0,0.006191645781008648,1075247.0000000012,3951423.1315142033,0.13605819526444407,3312011.916858246,ok,2150494.0,1.007996|0.920589
177,3307897.0,0.008355133898431117,357128.5000001696,532812.6614778333,0.33513514769865066,3248053.843702523,ok,714257.0,1.008556|0.920451
178,3240950.0,0.009233638920006811,547064.5000002261,2170967.43115787,0.12599555666951048,3206486.1518941717,ok,1094129.0,1.008792|0.931258
179,3209818.0,0.010114215139659346,439566.5000001622,1306504.1029963333,0.16822239554857177,3172845.5351835354,ok,879133.0,1.007709|0.931027
180,3184179.0,0.005497655761653881,727043.5000000001,7586491.467902513,0.04791697869008548,3166760.136051867,ok,1454087.0,1.009813|0.978874
181,3160775.0,0.011561854518742967,251219.0,230954.93579018075,0.5438701691749702,3092459.7399850166,ok,502438.0,1.009438|0.978824
182,3086952.0,0.008469192261433783,631205.0000002241,2428090.490121998,0.12997971092265792,3045930.0782835176,ok,1262410.0,1.008831|0.984331
183,3026418.0,0.01243386387972947,435300.0,704436.0485078071,0.3089705594440314,2959170.557737007,ok,870600.0,1.008968|1.008939
184,2956491.0,0.008089749263283683,651556.5000000001,4917477.626291434,0.0662490558692565,2934908.4985147617,ok,1303113.0,1.008850|1.012105
185,2938645.0,0.01134269397449642,465012.5,869116.3501682266,0.267520280748367,2876444.8627242497,ok,930025.0,1.009023|1.012127
186,2863762.0,0.01242452389537939,417372.50000018324,2133238.035161667,0.09782604967676585,2843347.048540633,ok,834745.0,1.009698|1.022947
187,2848775.0,0.009112296453167485,446098.5,3086834.7223767703,0.07225824187576158,2832657.853343293,ok,892197.0,1.009263|1.023129
188,2835839.0,0.014050709942128795,352488.50000015844,270034.55949450395,0.6526729405673215,2720809.147094366,ok,704977.0,1.009044|1.023141
189,2695075.0,0.008173401351270173,781402.5,3312951.787190026,0.11793146266441273,2648999.0301226857,ok,1562805.0,1.009790|1.060247
190,2669773.0,0.010930298386934096,455267.5000001713,1296832.3252641808,0.17553059525541503,2629816.3123622625,ok,910535.0,1.008941|1.060065
191,2633720.0,0.013347047878891174,223981.0,303263.7020005555,0.36928422116206594,2592363.6754299495,ok,447962.0,1.008772|1.043710
192,2584080.0,0.01136562681273623,452979.0000001921,2880571.5200321977,0.07862658449027658,2566271.9041920817,ok,905958.0,1.008940|1.052463
193,2565575.0,0.017034846852426976,302498.50000000006,1099721.3677293672,0.13753415586739903,2544773.062075673,ok,604997.0,1.008164|1.052298
194,2548403.0,0.011245748604123086,381228.0,1743750.0744177897,0.10931268350691997,2527566.472146012,ok,762456.0,1.008134|1.036042
195,2526477.0,0.015141747647908644,312680.5,1058172.261332855,0.1477455568558153,2503378.4227047726,ok,625361.0,1.008587|1.036056
196,2505262.0,0.011279943182745373,350905.5,1394617.5146006732,0.12580707481666623,2483188.8027539602,ok,701811.0,1.007541|1.036298
197,2484822.0,0.01592469381963788,236127.50000010856,153196.0149696269,0.7706711563186676,2393833.67326814,ok,472255.0,1.007810|1.036336
198,2398409.0,0.004932612379304947,1214600.0000000005,20796107.556941014,0.029202580258693878,2380674.273008895,ok,2429200.0,1.011626|1.038707
199,2379848.0,0.00891849552954069,941794.5000003513,10697180.134380784,0.04402068994675614,2359118.778160962,ok,1883589.0,1.010837|1.037753
200,2352888.0,0.011710745440629965,321232.0,735544.9719089451,0.21836326279704762,2317815.3661825894,ok,642464.0,1.010266|1.048427
201,2311101.0,0.016172762981483995,199177.00000007873,167851.57129453734,0.5933128849016645,2252013.8597619473,ok,398354.0,1.010662|1.054122
202,2257336.0,0.00925704693783006,345762.5000000007,1436075.2244500502,0.12038453630881753,2236523.7708822615,ok,691525.0,1.011282|1.056462
203,2233679.0,0.01139750140457164,277947.0,624491.3385182683,0.22253871499602007,2202752.0158915003,ok,555894.0,1.010662|1.048898
204,2194267.0,0.01900956228474134,197493.0,468358.07521839853,0.21083548085287915,2173447.734189961,ok,394986.0,1.011287|1.092214
205,2172261.0,0.015835683625430454,286347.5000001123,357666.95558482874,0.40029907086593935,2114948.6809025854,ok,572695.0,1.011279|1.105192
206,2117016.0,0.009526812218785615,581917.5,4696438.977026155,0.06195305665064529,2098990.216078249,ok,1163835.0,1.012763|1.113534
207,2092488.0,0.01618363278506842,189530.0,268915.0780827934,0.35239749543096954,2059093.0513454843,ok,379060.0,1.012166|1.113651
208,2063322.0,0.009875944410310379,560241.5,9820354.365680037,0.028524505284550625,2055331.6941863128,ok,1120483.0,1.012839|1.117006
209,2058663.0,0.014882698220274927,217298.50000008527,576244.1847173134,0.18854723896839395,2038177.4838965053,ok,434597.0,1.012455|1.116801
210,2037142.0,0.017691586939657725,162294.5,177065.8200598565,0.4582886181679132,1999953.1389293738,ok,324589.0,1.012440|1.119535
211,2003684.0,0.01253337022852426,508296.00000011595,6023462.958254421,0.0421930045492816,1992960.7322798069,ok,1016592.0,1.012882|1.138506
212,1995679.0,0.01329191141657721,252324.50000009628,822019.4250429252,0.1534784290449828,1976315.8160652122,ok,504649.0,1.013038|1.133464
213,1973207.0,0.016042369815497965,196740.5000000854,434720.99648537836,0.22628364122125244,1950947.4216421454,ok,393481.0,1.012492|1.135246
214,1946198.0,0.016498505242585098,297249.5,1809134.2300298219,0.08215241717998452,1933988.117534729,ok,594499.0,1.013171|1.145877
215,1935682.0,0.017957125216661363,178313.5,549809.103522071,0.16215946485582514,1921224.3891317153,ok,356627.0,1.013172|1.148552
216,1920127.0,0.016517013700980285,259665.50000011746,502994.30384014634,0.25811972224902197,1886614.6066311582,ok,519331.0,1.012731|1.153818
217,1888487.0,0.006594825110633046,580751.0000000005,11390920.437382463,0.025491838135138976,1881084.79475559,ok,1161502.0,1.013132|1.174892
218,1884472.0,0.016281766497727737,175926.5,529212.5001356382,0.16621536713032073,1869851.1561072737,ok,351853.0,1.012885|1.174837
219,1875902.0,0.017093977453588493,166011.50000000338,944932.0087677555,0.08784309265620693,1868610.518211752,ok,332023.0,1.012377|1.172512
220,1875653.0,0.0154321994755048,244648.50000000006,639280.5185619511,0.19134675068022722,1852246.6522331042,ok,489297.0,1.012233|1.172488
221,1848040.0,0.014913985456244392,455397.5,22447628.08023343,0.010143554997710573,1845730.325206465,ok,910795.0,1.013543|1.186080
222,1843746.0,0.020853039237045755,320465.0000000001,38448656.64171688,0.004167440789755641,1843078.2405436554,ok,640930.0,1.013326|1.183371
223,1842995.0,0.017442521400534268,257757.00000011123,665288.9273291331,0.1937180895486279,1818028.9031960964,ok,515514.0,1.013177|1.175416
224,1827929.0,0.008561159288504542,393347.5000001113,4036103.1620480674,0.04872862315547359,1818345.3589516736,ok,786695.0,1.013796|1.175410
225,1822409.0,0.015476171124929957,250572.50000010157,731089.835987048,0.17136915852605336,1800938.8007626066,ok,501145.0,1.013808|1.175410
226,1801063.0,0.00777997531315638,505275.5,14308782.341084534,0.017656132015832406,1796602.3945338172,ok,1010551.0,1.013634|1.180918
227,1794497.0,0.015099351591638097,151731.5,520835.8948390799,0.14566152362336676,1783446.2792641704,ok,303463.0,1.013406|1.180761
228,1782467.0,0.014887759741869523,278508.00000012165,4354735.895977971,0.03197759940589638,1778013.9913723294,ok,557016.0,1.013967|1.199362
229,1780039.0,0.018983765922939835,207327.0,219922.9647584809,0.47136277975264257,1731175.8844811118,ok,414654.0,1.013863|1.199297
230,1727486.0,0.008154688681006151,680240.0000002704,10058504.142592592,0.0338141730796632,1715985.1234521403,ok,1360480.0,1.015709|1.216084
231,1713596.0,0.014592040147237091,252990.50000000003,1142053.83028298,0.11076119762993729,1699585.2346155017,ok,505981.0,1.014975|1.215905
232,1696296.0,0.019674044075798203,233821.5,295887.429042408,0.3951190166421156,1650102.339425108,ok,467643.0,1.014179|1.216050
233,1649836.0,0.009575760784896007,585384.5,8441540.127532694,0.0346728494537819,1639687.5256794614,ok,1170769.0,1.014828|1.227263
234,1639450.0,0.013414903334446114,265749.0,1333887.8430655971,0.09961444711470062,1626213.7801468577,ok,531498.0,1.014966|1.226978
235,1625489.0,0.01645064609592715,160352.0,169005.6444065058,0.4743983568214699,1587453.6373434819,ok,320704.0,1.015078|1.224497
236,1590261.0,0.009511119613044827,673256.5,16079452.010172693,0.020935306115347187,1583213.5845391764,ok,1346513.0,1.015886|1.231004
237,1584283.0,0.01354363012243309,247577.50000000297,3546263.524563814,0.03490681082851206,1579961.929521052,ok,495155.0,1.015100|1.230649
238,1581629.0,0.018872009456222603,157081.50000000003,253670.95833878976,0.30961664084189355,1557311.476815797,ok,314163.0,1.014750|1.230367
239,1556745.0,0.012823312478824607,332343.50000000035,4078633.518013996,0.04074201549761058,1549974.8279862348,ok,664687.0,1.015357|1.246700
240,1549239.0,0.01840867396000505,257251.00000012893,680242.2213080636,0.18908779251121108,1524917.4881443372,ok,514502.0,1.015547|1.249249
241,1522065.0,0.011022232860985722,461796.0000000001,8743922.865843752,0.026406683080651736,1515967.7496900435,ok,923592.0,1.016632|1.268156
242,1515349.0,0.021067148184641674,123675.0,258896.64982866024,0.2388501359168785,1500579.10472024,ok,247350.0,1.015901|1.268027
243,1500120.0,0.014606223910803741,331545.0,6924937.910269043,0.023938481781067625,1496151.6580289481,ok,663090.0,1.015674|1.284529
244,1496513.0,0.01924299997151886,184730.00000000003,1324899.099012253,0.0697147428576716,1490073.7977759512,ok,369460.0,1.015234|1.284446
245,1490499.0,0.019440703843158384,205676.00000000087,457178.46496544086,0.2249406039013106,1467366.5581759969,ok,411352.0,1.014444|1.284660
246,1458753.0,0.019485776821185654,227821.50000009802,854553.7637879639,0.13329851769082268,1443568.8658759436,ok,455643.0,1.015142|1.284907
247,1446803.0,0.020211815339633878,184510.5,233816.593146373,0.39456245922737704,1410402.5416833635,ok,369021.0,1.015712|1.284921
248,1413011.0,0.009186256932574645,608827.0000002766,11904683.05910355,0.02557090335700725,1405226.871810928,ok,1217654.0,1.016111|1.286025
249,1404634.0,0.01662969002312461,212312.5,2202643.690721454,0.0481949261458759,1399517.8073713267,ok,424625.0,1.015885|1.285848
250,1397150.0,0.023416357468463593,108549.50000000003,170282.19118638465,0.31873415312463804,1379850.7835226986,ok,217099.0,1.015626|1.285795
251,1379323.0,0.014206898982332886,317019.00000000006,4485349.5141782025,0.03533938648458745,1373721.3715180214,ok,634038.0,1.017206|1.291622
252,1374776.0,0.020884799489658,141051.0,307583.0670205636,0.22928928007368166,1358605.2588781635,ok,282102.0,1.017125|1.291619
253,1361391.0,0.014542152054313888,334672.00000000745,7020795.471678449,0.02383433624794072,1357402.6575096145,ok,669344.0,1.018004|1.318602
254,1353837.0,0.0290663968777923,277764.0,32363398.591622986,0.004291329280724817,1353241.0116068344,ok,555528.0,1.018009|1.318591
255,1352406.0,0.02443925809824124,124318.0000000553,529123.2686155823,0.11747546117686859,1345103.8428087037,ok,248636.0,1.017896|1.318591
256,1345147.0,0.02230996555016251,126028.0,438326.58245844295,0.14376038899254817,1336088.0828480236,ok,252056.0,1.017685|1.321451
257,1335327.0,0.021599180820987447,195927.00000007983,797052.2189397437,0.12290725459663497,1323286.5751643176,ok,391854.0,1.018615|1.327033
258,1325494.0,0.022508293745397333,180901.00000007014,622132.9117232541,0.14538774319059097,1312343.6059345342,ok,361802.0,1.019435|1.324572
259,1307092.0,0.012513117270578356,273801.0,7886782.361976033,0.017358219577609794,1304715.6510607156,ok,547602.0,1.019476|1.324839
260,1305486.0,0.023367673741935362,151371.5,186158.11678359372,0.4065670157588866,1274714.6704870267,ok,302743.0,1.019526|1.324823
261,1275403.0,0.005824341002296833,847515.0000000064,17883334.299314857,0.023695665076072427,1265361.7842065261,ok,1695030.0,1.020731|1.338967
262,1263760.0,0.014806177939790947,296131.5,2925501.868064718,0.05061208526862048,1256266.0836356378,ok,592263.0,1.020444|1.338936
263,1252556.0,0.020548310109854244,180263.0,728719.6142190358,0.12368474546495274,1241408.1083641255,ok,360526.0,1.020209|1.338990
264,1242687.0,0.014768647479130145,315977.00000000006,6566477.303187855,0.02405985625249945,1238885.8194004518,ok,631954.0,1.019645|1.344804
265,1237606.0,0.020434114691201998,198021.0,317791.6970807436,0.31155785663853797,1206758.5008352902,ok,396042.0,1.019633|1.344802
266,1212237.0,0.011282860924449502,472053.5000002178,12025621.781256547,0.019626989297799675,1207604.5055037534,ok,944107.0,1.020937|1.345505
267,1207906.0,0.01848301110603968,174352.00000007194,837396.4506545971,0.10410361774508364,1198830.6630194508,ok,348704.0,1.020773|1.344995
268,1199016.0,0.025342909774044357,103799.00000004284,216627.1192284015,0.23957988355696597,1186581.9238333302,ok,207598.0,1.020078|1.336704
269,1186388.0,0.01849620642054117,144404.00000000006,1995685.9122826948,0.036179039775559835,1183775.800970125,ok,288808.0,1.020999|1.339774
270,1184993.0,0.019964344624189178,228882.00000000244,909991.4909946622,0.12576051659000897,1170600.8407209227,ok,457764.0,1.020772|1.339709
271,1165100.0,0.021268751426887434,184831.50000000017,365438.0233182224,0.2528903510391548,1141728.9485409532,ok,369663.0,1.020923|1.339648
272,1138409.0,0.018479419695619982,254006.00000010023,4415705.201961491,0.028761657355122885,1134756.183230926,ok,508012.0,1.021902|1.345846
273,1136084.0,0.019787277872535685,234659.5000000004,2378545.0566890365,0.04932836974016571,1130296.3147104788,ok,469319.0,1.021711|1.345834
274,1130747.0,0.020068653683302674,210605.5000000926,5459362.892735193,0.019288468649001758,1128715.8712079704,ok,421211.0,1.022226|1.345898
275,1130256.0,0.0231850517409707,150710.5,296162.1237851474,0.25443918701321483,1111082.6714528224,ok,301421.0,1.022013|1.345196
276,1113194.0,0.01080823163167373,408385.5,8023961.0966462875,0.025447873879316893,1107997.7286509292,ok,816771.0,1.022356|1.345229
277,1108460.0,0.017886037979965557,143307.5000000612,993880.7913313834,0.07209491382165122,1103294.1290687495,ok,286615.0,1.022596|1.345225
278,1102377.0,0.027490418300850354,89133.00000003404,204063.07585073423,0.21839570835742975,1092643.8676634848,ok,178266.0,1.022516|1.341887
279,1091298.0,0.025324042499529274,160008.5,716605.1171002828,0.1116434254945518,1082366.0514758776,ok,320017.0,1.022665|1.344666
280,1087240.0,0.01837730057921465,198858.00000006822,1308740.957286719,0.07597301776676284,1079686.0788164658,ok,397716.0,1.022370|1.344663
281,1077887.0,0.02358164742228533,161863.0,578955.364235785,0.13978884211018364,1066573.6793247596,ok,323726.0,1.022705|1.344661
282,1062585.0,0.021408277189269496,157503.5,685642.3129475204,0.11485835764927145,1053539.7033329941,ok,315007.0,1.022548|1.344754
283,1049475.0,0.02714078836940646,147477.50000000003,254620.84351870796,0.2896021746726408,1028120.0976423578,ok,294955.0,1.022046|1.344785
284,1026288.0,0.019017384810053606,293277.0,1588519.2207656745,0.09231144205439294,1012751.5886043069,ok,586554.0,1.022831|1.344940
285,1018659.0,0.025311864297947687,278318.5,36423060.62791364,0.003820635817006332,1018127.3231851822,ok,556637.0,1.021929|1.344866
286,1018297.0,0.021145123376381733,208766.0000000966,726170.1462520472,0.14374454876559728,1003292.5127661937,ok,417532.0,1.021879|1.342130
287,1000544.0,0.022809766620139536,196193.0000000043,1190444.93551743,0.08240322342785578,992460.5321930092,ok,392386.0,1.022486|1.344909
288,992786.0,0.02611760083313016,156626.0,268029.77540338,0.2921802246863818,969904.4900641354,ok,313252.0,1.021896|1.344969
289,966073.0,0.011938699624876517,431138.5,12750137.94879533,0.016907209229086624,962428.3255868928,ok,862277.0,1.021939|1.353928
290,962313.0,0.032254878215134994,252840.5,47466176.80545732,0.002663375449810087,961976.2954097912,ok,505681.0,1.021887|1.353779
291,961827.0,0.02814994226801701,157991.50000005192,1554823.9479128204,0.05080687759284197,957813.4725993939,ok,315983.0,1.021832|1.351173
292,958280.0,0.032748077759129066,83142.00000000001,173895.94173866732,0.23905675764689985,948342.1715278608,ok,166284.0,1.021353|1.351118
293,946487.0,0.028146571980477087,161540.00000000006,957251.974264918,0.08437694794207555,939671.8739147186,ok,323080.0,1.021022|1.354313
294,942181.0,0.022372658815690272,186121.5,912697.220332995,0.10196234624889845,932692.3075863179,ok,372243.0,1.020361|1.354458
295,930368.0,0.02873707565577412,143594.0,720505.0035542521,0.0996481629493554,923213.5608447251,ok,287188.0,1.020866|1.354503
296,924917.0,0.02541269991638131,74330.50000003172,104138.99435204704,0.3568812069989546,911653.4207215764,ok,148661.0,1.020847|1.354494
297,911452.0,0.01716087164894152,281914.0,6897412.023199971,0.02043621571770403,908571.3723410795,ok,563828.0,1.021308|1.354681
298,907784.0,0.02473826097052986,145080.0000000769,1149606.4754295298,0.06309985334149686,903206.7366386055,ok,290160.0,1.021195|1.354690
299,901995.0,0.022208570666899526,120192.00000005285,3989319.2262777216,0.015064224393017469,901089.7003708768,ok,240384.0,1.021522|1.363011
300,901263.0,0.026967663496747934,263350.50000000803,70268042.55498084,0.0018738995027074426,901016.2538145061,ok,526701.0,1.021292|1.362948
301,901092.0,0.03000253589058888,106836.0,283100.1457906367,0.18868941183627871,891012.5889985296,ok,213672.0,1.021219|1.354807
302,897368.0,0.013696254931251942,269043.0,2913423.6382496846,0.04617299668812233,891156.7392260188,ok,538086.0,1.020573|1.346677
303,889764.0,0.03521278191994996,90981.00000000242,288912.41660951334,0.1574542919748756,882601.3255309168,ok,181962.0,1.021215|1.346759
304,880477.0,0.023571038154419605,168600.5,2057622.2966544009,0.040969739751104135,877023.240696547,ok,337201.0,1.022065|1.365950
305,876825.0,0.0313947307268513,132249.00000000026,280197.1669965865,0.2359927500651914,861220.0973983142,ok,264498.0,1.022144|1.365962
306,868961.0,0.0123052459837614,460320.00000000006,8691549.580355173,0.02648089363952,862866.1575199281,ok,920640.0,1.023044|1.384785
307,863224.0,0.01645484909180505,461332.00000033504,67692534.0602569,0.0034075545139858237,862437.9930304764,ok,922664.0,1.022810|1.384780
308,861941.0,0.026132763169371367,187830.50000000175,1637420.52078196,0.057355608292456894,856554.4337083119,ok,375661.0,1.022728|1.376693
309,853659.0,0.02585602431060936,98958.0,395587.48470100114,0.12507726334516867,847470.3020869445,ok,197916.0,1.022165|1.388152
310,849621.0,0.014050292331568284,269067.0000000023,6724661.984935204,0.020005986962822412,846929.5245529371,ok,538134.0,1.022712|1.406993
311,848473.0,0.031890531122000375,97078.50000000009,216556.2010372558,0.2241415843439619,837593.3356021323,ok,194157.0,1.022815|1.406977
312,836382.0,0.021742336286084532,209359.5,981793.0920129074,0.10662098852761515,825220.9415761764,ok,418719.0,1.022105|1.421027
313,825731.0,0.025802487898514036,99534.00000000001,202826.5632916261,0.2453672694165039,813519.8071029488,ok,199068.0,1.022339|1.432154
314,813959.0,0.021986674507786807,216502.00000008944,2096262.4588134652,0.051640003161301365,808368.9180177837,ok,433004.0,1.022609|1.432543
315,806594.0,0.034536044340800036,64813.00000002982,266472.64576444763,0.12161285788658813,802652.9529208965,ok,129626.0,1.022147|1.432517
316,803027.0,0.027453786225366168,136676.5,414344.6600211553,0.1649309297156402,791755.9088923602,ok,273353.0,1.022229|1.435310
317,794132.0,0.01678290711245629,275356.50000000006,9383388.115192246,0.014672551993995753,792111.9087184326,ok,550713.0,1.022984|1.440930
318,790912.0,0.01839617098179881,185805.5000000023,3346159.5349299787,0.027763993028486977,788332.6486966726,ok,371611.0,1.022906|1.440923
319,788283.0,0.02782790381203622,132894.5,458939.4631002681,0.14478434595955142,778662.4783679391,ok,265789.0,1.022736|1.440923
320,774653.0,0.026679760642412124,161377.0,958890.6299949072,0.08414776146100056,767863.2433493541,ok,322754.0,1.021885|1.440955
321,767674.0,0.03065168513867058,86322.00000003148,204934.94066611986,0.21060830261411434,758583.9350508689,ok,172644.0,1.022308|1.440957
322,763081.0,0.005649445213892494,324106.5,5883828.417543483,0.027542144076943994,758617.7060403631,ok,648213.0,1.023156|1.485850
323,757162.0,0.02641485130282109,71820.0,195741.60837017986,0.1834561404649758,750574.0899959027,ok,143640.0,1.022927|1.485716
324,749687.0,0.030276582834691652,136421.5,626720.8659291251,0.10883752832910122,742263.1105645258,ok,272843.0,1.023329|1.485931
325,743209.0,0.02764102017840551,240803.00000016583,51234833.657962106,0.0023499929911721695,742926.0573188731,ok,481606.0,1.022718|1.488844
326,743209.0,0.029429927808877637,90904.00000000001,1386216.6893733828,0.03278852458524782,741718.6959805513,ok,181808.0,1.022718|1.488844
327,741873.0,0.0324290052799055,59686.50000000016,125946.12552851874,0.2369525054841206,734801.567140711,ok,119373.0,1.022617|1.488859
328,734014.0,0.037421898199756054,106124.00000000001,1456005.5057526012,0.03644354351020984,732080.2326942612,ok,212248.0,1.022752|1.494739
329,731745.0,0.03050577418916635,77365.00000000001,314892.3931466858,0.12284355177160663,726993.1043085948,ok,154730.0,1.023018|1.492220
330,724785.0,0.034788484015597296,60541.00000002737,107829.46537267815,0.28072568008561816,716287.2933009645,ok,121082.0,1.023123|1.495164
331,713666.0,0.02638679316710768,148724.50000006665,1150718.9362975904,0.06462242660166176,708860.5309574384,ok,297449.0,1.023413|1.503729
332,708070.0,0.009647848046387037,368322.0,17118663.51679071,0.010757907579605562,706088.8129822322,ok,736644.0,1.023179|1.512160
333,706199.0,0.016710774203077487,129319.00000004245,2755926.990268054,0.0234619785750319,704681.9601963273,ok,258638.0,1.023154|1.511983
334,703843.0,0.039242020948832675,61187.00000000001,283761.17788111535,0.10781425503110036,700544.584588706,ok,122374.0,1.023156|1.511944
335,698351.0,0.03095141294662164,124697.0,1376043.0322307518,0.045309992885124134,695525.9899086019,ok,249394.0,1.023456|1.518420
336,695015.0,0.029480890172513523,115612.5,259734.91980866686,0.22255863802442444,682149.7197307006,ok,231225.0,1.023148|1.518425
337,687071.0,0.0052352239630830254,1293084.5000000426,100934280.22058828,0.006405576466063127,682929.5241790843,ok,2586169.0,1.022671|1.518652
338,683221.0,0.020825210034680595,129049.00000004821,1073834.0172565305,0.060087964213383374,679343.8541531122,ok,258098.0,1.022458|1.502193
339,678070.0,0.03175794951105929,77464.0,342680.8720757382,0.1130264428399131,673692.2598159246,ok,154928.0,1.022345|1.502334
340,673099.0,0.03353152756728061,113205.5,493747.9801939283,0.11463894997153865,666610.1201744984,ok,226411.0,1.022040|1.505041
341,666452.0,0.022227750084923125,188498.5,3137677.336554919,0.030037903802907603,663620.9500950038,ok,376997.0,1.022605|1.510676
342,661732.0,0.028335993003010526,135362.00000000003,394264.31435842306,0.17166402724054725,650113.6069723326,ok,270724.0,1.022164|1.510682
343,646623.0,0.02641348974634394,164862.5,994839.0201463426,0.08285888302599372,639792.8386985636,ok,329725.0,1.022259|1.510682
344,639411.0,0.03531397234139005,101514.000000045,475218.70979524084,0.10680766340595543,633989.7634285014,ok,203028.0,1.022194|1.510676
345,636429.0,0.01352471472026315,241438.0000000018,8043216.967170262,0.015008795671276274,634617.1531953592,ok,482876.0,1.022186|1.510757
346,634448.0,0.03348711066303046,112548.5,511312.1389849435,0.1100585057724536,628254.5401315346,ok,225097.0,1.021955|1.510755
347,629819.0,0.022296389232665813,213908.50000009322,7882795.368698811,0.013568061201327522,628367.8381902572,ok,427817.0,1.021723|1.516210
348,627539.0,0.03281098463228919,86644.0,428869.6986307298,0.10101436435895554,623162.8557072413,ok,173288.0,1.021903|1.516179
349,624024.0,0.025779591063597423,154697.50000007273,5660356.112304383,0.01366499712480934,622967.0295536419,ok,309395.0,1.022249|1.507798
350,624009.0,0.030463996658209026,128177.5,798967.0295642392,0.08021451152365366,618868.1522245884,ok,256355.0,1.022099|1.507676
351,617477.0,0.03317482630668247,103988.00000004504,466099.47979533806,0.11155129377714136,611677.0020313489,ok,207976.0,1.022438|1.507665
352,610843.0,0.02682405892142132,165259.00000000402,1731361.346134459,0.04772516158136809,606899.4937611123,ok,330518.0,1.022138|1.507700
353,606613.0,0.03431007034564407,98876.0,233590.8429143087,0.21164357036947723,596149.7651680737,ok,197752.0,1.022148|1.507708
354,598200.0,0.0180186777946927,304024.5000000006,10976501.72703126,0.013848879522849035,596094.8006637527,ok,608049.0,1.022804|1.510596
355,595744.0,0.028049074813866454,169735.0,1466602.3886280388,0.05786674060949193,590832.9943913239,ok,339470.0,1.022520|1.510432
356,590302.0,0.030591282186946726,113269.0,479837.28704904206,0.11802855161235445,583617.5119937102,ok,226538.0,1.021868|1.510430
357,584536.0,0.032130170823742386,122913.50000000004,2472806.119507238,0.02485304024249449,583008.6129190772,ok,245827.0,1.021914|1.510446
358,582487.0,0.03424230514333427,111991.50000000026,477843.9184933271,0.11718418469478144,575925.1836898772,ok,223983.0,1.021682|1.510444
359,574032.0,0.0342995253708463,127606.5,2114166.3273595455,0.030178916944385382,572106.4870174681,ok,255213.0,1.021653|1.510434
360,572732.0,0.028388215587094864,134652.50000004965,782574.3162232906,0.08603176542381534,566939.8038531326,ok,269305.0,1.021634|1.508776
361,567279.0,0.034058131756407733,123571.00000000001,960883.8135923964,0.06430069809273445,563306.1492179913,ok,247142.0,1.021361|1.508690
362,562585.0,0.03443714520305158,117039.50000005409,1049790.5674182735,0.055744213956830796,559322.8625352982,ok,234079.0,1.021622|1.511687
363,556169.0,0.04174245113717825,83847.5,213005.69119766002,0.19681985849428119,547917.5734574504,ok,167695.0,1.022109|1.517388
364,546810.0,0.016231600517185748,244185.5,8741048.483930374,0.01396774657233128,545104.6394096811,ok,488371.0,1.022202|1.520274
365,545539.0,0.028660064569758233,150592.5,1086521.7487195777,0.0693002694964308,540320.9495829294,ok,301185.0,1.022162|1.520244
366,538340.0,0.03703944235846332,107783.0,640127.6773144761,0.08418867346291085,533802.9461040735,ok,215566.0,1.022346|1.520447
367,531243.0,0.03111388209487118,141671.5,2110300.4512451203,0.03356666580732875,528865.2800525385,ok,283343.0,1.022445|1.520394
368,528469.0,0.0387773036169865,108692.5,784396.6748657232,0.0692841412277828,524703.6667397995,ok,217385.0,1.022823|1.520437
369,524145.0,0.038832200920556226,96594.00000003906,658664.7193540327,0.07332562164159254,520603.5924515746,ok,193188.0,1.022427|1.520420
370,521459.0,0.0414021734251297,82124.5000000002,250350.48364136444,0.16401905601597785,514724.0085171079,ok,164249.0,1.021936|1.520418
371,513217.0,0.03420598008470791,123218.00000000211,2070240.8053739192,0.02975933999565498,511383.5568222077,ok,246436.0,1.022284|1.523763
372,510124.0,0.040625245560511274,93821.00000000003,368648.34187749965,0.12724999592047043,504154.63906637277,ok,187642.0,1.022078|1.523761
373,505462.0,0.02952678467551867,143028.5,3155850.9845383004,0.022660844998821292,503841.42666554305,ok,286057.0,1.021855|1.523832
374,504000.0,0.034912801341399784,104791.5,550216.7245977466,0.09522747611553534,499010.4849683195,ok,209583.0,1.021906|1.523832
375,502318.0,0.012181063980319089,312249.0,14940001.394396245,0.010450099426266438,500686.4834521238,ok,624498.0,1.021981|1.532607
376,500329.0,0.024635545900018888,181068.50000007605,5195959.258883415,0.017423972261763534,498751.5337392598,ok,362137.0,1.021744|1.532555
377,499927.0,0.029028922143096058,94274.5,718954.5280324062,0.06556360404183355,496836.5120053791,ok,188549.0,1.021571|1.532478
378,496129.0,0.03792571311953005,82535.0,2022265.8192741661,0.020406565549731626,495286.8720561764,ok,165070.0,1.022680|1.532793
379,495596.0,0.04134865338856269,84418.50000000204,260694.06701259516,0.1619110495443754,488761.8560320189,ok,168837.0,1.022585|1.532756
380,489952.0,0.02198013630414932,210344.0000000016,5005545.891856089,0.021011094947928313,487742.22112213646,ok,420688.0,1.023773|1.532904
381,487366.0,0.032782177650520467,82130.00000000001,567340.9435683214,0.0723815202578532,484393.6528706113,ok,164260.0,1.023918|1.532904
382,483586.0,0.04261607244238376,53006.0,231085.44990252724,0.11468917671441049,480546.39274953795,ok,106012.0,1.024265|1.541415
383,481701.0,0.021252050388013442,183967.50000000073,10449805.43556994,0.008802436616369739,480891.31887088896,ok,367935.0,1.024498|1.541439
384,481091.0,0.036134274168574294,113353.50000004351,1545657.0886994298,0.036668385513446304,479012.75508135,ok,226707.0,1.024365|1.541248
385,480100.0,0.03292332969159732,100783.5,957675.5407489472,0.05261881279811249,477448.4459401807,ok,201567.0,1.023740|1.541176
386,477646.0,0.04647393007670668,65514.50000002381,147950.9760747217,0.22140610943633157,470393.3447216641,ok,131029.0,1.024141|1.541220
387,475912.0,0.019905719335103485,285244.50000014197,6669117.250497812,0.02138547646458383,472861.95522929745,ok,570489.0,1.024284|1.541238
388,472957.0,0.03488682992794892,102023.50000005073,1043874.9336100721,0.04886768362528785,470464.1739398265,ok,204047.0,1.024644|1.540914
389,470310.0,0.035994493062736,101598.0,620353.1121394067,0.08188723326430958,466150.2104374064,ok,203196.0,1.024361|1.543810
390,467704.0,0.02935606849877516,131231.00000000192,3388876.9617675017,0.019362018963880755,466433.5514446754,ok,262462.0,1.024317|1.543967
391,465833.0,0.04159930192591457,50093.500000000175,481472.0238549519,0.052021194916915175,464530.0381362147,ok,100187.0,1.024367|1.543967
392,463892.0,0.03669886697907905,111434.50000005006,4715576.450600158,0.011815575589477255,463233.66862098686,ok,222869.0,1.024530|1.544175
393,463443.0,0.044419195518739005,72254.0,207542.55755050702,0.17407032285996682,457154.36144603795,ok,144508.0,1.024336|1.544168
394,458995.0,0.029146186872938084,154447.0,2054883.891353154,0.03758046881624433,456092.9046663688,ok,308894.0,1.023601|1.544309
395,457122.0,0.03881829114447607,111697.50000004606,853703.0421555765,0.06541941078130223,453468.4076821263,ok,223395.0,1.023802|1.544374
396,454528.0,0.035743856588835964,100223.0,741543.8652334877,0.0675772565176863,451141.60231001396,ok,200446.0,1.023798|1.544383
397,450485.0,0.04156148112139737,68699.0,151110.49377292464,0.2273137962980742,442676.8847540593,ok,137398.0,1.023923|1.544495
398,440735.0,0.029439413503754126,170108.00000000003,1597322.8049452978,0.05324784679507082,436206.0576386921,ok,340216.0,1.023994|1.544577
399,436096.0,0.03627995757548593,75240.5,1259285.7491794354,0.02987427597311712,434972.12226932234,ok,150481.0,1.024871|1.544557
400,435062.0,0.03637143285083754,101914.5,567364.0845954958,0.08981402133751583,430485.3244611989,ok,203829.0,1.024576|1.544493
401,429223.0,0.03655676041465816,97798.50000000007,1037526.0817227425,0.0471306224117336,426918.34791203303,ok,195597.0,1.024556|1.544651
402,426833.0,0.03546177225223838,91538.5,1142398.7427062844,0.04006416349126486,424999.29328512744,ok,183077.0,1.024637|1.544649
403,424213.0,0.047592298869884246,64344.5,229072.96634691927,0.14044542449970623,419694.5546916393,ok,128689.0,1.024763|1.544655
404,417816.0,0.03883444691816594,96857.0,1623560.398019853,0.02982857925030998,416371.44664977636,ok,193714.0,1.024888|1.544839
405,416772.0,0.04116771036097007,92101.5,685053.2089710046,0.06722215062560072,413676.36954707815,ok,184203.0,1.024719|1.544792
406,414065.0,0.04309237597093433,81040.0,886323.6039615176,0.045716936589403186,412212.54972939735,ok,162080.0,1.024489|1.544808
407,412396.0,0.034204517922559984,84988.0,834849.8067371917,0.05090017348878298,410233.0480277676,ok,169976.0,1.024067|1.544804
408,409493.0,0.04758601013774157,73475.0,306347.89362190396,0.11992085065661198,405087.4077490027,ok,146950.0,1.024639|1.544820
409,403950.0,0.030930965558332094,106287.5,1553747.6254731445,0.03420359209483378,402132.2928526102,ok,212575.0,1.024326|1.547667
410,401559.0,0.04880219178549839,67848.5,300468.9292314608,0.11290435282866493,397728.80450855213,ok,135697.0,1.024417|1.547669
411,397390.0,0.03189489357079733,120419.00000005106,2580728.7618332645,0.023330425455968758,395985.2867485082,ok,240838.0,1.024447|1.547533
412,396405.0,0.03355508523416594,101303.5,1403179.8683310824,0.03609783117843923,394576.58167960745,ok,202607.0,1.024030|1.547165
413,393960.0,0.042703307655250884,65694.50000002453,363505.8975397347,0.0903623578663445,390991.84504057356,ok,131389.0,1.024082|1.547315
414,391030.0,0.03974916357856299,70056.0,2127987.722642374,0.016460621284273613,390453.4173576544,ok,140112.0,1.024339|1.547365
415,390556.0,0.05199144730070727,59877.0,267011.00601879903,0.11212459159040121,387199.15791467077,ok,119754.0,1.024282|1.547377
416,386491.0,0.04374328516907437,83543.00000003785,1424899.876317855,0.029315393098329444,385266.45205719257,ok,167086.0,1.024134|1.547389
417,385154.0,0.044990669607662064,68355.0,316485.75292769074,0.10799064312954626,381463.1497944399,ok,136710.0,1.023981|1.550245
418,381238.0,0.030301114868920617,132452.5,4160297.017859464,0.015918635067568906,380183.7684943564,ok,264905.0,1.023505|1.550252
419,380028.0,0.03948941451645261,49057.00000002112,246657.85616066467,0.09944341681147799,377588.8021507386,ok,98114.0,1.023414|1.550218
420,378072.0,0.04594501610042167,77517.00000003033,797121.5793166375,0.04862307207043918,376187.4426611571,ok,155034.0,1.023478|1.555963
421,375155.0,0.050735627945798036,50325.50000000001,161452.5996604023,0.15585224426814473,371233.3289405418,ok,100651.0,1.023755|1.556016
422,370927.0,0.03954311183925707,100697.50000004127,1732362.5909160925,0.029063632673686203,369463.68242442014,ok,201395.0,1.023712|1.556185
423,369307.0,0.041654264761396324,47400.0,696680.4696253772,0.03401846475292194,368500.7623853557,ok,94800.0,1.023839|1.556190
424,368370.0,0.048916983813173796,61645.50000002402,471860.88110338536,0.0653216895792188,366356.6058925214,ok,123291.0,1.023873|1.564382
425,367348.0,0.046782466322462885,84254.5,1047124.4865526462,0.04023136746490549,365653.16312496405,ok,168509.0,1.023842|1.564344
426,365220.0,0.04791180049813713,55564.50000000001,248570.06215248248,0.1117682868138694,362114.8255136654,ok,111129.0,1.023899|1.564320
427,362158.0,0.022067263434778047,171240.00000007398,8573470.588372787,0.009986620834292421,361302.9455241675,ok,342480.0,1.023228|1.564480
428,361848.0,0.021833582876279147,177113.0,10189571.739895869,0.008690895187799618,361078.3647403016,ok,354226.0,1.023190|1.564480
429,360868.0,0.04313239037086538,86053.5,1977480.5410398408,0.021758368341452686,359931.80812496436,ok,172107.0,1.023157|1.564482
430,360349.0,0.03533803179889543,86899.50000003036,2114366.8631121577,0.020549768707622033,359456.11768709566,ok,173799.0,1.023139|1.564114
431,359243.0,0.052034510130371865,58247.000000000015,289669.12646462367,0.10054057315478791,356314.9066177265,ok,116494.0,1.023139|1.564114
432,355047.0,0.01393202268287903,207252.5,9366960.182003217,0.011062954041279858,353900.58755877987,ok,414505.0,1.023141|1.564351
433,353773.0,0.03314281945139884,189730.00000000003,70167225.41759741,0.0013519844832885267,353644.74399199284,ok,379460.0,1.023074|1.564329
434,353581.0,0.046091347467560655,40404.5,151955.96251045127,0.13294805722816255,350895.1501108624,ok,80809.0,1.023056|1.561744
435,351318.0,0.023823759676360582,64153.00000000001,965566.7679064499,0.033220385235035114,350252.4063130084,ok,128306.0,1.022790|1.567534
436,350360.0,0.02453280175024624,125635.50000000003,5356010.771968315,0.011728458487941896,349623.2446268191,ok,251271.0,1.022821|1.567534
437,349836.0,0.030085774268497956,110619.0,3125387.25757092,0.017696846963850186,348857.1962428529,ok,221238.0,1.022833|1.567534
438,349454.0,0.049716557987621784,78557.00000003405,647207.1834547583,0.060689221325311064,347070.21842017275,ok,157114.0,1.022902|1.567521
439,346765.0,0.04515950852650442,78356.50000000001,1165748.2567430695,0.033607813499510024,345448.3046807628,ok,156713.0,1.022835|1.567519
440,346783.0,0.025806988643389334,67298.00000000114,1866345.7207184248,0.018029349882211446,346176.33040581347,ok,134596.0,1.022856|1.567474
441,346440.0,0.030294389171865412,104249.50000000087,2776143.089549965,0.018775959422340248,345461.30780910037,ok,208499.0,1.022708|1.567460
442,345366.0,0.036496220391716565,86195.00000003405,2092758.848201324,0.020593629331472324,344478.46605988656,ok,172390.0,1.022720|1.567460
443,343905.0,0.05340737834117175,56222.0,497469.9017781732,0.05650794128352106,342316.50526257895,ok,112444.0,1.022754|1.567464
444,343467.0,0.022751886329253942,126151.00000003642,3840096.645201304,0.0164254980610551,342430.95349704963,ok,252302.0,1.022299|1.567290
445,342557.0,0.03277949362208963,57234.5,873869.2513676974,0.03274774796711406,341619.8495094881,ok,114469.0,1.022324|1.567275
446,341442.0,0.052771475274784714,38724.0000000169,315527.03575727355,0.061363996760338206,340253.8702947258,ok,77448.0,1.022533|1.567313
447,340078.0,0.04282005427563711,57948.00000002864,1869565.1870382149,0.015497721181851509,339628.96902647684,ok,115896.0,1.022620|1.570226
448,339029.0,0.03791025198712189,51711.500000000015,1421532.2176003682,0.01818864861441274,338558.7188485879,ok,103423.0,1.022683|1.569746
449,338692.0,0.05660412651396126,27563.00000000978,78232.21124789749,0.17616145293829044,336264.2309363301,ok,55126.0,1.022559|1.569508
450,335824.0,0.03280652315170553,72630.5,3275995.572974324,0.011085256127812424,335421.43615240447,ok,145261.0,1.023147|1.569722
451,335295.0,0.03864264682943348,55439.500000020176,976841.4819798026,0.02837691735186081,334508.3989452355,ok,110879.0,1.023147|1.572621
452,334717.0,0.05310609618448351,70187.5,971831.6952684682,0.0361109337870539,333449.73191741057,ok,140375.0,1.022986|1.572616
453,332428.0,0.05775385371149342,43656.500000000786,220491.31507190003,0.09899823035153298,330267.0418783291,ok,87313.0,1.023383|1.572882
454,330532.0,0.035780742182262765,102142.50000004575,4864126.136378077,0.010499573524228449,329995.7736556505,ok,204285.0,1.023373|1.575763
455,330169.0,0.04453162000411499,72209.5,2957715.035820552,0.01220697381686182,329728.27026208566,ok,144419.0,1.023286|1.575763
456,330190.0,0.05794136533992177,46742.0,196091.37965879284,0.11918422951925023,327404.5453719056,ok,93484.0,1.023086|1.575636
457,328871.0,0.03695129863484243,94742.5,1335728.830555997,0.035464720769919834,327190.9918462279,ok,189485.0,1.023093|1.575732
458,328156.0,0.029873430645437432,63692.00000000003,1084104.0480674976,0.029375409174763313,327220.51071942045,ok,127384.0,1.022785|1.575689
459,326585.0,0.042228125734088746,39149.500000000015,348237.66063666355,0.05621089334281818,325484.68581553764,ok,78299.0,1.023089|1.578519
460,325019.0,0.05215294439480506,29743.500000012835,128102.50276754495,0.11609257960394984,323292.5001792742,ok,59487.0,1.023375|1.581372
461,324061.0,0.037762167500581166,53837.50000000038,2529362.439797925,0.010642504046257117,323774.5170942048,ok,107675.0,1.023516|1.581441
462,324037.0,0.05905928257108361,34832.5,177061.56846217392,0.09836267774686902,322323.8910136911,ok,69665.0,1.023385|1.581434
463,321798.0,0.05792783813052525,56716.000000023545,920556.0984643322,0.030805292634874148,320924.42351145984,ok,113432.0,1.023476|1.587307
464,320695.0,0.04823202079222073,66815.50000000003,747185.3344301572,0.044711463756818136,319201.29059667815,ok,133631.0,1.023533|1.587346
465,319452.0,0.05821859313431425,32425.0,97199.12743907623,0.16679676481830444,316747.8074503832,ok,64850.0,1.023728|1.590259
466,319406.0,0.026436579120723377,147974.50000000003,4998278.325473073,0.014802547033632292,318310.8002519859,ok,295949.0,1.023205|1.593198
467,318822.0,0.039076398903918876,51006.50000000001,214387.79634508592,0.11895849686774662,315788.1717147576,ok,102013.0,1.023348|1.593198
468,315640.0,0.0581750083189714,55817.5,1814337.6690076753,0.015382335094913326,315210.69825541985,ok,111635.0,1.023716|1.599260
469,315495.0,0.06077063065071647,34104.50000000007,205106.83392202333,0.0831383804914218,314077.30355126515,ok,68209.0,1.023575|1.599255
470,314113.0,0.05362779883586492,56501.000000022286,901902.7531284153,0.031323221824103645,313228.1033218578,ok,113002.0,1.023860|1.602214
471,313286.0,0.061715890547850885,55962.00000002125,509467.87984292576,0.05492201001687773,311749.2272377172,ok,111924.0,1.023736|1.602214
472,311989.0,0.04940510184749325,61978.500000025866,1065887.653521317,0.02907365508703978,311088.0292340936,ok,123957.0,1.023646|1.608006
473,311028.0,0.05861719334435029,38130.50000000001,103583.75703930123,0.1840563669916545,307518.9193492123,ok,76261.0,1.023620|1.610888
474,308203.0,0.0612635022766607,89014.00000000023,1838503.5857613946,0.02420827478645796,307125.56231407914,ok,178028.0,1.023387|1.610893
475,307273.0,0.03203690614643283,69017.0,1679781.1965951964,0.020543449390876867,306564.0763766949,ok,138034.0,1.023956|1.610893
476,308698.0,0.02670704133514391,116298.00000004101,7212391.258845827,0.008062374587443816,308229.18098011456,ok,232596.0,1.024202|1.610816
477,307788.0,0.055560447229174977,34280.5,142042.1962209076,0.12067012800437873,305719.68383847293,ok,68561.0,1.024116|1.610805
478,305900.0,0.028609433392801798,115796.5,6164719.612359038,0.009391870780939577,305356.2271175574,ok,231593.0,1.024040|1.614216
479,305077.0,0.05036307066967082,35932.000000016684,291404.06062432285,0.06165322460338001,303969.3381667751,ok,71864.0,1.024033|1.614197
480,303449.0,0.05425048459248189,53303.500000000015,321345.78815775237,0.08293791604611402,301238.559396018,ok,106607.0,1.024109|1.617096
481,301661.0,0.0437127288382037,108861.00000004935,4127309.9597439477,0.013187887638902086,300943.1766818704,ok,217722.0,1.024482|1.617247
482,301242.0,0.048187077636880175,74987.50000000067,1345824.9381157504,0.027859306911413174,300197.45011149015,ok,149975.0,1.024265|1.617153
483,299648.0,0.05912407901957131,57791.0,322555.87808649475,0.08958292799194174,297059.45650420885,ok,115582.0,1.024253|1.617275
484,296849.0,0.033149016526572095,89215.0,2424868.0073014116,0.0183958466463677,296028.40727072215,ok,178430.0,1.024660|1.617261
485,296726.0,0.042154582795712006,40520.500000011845,257323.18019771637,0.07873464794131176,295130.81634904654,ok,81041.0,1.024636|1.617261
486,295081.0,0.06204694204362294,29560.00000000059,146937.23755543682,0.10058716392040555,293594.3217172564,ok,59120.0,1.025197|1.617271
487,293855.0,0.057501335069078605,54006.5,351709.35857135145,0.07677717223586997,291781.7668238217,ok,108013.0,1.025325|1.617261
488,290099.0,0.030964508517764427,107602.0,10599690.923417019,0.005075714036259483,289825.92150913517,ok,215204.0,1.025523|1.617610
489,289822.0,0.05539038972368323,58416.0,423503.6518560924,0.06896752807677076,287807.59643993364,ok,116832.0,1.025504|1.617610
490,287734.0,0.04245684311291892,80348.0,3803680.285990776,0.010561876125068578,287309.6871885515,ok,160696.0,1.025898|1.617598
491,286749.0,0.04874778844488084,67993.0,1567464.542345383,0.021688847869650273,286011.65508339944,ok,135986.0,1.026115|1.617612
492,285638.0,0.05773461301884144,46008.0,247077.4388578539,0.09310441336262365,283496.22607500624,ok,92016.0,1.026193|1.617598
493,282607.0,0.060081516236443186,48648.50000000001,341121.5466194497,0.07130669475750176,280872.5181300448,ok,97297.0,1.025798|1.617811
494,281539.0,0.048784829970900834,65873.50000002811,1004444.8137174537,0.032791000112903194,280458.97102703084,ok,131747.0,1.025911|1.617813
495,281096.0,0.026410555339418763,97665.0,5916465.075950721,0.008253661497723464,280692.9530749124,ok,195330.0,1.026080|1.617959
496,280990.0,0.06136179494606711,45622.00000000001,213684.41450045415,0.10675088332168242,278554.9056005491,ok,91244.0,1.025897|1.617952
497,278334.0,0.02704333392364011,110491.50000000003,6253955.810363311,0.008833728871005666,277845.97402322467,ok,220983.0,1.025920|1.617975
498,277740.0,0.06081456328401599,135478.0,13811587.52082553,0.0049045049961028075,277407.773736069,ok,270956.0,1.025910|1.617975
499,277267.0,0.05376909042314339,62452.50000002517,631395.9865371585,0.04945588927682371,275722.6780374689,ok,124905.0,1.025826|1.617823
500,275356.0,0.0528925627048522,51621.00000000001,354360.3712254009,0.07283686917570845,273476.0439881404,ok,103242.0,1.025643|1.617830
501,273534.0,0.031104986393162958,67887.0,3624434.4474915457,0.009365185242484421,273216.1128347217,ok,135774.0,1.025764|1.617828
502,273223.0,0.059224042568046587,81491.0,7464236.981278041,0.005458762912029553,273000.57997576793,ok,162982.0,1.025707|1.617827
503,273303.0,0.049570959970520134,74730.0000000318,3256125.364814998,0.011475295270806887,272874.2255922061,ok,149460.0,1.025494|1.611978
504,273354.0,0.04680327072645826,34868.0,262897.6537055849,0.06631477974133643,272197.86812998954,ok,69736.0,1.025434|1.611978
505,273836.0,0.015905164657588972,102268.5,4158971.7759009334,0.012294925946912224,273207.30818289914,ok,204537.0,1.025628|1.612121
506,272872.0,0.06490703543649978,29156.0,141146.81742674942,0.10328252712864394,271366.3473195186,ok,58312.0,1.025556|1.612045
507,270222.0,0.06665567972758696,21755.500000000007,126803.62387984552,0.08578422025467791,269288.8606981247,ok,43511.0,1.025716|1.612080
508,269131.0,0.06083096297599215,54884.0,1566779.1627025146,0.01751491253730085,268650.3557701514,ok,109768.0,1.025947|1.615005
509,268322.0,0.06830858528541973,42846.00000000031,268443.9135323103,0.07980437968626788,266612.3507739811,ok,85692.0,1.025910|1.615307
510,266545.0,0.025979972576564654,250115.50000000006,86850324.25443542,0.0014399226608945374,266364.9265118545,ok,500231.0,1.025978|1.615320
511,266340.0,0.06922364186726569,62865.5,2061405.727910996,0.01524821124459258,265860.7067880015,ok,125731.0,1.025948|1.612410
512,265737.0,0.06167583676991851,30339.50000001265,159598.2024139893,0.09504962944793574,264295.1208836816,ok,60679.0,1.025886|1.612410
513,264212.0,0.05377705480618758,36850.5,247839.29244339935,0.07434353858239767,262842.20171573467,ok,73701.0,1.025670|1.612382
514,262441.0,0.05855777374379767,23747.500000000004,79998.5161140694,0.14842462806521678,260678.64307251063,ok,47495.0,1.025739|1.618171
515,260520.0,0.04308177737692343,96973.5,3908866.6895453692,0.012404298701125409,259918.5558699532,ok,193947.0,1.025853|1.618429
516,260010.0,0.044760271271174136,59395.50000000001,1785541.4913743527,0.016632349426470783,259516.05664482003,ok,118791.0,1.025804|1.618267
517,259251.0,0.06684637398222631,27682.000000000007,130390.95201007805,0.10615000340614293,257781.7778028556,ok,55364.0,1.025650|1.618229
518,257657.0,0.05121719800844529,61971.5,688135.6137987435,0.0450285516091052,256261.7565569782,ok,123943.0,1.025811|1.618238
519,256173.0,0.05989474140801566,51435.5,414720.4885789178,0.0620122485101339,254578.18449587852,ok,102871.0,1.025725|1.618295
520,253569.0,0.057469669509498826,68012.00000000001,3313177.2203781097,0.010263863879916192,253219.9670448996,ok,136024.0,1.025798|1.618649
521,252850.0,0.06496091899809801,46650.0,599981.2980970099,0.03887621176523509,251943.2123605759,ok,93300.0,1.025839|1.621567
522,252344.0,0.06837998639115771,47530.50000000112,740025.7800290015,0.032114083916197085,251580.80076721057,ok,95061.0,1.025389|1.621658
523,251194.0,0.07555967786207775,30100.0,137105.22789301546,0.10976970193830728,249541.96598582846,ok,60200.0,1.025632|1.621720
524,249572.0,0.061751589909768666,63164.000000028114,907898.8050069348,0.034785815143542155,248473.39438613615,ok,126328.0,1.025623|1.621682
525,248288.0,0.05795308749434268,29902.00000001196,375772.9774493767,0.03978732079536013,247693.1397667883,ok,59804.0,1.025732|1.621708
526,248418.0,0.02562333884387617,52389.0,2174960.9380567865,0.01204366457422606,248102.52222831044,ok,104778.0,1.025692|1.618822
527,247730.0,0.07699017379766444,22009.5,142564.35307348825,0.07719145608809612,246880.52732361454,ok,44019.0,1.025610|1.618798
528,246720.0,0.06478292361206366,20319.500000008557,111706.67785195928,0.09095024751759799,245795.9682227827,ok,40639.0,1.025580|1.618855
529,245637.0,0.06835500621006042,25345.50000000003,272462.44049590325,0.04651191546597984,245047.56612327852,ok,50691.0,1.025536|1.624673
530,244790.0,0.06463452175379823,48879.000000022636,1511566.5181654769,0.016168325843623797,244394.8542005446,ok,97758.0,1.025676|1.627620
531,244598.0,0.06601766473015924,35902.50000000001,314711.8071882614,0.05704028126679569,243574.05565090943,ok,71805.0,1.025425|1.627567
532,246128.0,0.014321403688380741,190440.50000000006,12252333.290242616,0.007771601354970528,245387.98617607937,ok,380881.0,1.025927|1.627553
533,245155.0,0.04939300929127617,40159.5,1533725.7573568323,0.0130921384763106,244892.1131324303,ok,80319.0,1.025793|1.627543
534,244871.0,0.06311725114509707,22115.5,198055.49878192088,0.055831572806649014,244253.62842579727,ok,44231.0,1.025607|1.627527
535,244340.0,0.04019313964845353,40332.0,2204003.073443634,0.009149715008560188,244155.4868471374,ok,80664.0,1.025832|1.627611
536,244256.0,0.06729604279171694,38099.00000001743,381631.84858052694,0.04991590736167068,243305.12692271342,ok,76198.0,1.025882|1.627611
537,242868.0,0.06230495646481576,33720.0,437484.5649023822,0.03853850250411016,242218.24084778072,ok,67440.0,1.025902|1.627691
538,242347.0,0.07442554696886494,36693.50000001641,239896.80544310613,0.0764776753326101,240943.8832100908,ok,73387.0,1.026169|1.627694
539,241492.0,0.05515619609074819,40151.500000013846,623907.5215256513,0.032177445065761284,240846.0136572208,ok,80303.0,1.026042|1.627711
540,240903.0,0.06698807489880615,37331.0,923922.6878897275,0.020202447937102474,240525.91120803,ok,74662.0,1.026140|1.627711
541,240492.0,0.07488053336629034,26498.000000009928,160016.46692106337,0.08279772860214904,239395.01289374972,ok,52996.0,1.026156|1.627713
542,240988.0,0.01760205982834572,239894.5,14647141.760058077,0.008189123309169393,240005.7371791542,ok,479789.0,1.026335|1.627758
543,240205.0,0.025807723360215015,91633.50000000003,4961976.675060833,0.009233568192748167,239781.9479145049,ok,183267.0,1.026364|1.627740
544,239703.0,0.0363792336804548,58547.5000000282,3814108.172602175,0.007675123167794711,239478.32036316665,ok,117095.0,1.026297|1.627586
545,239566.0,0.056611402534446194,57461.500000000015,1316599.1741418373,0.02182194138069909,238939.0392576765,ok,114923.0,1.026270|1.627586
546,240544.0,0.024716703001773914,84414.5,2316885.1678939,0.018217238637842085,239775.10045450294,ok,168829.0,1.026205|1.627596
547,239213.0,0.06409553880409938,40985.5,282564.14275286556,0.07252424104612325,237726.77885930205,ok,81971.0,1.026089|1.627591
548,237194.0,0.05343319476453061,63131.50000000048,3421545.7692780476,0.009225581689839757,236902.78759477392,ok,126263.0,1.026262|1.627572
549,236901.0,0.04571647109524907,79665.50000003084,4644166.806815862,0.008576942142034211,236559.35680789177,ok,159331.0,1.026268|1.627593
550,236699.0,0.052672909417172994,44117.00000000051,1750539.2061136,0.01260097455856055,236421.0414027,ok,88234.0,1.026281|1.627593
551,236357.0,0.06380836120199396,38802.0,541321.8894178614,0.03584004338133061,235661.66731835878,ok,77604.0,1.026252|1.627551
552,235852.0,0.05118854119143558,64607.500000000015,2192062.3048135587,0.014736693354501862,235375.9495420495,ok,129215.0,1.026290|1.627551
553,235190.0,0.0639530325505313,46267.5,554561.7099388392,0.041715375557665794,234224.96693069287,ok,92535.0,1.026226|1.630427
554,234125.0,0.07453289301550092,33394.00000001354,118442.4615276278,0.14097140319995832,231771.20048076936,ok,66788.0,1.026233|1.630425
555,231284.0,0.04287311156472922,95119.0,3089296.584180927,0.015394928490690567,230551.824898447,ok,190238.0,1.025945|1.630564
556,231161.0,0.06823740418373932,51500.5,575489.9862410434,0.044744914100407186,230008.807275686,ok,103001.0,1.026079|1.630409
557,229341.0,0.06799094658644136,28486.0,148245.89481515743,0.09607685944868216,227972.5772908724,ok,56972.0,1.026252|1.636235
558,228031.0,0.08436771277251173,81335.5,28261984.673973467,0.0014389559144249,227972.48090061115,ok,162671.0,1.026280|1.647895
559,227887.0,0.02781482911877919,202806.5000000001,72844893.80182467,0.0013920433500235266,227745.84228016675,ok,405613.0,1.026258|1.647895
560,227699.0,0.06450128117012104,33467.500000012886,301483.4861324706,0.05550469849832406,226770.19825150332,ok,66935.0,1.026221|1.644973
561,229271.0,0.022008022683880434,104325.0,4670599.953891778,0.01116826542948419,228688.43535453454,ok,208650.0,1.026172|1.645064
562,228336.0,0.058965384940729074,118338.0,40141151.30738806,0.0014740234914266104,228248.78350403576,ok,236676.0,1.026074|1.645064
563,228235.0,0.05043915478797401,44982.5,888256.3474320942,0.025320674673500628,227665.50637574962,ok,89965.0,1.026029|1.645045
564,227296.0,0.10160666847338827,66462.00000000003,27953941.307019595,0.001188776911098947,227256.49575446727,ok,132924.0,1.025965|1.644999
565,227198.0,0.060803263267423815,25939.0,190645.10048726172,0.06802954792361202,226315.69077820473,ok,51878.0,1.025930|1.644999
566,226277.0,0.07276207721613225,18101.5,45542.88202469738,0.1987302866580091,224478.34185803,ok,36203.0,1.026359|1.647874
567,224617.0,0.042545061504282,74087.5,2980887.079564087,0.012427089323161188,224156.65400988515,ok,148175.0,1.026465|1.650913
568,224423.0,0.052943991687684745,30796.50000000015,457934.91635153024,0.033625411494457275,223905.22750745545,ok,61593.0,1.026266|1.650885
569,224302.0,0.06746774485162987,36996.50000000001,529096.3213359854,0.034961970541188644,223655.26472843645,ok,73993.0,1.026283|1.650885
570,224159.0,0.06508075404094511,34226.0,216666.70511288452,0.07898306290799981,222807.3628444554,ok,68452.0,1.026205|1.650885
571,222782.0,0.058095785124187026,46013.0000000175,477379.14060534065,0.04819334998767511,221673.23969350813,ok,92026.0,1.026262|1.650885
572,221041.0,0.057247023688748504,29108.500000013017,445053.2640146579,0.032702265496758975,220565.04305239356,ok,58217.0,1.026475|1.656878
573,220876.0,0.057104603269214516,21744.0,94188.39930632153,0.11542822768058568,219621.06430865667,ok,43488.0,1.026385|1.656813
574,219113.0,0.06403947659996075,42709.5,3893044.848943183,0.005485359359730217,218995.8615222128,ok,85419.0,1.026730|1.656826
575,218910.0,0.08123294026290662,23234.0,83248.9047413429,0.1395453794388575,217288.9013270588,ok,46468.0,1.026727|1.656771
576,217218.0,0.050825039985216494,76141.50000000001,2212916.0500122965,0.017203883536290706,216563.03525086076,ok,152283.0,1.026456|1.656789
577,216129.0,0.07580429431969456,19989.5,99175.20150169916,0.10077872138055359,215121.7418744817,ok,39979.0,1.026640|1.656789
578,215259.0,0.05386473003023127,34929.00000000011,1899547.7383608823,0.009194030582811335,215098.4308528865,ok,69858.0,1.027005|1.656799
579,215165.0,0.06370515012787172,43575.5,1015710.3012431482,0.021450752220720355,214697.63637330302,ok,87151.0,1.026974|1.656799
580,214670.0,0.08145938407745473,29972.00000001328,192703.09342279367,0.07776730375120194,213504.57918598395,ok,59944.0,1.026544|1.656675
581,214048.0,0.06909555354111604,37942.50000001738,353742.31325621984,0.053630140611048656,213030.56919493218,ok,75885.0,1.026470|1.656673
582,212977.0,0.07703690533853662,27417.000000000604,597067.0057455812,0.0229597346161876,212662.25647801397,ok,54834.0,1.026786|1.659643
583,212671.0,0.06822427013489936,36944.5000000168,313237.6483405003,0.058971998091137554,211581.6545082605,ok,73889.0,1.026772|1.659641
584,211247.0,0.07026675679638124,34555.0,208766.74259318993,0.08275982939326468,209817.11704765787,ok,69110.0,1.026780|1.662568
585,209844.0,0.04254001822248278,79512.00000000001,1987257.7364734695,0.020005457405112365,209048.66303540234,ok,159024.0,1.026506|1.665514
586,209517.0,0.05162869304361929,67429.00000000001,2389221.830454549,0.014111079837900959,209041.2519988051,ok,134858.0,1.026903|1.665507
587,209385.0,0.059592062774627835,48270.5,751042.4352111432,0.03213566753150875,208609.39763021015,ok,96541.0,1.026998|1.665459
588,208448.0,0.05902037340075383,44536.500000019514,1062326.7087566536,0.02096177175670609,207981.2180260785,ok,89073.0,1.027010|1.665454
589,207659.0,0.05935224765450265,38658.00000000009,573158.7408898388,0.03372364167384317,207007.15573008626,ok,77316.0,1.027047|1.665454
590,206763.0,0.07556029284637458,32635.500000000007,299368.9118132771,0.0545071627550216,205873.56574495425,ok,65271.0,1.027410|1.665528
591,205576.0,0.0679586954959678,38402.0,393262.1023534888,0.048824943682828935,204638.512256346,ok,76804.0,1.027173|1.665614
592,204627.0,0.06509563847042485,47093.50000002152,1517638.206476285,0.01551539088797888,204261.6629696083,ok,94187.0,1.027321|1.665614
593,204204.0,0.058988353396579186,49076.50000000001,812214.9418200377,0.03021152251276478,203462.66210770115,ok,98153.0,1.027181|1.665610
594,203080.0,0.07470670024758365,30293.0,158732.60172988416,0.09542148137768733,201634.69853231288,ok,60586.0,1.027145|1.665607
595,201386.0,0.03301096924662887,101786.0,3466398.999226846,0.01468180668507904,200638.79881237628,ok,203572.0,1.027000|1.665615
596,200582.0,0.03959743083423432,52309.5,2732887.5866404055,0.009570371693243544,200331.68932095615,ok,104619.0,1.027022|1.668403
597,199985.0,0.07515776616841419,25306.5,262164.4255794188,0.048264557527340365,199374.29648746716,ok,50613.0,1.026956|1.668384
598,199121.0,0.06762947028188927,21366.5,250212.14195818733,0.04269676889535307,198664.8597436987,ok,42733.0,1.026947|1.668429
599,198823.0,0.07490024773356325,35661.000000017375,329776.4752689225,0.05406844131458578,197858.9326571398,ok,71322.0,1.026866|1.668429
600,198044.0,0.03472657436193431,67611.00000002532,4576164.242142848,0.007387300413890477,197794.26861585813,ok,135222.0,1.027028|1.671362
601,197657.0,0.08122216520722172,31071.0,252890.33965825092,0.06143176532956636,196702.62680972254,ok,62142.0,1.027038|1.671361
602,196407.0,0.07823325029348291,27630.0,137355.94147673066,0.100578102785167,195017.51351002292,ok,55260.0,1.026660|1.671354
603,195906.0,0.03132068016767756,144651.0,7817813.998487187,0.009251371293048875,195236.8899455446,ok,289302.0,1.026133|1.671359
604,195455.0,0.03529186318678801,105252.0,6633505.387432764,0.007933362065206192,195037.49888795646,ok,210504.0,1.026016|1.671321
605,194796.0,0.06199075100659355,55557.500000023654,1445296.4052561475,0.01922010592359333,194262.08948257475,ok,111115.0,1.026123|1.671321
606,194614.0,0.06119128728428052,49871.0,1261802.610117066,0.01976180727482135,194121.2294546987,ok,99742.0,1.026337|1.671321
607,194180.0,0.06736421819486575,45771.00000002018,1147036.2599717055,0.01995185400727839,193723.39184511625,ok,91542.0,1.026324|1.671314
608,193649.0,0.07480337029653379,31853.500000000735,240660.78539388336,0.06617924882914955,192594.97964871032,ok,63707.0,1.026376|1.671314
609,192822.0,0.053767506772792864,50593.50000002028,792602.9491595102,0.03191604324313359,192014.62783308892,ok,101187.0,1.026312|1.671309
610,192355.0,0.07211808663021037,41024.0,586271.8793694942,0.034987180388149644,191637.3429558783,ok,82048.0,1.026429|1.671309
611,191772.0,0.06893797406785483,35242.0,454460.16707238235,0.038773475161781305,191088.77259417425,ok,70484.0,1.026248|1.671323
612,192030.0,0.03255578932347293,72193.0,3412393.0238398034,0.0105780605422122,191648.16903763806,ok,144386.0,1.026301|1.671323
613,191780.0,0.05335270332673385,42063.00000001496,853980.6142035224,0.024627608226941797,191262.04445757487,ok,84126.0,1.026197|1.671266
614,191338.0,0.05986526863735578,38626.5,560030.072347953,0.034486094503868824,190671.96143532317,ok,77253.0,1.026063|1.671266
615,190304.0,0.06962989750155911,38830.00000001598,602679.8503370747,0.03221445015815497,189678.55645017917,ok,77660.0,1.026040|1.671412
616,190344.0,0.04709384248200377,58572.000000025786,1332324.1223006882,0.02198113770502117,189700.26040117047,ok,117144.0,1.025738|1.671412
617,189639.0,0.0537743389543693,41935.50000000001,437654.6056280415,0.047909355300650706,188634.44861539477,ok,83871.0,1.025554|1.671412
618,188627.0,0.058319221391466766,54572.50000000004,2208704.190260297,0.012353963070439195,188289.90667516924,ok,109145.0,1.025666|1.671426
619,188356.0,0.062159565250395774,25903.500000000007,271956.78692343173,0.047624294089216875,187739.18204903,ok,51807.0,1.025488|1.671428
620,187594.0,0.07516349410204527,30372.0,115553.93979680983,0.13141914526413445,185598.26886001887,ok,60744.0,1.025342|1.674349
621,185048.0,0.05205651183112849,66348.0,1521246.9345423898,0.02180711050042586,184324.57091625888,ok,132696.0,1.025327|1.674349
622,184049.0,0.07175391447878443,39077.5,242634.77692462032,0.08052740933370046,182475.59508088118,ok,78155.0,1.024849|1.674348
623,181848.0,0.03812932963818312,109976.00000000003,5154611.414092009,0.010667729452829417,181261.40289284784,ok,219952.0,1.024881|1.674396
624,181409.0,0.050610183949840924,40617.50000000012,473650.5768959233,0.04287707223559988,180538.22025923524,ok,81235.0,1.024799|1.674349
625,180532.0,0.07113912339397534,35297.0,269879.81759464747,0.06539392295909875,179377.89535065633,ok,70594.0,1.024654|1.674351
626,178722.0,0.05617701647504565,70672.5,4657775.641245396,0.007586507535290342,178453.9212731061,ok,141345.0,1.024800|1.674379
627,178779.0,0.06777141738065538,45043.00000002065,1651234.4252478455,0.013639189963369321,178471.82498323984,ok,90086.0,1.024669|1.674356
628,178417.0,0.08021961915980233,26729.5,201410.93754817944,0.06635563173823678,177530.17357072642,ok,53459.0,1.024539|1.674356
629,177706.0,0.057682888757740275,37989.00000001305,1150678.667446681,0.016507214861430176,177392.45370731447,ok,75978.0,1.024282|1.674356
630,177280.0,0.08585883878407481,33008.50000002852,1097402.2333915571,0.015039380728256167,177031.78630061547,ok,66017.0,1.024191|1.674348
631,177254.0,0.053437374402623056,40762.5,1847087.6598106313,0.011034262446477252,177029.10793851275,ok,81525.0,1.024208|1.682298
632,177415.0,0.059397697139651685,36484.5,1037606.2869178647,0.017581090467548438,177094.28135241836,ok,72969.0,1.024227|1.682298
633,176977.0,0.08150543055212171,26316.0,331512.35169254104,0.03969082881172192,176454.74807449538,ok,52632.0,1.024218|1.682456
634,176416.0,0.08022833948976711,26340.500000000284,180134.87580304182,0.07311327104919094,175453.0799419644,ok,52681.0,1.024174|1.682445
635,175414.0,0.027195277269502795,95379.5,6023515.638664016,0.007917261755557977,175036.42776619288,ok,190759.0,1.024189|1.682492
636,174872.0,0.08017825060555149,32243.000000014763,730294.0977434285,0.02207535299795246,174516.11219664334,ok,64486.0,1.024137|1.682468
637,174225.0,0.0861202323274504,24090.00000000027,148609.20059190984,0.0810515092741563,173248.73457079276,ok,48180.0,1.024001|1.682482
638,172584.0,0.08346494200487897,23577.0,156822.9251203091,0.07517076977716282,171697.8493804819,ok,47154.0,1.023987|1.682482
639,172037.0,0.07057190331965027,34490.00000001311,587916.5481558291,0.0293323942898027,171531.16286047216,ok,68980.0,1.023982|1.682482
640,171067.0,0.08744838207539525,16820.000000000004,48050.54281270766,0.17502403735126704,169595.04784587584,ok,33640.0,1.024183|1.682487
641,169657.0,0.038071974810599846,63306.5,2454116.9114961047,0.012898020404701588,169248.73573562488,ok,126613.0,1.024018|1.682511
642,169335.0,0.057119211675589664,46301.0,2031410.0685505073,0.011396271170654781,169071.17062426376,ok,92602.0,1.023941|1.682511
643,169019.0,0.08844516711928331,30529.500000012347,233015.04284512598,0.06550971908775832,168019.01051555472,ok,61059.0,1.024017|1.682513
644,168351.0,0.0500013654605006,77007.0,4167767.9410692817,0.00923839823724004,167995.2893334724,ok,154014.0,1.024320|1.685463
645,168180.0,0.09034405041478119,70711.00000005378,50252814.16312413,0.0007035526385698616,168155.125544687,ok,141422.0,1.024433|1.685402
646,168180.0,0.07221055940701063,43663.50000000046,1415057.347270134,0.015428173311927659,167843.1759772973,ok,87327.0,1.024433|1.685402
647,167632.0,0.07195850035050783,37988.000000000015,1481890.6621790563,0.01281740987021954,167388.54611692505,ok,75976.0,1.024365|1.685402
648,167466.0,0.08316379333669273,30821.0,494785.0356337512,0.031145848985229072,166986.0268942131,ok,61642.0,1.024320|1.685365
649,167109.0,0.0779876036096947,34332.000000014246,645217.3908188557,0.026604986542940943,166652.2988010037,ok,68664.0,1.024315|1.685365
650,166094.0,0.08935884446586644,30928.500000000007,403461.8351922314,0.038328904127033436,165501.27224435352,ok,61857.0,1.024005|1.685367
651,165817.0,0.08897433305167778,24740.500000000015,184537.81618369027,0.06703368586353363,164987.77654744664,ok,49481.0,1.024182|1.685367
652,164934.0,0.05565623830913315,42774.0,2566034.772518535,0.008334649330963232,164755.7468547587,ok,85548.0,1.024369|1.685420
653,164699.0,0.07587664337408631,38419.5,552684.4324759782,0.03475717583348963,164031.32334153264,ok,76839.0,1.024361|1.682550
654,163603.0,0.08690973865854731,26283.500000000004,177072.88189221517,0.07421661555155254,162627.6637925754,ok,52567.0,1.024465|1.682525
655,162546.0,0.09204729794405131,19931.500000008444,86954.54555100907,0.1146087296167644,161403.83805282123,ok,39863.0,1.024430|1.682535
656,162315.0,0.043128904217085234,77140.0,3175034.6760558765,0.012147898821663521,161846.45554244844,ok,154280.0,1.024264|1.688447
657,161739.0,0.0530233553306178,33828.5,493078.25961729867,0.034303378155686584,161158.78408603018,ok,67657.0,1.024244|1.688447
658,160951.0,0.059538664207334634,21406.50000000635,292407.0160786402,0.03660394385723164,160559.21883790995,ok,42813.0,1.024235|1.688409
659,160288.0,0.0880991703002055,17402.5,197733.94725753166,0.04400483640104226,159905.10291726544,ok,34805.0,1.024287|1.688433
660,160994.0,0.020446489995821222,85171.0000000445,4229977.12468418,0.01006754853389468,160565.2684119096,ok,170342.0,1.024046|1.694222
661,160994.0,0.018533525895087423,88503.0,4447436.598917252,0.009949888888977803,160553.7024918294,ok,177006.0,1.024046|1.694222
662,160366.0,0.06389803096594786,20748.5,307064.86767336965,0.03378520661971422,160015.50382022545,ok,41497.0,1.023916|1.694211
663,159942.0,0.07166823019281443,16357.000000000038,190670.88062601408,0.042893282776836295,159591.19728680965,ok,32714.0,1.024037|1.694208
664,159650.0,0.0842003118343848,18298.5,283362.8290401581,0.03228810931550719,159354.58801584507,ok,36597.0,1.024054|1.694199
665,160049.0,0.03258295305181608,54971.500000000065,2240163.563262536,0.01226952819461551,159711.76281542485,ok,109943.0,1.023853|1.694182
666,159581.0,0.08052528154796698,28437.0,384350.66151198663,0.03699356193135255,159055.00703967907,ok,56874.0,1.023967|1.694182
667,158606.0,0.06266717298769758,33375.0,1429534.5023288084,0.011673380371592944,158411.20046504904,ok,66750.0,1.023668|1.694275
668,158184.0,0.08989306556575753,20811.5,102504.13568258731,0.10151541623864116,157127.65595747478,ok,41623.0,1.023616|1.694273
669,156469.0,0.0844398072219388,28636.5,303196.002440954,0.04722440231641383,155792.82920153302,ok,57273.0,1.023776|1.697229
670,156084.0,0.06184565068715638,27188.0,511608.32656793785,0.026571107806617797,155722.79236047686,ok,54376.0,1.023558|1.697229
671,155770.0,0.04114156935285988,22393.5,464118.6151943781,0.024124759562403408,155499.88109836966,ok,44787.0,1.023636|1.697229
672,155236.0,0.09363885823907458,24928.0,241587.0127022688,0.05159217733016386,154592.95510175684,ok,49856.0,1.023744|1.697236
673,154037.0,0.03460121903703106,63617.00000002896,5384447.4110073615,0.005907477141477646,153849.09201334522,ok,127234.0,1.023937|1.700386
674,154037.0,0.02678225479948075,91026.50000000314,9320348.082021302,0.004883213545188875,153814.74908111442,ok,182053.0,1.023937|1.700386
675,153802.0,0.06171502955882452,46718.5,4303658.548548255,0.0054277656409056265,153675.21146545268,ok,93437.0,1.023919|1.700388
676,153554.0,0.09475525052404588,22767.5,226944.4513371014,0.05016095318889587,152982.9802491359,ok,45535.0,1.023870|1.700397
677,152917.0,0.10139598023627508,17978.500000000327,117134.00477785514,0.07674329941205625,152227.13529576018,ok,35957.0,1.023692|1.700405
678,152203.0,0.09111148746821895,24510.000000000004,361340.09192204627,0.03391541728683634,151787.3665611498,ok,49020.0,1.023789|1.700405
679,151546.0,0.08917783950220878,21597.0,131710.17909131935,0.08198682952600812,150660.66522136342,ok,43194.0,1.024003|1.700386
680,151174.0,0.06168291889658412,34319.50000000001,567520.36036013,0.03023636013536322,150655.15161916718,ok,68639.0,1.023635|1.700435
681,151017.0,0.07805393588510193,30071.500000011092,269033.91150597297,0.05588793589566395,150176.68296785644,ok,60143.0,1.023788|1.700435
682,150269.0,0.03487176715572097,85030.5000000436,6518207.01677964,0.006522537546073018,149991.69268559417,ok,170061.0,1.024114|1.700459
683,149782.0,0.08770232791054187,18652.500000008753,199745.42694994324,0.04669068094530925,149346.5510368336,ok,37305.0,1.023920|1.700453
684,149164.0,0.08545907931167626,30182.500000000004,356164.7177843191,0.042371546777237874,148524.56039469803,ok,60365.0,1.023964|1.700612
685,148390.0,0.08284075402969544,25628.000000000004,187989.6695601958,0.06816331998443594,147516.55521771943,ok,51256.0,1.023711|1.700613
686,147580.0,0.08239324929752016,25198.50000000006,288408.92575095553,0.04368536780612549,147029.5971296687,ok,50397.0,1.023957|1.700643
687,147044.0,0.0709078022078857,32893.000000012486,393980.0769378158,0.04174449664519988,146357.44913592446,ok,65786.0,1.023632|1.700643
688,146343.0,0.054117156734337715,62616.000000000015,10825637.340809332,0.0028920237224258796,146252.45652129827,ok,125232.0,1.023696|1.700651
689,146167.0,0.05377045153836504,45727.50000002174,5239770.46454688,0.00436350220963125,146067.2339763545,ok,91455.0,1.023663|1.700694
690,145901.0,0.09586632861820873,20285.500000008076,196282.76129403204,0.051674176240114,145376.88174894036,ok,40571.0,1.023599|1.700689
691,145173.0,0.10717336988855408,18901.000000006818,100966.67774164486,0.09360018781825721,144288.43142502324,ok,37802.0,1.023706|1.700689
692,144436.0,0.07162305331038586,29158.500000000007,571955.5534807,0.02549017998212682,144064.37229349557,ok,58317.0,1.023725|1.700538
693,143986.0,0.11904647926072509,15650.500000006065,122319.83807910977,0.06397367853726302,143485.38997202608,ok,31301.0,1.023696|1.700539
694,143344.0,0.10189487738605482,15186.000000006145,171747.08997988445,0.04421035605839021,143008.31076644853,ok,30372.0,1.023896|1.700718
695,142625.0,0.08031197942722816,26314.000000000397,1340053.9054615465,0.00981826174781276,142495.82113018402,ok,52628.0,1.024118|1.700729
696,142625.0,0.08298378860349957,27805.5,1381016.9120383582,0.01006703819396373,142485.04048474887,ok,55611.0,1.024118|1.700729
697,142185.0,0.10648428566585205,19149.5,119178.69669198593,0.08033944207953271,141415.769926949,ok,38299.0,1.024118|1.700729
698,141979.0,0.0336412733096807,76867.00000003,5336757.103649393,0.0072016580956501325,141702.21507358074,ok,153734.0,1.024055|1.703704
699,141539.0,0.07900858747587874,34607.0,1291503.9488614413,0.013397945871752345,141307.16864360814,ok,69214.0,1.023959|1.703661
700,141133.0,0.09973284109965705,22800.00000000943,422216.99434402876,0.027000334313203467,140825.19618882937,ok,45600.0,1.024030|1.703645
701,140704.0,0.06917543174419492,30968.000000000004,1180391.0203480523,0.013117687048681851,140500.8857337382,ok,61936.0,1.023904|1.703645
702,140787.0,0.0719541706796572,22143.0,321900.31537298905,0.034394188111221156,140406.20474632664,ok,44286.0,1.023903|1.703645
703,140185.0,0.10255877869077842,16183.0,131722.13296216194,0.06142855280307628,139687.9508649939,ok,32366.0,1.023998|1.703645
704,139310.0,0.10928489664122112,16520.50000000045,93191.44445335223,0.08863742855853,138577.8326807494,ok,33041.0,1.024173|1.703645
705,138952.0,0.06426205821699542,39771.50000000001,1127305.0802245496,0.017640078403655318,138601.2138108845,ok,79543.0,1.023983|1.703650
706,138313.0,0.08669381725854872,22860.000000000004,210270.98529747187,0.054358426978548174,137691.68317963518,ok,45720.0,1.024042|1.703650
707,138016.0,0.06271072696807371,35460.000000000044,1981372.2061459103,0.008948343953248311,137857.3458617089,ok,70920.0,1.024156|1.703649
708,137966.0,0.09485619295738433,20297.00000000768,206876.2880309254,0.04905588792509061,137468.15632139205,ok,40594.0,1.024085|1.703649
709,138135.0,0.04346009119509348,43937.00000000001,1664114.2330808563,0.013201317291378875,137844.98686108433,ok,87874.0,1.023837|1.703647
710,137951.0,0.06134400055518842,32155.500000011478,721909.8995830796,0.022271131077840914,137592.9303223131,ok,64311.0,1.023900|1.703647
711,137832.0,0.06647582612191805,28201.00000000954,674692.523165883,0.020899149636104616,137537.31154055602,ok,56402.0,1.023925|1.703647
712,137176.0,0.0958023483624526,19848.50000000038,115332.68015342517,0.08604889773478014,136322.02922665558,ok,39697.0,1.023896|1.703650
713,136310.0,0.0909383934583558,25440.50000001133,752275.9482464467,0.01690902125696898,136094.91302235596,ok,50881.0,1.024397|1.703667
714,136030.0,0.11166638755675032,15219.500000000042,80532.08859574585,0.09449338931465401,135310.9289306628,ok,30439.0,1.024252|1.703667
715,135556.0,0.07354853219869596,105232.0,15416230.938544827,0.0034130261936103656,135376.420213797,ok,210464.0,1.024229|1.703728
716,135441.0,0.05241154462550667,47019.0,1995732.817999332,0.01177988345332099,135164.06082995413,ok,94038.0,1.024203|1.695014
717,135212.0,0.056577010464670785,42011.5000000006,1449225.275312456,0.01449446842932781,134907.53281979065,ok,84023.0,1.024270|1.695014
718,135016.0,0.08526002526277014,26150.5,402386.56388608617,0.03249425098523306,134591.12954480533,ok,52301.0,1.024309|1.695013
719,134510.0,0.07541263908479129,26786.5,506398.1785379494,0.026448061165362805,134155.774504797,ok,53573.0,1.024166|1.695013
720,134241.0,0.08925705283258112,19627.0,275207.01942438894,0.035658610817869,133891.06422273885,ok,39254.0,1.024300|1.695013
721,133851.0,0.08970614032123167,18886.500000000015,149234.79256641763,0.06327780430824967,133253.45187446612,ok,37773.0,1.024204|1.695013
722,133415.0,0.08083629405979119,28340.000000011827,669319.2140124086,0.021170765313997416,133115.01025550053,ok,56680.0,1.024850|1.695013
723,133171.0,0.09117392791309976,24179.000000000102,281426.00722383225,0.04295800562022921,132651.65919105423,ok,48358.0,1.024860|1.695013
724,132233.0,0.10495191525731816,26654.5,492249.72554757714,0.027074164409487088,131872.17584237366,ok,53309.0,1.024659|1.695016
725,131553.0,0.10752291891293038,16544.0,124852.86727218321,0.06625398503637708,131004.94703577909,ok,33088.0,1.024476|1.697926
726,131290.0,0.10748753952942068,18479.0,156734.72792164574,0.058949922091414086,130745.33219483639,ok,36958.0,1.024511|1.697926
727,130687.0,0.07787525517679388,27829.00000001022,594243.9094316504,0.023415469269703212,130361.18545284659,ok,55658.0,1.024306|1.697945
728,129976.0,0.0994624225251845,14598.500000005937,105907.26924365245,0.06892114254414551,129472.92735028444,ok,29197.0,1.024262|1.697945
729,129775.0,0.048175443196266085,44953.5,2994765.04269113,0.007505346723228122,129606.30419803869,ok,89907.0,1.023788|1.697945
730,129652.0,0.09928044611134215,21470.5,438679.60310948786,0.024471732726813474,129389.28983124447,ok,42941.0,1.023818|1.697945
731,129205.0,0.10802098997420034,13323.500000000095,76552.47780317892,0.08702200361336196,128625.28116742868,ok,26647.0,1.023967|1.697945
732,128451.0,0.09970705882173729,18410.5,191425.37029916747,0.04808793100733542,128008.33857309473,ok,36821.0,1.024101|1.697972
733,128082.0,0.09124789680798763,23328.500000009437,610758.1443352053,0.019097985197890334,127859.23632615543,ok,46657.0,1.023896|1.697972
734,128048.0,0.07931478124108678,20821.0,328675.60646458046,0.031674087748650374,127718.25690949267,ok,41642.0,1.023729|1.697972
735,127754.0,0.07940092047177398,23415.000000000386,529360.0955700253,0.022116325159329073,127495.07312319716,ok,46830.0,1.023694|1.697972
736,127595.0,0.10347601569004462,17495.000000000087,185672.36393577978,0.047112557919635374,127182.88289959799,ok,34990.0,1.023942|1.697972
737,127181.0,0.046794563904573844,28318.000000008447,935930.892195448,0.015128253718381845,126966.79905560137,ok,56636.0,1.023696|1.697972
738,126887.0,0.10345682412156779,15113.000000000198,81981.50321646493,0.09217323058895159,126190.49298305459,ok,30226.0,1.023778|1.697972
739,126409.0,0.058012570542868735,30411.0,1226800.4522550597,0.01239443625248899,126220.53639956277,ok,60822.0,1.023702|1.697979
740,126054.0,0.1133190069370526,18241.500000008138,271268.1452324282,0.03362263561093478,125747.33634625144,ok,36483.0,1.023705|1.697979
741,125565.0,0.11828205915369011,13336.000000000011,57880.0834889437,0.11520370390056076,124796.82170239107,ok,26672.0,1.023621|1.697872
742,124919.0,0.04488136082020943,52504.5,2091267.9056907105,0.012553269683220871,124589.44842595868,ok,105009.0,1.024059|1.697908
743,124786.0,0.05651852381042954,35280.5,813161.008247365,0.02169342826461965,124403.32250205505,ok,70561.0,1.024021|1.697905
744,124363.0,0.07980127971470806,23825.000000000007,237565.2133957086,0.0501441260263873,123765.65809871067,ok,47650.0,1.024171|1.697922
745,123734.0,0.06753377686708177,33702.00000001182,2178205.7641055672,0.007736183733278021,123603.6375679105,ok,67404.0,1.023910|1.697920
746,124082.0,0.08605474153994559,24644.500000009983,356732.8109470673,0.034541958636469215,123656.3653501916,ok,49289.0,1.023895|1.697920
747,123371.0,0.09204319699882059,16493.000000000033,97349.38749827782,0.08471034294022552,122672.43615694343,ok,32986.0,1.023620|1.697917
748,123139.0,0.07370978630598302,36264.50000000001,2882634.269421026,0.006290166668851073,123024.94512541872,ok,72529.0,1.023442|1.697917
749,123005.0,0.0654867725681799,32298.000000013115,1679732.3524171044,0.009614031650202153,122849.74300288083,ok,64596.0,1.023451|1.697914
750,122774.0,0.09800885828710366,19237.500000000004,382697.90995345416,0.025134054171264974,122532.24181644015,ok,38475.0,1.023433|1.697914
751,122099.0,0.10882173657824268,13976.00000000004,82161.45702768948,0.0850520457255885,121504.6563044696,ok,27952.0,1.023486|1.697914
752,121628.0,0.1028421262208782,15485.0,251233.72011072416,0.03081791726280896,121389.3922755927,ok,30970.0,1.023561|1.697915
753,121666.0,0.1051621000273595,20228.5,526568.3747744628,0.019207856917597996,121471.72693317119,ok,40457.0,1.023588|1.697922
754,121387.0,0.12191625053685602,16707.000000000004,427366.1726358349,0.019546469830493917,121223.71856427097,ok,33414.0,1.023510|1.697927
755,121444.0,0.09633684575284213,17250.00000000642,290142.0763186519,0.029726815598199223,121187.60621546544,ok,34500.0,1.023487|1.697927
756,121174.0,0.11739493753468604,11380.500000000036,33773.56568410542,0.16848235845817056,120215.2932597834,ok,22761.0,1.023538|1.697926
757,120424.0,0.02766367123532926,102611.00000004047,6894723.712810363,0.007441269895223628,120042.22192739046,ok,205222.0,1.023618|1.698151
758,119910.0,0.08918152981601722,21579.500000000004,411217.1277856728,0.026238571477070483,119626.89237340528,ok,43159.0,1.023532|1.698151
759,119573.0,0.08861786198722996,16922.5,234288.960393801,0.03611459108349808,119267.42541619476,ok,33845.0,1.023470|1.698261
760,118936.0,0.10219041573636416,16140.00000000026,272118.4039002728,0.029656208048896467,118696.6744010454,ok,32280.0,1.023485|1.701262
761,118533.0,0.11380948359183249,13957.0,88452.84830332274,0.07889514169254686,117982.43025369856,ok,27914.0,1.023509|1.701274
762,117900.0,0.10767624293881418,17416.500000000004,241704.37540792112,0.03602851617933357,117586.25467398133,ok,34833.0,1.022992|1.698622
763,117614.0,0.08560081024224944,28232.5,1604766.6649782953,0.00879645016815633,117489.82711031377,ok,56465.0,1.023200|1.698674
764,117439.0,0.10927862552079674,19733.00000000001,278794.1522911616,0.035389910150252446,117089.82545150253,ok,39466.0,1.023215|1.698674
765,117192.0,0.09968658248706184,20130.5,506505.05792231736,0.019871963453410777,116991.98371985056,ok,40261.0,1.023257|1.698674
766,116814.0,0.12072630605202059,12704.0,76723.42739396424,0.0827908790803017,116288.11233608193,ok,25408.0,1.023426|1.698711
767,115864.0,0.09249429418167303,20129.0,274707.0099891044,0.03663721577545176,115495.26474182797,ok,40258.0,1.022860|1.698711
768,115522.0,0.09810395102889906,18179.500000000167,230248.6251916704,0.03947797730576382,115163.15505578494,ok,36359.0,1.023280|1.698711
769,115375.0,0.08597411571821138,16694.0,341207.25542359444,0.02446313748410054,115170.80619142021,ok,33388.0,1.023074|1.698711
770,115164.0,0.10925959820626917,13618.000000000031,73385.5341245239,0.09278395369373746,114532.23405929934,ok,27236.0,1.023118|1.698711
771,114583.0,0.04817362765120671,42296.50000001732,2062705.7068554834,0.010252674402228887,114366.17387857298,ok,84593.0,1.022423|1.698856
772,114259.0,0.09100490911983436,20634.000000000004,224628.76276211554,0.0459291137659242,113785.14933327696,ok,41268.0,1.022379|1.698852
773,113771.0,0.10604735983598013,17445.5,172970.8755572151,0.050429009923781645,113331.12035368734,ok,34891.0,1.022289|1.698863
774,113328.0,0.07587404186046674,28577.5,1204400.2272281267,0.011863788861020824,113158.48128691208,ok,57155.0,1.022176|1.698865
775,113177.0,0.08756044534328868,24712.000000000004,947077.457284817,0.013046451380464175,113015.79804674299,ok,49424.0,1.022254|1.698865
776,112805.0,0.09174502668815844,19258.500000006723,276842.10489796323,0.03478246202308154,112470.07097756412,ok,38517.0,1.022107|1.698865
777,112405.0,0.1235685094486711,20319.500000000146,422514.3734565435,0.02404592751930373,112160.69938788576,ok,40639.0,1.021918|1.698842
778,111934.0,0.10982830839401984,15182.000000006454,156487.463788263,0.04850867805151669,111565.77062491077,ok,30364.0,1.022129|1.698842
779,111511.0,0.12124181354887348,20213.50000000005,677926.7792990685,0.014908320940573755,111360.32532733386,ok,40427.0,1.022224|1.698844
780,111286.0,0.11828380448123481,17209.5,487476.5342568474,0.017651618888933487,111134.11223236544,ok,34419.0,1.022265|1.698844
781,110921.0,0.14200361821899532,11850.5,75997.0615804246,0.07796683025342432,110459.0270390409,ok,23701.0,1.022441|1.698844
782,110468.0,0.06701796366047623,54598.00000000001,2507302.5924252034,0.010887796344355423,110170.77404759545,ok,109196.0,1.021977|1.698849
783,110193.0,0.0824984977599902,28480.000000000007,1024108.234282077,0.013904780298912999,109994.99592854349,ok,56960.0,1.022037|1.698849
784,110322.0,0.0877128921952548,22909.000000000015,585087.4858154192,0.01957741410933821,110097.75051008459,ok,45818.0,1.022108|1.698844
785,109612.0,0.10735178176402402,23345.5,657784.3914485315,0.017745556373411357,109404.86055684226,ok,46691.0,1.022153|1.698844
786,109686.0,0.07155290575696388,25714.500000000007,744769.7662003046,0.01726338874575377,109464.04029504866,ok,51429.0,1.022007|1.698638
787,109233.0,0.11319576362825562,14052.000000005512,128374.6742008556,0.054730421274603154,108848.46406012449,ok,28104.0,1.021945|1.698638
788,108560.0,0.08272079465994149,21692.0000000082,851551.4015871567,0.012736753154053738,108421.85717529108,ok,43384.0,1.022395|1.698638
789,108620.0,0.11314707003248269,16805.000000000004,240772.05641261264,0.03489815273912261,108326.76827160953,ok,33610.0,1.022328|1.698638
790,108196.0,0.1148275576175362,12952.500000004922,65223.58391467227,0.0992930717894146,107552.95324382356,ok,25905.0,1.022467|1.698638
791,107297.0,0.08123111888222274,31887.0,1582216.0343004668,0.010076689689881053,107136.34229792938,ok,63774.0,1.022391|1.698653
792,107174.0,0.09708567352040441,18951.5,437058.42513187474,0.021680739816743854,106968.55872968149,ok,37903.0,1.022453|1.698653
793,106839.0,0.11585763485335789,15269.000000006225,167452.02360986074,0.04559216326815139,106490.92662952916,ok,30538.0,1.022481|1.698653
794,106688.0,0.11243687616911617,17353.5,241801.00562765927,0.035883845799057665,106376.64484096302,ok,34707.0,1.022696|1.698665
795,106388.0,0.11933089808539536,17207.000000000015,256087.6297187115,0.03359592187037755,106098.95748618821,ok,34414.0,1.022890|1.698662
796,106356.0,0.08944753102533491,26802.5,1348362.513692522,0.00993890727746529,106222.80621884787,ok,53605.0,1.023120|1.698663
797,106166.0,0.13103224275578979,19086.0,313295.5787879817,0.030460053208915816,105875.31971222733,ok,38172.0,1.023170|1.698663
798,105852.0,0.11299441117806727,14254.0,459756.4087135795,0.01550168712153831,105741.5194758848,ok,28508.0,1.023175|1.698665
799,105852.0,0.10571088964952494,15287.50000000673,584764.8369971175,0.013071493900446417,105752.08476849842,ok,30575.0,1.023175|1.698665
800,105634.0,0.1257291401978459,11710.5,60040.34037115053,0.09752193215102851,105062.98470677268,ok,23421.0,1.023192|1.698665
801,105501.0,0.060234701121586416,33265.00000000023,1306848.0802621855,0.012727187077983258,105289.31506092545,ok,66530.0,1.022906|1.698663
802,105313.0,0.08864896942061695,19832.000000007265,229236.70721292766,0.04325659760412239,104884.06757815737,ok,39664.0,1.023209|1.698663
803,104958.0,0.09719581949277734,19318.0,311226.2178155477,0.031035303091735453,104658.23000743693,ok,38636.0,1.023105|1.698663
804,104742.0,0.11560854807710369,13867.5,104193.58805281177,0.06654680129151082,104280.58111654498,ok,27735.0,1.023160|1.698663
805,104719.0,0.04502436554328525,32186.50000000012,1574367.9053038773,0.01022203891846602,104554.49417217539,ok,64373.0,1.023236|1.698663
806,104719.0,0.045476094337272156,28767.5,1003843.7131575497,0.014328674684584613,104512.8999255056,ok,57535.0,1.023236|1.698663
807,104522.0,0.09838701798060799,16100.000000000096,242825.50846415584,0.03315137709755205,104255.1314143647,ok,32200.0,1.023239|1.698663
808,104172.0,0.09710730129515069,15096.500000006152,269591.7334680916,0.02799881844632478,103960.65791866244,ok,30193.0,1.023283|1.698684
809,104194.0,0.06863141727655672,21800.0,633825.7907670583,0.01719715442126263,104006.55101680824,ok,43600.0,1.023369|1.698684
810,104194.0,0.07068813723705766,21903.5,608663.2473440012,0.017993118605057395,103996.94386331706,ok,43807.0,1.023369|1.698684
811,103914.0,0.1171810156582889,13544.500000005486,97363.27212525517,0.06955651604734925,103442.94588419814,ok,27089.0,1.023111|1.698684
812,103269.0,0.11734648212149282,12807.500000000002,86164.76346934913,0.07431982334957571,102793.07443122516,ok,25615.0,1.022990|1.698730
813,102309.0,0.10439551965039714,14556.000000004726,304777.7319537459,0.02387969735632424,102135.20356264061,ok,29112.0,1.023112|1.698751
814,101898.0,0.13579069249925768,12123.000000000002,104727.04584925724,0.05787903163739428,101547.16624972993,ok,24246.0,1.023205|1.698744
815,101670.0,0.0846501041825699,26391.0,1089619.9228407817,0.012110186059738707,101510.20003984871,ok,52782.0,1.023016|1.698906
816,101499.0,0.09155878787676962,19845.500000000004,544905.5822115677,0.01821003550693549,101318.30637017357,ok,39691.0,1.023114|1.698926
817,101282.0,0.12918609390841043,11214.0,58621.748060547485,0.09564709660668612,100745.70672932631,ok,22428.0,1.023032|1.698926
818,101060.0,0.041168814821996844,54360.00000002753,4345879.20065905,0.0062542005299852646,100890.01082959492,ok,108720.0,1.023129|1.698992
819,100886.0,0.07517896614920483,28707.0,1423805.5448185576,0.010081081684387693,100741.30119404313,ok,57414.0,1.023121|1.698990
820,100728.0,0.09822299463275741,17850.5,414694.33488700155,0.021522478725039748,100535.90649675933,ok,35701.0,1.023088|1.698990
821,100578.0,0.10242050879419057,15458.500000000002,250298.32542462237,0.030880150663763324,100339.3195954821,ok,30917.0,1.023128|1.698990
822,100280.0,0.12440236290406807,12182.0,107069.58499203461,0.0568882376862966,99933.49374425276,ok,24364.0,1.023093|1.698990
823,99858.0,0.10999417366957273,13941.000000000002,166011.56375851808,0.04198803891841747,99565.32237471918,ok,27882.0,1.023195|1.699002
824,100252.0,0.05416129755957272,30469.5,1138977.6077869313,0.013375811689223275,100048.2228528676,ok,60939.0,1.023068|1.699002
825,99949.0,0.0895613877418312,13902.00000000414,217062.0989733109,0.03202309400342036,99726.40747358215,ok,27804.0,1.023131|1.699002
826,99673.0,0.13803579503102292,9792.0,62435.87683053236,0.07841645298405997,99289.07304619005,ok,19584.0,1.023252|1.699002
827,99466.0,0.07194340216966039,20617.000000008058,457882.7240667539,0.02251340672661232,99233.92054675863,ok,41234.0,1.023693|1.699006
828,99082.0,0.10992793054596309,15146.500000006166,175210.94760053087,0.04322361190163518,98754.65678116582,ok,30293.0,1.023524|1.698988
829,98743.0,0.11826475877513651,12093.000000000062,112718.44082619718,0.053642509208615206,98418.65056807011,ok,24186.0,1.023511|1.698988
830,98719.0,0.0507378267479094,39409.5,3347526.7808537357,0.005886360674603656,98603.0107344971,ok,78819.0,1.023819|1.698988
831,98516.0,0.11805170861838625,15168.000000005226,197097.77414076976,0.0384783645227065,98224.1800834597,ok,30336.0,1.023809|1.698988
832,97788.0,0.13116998290130505,9813.50000000001,49533.44716410148,0.09905932820997138,97301.94064130571,ok,19627.0,1.023659|1.698992
833,97162.0,0.09616349778356031,19369.0,301958.6925991486,0.03207226762256589,96851.39612420926,ok,38738.0,1.023766|1.698992
834,96964.0,0.0888509519958504,20199.0,501572.4052404917,0.020135677111577814,96760.63972901163,ok,40398.0,1.023593|1.698992
835,97027.0,0.10611970499330929,13396.0,160202.19453672276,0.041809664464144615,96746.95886741916,ok,26792.0,1.023823|1.698992
836,96383.0,0.13357762024082764,12675.5,144304.0802757449,0.043919409540530294,96104.6497621845,ok,25351.0,1.023734|1.698992
837,96121.0,0.11978966547110068,12582.5,113236.99930065667,0.05555825427072684,95771.4691328193,ok,25165.0,1.023691|1.698992
838,95798.0,0.1044831000411406,14339.5,390593.4745522712,0.01835604142700676,95666.39177197873,ok,28679.0,1.023580|1.698992
839,95617.0,0.11740705765105741,10688.000000000004,61621.29199986135,0.08672327091116534,95153.55084025074,ok,21376.0,1.023488|1.698992
840,95070.0,0.04247116566869463,46022.00000000001,4572619.403833554,0.005032345351268079,94954.20070112197,ok,92044.0,1.023370|1.698992
841,95070.0,0.043616723719243626,31283.000000000004,1745240.7752872978,0.008962373685903099,94929.81503199194,ok,62566.0,1.023370|1.698992
842,94914.0,0.12067514382712667,11718.000000000004,96631.54396280993,0.06063237489256018,94558.7549155045,ok,23436.0,1.023305|1.698992
843,94593.0,0.09607867349092497,12886.500000004631,417524.89916691324,0.015432013786144304,94493.56767717238,ok,25773.0,1.023665|1.699061
844,94505.0,0.1319115292191145,7297.5,36449.95867365344,0.10010299415338897,94139.74920008282,ok,14595.0,1.023684|1.699061
845,94194.0,0.08011491296499693,25376.5,878453.4359408733,0.014443850386230394,94010.7328153369,ok,50753.0,1.023555|1.699059
846,94082.0,0.07759856776073895,18414.5,894125.9710535358,0.010297486370014763,93987.18846861967,ok,36829.0,1.023334|1.699059
847,93964.0,0.06786650866945643,21117.50000000923,1773942.5896924075,0.005952137381083707,93901.15286942745,ok,42235.0,1.023265|1.699061
848,93804.0,0.12956832584198924,9221.500000003947,69334.29164614041,0.06650028276821139,93497.38382122634,ok,18443.0,1.023213|1.699021
849,93832.0,0.04604819309232242,48458.0,3732509.2222285215,0.006491343639744285,93674.72123495264,ok,96916.0,1.023179|1.699024
850,93777.0,0.1049080024183778,11907.5,126847.20432184814,0.04693639116313206,93497.5524611125,ok,23815.0,1.023329|1.699024
851,93655.0,0.06618892533774409,17912.500000006243,905253.1878701808,0.009893640939365027,93566.39007833677,ok,35825.0,1.023361|1.699085
852,93731.0,0.09497361885611522,13540.000000004851,269733.07052112056,0.02509888752952272,93561.08053142506,ok,27080.0,1.023224|1.699081
853,93527.0,0.12251398357410821,9399.0,100210.50774557318,0.04689627969884826,93306.61093355526,ok,18798.0,1.023200|1.699081
854,93152.0,0.07624345945073474,18239.000000000004,1052757.8200152374,0.008662486116577132,93073.00245785988,ok,36478.0,1.023272|1.699081
855,93028.0,0.07204212930310173,17829.500000000004,1026138.4281068209,0.008687668014195037,92950.55161157045,ok,35659.0,1.023288|1.699081
856,92869.0,0.11143874050325038,10127.000000004122,141822.72027700074,0.03570302410017448,92688.2177374687,ok,20254.0,1.023273|1.699064
857,92518.0,0.13330012889892967,8931.500000000002,83645.1280639273,0.053389242187386825,92279.57699170169,ok,17863.0,1.023159|1.699028
858,92238.0,0.12736001383317241,10417.000000004651,105475.86483286018,0.049380965098089986,91980.79924328648,ok,20834.0,1.023122|1.699030
859,91886.0,0.1338136643595212,9642.0,64035.21635918669,0.07528669807185502,91523.04282859559,ok,19284.0,1.023058|1.699138
860,91349.0,0.10691542215728873,17438.5,270762.91556097026,0.032202526634547944,91068.21811964171,ok,34877.0,1.022876|1.699138
861,91003.0,0.12719977768712745,10906.000000004093,100056.23134528624,0.05449935427993654,90705.8150211114,ok,21812.0,1.022783|1.699136
862,90701.0,0.06370890764956869,25863.5,1413090.8528997095,0.00915139318428367,90582.65647118914,ok,51727.0,1.022942|1.699135
863,90701.0,0.05106737809562073,25405.0,991253.2417918061,0.012814586086032613,90538.22272024218,ok,50810.0,1.022942|1.699135
864,90701.0,0.05684308642436137,26224.500000009917,1131781.296269793,0.01158549804915602,90549.0880532049,ok,52449.0,1.022942|1.699135
865,90401.0,0.1251639074804271,9442.000000000193,81306.84755813185,0.058063990202359396,90126.87990225466,ok,18884.0,1.022857|1.699135
866,90383.0,0.10069574631343062,12869.500000004886,211304.37832553187,0.030452516180659438,90187.04567150644,ok,25739.0,1.022783|1.699133
867,90292.0,0.13735211363717295,8842.5,68233.41884119705,0.06479596178948309,90005.52085393826,ok,17685.0,1.022904|1.699133
868,90025.0,0.12995888515581408,8785.5,88452.06255013503,0.049662493709631356,89806.84508075702,ok,17571.0,1.022701|1.699150
869,89800.0,0.13931605385879586,9630.000000000022,126215.51764104962,0.03814903341515915,89616.31240410601,ok,19260.0,1.022700|1.699148
870,89727.0,0.06699076416969056,22880.0,1531606.238396369,0.00746928271327621,89641.55140576011,ok,45760.0,1.022891|1.699162
871,89636.0,0.11008410630729924,13367.0,234096.0324291196,0.02855024893266251,89445.18441125855,ok,26734.0,1.022872|1.699162
872,89628.0,0.09981187277867432,14756.500000000002,293833.8250315498,0.025110281293202977,89442.73006704843,ok,29513.0,1.022965|1.699162
873,89222.0,0.10973524336463025,20097.5,927588.3947634746,0.010833199355153993,89113.1398879799,ok,40195.0,1.022888|1.699162
874,89138.0,0.12427988372529396,14136.5,336085.7100164702,0.021031093525677166,88989.34697318713,ok,28273.0,1.022844|1.699159
875,89038.0,0.13719371067033723,11714.5,234404.28908186694,0.024987810687859574,88891.64014584853,ok,23429.0,1.022987|1.699159
876,88563.0,0.13861675504199866,9570.500000003489,92423.14866077225,0.051775448784648244,88315.24153370317,ok,19141.0,1.022967|1.699159
877,88278.0,0.12488937560220476,10744.5,157313.70734136258,0.034149916690619314,88094.53811005881,ok,21489.0,1.023086|1.699159
878,87760.0,0.10013484644599156,13402.000000000004,497670.85610865214,0.013464722552564,87669.77289417527,ok,26804.0,1.023343|1.699327
879,87588.0,0.13741182904838145,10079.0,127283.67229352618,0.03959266659417648,87388.47275669864,ok,20158.0,1.023421|1.699327
880,87674.0,0.08915866854160642,13732.500000004962,396318.12071785855,0.017325097291957057,87555.04155071905,ok,27465.0,1.023415|1.699327
881,87674.0,0.06689759077842208,11581.5,262447.4469677457,0.022064417341090277,87546.23047528208,ok,23163.0,1.023415|1.699327
882,87752.0,0.16008094434167033,13612.0,1206762.8139038633,0.005639882105732668,87713.61496238838,ok,27224.0,1.023480|1.699327
883,87943.0,0.10078432973113505,10478.0,253397.27551346438,0.020675044707501693,87834.6834407774,ok,20956.0,1.023409|1.699327
884,87943.0,0.08705717049084122,10970.0,244063.65892598653,0.022473644884850933,87819.73205780658,ok,21940.0,1.023409|1.699327
885,87771.0,0.1313678095902479,7199.0,46647.983822545226,0.077163034820389,87493.25165616401,ok,14398.0,1.023432|1.699628
886,87455.0,0.11830346681847752,7133.000000003299,61534.69509300182,0.05795917237602853,87248.2886117208,ok,14266.0,1.023231|1.699614
887,87399.0,0.12281925575260529,14898.0,555132.884262126,0.01341840883719417,87299.04627257174,ok,29796.0,1.023284|1.699618
888,87260.0,0.12693534174186955,10310.5,250565.09869306235,0.02057449352240029,87153.93334226865,ok,20621.0,1.023308|1.699774
889,87090.0,0.13300203658041795,8900.500000003798,80808.80746533808,0.055071348527334446,86844.91873121612,ok,17801.0,1.023163|1.699774
890,86828.0,0.1030387927211585,12705.500000000213,535512.7581496118,0.011862929320211027,86752.63777576103,ok,25411.0,1.023259|1.699946
891,86746.0,0.14000158372566301,8284.000000002992,78267.58649330307,0.052921013481818616,86526.80116215823,ok,16568.0,1.023318|1.699946
892,86388.0,0.12915672774555614,7445.000000003246,46373.6490415911,0.0802718801934915,86089.1879259796,ok,14890.0,1.023394|1.699946
893,86115.0,0.05895739624916646,20281.0000000071,686403.0204368789,0.014773390702082528,85965.19043158548,ok,40562.0,1.023179|1.705858
894,85929.0,0.10915905734368557,19209.000000000007,1234872.6935908038,0.0077777248212297255,85854.2988419545,ok,38418.0,1.023231|1.705860
895,85850.0,0.1250801271188483,7426.000000000002,85407.09663013555,0.043474139111408266,85688.58052147935,ok,14852.0,1.023166|1.705850
896,85686.0,0.1453302412827866,6447.500000000035,62459.92160132381,0.051613097124535795,85519.61227814478,ok,12895.0,1.023227|1.705853
897,85971.0,0.04750740014040833,21000.5,600876.9039711374,0.01747487701824594,85787.50942258917,ok,42001.0,1.023045|1.705915
898,85598.0,0.14749417231942952,5094.500000002261,117427.35924321428,0.021692133898074756,85542.74471192811,ok,10189.0,1.023054|1.705913
899,85567.0,0.1351001491228237,8585.5,114036.65981990787,0.03764359642573989,85405.4054514434,ok,17171.0,1.023021|1.705913
900,85652.0,0.057878425728168384,16804.5,509709.7952538455,0.016484380088900418,85513.49411739803,ok,33609.0,1.022623|1.705912
901,85623.0,0.09532774868867816,10323.0,137167.46276190237,0.03762918622297053,85428.77695531014,ok,20646.0,1.022543|1.705912
902,85623.0,0.059858337241376326,10426.000000001284,134078.98449644164,0.03888006774200316,85420.3182068609,ok,20852.0,1.022543|1.705912
903,85540.0,0.10328569572630635,12341.500000000002,224794.20987100442,0.027450662557283016,85370.60882402465,ok,24683.0,1.022515|1.705912
904,85371.0,0.14857205972570456,13956.000000005031,375041.88349547127,0.01860592191721642,85241.16787686163,ok,27912.0,1.022529|1.708768
905,85180.0,0.1408619092533481,7152.5,103742.77000400538,0.034472281777919805,85056.71850229171,ok,14305.0,1.022326|1.708648
906,85041.0,0.17875637966034819,6437.5,52119.029672505225,0.06175767316132544,84842.21748951198,ok,12875.0,1.022248|1.708648
907,84489.0,0.14089342839069688,8393.000000003356,76015.03120807032,0.05520618663583666,84257.32723778262,ok,16786.0,1.022055|1.708672
908,84264.0,0.08619286619582821,20174.50000000894,752428.7930080622,0.013406251985224582,84128.76778466199,ok,40349.0,1.022181|1.708668
909,84184.0,0.10557129924644702,18243.5,765653.0790562549,0.011913685518307432,84075.32633912338,ok,36487.0,1.022082|1.708668
910,84087.0,0.10093479767466408,18987.0,829733.6145849446,0.011441623953910688,83978.37894299356,ok,37974.0,1.022109|1.708668
911,83942.0,0.12246692642527113,7667.500000003567,98734.05522024442,0.03882905438705927,83793.13911274353,ok,15335.0,1.022143|1.708668
912,84002.0,0.09896699091602756,17230.500000006556,559879.5308234178,0.01538768525317006,83869.43124462257,ok,34461.0,1.021952|1.708675
913,83750.0,0.1315235448981567,8059.000000003433,76956.75112672153,0.052360578389886864,83539.01304937787,ok,16118.0,1.021901|1.708670
914,83415.0,0.1287548162230248,8959.000000000004,108415.77046279251,0.04131778966176635,83229.91696121013,ok,17918.0,1.021859|1.708802
915,83110.0,0.12364433022227632,10844.500000004366,389979.2001980523,0.013903946664972066,83034.60932519582,ok,21689.0,1.021823|1.711751
916,82937.0,0.13406567849540457,8470.000000003345,96175.88824170394,0.0440339057681329,82750.51640907188,ok,16940.0,1.021531|1.711751
917,82643.0,0.1341000349339869,5805.000000002286,32886.906983816225,0.08825700761185824,82386.83403540647,ok,11610.0,1.021842|1.711819
918,82268.0,0.13302928937979266,6846.0,56958.33993573538,0.06009655484801844,82062.28949275524,ok,13692.0,1.021861|1.711819
919,82206.0,0.07186410028931776,11944.000000003973,340430.70862028364,0.017542483238969942,82101.23629009683,ok,23888.0,1.021821|1.711817
920,81981.0,0.14325107972239506,6123.5,33048.99794036565,0.09264274836788366,81697.35106518463,ok,12247.0,1.021747|1.711817
921,81362.0,0.2572551936299549,18879.5,1954793.081014511,0.004829027732746475,81316.41518545982,ok,37759.0,1.021347|1.712027
922,81264.0,0.09882792264402283,13031.00000000479,216191.19428222944,0.03013767522601617,81067.63797706482,ok,26062.0,1.021366|1.712027
923,81553.0,0.026242981569982823,55216.000000000015,3193918.829365395,0.008643926622733078,81314.35847379958,ok,110432.0,1.021296|1.712037
924,81307.0,0.0484354413847155,11183.00000000569,202158.54755842185,0.0276589838398347,81152.34479185948,ok,22366.0,1.021282|1.712037
925,81184.0,0.0482979006213361,9893.000000000045,220406.52973183728,0.02244262003497944,81072.98757999697,ok,19786.0,1.021317|1.712037
926,81184.0,0.05260371389190887,8832.5,171743.25090762554,0.02571425646516579,81070.43941488571,ok,17665.0,1.021317|1.712037
927,80967.0,0.1316134131633439,4862.000000000001,61448.821357608336,0.03956137719635861,80870.82629203565,ok,9724.0,1.021333|1.712037
928,80947.0,0.09338833476860936,7780.000000000002,130743.20747702272,0.029752979715475036,80831.2609089068,ok,15560.0,1.021350|1.712039
929,80897.0,0.1313144895865468,6586.500000000002,43379.67409692125,0.07591689122979672,80646.98669795747,ok,13173.0,1.021348|1.712039
930,80540.0,0.05798785553654274,23294.0000000067,885482.9515507002,0.013153274130920945,80386.80381619712,ok,46588.0,1.021565|1.712113
931,80478.0,0.12906678373823874,13189.500000000007,1586865.3523504918,0.004155834639802141,80450.59330950918,ok,26379.0,1.021581|1.711944
932,80478.0,0.11896691250429481,10448.5,528159.0229211169,0.009891433778989453,80426.3246770801,ok,20897.0,1.021581|1.711944
933,80478.0,0.113422459200708,10343.5,388166.52026307123,0.0133235344369601,80409.09401077566,ok,20687.0,1.021581|1.711944
934,80371.0,0.15812997649516147,5570.5,26436.77724877875,0.10535512607266322,80077.55963510612,ok,11141.0,1.021459|1.711944
935,80078.0,0.0356201331479982,52855.000000000975,5281447.383972439,0.005003836652846298,79945.76110685691,ok,105710.0,1.021554|1.712052
936,79771.0,0.10853619098748112,14629.50000000581,286820.4211774634,0.025502891216651117,79584.45272647293,ok,29259.0,1.021461|1.712052
937,79460.0,0.13821233268974356,6663.5000000031605,59970.01251710705,0.05555693354326323,79274.89818666715,ok,13327.0,1.021502|1.712052
938,79232.0,0.15205622822373788,7629.0,64279.3574715444,0.05934253468057187,79005.63790146096,ok,15258.0,1.021439|1.712046
939,78797.0,0.12978093394778628,10180.0,213251.55513102183,0.02386852464861371,78675.50920953855,ok,20360.0,1.021625|1.712070
940,78588.0,0.13250775167048096,9187.5,99947.24768526581,0.0459617458848465,78376.86322984149,ok,18375.0,1.021782|1.715046
941,78425.0,0.12988912665439914,6276.0,58011.414061732175,0.054092803127686793,78255.25678378533,ok,12552.0,1.021660|1.715057
942,78467.0,0.0554293209137786,18234.0,578217.9723320939,0.01576741027821899,78323.24852049348,ok,36468.0,1.021697|1.715057
943,78303.0,0.043191758675198894,12359.000000000004,247295.28112067204,0.024988345802622117,78148.58451711269,ok,24718.0,1.021755|1.715057
944,78303.0,0.04958786936593895,16992.000000006636,555324.1830260233,0.015299171654487777,78173.01823762343,ok,33984.0,1.021755|1.715057
945,78001.0,0.11181057697645773,9403.0,227852.51305921443,0.02063396157837492,77903.98942963926,ok,18806.0,1.021801|1.715057
946,77876.0,0.12491413938147498,10116.0,122687.37270473981,0.04122673661104973,77667.47516622131,ok,20232.0,1.021756|1.715060
947,77502.0,0.10531643330327652,15336.50000000703,1393921.4546887537,0.005501206667140183,77459.81537197469,ok,30673.0,1.021735|1.715063
948,77502.0,0.08784340484097983,21491.00000001033,2473895.2680578553,0.004343554934902712,77455.32633044697,ok,42982.0,1.021735|1.715063
949,77490.0,0.13477463658133595,8812.50000000399,80731.43909141596,0.05457910882788295,77249.51080172704,ok,17625.0,1.021681|1.715063
950,77003.0,0.15755043886053774,5878.000000002427,57861.19493210199,0.050793973464426774,76853.71651198798,ok,11756.0,1.021832|1.715081
951,78444.0,0.025692267023527636,88986.0,2813739.4747466748,0.01581276461425263,77740.44266401806,ok,177972.0,1.021827|1.715081
952,78089.0,0.029268788072877944,24695.000000007793,219815.03276993104,0.056172227369578415,77395.4134225539,ok,49390.0,1.021867|1.715081
953,77502.0,0.043713321566321336,24901.50000001976,806951.9725801123,0.015429356917240573,77309.8929343625,ok,49803.0,1.021739|1.721010
954,77180.0,0.09288477221222724,23531.0,1099451.2161987724,0.010701247883173825,77054.09446803051,ok,47062.0,1.021773|1.726736
955,76998.0,0.11418530640232574,19525.0,977267.7364042016,0.009989585899889152,76900.47666765233,ok,39050.0,1.021899|1.729682
956,76869.0,0.09063310696799803,18243.5,545043.2506898858,0.016735827823671223,76716.33996254943,ok,36487.0,1.021934|1.729691
957,76623.0,0.11413260202109338,9569.000000000002,190050.83529742225,0.025174843312382407,76502.5509621719,ok,19138.0,1.021854|1.729790
958,76536.0,0.08498490828263475,11548.5,408900.9121902384,0.014121391828330205,76454.45955323525,ok,23097.0,1.021808|1.729790
959,76294.0,0.1206829960120308,8326.0,100861.70087469333,0.04127433866271946,76122.1749281471,ok,16652.0,1.021833|1.729790
960,76134.0,0.1249382854971282,12195.000000004846,729126.9508917737,0.008362741210628341,76083.00818546816,ok,24390.0,1.021848|1.729790
961,76071.0,0.14170439600834653,6291.0,263574.04488020495,0.011934027879830267,76033.46151530399,ok,12582.0,1.021841|1.729792
962,76103.0,0.14079437252985044,6705.000000002541,53771.883365972055,0.06234670965835653,75893.98265587028,ok,13410.0,1.021653|1.729732
963,75933.0,0.13874396136924586,9927.00000000423,250686.92557569718,0.019799596602828578,75834.72470226181,ok,19854.0,1.021754|1.729732
964,75639.0,0.14454763559310194,10024.0,296139.0362007655,0.016924482716969967,75554.17449262254,ok,20048.0,1.021656|1.729732
965,75574.0,0.1391995831564539,8292.5,149648.1794739489,0.027706651792057307,75459.1212950072,ok,16585.0,1.021646|1.729725
966,75417.0,0.13801875625240664,8369.50000000012,265594.65275279875,0.015756153057399844,75351.06443849303,ok,16739.0,1.021778|1.729732
967,75154.0,0.11740570965429557,9097.000000000002,113960.53585828695,0.039912939736052006,74972.45599361057,ok,18194.0,1.021661|1.729732
968,75236.0,0.053657335832817885,43143.5,5874574.454172157,0.0036720532130935235,75156.78738610045,ok,86287.0,1.021807|1.729847
969,74993.0,0.1154410412876335,9853.000000000024,388272.10084247345,0.012688266783295746,74930.4912536921,ok,19706.0,1.021783|1.729847
970,74993.0,0.13076708382569083,9441.5,374357.0666308511,0.012610286864586085,74933.469988284,ok,18883.0,1.021783|1.729847
971,74968.0,0.12355960209072388,10834.0,336950.8611827793,0.016076528135245047,74880.91344709139,ok,21668.0,1.021795|1.729847
972,74952.0,0.13375550627170724,5820.500000000117,40859.553331189585,0.0712256929587764,74744.71542706671,ok,11641.0,1.021772|1.729847
973,75365.0,0.026997674969063645,81876.00000000001,7596282.950871385,0.005389214733674965,75144.3763272328,ok,163752.0,1.021707|1.729849
974,75047.0,0.04815846983825808,17439.00000000794,669600.9425999364,0.01302193507396774,74933.45523712249,ok,34878.0,1.021633|1.729823
975,74992.0,0.051772435203892776,14561.000000000142,463778.4247681918,0.015698229178382,74877.7090424668,ok,29122.0,1.021577|1.729823
976,74748.0,0.13611923180642158,8964.0,149612.50910498912,0.029957388100849244,74613.73098653198,ok,17928.0,1.021632|1.729825
977,74655.0,0.09544028666165422,13339.000000005366,258762.9649337809,0.025774553950212508,74483.096612429,ok,26678.0,1.021381|1.729823
978,74385.0,0.12434714014937726,4460.5,41451.03068076214,0.05380445222644566,74265.00262042196,ok,8921.0,1.021501|1.729823
979,74336.0,0.14565540860272377,4680.000000000009,23053.121655356503,0.10150469142456872,74098.47902206652,ok,9360.0,1.021383|1.729823
980,74318.0,0.06421170533676655,33933.50000001606,4209644.946112823,0.004030446799480105,74249.6164167649,ok,67867.0,1.021405|1.729852
981,74212.0,0.11342508162131612,18001.0,1988844.3878603987,0.004525492318523094,74171.26830638712,ok,36002.0,1.021351|1.729852
982,74122.0,0.11840740351529559,16540.5,1390717.840249107,0.00594674905336558,74072.8188986414,ok,33081.0,1.021331|1.729856
983,74079.0,0.1182661435613033,9478.5,385822.33266702713,0.012283503568182698,74020.78540571449,ok,18957.0,1.021313|1.729856
984,74079.0,0.11738835828871211,9243.00000000009,401149.52877789544,0.011520641726987623,74025.75735425873,ok,18486.0,1.021313|1.729856
985,73914.0,0.16885605740197615,3867.0,17585.907180466835,0.10994599142133499,73701.41942558685,ok,7734.0,1.021296|1.729856
986,73689.0,0.13450111187659303,8029.5,115506.34845567761,0.03475782979617393,73549.45600282581,ok,16059.0,1.021115|1.729856
987,73475.0,0.1326315725799626,9732.5,240058.02569992215,0.020271140636984663,73376.35556187527,ok,19465.0,1.021225|1.729871
988,73412.0,0.15002928169018312,8372.5,198295.94363259993,0.02111112271543097,73323.62356253254,ok,16745.0,1.021096|1.729871
989,73462.0,0.1307005046136679,13924.000000005162,1062829.901677133,0.006550436705832822,73416.39585965397,ok,27848.0,1.021115|1.729871
990,73462.0,0.12850894125206536,10421.500000004331,742261.2416205204,0.007020102502760276,73425.42000088374,ok,20843.0,1.021115|1.729871
991,73292.0,0.19235769639112898,2272.5000000000537,13012.292525126555,0.0873212770006472,73192.78119900802,ok,4545.0,1.021098|1.729871
992,73048.0,0.18819722512343878,3172.0,23951.82001512174,0.06621626243845749,72942.98100777261,ok,6344.0,1.021348|1.729890
993,72829.0,0.14097290025197745,5803.000000002483,47421.19091350467,0.061185726130191895,72651.46961563316,ok,11606.0,1.021266|1.729890
994,72748.0,0.16358905956060493,5532.5,71390.8277133421,0.03874797489542232,72640.81341444554,ok,11065.0,1.021655|1.729890
995,72610.0,0.15596462938562705,5416.0,64853.33644184951,0.0417557545775323,72496.92541660403,ok,10832.0,1.021602|1.729890
996,72611.0,0.0861817434883994,13622.000000003856,646745.0191925179,0.010531198227866807,72539.27200886999,ok,27244.0,1.021596|1.729888
997,72511.0,0.11885491176112381,8368.0,167005.66308608404,0.025053042649477896,72406.17806955457,ok,16736.0,1.021744|1.729888
998,72318.0,0.190518003428617,4603.5,67013.16303401966,0.03434772954727569,72238.94011351456,ok,9207.0,1.021780|1.729892
999,72312.0,0.09689374415197428,9876.500000004173,514436.15299015836,0.009599344780296885,72264.59603563868,ok,19753.0,1.021628|1.733157
1000,72214.0,0.12273635093444618,7303.500000003238,182378.7863069753,0.020022887935305628,72140.88141898222,ok,14607.0,1.021611|1.733154
1001,71963.0,0.18187844858811753,5415.0,65270.301360226826,0.04148134670096444,71850.68925380714,ok,10830.0,1.021565|1.733154
1002,71979.0,0.056783892733150286,11656.5,299881.761993676,0.019435159915203205,71865.72702922422,ok,23313.0,1.021401|1.733154
1003,71979.0,0.1242156920560143,5490.0000000020045,144278.28493775666,0.01902573212029258,71926.77436532978,ok,10980.0,1.021463|1.733154
1004,71754.0,0.14836552242549372,4518.5,27563.75957569835,0.08196450828107907,71568.82168466596,ok,9037.0,1.021427|1.733152
1005,71244.0,0.17020731475743087,5233.5,70967.9422045296,0.03687228231105429,71147.51445526256,ok,10467.0,1.021536|1.733154
1006,71030.0,0.12762259537782533,7989.000000003785,71953.11324416925,0.05551531851647279,70808.24406018585,ok,15978.0,1.021617|1.733154
1007,70733.0,0.14136600184621237,9471.00000000383,193338.25698627642,0.024493341741143614,70617.01178018477,ok,18942.0,1.021802|1.733185
1008,71163.0,0.03687781663829427,36154.500000000015,1271669.7026299622,0.014215365800265691,70906.02527858716,ok,72309.0,1.021815|1.733185
1009,70665.0,0.20343853149455263,3260.5,20774.112589627483,0.07847507290462959,70537.06601239722,ok,6521.0,1.022058|1.733180
1010,70724.0,0.14077843635229886,7002.500000000001,109652.14937022072,0.031930518645636945,70612.20327159196,ok,14005.0,1.022086|1.733185
1011,70459.0,0.11387127027776364,8148.5,171206.2638117852,0.023797318563525266,70362.04377484255,ok,16297.0,1.022013|1.733185
1012,70631.0,0.08844409049629377,20239.00000000704,1818186.7024336422,0.005565710048620735,70574.67779716296,ok,40478.0,1.022020|1.733185
1013,70552.0,0.15993716000341035,8159.000000002892,164425.79055050877,0.024810584679830345,70450.7852197986,ok,16318.0,1.022013|1.733185
1014,70377.0,0.13015712238560684,9762.000000003802,209869.0281169173,0.023257362192970716,70263.48081513606,ok,19524.0,1.022026|1.733187
1015,70273.0,0.11921633203541643,14434.000000000004,790438.2024166154,0.009130378539315772,70207.10605808176,ok,28868.0,1.022064|1.733190
1016,70211.0,0.1298371578282605,9408.000000000058,204060.6325497778,0.02305197205959142,70102.56352343167,ok,18816.0,1.022056|1.733190
1017,70379.0,0.06988484631319682,16415.000000000167,543269.6830976431,0.0151075980408149,70255.00438908,ok,32830.0,1.021943|1.733188
1018,70197.0,0.13126705250328938,8456.500000000004,144730.7962239923,0.02921458397462389,70073.4734353093,ok,16913.0,1.022034|1.733180
1019,70100.0,0.1508927116220319,5448.0,72892.00356900797,0.03737035431357224,69998.20315484982,ok,10896.0,1.022149|1.733180
1020,70024.0,0.1426137333226174,6686.5,86168.24841328087,0.03879909434813014,69894.28492782061,ok,13373.0,1.022160|1.733180
1021,69840.0,0.1363149008398065,7594.500000000001,98164.4788108691,0.03868252596049597,69693.1127782965,ok,15189.0,1.021993|1.733180
1022,69505.0,0.15179933613844646,5866.0,54195.11827168205,0.05411926560057987,69346.2681939935,ok,11732.0,1.021920|1.733178
1023,69262.0,0.1645706494975651,4945.000000000007,124430.156051168,0.019870585061255292,69212.86997843604,ok,9890.0,1.021592|1.733178
1024,69165.0,0.1655299130585458,4989.500000000003,25105.452822791933,0.09937084256592846,68917.09459050864,ok,9979.0,1.021523|1.733178
1025,69028.0,0.08745041308609573,15620.00000000005,865386.3163447576,0.00902487115001785,68957.51575631836,ok,31240.0,1.021322|1.733178
1026,69024.0,0.07396039505937138,20007.0,1526109.0074751074,0.0065549052859274004,68958.42800497221,ok,40014.0,1.021340|1.733178
1027,69024.0,0.0761910327613008,20730.0,1474158.0798102762,0.007031131967430503,68951.12231715758,ok,41460.0,1.021340|1.733178
1028,69024.0,0.07360275394439596,19882.0,1245638.5130992704,0.007980645986343037,68944.66439824976,ok,39764.0,1.021340|1.733178
1029,68951.0,0.12480021047578914,9842.500000000187,189357.00158139836,0.025989268729968824,68823.10031126263,ok,19685.0,1.021290|1.733178
1030,68671.0,0.07922530010015166,14429.0,765775.2521806373,0.0094211715244856,68603.0309580366,ok,28858.0,1.021517|1.733178
1031,68738.0,0.13778284424736362,6034.0,60323.85288884921,0.05001338368686475,68587.10962141672,ok,12068.0,1.021637|1.733178
1032,68552.0,0.07729701924117577,15417.0,1171834.6355486677,0.006578146579863449,68501.29235708911,ok,30834.0,1.021665|1.733202
1033,68502.0,0.1546073908339948,5361.5,36720.15523132623,0.07300486566878761,68306.2922063584,ok,10723.0,1.021643|1.733202
1034,68397.0,0.07059034366351426,16000.000000007027,1147808.987871784,0.0069698007983338365,68341.2415936133,ok,32000.0,1.021524|1.733206
1035,68218.0,0.1342448516984083,4960.0,58822.41548304692,0.042160798390109555,68113.44121999253,ok,9920.0,1.021686|1.733206
1036,68083.0,0.18806683793673273,3531.5,17215.1329515482,0.1025696406161767,67901.88765708198,ok,7063.0,1.021700|1.733206
1037,67873.0,0.12443762208061561,5936.0,127572.76103632276,0.023265154535261217,67803.94902133934,ok,11872.0,1.021691|1.733206
1038,67837.0,0.1177300424761223,6201.0,86317.18304522164,0.035919846902043195,67725.6305146802,ok,12402.0,1.021820|1.733206
1039,67664.0,0.15457287578413068,5392.0,27765.50222264045,0.09709890994882264,67402.22133877798,ok,10784.0,1.021687|1.733206
1040,67193.0,0.13324488705947918,8717.5,146286.8575068748,0.029795909723436084,67063.12707849297,ok,17435.0,1.021611|1.733206
1041,67158.0,0.13360539674305874,7117.0,130765.74159245176,0.02721278491342574,67061.16330488557,ok,14234.0,1.021652|1.733204
1042,67082.0,0.1465168360930612,8283.5,526666.3124459827,0.007864087567637615,67049.42891531673,ok,16567.0,1.021593|1.733204
1043,67046.0,0.17007428792271245,3545.5,14977.789695683427,0.1183585853466018,66836.17981782682,ok,7091.0,1.021513|1.733204
1044,66409.0,0.09589354274480968,12716.500000003876,237094.99437356237,0.026817310153684645,66238.48883771528,ok,25433.0,1.021559|1.733207
1045,66191.0,0.12214150851124174,7773.500000003289,84986.00611929,0.045733999954604705,66013.24337567636,ok,15547.0,1.021399|1.733207
1046,66019.0,0.09753808603993157,10123.000000004056,374613.3249974581,0.013511265249404497,65950.61273094012,ok,20246.0,1.021410|1.733226
1047,65847.0,0.14047871782229152,5616.5,55797.50423993032,0.05032931200514761,65705.66270956155,ok,11233.0,1.021470|1.733226
1048,65760.0,0.1469967892832802,5483.0,35524.20660299614,0.07717272986946258,65548.43096106287,ok,10966.0,1.021481|1.733226
1049,65409.0,0.10429982430524573,9641.5,337776.60373706906,0.014272006843175415,65340.19822301076,ok,19283.0,1.021405|1.733544
1050,65306.0,0.16093632780353787,3233.000000000002,20521.62412301539,0.07877056856270287,65178.66737591839,ok,6466.0,1.021417|1.733544
1051,64986.0,0.16599471852259642,3600.0,21548.740087053837,0.0835315657773149,64835.64318160083,ok,7200.0,1.021519|1.733570
1052,64872.0,0.15087550391457255,5280.0,65767.18349025682,0.040141600413694266,64766.02617490784,ok,10560.0,1.021374|1.733570
1053,64695.0,0.13026390113895348,5391.500000000001,151196.1491929703,0.017829488478304026,64646.93615643461,ok,10783.0,1.021350|1.733587
1054,64492.0,0.17525513269760157,5043.5,117075.66429965367,0.021539489142215013,64437.68279325562,ok,10087.0,1.021359|1.733587
1055,64403.0,0.14737060649861164,8830.500000003667,370967.9591322038,0.0119019712924273,64350.44982125109,ok,17661.0,1.021321|1.733593
1056,64240.0,0.1449983621740537,9451.5,480833.1272640719,0.009828253778788903,64193.554129704884,ok,18903.0,1.021333|1.733593
1057,64564.0,0.06596329132081333,13989.000000005359,609485.7624317412,0.011476067910259055,64483.73064300166,ok,27978.0,1.021430|1.733593
1058,64564.0,0.05254535337061094,10726.0,171187.55979497338,0.0313282110360304,64395.98680421377,ok,21452.0,1.021430|1.733593
1059,64296.0,0.12366445471108378,7567.5,169683.36180122837,0.02229888634828196,64211.62658877968,ok,15135.0,1.021314|1.733593
1060,64296.0,0.12703053050307858,7261.0,207633.2171481687,0.017485159888503035,64232.520127024785,ok,14522.0,1.021314|1.733593
1061,64025.0,0.17060599769257362,3319.5,23472.63598469965,0.07070999614537915,63907.6390838977,ok,6639.0,1.021322|1.733593
1062,63866.0,0.41118218654359673,12996.000000007894,20231765.763534185,0.0003211780956715092,63863.91298473432,ok,25992.0,1.021246|1.733593
1063,63866.0,0.1380889182376589,8639.5,371701.8500600262,0.011621545599792959,63815.79782839529,ok,17279.0,1.021246|1.733593
1064,63866.0,0.11675349358466816,7317.50000000325,201138.71544029773,0.018190182789984157,63799.446668717115,ok,14635.0,1.021246|1.733593
1065,63849.0,0.16494018267040944,4588.000000000002,50364.97093025795,0.045547529515634566,63744.51396729114,ok,9176.0,1.021199|1.733589
1066,63837.0,0.10530776484326718,7753.000000000001,616117.0546610049,0.006291823884233975,63812.60974471277,ok,15506.0,1.021390|1.733589
1067,63820.0,0.17082761937474247,4223.50000000163,45137.337236276,0.046784992852959936,63721.20179134272,ok,8447.0,1.021459|1.733589
1068,63585.0,0.2013074376405216,6132.500000004207,147973.5594464629,0.020721607370075317,63521.46237140147,ok,12265.0,1.021415|1.733589
1069,63543.0,0.16370866985996058,4702.0,34803.53998705499,0.06755059976296789,63384.188539957264,ok,9404.0,1.021470|1.736468
1070,63431.0,0.13967499622507562,6109.500000000074,91522.51225259405,0.03337703396481509,63329.04150549598,ok,12219.0,1.021404|1.736468
1071,63291.0,0.14421143038400763,3948.5000000012105,33370.18748708625,0.05916208893835582,63174.19924591342,ok,7897.0,1.021345|1.736468
1072,63174.0,0.05176208008490784,23110.0,1870226.6156805204,0.006178395657039388,63102.60863818291,ok,46220.0,1.021507|1.736473
1073,63174.0,0.047756025116074435,25505.000000015287,2029203.565107175,0.006284485312016542,63093.85710105846,ok,51010.0,1.021507|1.736473
1074,63095.0,0.14636941229124495,5406.5,100380.03933772756,0.02693015481798074,63022.20105898829,ok,10813.0,1.021539|1.736473
1075,63070.0,0.11792569345260559,7447.000000002722,249576.22861909535,0.014919289471611448,63014.44802565243,ok,14894.0,1.021505|1.736473
1076,62957.0,0.14775333892429277,5099.500000001993,42340.005170695644,0.060220824010804065,62803.451953978394,ok,10199.0,1.021609|1.736473
1077,62862.0,0.15613595755939877,7395.5,227900.23508492997,0.016225301385152085,62802.00289180306,ok,14791.0,1.021494|1.736475
1078,62771.0,0.1297249741943667,7502.500000002997,210271.6999381662,0.017840013663772226,62704.07764874375,ok,15005.0,1.021512|1.736475
1079,62614.0,0.13847181379255227,5682.5,144126.99242491086,0.019713517587486403,62557.988968154554,ok,11365.0,1.021557|1.736480
1080,62507.0,0.18837498880791573,2759.5,7555.120592500134,0.18262448403135473,62255.02386815774,ok,5519.0,1.021542|1.736480
1081,62101.0,0.13441860370025577,7803.0,86530.72561446184,0.04508803054978593,61925.089048810005,ok,15606.0,1.021427|1.736478
1082,62277.0,0.09142852002610893,28509.0,3584181.4282218087,0.003977058719115112,62220.30901648837,ok,57018.0,1.021651|1.736478
1083,62233.0,0.0702778940362332,22239.0,1518338.0234503224,0.007323468047471849,62151.56669704613,ok,44478.0,1.021616|1.736365
1084,62159.0,0.12912537515561734,9655.5,173146.5632312521,0.027882447736211347,62024.39051294151,ok,19311.0,1.021599|1.736358
1085,62216.0,0.05465076155861317,17475.0,529776.144230219,0.016492815116648667,62071.894027918286,ok,34950.0,1.021406|1.736358
1086,62399.0,0.03576494599154787,148343.5000001406,71675956.5492889,0.0010348205112416622,62322.24555174524,ok,296687.0,1.021418|1.736363
1087,62255.0,0.0874365690099797,13410.000000000002,443656.99537361553,0.015113026662305955,62153.66715622924,ok,26820.0,1.021373|1.733395
1088,62032.0,0.33062536407994975,4153.5,27025.726344166742,0.0768434481113677,61872.41536913472,ok,8307.0,1.021098|1.733395
1089,61851.0,0.14427606289680517,6406.5000000001555,64865.65875062188,0.04938283309994702,61692.81443987259,ok,12813.0,1.021303|1.733568
1090,61751.0,0.16768626071328474,3076.0,20877.2978949987,0.07366853736222437,61637.6977895369,ok,6152.0,1.021266|1.733568
1091,61680.0,0.09656658753153799,11805.0,345606.9474362994,0.017078649731391525,61579.193269960466,ok,23610.0,1.021103|1.733568
1092,61647.0,0.1468873873788312,4721.500000001859,73967.90233830828,0.03191587060565171,61571.654608467674,ok,9443.0,1.021109|1.733568
1093,61644.0,0.1606293518895413,5886.000000000043,118955.35334678905,0.024740374579194684,61571.189077613424,ok,11772.0,1.021043|1.730893
1094,61691.0,0.1680510921816014,3551.5,14157.31131581968,0.1254298899266091,61468.267872962824,ok,7103.0,1.020938|1.730891
1095,61669.0,0.0577121070943178,31428.0,2155485.936370787,0.007290235456816673,61554.44124003158,ok,62856.0,1.020894|1.730893
1096,61943.0,0.05494901759005197,19529.5,547400.1500648827,0.01783841308564237,61768.812355821974,ok,39059.0,1.020770|1.730893
1097,61670.0,0.12667357810680405,8760.000000003954,140720.96043584088,0.031125427132079282,61533.67062916143,ok,17520.0,1.020677|1.730893
1098,61572.0,0.13526464245666142,5636.000000002106,57115.858799750655,0.049338310921333034,61432.96463982364,ok,11272.0,1.020669|1.730893
1099,61287.0,0.17689003823364316,3996.0000000014675,26884.21607010507,0.07431870041479417,61138.51123657118,ok,7992.0,1.020646|1.730893
1100,61465.0,0.0476812932460418,35788.00000000001,2019894.2519259567,0.008858879608641979,61306.47920828296,ok,71576.0,1.020595|1.730893
1101,61302.0,0.048472416995929794,20428.000000000015,1229407.8146492708,0.00830806497103151,61217.14142438589,ok,40856.0,1.020496|1.730893
1102,61302.0,0.05054300529289725,19229.0,1098714.8922355222,0.008750677785424084,61217.866608432036,ok,38458.0,1.020496|1.730893
1103,61155.0,0.1839261047935012,3391.0,17139.547290118007,0.09892326625088628,60987.275602071626,ok,6782.0,1.020712|1.730893
1104,60932.0,0.15931061653069406,4474.500000001598,40567.788155897084,0.055148434304658635,60808.619165351854,ok,8949.0,1.020474|1.730893
1105,60844.0,0.1671606417677795,4063.500000000002,55470.46149222059,0.03662760224709762,60769.58186913446,ok,8127.0,1.020547|1.730893
1106,60831.0,0.12123499140223555,6559.000000000001,198562.2763562852,0.016516228863711818,60776.83502744146,ok,13118.0,1.020627|1.730893
1107,60717.0,0.12408588537109026,4907.5,172706.54361043108,0.014207626119452947,60682.13803740939,ok,9815.0,1.020741|1.730893
1108,60717.0,0.11973114380421042,5532.000000002364,223604.27396265956,0.012370067669024456,60682.78439282746,ok,11064.0,1.020741|1.730893
1109,60774.0,0.08439334465907242,8303.00000000273,330500.0942349123,0.012561267220246445,60721.85189913513,ok,16606.0,1.020781|1.730893
1110,60643.0,0.1984292236616702,2470.0,12304.013222945114,0.10037375428830918,60519.038413453934,ok,4940.0,1.020836|1.730893
1111,60534.0,0.09493648993600336,12546.0,469955.80163245735,0.013348063750271526,60450.26759609454,ok,25092.0,1.020611|1.730893
1112,60458.0,0.11392121344239284,8994.500000003594,366243.48915363493,0.01227939917893053,60402.77647204253,ok,17989.0,1.020646|1.730893
1113,60368.0,0.11135879275742183,7190.5,296133.886568518,0.012140623424290717,60324.35142363382,ok,14381.0,1.020638|1.730893
1114,60368.0,0.11379879908635712,7141.5,282835.89839820977,0.012624811843978435,60322.91995310811,ok,14283.0,1.020638|1.730893
1115,60290.0,0.20004665048203643,3268.0,39354.69693997486,0.04151982169986553,60222.15661134242,ok,6536.0,1.020641|1.730893
1116,60267.0,0.148541023098115,4358.0,108396.6230385573,0.020102102251145934,60223.19751919476,ok,8716.0,1.020613|1.730893
1117,60242.0,0.13467354836032563,5131.5,108000.4154729321,0.0237568530525056,60181.045854280535,ok,10263.0,1.020549|1.730893
1118,60202.0,0.2047026668342376,2827.5000000000045,12254.445601229763,0.11536629611853914,60038.90089886242,ok,5655.0,1.020669|1.730893
1119,60073.0,0.14550174495493293,5924.5,119216.70600475546,0.024847608185733956,59999.39517265181,ok,11849.0,1.020589|1.730893
1120,60006.0,0.08962006157662675,15678.000000000002,2053722.2540475775,0.00381697183470185,59976.07875778777,ok,31356.0,1.020604|1.730893
1121,60111.0,0.12601971323784517,7433.5,722704.8373996393,0.005142832602827483,60091.88537692344,ok,14867.0,1.020596|1.730889
1122,60062.0,0.1792828721036131,2239.0,4528.432053092605,0.2472158104338695,59785.241900219284,ok,4478.0,1.020617|1.730889
1123,60138.0,0.059562552478747186,31887.0,2283940.9901653705,0.006980696992020621,60026.703257507725,ok,63774.0,1.020704|1.730893
1124,59941.0,0.12456603760775134,11604.000000000055,334056.75774610747,0.017368306030227685,59840.22908841262,ok,23208.0,1.020678|1.730893
1125,60299.0,0.03383071561807955,35226.0,1153408.9078481102,0.0152703866600616,60030.042679756334,ok,70452.0,1.020625|1.730891
1126,60106.0,0.044635888247677835,20824.0,624153.4384408505,0.016681795466847726,59932.30914559918,ok,41648.0,1.020657|1.730891
1127,60066.0,0.042023045278259896,22063.00000000985,763784.0787457289,0.014443218059900695,59906.66963997213,ok,44126.0,1.020633|1.730891
1128,59670.0,0.15165219653850978,11829.000000000002,1411758.063953831,0.004189457210136696,59645.22145533065,ok,23658.0,1.020605|1.730891
1129,59546.0,0.13221031583093812,9452.500000004204,614533.6394205664,0.007690791352705126,59509.651397369256,ok,18905.0,1.020689|1.730891
1130,59475.0,0.1307906605648972,5229.0,63865.59196498979,0.04093753646616525,59367.96881090921,ok,10458.0,1.020671|1.730891
1131,59557.0,0.049450636910319826,17651.0,621280.8204793703,0.014205331484706684,59431.630846981716,ok,35302.0,1.020491|1.730891
1132,59433.0,0.12104531700730682,7176.5,175354.11103327927,0.020462879249628828,59359.57407353252,ok,14353.0,1.020501|1.730891
1133,59267.0,0.15076989630090581,5395.500000000001,68137.88825957647,0.03959250967277877,59160.18930703026,ok,10791.0,1.020540|1.730891
1134,59031.0,0.2106741970733182,2811.0000000019727,17761.002706811247,0.07913404570688934,58919.77709875889,ok,5622.0,1.020490|1.730891
1135,59265.0,0.03392708226358875,52243.0,4047572.219300716,0.006453621723027073,59096.42172016195,ok,104486.0,1.020599|1.739768
1136,59005.0,0.059392583074705525,91555.00000000007,73305908.94646351,0.0006244721695413679,58976.413225258824,ok,183110.0,1.020515|1.739763
1137,59005.0,0.06613210392600342,11896.500000006552,793108.5622167593,0.007499919031737296,58960.38860661944,ok,23793.0,1.020515|1.739763
1138,59005.0,0.06791089063535091,13027.000000000104,1194832.773995473,0.005451390472173916,58969.492368159496,ok,26054.0,1.020515|1.739763
1139,59005.0,0.059820964429420795,85629.00000000004,64732369.04812286,0.000661407895764964,58976.682151646775,ok,171258.0,1.020515|1.739763
1140,59005.0,0.06039315539118058,90628.50000008431,73365720.09981093,0.0006176488138928379,58977.011707235026,ok,181257.0,1.020515|1.739763
1141,59005.0,0.06606041883688615,13784.0,1210770.0830456933,0.005692245040167467,58965.76904718317,ok,27568.0,1.020515|1.739763
1142,59381.0,0.06962315711517984,5592.5,56537.56169692705,0.04945827014948865,59242.702312094494,ok,11185.0,1.020409|1.739716
1143,59152.0,0.09695091660892581,5777.0000000013915,61818.08875041306,0.046725805640204225,59017.03251040824,ok,11554.0,1.020370|1.736738
1144,59253.0,0.05550953379680091,6271.500000003494,81592.24699758503,0.03843196033189966,59132.48698038918,ok,12543.0,1.020248|1.736731
1145,59105.0,0.10541372914593078,4831.5,65526.27554683103,0.03686689011148643,59015.93881021318,ok,9663.0,1.020283|1.736731
1146,59048.0,0.12143798007635048,3649.5000000000423,31388.271343067532,0.05813477206361154,58941.91857467693,ok,7299.0,1.020266|1.736731
1147,58768.0,0.14786627810716504,6989.0,124745.73535978422,0.02801298168567744,58670.108635499404,ok,13978.0,1.020062|1.736733
1148,58627.0,0.15288168639068256,5809.500000000001,98118.72507168449,0.02960444092478598,58541.00650022373,ok,11619.0,1.020076|1.736736
1149,58501.0,0.22170400941817098,3385.0,63692.065181673155,0.02657316881109709,58456.02491178722,ok,6770.0,1.020066|1.736736
1150,58677.0,0.0710607968472055,10290.5,332375.4815493076,0.015480233307271515,58597.35032957576,ok,20581.0,1.020176|1.736736
1151,58496.0,0.13413730646394384,4260.500000000001,55376.192933317645,0.038468697235383875,58414.052057714325,ok,8521.0,1.020136|1.736736
1152,58241.0,0.17398895463204855,3465.5,23026.043845482858,0.07525174587643821,58110.6075373326,ok,6931.0,1.020032|1.736734
1153,58015.0,0.17892371007905253,3747.0,29157.890436251037,0.06425361958527492,57894.62084370699,ok,7494.0,1.020050|1.736734
1154,57929.0,0.20547377474486364,4516.000000000003,158037.52615372674,0.014287745796549567,57896.73826999139,ok,9032.0,1.020124|1.736741
1155,57929.0,0.18610579834703303,3648.0,46626.95198305585,0.039119005691447266,57857.6469336188,ok,7296.0,1.020124|1.736741
1156,57723.0,0.19900103710098943,2922.0,34293.3396616016,0.04260302479772444,57660.75698077053,ok,5844.0,1.020042|1.736745
1157,57500.0,0.21759625995699344,1763.5000000000107,4745.579117623629,0.18580450944868995,57336.16687379361,ok,3527.0,1.020107|1.736753
1158,57299.0,0.17888258437582458,4121.0,86002.74117182544,0.02395853866893979,57249.633431072645,ok,8242.0,1.020250|1.736755
1159,57270.0,0.15395933416462196,3987.000000000001,100541.66879040327,0.019827600078488855,57230.47367924353,ok,7974.0,1.020259|1.736782
1160,57225.0,0.13156376221120716,4164.0000000014015,86121.01775912852,0.024175283272009594,57174.667060227664,ok,8328.0,1.020311|1.736800
1161,57129.0,0.18036042308251754,3447.5,28296.432200934472,0.060917573910362954,57023.99333197201,ok,6895.0,1.020293|1.736800
1162,56956.0,0.1910097047581001,5109.500000000038,114010.20064808278,0.02240808265819836,56898.752950828966,ok,10219.0,1.020297|1.736856
1163,56905.0,0.1927238697043623,5183.000000000093,112085.01431495957,0.023120842833796815,56845.082335796214,ok,10366.0,1.020278|1.736887
1164,56788.0,0.19771216179635567,4906.5,115195.68565342537,0.021296370485443195,56735.75467910659,ok,9813.0,1.020227|1.736889
1165,56688.0,0.19052734844977173,4890.5,96692.6064743537,0.025288903559017896,56626.16230857231,ok,9781.0,1.020147|1.736889
1166,56572.0,0.2157911698408451,2753.0,29704.40033928638,0.04633993564177331,56508.2130785891,ok,5506.0,1.020112|1.736889
1167,56572.0,0.19606668554190884,3747.0,31879.848540737992,0.058767531395449664,56461.899029930624,ok,7494.0,1.020112|1.736889
1168,56764.0,0.0333734059287724,48410.0,4260151.87111153,0.0056817223264119445,56626.473911089204,ok,96820.0,1.020194|1.736894
1169,56680.0,0.14978387370256685,2802.000000000915,19649.037866795094,0.07130120108160651,56580.10701728464,ok,5604.0,1.020054|1.736863
1170,56497.0,0.1727885489146094,5421.500000000036,268003.7928204517,0.010114595661025128,56469.58185981187,ok,10843.0,1.020171|1.736863
1171,56451.0,0.20887812240799433,2976.000000000002,21178.398062003434,0.07026027160522826,56346.452715851425,ok,5952.0,1.020112|1.736862
1172,56365.0,0.2180137472523928,2676.5,21036.65861202977,0.06361514082063986,56279.86703779678,ok,5353.0,1.020230|1.736863
1173,56264.0,0.17444382431594666,3815.500000000001,29789.222241827385,0.06404161829110486,56141.82460270515,ok,7631.0,1.020408|1.736863
1174,56057.0,0.16757527738419276,2935.0,11435.923557323371,0.12832369791945994,55868.68497330319,ok,5870.0,1.020399|1.739849
1175,55968.0,0.03766778851662462,54067.50000003211,5769169.618480158,0.004685899668024994,55841.322559849454,ok,108135.0,1.020541|1.739852
1176,55763.0,0.13836110243979152,14378.5,4397592.682227834,0.001634814890668297,55751.24690704726,ok,28757.0,1.020671|1.739819
1177,55763.0,0.14581112024090953,10590.5,1291684.8430562122,0.004099490698885253,55741.29217187673,ok,21181.0,1.020671|1.739819
1178,55863.0,0.062283715619086445,17959.50000000002,1227317.815513167,0.007316564533242263,55797.29907963262,ok,35919.0,1.020685|1.739819
1179,55729.0,0.16304692264352552,6983.5,161947.25298990283,0.02156103259261647,55653.71426444473,ok,13967.0,1.020709|1.739819
1180,55739.0,0.14478068042190936,6868.000000002495,121727.06695727479,0.028210652616862553,55642.12461891366,ok,13736.0,1.020730|1.739819
1181,55572.0,0.16701925609245558,6175.500000000002,252817.2636033246,0.012213366903791599,55534.288176342816,ok,12351.0,1.020773|1.739824
1182,55462.0,0.17692629302313687,2398.5,19519.3461471201,0.06143904570168905,55388.31922444225,ok,4797.0,1.020702|1.739824
1183,55756.0,0.049618129270101806,12014.0,271059.15580186667,0.022161214153529184,55622.87758657975,ok,24028.0,1.020679|1.739936
1184,55610.0,0.07077757948961436,7949.500000000014,185628.42376048298,0.02141239967176924,55524.891064404634,ok,15899.0,1.020745|1.739936
1185,55460.0,0.1581176956163252,3873.0000000000928,40441.95760452421,0.047883438752811806,55367.27372085518,ok,7746.0,1.020744|1.739936
1186,55506.0,0.09398964376662419,9098.0,221232.14245829516,0.020562111587639393,55412.46295438783,ok,18196.0,1.020786|1.739936
1187,55451.0,0.13002874190601268,2590.5000000000105,41313.09971151352,0.03135204109700423,55410.391268769104,ok,5181.0,1.020477|1.739936
1188,55451.0,0.12268524221549645,2953.000000000005,39417.14729950386,0.03745831703093814,55395.692794903815,ok,5906.0,1.020477|1.739936
1189,55257.0,0.2034991674791274,2370.0,13212.765712395094,0.08968599200153331,55150.72209947818,ok,4740.0,1.020545|1.739936
1190,55250.0,0.1260871551313461,7947.5,798608.1707640446,0.004975844407149294,55230.227238287094,ok,15895.0,1.020584|1.739945
1191,55250.0,0.11692448174031257,9682.5,1274165.7174351034,0.003799545015027904,55231.60545269599,ok,19365.0,1.020584|1.739945
1192,55250.0,0.11846471494797867,10843.5,1538583.1936633724,0.003523858847756417,55230.89451829218,ok,21687.0,1.020584|1.739945
1193,55250.0,0.10797497210944393,13932.500000000004,3032201.639448172,0.002297423070211051,55233.99557653714,ok,27865.0,1.020584|1.739945
1194,55134.0,0.14672777500911874,3807.5,44996.16010481694,0.04230916583915789,55053.45392553371,ok,7615.0,1.020559|1.739945
1195,55246.0,0.04502505511045327,38828.00000002378,5246989.3793618595,0.003700026547866393,55174.16768459968,ok,77656.0,1.020571|1.739945
1196,55156.0,0.09888885000075061,13037.500000005362,1550270.4037623766,0.004204911597475008,55128.58923252395,ok,26075.0,1.020577|1.739739
1197,55156.0,0.12703665102161646,13589.000000006337,980780.837246534,0.006927643508083009,55108.93012618431,ok,27178.0,1.020577|1.739739
1198,55079.0,0.10556571316213981,6576.0,240327.19400263036,0.01368134810396868,55034.01572743415,ok,13152.0,1.020499|1.739567
1199,55044.0,0.14171577102540664,4715.500000000001,112161.40983205721,0.021021044613564802,54994.43763206236,ok,9431.0,1.020500|1.739567
1200,54931.0,0.15456611675836027,1732.0000000000114,12227.344856082773,0.07082486101381152,54869.66567036204,ok,3464.0,1.020507|1.739529
1201,54811.0,0.22720251245179754,2606.500000000011,28837.720654220448,0.04519254540352421,54752.10281520285,ok,5213.0,1.020459|1.739520
1202,54715.0,0.19545390155203018,4068.5000000013797,81381.60935350563,0.024996433668008577,54664.15100481083,ok,8137.0,1.020439|1.739524
1203,54639.0,0.1633465039438596,5412.000000002252,133212.9684268786,0.020313337597356113,54584.032108461535,ok,10824.0,1.020530|1.739524
1204,54507.0,0.14093483489033162,5133.000000000053,137048.17192754222,0.018726991859161338,54458.93717539346,ok,10266.0,1.020508|1.739522
1205,54441.0,0.1971118105612461,3068.5,44926.91768819154,0.03414990564561383,54388.605507263215,ok,6137.0,1.020406|1.739575
1206,54300.0,0.1670908301733892,3403.000000001295,45641.70398872402,0.03727950210669195,54236.56892716544,ok,6806.0,1.020401|1.739577
1207,54276.0,0.1813861254006637,3002.0,27729.592007043822,0.05412989847159376,54194.75102239414,ok,6004.0,1.020435|1.739577
1208,54162.0,0.1687171443974256,6421.500000002832,773755.5543058866,0.004149566335432235,54148.676779888505,ok,12843.0,1.020501|1.739599
1209,54162.0,0.1627376227628424,5855.0,605149.5831985453,0.0048376468914124796,54147.83778872539,ok,11710.0,1.020501|1.739599
1210,54162.0,0.1714016456332571,4815.000000000001,400815.98204770125,0.006006497015664119,54147.539358434784,ok,9630.0,1.020501|1.739599
1211,54162.0,0.1548309023390743,5790.000000000002,458544.0102150575,0.0063134615991216276,54143.72252867054,ok,11580.0,1.020501|1.739599
1212,54162.0,0.15209995253888692,5128.500000000116,290392.3573701199,0.008830294375591265,54139.35691764739,ok,10257.0,1.020501|1.739599
1213,54162.0,0.1454417970287645,6113.000000002438,458356.6895784199,0.006668387457838738,54141.6180737351,ok,12226.0,1.020501|1.739599
1214,54155.0,0.1494002439092162,5806.000000002376,411289.5136431691,0.007058288392248686,54134.509788797295,ok,11612.0,1.020463|1.739599
1215,54114.0,0.1609888391397677,5199.0,360239.1406455101,0.007216039865468181,54095.241904369715,ok,10398.0,1.020491|1.739599
1216,54027.0,0.23851297135056285,2395.5000000000055,34441.10023696505,0.034776763569082436,53985.34613143513,ok,4791.0,1.020468|1.739599
1217,53826.0,0.20013919646893222,2524.5000000009004,53873.360357743346,0.02342994741034423,53796.42554888128,ok,5049.0,1.020499|1.739599
1218,53826.0,0.17891633115386718,3671.000000000018,70021.6555286968,0.02621331909594412,53777.88545279939,ok,7342.0,1.020499|1.739599
1219,53675.0,0.18255881253626768,2443.0,84044.44394930475,0.014533976817513405,53657.24674731741,ok,4886.0,1.020459|1.739601
1220,53646.0,0.2184349866209533,2889.500000000001,63661.94968217525,0.022694089753969898,53613.21271382795,ok,5779.0,1.020475|1.739601
1221,53560.0,0.16728756852427037,3543.0000000013706,102583.28405065398,0.017268895379932925,53529.40815183443,ok,7086.0,1.020515|1.739601
1222,53560.0,0.18635106013175318,3643.0000000016244,226267.24303617788,0.008050215203751664,53545.33653300636,ok,7286.0,1.020515|1.739601
1223,53515.0,0.1678686598891213,6574.5,319723.755016589,0.010281531942565354,53481.2020341218,ok,13149.0,1.020498|1.739601
1224,53450.0,0.17486608397919368,5661.5,362559.50594909204,0.007807683852033584,53427.89839893586,ok,11323.0,1.020485|1.739601
1225,53450.0,0.1776510889324701,5321.500000000001,333622.15965422837,0.007975339536071725,53428.7796153294,ok,10643.0,1.020485|1.739601
1226,53450.0,0.1708239283676876,5615.000000000001,366664.47537983133,0.0076568639410504215,53428.503354485496,ok,11230.0,1.020485|1.739601
1227,53426.0,0.20363917502670942,3112.0,126879.32878604413,0.012263620992383036,53406.91780573585,ok,6224.0,1.020473|1.739601
1228,53426.0,0.2135737120596414,2625.000000000001,67279.28172988989,0.01950823442600609,53400.39544231587,ok,5250.0,1.020473|1.739601
1229,53352.0,0.17480017207357934,2059.5000000000005,11864.606123791837,0.0867917560225674,53262.626189235765,ok,4119.0,1.020539|1.739601
1230,53245.0,0.1775312493319647,2764.5,43448.89346017698,0.03181323826501817,53201.02615140818,ok,5529.0,1.020536|1.739601
1231,53230.0,0.17151510697679892,3288.5,51256.451320164,0.03207888875742674,53177.254287160606,ok,6577.0,1.020501|1.739601
1232,53081.0,0.1894700070984358,2382.0,20754.459987853035,0.057385256021937295,53012.65416007787,ok,4764.0,1.020577|1.739601
1233,53012.0,0.19567258058241857,3546.5000000000005,68253.98732330791,0.025980167160057722,52965.93066858342,ok,7093.0,1.020628|1.739601
1234,53070.0,0.07201789587920698,14230.5,927050.5543437675,0.007675147775556514,53015.38940478997,ok,28461.0,1.020652|1.739601
1235,53070.0,0.057438870293831365,10639.000000000038,314423.91780998424,0.016918242215958747,52980.00341053221,ok,21278.0,1.020652|1.739601
1236,52973.0,0.09322491929300174,5045.000000002012,78721.78956432866,0.03204322480422918,52892.170965431294,ok,10090.0,1.020672|1.739601
1237,52888.0,0.16345851868102346,4089.0,60057.21215663684,0.03404253921523504,52818.40002857445,ok,8178.0,1.020685|1.739601
1238,52871.0,0.15112669158198427,4607.0,55604.656908323996,0.041426386351017426,52775.57431904043,ok,9214.0,1.020703|1.739601
1239,52697.0,0.09366410621910942,3622.5,49328.61092284961,0.036718041844575985,52630.49444670901,ok,7245.0,1.020414|1.739603
1240,52606.0,0.1504884164004822,2367.000000000753,14775.217503255704,0.08010034368289966,52511.20124325126,ok,4734.0,1.020347|1.739603
1241,52418.0,0.14488338737929116,5046.0,161209.61870310968,0.015650430912850562,52378.51396280688,ok,10092.0,1.020393|1.739735
1242,52306.0,0.16800743711458338,4955.5,356702.074401246,0.0069462730323593125,52288.78887199407,ok,9911.0,1.020386|1.739744
1243,52306.0,0.15915557537853295,4083.0000000000005,155440.03101241254,0.013133682402810237,52279.18758737466,ok,8166.0,1.020386|1.739744
1244,52266.0,0.162177972119789,2673.5,31530.55703398274,0.042395381678772395,52209.3279735409,ok,5347.0,1.020409|1.739744
1245,52199.0,0.17637544865403312,2677.5,24044.589951967955,0.055677805388834614,52124.4613380357,ok,5355.0,1.020483|1.739909
1246,52124.0,0.17398135495124134,2929.000000000022,59949.27705234364,0.024428985168933878,52088.223751220095,ok,5858.0,1.020438|1.739909
1247,52025.0,0.1981253205493181,1826.000000000699,7005.446380015059,0.13032716981532116,51906.01129395857,ok,3652.0,1.020410|1.739909
1248,51883.0,0.14198693002022675,6435.500000002641,460841.7481557656,0.006982331815375619,51860.53260180107,ok,12871.0,1.020318|1.739909
1249,51883.0,0.13049209677404827,8947.0,979648.9145634071,0.004566431844610037,51862.57206714314,ok,17894.0,1.020318|1.739909
1250,51883.0,0.13897889852455034,8155.500000000013,747684.4992166229,0.005453837820995912,51860.760612825434,ok,16311.0,1.020318|1.739909
1251,51847.0,0.19366251353300618,3840.5000000000005,92190.56020424773,0.020829139076123368,51807.00284568908,ok,7681.0,1.020319|1.739909
1252,51847.0,0.21782604924051704,4661.5,171871.2185707967,0.013561025629430354,51815.392639514204,ok,9323.0,1.020319|1.739909
1253,51847.0,0.19955526850415797,4638.5,136510.66437587136,0.01698951514596785,51807.59706699772,ok,9277.0,1.020319|1.739909
1254,51760.0,0.1692670668499422,7181.0,498937.1306898371,0.007196297447407306,51734.161694015085,ok,14362.0,1.020290|1.739910
1255,51745.0,0.27133941328229355,21755.5,31588890.296649016,0.0003443536603485537,51741.25420697115,ok,43511.0,1.020275|1.739910
1256,51745.0,0.12429916992149889,12727.000000005995,1471537.2016400378,0.0043243894839429375,51717.48174751891,ok,25454.0,1.020275|1.739910
1257,51719.0,0.16111011155084612,7807.500000002938,1003836.2712433103,0.0038888313879776874,51703.81897446918,ok,15615.0,1.020282|1.739910
1258,51719.0,0.12624632654832638,9168.000000000002,1260228.0831155695,0.0036374367953040006,51702.32598973032,ok,18336.0,1.020282|1.739910
1259,51719.0,0.14794651178040893,8529.500000000004,1603235.7398630339,0.0026600891521819142,51707.65538478823,ok,17059.0,1.020282|1.739910
1260,51719.0,0.1407188852964814,8804.5,944250.1908732515,0.00466216479758268,51698.475985019846,ok,17609.0,1.020282|1.739910
1261,51696.0,0.2035656356091722,1791.0,12005.329922615341,0.07459186925909295,51629.20298107848,ok,3582.0,1.020266|1.739785
1262,51653.0,0.2246705451384317,1545.500000000605,16683.320615865934,0.04631871662679747,51617.20721172663,ok,3091.0,1.020407|1.739785
1263,51617.0,0.23833716295047733,1923.0000000000325,12584.516753394737,0.07640341054340817,51543.53812076251,ok,3846.0,1.020388|1.739785
1264,51511.0,0.09997673467546266,10575.500000006075,1427394.6316310593,0.003704476591705278,51491.4116539022,ok,21151.0,1.020415|1.742769
1265,51511.0,0.08150614915943456,9338.500000006567,995032.5433578112,0.004692560088785189,51489.08926380543,ok,18677.0,1.020415|1.742769
1266,51511.0,0.08351329802902677,11534.0,1571199.993144978,0.0036704429895372754,51489.83255527934,ok,23068.0,1.020415|1.742769
1267,51495.0,0.14912450053134385,1039.0000000000002,6364.37383978397,0.08162625469179445,51452.59516068761,ok,2078.0,1.020365|1.742762
1268,51390.0,0.19907337665793845,3798.0,97880.39335284522,0.01940122975552794,51353.15706469426,ok,7596.0,1.020412|1.742765
1269,51281.0,0.15356273047557825,1906.5,13056.68335979796,0.07300858676982963,51211.404564661665,ok,3813.0,1.020358|1.742769
1270,51266.0,0.0914792675695865,10715.5,1108645.1893705328,0.004832700354783505,51240.107599674164,ok,21431.0,1.020357|1.742810
1271,51203.0,0.24706780852289975,2255.0,35205.344922944765,0.03202638697242708,51166.89024868859,ok,4510.0,1.020334|1.742810
1272,51178.0,0.1921165198027051,2183.0,22765.01450628523,0.0479463784087924,51125.6665279668,ok,4366.0,1.020279|1.742806
1273,51178.0,0.18272628248770476,2698.5,41738.4554843161,0.032326303988584396,51134.3837343434,ok,5397.0,1.020279|1.742806
1274,51128.0,0.1977582464457937,2238.5000000000005,38309.957788360916,0.029215641692511694,51095.30039303566,ok,4477.0,1.020234|1.742806
1275,51119.0,0.09757926153187398,10814.5,1115041.9730582656,0.004849369019866886,51092.77824936733,ok,21629.0,1.020280|1.742806
1276,51073.0,0.09191097589453587,2867.5000000000823,47163.43913668042,0.030399606692060988,51029.41456390525,ok,5735.0,1.020247|1.742806
1277,51073.0,0.12856530450613085,2854.0000000008918,43014.03371724106,0.03317521926404382,51025.658962110196,ok,5708.0,1.020247|1.742806
1278,51005.0,0.243156618815327,1906.0000000005907,7344.27948036853,0.12976085707899485,50881.337903203676,ok,3812.0,1.020260|1.742806
1279,50889.0,0.12147253605655996,4293.5,158704.6401578711,0.013526699646995356,50859.96155753281,ok,8587.0,1.020005|1.742806
1280,50815.0,0.1787780766078069,5439.5,107240.96730316375,0.025361110295764405,50746.02412027309,ok,10879.0,1.020017|1.742806
1281,50834.0,0.06666789052081956,5581.5,121936.20879733657,0.02288696710784531,50770.12819654378,ok,11163.0,1.019946|1.742980
1282,50642.0,0.1388732522179726,5480.000000000004,149445.79276918713,0.018334407073150726,50591.763724619566,ok,10960.0,1.020023|1.742982
1283,50526.0,0.18279856144062934,3047.000000001186,56877.00980031322,0.02678586665067971,50485.19173215767,ok,6094.0,1.019996|1.742982
1284,50532.0,0.1865104216390823,2147.0,19371.987899566673,0.055415066619157495,50472.511925984334,ok,4294.0,1.020015|1.742982
1285,50458.0,0.15531635312375716,4179.000000001458,61786.86737382451,0.03381786597722752,50387.33756904056,ok,8358.0,1.020002|1.742982
1286,50837.0,0.044324814015473744,19357.000000000004,634304.694007799,0.015258439818326492,50689.32119021833,ok,38714.0,1.019785|1.742982
1287,50448.0,0.14852062562572207,3283.0,79070.01143474969,0.020760082997516725,50413.92232375957,ok,6566.0,1.020206|1.742987
1288,50448.0,0.13815369981359998,4871.500000002338,106909.29505552608,0.02278333234482652,50392.50549824106,ok,9743.0,1.020206|1.742987
1289,50410.0,0.17514210812915448,8674.0,728563.3230693361,0.005952811324249512,50384.18265728673,ok,17348.0,1.020215|1.742987
1290,50410.0,0.15567179058302705,8493.0,639190.5434041129,0.006643558863347032,50381.788127286796,ok,16986.0,1.020215|1.742987
1291,50410.0,0.17568370348068538,9310.500000000002,806962.8577473828,0.005768852872603106,50383.144547664815,ok,18621.0,1.020215|1.742987
1292,50359.0,0.16295707114591318,5870.000000000001,285508.8262034496,0.010279892355792044,50328.828515935755,ok,11740.0,1.020202|1.742987
1293,50313.0,0.2158171594174742,6596.000000000068,1089013.3106664731,0.0030284294670206257,50303.01223961776,ok,13192.0,1.020225|1.742987
1294,50257.0,0.4338127558782529,2706.0000000000227,20922.56099468178,0.06466703575838183,50169.505500618914,ok,5412.0,1.020158|1.742677
1295,50308.0,0.08291126161795187,12218.5,1074357.6955320109,0.005686420849784822,50273.26023342345,ok,24437.0,1.020562|1.742762
1296,50270.0,0.17954375072586218,1911.0,37941.46276598866,0.02518353090109445,50245.937136224005,ok,3822.0,1.020503|1.742760
1297,50270.0,0.12812716937622315,4586.0,57859.820658585755,0.039630264558376996,50179.12780336764,ok,9172.0,1.020503|1.742760
1298,50193.0,0.18580016769918525,2587.5000000008345,23939.800320347662,0.05404180413738843,50123.083415897236,ok,5175.0,1.020350|1.742760
1299,50001.0,0.1621249225696944,5003.500000001248,113131.36140886598,0.022113673598951004,49945.67711707381,ok,10007.0,1.019976|1.742765
1300,49908.0,0.12161201970665986,3166.0000000009127,39765.21210769276,0.0398086648126848,49844.9828836015,ok,6332.0,1.019954|1.742765
1301,49760.0,0.24347228846022975,1295.5,2441.1901617843114,0.26534188533946385,49588.12479377136,ok,2591.0,1.019912|1.742765
1302,49421.0,0.13742021985733616,8972.500000003547,221883.29142438984,0.02021896273127232,49330.29267844679,ok,17945.0,1.019896|1.742832
1303,49445.0,0.0972418307907333,9101.500000000004,339765.84126356756,0.013393783150996144,49384.0482413256,ok,18203.0,1.019898|1.742830
1304,49372.0,0.1631309603395753,4215.000000001675,57208.881704405525,0.03683868548401539,49294.36247034241,ok,8430.0,1.019916|1.742827
1305,49417.0,0.0847855945058415,7149.500000000009,204662.31475866624,0.017466576610429132,49354.56135526187,ok,14299.0,1.019775|1.742818
1306,49385.0,0.16859291614174965,2165.5,11378.524076789792,0.09515733259365522,49281.968398134224,ok,4331.0,1.019786|1.742818
1307,49278.0,0.21125433912625083,2182.0000000000005,13574.578016577127,0.08037082247917268,49190.31543267523,ok,4364.0,1.019655|1.742818
1308,49087.0,0.1912616683278744,2406.5,29943.128381646024,0.04018451194089478,49038.64798600712,ok,4813.0,1.019587|1.742818
1309,49035.0,0.18062791514651766,2681.0,37819.779268858314,0.03544441627938846,48987.48675997748,ok,5362.0,1.019595|1.742818
1310,48996.0,0.20767731921360272,2217.000000000022,30165.25952049918,0.03674757047081646,48955.265318133104,ok,4434.0,1.019650|1.742818
1311,48933.0,0.166006459221957,1966.0000000000005,16217.29489916345,0.06061430134385157,48873.416141778995,ok,3932.0,1.019643|1.742818
1312,48963.0,0.15071642552547349,3910.000000001883,70332.20513989047,0.027796654407642337,48908.65754063304,ok,7820.0,1.019549|1.742818
1313,48897.0,0.3244375821098662,3777.5000000000164,143819.30276072424,0.013132799031451075,48872.19542582935,ok,7555.0,1.019577|1.742818
1314,48822.0,0.20646566230751578,3349.5,49502.516486930865,0.03383161339771787,48765.340505462176,ok,6699.0,1.019643|1.742834
1315,48772.0,0.14689116789702605,4929.0000000000055,104011.51072709322,0.023694492876527775,48713.60492230579,ok,9858.0,1.019738|1.742834
1316,48715.0,0.15321750530138054,3325.0,57343.532714634246,0.028991935468526252,48666.80090728357,ok,6650.0,1.019538|1.742834
1317,48715.0,0.14650090392923398,3490.500000000049,70866.84770920868,0.024627171327859708,48672.01942924005,ok,6981.0,1.019538|1.742834
1318,48695.0,0.1493993588992638,3377.500000000009,65509.657103230136,0.025778642030424185,48651.466318271116,ok,6755.0,1.019527|1.742834
1319,48605.0,0.23072794215756745,2071.5,27376.01974430233,0.03783420707882733,48565.813220018106,ok,4143.0,1.019473|1.742834
1320,48509.0,0.1578675615167782,2607.0,30581.65457720732,0.042623593066527736,48453.44014643778,ok,5214.0,1.019624|1.742834
1321,48428.0,0.21077096617901217,1947.0,17055.319040865732,0.05707896742754716,48372.43362520928,ok,3894.0,1.019662|1.742834
1322,48361.0,0.2140782583696812,1999.0000000000005,20893.77948650218,0.047837204400749914,48313.186714201445,ok,3998.0,1.019477|1.742834
1323,48334.0,0.15156419300710572,4579.0,247667.24082125156,0.00924425851561207,48312.83527012851,ok,9158.0,1.019533|1.742834
1324,48334.0,0.12887492961744718,6538.500000000001,535865.9027278625,0.006100873340433972,48314.05471983179,ok,13077.0,1.019533|1.742834
1325,48212.0,0.24193424417339116,1865.5,12387.023317082283,0.07530057675064632,48141.76338703583,ok,3731.0,1.019517|1.742834
1326,48057.0,0.2488960113323949,2066.5000000000005,41248.22001687219,0.025049565764955657,48031.117536173355,ok,4133.0,1.019516|1.742861
1327,48034.0,0.3106283040873265,1318.0,10536.685116815395,0.0625433893766369,47992.7839064008,ok,2636.0,1.019484|1.742861
1328,47993.0,0.2527328470716647,1915.5000000006676,29570.197518182496,0.03238902950889727,47961.97940698785,ok,3831.0,1.019580|1.742861
1329,47959.0,0.20648477080727684,2362.0000000009018,37588.81979782554,0.031418916751112524,47921.89425931693,ok,4724.0,1.019486|1.742861
1330,47939.0,0.21921926474944992,1861.500000000043,17711.931758435894,0.05254932170550629,47890.08971882259,ok,3723.0,1.019448|1.742861
1331,47914.0,0.23931236608329742,1688.500000000011,12501.310785382557,0.06753291830702778,47856.98533371929,ok,3377.0,1.019461|1.742861
1332,47942.0,0.07180345966471118,9413.0,564419.1505853151,0.008338661073280833,47902.75409165861,ok,18826.0,1.019385|1.742860
1333,47838.0,0.5994140568936517,2272.5,53421.07770116659,0.021269694451993188,47813.832309678925,ok,4545.0,1.019509|1.742860
1334,47755.0,0.22679095828510493,2797.5000000000477,117447.11220602058,0.011909615943101248,47738.34142469958,ok,5595.0,1.019526|1.742860
1335,47744.0,0.2654274049055202,1341.0,7119.666959277288,0.09417575342148617,47680.855157330894,ok,2682.0,1.019499|1.742860
1336,47619.0,0.16406288644874303,1758.5000000000068,11792.04403967962,0.07456298475831438,47553.44049565125,ok,3517.0,1.019563|1.742860
1337,47619.0,0.1656796070861745,3322.5,98523.50787114842,0.016861458101680927,47590.98890272858,ok,6645.0,1.019563|1.742860
1338,47527.0,0.1576864890353385,3412.0,77995.23168143127,0.021873132026430743,47489.68443676291,ok,6824.0,1.019514|1.742860
1339,47971.0,0.02982199613152147,42625.500000000065,2367134.7899879618,0.009003606423320076,47779.108387201384,ok,85251.0,1.019484|1.742860
1340,47971.0,0.028303275465652592,37239.0,1807207.6744651592,0.010302911094880348,47779.16494686887,ok,74478.0,1.019484|1.742860
1341,47585.0,0.09641642591147367,5865.500000000002,266174.7797480373,0.011018136289156173,47552.68656079798,ok,11731.0,1.019432|1.742860
1342,47585.0,0.09625005553740934,5288.500000000002,210858.15538195462,0.01254042081137497,47551.83999226952,ok,10577.0,1.019432|1.742860
1343,47477.0,0.19536423068762887,2192.0,14316.373560235756,0.07655570004433103,47393.09495275141,ok,4384.0,1.019415|1.742860
1344,47329.0,0.16185211137520764,2619.5000000008167,38216.097135827236,0.03427220721533413,47284.11197659971,ok,5239.0,1.019347|1.742860
1345,47227.0,0.17252137052974004,2391.000000000001,60254.669039154214,0.01984078610112604,47203.28034021611,ok,4782.0,1.019290|1.742860
1346,47143.0,0.199719545372488,2609.0000000000005,36149.9132299073,0.036085840419687924,47095.92602117251,ok,5218.0,1.019286|1.742860
1347,47111.0,0.09920047151504345,3374.0,65927.93359096994,0.02558854658582938,47067.832121909705,ok,6748.0,1.019245|1.742860
1348,47032.0,0.2695546894203703,1555.0,9633.662450761294,0.08070658526535342,46969.25062995619,ok,3110.0,1.019293|1.742860
1349,46969.0,0.25631492332414313,1444.5,14422.433812136986,0.05007823293958896,46932.83099625938,ok,2889.0,1.019252|1.742860
1350,46923.0,0.29373625736778347,1473.5000000000002,15518.820143581674,0.04747461425440307,46888.02307794807,ok,2947.0,1.019340|1.742860
1351,46843.0,0.223479889242507,1646.5000000000005,15977.8425652375,0.05152447814144319,46800.58247337006,ok,3293.0,1.019345|1.742860
1352,46747.0,0.20868408918622622,1709.0000000000005,18795.877041377047,0.045462097784472244,46708.15263744316,ok,3418.0,1.019300|1.742860
1353,46783.0,0.06332187040018457,9314.500000004606,407183.6700871056,0.011437713106240272,46729.73171063594,ok,18629.0,1.019406|1.742868
1354,46782.0,0.05957057524532547,6693.000000002459,123407.49009243672,0.027117478829644607,46691.25135709656,ok,13386.0,1.019414|1.742868
1355,46782.0,0.05112865448804866,10093.5,209676.60346580704,0.02406920904183283,46660.528719268135,ok,20187.0,1.019414|1.742868
1356,46474.0,0.20617321280987178,2730.500000000004,68402.62090630099,0.019959030544606522,46446.75093354898,ok,5461.0,1.019545|1.743178
1357,46331.0,0.23400997201198753,1352.5000000000002,6284.822575445204,0.10760049180101093,46258.23516741957,ok,2705.0,1.019548|1.743178
1358,46101.0,0.2507743893793145,6476.0,842646.7649610487,0.0038426540451379724,46088.55748620185,ok,12952.0,1.019548|1.743178
1359,46040.0,0.19773994519525204,4325.500000001822,212044.85305848476,0.0101994930261495,46017.94104645769,ok,8651.0,1.019504|1.743056
1360,46040.0,0.18736456234991267,4744.500000001868,202849.2528747839,0.01169464499563768,46012.25737840909,ok,9489.0,1.019504|1.743056
1361,45994.0,0.19382005276764955,4091.000000000001,184542.93029001332,0.011084141759239715,45971.327388031474,ok,8182.0,1.019567|1.743056
1362,45994.0,0.19053303453809395,3348.000000001427,124193.83677108398,0.013478929740179108,45971.436271614926,ok,6696.0,1.019567|1.743056
1363,45929.0,0.19062930434645742,3280.5000000012633,116931.93867576448,0.014027390793107518,45905.9915722516,ok,6561.0,1.019551|1.743056
1364,45913.0,0.2352983961993925,1541.0000000005161,21483.004422354767,0.03586556074058672,45885.36558544937,ok,3082.0,1.019511|1.743056
1365,45913.0,0.2009162840163979,1523.5000000005227,17563.830085084963,0.043370380851448356,45879.96261238639,ok,3047.0,1.019511|1.743056
1366,45913.0,0.26502438783842863,1491.5000000000005,24717.286457823546,0.030171192184567434,45890.49983342836,ok,2983.0,1.019511|1.743056
1367,46116.0,0.03763579108962388,18993.5,625563.7152427959,0.015181107485292828,45971.82881748904,ok,37987.0,1.019563|1.743059
1368,45810.0,0.24160912667046328,1907.5000000007967,23173.97661956679,0.04115607846066031,45770.74739016813,ok,3815.0,1.019653|1.743059
1369,45672.0,0.2154181574147667,2768.5,69199.17569903532,0.02000385099990862,45644.30966925337,ok,5537.0,1.019627|1.743059
1370,45633.0,0.21729492131837147,2415.50000000005,74942.37200903495,0.016115716217981736,45613.53624373773,ok,4831.0,1.019644|1.743061
1371,45635.0,0.19893193106461474,1658.5000000005502,22139.739407085046,0.03745527373889969,45603.94021425201,ok,3317.0,1.019578|1.743059
1372,45635.0,0.15952219663021477,2191.5,31795.53044390063,0.03446239093049001,45597.237835137916,ok,4383.0,1.019578|1.743059
1373,45635.0,0.13688336808409,2214.5,20912.22028968974,0.05294751033900989,45576.373869177136,ok,4429.0,1.019578|1.743059
1374,45544.0,0.34954823506830074,2009.5,41376.37237540941,0.024283182461813345,45519.6014724215,ok,4019.0,1.019600|1.743059
1375,45501.0,0.18647848616251314,2161.5,21106.853754929594,0.05120374701736806,45445.66155041098,ok,4323.0,1.019601|1.743059
1376,45487.0,0.16484796870293367,4779.500000001894,127650.82508984872,0.018720991410113408,45442.261510777666,ok,9559.0,1.019634|1.743059
1377,45366.0,0.2778416955128003,5786.500000000043,597311.4583133133,0.004843787876043721,45351.98571072764,ok,11573.0,1.019709|1.743059
1378,45366.0,0.16057074545867908,4047.0000000000005,103518.97931667608,0.019547140180061942,45326.44636184564,ok,8094.0,1.019709|1.743059
1379,45244.0,0.21266943309587702,2497.5,64776.19654255415,0.01927791483063759,45219.92670385524,ok,4995.0,1.019772|1.743059
1380,45244.0,0.20732087439154023,2745.5,94202.23357615364,0.014572372096573069,45223.99577620443,ok,5491.0,1.019772|1.743059
1381,45230.0,0.22770226213882866,2828.0,136669.5855671583,0.010346120492954683,45215.37058562296,ok,5656.0,1.019748|1.743059
1382,45302.0,0.10829834450958267,4330.0,110251.19932202148,0.019636974593595778,45259.48595000487,ok,8660.0,1.019704|1.743052
1383,45302.0,0.08548773212887928,4609.000000000001,119828.69438271683,0.019231620705469223,45257.68073008424,ok,9218.0,1.019704|1.743052
1384,45242.0,0.23901194128150444,2646.0,118294.26017871396,0.011183974590155665,45227.20360161723,ok,5292.0,1.019744|1.743054
1385,45242.0,0.2312714586190995,2677.0,104967.69772577664,0.012751541940995701,45224.93206111198,ok,5354.0,1.019744|1.743054
1386,45242.0,0.21376829734707503,2638.0,77286.51207773792,0.01706636726824075,45219.48946157319,ok,5276.0,1.019744|1.743054
1387,45190.0,0.25084929648659965,2945.000000000002,205176.1771015415,0.0071767591189266676,45179.432222197385,ok,5890.0,1.019767|1.743057
1388,45137.0,0.2707384271567866,2104.5000000000155,100358.01543376375,0.01048496221703878,45125.967198507125,ok,4209.0,1.019752|1.743057
1389,45185.0,0.0792914006253024,6043.500000003426,274468.6971818114,0.011009452192648655,45151.732187836846,ok,12087.0,1.019737|1.743057
1390,45109.0,0.29093609375066953,988.0000000000001,3624.498072174031,0.1362947338260525,45041.67040148993,ok,1976.0,1.019749|1.743056
1391,45074.0,0.2637062044778932,1244.0000000005748,11435.247876641697,0.05439322406563839,45040.167414631156,ok,2488.0,1.019900|1.743124
1392,45206.0,0.05740951280560878,13761.5,631712.2876724395,0.010892221244187452,45131.05334867405,ok,27523.0,1.019907|1.743124
1393,45075.0,0.13378116911635057,3863.5000000000005,89057.73694850536,0.02169098459257919,45033.098440513284,ok,7727.0,1.019938|1.743124
1394,44930.0,0.2619094268031697,1758.0000000000023,42425.131992303744,0.02071885127333154,44911.78812973075,ok,3516.0,1.019908|1.743147
1395,44886.0,0.2003329911546404,2650.500000001025,64213.306722025634,0.02063824567916142,44858.64916491368,ok,5301.0,1.019994|1.743147
1396,44886.0,0.1784997438934662,3358.5000000013442,95180.22921160675,0.017642844673837955,44856.373253081445,ok,6717.0,1.019994|1.743147
1397,44952.0,0.10223862411617388,6941.000000003658,564715.1756610591,0.00614557594620906,44930.67177867867,ok,13882.0,1.019977|1.743147
1398,44952.0,0.0717974001538833,10689.000000005906,878006.5623528812,0.00608708434442764,44919.46757772119,ok,21378.0,1.019977|1.743147
1399,44927.0,0.22146241190232802,1666.5000000000005,15431.79864359363,0.05399565010174082,44882.008124552725,ok,3333.0,1.020022|1.743145
1400,44852.0,0.2537628078927661,1382.5000000000014,5340.882134248013,0.12942618515533436,44762.534149511375,ok,2765.0,1.019970|1.743145
1401,44649.0,0.22575612862900488,6825.5,617991.7263059613,0.005522323122996606,44630.15369176199,ok,13651.0,1.020178|1.743145
1402,44590.0,0.20760078215948768,3488.5,78780.13023552066,0.022140735167426095,44551.38102268422,ok,6977.0,1.020118|1.743142
1403,44569.0,0.1977151191618884,2632.000000000001,43406.38969361508,0.03031811697054315,44529.101358066764,ok,5264.0,1.020098|1.743142
1404,44551.0,0.25957509137773743,1187.0000000000132,6981.034893474511,0.0850160483447487,44500.54297530739,ok,2374.0,1.020145|1.743142
1405,44514.0,0.16939935719678723,5514.000000000001,689745.1409199685,0.003997128557256334,44502.979916567645,ok,11028.0,1.020189|1.743149
1406,44462.0,0.19157215050328047,1986.0,17201.745113058372,0.057726701184880554,44404.677385723415,ok,3972.0,1.020175|1.743149
1407,44363.0,0.21601039941483463,1961.0000000006169,19061.85609694542,0.051437803066692406,44312.5652340931,ok,3922.0,1.020226|1.743149
1408,44294.0,0.250373728244315,1436.5,8280.388292595102,0.08674110133727775,44231.6982039645,ok,2873.0,1.020167|1.743147
1409,44297.0,0.08284439495855005,15279.000000011236,2985067.1754947673,0.002559238888397676,44277.448694512066,ok,30558.0,1.020186|1.743145
1410,44239.0,0.30928023314131897,1078.5,6000.968949260223,0.08986048829105785,44190.54273168904,ok,2157.0,1.020157|1.743145
1411,44423.0,0.03816454881749187,44947.0,4407746.652784109,0.005098636961315559,44308.415782249875,ok,89894.0,1.020367|1.743150
1412,44425.0,0.033301554938781064,38402.0000000001,2708770.5922896825,0.007088455572669865,44288.89456454917,ok,76804.0,1.020337|1.743150
1413,44245.0,0.09303565165896384,13593.50000000016,2114082.6762438924,0.003214987794174597,44223.14853170994,ok,27187.0,1.020304|1.743147
1414,44245.0,0.10426633237749015,12964.000000000025,1833556.7848478397,0.0035352054834439884,44222.08479805631,ok,25928.0,1.020304|1.743147
1415,44192.0,0.09229119512014552,8814.0,893823.9049511551,0.004930501383536873,44170.271280402754,ok,17628.0,1.020322|1.743161
1416,44147.0,0.13966549384239832,1534.0000000000014,13242.865984176977,0.057917976434741406,44102.57691207455,ok,3068.0,1.020276|1.743118
1417,44052.0,0.28002991075113526,714.0000000003357,4489.583640452315,0.07951739595260128,44023.61228964491,ok,1428.0,1.020321|1.743118
1418,44081.0,0.06748743401612753,8070.000000000001,540331.1863662397,0.0074676422568455145,44050.868063493625,ok,16140.0,1.020388|1.743348
1419,44019.0,0.388814146707729,320.50000000000006,1125.6948143043555,0.14235652324562725,43996.18736714988,ok,641.0,1.020353|1.743348
1420,44111.0,0.06349662594858066,6306.000000000009,123022.07631228318,0.02562954629375892,44030.190040535774,ok,12612.0,1.020355|1.743348
1421,44023.0,0.11864242793384464,1990.5000000000002,36591.477255071084,0.027198956551066054,43995.93023849255,ok,3981.0,1.020389|1.743346
1422,43935.0,0.22531301172239068,1050.0,8865.724995023076,0.05921681535291446,43903.91117193972,ok,2100.0,1.020442|1.743346
1423,43852.0,0.1843726356589246,1854.0000000018006,38473.59514342104,0.02409444702386792,43829.66444760885,ok,3708.0,1.020413|1.743346
1424,43852.0,0.20353794128513278,1784.5000000000005,17221.54194819512,0.05181011100423044,43805.772428456476,ok,3569.0,1.020413|1.743346
1425,43789.0,0.18107177052309958,1949.500000001709,41370.76925681976,0.02356132161695717,43766.03360175385,ok,3899.0,1.020400|1.743348
1426,43789.0,0.18915758224004295,1846.5,19720.421242898406,0.04681695125211765,43745.77624975648,ok,3693.0,1.020400|1.743348
1427,43625.0,0.19990804294597017,1839.0000000013663,31763.47136730755,0.028948347281307407,43598.38199467482,ok,3678.0,1.020483|1.743348
1428,43584.0,0.20125944437743193,2464.500000000001,39517.23188171902,0.031182599117476367,43545.57524223749,ok,4929.0,1.020505|1.743348
1429,43540.0,0.22185678025739536,1782.0000000000002,14117.915534412368,0.06311129981109398,43483.76783186831,ok,3564.0,1.020554|1.743382
1430,43430.0,0.22263449980799077,2200.000000001164,34903.53215533309,0.03151543503119376,43395.33302146567,ok,4400.0,1.020539|1.743382
1431,43406.0,0.2394280470413723,2266.0,47165.50922264434,0.024021790894945803,43378.78331091603,ok,4532.0,1.020587|1.743400
1432,43366.0,0.22682014138855566,1253.0000000005239,17203.4465170103,0.03641712138209026,43343.18467345411,ok,2506.0,1.020526|1.743400
1433,43320.0,0.30190900575030194,641.5000000000002,3254.216720132309,0.0985644250475608,43288.385460665995,ok,1283.0,1.020499|1.743400
1434,43191.0,0.2069982284619365,2166.5000000010064,44440.776464601826,0.024375136668985487,43164.59563320331,ok,4333.0,1.020693|1.743439
1435,43131.0,0.25834022717837096,1159.0,17998.062879582518,0.03219790951266207,43112.34131143741,ok,2318.0,1.020677|1.743436
1436,43131.0,0.2845882133378074,964.0000000000011,19344.9018851203,0.02491612533691603,43118.99042758761,ok,1928.0,1.020677|1.743436
1437,43103.0,0.2931288467614077,856.5,2612.165123473821,0.16394445977078442,43032.79078510316,ok,1713.0,1.020644|1.743436
1438,43081.0,0.1555818071178465,2126.5000000000005,50053.225650236825,0.021242387202571218,43058.41403180687,ok,4253.0,1.020679|1.743752
1439,43081.0,0.1583438311078054,3224.5,136375.42054558944,0.011822145028407336,43061.939746677956,ok,6449.0,1.020679|1.743752
1440,43001.0,0.24577378292488547,1253.0000000003922,3133.5998265111903,0.1999298042780763,42875.74397761975,ok,2506.0,1.020662|1.743752
1441,42784.0,0.15604277754633658,5228.5,202712.79657928593,0.012896324475389017,42750.28578374022,ok,10457.0,1.020738|1.743754
1442,42713.0,0.21170435167342813,3523.5,74788.4826822607,0.023556434584785,42671.499451370255,ok,7047.0,1.020549|1.743754
1443,42602.0,0.21405150874809317,4602.500000002347,243639.59521190813,0.009445303822638668,42580.26399457814,ok,9205.0,1.020454|1.743754
1444,42586.0,0.23380012556456178,3221.00000000008,70130.06110380359,0.022964474501401693,42549.01571381549,ok,6442.0,1.020437|1.743752
1445,42586.0,0.2229072427005506,3167.5,65806.5363936765,0.024066758209632593,42547.8842716855,ok,6335.0,1.020437|1.743752
1446,42536.0,0.23334516591830412,3001.5,60083.44102892165,0.024977763828100356,42498.51462093498,ok,6003.0,1.020510|1.743752
1447,42431.0,0.21317202672476282,2588.0,43068.86399699582,0.030044906689209644,42392.12189074416,ok,5176.0,1.020457|1.743750
1448,42381.0,0.16912554748871883,3117.5,59468.33123350697,0.026211429977401727,42340.14293352273,ok,6235.0,1.020416|1.743750
1449,42461.0,0.09901299239729361,11289.500000000002,888363.1813316368,0.006354101699193167,42425.13268443348,ok,22579.0,1.020477|1.743754
1450,42310.0,0.1984837153442376,2896.5000000017717,213921.8128328492,0.006769996854563383,42300.19535205537,ok,5793.0,1.020429|1.743754
1451,42262.0,0.23901706385175386,1548.0000000005653,15298.840472169319,0.05059206947142788,42222.8417382291,ok,3096.0,1.020391|1.743754
1452,42243.0,0.22129903584558472,1594.0000000006394,19577.582246165297,0.04070982769879206,42210.55426732405,ok,3188.0,1.020359|1.743754
1453,42216.0,0.22637567126517152,1813.5000000007421,21035.170625990155,0.043106377225199666,42176.913292451034,ok,3627.0,1.020382|1.743754
1454,42203.0,0.14450281942539375,2755.0,87295.94185756549,0.015779656770844717,42181.26352279817,ok,5510.0,1.020180|1.743754
1455,42203.0,0.1424375829606872,2559.0,62139.101193210896,0.02059089969810818,42176.653943836274,ok,5118.0,1.020180|1.743754
1456,42200.0,0.22564155067563363,1484.0000000005691,8382.742945099275,0.08851517991901126,42134.32173650007,ok,2968.0,1.020261|1.743754
1457,42145.0,0.2235761546454942,1203.0,8931.077377730431,0.0673490973776395,42104.489517927344,ok,2406.0,1.020250|1.743754
1458,42114.0,0.11980786517721377,5374.500000002629,542355.5215719587,0.004954775775514578,42100.685278797246,ok,10749.0,1.020189|1.743754
1459,42055.0,0.30318957959255055,994.5000000003554,3667.245868906528,0.13559221764109425,41987.57676977794,ok,1989.0,1.020163|1.743716
1460,42027.0,0.06783890617727492,18224.000000010263,1937126.2143311868,0.004703875221239079,41984.138288984046,ok,36448.0,1.020228|1.743716
1461,42027.0,0.05546801807353793,24185.000000000007,3058203.8512496934,0.003954118361030305,41979.184823719246,ok,48370.0,1.020228|1.743716
1462,41897.0,0.17553499244484283,4841.5,154066.861205281,0.015712334119499953,41858.96436718022,ok,9683.0,1.020186|1.743716
1463,41839.0,0.15228811774072568,4942.500000000001,207476.14155531948,0.011911008087361648,41809.56492126411,ok,9885.0,1.020189|1.743716
1464,41794.0,0.20716823618739968,1239.0,22629.469847676588,0.027375807041436512,41777.040687537825,ok,2478.0,1.020206|1.743714
1465,41794.0,0.18709303897539753,1311.000000000436,16364.988172139636,0.04005502436696933,41767.74393152744,ok,2622.0,1.020206|1.743714
1466,41794.0,0.23792742265931163,1283.5,16903.761568491336,0.03796492262386284,41769.636010906135,ok,2567.0,1.020206|1.743714
1467,41761.0,0.28170907940740897,777.0000000000002,1271.4932847249152,0.3055462460299594,41642.295283417356,ok,1554.0,1.020229|1.743714
1468,41623.0,0.09264878903907002,23759.000000013373,3717454.5842170394,0.003195600573156354,41585.03786299117,ok,47518.0,1.020367|1.743726
1469,41574.0,0.14015854242125875,3291.000000001184,44894.05199770036,0.03665296240323508,41513.68755036546,ok,6582.0,1.020338|1.743726
1470,41621.0,0.0887350396045662,4467.000000002381,70296.95238690084,0.0317723588884542,41550.036436422604,ok,8934.0,1.020301|1.743678
1471,41731.0,0.09688378419458528,4811.000000001826,85276.72522479917,0.02820816575284453,41663.14525728151,ok,9622.0,1.020287|1.743675
1472,41647.0,0.12905015712503334,2432.0,37402.1426433699,0.03251150640204177,41607.46600821512,ok,4864.0,1.020391|1.743675
1473,41501.0,0.202772971423809,2236.5,31852.18099378993,0.03510748605309068,41461.74105372113,ok,4473.0,1.020336|1.743678
1474,41381.0,0.33891354187466327,1055.5,15961.213107043546,0.03306452939765014,41363.55019461039,ok,2111.0,1.020399|1.743683
1475,41453.0,0.08836682995198562,4203.5,107627.30828925263,0.019528036456616233,41411.9569493773,ok,8407.0,1.020366|1.743676
1476,41339.0,0.3161307520917769,1588.0,9004.111007576335,0.08818194259621011,41268.98353757861,ok,3176.0,1.020369|1.743676
1477,41041.0,0.31516639591247136,2040.0000000000005,42395.57912250608,0.02405911232047598,41016.45970543311,ok,4080.0,1.020484|1.743683
1478,40975.0,0.2035630141393209,3046.0,55832.920813835175,0.027277813479939003,40933.45589007006,ok,6092.0,1.020503|1.743723
1479,40924.0,0.3011060600723571,3092.5,178044.12684012932,0.008684644798131533,40910.57136798089,ok,6185.0,1.020395|1.743723
1480,40924.0,0.24648076686058376,3226.5000000013665,162142.3331505421,0.00994959162517324,40907.94882131068,ok,6453.0,1.020395|1.743723
1481,40924.0,0.28729692560503123,3077.5000000011128,141414.1001351187,0.010881163890519458,40907.25660906346,ok,6155.0,1.020395|1.743723
1482,40990.0,0.1626945859403176,3494.5,123063.37966045293,0.014197968598139257,40965.19259936691,ok,6989.0,1.020317|1.743723
1483,41003.0,0.1685118534771186,2661.5,46240.455307412645,0.028778912126902697,40964.70246268713,ok,5323.0,1.020328|1.743723
1484,40884.0,0.2648217644737546,1851.5000000006676,35874.62920346375,0.025805144765397355,40860.11088723343,ok,3703.0,1.020383|1.743723
1485,40859.0,0.30188279343177254,1807.5,40072.77298381005,0.022552719283118427,40838.61797994788,ok,3615.0,1.020350|1.743723
1486,40804.0,0.2444885047495068,1596.5,24251.119392661145,0.03291600635315687,40777.7247979286,ok,3193.0,1.020493|1.743721
1487,40728.0,0.2985655413795254,1922.0000000000002,48552.80852810148,0.01979288179475325,40708.97904059524,ok,3844.0,1.020585|1.743721
1488,40728.0,0.19482118167382267,1710.500000000608,18193.176728975614,0.047009382294306984,40687.795225792775,ok,3421.0,1.020585|1.743721
1489,40703.0,0.2581781481192479,1199.5000000004695,14712.227765814341,0.04076541021162187,40678.55094522557,ok,2399.0,1.020535|1.743721
1490,40724.0,0.20057340325693646,2578.500000000051,76659.89139106571,0.016817790589125206,40702.317663482965,ok,5157.0,1.020673|1.743725
1491,40703.0,0.15837409145165188,1746.0,26766.642558454027,0.032615222402044224,40674.526910843015,ok,3492.0,1.020646|1.743725
1492,40614.0,0.39231037452240763,452.0000000000001,782.2620941486871,0.28890572825971994,40548.70730541331,ok,904.0,1.020451|1.743725
1493,40785.0,0.031456276459143756,45239.500000033324,3979533.068465056,0.005684021117769306,40656.42886332124,ok,90479.0,1.020539|1.743737
1494,40903.0,0.03314398344175807,26796.0,1408068.9502387042,0.009515159039426792,40775.515899189755,ok,53592.0,1.020492|1.740748
1495,40903.0,0.0245230222613903,212603.50000020684,72303585.11955667,0.0014702140955296964,40746.713668770375,ok,425207.0,1.020492|1.740748
1496,40623.0,0.1928159988454052,1566.500000000573,21359.354183263786,0.036670116206697176,40594.27813148109,ok,3133.0,1.020393|1.734987
1497,40653.0,0.12647382194616408,4808.5,246504.27081853914,0.009753380710267113,40629.550434427336,ok,9617.0,1.020370|1.734987
1498,40653.0,0.09990601321029106,6348.500000002483,229876.40591866977,0.013808507172868757,40609.168346106504,ok,12697.0,1.020370|1.734987
1499,40519.0,0.11652162908439413,7757.0,456810.45863871183,0.008490392298718095,40486.07001346943,ok,15514.0,1.020414|1.734987
1500,40410.0,0.2351133500414612,1175.5,19687.048629156263,0.029854652724814724,40392.45292786099,ok,2351.0,1.020461|1.734987
1501,40382.0,0.21295572975557178,1351.5000000005177,47006.62205174084,0.014375634123559262,40372.285665241,ok,2703.0,1.020465|1.734987
1502,40333.0,0.2884369109152708,556.5,1878.245383531817,0.14814358253700802,40291.77904815908,ok,1113.0,1.020436|1.734987
1503,40393.0,0.044387274092871264,12009.500000011909,670882.2393574703,0.008950527600427959,40339.25431939127,ok,24019.0,1.020378|1.734987
1504,40310.0,0.1355636786119968,1838.0,16093.411665673662,0.05710411310487851,40257.52132005662,ok,3676.0,1.020316|1.734987
1505,40279.0,0.1516446628835716,4392.00000000001,181976.37615859325,0.012067500443498122,40252.49976902608,ok,8784.0,1.020406|1.734987
1506,40147.0,0.2193998979225812,747.0,6635.973668702465,0.05628412929990281,40125.977877706486,ok,1494.0,1.020502|1.734987
1507,40056.0,0.14326849847737383,1952.0000000000005,41873.071443895366,0.02330853616285868,40033.25086870505,ok,3904.0,1.020481|1.734987
1508,39975.0,0.34016219066187925,451.5,4080.44346241835,0.05532486899504915,39962.51041082437,ok,903.0,1.020430|1.734985
1509,39924.0,0.2444171018918437,377.5,733.652845431343,0.257274269670455,39875.4394815997,ok,755.0,1.020415|1.735157
1510,39909.0,0.07635151172812665,4941.500000000001,146558.34759250417,0.01685847336973093,39867.34692692174,ok,9883.0,1.020421|1.735157
1511,39781.0,0.3230728317191644,450.5000000000001,2361.319762046234,0.09539157026526836,39759.513048797744,ok,901.0,1.020473|1.738112
1512,39771.0,0.14359196540143943,9154.0,2124946.910612225,0.00215393616524815,39761.14143417166,ok,18308.0,1.020476|1.738112
1513,39771.0,0.13075173751393335,9742.500000004557,2232882.9581113798,0.0021815966583947086,39760.37289727779,ok,19485.0,1.020476|1.738112
1514,39713.0,0.299146158380549,773.5,2055.369489807047,0.18816568111863288,39640.22692282737,ok,1547.0,1.020482|1.738112
1515,39574.0,0.1510956504000071,4502.5,335803.88054675335,0.006704061895694986,39558.90748065731,ok,9005.0,1.020510|1.738112
1516,39602.0,0.14491867186948645,2140.5,47604.298613054154,0.022482213396302696,39577.938411112606,ok,4281.0,1.020494|1.738086
1517,39602.0,0.1400079969424619,2189.5,29785.14862644729,0.03675489465336871,39561.762579078226,ok,4379.0,1.020494|1.738086
1518,39572.0,0.18672032479205622,1169.0000000004077,15145.39885399252,0.03859257888385833,39549.44263764237,ok,2338.0,1.020511|1.738086
1519,39560.0,0.18182675888627153,2428.5,84761.71153977483,0.014325454004432267,39542.605317475114,ok,4857.0,1.020523|1.738086
1520,39529.0,0.17936077145378404,3295.0000000011028,185979.00083464695,0.008858526998246085,39514.40557677038,ok,6590.0,1.020558|1.738086
1521,39529.0,0.18547445798357073,2863.000000000001,119077.61744044269,0.01202157072647152,39511.791121505055,ok,5726.0,1.020558|1.738086
1522,39529.0,0.30853309171191107,17188.00000001268,46063874.42350606,0.00018656702475771086,39527.39664298923,ok,34376.0,1.020558|1.738086
1523,39529.0,0.3156746031297073,16627.500000013155,48244773.26370565,0.0001723243667156164,39527.56733829621,ok,33255.0,1.020558|1.738086
1524,39529.0,0.17535184988065655,2623.500000000008,74138.8285746303,0.017693157893364318,39505.79100013338,ok,5247.0,1.020558|1.738086
1525,39529.0,0.3156948890374516,17264.5,59646179.69030733,0.00014472427311891636,39527.75070389337,ok,34529.0,1.020558|1.738086
1526,39529.0,0.11660988281407225,6102.000000000003,383103.13556828944,0.007963912891170138,39504.702101769035,ok,12204.0,1.020558|1.738086
1527,39474.0,0.175465272710387,3174.500000001126,135287.29917126,0.011732439110867793,39455.37768602127,ok,6349.0,1.020547|1.738086
1528,39474.0,0.3446118931117506,14505.000000012136,53281861.8937873,0.0001361157388693227,39473.01282060385,ok,29010.0,1.020547|1.738086
1529,39474.0,0.20446275480292436,3124.5000000000105,243409.21705171405,0.006418203956788103,39463.9731608685,ok,6249.0,1.020547|1.738086
1530,39538.0,0.08334368017150841,4754.0,190537.46071721383,0.01247523710588242,39508.34636139932,ok,9508.0,1.020483|1.738048
1531,39538.0,0.07796477400988003,6710.000000000001,218444.69278470418,0.015358578673763607,39486.47196854952,ok,13420.0,1.020483|1.738048
1532,39468.0,0.19936549892025104,1672.0000000007892,27464.90826902381,0.03043884187821133,39442.55312818981,ok,3344.0,1.020550|1.738048
1533,39426.0,0.18360789888044504,994.5000000000001,10179.95311100467,0.0488460010157086,39401.71132599494,ok,1989.0,1.020600|1.738048
1534,39391.0,0.18270743477945411,1493.0000000000018,16371.688714563152,0.04559700669949611,39356.96183449883,ok,2986.0,1.020668|1.738048
1535,39301.0,0.23621540572884803,919.0000000003629,11845.764845006843,0.03879023482336535,39283.17588709865,ok,1838.0,1.020595|1.738038
1536,39256.0,0.2522952082202796,1607.000000000004,57374.55900836208,0.014004464938595793,39244.74741242184,ok,3214.0,1.020646|1.738038
1537,39245.0,0.3050512621458696,602.5000000000028,1844.4820168612719,0.16332498622710032,39195.79834789909,ok,1205.0,1.020639|1.738029
1538,39222.0,0.24288224877270564,3042.5000000007203,147904.21261726576,0.010285373033538433,39206.35337627273,ok,6085.0,1.020704|1.738029
1539,39236.0,0.11930784788359233,5928.0,155400.4124250904,0.019073308453597403,39179.46671374354,ok,11856.0,1.020613|1.738027
1540,39236.0,0.10516065254365656,2653.500000001868,82761.44797719279,0.01603101483152587,39214.73085107226,ok,5307.0,1.020613|1.738027
1541,39166.0,0.1340236120472631,1275.0000000005055,10954.468193406341,0.05819543119254055,39128.90041261474,ok,2550.0,1.020668|1.738026
1542,39085.0,0.24518693317793544,760.000000000201,2416.967232253154,0.15722182532274362,39025.25570637734,ok,1520.0,1.020702|1.741008
1543,39067.0,0.1414256997038167,3528.500000001285,260163.82611029348,0.006781304020539385,39055.036084381754,ok,7057.0,1.020684|1.741008
1544,39067.0,0.16473411250531655,2482.000000000002,128513.7449145079,0.009656554641883325,39055.01621568942,ok,4964.0,1.020684|1.741008
1545,39067.0,0.17647498586657745,3499.0000000009018,302323.4712266279,0.00578684808328689,39056.875909278286,ok,6998.0,1.020684|1.741008
1546,39028.0,0.3627929497884412,1194.5000000000002,73581.28046248846,0.008116874240921597,39023.15219685961,ok,2389.0,1.020660|1.741008
1547,39003.0,0.2512521739303916,831.5,7268.214929844926,0.05720111526873496,38979.21863632702,ok,1663.0,1.020684|1.743933
1548,38988.0,0.35778652688065943,602.0000000000002,1773.7570184805907,0.1696962982324593,38936.921414232034,ok,1204.0,1.020669|1.743933
1549,38874.0,0.15624992887879852,3164.5,110743.7622560846,0.01428748642601824,38851.39362460243,ok,6329.0,1.020546|1.743936
1550,38874.0,0.15239484123807207,2735.5,94153.02611989182,0.014526883057994818,38854.13085569743,ok,5471.0,1.020546|1.743936
1551,38844.0,0.17225632992695278,1762.0,51221.81986015129,0.017199701268040768,38828.84706318286,ok,3524.0,1.020492|1.743933
1552,38769.0,0.35071432792981927,664.5,5395.635899585033,0.061577542699935074,38748.54086143794,ok,1329.0,1.020495|1.743933
1553,38739.0,0.3172085981282212,800.000000000292,4689.397898197363,0.08529879713425656,38704.88048114628,ok,1600.0,1.020493|1.743933
1554,38690.0,0.18940389155234102,3892.5,437547.5204008706,0.0044480882858549675,38681.342908173654,ok,7785.0,1.020490|1.743933
1555,38663.0,0.1849067784591925,4139.500000002114,608743.8558602823,0.003400034316693131,38655.96277897302,ok,8279.0,1.020523|1.743933
1556,38663.0,0.18211960881848852,4198.0,581306.213783568,0.0036108335851739236,38655.420860304715,ok,8396.0,1.020523|1.743933
1557,38663.0,0.192057996397567,4836.5,782019.9882105076,0.0030923122636975935,38655.522015868315,ok,9673.0,1.020523|1.743933
1558,38663.0,0.1729580623707351,3832.5,348911.86458924395,0.005492074631098896,38652.47581198815,ok,7665.0,1.020523|1.743933
1559,38663.0,0.1880854757445988,3551.500000000021,367237.8839572115,0.004835421609734879,38654.41350007651,ok,7103.0,1.020523|1.743933
1560,38663.0,0.17753851887102595,4140.0,420237.14501390915,0.004925790174810669,38652.80361433815,ok,8280.0,1.020523|1.743933
1561,38663.0,0.1762458310560069,4212.000000000079,563517.4674820786,0.003737239964202203,38655.12937263539,ok,8424.0,1.020523|1.743933
1562,38901.0,0.06124049363201324,6743.500000000134,168754.77926797015,0.019980174870460863,38833.63184538052,ok,13487.0,1.020428|1.743874
1563,38795.0,0.25230921305185816,1066.0000000000105,16215.847295860174,0.0328690811078418,38777.480779769525,ok,2132.0,1.020464|1.743874
1564,38745.0,0.24876111419218175,1149.5000000004547,6122.653953297,0.09387269056594798,38691.046671097196,ok,2299.0,1.020345|1.743874
1565,38718.0,0.9455194648813579,4927.000000000635,5632051.4516698,0.00043740722561579846,38716.922447299694,ok,9854.0,1.020399|1.743874
1566,38718.0,0.14388388141367478,5229.5,371871.96461403277,0.007031317896507359,38699.614861530106,ok,10459.0,1.020399|1.743874
1567,38675.0,0.2071265630647301,1570.0,38021.89932071406,0.02064599649214098,38658.79289275367,ok,3140.0,1.020338|1.743874
1568,38619.0,0.3600893175797397,672.0,1736.2038680138874,0.19352566031566545,38553.97537813393,ok,1344.0,1.020318|1.743874
1569,38543.0,0.2188844075430762,1728.0000000000002,19287.617253421467,0.044795579912637135,38504.296618955486,ok,3456.0,1.020353|1.743878
1570,38494.0,0.19575542149452535,2379.0,28222.936764833474,0.042146570709896795,38443.86665414058,ok,4758.0,1.020397|1.743885
1571,38413.0,0.1927546302093332,2252.5,30138.999562929537,0.0373685263722313,38370.91369717327,ok,4505.0,1.020369|1.743885
1572,38341.0,0.20429806858201982,2264.0000000000255,53953.62902250013,0.02098097978780886,38317.249530880195,ok,4528.0,1.020363|1.743885
1573,38292.0,0.17575513060983872,2768.0000000000005,110275.83019743071,0.012550347592234638,38274.63031893235,ok,5536.0,1.020360|1.743885
1574,38250.0,0.2668483239343875,1049.50000000002,9809.911712702644,0.053491816783684455,38221.93016914276,ok,2099.0,1.020411|1.743885
1575,38318.0,0.0965487751459274,3611.000000000053,98770.79802641112,0.018279694363887183,38284.996011826006,ok,7222.0,1.020510|1.743885
1576,38217.0,0.23309896747140946,990.0,8960.421743836952,0.05524293545004897,38189.65474695223,ok,1980.0,1.020439|1.743885
1577,38203.0,0.2620321891357798,651.0000000002258,4344.252959929083,0.0749265761000774,38178.61139947942,ok,1302.0,1.020463|1.743885
1578,38138.0,0.2826936505831514,796.5000000000166,4393.553493068592,0.09064416778543838,38101.90096017945,ok,1593.0,1.020536|1.743885
1579,38062.0,0.30598041461260533,1675.0000000000095,37157.571706587616,0.0225391477842866,38043.123463730655,ok,3350.0,1.020480|1.743885
1580,38347.0,0.05441640792950347,13080.500000000005,473482.5361018204,0.013813075459648104,38256.65903322504,ok,26161.0,1.020291|1.743833
1581,38215.0,0.05625513670956194,8832.500000000051,280530.94490886707,0.015742470055967205,38145.47731661534,ok,17665.0,1.020332|1.743833
1582,38129.0,0.18984126624798175,3886.0000000017844,455009.0671903134,0.004270244573364089,38120.702914793954,ok,7772.0,1.020330|1.743833
1583,38097.0,0.22595107667907482,1455.0000000000014,18805.612637779643,0.03868525923683472,38068.8564739052,ok,2910.0,1.020207|1.743833
1584,38032.0,0.19780815668087065,1472.5000000006485,26818.650912275298,0.02745290963399399,38011.78779528196,ok,2945.0,1.020218|1.743831
1585,38015.0,0.29437888602807966,766.0,1476.432234071252,0.2594091290894402,37915.646303558744,ok,1532.0,1.020111|1.743831
1586,38046.0,0.12067603087870811,5532.000000000094,169980.3811578063,0.016272466158504195,38000.99035860558,ok,11064.0,1.020051|1.743831
1587,38027.0,0.10662204793852482,4428.000000000074,172346.06010887626,0.012846246665583103,37998.558409882404,ok,8856.0,1.020051|1.743831
1588,37931.0,0.21571624956047436,1446.0,29977.067947447777,0.024118436174861313,37913.56237064557,ok,2892.0,1.020025|1.743831
1589,37897.0,0.23163588819228947,2568.500000000009,107826.83640307351,0.011910300281826668,37881.704196863066,ok,5137.0,1.020086|1.743831
1590,37897.0,0.18717129378821348,2692.5000000000005,92755.59860773226,0.014513948701828275,37877.46059656016,ok,5385.0,1.020086|1.743831
1591,37897.0,0.21165819080131243,2658.0,107341.69937998126,0.012381022544607231,37880.54562103822,ok,5316.0,1.020086|1.743831
1592,37859.0,0.23663384400278348,1209.5000000000227,28407.945556949257,0.021288058257774124,37846.126046768615,ok,2419.0,1.020126|1.743831
1593,37839.0,0.2536635447284813,1486.5000000000189,32439.44184116796,0.022911923196433433,37821.97071308425,ok,2973.0,1.020161|1.743831
1594,37815.0,0.2731564740213496,893.5,11562.773615108767,0.038636923533315895,37797.73895441149,ok,1787.0,1.020167|1.743831
1595,37794.0,0.33162741111333394,813.000000000004,4353.074509572109,0.0933822747821423,37756.04010530106,ok,1626.0,1.020550|1.743831
1596,37839.0,0.13020906974059557,3656.0000000000005,82763.90921731263,0.022086921911823102,37798.62510674519,ok,7312.0,1.020661|1.743831
1597,37946.0,0.08596039316569512,9251.0,449691.1507685556,0.010285948460614973,37898.422345395426,ok,18502.0,1.020294|1.743831
1598,37880.0,0.11121729673512049,4231.5,128749.99326088853,0.016433010568884583,37845.23185788888,ok,8463.0,1.020275|1.743831
1599,37880.0,0.11555339658648266,4233.500000000005,123829.03172907613,0.01709413350361336,37843.81599290623,ok,8467.0,1.020275|1.743831
1600,37880.0,0.11348462209207784,3915.0,96833.92105881691,0.020215023605323332,37840.42909129258,ok,7830.0,1.020275|1.743831
1601,37814.0,0.12487182793061234,2163.5,55106.73897904046,0.01963008554019931,37792.76515496689,ok,4327.0,1.020249|1.743831
1602,37814.0,0.12417087529214067,2251.500000000008,68624.21082612539,0.0164045602338851,37795.5325663167,ok,4503.0,1.020249|1.743831
1603,37772.0,0.35936646267390754,504.50000000000006,998.8321294047134,0.25254493980919157,37708.29553893313,ok,1009.0,1.020295|1.743831
1604,37732.0,0.1262157859995508,5147.5,192962.66277763297,0.01333807257296168,37697.67113571534,ok,10295.0,1.020294|1.743864
1605,37732.0,0.13703530437011832,5195.000000000001,181900.8379099678,0.014279758300429811,37694.90832781463,ok,10390.0,1.020294|1.743864
1606,37670.0,0.2470720053534759,2413.5,65882.24618179626,0.01831677075292909,37647.8962368939,ok,4827.0,1.020188|1.743864
1607,37592.0,0.2132343301519018,3178.500000001238,74193.83815361206,0.021420242429165227,37557.95787971944,ok,6357.0,1.020354|1.743864
1608,37516.0,0.19340982775651244,2667.500000001014,59188.97921943966,0.022533755736109377,37485.94560328696,ok,5335.0,1.020414|1.743864
1609,37479.0,0.18882659921148182,2434.5,73943.63885433658,0.01646186228943765,37458.96179812818,ok,4869.0,1.020558|1.743864
1610,37417.0,0.12569780692895907,4058.5000000020864,123754.65579957263,0.016397362886189294,37383.72565136319,ok,8117.0,1.020548|1.743864
1611,37417.0,0.14166296310628715,4380.500000001897,156464.0375870754,0.013998424390537858,37386.33995097861,ok,8761.0,1.020548|1.743864
1612,37265.0,0.25740265721130573,1238.5000000005782,31307.106322646705,0.019779854248373654,37252.75132525669,ok,2477.0,1.020566|1.743864
1613,37220.0,0.2537912589837842,534.0,1095.6061084135208,0.24370072232129678,37154.93190714021,ok,1068.0,1.020606|1.743864
1614,37069.0,0.44972412952863217,990.0,23831.818610173254,0.020770550837807062,37058.71857733529,ok,1980.0,1.020523|1.743867
1615,37069.0,0.3761696094716938,1075.0000000000002,47225.87020642759,0.011381473706054539,37062.882457882995,ok,2150.0,1.020523|1.743867
1616,37115.0,0.09891214750724667,6289.000000000027,296563.16483971494,0.010603137452014778,37081.658434282144,ok,12578.0,1.020469|1.743886
1617,37115.0,0.09455656369247102,3063.0,49098.02834395352,0.031192698600260717,37067.2283820937,ok,6126.0,1.020469|1.743886
1618,37217.0,0.06722437230141082,76035.50000007387,66696316.6938696,0.0005700127366033594,37195.32939828298,ok,152071.0,1.020426|1.743886
1619,37217.0,0.060771876897693526,10816.5,818590.9395898456,0.006606779697207252,37181.26888370258,ok,21633.0,1.020426|1.743886
1620,37235.0,0.06134650151644767,14502.000000000005,1489582.0505619165,0.0048678083877720605,37199.70352138027,ok,29004.0,1.020425|1.743886
1621,37156.0,0.1611448902570493,3807.0000000000005,156547.44393257253,0.012159253145135145,37132.85486163824,ok,7614.0,1.020394|1.743886
1622,37156.0,0.1638922648870257,4313.5,209136.8589582401,0.010312624999453847,37133.75824603243,ok,8627.0,1.020394|1.743886
1623,37156.0,0.14669846865283684,3334.500000001191,109205.34176533233,0.0152671103175822,37130.545910323,ok,6669.0,1.020394|1.743886
1624,37133.0,0.15686030466043524,3321.500000001839,210374.3720241951,0.007894260047083669,37119.8896076268,ok,6643.0,1.020407|1.743886
1625,37133.0,0.16422941615297187,2037.5000000007915,67807.84575870246,0.015024072636456665,37117.69422600161,ok,4075.0,1.020407|1.743886
1626,37133.0,0.1605366820466544,3176.0,161479.29344105313,0.009834078203839108,37117.38348381231,ok,6352.0,1.020407|1.743886
1627,37133.0,0.10820382560840616,3615.5,114576.77632380027,0.01577763014462197,37104.47798910606,ok,7231.0,1.020407|1.743886
1628,37133.0,0.15532561373662745,2479.0,74404.91506858876,0.0166588457074024,37112.35136074567,ok,4958.0,1.020407|1.743886
1629,37133.0,0.14817171303857377,5034.500000000091,251551.02161622816,0.010006916226483939,37107.81009012888,ok,10069.0,1.020407|1.743886
1630,37133.0,0.15992880676550253,2401.0000000000005,86006.35489318364,0.013958270891621577,37116.24309579461,ok,4802.0,1.020407|1.743886
1631,37133.0,0.142400213452572,2668.500000001014,89125.82165947347,0.014970408969673553,37113.025731832204,ok,5337.0,1.020407|1.743886
1632,37133.0,0.15028958041211035,2454.000000000003,65160.537282442405,0.018830415634565653,37109.89508001639,ok,4908.0,1.020407|1.743886
1633,37099.0,0.28808855673186223,867.5,3617.6298807707417,0.11989894331246205,37046.99383333822,ok,1735.0,1.020409|1.743886
1634,37127.0,0.06335917333065386,16582.000000011318,1742654.3148961659,0.004757684831199393,37087.554035064495,ok,33164.0,1.020440|1.743943
1635,37031.0,0.24882285406987711,1360.0000000000568,39991.80350779843,0.017003484223146573,37019.43763072826,ok,2720.0,1.020351|1.743943
1636,37031.0,0.24527265627001402,1287.0,17327.581823728597,0.037137322827053884,37007.102132760796,ok,2574.0,1.020351|1.743943
1637,36957.0,0.4062050224972119,688.5000000002933,2990.3732494679753,0.11511940860940788,36917.370143586195,ok,1377.0,1.020254|1.743943
1638,36910.0,0.39941373012043585,843.0000000000002,7301.305021700569,0.05772940573599365,36885.66705548228,ok,1686.0,1.020244|1.743943
1639,36910.0,0.28496858333817177,718.0000000000001,2841.1271410423196,0.12635830153954122,36864.63736974731,ok,1436.0,1.020244|1.743943
1640,36896.0,0.30967905334688967,1031.5000000000002,5383.571133828062,0.09580072171039915,36846.59077777786,ok,2063.0,1.020197|1.743943
1641,36846.0,0.217374359003428,4654.000000000046,1104169.1925230515,0.002107466877139341,36841.0959245769,ok,9308.0,1.020155|1.744010
1642,36846.0,0.14687319589137487,5876.500000002619,836964.9653941876,0.003510600946859794,36835.68497676788,ok,11753.0,1.020155|1.744010
1643,36745.0,0.24544617506875022,876.0000000002882,2836.853155371418,0.1543964301327393,36677.37436360183,ok,1752.0,1.020114|1.744010
1644,36659.0,0.13352558363967695,8286.500000000002,1328423.017975984,0.0031189236741115435,36646.07751948723,ok,16573.0,1.020305|1.744074
1645,36683.0,0.18988471264573345,1907.5000000005914,15647.599512913275,0.060951841157054654,36624.86718149644,ok,3815.0,1.020237|1.743912
1646,36649.0,0.11491476309148518,2804.000000001343,21401.69865141769,0.06550881884825531,36557.1566359747,ok,5608.0,1.020259|1.743914
1647,36504.0,0.13493953483679802,918.5,3819.835206550161,0.12022769966947507,36448.78542892679,ok,1837.0,1.020383|1.743933
1648,36339.0,0.26373756198670645,1511.000000000706,34300.955655577854,0.02202562539616873,36322.35964001319,ok,3022.0,1.020408|1.743945
1649,36314.0,0.2907839190836267,1637.0000000000282,62113.89456728309,0.013177405888040035,36303.21429328064,ok,3274.0,1.020467|1.743943
1650,36314.0,0.2630959755920939,1659.5000000007221,56401.39979641223,0.014711514306301713,36301.793121004346,ok,3319.0,1.020467|1.743943
1651,36254.0,0.3454343912685075,1474.5000000000002,75705.89834536573,0.009738342931177042,36246.820406673985,ok,2949.0,1.020562|1.743943
1652,36254.0,0.2596246744094037,1865.0,65364.807093807576,0.01426608662153218,36240.69687422542,ok,3730.0,1.020562|1.743943
1653,36247.0,0.3061997664141419,935.5000000004629,12476.104387470179,0.037491670915321566,36229.46327092935,ok,1871.0,1.020573|1.743943
1654,36192.0,0.29007559788316883,1777.5,83454.81814741521,0.010649475006105764,36182.53527908832,ok,3555.0,1.020585|1.743946
1655,36171.0,0.3070590266389151,941.5000000000003,22967.92063895577,0.02049597816885363,36161.35151827701,ok,1883.0,1.020574|1.743946
1656,36153.0,0.32618593145708796,522.5000000000008,2164.4003418386237,0.12070317812742197,36121.466294714206,ok,1045.0,1.020429|1.743946
1657,36136.0,0.3783946598653176,408.0000000001629,1131.3161415618197,0.1803209487654376,36099.21452645184,ok,816.0,1.020340|1.743946
1658,36083.0,0.2822849266217853,970.0000000000095,21711.40281838837,0.022338492084409963,36072.165831339065,ok,1940.0,1.020319|1.743946
1659,36083.0,0.3296181975530859,982.5,26708.887141873278,0.018392754343921545,36073.964559428554,ok,1965.0,1.020319|1.743946
1660,36034.0,0.300123630449801,477.50000000019975,722.7275613525937,0.33034578002432374,35955.12994501916,ok,955.0,1.020266|1.743946
1661,35900.0,0.21557922946269867,1837.0,30803.559802683973,0.029817982268399035,35872.612183286474,ok,3674.0,1.020528|1.743960
1662,35864.0,0.24727671328283346,1780.0000000006967,43665.93644205451,0.020382020231751917,35845.86000199373,ok,3560.0,1.020519|1.743960
1663,35804.0,0.2562637849826591,1381.5,26220.404209518874,0.026343987471758156,35785.80289065388,ok,2763.0,1.020558|1.743960
1664,35775.0,0.24279434594976587,1854.0000000006821,36880.304461089785,0.02513536733348727,35751.69951448185,ok,3708.0,1.020534|1.743960
1665,35775.0,0.20449921170589574,1884.0,32551.91519226098,0.02893838947528208,35747.74003711428,ok,3768.0,1.020534|1.743960
1666,35746.0,0.23369468456465975,1697.0,31374.28691922132,0.027044439358402443,35723.05279320439,ok,3394.0,1.020538|1.743960
1667,35622.0,0.2021578233277845,2719.000000001113,95105.80896655207,0.014294605290394844,35602.5664841077,ok,5438.0,1.020572|1.743962
1668,35573.0,0.3156018035009282,652.0,4465.733326885905,0.07300032853223011,35549.2018928985,ok,1304.0,1.020613|1.743962
1669,35549.0,0.23611517864769233,1069.5000000003643,12666.88682769665,0.04221637149476461,35526.42479534316,ok,2139.0,1.020639|1.743962
1670,35504.0,0.21198781630182142,2342.5000000009677,121959.6062583229,0.009603589548490808,35492.75179574133,ok,4685.0,1.020605|1.743962
1671,35504.0,0.21192947873835735,2156.5,89705.21922009956,0.012019924920471124,35491.0395159545,ok,4313.0,1.020605|1.743962
1672,35510.0,0.20151630376409171,2106.0,64583.02657863609,0.016304593571778034,35492.83126296892,ok,4212.0,1.020704|1.743962
1673,35510.0,0.18475084837808087,2370.5000000000005,69957.3834450262,0.016942457559628307,35489.918952177446,ok,4741.0,1.020704|1.743962
1674,35504.0,0.13968328317089565,4239.0,221204.1372868085,0.009581647187963317,35483.69169878511,ok,8478.0,1.020783|1.743962
1675,35566.0,0.19963803905029737,1880.5000000006635,63996.92315408931,0.014692112583857107,35552.185741143025,ok,3761.0,1.020722|1.743962
1676,35566.0,0.177123933392469,2573.500000001046,68693.98728684097,0.018731624860084558,35541.89708171127,ok,5147.0,1.020722|1.743962
1677,35566.0,0.21029663651260838,1974.0,53549.037408956356,0.018431703869151512,35547.80790828115,ok,3948.0,1.020722|1.743962
1678,35513.0,0.30852999078686394,682.0000000002678,1953.377526309628,0.1745694293127044,35453.47182460435,ok,1364.0,1.020637|1.743962
1679,35487.0,0.2771305190290848,636.000000000271,3659.2526817334965,0.08690299021643115,35459.36484911117,ok,1272.0,1.020582|1.743962
1680,35407.0,0.27368244916831347,1134.000000000367,17395.60695217928,0.03259443614464691,35388.51895470598,ok,2268.0,1.020348|1.743962
1681,35338.0,0.2251614144697048,1750.0000000000005,39611.48608284507,0.022089552463898723,35318.67164159409,ok,3500.0,1.020382|1.743962
1682,35277.0,0.18466528971578522,1517.5,29449.161348556634,0.02576474049700529,35257.45100314789,ok,3035.0,1.020419|1.743962
1683,35197.0,0.2878043475066932,795.5000000002826,6190.292090929899,0.06425383393183176,35171.4430375536,ok,1591.0,1.020498|1.743962
1684,35197.0,0.26787378844213705,1103.0,14200.980032794783,0.038835347893342795,35175.58230563682,ok,2206.0,1.020498|1.743962
1685,35165.0,0.30267450205784313,881.5000000003696,20569.620692642915,0.021427230311438204,35155.55594824023,ok,1763.0,1.020525|1.743962
1686,35150.0,0.3690464077540559,593.0000000000001,3117.802654660883,0.09509902737325424,35121.80313838383,ok,1186.0,1.020695|1.743962
1687,35072.0,0.1865720840682909,1387.0000000000005,13314.577406652515,0.052085768764504596,35035.87851936182,ok,2774.0,1.020706|1.743969
1688,35088.0,0.2313598845421947,1516.5,16539.239943551533,0.04584551663727651,35053.237637009785,ok,3033.0,1.020653|1.743969
1689,34976.0,0.20935977352797974,1359.5000000006653,19534.95541941601,0.03479659847724667,34952.347012185084,ok,2719.0,1.020569|1.743969
1690,34949.0,0.18912489703828597,1300.0000000007976,33044.285740048785,0.019670571944383604,34936.21412823615,ok,2600.0,1.020536|1.743969
1691,34949.0,0.1917215149001326,1609.0000000000002,33449.712470357335,0.02405102886050027,34929.65094728173,ok,3218.0,1.020536|1.743969
1692,34927.0,0.22437003409620074,1136.5000000000132,21179.10254544297,0.02683069307496577,34911.75345866015,ok,2273.0,1.020620|1.743969
1693,34895.0,0.2155871149821271,1165.0,17132.072696325788,0.03400055616883562,34875.19467603165,ok,2330.0,1.020652|1.743979
1694,34899.0,0.10607512015662192,9587.500000006496,1802531.5788412401,0.0026594541012618022,34886.25124190207,ok,19175.0,1.020746|1.743979
1695,34827.0,0.3399599555107117,798.0000000003223,9787.224584379059,0.040767430701139404,34810.733795150234,ok,1596.0,1.020742|1.743979
1696,34779.0,0.27094612812798363,977.0000000003287,21914.725699478633,0.022290947498000674,34768.11087214722,ok,1954.0,1.020723|1.743979
1697,34761.0,0.2756196493245731,2098.5,133329.14939665786,0.007869621944999084,34752.74279917421,ok,4197.0,1.020786|1.743979
1698,34761.0,0.2697931265712086,2536.0000000000155,157993.14224131976,0.008025664797926838,34750.82345703623,ok,5072.0,1.020786|1.743979
1699,34761.0,0.2609111193251166,2528.000000000001,164469.37084468556,0.007685321549588962,34751.285753561315,ok,5056.0,1.020786|1.743979
1700,34761.0,0.27202028942797274,2413.0000000008135,167152.82700600007,0.007217945526922489,34752.29154872177,ok,4826.0,1.020786|1.743979
1701,34744.0,0.23801510086439673,2599.0,178056.24905571347,0.007298255505727231,34734.515916970304,ok,5198.0,1.020743|1.743979
1702,34744.0,0.26451183788468446,2953.0,185250.53637398826,0.00797028731414416,34732.23187078067,ok,5906.0,1.020743|1.743979
1703,34717.0,0.2984413574288335,1797.0000000006532,102891.84561545616,0.008732470436562528,34709.153875312746,ok,3594.0,1.020739|1.743979
1704,34717.0,0.2747743799038188,2198.0000000010923,143931.3195730207,0.007635586217515294,34708.60849074694,ok,4396.0,1.020739|1.743979
1705,34673.0,0.3554247000356491,1190.5,61607.99173677649,0.009661895855057867,34667.24875649228,ok,2381.0,1.020726|1.743979
1706,34655.0,0.3876560190508243,593.0,3495.208210433415,0.08483042558521377,34629.84777881398,ok,1186.0,1.020693|1.743979
1707,34640.0,0.3174870986455182,737.0000000003233,10086.629554346473,0.03653351181528915,34626.537400896064,ok,1474.0,1.020664|1.743979
1708,34597.0,0.34819017360636617,561.5,1333.6104133399506,0.2105187520970819,34537.896860348745,ok,1123.0,1.020513|1.743979
1709,34500.0,0.1354236917583328,3741.5000000010873,93733.0049650969,0.01995828471195551,34462.6630388751,ok,7483.0,1.020437|1.743979
1710,34500.0,0.11558140959865668,5480.0,180074.7545602969,0.015215903010338566,34458.30842575167,ok,10960.0,1.020437|1.743979
1711,34416.0,0.22995508558088043,2355.5000000000005,112566.86703395225,0.01046267015359652,34403.6775902266,ok,4711.0,1.020449|1.743979
1712,34416.0,0.2050646928115939,2922.5000000010114,175806.84964478662,0.00831167842978203,34403.85455989448,ok,5845.0,1.020449|1.743979
1713,34416.0,0.21304525339044425,2330.0,82680.8398055946,0.01409032615947341,34399.58477002421,ok,4660.0,1.020449|1.743979
1714,34416.0,0.20914762605590229,2530.5,120523.16329733058,0.010497982009305786,34402.71742826273,ok,5061.0,1.020449|1.743979
1715,34369.0,0.3208422664152165,1005.5000000000186,17453.662221105686,0.02880484299690774,34354.5183651833,ok,2011.0,1.020473|1.743979
1716,34296.0,0.23282566501046084,1848.5000000000023,98333.85624896198,0.00939910255995638,34287.312879458965,ok,3697.0,1.020401|1.743979
1717,34296.0,0.20654291366394392,1327.000000000633,55190.09929394745,0.01202208382460875,34288.02334738237,ok,2654.0,1.020401|1.743979
1718,34296.0,0.23215552499736547,1272.5,54236.815966943446,0.011730961500169649,34288.53617574552,ok,2545.0,1.020401|1.743979
1719,34272.0,0.4877674725202263,389.5,842.7396827615894,0.23109152681860204,34226.99492515208,ok,779.0,1.020429|1.743979
1720,34214.0,0.2702317560473457,898.5000000000001,8073.062525013394,0.055648026830964585,34189.000123946185,ok,1797.0,1.020514|1.743979
1721,34141.0,0.27417431027102096,1509.5000000000011,86779.44978193672,0.008697335623774638,34134.435685937955,ok,3019.0,1.020534|1.743979
1722,34141.0,0.26230417576332943,1504.5000000000002,79731.30512291592,0.009434813575926185,34133.90266148751,ok,3009.0,1.020534|1.743979
1723,34141.0,0.25903491215446617,1438.0000000014352,72510.50093589789,0.009915805169189794,34133.87053608334,ok,2876.0,1.020534|1.743979
1724,34141.0,0.22525202261981112,902.5000000000008,20562.489011746537,0.02194530048099815,34131.097183157945,ok,1805.0,1.020534|1.743979
1725,34141.0,0.24903139636279262,1035.5,23114.109584652975,0.022399738051937304,34129.40253562361,ok,2071.0,1.020534|1.743979
1726,34104.0,0.22165889687439475,672.0,15243.111803306796,0.022042743262376988,34096.59363826385,ok,1344.0,1.020551|1.743979
1727,34104.0,0.27871916556779336,1048.0,30088.65164727202,0.01741520378323461,34094.874433217585,ok,2096.0,1.020551|1.743979
1728,34104.0,0.24710860774789967,1394.5,71339.03125068887,0.009773752008908407,34097.18525141179,ok,2789.0,1.020551|1.743979
1729,34078.0,0.42783869852382966,444.0,2075.5058046490403,0.10696187864313841,34054.25446294122,ok,888.0,1.020540|1.743979
1730,34058.0,0.2753770912595037,1132.500000000009,51639.99794823036,0.010965337383779064,34051.79087770644,ok,2265.0,1.020607|1.744038
1731,34020.0,0.4196424165270945,267.00000000010806,1192.4235604765677,0.11195686199516136,34005.05375892364,ok,534.0,1.020610|1.744038
1732,33981.0,0.3314716932851013,1237.5000000004466,34386.51529388703,0.017993972192646687,33969.866229705796,ok,2475.0,1.020838|1.744038
1733,33981.0,0.25061543376128786,1303.000000000006,52712.78075128628,0.012359431445553274,33972.94783041322,ok,2606.0,1.020838|1.744038
1734,33954.0,0.19628758309374145,1949.000000000019,45013.625886696376,0.021649000292776232,33932.903049214685,ok,3898.0,1.020816|1.744038
1735,33949.0,0.28172788268132465,1080.5000000000061,22894.444855899226,0.023597427384695748,33936.25148985542,ok,2161.0,1.020784|1.744038
1736,33882.0,0.4106551108046033,403.0,3238.8031084023373,0.06221434068568544,33869.46381035183,ok,806.0,1.020782|1.744039
1737,33846.0,0.22318689090050936,3203.5,559357.4455582032,0.0028635535518822947,33841.41330309828,ok,6407.0,1.020655|1.744039
1738,33782.0,0.3675506345386561,626.5,3202.706867131479,0.09780788969942915,33751.36167855165,ok,1253.0,1.020639|1.744039
1739,33639.0,0.22593858081258225,3890.5000000000005,368093.1960324344,0.00528466709237569,33628.72000133855,ok,7781.0,1.020770|1.744039
1740,33639.0,0.19411885058291387,3954.500000001653,312449.2777906478,0.0063282271413206935,33626.487512884814,ok,7909.0,1.020770|1.744039
1741,33639.0,0.19680122918119516,4769.500000002217,655283.8175654215,0.0036392627684003853,33630.32126811305,ok,9539.0,1.020770|1.744039
1742,33639.0,0.24369007477840088,3443.0000000000005,336545.33783663105,0.005115209769554635,33630.19416638171,ok,6886.0,1.020770|1.744039
1743,33639.0,0.20158623516412655,3832.0,331977.6228622289,0.005771473340524347,33627.94185707956,ok,7664.0,1.020770|1.744039
1744,33639.0,0.21490652246898828,3472.0000000000355,336911.7580917171,0.005152684518441261,33630.05493967598,ok,6944.0,1.020770|1.744039
1745,33729.0,0.09536979984456677,4284.5,127048.91362409758,0.01686161604134863,33692.87820303542,ok,8569.0,1.020727|1.743971
1746,33729.0,0.11255598001523065,4580.500000000029,129292.55497497335,0.017713703626966993,33688.43119026834,ok,9161.0,1.020727|1.743971
1747,33638.0,0.3002617695517036,1808.5000000000002,78936.65409635083,0.01145538799879032,33627.6414654021,ok,3617.0,1.020746|1.743971
1748,33638.0,0.26204038646476824,2000.5,76229.94658550117,0.013121483679358188,33624.87523594972,ok,4001.0,1.020746|1.743971
1749,33617.0,0.26138789028593207,1097.5000000000014,14817.157297185018,0.03703476915266688,33596.67717042747,ok,2195.0,1.020710|1.743971
1750,33617.0,0.27333690065726907,1151.0000000004677,22922.988712541417,0.025105801307897146,33602.5516113473,ok,2302.0,1.020710|1.743971
1751,33545.0,0.2451420376388048,802.5,6496.286284120668,0.06176605870661885,33520.21636894397,ok,1605.0,1.020669|1.743971
1752,33398.0,0.24840903113873286,1053.0,46055.15365510218,0.011431945357144025,33391.98108076946,ok,2106.0,1.020721|1.743971
1753,33398.0,0.2225479667047996,1261.0,47378.52174236992,0.013307717860605032,33389.60948388889,ok,2522.0,1.020721|1.743971
1754,33474.0,0.09069128283137295,3156.5000000014215,88545.6482064752,0.0178241396609404,33445.86905158011,ok,6313.0,1.020727|1.743971
1755,33410.0,0.49297761670987406,439.0,2825.1326644670107,0.07769546639729602,33392.94584512579,ok,878.0,1.020736|1.743971
1756,33394.0,0.4014860095078953,478.50000000017405,3692.727733191741,0.06478950447649053,33378.49911105399,ok,957.0,1.020764|1.743976
1757,33356.0,0.4005965634374453,563.0,3750.519755999586,0.0750562637484294,33334.87166175481,ok,1126.0,1.020800|1.743976
1758,33310.0,0.27918812181259184,1257.5,30608.920394647907,0.020541397471501133,33297.084596339795,ok,2515.0,1.020849|1.743976
1759,33260.0,0.3286147675373961,1076.0,10210.765025905923,0.052689489831078296,33231.65305447088,ok,2152.0,1.020856|1.743976
1760,33223.0,0.13347480677032128,4716.0,166012.36412971935,0.014203761342483487,33189.507530754425,ok,9432.0,1.020890|1.744026
1761,33158.0,0.18781189754327243,2876.5000000000005,132665.69449637557,0.010841159845127056,33142.407701852746,ok,5753.0,1.020855|1.744026
1762,33158.0,0.1904759029695034,3033.5000000000005,212957.9428918669,0.007122298325215117,33147.197254015235,ok,6067.0,1.020855|1.744026
1763,33158.0,0.1875392889189121,3899.5000000000005,265737.3165155252,0.0073371328707840305,33143.69442518519,ok,7799.0,1.020855|1.744026
1764,33082.0,0.22755018429878934,3347.5000000016553,338469.18556246825,0.00494505872733847,33073.72320795512,ok,6695.0,1.020840|1.744026
1765,33058.0,0.2461404899637668,1350.000000000894,25132.91939809766,0.026857206252431563,33039.871385779596,ok,2700.0,1.020798|1.744026
1766,32997.0,0.28754518570683424,539.5,5893.233145838312,0.0457728369681916,32984.652777227835,ok,1079.0,1.020843|1.744024
1767,32997.0,0.258957496539829,728.5000000003067,7011.222038242174,0.05195242683991173,32978.07632852356,ok,1457.0,1.020843|1.744024
1768,32993.0,0.2146237407482496,4418.000000001513,836100.1553061373,0.00264202797473699,32987.1637602038,ok,8836.0,1.020890|1.744024
1769,32993.0,0.15040382839591435,2486.5,164744.2233426659,0.007546546851685693,32983.61775562664,ok,4973.0,1.020890|1.744024
1770,32985.0,0.17190210301622366,4633.500000000175,615441.6244112249,0.003764370020010354,32976.27889575614,ok,9267.0,1.020859|1.744024
1771,32985.0,0.1518598824459137,2578.000000000915,80804.32819694967,0.01595211579333589,32964.43772274238,ok,5156.0,1.020859|1.744024
1772,33003.0,0.11710667285687346,4510.500000000002,316281.64726488723,0.0071305117432603335,32986.91891339101,ok,9021.0,1.020873|1.744024
1773,33003.0,0.11234635614949745,2425.5,67967.84919563118,0.017842995097716773,32981.36090769525,ok,4851.0,1.020873|1.744024
1774,33003.0,0.11854233029495916,2452.500000000006,70513.07623296895,0.01739039147786691,32981.675032450265,ok,4905.0,1.020873|1.744024
1775,33003.0,0.1072169377746381,2951.500000001235,101013.93725982017,0.014609370152603877,32981.44022199729,ok,5903.0,1.020873|1.744024
1776,32936.0,0.2672016842911641,667.0,3555.7879730749137,0.09379074414034917,32904.720786829195,ok,1334.0,1.020825|1.744024
1777,32825.0,0.20794629156283215,2041.00000000001,70182.9346963673,0.014540571784508557,32810.16134649391,ok,4082.0,1.020758|1.744026
1778,32813.0,0.22635989190380074,1067.5000000000061,34195.08143650268,0.015608969991521464,32804.66871226703,ok,2135.0,1.020760|1.744026
1779,32813.0,0.21695630746771846,972.0000000000002,31649.056879489737,0.015355907819008465,32805.53702879996,ok,1944.0,1.020760|1.744026
1780,32813.0,0.22670414894296834,951.0000000000003,24000.172794832706,0.01981235735529273,32803.57922407756,ok,1902.0,1.020760|1.744026
1781,32813.0,0.20659802573430155,924.0000000003229,13397.01640881244,0.034485290299134205,32797.06779588179,ok,1848.0,1.020760|1.744026
1782,32824.0,0.1753758464034433,1548.0,41936.224551536274,0.018456597089440318,32809.71459385277,ok,3096.0,1.020875|1.744026
1783,32793.0,0.4364429084101321,541.5,4307.62005752047,0.06285373277694498,32775.98235185064,ok,1083.0,1.020954|1.744024
1784,32774.0,0.29469702807744685,701.0,5330.559113479281,0.06575295246491075,32750.95359016105,ok,1402.0,1.021025|1.744024
1785,32689.0,0.22221035383262408,1134.0,30317.593819722464,0.01870201188694435,32678.395959260102,ok,2268.0,1.021005|1.744024
1786,32837.0,0.07010296365618075,10450.5,620991.8876895215,0.008414361127069147,32793.03285952078,ok,20901.0,1.020891|1.744024
1787,32837.0,0.06004458883303076,12105.5,669413.4431095037,0.009041871002596345,32782.27181528904,ok,24211.0,1.020891|1.744024
1788,32837.0,0.06468054719968191,11850.5,716679.7871280779,0.008267639336870398,32788.01217001921,ok,23701.0,1.020891|1.744024
1789,32693.0,0.150950654573904,1732.5000000007367,53825.87423278943,0.016093561179405233,32679.058952628337,ok,3465.0,1.020941|1.744024
1790,32693.0,0.1488732877353531,1718.5,42732.99069703437,0.020107415511632587,32675.722703221632,ok,3437.0,1.020941|1.744024
1791,32693.0,0.1668277158934133,1838.000000000023,49495.20432723335,0.018567455423036967,32675.93650846623,ok,3676.0,1.020941|1.744024
1792,32693.0,0.16683580385435157,1860.0000000000005,70959.0714771174,0.013106146693307607,32680.81128357522,ok,3720.0,1.020941|1.744024
1793,32620.0,0.391782251253287,212.50000000000006,302.0407148376164,0.3517737668483612,32582.624037272362,ok,425.0,1.020892|1.744024
1794,32700.0,0.09802631653796298,13004.500000000004,1193359.6997375384,0.005448692461652656,32664.57123944122,ok,26009.0,1.020912|1.744024
1795,32650.0,0.08511913785545379,15331.5,2678278.1147431727,0.00286219342113957,32628.059140781897,ok,30663.0,1.020866|1.744010
1796,32562.0,0.233717884839001,732.0000000000001,6728.508066365925,0.054395416694161314,32542.091277489937,ok,1464.0,1.020816|1.744010
1797,32537.0,0.23780427555045072,1605.5,37694.59401356837,0.02129615720787564,32519.904509801378,ok,3211.0,1.020832|1.744010
1798,32561.0,0.1298933705711035,2562.000000001278,110328.47315900584,0.01161078335738823,32546.126586519178,ok,5124.0,1.020773|1.744010
1799,32504.0,0.26641174082068775,671.0000000002269,11325.509947027493,0.029623390166918638,32494.061352598997,ok,1342.0,1.020797|1.744008
1800,32564.0,0.13462617638519306,1131.0,16126.911556892332,0.03506561054824637,32544.170397234964,ok,2262.0,1.020799|1.744008
1801,32726.0,0.053425937123009616,3035.5,35183.08948791085,0.04313862205084375,32660.526356382332,ok,6071.0,1.020871|1.744008
1802,32625.0,0.12568563706889926,2642.5000000011314,93671.54301711905,0.014105137563060097,32606.3635869948,ok,5285.0,1.020894|1.744008
1803,32625.0,0.12752363798152358,2470.000000000956,88816.47267829033,0.013905078222075718,32607.82722839573,ok,4940.0,1.020894|1.744008
1804,32571.0,0.20147409618375625,1700.5000000007326,73672.0743654374,0.011541008005052911,32561.1872579437,ok,3401.0,1.020857|1.744008
1805,32542.0,0.39071738913263077,408.0,5823.903337149706,0.035028053899644605,32534.854277004473,ok,816.0,1.020888|1.744008
1806,32542.0,0.3009820098240425,591.5,25262.32910126499,0.011707154903036655,32538.53760893743,ok,1183.0,1.020888|1.744008
1807,32542.0,0.32683133791052243,594.5,23357.82102460105,0.012725930200720725,32538.217217247835,ok,1189.0,1.020888|1.744008
1808,32542.0,0.31674934213073036,814.0000000003869,35797.073046306934,0.011369644648703542,32537.372554627975,ok,1628.0,1.020888|1.744008
1809,32542.0,0.28024166800864586,662.5000000003172,26934.083465796328,0.012298543606312572,32537.926107430405,ok,1325.0,1.020888|1.744008
1810,32606.0,0.1091631580860054,3496.0,170443.25037543417,0.010255612916027432,32588.073188622784,ok,6992.0,1.020835|1.744008
1811,32606.0,0.10684151267881699,2474.0,76362.95463481416,0.016198954138372836,32585.961893730833,ok,4948.0,1.020835|1.744008
1812,32542.0,0.32927263230346765,437.00000000016996,2335.005724088344,0.09357578773619235,32521.553690379635,ok,874.0,1.020840|1.744008
1813,32486.0,0.2026066952493776,930.5000000006506,19685.757375809866,0.023633837963076342,32475.00435688767,ok,1861.0,1.020822|1.744008
1814,32404.0,0.3839752049690689,162.0,173.2753592342824,0.46746404311579814,32366.135412507618,ok,324.0,1.020886|1.744012
1815,32321.0,0.20301614033986243,4414.000000000001,176061.63154606568,0.012535383096359353,32293.334409506333,ok,8828.0,1.020976|1.744012
1816,32274.0,0.20988930676589448,7487.0,856432.6088948159,0.004371038609600354,32257.637016964964,ok,14974.0,1.021012|1.744012
1817,32238.0,0.23535308063247262,4196.0,504680.12254783825,0.00415708863152448,32229.278428051064,ok,8392.0,1.020987|1.744012
1818,32238.0,0.20839169665600366,4600.5,444349.475737474,0.005176668648437902,32226.09236794143,ok,9201.0,1.020987|1.744012
1819,32193.0,0.6090931169532305,9345.0,28152364.95596907,0.00016597184667461846,32192.224496546412,ok,18690.0,1.020971|1.744012
1820,32193.0,0.20753177100970735,5325.0,676739.9947080427,0.003934302717173747,32182.524919015523,ok,10650.0,1.020971|1.744012
1821,32193.0,0.21236961756471898,4567.500000000001,591640.74684565,0.0038600282556194455,32184.184660471226,ok,9135.0,1.020971|1.744012
1822,32127.0,0.24274365077477444,2906.000000001399,567133.6076550934,0.002562006519078221,32123.27740452778,ok,5812.0,1.020948|1.744024
1823,32127.0,0.24537394294715015,2911.5000000000637,549157.8634875304,0.0026508770916162747,32123.14098567388,ok,5823.0,1.020948|1.744024
1824,32127.0,0.23361933473716387,2765.0,496299.4153871516,0.0027856168214938234,32123.148884744285,ok,5530.0,1.020948|1.744024
1825,32127.0,0.2267558331623009,3389.5,722599.0552290409,0.002345353191006897,32123.02521267954,ok,6779.0,1.020948|1.744024
1826,32127.0,0.2230831855597338,2674.0000000000437,373016.67475306866,0.003584290168489372,32122.20780404473,ok,5348.0,1.020948|1.744024
1827,32127.0,0.21972674714139695,2829.0,441244.4034847262,0.0032057063813818168,32122.465528323533,ok,5658.0,1.020948|1.744024
1828,32127.0,0.23195118222803446,3212.000000000001,614512.4718508841,0.0026134538737070706,32122.802793078827,ok,6424.0,1.020948|1.744024
1829,32127.0,0.24258343847836972,3076.000000000001,626919.1594008898,0.0024532668637369096,32123.22687556357,ok,6152.0,1.020948|1.744024
1830,32127.0,0.21986679837417306,3456.5,618873.1095008255,0.002792575688728797,32122.173731065952,ok,6913.0,1.020948|1.744024
1831,32127.0,0.8114404495749716,6729.000000000002,27337659.15996997,0.00012307198580215588,32126.585924303767,ok,13458.0,1.020948|1.744024
1832,32127.0,0.23114928793406295,2668.5,362890.38172525336,0.003676730128962661,32122.09432282543,ok,5337.0,1.020948|1.744024
1833,32127.0,0.23718103618910163,2157.500000001026,288307.9392271407,0.0037416590153302367,32122.96368533721,ok,4315.0,1.020948|1.744024
1834,32127.0,0.2294217041049938,2343.5,307842.8561477177,0.003806325131799513,32122.539938526814,ok,4687.0,1.020948|1.744024
1835,32106.0,0.3768066593366371,378.5,2150.0820019113253,0.08801989869770797,32089.34223417146,ok,757.0,1.020918|1.744024
1836,32093.0,0.13283619023208343,7532.00000000001,1203409.7635001282,0.0031294411215732204,32081.214524736155,ok,15064.0,1.020894|1.744136
1837,32064.0,0.3568023253430266,236.5,3469.324290725728,0.03408444702506146,32059.969514139284,ok,473.0,1.020847|1.743964
1838,32064.0,0.23328313461465688,760.0,21984.343477928738,0.01728502833762138,32057.431689231704,ok,1520.0,1.020847|1.743964
1839,32064.0,0.27924630439101505,855.5000000000001,30739.38133996648,0.013915374394469401,32058.047698602768,ok,1711.0,1.020847|1.743964
1840,32128.0,0.09185113264817886,3121.0,100257.03571954095,0.015564992409763072,32103.710829344567,ok,6242.0,1.020730|1.743964
1841,32128.0,0.09350172978462644,2938.000000000001,77692.54383174094,0.018907863323170623,32100.22434877826,ok,5876.0,1.020730|1.743964
1842,32044.0,0.3045552346306629,1382.5,130066.59660477909,0.005314585128266523,32040.326293030088,ok,2765.0,1.020706|1.743964
1843,32044.0,0.18889618189198046,2699.000000001144,292412.0087316272,0.004615063539470192,32037.771971753482,ok,5398.0,1.020706|1.743964
1844,31986.0,0.3225197456943643,348.5,208.95019031866025,0.8339308030026649,31840.687557576788,ok,697.0,1.020725|1.743964
1845,31903.0,0.08021004363540721,14300.500000005513,613175.204896732,0.011661022727112665,31819.62077224543,ok,28601.0,1.020831|1.743967
1846,31903.0,0.10888887638320105,11949.0,316858.56975231244,0.018855415539716196,31790.348319857963,ok,23898.0,1.020831|1.743967
1847,31787.0,0.1345666571241647,6258.000000000001,115579.26935997435,0.027072328950745107,31702.29068271312,ok,12516.0,1.020787|1.743965
1848,31659.0,0.16265465908156393,3818.500000000042,88980.66760596147,0.02145690801573741,31618.033398370953,ok,7637.0,1.020773|1.743965
1849,31556.0,0.15654448892145223,2929.5000000000005,79754.11663906382,0.018365823128966372,31529.098660571846,ok,5859.0,1.020658|1.743965
1850,31515.0,0.16367744810754867,1788.0,57398.64056426343,0.015575281769941555,31501.075698097673,ok,3576.0,1.020671|1.743965
1851,31453.0,0.27728899665509815,374.0000000001447,1420.1576859811034,0.1316755187441633,31428.376677994835,ok,748.0,1.020679|1.743965
1852,31367.0,0.14508097609076148,3186.5000000000005,110982.30850201921,0.014355891686745845,31344.127475570094,ok,6373.0,1.020778|1.743969
1853,31328.0,0.1379348797726735,1100.5,20461.524897949035,0.02689193511941793,31313.202712700542,ok,2201.0,1.020753|1.743969
1854,31464.0,0.05546069598458499,7706.000000000006,233899.89637121127,0.016472858944260035,31400.530074487764,ok,15412.0,1.020725|1.743969
1855,31396.0,0.3351295378422623,310.00000000021106,1161.24611733975,0.13347730311916006,31375.311018016517,ok,620.0,1.020922|1.743969
1856,31380.0,0.23717587684386773,491.5000000001767,2845.336670795896,0.0863693926003306,31358.77472176846,ok,983.0,1.020887|1.743969
1857,31380.0,0.20597815088814267,742.0000000003017,8793.54399967568,0.04219004306043547,31364.347494024572,ok,1484.0,1.020887|1.743969
1858,31354.0,0.3603945440063092,228.00000000000009,880.2457363772778,0.1295092896094859,31339.23594098452,ok,456.0,1.021081|1.743969
1859,31319.0,0.31485564585302733,1033.5000000004152,61273.83399491355,0.008433453014268765,31314.642013154873,ok,2067.0,1.021106|1.743969
1860,31319.0,0.2901242383968122,1872.5000000009425,323563.8512346627,0.0028935556194794507,31316.29090855126,ok,3745.0,1.021106|1.743969
1861,31319.0,0.2965991890511268,1435.5,192688.5845495686,0.0037249222712275455,31316.32643703983,ok,2871.0,1.021106|1.743969
1862,31319.0,0.28535412745435573,1888.0,302931.7560271417,0.0031162134085256504,31316.058294542352,ok,3776.0,1.021106|1.743969
1863,31319.0,0.25011397848882033,1606.500000000682,157702.19780460684,0.005093461037211215,31314.908677421856,ok,3213.0,1.021106|1.743969
1864,31278.0,0.3436203020883765,193.0,95.46017331090502,1.001076808481848,31180.458044610157,ok,386.0,1.021086|1.743969
1865,31135.0,0.13772006161048056,3636.5000000000005,68262.3653802998,0.026636199754729546,31086.568729795963,ok,7273.0,1.020903|1.743969
1866,31135.0,0.13205886591010124,5852.000000000006,164632.06267550564,0.01777296568146164,31082.996302416042,ok,11704.0,1.020903|1.743969
1867,31135.0,0.11656263983470362,5058.5,104401.55144830994,0.024226172551202484,31073.72595307487,ok,10117.0,1.020903|1.743969
1868,31079.0,0.23132477502775697,3314.000000000024,180175.9885934006,0.009196563942486973,31063.761293547297,ok,6628.0,1.020901|1.743969
1869,31195.0,0.07708042407814435,15873.5,1851928.5814124206,0.0042856674278156206,31160.985729042284,ok,31747.0,1.020944|1.743969
1870,31195.0,0.0644473673545274,23596.500000014952,3455073.02026232,0.0034147614046986813,31154.71179125699,ok,47193.0,1.020944|1.743969
1871,31080.0,0.06853437184411049,25494.000000000022,5123281.599301804,0.002488053750888329,31048.284778837424,ok,50988.0,1.020847|1.743969
1872,30955.0,0.14237879676403117,4536.5,80939.3262424342,0.028024078100255062,30891.434384849097,ok,9073.0,1.020845|1.743969
1873,30931.0,0.13402787264445923,2433.0,23161.05413069491,0.0525235161204427,30867.10514263948,ok,4866.0,1.020819|1.743969
1874,30859.0,0.17324932109349062,7125.500000000002,1471932.8478272439,0.0024204568878662255,30850.376517222754,ok,14251.0,1.020939|1.749953
1875,30859.0,0.16908991118982514,5466.5,849934.475045823,0.003215836138253647,30850.210315875116,ok,10933.0,1.020939|1.749953
1876,30859.0,0.14526257610772184,5248.5,526969.3235920389,0.004979891395028531,30845.931520006594,ok,10497.0,1.020939|1.749953
1877,30859.0,0.1624459472346811,5472.000000000001,1095589.5008325176,0.0024972857059336238,30852.167426308566,ok,10944.0,1.020939|1.749953
1878,30859.0,0.1467927931092396,5142.0,633295.312584825,0.004059717400254142,30848.562466563944,ok,10284.0,1.020939|1.749953
1879,30820.0,0.15931633845981297,1561.5,17583.850236997554,0.0444015383136767,30785.333498961598,ok,3123.0,1.020875|1.749929
1880,30772.0,0.18581279246109558,1485.5,18893.47088501481,0.03931252253862501,30742.800623884435,ok,2971.0,1.020821|1.749929
1881,30790.0,0.18095982952309156,1240.0000000000002,10001.511829128802,0.061990628076276165,30751.565810592707,ok,2480.0,1.020791|1.749929
1882,30733.0,0.15663419534833625,3023.000000000032,131057.54901924678,0.011533101384171627,30715.567717257825,ok,6046.0,1.020854|1.749929
1883,30677.0,0.24763739249723787,948.5,14002.002272401804,0.03387015590868423,30660.937078560306,ok,1897.0,1.020728|1.749929
1884,30648.0,0.28051769874705507,601.5000000003622,5781.217571076046,0.05202191342959665,30632.354409536038,ok,1203.0,1.020823|1.749929
1885,30648.0,0.28694090347080026,558.5000000002053,5832.708675176316,0.04787655539673619,30634.630471905457,ok,1117.0,1.020823|1.749929
1886,30633.0,0.2767667704741411,599.5,6802.6330865984,0.04406382002147458,30619.791869948564,ok,1199.0,1.020848|1.749929
1887,30633.0,0.3076392898479396,419.50000000000017,4704.529421421039,0.04458469300775326,30623.648360641626,ok,839.0,1.020848|1.749929
1888,30595.0,0.20030769643544977,708.5,4769.082363261749,0.0742805372221996,30568.686119689035,ok,1417.0,1.020881|1.749929
1889,30595.0,0.24957790444696057,748.5000000000174,8352.23064391542,0.044808389034688464,30578.230460403767,ok,1497.0,1.020881|1.749929
1890,30557.0,0.15032679994372972,1008.0,8315.54887069862,0.06060934856338077,30526.452888324056,ok,2016.0,1.021024|1.749929
1891,30462.0,0.2887981752070681,254.00000000008822,603.734174789442,0.2103574806649575,30435.284599955543,ok,508.0,1.021000|1.749929
1892,30435.0,0.19302433236848768,495.00000000000006,7249.5579501672255,0.034140012632672447,30426.550346873413,ok,990.0,1.020872|1.749929
1893,30435.0,0.28314295202406586,529.5000000001941,5996.006433181799,0.04415438891709238,30423.310125534194,ok,1059.0,1.020872|1.749929
1894,30428.0,0.29516261226363566,450.00000000000006,7848.825467406091,0.028666709552194802,30421.54999035076,ok,900.0,1.020883|1.749929
1895,30428.0,0.2700892482891191,512.5000000000001,7076.516796190568,0.03621131799446086,30418.72084976392,ok,1025.0,1.020883|1.749929
1896,30478.0,0.10405462893073339,2228.0000000009913,51655.78279159345,0.021565833287145345,30453.975661718112,ok,4456.0,1.020920|1.749929
1897,30401.0,0.29880184624198525,452.0,2540.168379528114,0.08897047999707165,30380.89267152066,ok,904.0,1.020929|1.749929
1898,30374.0,0.20803582906961554,1157.5000000006162,73131.47962221706,0.007913828668447809,30369.419871658134,ok,2315.0,1.020981|1.749929
1899,30341.0,0.35412370136966054,119.00000000005376,76.68852245267703,0.7758657762215089,30294.8359863148,ok,238.0,1.020925|1.749929
1900,30305.0,0.08224434368704238,17530.5,2735147.550838867,0.003204671717733,30276.91025122614,ok,35061.0,1.020904|1.749948
1901,30228.0,0.2814997147953016,3332.500000001493,343743.2680939793,0.004847367656797847,30219.923073641858,ok,6665.0,1.020873|1.749943
1902,30207.0,0.2864281254783961,1270.5,28668.4479181328,0.022158506864900916,30192.92380851407,ok,2541.0,1.020859|1.749896
1903,30184.0,0.3967451466891025,973.5000000002993,55826.332831458836,0.00871900365495367,30179.75602497095,ok,1947.0,1.020813|1.749896
1904,30184.0,0.3088886512339874,1206.5,64061.298217464806,0.009416762019904525,30178.319338311492,ok,2413.0,1.020813|1.749896
1905,30184.0,0.2963898879170457,1109.5,31370.39299462387,0.01768387154394498,30174.189872261,ok,2219.0,1.020813|1.749896
1906,30154.0,0.2698456331775727,456.5000000002409,2047.389857026726,0.11148340860279105,30128.553911986397,ok,913.0,1.020807|1.749896
1907,30102.0,0.2891174033549035,429.50000000000006,4525.495020285751,0.04745337229129029,30091.809388300448,ok,859.0,1.020643|1.749917
1908,30057.0,0.36579791988921595,364.00000000000114,977.644771153877,0.18616168711790163,30023.118572944542,ok,728.0,1.020631|1.749917
1909,29967.0,0.2796833931073913,548.5000000001531,1910.7549217199294,0.1435296577717124,29927.6369913561,ok,1097.0,1.020683|1.749920
1910,29840.0,0.34689824932362295,448.00000000021146,2030.8988908711276,0.11029598814937747,29815.29369865453,ok,896.0,1.020677|1.749920
1911,29844.0,0.1469127971941287,3651.000000001807,212674.06346944152,0.008583557252919108,29828.33071623479,ok,7302.0,1.020593|1.749920
1912,29820.0,0.22297756993976028,1605.5000000000027,74121.00033222146,0.010830263979195575,29811.3060055907,ok,3211.0,1.020784|1.749920
1913,29820.0,0.23930762706507808,1281.5,51948.98967040053,0.01233421485317329,29812.09685183283,ok,2563.0,1.020784|1.749920
1914,29820.0,0.21775112250256132,1532.5000000006603,61431.201984385436,0.012473303065030297,29810.442331526414,ok,3065.0,1.020784|1.749920
1915,29820.0,0.22213255091912337,1620.0000000007085,65504.023672308176,0.012365652590327542,29809.98382140183,ok,3240.0,1.020784|1.749920
1916,29763.0,0.22586676904763237,1367.0,78223.01825952847,0.00873783721477331,29757.027688263704,ok,2734.0,1.020817|1.749979
1917,29763.0,0.269142552727245,1049.5,47444.23227688242,0.011060353910620418,29757.196079285404,ok,2099.0,1.020817|1.749979
1918,29763.0,0.25399529164032314,1247.0,71406.28015389602,0.00873172497791822,29757.55576947627,ok,2494.0,1.020817|1.749979
1919,29763.0,0.2239945115560533,1279.5000000006016,58527.91286447423,0.010930681937722432,29756.007096230336,ok,2559.0,1.020817|1.749979
1920,29724.0,0.2520025751514549,1118.0,46087.77457000983,0.012129029991475259,29717.219872234768,ok,2236.0,1.020845|1.749979
1921,29707.0,0.23790532971850104,994.0,32537.60490539597,0.015274633810479964,29699.40850699619,ok,1988.0,1.020787|1.749979
1922,29707.0,0.239050835051296,739.0,17320.71908309101,0.021332832558939002,29699.117518369472,ok,1478.0,1.020787|1.749979
1923,29685.0,0.2251012912012381,282.00000000008896,297.98075162705913,0.4731849263086445,29618.28092539046,ok,564.0,1.020825|1.749979
1924,29805.0,0.09090710833465288,6834.5,152540.17071593518,0.022402295631120697,29728.445755254554,ok,13669.0,1.020756|1.749979
1925,29848.0,0.07343018581448797,9511.0,294377.16952023166,0.01615444569886446,29771.17753347905,ok,19022.0,1.020721|1.749979
1926,29766.0,0.07680335387770348,6728.000000002071,117671.38760404769,0.028588088136774208,29669.82967150786,ok,13456.0,1.020746|1.749979
1927,29610.0,0.0716707575003239,16811.50000000008,2493177.6780597265,0.0033715005849649965,29581.66000895793,ok,33623.0,1.020762|1.750006
1928,29610.0,0.06189983235653865,89041.50000000003,78636668.87058033,0.0005661576289971279,29584.794237738828,ok,178083.0,1.020762|1.750006
1929,29610.0,0.05976103448269741,11363.500000009248,972361.0716987756,0.005843251200994967,29576.800107488718,ok,22727.0,1.020762|1.750006
1930,29606.0,0.16276203598330882,2130.0,90682.27767376843,0.011744301392950912,29593.492319016506,ok,4260.0,1.020721|1.750006
1931,29576.0,0.12975331473356652,2759.500000000001,169261.66392869793,0.008151580032801904,29564.75285744974,ok,5519.0,1.020749|1.750006
1932,29576.0,0.16256066655309168,5529.500000000001,1393230.0418137563,0.001984417445090942,29570.513581868687,ok,11059.0,1.020749|1.750006
1933,29576.0,0.15092151389500255,2523.0,122775.16516653348,0.01027487927455759,29563.038239795143,ok,5046.0,1.020749|1.750006
1934,29598.0,0.12528713750933299,2876.0,125181.0300974123,0.011487363531686787,29581.481171241434,ok,5752.0,1.020761|1.750006
1935,29549.0,0.18183664091025747,851.0000000000003,8456.580758025892,0.050315844213534015,29527.59060828714,ok,1702.0,1.020778|1.750006
1936,29429.0,0.20467661486214175,1012.0000000003636,12058.410521403279,0.04196241279910388,29407.767019123647,ok,2024.0,1.020684|1.750006
1937,29489.0,0.14049294768880025,1819.5,36202.37770904691,0.025129564895199002,29466.138378336593,ok,3639.0,1.020604|1.750006
1938,29489.0,0.12054386976060785,1017.0000000004318,7306.269986498892,0.0695977565761822,29453.609540781,ok,2034.0,1.020604|1.750006
1939,29368.0,0.5879992189195878,165.5,1368.9283113540266,0.060448746156875656,29362.99786625552,ok,331.0,1.020680|1.750006
1940,29349.0,0.3357885668183499,490.5000000000003,7118.788290140434,0.03445108774195082,29340.550870731287,ok,981.0,1.020640|1.750006
1941,29341.0,0.30381829338066224,552.5000000003006,8525.424437726131,0.03240307881654637,29332.048649476925,ok,1105.0,1.020708|1.750006
1942,29341.0,0.3586548688956654,540.5000000002744,9082.758532552365,0.02975417644667844,29332.958933815284,ok,1081.0,1.020708|1.750006
1943,29341.0,0.3257356310534308,582.5,8542.479039183534,0.03409431836637399,29331.070029775794,ok,1165.0,1.020708|1.750006
1944,29341.0,0.31855322254785223,450.0000000002094,4227.80201749665,0.053219142965765194,29329.0256928327,ok,900.0,1.020708|1.750006
1945,29331.0,0.24560179412874353,384.5000000001338,1879.476612461427,0.1022891153448777,29311.334917574943,ok,769.0,1.020713|1.750006
1946,29233.0,0.18755634818509492,680.0,5377.933382076731,0.06322131120722554,29211.504754189544,ok,1360.0,1.020755|1.750003
1947,29183.0,0.3923233274396049,313.00000000000375,3094.84460259275,0.050567967085937617,29175.08611315105,ok,626.0,1.020813|1.750003
1948,29166.0,0.37352331403403183,179.00000000000006,828.3974807450013,0.10803992296006278,29156.330426895074,ok,358.0,1.020750|1.750003
1949,29166.0,0.39691214072768816,286.0000000000011,1746.9215015328323,0.0818582860618096,29154.29426509316,ok,572.0,1.020750|1.750003
1950,29101.0,0.1751246820607167,1340.5000000005411,27496.087551106833,0.024376195295220834,29084.66185510337,ok,2681.0,1.020943|1.750003
1951,29101.0,0.20325555747857724,1154.0000000000168,20396.23113353265,0.028289540171536162,29084.676935321026,ok,2308.0,1.020943|1.750003
1952,29037.0,0.22770116903400023,1317.5,11425.835800425026,0.057654425593574116,28999.020147140232,ok,2635.0,1.020846|1.750003
1953,29006.0,0.203460244864803,835.0000000003739,5251.231492876632,0.07950515999276198,28972.806595703005,ok,1670.0,1.020873|1.750020
1954,28955.0,0.25110539779273094,500.5000000000021,2455.180990936974,0.10192731245629993,28929.49269005781,ok,1001.0,1.020918|1.750020
1955,28924.0,0.12888017691723588,758.5000000000017,3495.9988706603235,0.1084811563249642,28882.858521463757,ok,1517.0,1.020922|1.750020
1956,28830.0,0.34544585467688405,202.0,493.53646952601423,0.2046454643909072,28809.330808096518,ok,404.0,1.020962|1.750082
1957,28882.0,0.08035434649225086,12497.000000000002,1550439.7416342376,0.004030146952640535,28856.817626766428,ok,24994.0,1.020922|1.750086
1958,28835.0,0.1942297408098653,2431.0000000000346,205719.0020836202,0.005908545091551356,28827.81816344122,ok,4862.0,1.021010|1.750086
1959,28835.0,0.2413370947911051,1585.0000000000105,202803.32358429494,0.003907726885307201,28831.903126443394,ok,3170.0,1.021010|1.750086
1960,28816.0,0.5738589288867341,118.0,837.691984300606,0.07043161580358137,28811.84453466759,ok,236.0,1.020976|1.750086
1961,28816.0,0.3830417547013324,241.50000000000003,524.0262739372126,0.23042737741517888,28788.175894177115,ok,483.0,1.020976|1.750086
1962,28840.0,0.11780887976478481,1599.5000000000002,33984.128023996316,0.023533044585851776,28821.179447592465,ok,3199.0,1.020840|1.750091
1963,28840.0,0.10308372501371689,2768.000000001517,84199.5080611141,0.016437150665966085,28817.25098347829,ok,5536.0,1.020840|1.750091
1964,28772.0,0.30286835138532786,200.00000000005483,164.94816608180759,0.6062510567739897,28711.374894322584,ok,400.0,1.020835|1.750091
1965,28650.0,0.23904308067505406,708.0,4806.832681048434,0.07364516792849712,28623.929610553314,ok,1416.0,1.020752|1.750091
1966,28637.0,0.19262634246695423,3984.5,608281.6185050257,0.003275209934662097,28630.47496300767,ok,7969.0,1.020753|1.750111
1967,28687.0,0.19800918283029884,491.5000000000002,3163.3415428336366,0.07768683737509541,28667.908459715072,ok,983.0,1.020721|1.750103
1968,28673.0,0.23103698931624397,378.50000000017155,1077.1747916361292,0.17569107768724562,28639.750463547676,ok,757.0,1.020747|1.750103
1969,28632.0,0.341730273166985,318.00000000000085,3511.1584235621804,0.04528419991903696,28624.799812212874,ok,636.0,1.020782|1.750103
1970,28612.0,0.3829272144992307,212.00000000000003,710.5190552176423,0.14918670966189734,28596.186208775838,ok,424.0,1.020702|1.750103
1971,28573.0,0.2621188462755984,383.0,2311.1093298309147,0.08286064078760416,28557.13218728917,ok,766.0,1.020725|1.750103
1972,28546.0,0.3218579992275571,295.0000000001505,1228.4975616925153,0.12006535836901687,28528.290359640563,ok,590.0,1.020724|1.750103
1973,28546.0,0.4182124917826011,253.0,2423.344945932411,0.052200575164641945,28539.396627241673,ok,506.0,1.020724|1.750103
1974,28546.0,0.3870279944138916,310.5000000001253,3906.7169102042185,0.03973925000671399,28539.830481436453,ok,621.0,1.020724|1.750103
1975,28546.0,0.3027679807548025,320.0,1373.7090512086188,0.11647298957463267,28527.36432166806,ok,640.0,1.020724|1.750103
1976,28494.0,0.3304725181267301,936.5000000003555,65485.65501345363,0.007150420957139065,28490.651815386816,ok,1873.0,1.020704|1.750103
1977,28494.0,0.3760063851728534,1112.5,154493.29410565612,0.0036004798992737333,28491.997233056027,ok,2225.0,1.020704|1.750103
1978,28494.0,0.40227014681926143,1224.5000000000002,196669.37527453748,0.0031130927178943824,28492.09400898347,ok,2449.0,1.020704|1.750103
1979,28494.0,0.38245483442411343,1129.0,147117.323666032,0.0038370736085538083,28491.833971947974,ok,2258.0,1.020704|1.750103
1980,28594.0,0.09051003366183644,2164.5,43749.28896688131,0.024737544896313062,28567.227792035963,ok,4329.0,1.020636|1.750099
1981,28594.0,0.0682283885649424,3471.500000000001,73707.56141447264,0.02354914430338462,28553.1245727754,ok,6943.0,1.020636|1.750099
1982,28514.0,0.7488969602587836,334.00000000012903,10044.629596005236,0.01662579972749624,28511.223491445508,ok,668.0,1.020734|1.750099
1983,28514.0,0.4392833772336289,688.5,42754.847514597044,0.008051718577231944,28511.22819587979,ok,1377.0,1.020734|1.750099
1984,28514.0,0.37585501662795534,724.5,34556.75619655363,0.010482754745253765,28510.20262209353,ok,1449.0,1.020734|1.750099
1985,28496.0,0.4895430353053132,190.0,932.264140781285,0.10190245000776833,28486.319267249262,ok,380.0,1.020717|1.750099
1986,28496.0,0.6528334134667305,339.0,3159.3157239263987,0.05365085822740924,28486.90617953045,ok,678.0,1.020717|1.750099
1987,28476.0,0.4939444345522357,214.0,533.0510240653995,0.20073125304956224,28454.5217559237,ok,428.0,1.020694|1.750099
1988,28783.0,0.04581471507721373,8370.5,190098.5640887628,0.022016210485660374,28690.85665506489,ok,16741.0,1.020738|1.750099
1989,28783.0,0.04244699200998371,5187.5000000041,70635.89052927785,0.03672000141241183,28687.757496336482,ok,10375.0,1.020738|1.750099
1990,28783.0,0.041260839595721716,5209.500000003902,65895.81735417916,0.03952830550688595,28680.03864623086,ok,10419.0,1.020738|1.750099
1991,28898.0,0.05299700633784416,8967.0,165973.6660561783,0.02701332148970209,28776.885773100923,ok,17934.0,1.020741|1.750099
1992,28712.0,0.1168498914448472,3036.0000000014325,73956.30510924773,0.020525633314946407,28680.842088627895,ok,6072.0,1.020362|1.750099
1993,28677.0,0.10507081482677402,1321.0,8031.648078577396,0.08223716895187855,28622.68234990728,ok,2642.0,1.020340|1.750099
1994,28595.0,0.2717791496052337,1542.5000000000052,91282.36620296029,0.00844905792960252,28588.483664071795,ok,3085.0,1.020348|1.750101
1995,28595.0,0.21706021156128572,4831.50000000217,974205.3711390009,0.002479713283839412,28589.009632634563,ok,9663.0,1.020348|1.750101
1996,28595.0,0.222638569076579,4974.000000000113,1206728.650625122,0.0020609438573549366,28589.87443262676,ok,9948.0,1.020348|1.750101
1997,28595.0,0.22244839971776026,4599.5,807752.4473645549,0.0028470975327940747,28588.452387448957,ok,9199.0,1.020348|1.750101
1998,28595.0,0.20091796232971096,4748.50000000196,745139.1370937721,0.003186317671168294,28587.434885269227,ok,9497.0,1.020348|1.750101
1999,28565.0,0.16915732321633814,1490.5,25649.556284308663,0.029055083516431553,28543.34669900938,ok,2981.0,1.020336|1.750101
2000,28496.0,0.26413153034123277,254.00000000000003,1787.335000884608,0.07105550998393907,28486.975950232038,ok,508.0,1.020360|1.750414
2001,28496.0,0.18708492376675687,409.0,4674.9697684390485,0.04374359838230176,28487.05443413082,ok,818.0,1.020360|1.750414
2002,28496.0,0.23153966825764216,421.5000000001404,4842.824463628069,0.043517992771140816,28486.828583023478,ok,843.0,1.020360|1.750414
2003,28459.0,0.3554850818526665,293.0,1222.240368190109,0.11986185681048721,28441.440237977265,ok,586.0,1.020526|1.750414
2004,28432.0,0.3369473012797395,291.00000000000006,575.7555665899401,0.25271140817927484,28395.230490109916,ok,582.0,1.020551|1.750414
2005,28373.0,0.21954016767631274,1959.000000000797,148352.3182885805,0.00660252573940259,28366.532826038252,ok,3918.0,1.020534|1.750414
2006,28343.0,0.1388021967566384,1410.0000000000002,32076.512315069474,0.021978698714971972,28327.505017405947,ok,2820.0,1.020479|1.750414
2007,28343.0,0.13782971987206205,1994.5000000000437,69749.89895724614,0.0142975117513976,28328.741806405917,ok,3989.0,1.020479|1.750414
2008,28280.0,0.40751819827272084,179.50000000000045,393.2181645526831,0.22824479663114744,28259.515029502352,ok,359.0,1.020422|1.750414
2009,28235.0,0.17591069348297053,1221.0,22166.99075643627,0.027540950718479413,28218.186249586368,ok,2442.0,1.020363|1.750414
2010,28413.0,0.04378513687297383,29863.500000000007,3163802.8938127365,0.004719557602403472,28342.528745770313,ok,59727.0,1.020445|1.750417
2011,28271.0,0.11637507174377429,4268.000000000001,401297.98668254755,0.005317744097450784,28259.65193409604,ok,8536.0,1.020413|1.750417
2012,28271.0,0.12995628000113563,8780.500000000116,2653389.6128275194,0.0016545817390615683,28263.735972520084,ok,17561.0,1.020413|1.750417
2013,28271.0,0.11800130251420098,4390.5,404271.0391256976,0.00543014410517159,28259.07947615312,ok,8781.0,1.020413|1.750417
2014,28184.0,0.45563155022806884,111.50000000004918,107.07941066330682,0.5206416402058943,28154.97422855851,ok,223.0,1.020380|1.750388
2015,28322.0,0.07886056524059686,6640.50000000023,162117.69515494196,0.02048049102121041,28253.999649686826,ok,13281.0,1.020318|1.750388
2016,28198.0,0.07564523191621543,2387.0,29378.153780498993,0.04062542557702304,28149.513554573823,ok,4774.0,1.020342|1.750388
2017,28198.0,0.08293365512471154,2655.5000000010787,39441.40728005233,0.033663859673487236,28153.30281031851,ok,5311.0,1.020342|1.750388
2018,28148.0,0.3070537709606907,414.5000000001471,5324.329358397249,0.03892509010044803,28139.93277507668,ok,829.0,1.020341|1.750386
2019,28148.0,0.18970551493959345,635.0000000000001,8980.712285066616,0.035353543229299095,28136.775250024697,ok,1270.0,1.020341|1.750386
2020,28122.0,0.3071425351215181,290.0,510.299037184178,0.28414711656151204,28080.79866809858,ok,580.0,1.020373|1.750386
2021,28072.0,0.3027595694027722,422.5,2968.671296566404,0.07115978122749188,28056.967496215693,ok,845.0,1.020488|1.750386
2022,28072.0,0.28180488021462435,373.0,2916.7489298167966,0.06394105371685667,28060.07499348181,ok,746.0,1.020488|1.750386
2023,28072.0,0.22026375706490378,467.0,3581.761752969246,0.06519138237110013,28056.777812216347,ok,934.0,1.020488|1.750386
2024,28072.0,0.23039722582675548,410.5000000000015,2546.314490831752,0.08060669675290422,28055.455475491464,ok,821.0,1.020488|1.750386
2025,28072.0,0.23272297730415598,599.0000000000013,7607.099429261413,0.03937111678177179,28060.20835052386,ok,1198.0,1.020488|1.750386
2026,28072.0,0.2253191065204987,531.5,2189.338857795237,0.12138367665370095,28039.74228792928,ok,1063.0,1.020488|1.750386
2027,27996.0,0.30412949431397357,558.5,6629.0765214938565,0.04212502285869997,27984.236587366708,ok,1117.0,1.020578|1.750386
2028,27968.0,0.2821324466827286,281.50000000010846,914.0943699163279,0.1539775373662326,27946.327661615695,ok,563.0,1.020580|1.750386
2029,27880.0,0.16345352847727504,978.0,7199.916112165313,0.06791745797895657,27846.78836304829,ok,1956.0,1.020594|1.750386
2030,27828.0,0.17345234479406385,919.0000000000002,7038.280051393285,0.06528583640388654,27798.001158172414,ok,1838.0,1.020459|1.750386
2031,27805.0,0.12407569277975272,1436.0000000000093,14398.12496599735,0.04986760440652067,27769.195060036116,ok,2872.0,1.020442|1.750386
2032,27805.0,0.161576054941115,897.5000000000001,5160.041138175776,0.08696636092297633,27765.973845535817,ok,1795.0,1.020442|1.750386
2033,27730.0,0.26926807909492817,496.5000000002061,2565.9481790095156,0.09674786187456455,27705.98234328963,ok,993.0,1.020435|1.750386
2034,27730.0,0.27364880280423154,565.0,1995.1588576926902,0.14159273529061156,27690.0000522804,ok,1130.0,1.020435|1.750386
2035,27601.0,0.2648675620462177,464.0000000001651,1785.4156090372044,0.12994173391661445,27570.853517731335,ok,928.0,1.020490|1.750429
2036,27513.0,0.24152911144810849,975.0000000003602,22436.327743796464,0.0217281546947883,27502.407524586284,ok,1950.0,1.020466|1.750429
2037,27477.0,0.29441847853219394,609.0000000002624,4760.734107610227,0.06396072393822112,27457.523959560804,ok,1218.0,1.020557|1.750429
2038,27443.0,0.3699196953953337,409.0000000001322,1330.8630354382715,0.15365968890459222,27411.576593619,ok,818.0,1.020684|1.750429
2039,27423.0,0.3607826133781748,535.5,6986.456710252258,0.03832414786269139,27412.738709409765,ok,1071.0,1.020696|1.750452
2040,27423.0,0.2566416016230669,738.5000000000001,9929.90896397145,0.0371856379892046,27409.269203172484,ok,1477.0,1.020696|1.750452
2041,27423.0,0.2829542832901418,657.5,14460.965434600577,0.022733613567279806,27415.526324539755,ok,1315.0,1.020696|1.750452
2042,27423.0,0.32609788156926445,685.0,21252.74150830345,0.016115567954665292,27417.480417975527,ok,1370.0,1.020696|1.750452
2043,27423.0,0.2852038897484407,684.000000000256,16014.827045497224,0.02135521033280754,27415.69651806618,ok,1368.0,1.020696|1.750452
2044,27391.0,0.35875620530626934,257.5,656.6317336471413,0.19607642062146705,27365.755160844987,ok,515.0,1.020698|1.750452
2045,27250.0,0.160620537766924,5782.5,704935.3948978607,0.0041014396793324845,27238.14171252713,ok,11565.0,1.020691|1.750454
2046,27250.0,0.10958345331659089,9204.000000000002,854134.5448868641,0.005387909934739341,27225.204838480327,ok,18408.0,1.020691|1.750454
2047,27191.0,0.11988017309198797,3419.500000000001,142370.70321746697,0.012009142059152498,27170.467369364364,ok,6839.0,1.020661|1.750447
2048,27191.0,0.12865097599563363,3200.0,115145.04233249904,0.013895517927552222,27168.767171315914,ok,6400.0,1.020661|1.750447
2049,27121.0,0.3204340779021594,966.0000000003358,21910.583754330233,0.02204414110622277,27110.35267984569,ok,1932.0,1.020663|1.750447
2050,27121.0,0.2847999012118151,850.0000000002804,17464.069417786646,0.024335679722349825,27110.657336117998,ok,1700.0,1.020663|1.750447
2051,27121.0,0.47313437755464943,1161.0000000002817,58080.6533003156,0.00999472228727473,27115.198063712236,ok,2322.0,1.020663|1.750447
2052,27108.0,0.3760280177202474,729.5000000002499,20184.664604235837,0.018070649532793356,27101.40873058291,ok,1459.0,1.020657|1.750447
2053,27108.0,0.2841124597428249,632.0000000000001,8878.376611244294,0.035592092320097364,27096.75289882685,ok,1264.0,1.020657|1.750447
2054,27063.0,0.19709344246250665,1584.0,121804.52402330874,0.006502221541857029,27057.85024053885,ok,3168.0,1.020752|1.750447
2055,27063.0,0.21700429409064428,2032.0,249127.7868740813,0.0040782283371446045,27058.856520009464,ok,4064.0,1.020752|1.750447
2056,27063.0,0.19015098296173208,2073.500000000021,219447.4457407695,0.004724365765572456,27058.10201379254,ok,4147.0,1.020752|1.750447
2057,27030.0,0.38776993841797874,308.0,3984.770584851726,0.038647143347583804,27024.04833992447,ok,616.0,1.020740|1.750445
2058,27030.0,0.4524646761248326,342.5,5572.806281766174,0.030729580635221042,27024.737559316218,ok,685.0,1.020740|1.750445
2059,27001.0,0.4902248552092088,187.0,368.49815439598024,0.25373261408394165,26977.27600058315,ok,374.0,1.020739|1.750445
2060,26949.0,0.20729445781885428,1177.0000000004648,27550.271220963157,0.021360951232757355,26936.42908019952,ok,2354.0,1.020747|1.750466
2061,26959.0,0.12665752964960997,2584.5,56691.19649199486,0.022794544478920525,26929.543749897115,ok,5169.0,1.020792|1.750466
2062,26927.0,0.2543747551797904,970.0000000000001,18813.336429794712,0.025779584700983967,26914.496901420025,ok,1940.0,1.020899|1.750466
2063,27182.0,0.03289210914672446,41413.50000003042,3409829.5309795686,0.006072664281861217,27056.254858881475,ok,82827.0,1.021035|1.750486
2064,26926.0,0.291905216198045,464.0000000000034,5596.423933649241,0.04145504392636715,26916.38242980908,ok,928.0,1.020954|1.750479
2065,26879.0,0.29622682329096023,225.00000000000006,349.48066655685466,0.3219062190431589,26842.785550357647,ok,450.0,1.020899|1.750479
2066,26811.0,0.31879111509872754,434.0,1567.1302541873972,0.1384696641649107,26780.952082876214,ok,868.0,1.020826|1.750479
2067,26753.0,0.1683691868143072,4042.00000000001,684538.1190062232,0.0029523556744129715,26747.03328918201,ok,8084.0,1.020815|1.750479
2068,26753.0,0.11959790155634045,5892.5,841494.2187839082,0.0035012124079209905,26742.684552943163,ok,11785.0,1.020815|1.750479
2069,26753.0,0.12588852717279775,6345.000000000005,1122275.2593886286,0.0028268465988711675,26744.031829165084,ok,12690.0,1.020815|1.750479
2070,26753.0,0.11466982845623842,4487.5,416147.4455854233,0.005391718785738459,26740.9023309745,ok,8975.0,1.020815|1.750479
2071,26726.0,0.48009085256897543,342.5000000000001,6005.175974695844,0.028517066064608323,26721.116452436436,ok,685.0,1.020791|1.750479
2072,26726.0,0.3850573383925612,295.00000000000006,2592.4959639100716,0.056894977679169303,26717.607990792323,ok,590.0,1.020791|1.750479
2073,26709.0,0.44802765689721585,261.5,1449.5995100342243,0.09019732629249651,26697.206699587256,ok,523.0,1.020813|1.750479
2074,26709.0,0.3377325224814165,308.0000000000001,684.5705894647876,0.22495853951365433,26674.3563849149,ok,616.0,1.020813|1.750479
2075,26709.0,0.416866563102956,207.50000000008484,765.4315767866146,0.1355444472719547,26694.93726359553,ok,415.0,1.020813|1.750479
2076,26672.0,0.4158055199704772,268.50000000000006,2533.494110049569,0.05299005806544913,26664.88608470471,ok,537.0,1.020945|1.750479
2077,26666.0,0.339415292109768,322.0000000001597,7417.779261085035,0.02170460920085799,26662.505557918663,ok,644.0,1.021017|1.750479
2078,26666.0,0.3484974695789631,624.5,31161.709630266618,0.010020310300841745,26662.871158108563,ok,1249.0,1.021017|1.750479
2079,26666.0,0.3748879971376891,339.0,12305.248050003898,0.013774610581697808,26663.6652035064,ok,678.0,1.021017|1.750479
2080,26666.0,0.4215400168884905,378.0000000001213,6078.733484073213,0.031092003045577892,26660.123611424384,ok,756.0,1.021017|1.750479
2081,26646.0,0.3950275573941834,626.5000000001643,23765.39576548816,0.013180929242296914,26641.871073914852,ok,1253.0,1.021013|1.750479
2082,26646.0,0.2832508318223515,686.0000000000001,13300.990566221817,0.025787553061728856,26637.15486929983,ok,1372.0,1.021013|1.750479
2083,26581.0,0.3890486435322203,370.000000000158,3956.690941030298,0.04675624221281892,26572.350095190624,ok,740.0,1.021061|1.750479
2084,26554.0,0.2772416332401963,1528.500000000518,86958.16158463265,0.00878870926056144,26547.283228947614,ok,3057.0,1.020964|1.750479
2085,26586.0,0.16133980299663075,1444.0000000000043,40154.20470050603,0.01798068235655788,26573.017947338565,ok,2888.0,1.020928|1.750479
2086,26586.0,0.10527396377433008,1761.5000000009231,32419.04437317976,0.02716767310788177,26562.07207191022,ok,3523.0,1.020928|1.750479
2087,26511.0,0.336470028099092,267.0,2075.060806431311,0.0643354640915768,26502.411215543772,ok,534.0,1.020944|1.750519
2088,26511.0,0.3090854908781508,436.0,5907.045781350263,0.03690508048680951,26502.954692453874,ok,872.0,1.020944|1.750519
2089,26511.0,0.36276658495467234,391.00000000000045,4350.094902773502,0.04494154825802875,26502.213927315555,ok,782.0,1.020944|1.750519
2090,26511.0,0.35669709375111947,562.500000000222,8472.031326071832,0.033197469317021076,26501.66321175458,ok,1125.0,1.020944|1.750519
2091,26455.0,0.3378632429363848,526.5000000000001,5865.980898230117,0.04487740491610325,26443.18602315584,ok,1053.0,1.020965|1.750519
2092,26393.0,0.3762884175492361,513.5000000000019,14983.931372987492,0.017135022418940125,26388.600582993935,ok,1027.0,1.020986|1.750536
2093,26393.0,0.4217434535051458,562.5000000000092,32126.254051323212,0.008754522066304227,26390.53779066885,ok,1125.0,1.020986|1.750536
2094,26393.0,0.31165961794448094,706.0000000001999,19230.603336315253,0.018356158349618255,26386.520276102583,ok,1412.0,1.020986|1.750536
2095,26378.0,0.41256924171424,144.50000000007398,94.34132209377867,0.7658362040783984,26322.668334255308,ok,289.0,1.020955|1.750536
2096,26262.0,0.1860557398554976,3814.5000000017426,113515.2994553757,0.0168016999395807,26229.954957790218,ok,7629.0,1.020612|1.750541
2097,26213.0,0.0833050338690984,15225.500000009662,2405055.261654747,0.0031653118834230197,26188.903271959454,ok,30451.0,1.020738|1.750543
2098,26213.0,0.07103697141852902,21787.500000016065,4254591.023548569,0.0025604693705488127,26185.10688679456,ok,43575.0,1.020738|1.750543
2099,26159.0,0.18930706367939162,2947.0,113179.16572509916,0.013019180611199978,26139.8162373694,ok,5894.0,1.020636|1.750541
2100,26167.0,0.19714262896565463,2552.0000000000014,71200.97249733578,0.017921103536159517,26144.132671887863,ok,5104.0,1.020641|1.750541
2101,26128.0,0.20675957456994568,1415.0,40999.09875083014,0.017256476887450477,26115.791042602126,ok,2830.0,1.020698|1.750531
2102,26128.0,0.173466141896691,1396.0000000006405,28966.03217903987,0.0240971906571795,26111.18016092128,ok,2792.0,1.020698|1.750531
2103,26101.0,0.17220449216575823,1101.5,28107.616010732305,0.019594333428694474,26090.208420864146,ok,2203.0,1.020723|1.750533
2104,26101.0,0.20350107083892355,1045.5,32593.899295972762,0.01603827744735623,26092.615990464394,ok,2091.0,1.020723|1.750533
2105,26101.0,0.17781466825910966,1133.5,44393.16763285393,0.012766604192050645,26093.764527074156,ok,2267.0,1.020723|1.750533
2106,26101.0,0.1886476979176569,1057.5000000000002,32273.032342398263,0.01638364794452122,26092.337146149337,ok,2115.0,1.020723|1.750533
2107,26101.0,0.18656184536417067,1445.5000000000157,52514.003257787896,0.013762995680448777,26091.052794871954,ok,2891.0,1.020723|1.750533
2108,26057.0,0.4096147976650433,150.50000000000003,251.72293621489086,0.2989397832852251,26034.504781307787,ok,301.0,1.020803|1.750533
2109,26020.0,0.25477872008849967,625.0,5710.16310791965,0.05472698311657358,26002.897817776073,ok,1250.0,1.020826|1.750533
2110,26001.0,0.24073231477408333,411.5,3443.147090084802,0.059756378283256126,25988.70512516822,ok,823.0,1.020807|1.750533
2111,26001.0,0.2992737177002355,425.0,8004.619607315763,0.026547170312226604,25995.358726308652,ok,850.0,1.020807|1.750533
2112,26001.0,0.29306548452683995,443.5,7100.65358248066,0.031229519568046607,25994.074854035785,ok,887.0,1.020807|1.750533
2113,26001.0,0.35722385695951336,407.5000000001579,11624.877668665838,0.017527066159954086,25997.428860269905,ok,815.0,1.020807|1.750533
2114,26001.0,0.3346418608200111,450.50000000000006,9792.331243349467,0.023002694088088596,25995.818643156657,ok,901.0,1.020807|1.750533
2115,26001.0,0.2666560045207402,537.0,7446.495350623567,0.0360572305974133,25991.318633584597,ok,1074.0,1.020807|1.750533
2116,25983.0,0.47152352752332777,164.00000000005832,207.97913599600002,0.3942703175841938,25950.669833958087,ok,328.0,1.020805|1.750533
2117,25903.0,0.2066132862298701,2065.000000000855,59479.32176199303,0.01735897399993874,25885.076859345056,ok,4130.0,1.020855|1.750533
2118,25903.0,0.20866181709292445,2141.000000000916,56347.5660655933,0.018998158656122005,25882.662471158612,ok,4282.0,1.020855|1.750533
2119,25886.0,0.2703301115446363,1490.0,51949.1934377004,0.01434093487694731,25875.316003516677,ok,2980.0,1.020830|1.750533
2120,25886.0,0.29874509400143623,1354.000000000004,62466.94846566462,0.01083773125834888,25878.662855938095,ok,2708.0,1.020830|1.750533
2121,25874.0,0.24321171201011196,743.5000000003315,9867.757229578876,0.037673200845054725,25859.994987585844,ok,1487.0,1.020766|1.750533
2122,25851.0,0.20717754199486035,439.0000000000001,4444.682840342431,0.04938485104217001,25840.160025196245,ok,878.0,1.020763|1.750533
2123,25851.0,0.24774310599350283,404.00000000016297,4254.387953381264,0.04748039017916496,25841.408961183803,ok,808.0,1.020763|1.750533
2124,25826.0,0.19050077826839235,1810.5000000007458,63215.755285779676,0.014320006079307385,25813.0368144967,ok,3621.0,1.020755|1.750533
2125,25765.0,0.222299574320224,1379.0,89806.9094170631,0.007677582988609077,25759.70630652935,ok,2758.0,1.020780|1.750533
2126,25765.0,0.22363555415010236,1416.0000000000061,99916.66205577173,0.00708590524776348,25759.983179084586,ok,2832.0,1.020780|1.750533
2127,25765.0,0.20807113691281598,1640.0000000007958,116499.86879380624,0.007038634536590942,25759.228319679994,ok,3280.0,1.020780|1.750533
2128,25765.0,0.19451726401974465,1527.5,84622.07485498369,0.00902542275533699,25758.106833370613,ok,3055.0,1.020780|1.750533
2129,25765.0,0.22421935950059174,1314.5000000006128,83303.15767083997,0.007889856979939849,25759.814391499935,ok,2629.0,1.020780|1.750533
2130,25765.0,0.23424729858278262,1315.0,86014.66224393196,0.007644045594637958,25759.974040021523,ok,2630.0,1.020780|1.750533
2131,25765.0,0.2185362005456676,1537.0000000000002,110137.7798798825,0.006977623852942513,25759.637696069014,ok,3074.0,1.020780|1.750533
2132,25765.0,0.23459384799214172,1310.5000000000007,85942.96974903335,0.007624242005057898,25760.004215426186,ok,2621.0,1.020780|1.750533
2133,25765.0,0.21901509269720304,1423.0000000000002,78877.9284039369,0.009020267321884792,25758.58207980048,ok,2846.0,1.020780|1.750533
2134,25765.0,0.22183858967992345,1486.500000000571,98408.70970172876,0.007552685145989966,25759.38646676524,ok,2973.0,1.020780|1.750533
2135,25765.0,0.22649745177082214,1324.0000000000002,87764.73156701581,0.007542893234903898,25760.006604678496,ok,2648.0,1.020780|1.750533
2136,25765.0,0.22752692489307627,1688.0,141498.51623550404,0.005964726856890023,25759.965770532785,ok,3376.0,1.020780|1.750533
2137,25765.0,0.2275469963281547,1356.5000000006553,97111.60623605612,0.006984232125165935,25760.262944561102,ok,2713.0,1.020780|1.750533
2138,25723.0,0.6635704628738921,104.0,524.7681162207024,0.09909138606685147,25717.84724792452,ok,208.0,1.020928|1.750533
2139,25716.0,0.39233191085882113,86.00000000000003,5.276955383345239,1.0000158052179284,25635.275762942783,ok,172.0,1.020939|1.750533
2140,25642.0,0.26728726469268016,1002.5000000004837,40127.34002499739,0.012491483354939235,25635.738643968336,ok,2005.0,1.020907|1.750533
2141,25592.0,0.2622558624633814,739.0000000000002,15900.276294651183,0.023238589893201985,25583.413341034462,ok,1478.0,1.020711|1.750533
2142,25577.0,0.1667106040089946,704.5,12829.93250804009,0.027455327592663226,25567.328860855487,ok,1409.0,1.020804|1.750533
2143,25597.0,0.09188750907354384,11207.0,2163550.622111673,0.002589955577064733,25582.48718392392,ok,22414.0,1.020820|1.750533
2144,25597.0,0.06881651356223585,19303.000000000004,4032773.527299509,0.00239326605738334,25573.901392647167,ok,38606.0,1.020820|1.750533
2145,25501.0,0.575769567376491,139.5,1109.5398201376477,0.06286389973038276,25496.61524299381,ok,279.0,1.020796|1.750533
2146,25501.0,0.40231110343395415,154.0,430.04405917925044,0.17905142125892026,25487.213040563063,ok,308.0,1.020796|1.750533
2147,25555.0,0.07584343369681759,4066.500000000012,130565.75201037242,0.015572613558251326,25523.336983482688,ok,8133.0,1.020777|1.750533
2148,25493.0,0.27423458741809414,164.00000000005912,1650.8594230200083,0.0496710978879246,25488.92696997319,ok,328.0,1.020737|1.750533
2149,25493.0,0.22944302595574645,540.0,16744.86494486797,0.016124346233246305,25488.64642651702,ok,1080.0,1.020737|1.750533
2150,25493.0,0.28402782141805927,353.0,8700.577131485952,0.02028601060971871,25489.419519127387,ok,706.0,1.020737|1.750533
2151,25493.0,0.25575285517491053,502.5000000002582,17016.619905136744,0.01476497691085438,25489.290299551147,ok,1005.0,1.020737|1.750533
2152,25493.0,0.214785702348813,406.0000000002247,6434.7582312859595,0.03154741681095665,25486.595874387374,ok,812.0,1.020737|1.750533
2153,25462.0,0.5516858013571873,90.0000000000339,86.0110848310647,0.5231883784328722,25438.45652297051,ok,180.0,1.020688|1.750533
2154,25400.0,0.24511420112612167,1932.5000000008142,68962.18195789738,0.014011302609165117,25386.46157885389,ok,3865.0,1.020742|1.750546
2155,25364.0,0.2289557268322917,2009.5000000007954,128572.29607838827,0.007814669494490627,25356.14821082541,ok,4019.0,1.020736|1.750546
2156,25330.0,0.2236377468827999,1491.5,36631.308750660755,0.020358267979888874,25314.817821654,ok,2983.0,1.020759|1.750493
2157,25330.0,0.1870036637579559,1681.5000000010346,38345.07787226232,0.021925891057029006,25311.565807093793,ok,3363.0,1.020759|1.750493
2158,25330.0,0.2297341511543893,1797.000000001275,66161.10418207443,0.013580486769507023,25317.79793263759,ok,3594.0,1.020759|1.750493
2159,25330.0,0.1948795239222182,1656.0000000009684,43066.632358469884,0.01922602150798638,25314.080854191376,ok,3312.0,1.020759|1.750493
2160,25330.0,0.18084291465548985,1257.000000000638,23265.354358076307,0.027014417675617405,25313.021438490865,ok,2514.0,1.020759|1.750493
2161,25330.0,0.21249765439383894,1927.500000001213,59897.48221765254,0.0160899918380305,25314.49327036609,ok,3855.0,1.020759|1.750493
2162,25330.0,0.19005530483079985,1432.5000000006423,28281.10737293357,0.025326094574564223,25311.86018476096,ok,2865.0,1.020759|1.750493
2163,25330.0,0.1848651413988281,1264.0000000000005,27350.740958533286,0.023107235045594608,25315.396227451187,ok,2528.0,1.020759|1.750493
2164,25299.0,0.2563427377092388,1097.0,39327.95150656573,0.013946823543769598,25291.35016728624,ok,2194.0,1.020764|1.750493
2165,25299.0,0.24850355049167888,1109.0,35538.22484571687,0.015602917771139865,25290.348182095902,ok,2218.0,1.020764|1.750493
2166,25273.0,0.3471552478953891,663.0000000000005,37501.254506167745,0.008839704280972232,25270.06963803086,ok,1326.0,1.020789|1.750493
2167,25260.0,0.35169547099632326,194.5000000000035,608.29362925164,0.15987344815635277,25244.452307166794,ok,389.0,1.020765|1.750493
2168,25540.0,0.03270636226914754,54533.500000000044,4798897.104499543,0.005681878441284803,25385.073641011095,ok,109067.0,1.020886|1.750837
2169,25172.0,0.4405353669812216,52.000000000001144,121.01860538511302,0.21484299804366228,25166.414082050866,ok,104.0,1.020918|1.750830
2170,25172.0,0.3485830375608283,254.00000000000614,3029.5759154276225,0.0419200586304097,25166.67615255394,ok,508.0,1.020918|1.750830
2171,25172.0,0.44789732399847465,202.00000000011116,3972.28974343521,0.025426141224207742,25169.431959736354,ok,404.0,1.020918|1.750830
2172,25172.0,0.3238816843881173,206.0,1361.9066933996535,0.07562926336964151,25164.21018587293,ok,412.0,1.020918|1.750830
2173,25138.0,0.20745233668521942,1754.0,67446.96068422229,0.013002809779761575,25126.59653582315,ok,3508.0,1.020905|1.750830
2174,25104.0,0.1980331700066782,3035.5000000000005,292053.81239059806,0.005196816256485411,25096.112532126717,ok,6071.0,1.020903|1.750830
2175,25104.0,0.2596573420844031,3767.5000000000005,704523.0015712485,0.002673794887886987,25098.963238879944,ok,7535.0,1.020903|1.750830
2176,25104.0,0.213345345678644,3795.500000000001,506206.3433978154,0.003748965268316688,25096.88540116205,ok,7591.0,1.020903|1.750830
2177,25104.0,0.2404491176361999,4234.5,907417.788357909,0.00233326922522804,25099.059885732888,ok,8469.0,1.020903|1.750830
2178,25087.0,0.2674224428472526,1019.5000000000002,75305.05202270875,0.006769134159103715,25083.549433862398,ok,2039.0,1.020872|1.750761
2179,25087.0,0.2322344158346942,1164.5,67184.4787897522,0.008666436213966906,25081.953967514415,ok,2329.0,1.020872|1.750761
2180,25087.0,0.22851865806480398,1244.0,74738.89900258464,0.008322306165876084,25081.823525564825,ok,2488.0,1.020872|1.750761
2181,25087.0,0.2237327273305246,1325.0,86322.46352794846,0.007674711458918264,25081.915503658467,ok,2650.0,1.020872|1.750761
2182,25087.0,0.23124734788379817,1272.5000000000002,84327.07791825535,0.007545026054581965,25082.19947717277,ok,2545.0,1.020872|1.750761
2183,25087.0,0.20740249443273015,957.0000000004102,42504.124312478605,0.011257731049401348,25081.61317569286,ok,1914.0,1.020906|1.750761
2184,25087.0,0.20463489935961504,850.5,31406.593214484878,0.013540150537686226,25081.24205098385,ok,1701.0,1.020906|1.750761
2185,25087.0,0.21388248575801008,520.0000000000013,11865.070901161054,0.021913059109875052,25081.30260463143,ok,1040.0,1.020906|1.750761
2186,25087.0,0.176016414291102,852.5,22001.93252464926,0.01937329821016688,25078.74213163792,ok,1705.0,1.020906|1.750761
2187,25087.0,0.18045533545672393,1016.5000000004279,34022.13720255978,0.01493880284398988,25079.40735345454,ok,2033.0,1.020906|1.750761
2188,25054.0,1.280230068073562,40.000000000000036,7.86091239143127,1.0000000667598394,25021.860910770625,ok,80.0,1.020875|1.750761
2189,25014.0,0.26435313877573147,3305.0,477918.8883574293,0.0034576997064910244,25008.28615123502,ok,6610.0,1.020855|1.750761
2190,25014.0,0.2033343279670346,4050.5000000017703,492467.65225868835,0.004112452849871735,25005.671254865796,ok,8101.0,1.020855|1.750761
2191,24994.0,0.26129911381216886,905.5,22851.1658490124,0.019812993481011707,24985.029667201474,ok,1811.0,1.020851|1.750761
2192,24937.0,0.3188355252387863,487.5000000000001,16450.225308249,0.014817426231710706,24933.38825235602,ok,975.0,1.020923|1.750761
2193,24906.0,0.34958291635572375,147.0,1970.799395376113,0.03729451113717896,24903.25885343142,ok,294.0,1.020951|1.750761
2194,24906.0,0.2974715457112225,70.50000000003358,282.05597938358665,0.12497519136822828,24901.59462450427,ok,141.0,1.020951|1.750761
2195,24978.0,0.076476559702056,4227.000000000045,132618.24431998277,0.015936721307368132,24944.317739516875,ok,8454.0,1.021092|1.750761
2196,24978.0,0.06643331888716758,3746.0000000027567,98145.84279738054,0.019083844476919277,24942.255959294704,ok,7492.0,1.021092|1.750761
2197,24901.0,0.33337200829296154,113.5,307.5980835673104,0.18449399730275506,24890.529965653066,ok,227.0,1.021055|1.750761
2198,24874.0,0.5257895379818386,63.50000000003594,6.472948773871366,1.0224434023669884,24815.841603176337,ok,127.0,1.021074|1.750761
2199,24803.0,0.27982335351865206,2360.5,118267.83510152757,0.009979467358870727,24791.22173364969,ok,4721.0,1.021084|1.750782
2200,24776.0,0.27518331125424783,1822.5000000007567,125095.65536738587,0.007284425644713106,24769.362067131253,ok,3645.0,1.021071|1.750782
2201,24776.0,0.25449698838481055,1871.0000000007092,116280.58663338667,0.008045195050054488,24768.473720030674,ok,3742.0,1.021071|1.750782
2202,24776.0,0.29451121230917,1996.5,211094.323445104,0.0047289286784615945,24771.279346946725,ok,3993.0,1.021071|1.750782
2203,24776.0,0.25415225436911926,1918.5,126856.647243237,0.007561684947898066,24768.74645371373,ok,3837.0,1.021071|1.750782
2204,24724.0,0.16669877523611412,817.0,8133.400619410611,0.05022499433079715,24703.48308981587,ok,1634.0,1.021057|1.750782
2205,24724.0,0.24498435920161674,656.5000000000001,12000.053723586068,0.02735404420355433,24715.021034990183,ok,1313.0,1.021057|1.750782
2206,24724.0,0.20805268778892136,885.0000000000002,11774.334220721745,0.0375817427724483,24707.37007882319,ok,1770.0,1.021057|1.750782
2207,24724.0,0.19868730164792497,790.5000000003362,12058.288302429773,0.03277828412184541,24711.044383200835,ok,1581.0,1.021057|1.750782
2208,24774.0,0.13696766659113246,1150.5,18808.384002285802,0.030584764748002237,24756.406114078713,ok,2301.0,1.021045|1.750782
2209,24768.0,0.13624414384004363,307.0000000001448,1774.9040511888304,0.08648354816546738,24754.724775356597,ok,614.0,1.021056|1.750782
2210,24768.0,0.12227573482545935,1657.500000000757,29649.736819620284,0.02795134422414047,24744.835323474235,ok,3315.0,1.021056|1.750782
2211,24768.0,0.14750416526615628,1230.0000000005684,29723.506048991272,0.02069069506762159,24755.275222533404,ok,2460.0,1.021056|1.750782
2212,24768.0,0.1367861608028511,1199.0000000005061,23059.466333668235,0.02599799975097196,24752.414199149283,ok,2398.0,1.021056|1.750782
2213,24734.0,0.2966174200501753,428.00000000034186,9209.999403073636,0.023235614969611518,24729.027578396497,ok,856.0,1.021004|1.750782
2214,24734.0,0.25594312072052794,223.00000000000108,2212.170271143481,0.050402991783433417,24728.380066416146,ok,446.0,1.021004|1.750782
2215,24734.0,0.30586737688640747,288.5,2102.2466641669425,0.06861706690216676,24724.101988099363,ok,577.0,1.021004|1.750782
2216,24734.0,0.2411605394711981,310.0,2532.091724098375,0.061214212157022975,24724.51179711566,ok,620.0,1.021004|1.750782
2217,24699.0,0.2826232315571293,287.00000000000523,4374.843409132493,0.032801174026125396,24694.293031527253,ok,574.0,1.021005|1.750782
2218,24699.0,0.27081079203517605,266.0,2256.2241123464464,0.05894804477631505,24691.15991004475,ok,532.0,1.021005|1.750782
2219,24699.0,0.2544435948366449,313.5,5301.264861143207,0.029568415105786127,24694.365150932168,ok,627.0,1.021005|1.750782
2220,24665.0,0.43154408867239347,60.00000000001399,108.69108089411631,0.27601160788190265,24656.71965176354,ok,120.0,1.020977|1.750782
2221,24647.0,0.38222001925089616,688.0000000000001,105809.13683671335,0.0032511370027606154,24645.88160887105,ok,1376.0,1.020988|1.750782
2222,24647.0,0.37701959860296397,1804.5,472079.0575079018,0.0019112264898234717,24645.275595899555,ok,3609.0,1.020988|1.750782
2223,24647.0,0.3568528743518764,1513.5000000000005,283651.9347985107,0.0026678823838714514,24644.981080006008,ok,3027.0,1.020988|1.750782
2224,24647.0,0.3076670625266786,927.5000000003738,90399.10926291117,0.005130028423747463,24644.620949318487,ok,1855.0,1.020988|1.750782
2225,24647.0,0.3841950980410729,1301.000000000004,245607.84771139084,0.002648531006079221,24645.277130580544,ok,2602.0,1.020988|1.750782
2226,24647.0,0.3194446699824173,1390.5,227474.2111503199,0.003056390421068715,24644.875044559754,ok,2781.0,1.020988|1.750782
2227,24647.0,0.5130151399759627,1214.5000000000055,455738.4446531723,0.0013324528731872387,24646.190867992755,ok,2429.0,1.020988|1.750782
2228,24639.0,0.4556262835159908,49.00000000002376,98.60431565506133,0.2484678265575925,24632.912538249337,ok,98.0,1.020969|1.750746
2229,24618.0,0.36779883744048153,46.50000000000001,84.80294950619219,0.274164992319074,24611.625663928582,ok,93.0,1.020973|1.750746
2230,24618.0,0.53535013168249,60.5,83.76173828551376,0.36114341248373555,24607.075411772366,ok,121.0,1.020973|1.750746
2231,24605.0,0.4888756986533197,190.0,3424.8578983197413,0.02773837712992637,24602.364854172654,ok,380.0,1.020982|1.750746
2232,24590.0,0.8418084932161902,29.50000000001389,36.46993560927936,0.40444272120551744,24584.034469862214,ok,59.0,1.021020|1.750746
2233,24585.0,0.29773122193432994,294.0000000000001,5332.939773373304,0.027564534055672732,24580.948013493817,ok,588.0,1.020994|1.750746
2234,24585.0,0.24127620708279288,444.0,11197.78470973465,0.019825349902200494,24580.59877232171,ok,888.0,1.020994|1.750746
2235,24552.0,1.0566672363346385,13.000000000004988,125.45800308503787,0.05181016627210835,24551.66323391923,ok,26.0,1.021323|1.750746
2236,24552.0,0.46518096768990813,30.000000000022965,69.46699054443928,0.21592989537117938,24548.761051569432,ok,60.0,1.021323|1.750746
2237,24539.0,0.5245199462237797,152.50000000005883,1382.0427617703017,0.05517195423270291,24534.793138489753,ok,305.0,1.021314|1.750744
2238,24539.0,0.23831212639184066,127.0,336.7629008017834,0.18855996265864128,24527.026442371174,ok,254.0,1.021314|1.750744
2239,24539.0,0.15024054129862827,235.50000000000003,936.8232339400861,0.1256907341044134,24524.199916059206,ok,471.0,1.021314|1.750744
2240,24571.0,0.12606371899326815,8289.50000000685,2368058.4377430636,0.0017502735295475567,24563.7455537884,ok,16579.0,1.021353|1.750744
2241,24544.0,0.5184754098011726,16.5,45.13444493356302,0.18278722630008704,24542.492005383025,ok,33.0,1.021305|1.750741
2242,24544.0,0.6846518546995969,41.50000000002196,3.0133672672497767,1.0004236350416431,24505.498340089733,ok,83.0,1.021305|1.750741
2243,24491.0,0.1685409274343588,5287.500000003114,1254751.5167886526,0.002106990877977049,24485.429642866347,ok,10575.0,1.021363|1.750741
2244,24491.0,0.1895436274286887,4881.0,812485.3162342786,0.0030037465923830756,24483.66935644129,ok,9762.0,1.021363|1.750741
2245,24491.0,0.20538039287954354,5314.500000002621,1120892.8362102765,0.002370654815660556,24484.700577491083,ok,10629.0,1.021363|1.750741
2246,24491.0,0.22898392768595638,6345.000000000002,1888658.9977208674,0.001679763262626236,24485.67095104932,ok,12690.0,1.021363|1.750741
2247,24473.0,0.24553233554243967,1192.0000000004597,33233.91724105342,0.017933486313915437,24462.311642156903,ok,2384.0,1.021335|1.750718
2248,24442.0,0.2757264218011492,351.50000000000006,1956.9360922481223,0.08980875803567961,24426.21611077523,ok,703.0,1.021202|1.750718
2249,24403.0,0.23335110821559588,488.00000000000006,3403.953204615589,0.07168136144443711,24385.509747807555,ok,976.0,1.021229|1.750756
2250,24377.0,0.3914872607258403,280.0,1932.5538921419038,0.07244299916771484,24366.857980116518,ok,560.0,1.021187|1.750756
2251,24363.0,0.22831257958794593,953.0,18329.11962770858,0.025996884175476888,24350.612484690388,ok,1906.0,1.021153|1.750756
2252,24363.0,0.2565121564416228,493.00000000000006,6173.51844781836,0.039928608310405206,24353.157598051483,ok,986.0,1.021153|1.750756
2253,24311.0,0.2854391127362649,166.50000000000003,583.4277794056225,0.14269118293409416,24299.120959020736,ok,333.0,1.021088|1.750758
2254,24311.0,0.31101824542966683,302.00000000013,2292.4026947469447,0.06586975331432059,24301.053667249533,ok,604.0,1.021088|1.750758
2255,24311.0,0.31421413022474864,178.0,594.1282178665331,0.1497993149014061,24297.667860973776,ok,356.0,1.021088|1.750758
2256,24286.0,0.4351361527354535,147.0,449.4181678948423,0.16354479024354437,24273.9794579171,ok,294.0,1.021108|1.750770
2257,24251.0,0.2449648802668629,291.00000000000097,1720.283170413015,0.08457909866377875,24238.69374114442,ok,582.0,1.021109|1.750949
2258,24251.0,0.2949979872805624,366.5,5053.769489384976,0.036260062985639024,24244.355343457883,ok,733.0,1.021109|1.750949
2259,24217.0,0.36437132998470184,482.000000000244,15213.328635618152,0.0158413721133902,24213.18222932067,ok,964.0,1.021052|1.750949
2260,24217.0,0.43675668528788997,345.5,10471.857609424711,0.016496595584390334,24214.150213112796,ok,691.0,1.021052|1.750949
2261,24217.0,0.32780705202743043,391.0,8256.457695112538,0.02367843537982729,24212.370865883244,ok,782.0,1.021052|1.750949
2262,24217.0,0.2782802251319835,383.0000000001428,9018.985595634045,0.0212329865670008,24212.933883072415,ok,766.0,1.021052|1.750949
2263,24217.0,0.3392314797606842,314.00000000000006,6715.711140603427,0.023378015628273893,24213.32965154636,ok,628.0,1.021052|1.750949
2264,24208.0,0.49233942820322496,118.00000000000001,1307.6489263790304,0.04511914383883987,24205.33797051351,ok,236.0,1.021071|1.750949
2265,24208.0,0.5688059543639924,50.0000000000004,70.99594927057723,0.35213276612051614,24199.196680846988,ok,100.0,1.021071|1.750949
2266,24201.0,0.37654835865918024,138.5000000000673,1252.662224505455,0.05528226096813386,24197.171703427957,ok,277.0,1.021070|1.750949
2267,24201.0,0.9138383235396829,445.00000000000017,76767.12776192666,0.0028983759909583452,24200.355111342014,ok,890.0,1.021070|1.750949
2268,24201.0,0.3198728329912157,176.5000000000018,1898.162065648714,0.0464923420381603,24196.897050815132,ok,353.0,1.021070|1.750949
2269,24170.0,0.3720854985184186,107.50000000006459,247.8431450502456,0.21687103748274128,24158.343181735298,ok,215.0,1.021051|1.750949
2270,24145.0,0.23835825948276218,1759.0,206970.17176311562,0.0042494046002272134,24141.262648654098,ok,3518.0,1.021057|1.750949
2271,24145.0,0.18592203246787112,2293.5,230176.4980694379,0.004982046427928786,24139.286838258773,ok,4587.0,1.021057|1.750949
2272,24145.0,0.19615778464280265,2271.500000001196,247649.2385909077,0.004586123528838083,24139.79131020212,ok,4543.0,1.021057|1.750949
2273,24145.0,0.17352845451127713,2072.500000001246,169724.88772434348,0.006105468761208641,24138.67320799619,ok,4145.0,1.021057|1.750949
2274,24145.0,0.20293509332418413,2781.5,374038.7834453238,0.0037181973141651413,24139.828917085324,ok,5563.0,1.021057|1.750949
2275,24145.0,0.17441251039597003,2603.500000001536,267556.512876276,0.0048653272761210115,24138.666560218306,ok,5207.0,1.021057|1.750949
2276,24124.0,0.537446785639942,63.50000000000001,377.76650167091157,0.08404662631431195,24121.331519614523,ok,127.0,1.021068|1.750949
2277,24113.0,0.1484268760825771,329.5,2048.050211714859,0.08044236369676341,24099.747120580956,ok,659.0,1.021068|1.750949
2278,24113.0,0.15665786263636267,574.0000000000001,6119.77532067231,0.0468971465391103,24099.540518943275,ok,1148.0,1.021068|1.750949
2279,24042.0,0.4757571935260023,149.0000000001069,2177.794175032293,0.034208926102462706,24039.451435005365,ok,298.0,1.021068|1.750949
2280,24025.0,0.2649265346912412,346.5,5870.830632158048,0.029510304564230865,24019.887339734247,ok,693.0,1.021116|1.750957
2281,24025.0,0.2946588531021387,390.5,11099.58141742135,0.01759075343990408,24021.56540539086,ok,781.0,1.021116|1.750957
2282,23980.0,0.6159728665232463,38.000000000000014,32.64718201324723,0.5819797859518284,23968.942384066915,ok,76.0,1.021093|1.750957
2283,23934.0,0.2385949472753763,1338.500000000468,44599.853871975676,0.015005654545894314,23923.95746569516,ok,2677.0,1.021059|1.750957
2284,23934.0,0.19060540677270893,2309.0,149417.0575801204,0.007726694787714811,23925.07953086758,ok,4618.0,1.021059|1.750957
2285,23892.0,0.230602239287964,483.00000000000006,6348.208259312945,0.03804223020656495,23882.812801405114,ok,966.0,1.021022|1.750957
2286,23892.0,0.3018760793063258,702.0,15091.736762189068,0.02325776055671721,23883.83652604459,ok,1404.0,1.021022|1.750957
2287,23892.0,0.27007066518882955,797.5000000003363,24323.113593853916,0.016393871551910452,23885.46294371867,ok,1595.0,1.021022|1.750957
2288,23954.0,0.1358471215220179,1414.0000000000057,27507.693960908073,0.02570190002130821,23935.828756684936,ok,2828.0,1.020908|1.750957
2289,23954.0,0.1089516949352057,2464.5000000000005,72731.3329111264,0.01694249164257364,23933.12261467344,ok,4929.0,1.020908|1.750957
2290,23954.0,0.11367698987441553,2099.0000000000023,53630.41279990747,0.01956912030335541,23933.462208241628,ok,4198.0,1.020908|1.750957
2291,23865.0,0.34869296627056,261.5,4778.3532912771925,0.027362983025696747,23861.422289969392,ok,523.0,1.020873|1.750957
2292,23865.0,0.27289628329055937,547.0,20785.858825277035,0.013157984103471595,23861.401291347698,ok,1094.0,1.020873|1.750957
2293,23837.0,0.4210261508050933,122.00000000000004,1283.5973103134759,0.04752269228820899,23834.10111577042,ok,244.0,1.020871|1.750957
2294,24153.0,0.0354183033927597,48145.0,4251262.1537391795,0.005662436031809315,24016.691008624268,ok,96290.0,1.020946|1.750964
2295,23927.0,0.04349806149820142,17999.500000000007,1357275.5703147324,0.006630746325090853,23867.324940760765,ok,35999.0,1.020896|1.750964
2296,23779.0,0.2876466641919856,188.00000000008305,1314.2881137376394,0.07152160855561536,23772.27696879577,ok,376.0,1.020862|1.750861
2297,23755.0,0.346454422211912,212.0000000000847,3879.893365915939,0.027320338474049424,23752.104044121752,ok,424.0,1.020819|1.750861
2298,23746.0,0.47728214708316324,114.00000000000003,265.0437979145038,0.2150587957481153,23733.741648642357,ok,228.0,1.020787|1.750858
2299,23720.0,0.23524002215185372,835.0000000000207,39158.772447918745,0.010661723386637982,23715.548730486076,ok,1670.0,1.020807|1.750858
2300,23720.0,0.23353369724628537,997.0,48033.0439908674,0.010378272093161129,23714.826431361562,ok,1994.0,1.020807|1.750858
2301,23720.0,0.20944606883138753,939.0,44463.84700387854,0.010559140327175153,23715.04248361639,ok,1878.0,1.020807|1.750858
2302,23720.0,0.20164456780254109,1121.0,52316.111654931454,0.010713716716887652,23713.994961780187,ok,2242.0,1.020807|1.750858
2303,23720.0,0.22970594485170026,1157.0,71324.8467367824,0.008110778031320551,23715.30791490888,ok,2314.0,1.020807|1.750858
2304,23657.0,0.5075030838699693,174.50000000000358,6660.9914222226125,0.013098650706697437,23655.857142725843,ok,349.0,1.020825|1.750858
2305,23657.0,0.3238270918109908,178.50000000000006,1191.7156634413618,0.07489202562150561,23650.31588671328,ok,357.0,1.020825|1.750858
2306,23631.0,0.43966653185098453,197.5,4280.100416172269,0.02307188860029433,23628.72165100072,ok,395.0,1.020865|1.750861
2307,23883.0,0.04830933277442325,10629.000000000004,331052.64541866636,0.01605333796163752,23797.684535402877,ok,21258.0,1.020797|1.750861
2308,23883.0,0.040332804945029714,3169.5000000000528,24459.883338532094,0.06478976118024002,23780.324425969615,ok,6339.0,1.020797|1.750861
2309,23649.0,0.16875321905392904,625.5,12120.742021931848,0.025802875717847576,23640.930150619242,ok,1251.0,1.020842|1.751026
2310,23649.0,0.12981138375142487,1707.0000000012888,57444.23804455773,0.014857887040622084,23636.318793410817,ok,3414.0,1.020842|1.751026
2311,23649.0,0.14544224881815937,1419.0,46729.687111083134,0.015183067635642783,23638.227613512514,ok,2838.0,1.020842|1.751026
2312,23649.0,0.16093757192409971,1167.5,43416.44171168091,0.013445367169344646,23641.151266914894,ok,2335.0,1.020842|1.751026
2313,23649.0,0.13670522661191983,1777.5000000008768,59323.60538602933,0.01498138884542136,23635.685290663623,ok,3555.0,1.020842|1.751026
2314,23649.0,0.11997893400831117,1563.0000000000002,33388.441313368436,0.0234063037763639,23630.70797359877,ok,3126.0,1.020842|1.751026
2315,23649.0,0.14122592059675382,1551.0000000000002,63711.345569660814,0.012172086353945902,23639.560547032517,ok,3102.0,1.020842|1.751026
2316,23649.0,0.12504175550467156,1969.5000000000662,66280.38108977508,0.014857337628554283,23634.36923677028,ok,3939.0,1.020842|1.751026
2317,23649.0,0.14834386649333714,1793.0000000008386,69792.43413015928,0.012845231881846865,23637.48424961792,ok,3586.0,1.020842|1.751026
2318,23611.0,0.290885058153685,249.00000000000006,1663.0624983011799,0.07486188891107635,23601.67969483057,ok,498.0,1.020863|1.751026
2319,23611.0,0.343890437786134,241.5,3618.6276208360755,0.03336900412319878,23606.970692752126,ok,483.0,1.020863|1.751026
2320,23611.0,0.3023555638980303,217.00000000010164,4029.6378252879067,0.026925496708205727,23608.07858360716,ok,434.0,1.020863|1.751026
2321,23611.0,0.2503625816469104,232.00000000015092,2571.2876005613816,0.04511358432823676,23605.76682421792,ok,464.0,1.020863|1.751026
2322,23611.0,0.28111937170187706,446.0,10372.831423317686,0.021498469501654623,23606.20584130113,ok,892.0,1.020863|1.751026
2323,23556.0,0.49899248716492345,36.500000000000426,10.121824176413782,1.0353941500507708,23529.059124500243,ok,73.0,1.020859|1.751026
2324,23512.0,0.31603056596425544,729.0000000000001,19949.450894423728,0.01827117958930314,23505.3401550397,ok,1458.0,1.020788|1.751026
2325,23512.0,0.34183919271514956,1490.5000000000002,142278.8967615464,0.005237951776144347,23508.096416438828,ok,2981.0,1.020788|1.751026
2326,23512.0,0.36832615383488365,1174.0,129469.10745782303,0.004533900105793393,23509.338600637897,ok,2348.0,1.020788|1.751026
2327,23512.0,0.2945655285193888,1286.0,66393.77030067447,0.009684643560503869,23505.7727741906,ok,2572.0,1.020788|1.751026
2328,23486.0,0.40237562780911956,902.0,106613.82124298457,0.004230220760703451,23484.092170436925,ok,1804.0,1.020799|1.751026
2329,23486.0,0.3807084811317059,899.0000000000001,111571.4488789347,0.004028808485652535,23484.189050585697,ok,1798.0,1.020799|1.751026
2330,23486.0,0.3044753274886733,1475.0000000000023,268263.0252873112,0.0027491675351462787,23483.97248894283,ok,2950.0,1.020799|1.751026
2331,23486.0,0.49903358960817734,1461.5,410725.67534119834,0.0017791680527226618,23484.699872945475,ok,2923.0,1.020799|1.751026
2332,23486.0,0.4427771301533698,973.0000000000141,186262.71576784298,0.0026119022156123745,23484.729309572107,ok,1946.0,1.020799|1.751026
2333,23486.0,0.3866402794962435,1133.5000000004463,192959.82795390632,0.0029371398493141625,23484.3353759904,ok,2267.0,1.020799|1.751026
2334,23486.0,0.33468032576856355,1110.00000000047,153399.26446187447,0.0036180095253205958,23483.992004713444,ok,2220.0,1.020799|1.751026
2335,23486.0,0.3718022799659406,1422.5000000004568,320332.9255623857,0.002220346218708356,23484.42077875194,ok,2845.0,1.020799|1.751026
2336,23486.0,0.3284280222385175,1152.5000000004986,174693.39099672792,0.003298636523754025,23484.099160703186,ok,2305.0,1.020799|1.751026
2337,23486.0,0.41888422610269604,1309.0000000004106,259719.119511485,0.002520030104950601,23484.350640296307,ok,2618.0,1.020799|1.751026
2338,23475.0,0.3726848075230777,183.0,1055.5897221646264,0.0866814047908378,23467.06865146164,ok,366.0,1.020796|1.751014
2339,23559.0,0.05645866248713968,19918.500000014545,2292187.935604931,0.004344866249973926,23515.728390799915,ok,39837.0,1.020870|1.751021
2340,23559.0,0.048990505154496655,19811.000000016615,2079791.6119953585,0.004762736777510579,23511.822710850327,ok,39622.0,1.020870|1.751021
2341,23457.0,0.7203102232608295,44.5,130.78729127224707,0.17012356310434137,23453.214750720927,ok,89.0,1.020854|1.751021
2342,23457.0,0.5543978318413684,80.50000000007778,1053.1019497514744,0.03822042111833298,23455.461628049983,ok,161.0,1.020854|1.751021
2343,23457.0,0.41874473194849354,169.5000000000678,657.1847440621372,0.128959171322487,23446.070710230415,ok,339.0,1.020854|1.751021
2344,23401.0,0.19081425520172277,716.5,20364.091034137255,0.017592241136589363,23394.697579612817,ok,1433.0,1.020871|1.751021
2345,23401.0,0.17031198615228785,1781.5,123819.7805063807,0.007193923267810168,23394.592012849196,ok,3563.0,1.020871|1.751021
2346,23369.0,0.6584999273736366,39.0,63.638187750790394,0.30641978801097786,23363.024814133783,ok,78.0,1.020982|1.751021
2347,23361.0,0.22933118914624034,321.50000000010334,4068.8331300340074,0.039507641346478155,23354.64914665355,ok,643.0,1.021010|1.751021
2348,23361.0,0.211575467997716,439.00000000031605,6898.662706395902,0.03181776082437756,23354.016001499043,ok,878.0,1.021010|1.751021
2349,23361.0,0.23411144031092357,513.5000000002634,8731.368033722585,0.029405472201893584,23353.45014501216,ok,1027.0,1.021010|1.751021
2350,23361.0,0.46996506719386355,233.00000000000003,3278.938260496614,0.03552979371510198,23356.86077903219,ok,466.0,1.021010|1.751021
2351,23361.0,0.25100429822693077,266.00000000000045,2854.6106084241446,0.0465912932599313,23354.80335799643,ok,532.0,1.021010|1.751021
2352,23315.0,0.5486853400203541,59.0000000000243,121.8748728750677,0.24205153452961717,23307.85947973137,ok,118.0,1.021013|1.751021
2353,23403.0,0.053382192621492755,22501.500000000022,2681189.0689930455,0.0041961792736330125,23355.789836037173,ok,45003.0,1.021042|1.751021
2354,23403.0,0.049094283356290125,36160.0,6695864.313795317,0.002700174190022077,23354.180850644403,ok,72320.0,1.021042|1.751021
2355,23291.0,0.28474804574994045,427.00000000018474,13553.244585419005,0.015752685539946812,23287.636801637218,ok,854.0,1.021024|1.751000
2356,23291.0,0.25984934206117105,298.50000000000006,6032.216200893727,0.024742150319129363,23287.307234064872,ok,597.0,1.021024|1.751000
2357,23255.0,0.42343044497094984,42.0,13.719888456995676,1.0396818277036772,23226.16371618054,ok,84.0,1.021020|1.751000
2358,23232.0,0.20591925364397926,761.5000000000001,10193.29318448769,0.037352992120292514,23217.777848250196,ok,1523.0,1.020948|1.751000
2359,23165.0,0.26463344159191454,251.5,2807.874384650839,0.04478476697084763,23159.368315553416,ok,503.0,1.020965|1.751000
2360,23128.0,0.5563278936791223,58.5,63.941050138483405,0.45745260574623664,23114.619511281922,ok,117.0,1.020916|1.751000
2361,23128.0,0.6687066779840619,72.50000000000003,32.563324041665,1.0079257104315997,23088.006930516072,ok,145.0,1.020916|1.751000
2362,23081.0,0.2641442883774065,1951.0000000000005,108821.18594327649,0.008964247095308112,23072.255376958525,ok,3902.0,1.020884|1.751000
2363,23081.0,0.23115903153294945,2349.500000001108,103773.45781910427,0.011320332045293835,23067.701439929784,ok,4699.0,1.020884|1.751000
2364,23060.0,0.24814823369931394,1686.500000000005,81368.6375177302,0.010363329480799757,23051.261122415315,ok,3373.0,1.020998|1.751000
2365,23060.0,0.19928382191605212,2592.0,142127.11109055957,0.009118598063772814,23048.18229690935,ok,5184.0,1.020998|1.751000
2366,23060.0,0.2392342496045986,2056.0,106981.79483973442,0.009609111545941157,23050.121833330773,ok,4112.0,1.020998|1.751000
2367,23060.0,0.21919748567281688,2537.0,138221.3228524561,0.009177310517813928,23048.35858160815,ok,5074.0,1.020998|1.751000
2368,23058.0,0.22636414196530447,1048.5,36159.223614873044,0.014498375451412209,23050.399226669597,ok,2097.0,1.021007|1.751000
2369,23058.0,0.24181046574999546,960.0000000000055,46072.60929681601,0.010418337648464261,23052.999197928737,ok,1920.0,1.021007|1.751000
2370,22999.0,0.38481274448108876,185.0,620.5496408910467,0.14906140283504044,22985.211820237757,ok,370.0,1.020955|1.751000
2371,22979.0,0.167144651643913,149.00000000000003,130.28730799936372,0.571813180761735,22936.39991803325,ok,298.0,1.021003|1.751000
2372,22935.0,0.17645378332767356,1939.5000000000018,38078.581321946265,0.02546707273049308,22910.303306219605,ok,3879.0,1.020907|1.751000
2373,22886.0,0.14643748327374786,1909.0000000000023,52570.90876743569,0.01815642952307594,22868.66968802022,ok,3818.0,1.020925|1.751000
2374,22920.0,0.21888026820072734,3698.5,627938.7633492652,0.0029449527691785935,22914.554046091595,ok,7397.0,1.020967|1.751000
2375,22920.0,0.16996089680441015,4218.5,576569.2162444951,0.0036582771687650576,22912.28377888178,ok,8437.0,1.020967|1.751000
2376,22992.0,0.13722551412587078,1640.0,44950.83421379864,0.018242153106655428,22977.041434452545,ok,3280.0,1.020879|1.750999
2377,22992.0,0.12101338216345019,1705.0000000008927,30025.640821976773,0.02839239985101244,22967.795479127,ok,3410.0,1.020879|1.750999
2378,23022.0,0.07803866229394574,4664.000000000002,183194.72333743563,0.012729624290021564,22992.314516155668,ok,9328.0,1.020840|1.751069
2379,23022.0,0.07165475912767974,3812.500000002092,95609.78427986168,0.019937813000615253,22983.993543967554,ok,7625.0,1.020840|1.751069
2380,22919.0,0.2165062607475335,250.50000000000003,672.175470219566,0.1863352733759938,22895.661507009656,ok,501.0,1.020841|1.751069
2381,22875.0,0.16920895834819732,88.50000000000003,81.69749286797907,0.5416322881720106,22851.03277124839,ok,177.0,1.020786|1.751069
2382,22889.0,0.13517663195190605,4055.0000000023183,469109.84322151454,0.004322015470998697,22880.237113632546,ok,8110.0,1.020862|1.751073
2383,22889.0,0.08367142818528905,7831.0,798760.6885650848,0.004901968832534698,22869.80634103621,ok,15662.0,1.020862|1.751073
2384,22889.0,0.08432190539763681,8838.000000006115,1130718.4882056427,0.003908134558775675,22871.729953384758,ok,17676.0,1.020862|1.751073
2385,22806.0,0.36212145664463624,61.5,103.65810588429821,0.29664829139674553,22796.87806503955,ok,123.0,1.020857|1.751042
2386,22767.0,0.228455069573692,675.5,13345.884943504383,0.025307426328771653,22758.45241675746,ok,1351.0,1.020908|1.751042
2387,22817.0,0.0801116754445406,4833.5,190193.70933015083,0.012706781988277254,22786.29088462983,ok,9667.0,1.020847|1.751042
2388,22741.0,0.22809666936312056,1236.0000000000125,96193.2761298782,0.006424565467191234,22737.029618541274,ok,2472.0,1.020872|1.751042
2389,22741.0,0.17109442688884052,1665.0,91475.42078187325,0.009100805362624448,22733.423579535614,ok,3330.0,1.020872|1.751042
2390,22741.0,0.16659232025023968,1483.0,71200.96592774772,0.010414184559693314,22733.27788214899,ok,2966.0,1.020872|1.751042
2391,22698.0,0.5357275046140682,108.0,100.93412958619348,0.5350023844401044,22669.109871240234,ok,216.0,1.020864|1.751042
2392,22820.0,0.06937864406853157,29964.00000000064,2934984.4480950655,0.005104626707553527,22743.52248266743,ok,59928.0,1.020807|1.751076
2393,22739.0,0.06480142725771891,23278.5,2028734.848300715,0.005737196267786859,22672.22333834016,ok,46557.0,1.020860|1.751076
2394,22593.0,0.24471375112405028,9344.500000000004,1766178.871294914,0.002645400234334383,22580.640028755133,ok,18689.0,1.020884|1.751076
2395,22593.0,0.21290345189305487,8154.00000000358,869655.4591036572,0.004688063482294358,22573.886765182677,ok,16308.0,1.020884|1.751076
2396,22579.0,0.2702029173347812,6731.0,1316945.1695063487,0.0025555353995956745,22570.399345612663,ok,13462.0,1.020849|1.751076
2397,22556.0,0.19569783824379797,5767.000000000003,810851.1726857944,0.003556139643294763,22545.74587133856,ok,11534.0,1.020799|1.751076
2398,22556.0,0.1736769159832572,3919.5000000000005,168623.4858362922,0.01162204653925029,22533.223694294702,ok,7839.0,1.020799|1.751076
2399,22488.0,0.2838293352613611,3564.5,1002652.9203560625,0.0017775343429579666,22484.831989417264,ok,7129.0,1.020803|1.751093
2400,22475.0,0.2856323082642424,1643.0000000000002,113271.6873610507,0.007252474286725236,22469.042092373453,ok,3286.0,1.020787|1.751093
2401,22443.0,0.31763719088702724,1203.0000000000011,213029.24624023883,0.002823555969970775,22441.301631084065,ok,2406.0,1.020797|1.751093
2402,22443.0,0.26940586901748337,945.5000000004536,79331.20185008703,0.005959193721703438,22440.182791168063,ok,1891.0,1.020797|1.751093
2403,22443.0,0.2606126815735852,1145.5000000004989,104489.01260930936,0.005481437576042524,22439.86050662832,ok,2291.0,1.020797|1.751093
2404,22443.0,0.30925349112719414,1088.5000000004525,119200.28338387283,0.004565844849944882,22440.51503894042,ok,2177.0,1.020797|1.751093
2405,22443.0,0.2445140534457681,1073.5000000000002,86597.82105853289,0.0061981929041517335,22439.673119958694,ok,2147.0,1.020797|1.751093
2406,22443.0,0.26850687428981895,981.0000000000008,76465.27162937913,0.006414676748647589,22439.85360105479,ok,1962.0,1.020797|1.751093
2407,22443.0,0.2325108701738317,1033.000000000505,63713.317508281034,0.008106625430909656,22438.812927964933,ok,2066.0,1.020797|1.751093
2408,22443.0,0.2937751264619645,1101.5000000004768,130441.89240559078,0.0042221865218557125,22440.674630773086,ok,2203.0,1.020797|1.751093
2409,22443.0,0.27495890482201324,1136.0000000003947,96182.79528280915,0.005905422049027479,22439.645720276152,ok,2272.0,1.020797|1.751093
2410,22443.0,0.24413200645233843,1083.0000000005066,84651.97912755952,0.006396778971750716,22439.536144186794,ok,2166.0,1.020797|1.751093
2411,22527.0,0.09373001093476589,1500.500000000723,25244.446991074026,0.029719407213223414,22504.70301473827,ok,3001.0,1.020802|1.751093
2412,22513.0,0.13468586479547337,1172.5000000000055,14500.307197746832,0.040430177926926866,22489.29780819034,ok,2345.0,1.020830|1.751093
2413,22513.0,0.1265058653930233,1991.5000000000005,31429.469376894824,0.031682049354992275,22481.45259935477,ok,3983.0,1.020830|1.751093
2414,22445.0,0.22967299963865725,274.000000000048,2044.0487620261026,0.06702384138048977,22435.817733730873,ok,548.0,1.020675|1.751093
2415,22445.0,0.1659695396715631,378.5,3377.9587526647474,0.056024958815943986,22434.397276544085,ok,757.0,1.020675|1.751093
2416,22392.0,0.6439436604128053,31.5,62.47708014977968,0.2520924467379345,22388.02954396388,ok,63.0,1.020665|1.751093
2417,22387.0,0.2957158580132456,296.5,4697.077943348293,0.03156217584380143,22382.320907431156,ok,593.0,1.020660|1.751093
2418,22387.0,0.2307432173386195,473.0000000002111,6689.620478992008,0.03535327613020901,22378.6389501952,ok,946.0,1.020660|1.751093
2419,22387.0,0.22356184885252411,499.5,7489.27891645702,0.03334766975378587,22378.67141947899,ok,999.0,1.020660|1.751093
2420,22387.0,0.23109782714522842,503.0000000000001,8399.460469055952,0.02994239938702481,22379.46948655416,ok,1006.0,1.020660|1.751093
2421,22387.0,0.2710797246482449,761.0000000005325,15942.793436807708,0.023866582823672045,22377.918765235587,ok,1522.0,1.020660|1.751093
2422,22387.0,0.22313600963639146,469.0000000000001,6904.521662751286,0.033963250671670345,22379.03561771749,ok,938.0,1.020660|1.751093
2423,22387.0,0.29644457364541266,898.0000000000001,36315.269930446935,0.012363944997791572,22381.448588695992,ok,1796.0,1.020660|1.751093
2424,22387.0,0.21068099796338796,621.5000000000001,12441.632372866947,0.024976626111995737,22379.238513435695,ok,1243.0,1.020660|1.751093
2425,22352.0,0.24754288647827488,170.50000000008333,1851.2691226441252,0.04604949056692581,22348.07428092917,ok,341.0,1.020654|1.751093
2426,22352.0,0.6579717385747695,49.5,73.66183517305313,0.33599488720115417,22343.68412654177,ok,99.0,1.020654|1.751093
2427,22352.0,0.5380951554393144,75.0,160.4921995886579,0.23365621566725758,22343.23789191248,ok,150.0,1.020654|1.751093
2428,22352.0,0.3017595810664823,158.5,1314.8383374109142,0.06027356956753592,22347.22331961177,ok,317.0,1.020654|1.751093
2429,22339.0,0.3296541843746043,531.0000000000097,15229.50413545857,0.017433266220522974,22334.37146781845,ok,1062.0,1.020545|1.751093
2430,22339.0,0.3068152438754221,841.5,67490.5369789444,0.006234207324965647,22336.37695726802,ok,1683.0,1.020545|1.751093
2431,22324.0,0.31096478831611424,117.0,999.1869441513342,0.058547602470614094,22320.57496525547,ok,234.0,1.020513|1.751092
2432,22324.0,0.4204675376623219,50.000000000000014,76.82133590844765,0.3254304250813072,22315.864239372968,ok,100.0,1.020513|1.751092
2433,22309.0,0.8199377024639805,66.5,653.1505095053758,0.05090710259903171,22307.307338838582,ok,133.0,1.020538|1.751092
2434,22302.0,0.6668410661972397,55.500000000000234,23.915336560985793,1.027838438726025,22270.220368350358,ok,111.0,1.020571|1.751092
2435,22257.0,0.15919949881614037,3984.0,247313.02640088543,0.008054569664159301,22240.955297228997,ok,7968.0,1.020599|1.751092
2436,22208.0,0.14599436401071322,3185.0000000000005,147234.96046872868,0.010816045285238027,22190.775447883258,ok,6370.0,1.020624|1.751092
2437,22158.0,0.2680966020942649,1294.0,124598.92342339238,0.005192661238343664,22154.64034817879,ok,2588.0,1.020632|1.751092
2438,22158.0,0.2667326562751116,972.0000000000191,79368.74477055934,0.00612331720005082,22155.024067840775,ok,1944.0,1.020632|1.751092
2439,22158.0,0.25575339151987353,1329.5,109056.43891143196,0.006095467692098983,22153.948037851675,ok,2659.0,1.020632|1.751092
2440,22143.0,0.5072254108097854,71.0,35.52636959356593,0.9992577458978328,22107.526350020627,ok,142.0,1.020585|1.751090
2441,22136.0,0.08097768579138101,3545.00000000206,109767.71376584876,0.016147735424116075,22107.378138960736,ok,7090.0,1.020544|1.751090
2442,22136.0,0.08137582589250167,1902.5000000000007,33195.095242915675,0.02865634193964276,22108.740654729914,ok,3805.0,1.020544|1.751090
2443,22050.0,0.3742728170222477,159.5,1683.189063336893,0.047380298349786694,22046.221421206606,ok,319.0,1.020570|1.751090
2444,22027.0,0.5383307832020031,166.0000000000797,1708.750399340821,0.04857350730221247,22022.968398893914,ok,332.0,1.020563|1.751090
2445,22027.0,0.4261494453871169,136.0,376.5504564676754,0.18058668853542445,22014.72010517959,ok,272.0,1.020563|1.751090
2446,22017.0,0.45352746426435503,110.50000000000276,474.9612624294023,0.11632527612336316,22010.573028494182,ok,221.0,1.020521|1.751090
2447,22007.0,0.5983324879246383,104.50000000000001,401.0776386927313,0.13027402916378777,22000.193181976192,ok,209.0,1.020441|1.751090
2448,21993.0,0.4668032748119821,82.00000000004906,239.44596998142032,0.17122860745246998,21985.979627094443,ok,164.0,1.020445|1.751090
2449,21945.0,0.16727387810653024,618.5000000002469,10503.867518259502,0.02944153660187885,21935.895204805867,ok,1237.0,1.020399|1.751092
2450,21945.0,0.13552631781430766,828.5000000000014,15525.629182432313,0.026681688396160863,21933.94711058189,ok,1657.0,1.020399|1.751092
2451,21945.0,0.14549995020620618,923.0000000000141,17048.47519849168,0.027069869570554735,21932.507255193188,ok,1846.0,1.020399|1.751092
2452,21945.0,0.14837037517249768,947.5000000000001,22462.078024123668,0.021091102946539732,21935.008089979077,ok,1895.0,1.020399|1.751092
2453,21945.0,0.18623095914001359,658.5,11894.007352831562,0.0276820074372677,21935.88569905128,ok,1317.0,1.020399|1.751092
2454,21945.0,0.14565045666686638,946.5,21881.82867915607,0.02162753428605365,21934.764769399128,ok,1893.0,1.020399|1.751092
2455,21945.0,0.15455492613532787,845.0,18060.71897533863,0.023393310121092692,21935.11632647384,ok,1690.0,1.020399|1.751092
2456,21885.0,0.29940729363252766,136.00000000004295,1371.935181936507,0.049565023840294306,21881.62957837886,ok,272.0,1.020382|1.751093
2457,21885.0,0.2671236297944748,119.5,593.0555044210637,0.10074942320673257,21878.9802219634,ok,239.0,1.020382|1.751093
2458,21885.0,0.21319683489690422,205.00000000000475,1509.3618158202835,0.06790949587147024,21878.039276673175,ok,410.0,1.020382|1.751093
2459,21885.0,0.2879617051994815,127.5,1015.2855129870699,0.06279021928761815,21880.997123520414,ok,255.0,1.020382|1.751093
2460,21870.0,0.6028657937020273,63.500000000034774,73.85925338049171,0.42987166193590914,21856.35157473353,ok,127.0,1.020372|1.751093
2461,21861.0,0.2745302367893463,547.5000000001857,18583.998338131707,0.014730414575984813,21856.967549009823,ok,1095.0,1.020364|1.751093
2462,21836.0,0.5422571986304632,88.50000000003031,944.0097537815927,0.04687451567396929,21833.925802681424,ok,177.0,1.020325|1.751093
2463,21836.0,0.34752862086163044,71.5,196.09018921702273,0.1823140675356976,21829.4822720856,ok,143.0,1.020325|1.751093
2464,21819.0,0.34239588488219713,236.00000000000003,3678.286093697823,0.03208015825690526,21815.214541325688,ok,472.0,1.020367|1.751093
2465,21819.0,0.26026950702164364,257.50000000000006,3712.203766194809,0.034682902154365064,21814.534576347625,ok,515.0,1.020367|1.751093
2466,21819.0,0.26161451058634366,344.50000000000017,6957.422616465201,0.024757731346139455,21814.735480775627,ok,689.0,1.020367|1.751093
2467,21819.0,0.22555413877505195,279.5000000001245,3630.4968478118262,0.03849335390121393,21813.620553792305,ok,559.0,1.020367|1.751093
2468,21819.0,0.2592157061126653,320.00000000000296,5702.292498296005,0.02805889035818729,21814.51057754269,ok,640.0,1.020367|1.751093
2469,21784.0,0.3850875932089434,94.0,441.1381037184675,0.10654259880029589,21778.992497856387,ok,188.0,1.020314|1.751093
2470,21771.0,0.6048100670928935,64.5,60.681959995078984,0.5314594321379092,21753.86043331355,ok,129.0,1.020313|1.751093
2471,21734.0,0.2698355797383437,702.0000000002844,30099.006792741875,0.0116615143621544,21729.90680845888,ok,1404.0,1.020545|1.751093
2472,21734.0,0.2436618449333498,768.5,22938.377451268745,0.016751402788463,21727.563273478532,ok,1537.0,1.020545|1.751093
2473,21734.0,0.1962401293249071,1038.5000000000002,32006.75013293723,0.01622314036393388,21725.576134366027,ok,2077.0,1.020545|1.751093
2474,21665.0,0.3017408554072198,219.50000000000006,3407.645170990543,0.03220699177669887,21661.465282652505,ok,439.0,1.020544|1.751093
2475,21665.0,0.25240835715260385,347.0000000000001,5548.174865763593,0.03127154500313705,21659.574386941957,ok,694.0,1.020544|1.751093
2476,21665.0,0.35886985751388073,204.00000000000324,3237.3796958146672,0.03150696229171658,21661.786289846244,ok,408.0,1.020544|1.751093
2477,21646.0,0.5532164944766265,68.0,90.68808679641612,0.3749114266389358,21633.25301149428,ok,136.0,1.020517|1.751093
2478,21621.0,0.1899249231399912,1258.5,51973.30077657089,0.012107177927857536,21613.381558288896,ok,2517.0,1.020535|1.751093
2479,21563.0,0.34177152110244946,387.0,9951.266765554568,0.019444760607743243,21559.2374388224,ok,774.0,1.020561|1.751098
2480,21563.0,0.2985026258800436,500.00000000000006,12361.584762788032,0.020223944162286765,21557.944013959426,ok,1000.0,1.020561|1.751098
2481,21563.0,0.4387476004625605,324.50000000000074,7475.657990411603,0.021703775133654426,21559.478562484564,ok,649.0,1.020561|1.751098
2482,21514.0,0.8605015211158564,42.000000000011376,26.789032715235834,0.7839028838119367,21497.538039439947,ok,84.0,1.020491|1.751098
2483,21597.0,0.06161021908734593,22779.000000000004,3343537.8974977834,0.0034064216854020426,21558.20256021411,ok,45558.0,1.020532|1.751221
2484,21516.0,0.18986980876767823,5856.000000003193,1757392.6242514742,0.0016661046368330577,21511.121645623352,ok,11712.0,1.020510|1.751221
2485,21516.0,0.1880516503223811,5705.500000000096,1474114.9692777717,0.001935228974302951,21510.47927554356,ok,11411.0,1.020510|1.751221
2486,21485.0,0.24833344473007873,1678.5000000011764,283766.4167790133,0.002957538138327922,21482.517886117406,ok,3357.0,1.020473|1.751221
2487,21527.0,0.1145984274236565,2651.5,98079.9974089905,0.013517027273886073,21509.079801091648,ok,5303.0,1.020436|1.751119
2488,21527.0,0.08469551306852202,2596.5,59711.49633314133,0.0217420443252138,21498.773390954793,ok,5193.0,1.020436|1.751119
2489,21527.0,0.09137233755619065,2454.5000000000364,52317.24277017286,0.023457849363187365,21498.21135436903,ok,4909.0,1.020436|1.751119
2490,21475.0,0.38561623133178685,521.5000000000011,37393.59987273568,0.006973118418323717,21473.181759372423,ok,1043.0,1.020471|1.751119
2491,21475.0,0.44019290100743735,222.5000000001056,12542.936457277438,0.008869533890965805,21474.013264354628,ok,445.0,1.020471|1.751119
2492,21475.0,0.4292911579436402,266.0000000001314,14825.784971152027,0.008970857209844656,21473.80687599109,ok,532.0,1.020471|1.751119
2493,21475.0,0.5533872814855909,322.5,30523.80813169552,0.005282761551385855,21474.148154699837,ok,645.0,1.020471|1.751119
2494,21475.0,0.4887341093808953,260.0,17009.55983462859,0.007642760968766631,21474.00644107406,ok,520.0,1.020471|1.751119
2495,21464.0,0.73409926567249,34.000000000000014,23.25120530601575,0.731144892329587,21451.570536830397,ok,68.0,1.020456|1.751119
2496,21447.0,0.4508085739783898,459.5,26147.80662637805,0.008786587849713824,21444.98128144153,ok,919.0,1.020538|1.751119
2497,21447.0,0.4009849739854239,817.5,62526.980380459674,0.006537177991210633,21444.32792849609,ok,1635.0,1.020538|1.751119
2498,21539.0,0.10678666602379525,1860.0,39938.77356245806,0.023285642423286332,21517.344352546344,ok,3720.0,1.020538|1.751117
2499,21465.0,0.41394487472785724,354.5,21662.986366582587,0.008182159052337613,21463.549712307973,ok,709.0,1.020573|1.751116
2500,21465.0,0.39984940713275746,284.0,10447.35505419929,0.013591956936786926,21463.069942114977,ok,568.0,1.020573|1.751116
2501,21452.0,1.136754866253125,50.0,295.85738415242315,0.08450017251257862,21449.887495687188,ok,100.0,1.020565|1.751116
2502,21452.0,0.6370337702241231,35.5,0.4223174431505754,1.0410139642911376,21415.501673935167,ok,71.0,1.020565|1.751116
2503,21416.0,0.18915418885997404,2353.000000000001,122751.69462151128,0.009584389067927605,21404.723966261583,ok,4706.0,1.020477|1.751116
2504,21416.0,0.15147357608341874,5542.000000003111,492786.3236991674,0.00562312683355469,21400.41831554421,ok,11084.0,1.020477|1.751116
2505,21375.0,0.11544162814326538,1498.0000000000082,39602.43817891246,0.01891297693885,21360.8341802728,ok,2996.0,1.020454|1.751116
2506,21375.0,0.10162913699501559,2213.500000001632,68879.173916188,0.016067991775678185,21357.216750102256,ok,4427.0,1.020454|1.751116
2507,21375.0,0.11845805631375496,1834.5000000000014,55973.13536462457,0.016387325705890497,21359.96872549627,ok,3669.0,1.020454|1.751116
2508,21309.0,0.292490894323078,75.5,334.7144026574679,0.11278271774469086,21304.74245240514,ok,151.0,1.020485|1.751116
2509,21309.0,0.22599875763563798,225.50000000012457,3511.85614654735,0.03210552918316755,21305.380101584597,ok,451.0,1.020485|1.751116
2510,21309.0,0.23673968880834648,245.0,4513.3874564558955,0.02714147659199466,21305.675169117483,ok,490.0,1.020485|1.751116
2511,21309.0,0.2535234419989387,104.00000000005718,430.70177255953627,0.12073319246170641,21302.721873991988,ok,208.0,1.020485|1.751116
2512,21266.0,0.28757252639422937,49.000000000000014,2.8798989729260285,1.007274538728017,21219.565498849603,ok,98.0,1.020459|1.751116
2513,21231.0,0.24357865714944507,576.5000000002245,17382.374371827664,0.0165828898764999,21226.219981993097,ok,1153.0,1.020506|1.751116
2514,21190.0,0.3782436965694559,72.0,261.81578663261865,0.13750125789975912,21185.04995471561,ok,144.0,1.020490|1.751116
2515,21190.0,0.39637470465638647,44.0,22.825040387659755,0.96385371619733,21168.795218243657,ok,88.0,1.020490|1.751116
2516,21147.0,0.28622530537530017,742.0000000002686,38246.493458956465,0.009700235667310686,21143.401212567427,ok,1484.0,1.020495|1.751117
2517,21147.0,0.26982659429377703,1223.0,114898.37079018484,0.0053220946110424504,21143.745539145348,ok,2446.0,1.020495|1.751117
2518,21147.0,0.27449489419273143,1151.5000000000002,114721.70066826776,0.0050186668838257,21144.11050254164,ok,2303.0,1.020495|1.751117
2519,21147.0,0.27447754825051984,967.5000000000056,69890.75789179464,0.006921516014305467,21143.65171662808,ok,1935.0,1.020495|1.751117
2520,21129.0,0.430933038310399,91.00000000000001,625.1735198369962,0.07277979401920828,21125.68851937213,ok,182.0,1.020465|1.751117
2521,21112.0,0.6911836861081739,18.000000000000004,2.8471909036355925,1.0410158389155102,21096.347255476616,ok,36.0,1.020446|1.751117
2522,21097.0,0.5729780762463436,77.0,702.2669409763347,0.0548224581759109,21094.889335360225,ok,154.0,1.020490|1.751152
2523,21097.0,0.40593566552072124,219.00000000000003,8474.794508750481,0.012920667266555897,21095.58518693431,ok,438.0,1.020490|1.751152
2524,21097.0,0.43615342928362205,117.5000000000413,2579.8792157410294,0.022772383932379424,21095.66212244397,ok,235.0,1.020490|1.751152
2525,21097.0,0.39153692757113695,151.0000000000793,1945.9266683292008,0.038798995475438434,21094.070675841605,ok,302.0,1.020490|1.751152
2526,21080.0,0.9170898447411611,9.000000000007384,0.17870725887555494,1.2932669295620836,21068.659492556726,ok,18.0,1.020581|1.751152
2527,21073.0,0.3487081488373026,142.5,2232.129935455586,0.031920184783265144,21070.72568683419,ok,285.0,1.020618|1.751152
2528,21073.0,0.3161740011308261,245.0,4871.249202299116,0.02514755351505787,21069.919424694406,ok,490.0,1.020618|1.751152
2529,21073.0,0.5683590700026213,193.5000000000631,8939.753849258364,0.010822445632332244,21071.95292838507,ok,387.0,1.020618|1.751152
2530,21066.0,0.4976498721381623,54.0,94.52837179917745,0.2856285312663657,21058.28802965581,ok,108.0,1.020619|1.751152
2531,21066.0,0.37304298994113555,52.50000000001747,87.04690053739063,0.3015615701185496,21058.084008784386,ok,105.0,1.020619|1.751152
2532,21066.0,0.43273233454137866,53.00000000000001,130.84587641287686,0.20252835417129028,21060.632998614463,ok,106.0,1.020619|1.751152
2533,21066.0,0.3188020807327254,42.50000000002096,3.790029579484809,1.146880338156363,21022.242742328333,ok,85.0,1.020619|1.751152
2534,21017.0,0.34556226714789373,244.5000000001122,2733.8258028919727,0.0447175529145764,21011.53327915619,ok,489.0,1.020693|1.751160
2535,21017.0,0.4260184472219482,236.0,8906.682014601847,0.013248480164279776,21015.436679340615,ok,472.0,1.020693|1.751160
2536,21008.0,0.3039551932777017,492.5000000000002,8580.204500776706,0.028699782152943883,21000.93267864484,ok,985.0,1.020697|1.751160
2537,21008.0,0.3111266051201631,445.50000000000006,7645.047610932681,0.02913650919341037,21001.50984257717,ok,891.0,1.020697|1.751160
2538,20989.0,0.2148228056729944,305.0,4338.36912708357,0.03515145796331,20983.639402660596,ok,610.0,1.020716|1.751160
2539,20949.0,0.2565070410416167,196.5000000000599,1044.198440869356,0.0940913107648687,20939.75552871735,ok,393.0,1.020672|1.751160
2540,20933.0,0.3816341142604476,170.5,2834.832373190262,0.03007232484228385,20930.436334307193,ok,341.0,1.020705|1.751174
2541,20933.0,0.3383209843059437,318.50000000013955,9426.051495364254,0.016894666879168775,20930.309524299493,ok,637.0,1.020705|1.751174
2542,20933.0,0.3418227250444198,281.5000000000001,5066.358714661361,0.027781293810224785,20929.08978289621,ok,563.0,1.020705|1.751174
2543,20917.0,0.3007590123673747,54.00000000000033,75.92437377003304,0.35561702598667894,20907.398340298358,ok,108.0,1.020683|1.751174
2544,20917.0,0.8307943315568386,27.000000000000004,151.86871451091227,0.08889256779104417,20915.79995033482,ok,54.0,1.020683|1.751174
2545,20917.0,0.6430487004249217,35.00000000000003,230.0277874900062,0.0760777651733068,20915.668639109466,ok,70.0,1.020683|1.751174
2546,20904.0,1.138482571219219,15.5,14.725102734115922,0.5263121174729991,20899.921081089582,ok,31.0,1.020590|1.751174
2547,20904.0,0.6832215036639165,22.000000000000007,73.37918250001812,0.1499062762112032,20902.351030961676,ok,44.0,1.020590|1.751174
2548,20891.0,0.32355054910730363,408.00000000000006,17594.65156705051,0.011594432502547004,20888.634735769483,ok,816.0,1.020478|1.751174
2549,20891.0,0.26554065722933806,650.5000000002503,23304.16598952323,0.013956732034364441,20886.460572905824,ok,1301.0,1.020478|1.751174
2550,20891.0,0.2526086317612222,784.5,37206.319446998845,0.010542563893178633,20886.8646793129,ok,1569.0,1.020478|1.751174
2551,20891.0,0.29671866345959347,722.5000000000034,37331.66871320389,0.009676770753947858,20887.504266565134,ok,1445.0,1.020478|1.751174
2552,20891.0,0.24631097575793248,771.0,32963.608522788905,0.011694714786261651,20886.491687449896,ok,1542.0,1.020478|1.751174
2553,20905.0,0.2885045760715499,1064.0000000004682,87129.92640630499,0.006105824048552587,20901.75170160617,ok,2128.0,1.020475|1.751174
2554,20896.0,0.67683493879088,24.0,4.165435143704315,1.0258049060597176,20875.763868458274,ok,48.0,1.020578|1.751174
2555,20870.0,0.33697394466147207,1510.0,111724.49232648898,0.006757694613582913,20864.897940566745,ok,3020.0,1.020589|1.751174
2556,20849.0,0.25701134139238646,1950.5000000000002,192180.72323493243,0.00507465048306536,20844.050947116393,ok,3901.0,1.020548|1.751174
2557,20817.0,0.46866628289879503,469.0,44691.734629977385,0.005247055231611149,20815.769565548188,ok,938.0,1.020586|1.751174
2558,20817.0,0.5326450571133847,705.5,176315.32410557117,0.0020006769223801907,20816.294261215633,ok,1411.0,1.020586|1.751174
2559,20817.0,0.451138780451011,533.0000000002033,60223.16300003958,0.004425207623185227,20815.820682168418,ok,1066.0,1.020586|1.751174
2560,20806.0,0.6207143236611824,31.500000000018982,5.770158143886505,1.152953681540749,20777.35224289902,ok,63.0,1.020651|1.751174
2561,20782.0,0.2816927763693697,1487.5000000007271,224796.6335655672,0.003308545987560047,20779.53926892175,ok,2975.0,1.020641|1.751174
2562,20782.0,0.24795494600430773,3098.0,589316.9594746516,0.00262846669368019,20777.92850509149,ok,6196.0,1.020641|1.751174
2563,20782.0,0.27434096956476933,3485.500000000094,1131740.3126328203,0.0015398850606865866,20779.316365310486,ok,6971.0,1.020641|1.751174
2564,20782.0,0.231031275341295,3682.000000001678,873433.3337525721,0.002107773918006158,20778.11958821695,ok,7364.0,1.020641|1.751174
2565,20757.0,0.2950238401862233,369.0000000001795,6654.87539582574,0.027724035241263434,20751.884915497987,ok,738.0,1.020643|1.751174
2566,20757.0,0.3296816551153485,358.5,5158.0346177653355,0.034751608564747904,20750.77077416477,ok,717.0,1.020643|1.751174
2567,20737.0,0.3820360334536126,178.0,3454.1644086176457,0.02576599995586711,20734.70682600393,ok,356.0,1.020679|1.751174
2568,20737.0,0.6141851715487493,127.50000000005363,4366.337522582457,0.014600337163656116,20736.069228505814,ok,255.0,1.020679|1.751174
2569,20737.0,0.5226439263595305,157.5,3195.4599193829476,0.02464433977792056,20735.05925824249,ok,315.0,1.020679|1.751174
2570,20737.0,0.47292793309159564,158.50000000000003,2646.7397416272656,0.029942498219063887,20734.62705701614,ok,317.0,1.020679|1.751174
2571,20737.0,0.433158197761497,152.50000000000006,3293.111353901283,0.023154394675925,20735.23447740596,ok,305.0,1.020679|1.751174
2572,20737.0,0.45443304943564483,205.00000000000307,4697.690318978277,0.02181923307841517,20734.763528609463,ok,410.0,1.020679|1.751174
2573,20737.0,0.5012095497812699,122.0,1799.128950559248,0.03390529621628207,20734.931776930807,ok,244.0,1.020679|1.751174
2574,20737.0,0.3417263275484529,208.0,3182.1033348825918,0.03268278526971131,20733.60099033195,ok,416.0,1.020679|1.751174
2575,20737.0,0.3995865907365182,185.50000000000003,3653.965653772855,0.025383380356690598,20734.645691471917,ok,371.0,1.020679|1.751174
2576,20710.0,0.8081630428623348,10.500000000000012,0.006386130147326696,1.112379802522474,20698.32791419959,ok,21.0,1.020765|1.751174
2577,20695.0,0.2760851006536965,1959.0,366357.22091515467,0.0026736200191529572,20692.381189191237,ok,3918.0,1.020768|1.751174
2578,20695.0,0.2271847494120603,2072.0,302075.76502517075,0.003429603165661682,20691.446931120372,ok,4144.0,1.020768|1.751174
2579,20695.0,0.2443927452789002,1946.0000000009343,296933.53457496455,0.0032768275950819602,20691.811646749986,ok,3892.0,1.020768|1.751174
2580,20695.0,0.21391655183969352,2070.0,269805.46003259294,0.003836097312022412,20691.029639282056,ok,4140.0,1.020768|1.751174
2581,20695.0,0.23904111534999423,2236.5,377437.85324977216,0.0029627394029819003,20691.686916662613,ok,4473.0,1.020768|1.751174
2582,20767.0,0.1272817138202399,962.5,16314.063148734507,0.029499088952425128,20752.803563441645,ok,1925.0,1.020737|1.751172
2583,20767.0,0.07817787685999131,549.0000000000002,2341.9301739512944,0.11721100955664486,20734.8255778767,ok,1098.0,1.020737|1.751172
2584,20852.0,0.0737826770773858,1026.0000000008727,3662.797619550053,0.14005687818030593,20780.150821493444,ok,2052.0,1.020697|1.751135
2585,20667.0,0.266649997280392,2318.5,753366.9401721149,0.0015387587882939974,20665.216193874672,ok,4637.0,1.020796|1.751169
2586,20667.0,0.22394251781703342,22159.5,63109131.7461167,0.00017556492528803918,20665.054784519038,ok,44319.0,1.020796|1.751169
2587,20667.0,0.21265099604747914,3467.0000000022546,1024129.4465089496,0.001692657120552757,20664.065778881522,ok,6934.0,1.020796|1.751169
2588,20667.0,0.21183811825922202,24246.000000019005,53700876.399170995,0.00022575050563228147,20664.26322662022,ok,48492.0,1.020796|1.751169
2589,20645.0,0.8921023182617545,4.5000000000028875,0.033248091037577865,1.404907135335832,20638.7435417781,ok,9.0,1.020758|1.748180
2590,20639.0,0.21943828420128716,2284.5000000000387,253968.39026783695,0.0044976069612261355,20633.862608448537,ok,4569.0,1.020805|1.748180
2591,20639.0,0.18833005586212004,3913.50000000184,751112.7457566012,0.00260513486298235,20633.902402356856,ok,7827.0,1.020805|1.748180
2592,20639.0,0.17441934504004256,3103.5,414886.1308287942,0.0037401828711414336,20633.19617122971,ok,6207.0,1.020805|1.748180
2593,20639.0,0.18745401773253978,3377.500000000046,608958.6502098661,0.002773176798487101,20634.316797681553,ok,6755.0,1.020805|1.748180
2594,20639.0,0.19806871674242835,3440.500000001649,659404.7065586206,0.002608792419724556,20634.512224839968,ok,6881.0,1.020805|1.748180
2595,20611.0,0.43905858438473705,79.00000000000003,485.645419849297,0.08133506131337026,20607.78726507812,ok,158.0,1.020761|1.748180
2596,20600.0,0.7252710328181117,22.0,2.9008628204141047,1.0123008673202587,20580.702048930136,ok,44.0,1.020791|1.748180
2597,20576.0,0.21255638370929186,931.5000000003696,20624.398821992192,0.02258247641640573,20565.482211609055,ok,1863.0,1.020842|1.748180
2598,20533.0,0.43945742508883595,640.5,48784.419329655044,0.006564595918134186,20530.89768815722,ok,1281.0,1.020858|1.748180
2599,20533.0,0.5083360666485546,478.5,38186.12120162722,0.00626536533356535,20531.501011343942,ok,957.0,1.020858|1.748180
2600,20533.0,0.38927198880515956,646.5,49063.39305473934,0.006588415106948566,20530.87029481668,ok,1293.0,1.020858|1.748180
2601,20533.0,0.3389660669717219,747.0000000003022,35670.2410440075,0.010470913261823839,20529.089113896705,ok,1494.0,1.020858|1.748180
2602,20533.0,0.4127872999903878,546.0,32678.37471330943,0.00835414865014113,20530.719317418512,ok,1092.0,1.020858|1.748180
2603,20513.0,0.3173702060563293,274.5,6992.996876344866,0.01962677839372045,20510.306224665463,ok,549.0,1.020805|1.748180
2604,20488.0,0.5140104289552213,32.50000000000001,2.247608572965575,1.0766509808072962,20455.614220038315,ok,65.0,1.020774|1.748180
2605,20459.0,0.31232484671734045,464.50000000000006,10502.224056781175,0.02211436346666387,20453.86393908487,ok,929.0,1.020734|1.748180
2606,20459.0,0.31857572437184184,619.5000000000025,21012.380425788244,0.014741309348266356,20454.433879429373,ok,1239.0,1.020734|1.748180
2607,20445.0,0.3817512049035868,146.5000000000673,2430.4450624590063,0.030138512954463927,20442.792353926085,ok,293.0,1.020741|1.748177
2608,20445.0,0.25460181666618986,103.00000000000001,399.71227174724675,0.12884267919741382,20438.36460202133,ok,206.0,1.020741|1.748177
2609,20406.0,0.40007099033573695,14.0,0.07613187513243247,1.2202614882579152,20389.029702427066,ok,28.0,1.020769|1.748177
2610,20389.0,0.2757853121757667,389.5000000000002,9167.197130622062,0.021244225167740546,20384.862687148583,ok,779.0,1.020831|1.748177
2611,20389.0,0.19077906626640206,1065.0,38086.06861167894,0.013981490329949966,20381.5548563993,ok,2130.0,1.020831|1.748177
2612,20389.0,0.4317506180524141,1631.0000000012803,199847.24831382057,0.004080616605338787,20385.67225715834,ok,3262.0,1.020831|1.748177
2613,20389.0,0.2059703426393802,1162.500000000436,47163.686865993695,0.012324100141952964,20381.836616792487,ok,2325.0,1.020831|1.748177
2614,20389.0,0.1864536739127064,920.5,23060.628043641318,0.019958259555160215,20379.814211039735,ok,1841.0,1.020831|1.748177
2615,20389.0,0.22564947249203662,827.0,31640.612383287094,0.013068647186437361,20383.59611438841,ok,1654.0,1.020831|1.748177
2616,20364.0,0.5595989135417809,26.500000000000007,1.7181500748735914,1.0427563871334453,20338.235170560343,ok,53.0,1.020852|1.748177
2617,20337.0,0.2262690906287218,1070.0,56975.66647744829,0.009389973528642442,20331.976364162176,ok,2140.0,1.020800|1.748177
2618,20344.0,0.18632663863349855,1871.000000000821,51320.71625799694,0.018228506307229067,20326.94723234958,ok,3742.0,1.020780|1.748177
2619,20313.0,0.1259491040231764,1189.0,22979.99820668981,0.025870324038012,20297.620092359404,ok,2378.0,1.020751|1.748177
2620,20313.0,0.11890468053426724,1293.5000000006567,24991.102172999883,0.02587921074961912,20296.262620447673,ok,2587.0,1.020751|1.748177
2621,20239.0,0.4356198095166102,85.00000000000004,379.9237462054325,0.11186455288588201,20234.24575650235,ok,170.0,1.020780|1.748196
2622,20239.0,0.2833910646371489,219.5000000000835,2735.5465713319036,0.04011995304711842,20234.59683515308,ok,439.0,1.020780|1.748196
2623,20239.0,0.3275647238664108,251.50000000000003,5221.162312281893,0.02408467549537669,20235.97135205646,ok,503.0,1.020780|1.748196
2624,20239.0,0.27418466454140106,221.50000000000006,2860.7401843864263,0.03871375688168402,20234.712451425356,ok,443.0,1.020780|1.748196
2625,20239.0,0.30098900463311357,250.0,3971.0933216945323,0.031477477327745196,20235.06531533403,ok,500.0,1.020780|1.748196
2626,20239.0,0.338242392748877,210.50000000000392,3619.340232038527,0.02907988562896775,20235.93934203755,ok,421.0,1.020780|1.748196
2627,20224.0,1.1702980605464905,11.5,0.6083446434887776,1.0473389020829509,20212.622907287656,ok,23.0,1.020998|1.748196
2628,20210.0,0.34983978978984004,649.0000000000052,18971.161252824935,0.017104909692952103,20204.44945680464,ok,1298.0,1.020833|1.748196
2629,20197.0,0.21068134595369922,234.50000000000003,1421.8584135983772,0.08246250039993,20187.33127182811,ok,469.0,1.020833|1.748196
2630,20197.0,0.21710682880785523,191.00000000000003,820.2693819202575,0.11642516727423582,20185.88139652531,ok,382.0,1.020833|1.748196
2631,20197.0,0.2178527123339343,189.0,789.5488145704761,0.1196886098187724,20185.689426372126,ok,378.0,1.020833|1.748196
2632,20197.0,0.2568293647549088,152.50000000013094,564.4382102114371,0.13509007473378248,20186.69938180154,ok,305.0,1.020833|1.748196
2633,20165.0,0.22117414606091276,51.50000000000005,118.20068909063805,0.21784982979460077,20159.39036688279,ok,103.0,1.020865|1.748201
2634,20207.0,0.08778708838623576,12877.500000011047,2851518.09054173,0.002258007768340089,20192.461252481586,ok,25755.0,1.020898|1.748362
2635,20207.0,0.07620979882716086,20537.500000000004,5509656.164143233,0.001863773290759755,20187.86137802051,ok,41075.0,1.020898|1.748362
2636,20144.0,1.3507189282357825,16.5,7.904431780238184,1.0008511909947664,20135.40384921809,ok,33.0,1.020869|1.748362
2637,20133.0,0.2604330430078896,1775.0000000007362,132085.75797835187,0.006719119559777402,20127.036781390696,ok,3550.0,1.020865|1.748362
2638,20133.0,0.19895565319789502,4267.0,629312.6105117605,0.0033902069724377937,20125.766993424306,ok,8534.0,1.020865|1.748362
2639,20123.0,0.3031347413504158,829.500000000367,71683.86834899054,0.005785820569573434,20120.60033091877,ok,1659.0,1.020838|1.748362
2640,20123.0,0.28637046597755256,771.50000000034,54482.7230219316,0.007080226145174303,20120.268802764498,ok,1543.0,1.020838|1.748362
2641,20123.0,0.2904606935558495,818.5,56785.76165346871,0.007206912227354113,20120.050571170956,ok,1637.0,1.020838|1.748362
2642,20123.0,0.27724570018204764,961.0000000003874,75268.35675728843,0.0063838247664901445,20119.9325721997,ok,1922.0,1.020838|1.748362
2643,20123.0,0.320266789893755,881.0,78660.2069814454,0.0056000361161509075,20120.533184090833,ok,1762.0,1.020838|1.748362
2644,20123.0,0.30118626429348855,798.500000000346,62335.100379916956,0.0064048986456561935,20120.44284421572,ok,1597.0,1.020838|1.748362
2645,20123.0,0.29449546489184525,940.5,78321.08719966342,0.006004130136768848,20120.176557803185,ok,1881.0,1.020838|1.748362
2646,20080.0,0.6488562255829943,13.000000000011378,0.8740586072743213,1.2989531419227012,20064.58839011936,ok,26.0,1.020790|1.748362
2647,20067.0,0.754329160462739,55.50000000000013,1224.5773570112992,0.02266087956070546,20066.371160592193,ok,111.0,1.020783|1.748364
2648,20062.0,1.2074871642855953,10.000000000007905,2.7168696256856038,1.2784680827692823,20053.655989973242,ok,20.0,1.020881|1.748364
2649,20049.0,0.2812855638857841,558.5000000000001,13393.794923119052,0.020849206785896517,20043.177859005038,ok,1117.0,1.020819|1.748366
2650,20039.0,0.24861382089031248,391.0,7959.90625539028,0.02456059075665766,20034.19840450707,ok,782.0,1.020795|1.748366
2651,20039.0,0.24755573809637235,354.5000000000008,6304.655122414425,0.02811414685790472,20034.01676746944,ok,709.0,1.020795|1.748366
2652,20016.0,0.255211734700882,47.5,-0.7833980432668852,1.0249554241759669,19966.491631368135,ok,95.0,1.020842|1.748366
2653,19981.0,0.22314973329594942,1399.0,99315.48200212246,0.0070432120541392635,19976.073273168127,ok,2798.0,1.020833|1.748366
2654,19981.0,0.18573699667047483,2417.5,253979.41324869427,0.004759244005404498,19975.24726380847,ok,4835.0,1.020833|1.748366
2655,19981.0,0.19761039250966794,2927.500000000015,432169.5579960995,0.0033869808109279606,19976.042306838004,ok,5855.0,1.020833|1.748366
2656,19981.0,0.2006153313595062,2316.0,281926.80551224196,0.004107449087347307,19976.243573956854,ok,4632.0,1.020833|1.748366
2657,19981.0,0.19999985641925047,2833.5000000000005,443925.13702593645,0.0031914164840753908,19976.47856069619,ok,5667.0,1.020833|1.748366
2658,19981.0,0.20079507084731632,2861.0000000000014,432958.97003216273,0.0033040082294489353,19976.273616227772,ok,5722.0,1.020833|1.748366
2659,19960.0,0.44402815326170797,34.000000000019256,4.438797495411791,1.2189835332872916,19925.15026163521,ok,68.0,1.020802|1.748366
2660,19946.0,0.191002821468271,2246.5000000010396,96565.80566991023,0.011631964256997059,19932.934396148325,ok,4493.0,1.020747|1.748364
2661,19946.0,0.15678036506333326,1980.5000000010007,93568.38189087655,0.010583169014885522,19935.520016883005,ok,3961.0,1.020747|1.748364
2662,19988.0,0.07188868013921797,4291.500000003018,157495.920338465,0.013624162425224772,19958.765953476053,ok,8583.0,1.020706|1.748361
2663,19988.0,0.07121027629002134,4821.000000000002,129951.83597786381,0.01854918002397911,19943.2872015522,ok,9642.0,1.020706|1.748361
2664,19920.0,0.1380042982886733,1553.0,40301.0744960508,0.019267476356643817,19905.038804609067,ok,3106.0,1.020704|1.748361
2665,19920.0,0.18725266179317376,1352.500000000656,23108.943438582755,0.029263562040281736,19900.21051617025,ok,2705.0,1.020704|1.748361
2666,19885.0,0.15480201268031996,691.0000000002728,6728.551746832621,0.051348345528111024,19867.25914662003,ok,1382.0,1.020679|1.748366
2667,19788.0,0.7216968462995746,24.0,168.5393257654605,0.07120000003262866,19787.14559999961,ok,48.0,1.020761|1.748366
2668,19788.0,0.7675812415509422,19.000000000000007,13.96941288647649,0.6800572133705607,19781.53945647298,ok,38.0,1.020761|1.748366
2669,19902.0,0.05417312025178267,18410.500000012107,1664832.0197388907,0.005529236518078136,19851.101995541925,ok,36821.0,1.020792|1.748380
2670,19786.0,0.47108260815249203,43.500000000000014,41.036963270738596,0.5300099779924223,19774.472282978662,ok,87.0,1.020787|1.748313
2671,19769.0,0.31587889967209437,249.00000000009936,5793.8753222642545,0.02148820833641876,19766.324718062115,ok,498.0,1.020771|1.748313
2672,19769.0,0.27612293587730086,875.000000000373,61986.354410069165,0.007058005010359478,19765.912122807964,ok,1750.0,1.020771|1.748313
2673,19769.0,0.31696161818169494,1149.5,141823.86483698778,0.004052561962407506,19766.670790012104,ok,2299.0,1.020771|1.748313
2674,19769.0,0.21726106186759048,533.5,17666.36869617368,0.015099311272597567,19764.972258718037,ok,1067.0,1.020771|1.748313
2675,19769.0,0.4777479696443316,1247.0,233417.60922644607,0.0026711780746375576,19767.334520470464,ok,2494.0,1.020771|1.748313
2676,19769.0,0.25413439799092424,773.0000000002749,41483.44259335869,0.009316970237711523,19765.398991003123,ok,1546.0,1.020771|1.748313
2677,19732.0,1.1187983856937165,16.0,113.33433429804349,0.07058761186139606,19731.43529910511,ok,32.0,1.020737|1.748313
2678,19732.0,0.17871779499959442,28.000000000018797,0.230372534857203,1.2539006985703653,19697.252987565487,ok,56.0,1.020737|1.748313
2679,19695.0,0.40562790206631816,153.00000000000318,2760.231038474068,0.027715071287037228,19692.879797046542,ok,306.0,1.020757|1.748313
2680,19695.0,0.4338672574274171,152.5000000000005,3276.6570113823873,0.023270668774645772,19693.225611505935,ok,305.0,1.020757|1.748313
2681,19695.0,0.42946370074733636,103.50000000000001,1716.8705841464437,0.03014205058777214,19693.44014888208,ok,207.0,1.020757|1.748313
2682,19695.0,0.4525431778069067,143.5,1641.701670010981,0.043704651893008116,19691.86419122668,ok,287.0,1.020757|1.748313
2683,19695.0,0.2962621365118318,229.0,3535.1305762017564,0.032389185500192194,19691.29143826023,ok,458.0,1.020757|1.748313
2684,19695.0,0.5295866614615676,90.00000000002657,1219.2158522262157,0.03690896892280884,19693.33909639847,ok,180.0,1.020757|1.748313
2685,19695.0,0.5298608112301797,127.50000000005778,2503.3537076795164,0.025465838009412562,19693.3765528269,ok,255.0,1.020757|1.748313
2686,19686.0,1.0272937515131286,33.5,3.137806369924675,1.0021152807983023,19655.58023318615,ok,67.0,1.020742|1.748313
2687,19658.0,0.1585050450266707,882.5000000004917,19259.12019724844,0.02291122312343673,19647.890422796776,ok,1765.0,1.020695|1.748313
2688,19658.0,0.17508771885652244,2044.5000000000027,93682.76120741028,0.01091182611213579,19646.84538575687,ok,4089.0,1.020695|1.748313
2689,19625.0,0.2585878147680436,621.0000000000002,14388.660032218491,0.021579493803088084,19618.29956717414,ok,1242.0,1.020743|1.748313
2690,19625.0,0.3427559340179339,356.5,11462.762844977278,0.015550352250208604,19622.228149711398,ok,713.0,1.020743|1.748313
2691,19629.0,0.2579930095788192,113.50000000000001,644.2619034582749,0.0880852952741375,19624.001159493193,ok,227.0,1.020762|1.748313
2692,19629.0,0.22379501645934943,197.0000000000053,1898.714778015506,0.05187719669141282,19623.890096125895,ok,394.0,1.020762|1.748313
2693,19629.0,0.257965905410266,223.50000000000028,2905.425102179188,0.03846252994654141,19624.701812278472,ok,447.0,1.020762|1.748313
2694,19629.0,0.2083738129800155,187.0,1509.5753095967473,0.06193794996884034,19623.208801677913,ok,374.0,1.020762|1.748313
2695,19629.0,0.2309712821924784,198.00000000008743,1806.2196855643058,0.05481060847208836,19623.57374976126,ok,396.0,1.020762|1.748313
2696,19629.0,0.1970875534833709,234.5000000001682,2684.281802275117,0.04368021267391021,19623.87849506398,ok,469.0,1.020762|1.748313
2697,19598.0,1.1830457587022145,11.0,77.72992502941855,0.07075781943593033,19597.610831993105,ok,22.0,1.020810|1.748313
2698,19598.0,0.5506840903661027,22.500000000000004,4.659215917297075,1.0442191290763947,19579.585448764232,ok,45.0,1.020810|1.748313
2699,19573.0,0.4153564784719157,425.50000000013426,20253.047221421148,0.0105045921077519,19570.765148029077,ok,851.0,1.020852|1.748313
2700,19573.0,0.3951112907474633,636.5,46346.51092921522,0.006866752073010664,19570.814656152765,ok,1273.0,1.020852|1.748313
2701,19573.0,0.42588798376890097,549.5000000000027,43053.62205234623,0.0063815769011478255,19571.24666174641,ok,1099.0,1.020852|1.748313
2702,19573.0,0.3940557936699488,440.00000000015825,24752.899839138772,0.008887847542299657,19571.04467354069,ok,880.0,1.020852|1.748313
2703,19573.0,0.7027281284309557,688.5000000000001,201309.19753797157,0.0017100559945109639,19572.41131322389,ok,1377.0,1.020852|1.748313
2704,19573.0,0.4233697122219698,564.0000000000018,45404.89836213523,0.006210783641686792,19571.24855901304,ok,1128.0,1.020852|1.748313
2705,19573.0,0.38893938822475244,569.5,41213.71335830662,0.0069091080807114095,19571.03263147402,ok,1139.0,1.020852|1.748313
2706,19573.0,0.4684711189142381,518.0,44721.37900042242,0.005791413542895303,19571.50002389239,ok,1036.0,1.020852|1.748313
2707,19573.0,0.3833055184759014,655.0000000002235,47280.35841081472,0.006926766441880456,19570.731483990283,ok,1310.0,1.020852|1.748313
2708,19573.0,0.4971935811505245,818.0,99237.72392846204,0.004121416572339343,19571.314340621913,ok,1636.0,1.020852|1.748313
2709,19573.0,0.42614818157494466,592.5,54688.212136927024,0.005417072316393456,19571.39519232627,ok,1185.0,1.020852|1.748313
2710,19573.0,0.4249034712228,599.0,56141.15878259524,0.0053347669783554656,19571.40223728998,ok,1198.0,1.020852|1.748313
2711,19573.0,0.41446592570673074,620.0,53881.5517518602,0.005753360657236409,19571.216458196257,ok,1240.0,1.020852|1.748313
2712,19539.0,0.7481271700741887,41.00000000002677,725.8650230932933,0.02824216534453208,19538.421035610434,ok,82.0,1.020850|1.748313
2713,19539.0,0.23246556326139,79.50000000000001,230.55409044566073,0.17241073417159206,19532.14667331668,ok,159.0,1.020850|1.748313
2714,19519.0,0.2784017209111709,704.5,37734.22138332902,0.009335027650938202,19515.711736509955,ok,1409.0,1.020762|1.748313
2715,19519.0,0.25214197010899864,1276.0,101018.92372623406,0.006315648360390469,19514.97061634607,ok,2552.0,1.020762|1.748313
2716,19519.0,0.2522315022676752,1461.0000000007158,157412.37454755293,0.004640677088443768,19515.60998538689,ok,2922.0,1.020762|1.748313
2717,19519.0,0.2458460504056155,1394.5,119572.66676039003,0.005831182149656404,19514.93420824615,ok,2789.0,1.020762|1.748313
2718,19519.0,0.2340281292042859,1322.0000000006435,103214.56501567566,0.0064041349193297735,19514.76686681832,ok,2644.0,1.020762|1.748313
2719,19519.0,0.2598733731025008,1398.0000000006155,129408.78897655463,0.005401487839647025,19515.224360000087,ok,2796.0,1.020762|1.748313
2720,19519.0,0.2560525209815822,1362.5,133940.96922741615,0.0050861958363412835,19515.53502908649,ok,2725.0,1.020762|1.748313
2721,19519.0,0.24677705868235764,1439.0,125395.346142961,0.0057378524971709146,19514.871615128286,ok,2878.0,1.020762|1.748313
2722,19519.0,0.245752855678023,1346.0,125033.22136800522,0.005382569469430739,19515.377530747075,ok,2692.0,1.020762|1.748313
2723,19519.0,0.24055425600290237,1360.5000000005425,113736.40602644044,0.005980934546517434,19514.931469274732,ok,2721.0,1.020762|1.748313
2724,19519.0,0.2335518676926924,1440.0,126604.26452216593,0.00568701222441004,19514.905351198424,ok,2880.0,1.020762|1.748313
2725,19519.0,0.24290663568140866,1287.5,99158.06772893986,0.00649215958664872,19514.820672266094,ok,2575.0,1.020762|1.748313
2726,19519.0,0.2728074525273821,1266.5,121932.191207606,0.005193460346511829,19515.71124123557,ok,2533.0,1.020762|1.748313
2727,19519.0,0.2345155771067451,1436.5000000006514,128599.47986515022,0.0055851703346971905,19514.988451407102,ok,2873.0,1.020762|1.748313
2728,19519.0,0.24967099647144286,1263.0000000000055,106613.07667877924,0.005923288396438327,19515.259443377647,ok,2526.0,1.020762|1.748313
2729,19519.0,0.25553538008108195,1372.5000000000002,128870.2369838084,0.005325124063256145,19515.345633611592,ok,2745.0,1.020762|1.748313
2730,19519.0,0.2649797931619528,1067.0,89597.06267603113,0.005954436273531109,19515.82330824807,ok,2134.0,1.020762|1.748313
2731,19519.0,0.2503107823681673,1409.0,122976.33229668863,0.005728744603476599,19514.96409942685,ok,2818.0,1.020762|1.748313
2732,19519.0,0.25401821402143904,1366.0,129645.7044425588,0.005268203855551666,19515.401816766658,ok,2732.0,1.020762|1.748313
2733,19575.0,0.1285705659147758,2096.5,95437.71753743116,0.01098360299311298,19563.486438162472,ok,4193.0,1.020639|1.748313
2734,19575.0,0.11708907832852701,2317.000000001274,97078.23933098975,0.011933673375046631,19561.174839395,ok,4634.0,1.020639|1.748313
2735,19523.0,0.31167041181388927,68.50000000002238,212.1776177202208,0.16142136181948055,19517.47131835768,ok,137.0,1.020634|1.748313
2736,19523.0,0.36763809579513973,59.50000000000002,327.5962633424199,0.0908130016394718,19520.298313201223,ok,119.0,1.020634|1.748313
2737,19523.0,0.32159780529566273,56.00000000003838,203.36546620893012,0.13768315988936408,19519.144871523094,ok,112.0,1.020634|1.748313
2738,19597.0,0.10505376534338448,2451.5,81003.80437073235,0.01513200533631823,19578.451944459008,ok,4903.0,1.020456|1.748313
2739,19575.0,0.14953473658097619,558.0000000000003,10003.378988176597,0.027890575807410844,19567.218529349735,ok,1116.0,1.020525|1.748313
2740,19575.0,0.1678003286309951,406.5000000002541,6055.107556556726,0.03356670349811365,19568.177567514,ok,813.0,1.020525|1.748313
2741,19575.0,0.17795460181118583,359.5,5085.3670252871925,0.03534651463821311,19568.64646399378,ok,719.0,1.020525|1.748313
2742,19575.0,0.13686973354577608,558.0000000003045,7204.827753116544,0.03872403471123471,19564.19599431556,ok,1116.0,1.020525|1.748313
2743,19575.0,0.14959513142761321,407.5,4543.523948653956,0.044844046670065876,19565.863025490977,ok,815.0,1.020525|1.748313
2744,19575.0,0.1425462815163876,548.0,7680.794208644478,0.035673394255456306,19565.225489974007,ok,1096.0,1.020525|1.748313
2745,19534.0,2.1030294709860193,3.0,0.2079751192978776,1.3766760971059921,19530.26413386573,ok,6.0,1.020466|1.748313
2746,19531.0,0.2746485404671587,100.0,913.1557849730168,0.05475516973423923,19528.26224151329,ok,200.0,1.020534|1.748313
2747,19531.0,0.48858680942692134,106.00000000005205,2458.4060991055258,0.021558683904709525,19529.857389753048,ok,212.0,1.020534|1.748313
2748,19531.0,0.2638698349550834,176.5,1828.0220870225098,0.048276221948577204,19526.739623413036,ok,353.0,1.020534|1.748313
2749,19531.0,0.26067047988537106,127.5,900.4269148536607,0.07079974948367773,19526.486515970413,ok,255.0,1.020534|1.748313
2750,19531.0,0.4807112735087722,137.0,2913.3506144227276,0.023512446343013572,19529.389397425504,ok,274.0,1.020534|1.748313
2751,19531.0,0.25748072104086817,175.50000000000153,1785.2420283335916,0.04915299920532889,19526.686824319735,ok,351.0,1.020534|1.748313
2752,19531.0,0.3419715079279732,120.50000000005102,1801.8944741966336,0.03343703022724885,19528.985418928805,ok,241.0,1.020534|1.748313
2753,19512.0,3.6853925631431017,3.500000000000009,0.4911218843819398,1.0206050441878582,19508.939451920545,ok,7.0,1.020460|1.748313
2754,19509.0,0.3412898726593864,946.000000000003,63179.71698092809,0.007486579912075023,19505.458847701586,ok,1892.0,1.020509|1.748318
2755,19475.0,0.3426772723030411,797.0000000002806,79329.67331445697,0.005023340993987403,19472.998198613896,ok,1594.0,1.020407|1.748318
2756,19475.0,0.38956681930933384,928.5,131043.27930541825,0.003542722697880506,19473.355290987507,ok,1857.0,1.020407|1.748318
2757,19475.0,0.41370393636257946,789.0,110749.89484731054,0.0035620801314880895,19473.59475938813,ok,1578.0,1.020407|1.748318
2758,19475.0,0.3995815154259422,742.5000000000045,81265.26583288542,0.004568372430645141,19473.303991735123,ok,1485.0,1.020407|1.748318
2759,19475.0,0.49897099180583154,1187.5,390469.0802191469,0.001520606957321086,19474.09713961909,ok,2375.0,1.020407|1.748318
2760,19475.0,0.3554286890198569,753.0,75687.62639375104,0.004974393014273265,19473.127141030127,ok,1506.0,1.020407|1.748318
2761,19475.0,0.4214527710198324,692.5,74430.58590253069,0.004651985414348691,19473.389250050284,ok,1385.0,1.020407|1.748318
2762,19475.0,0.32303252447103,655.0000000002209,44094.0393919638,0.007427307738555651,19472.56755671562,ok,1310.0,1.020407|1.748318
2763,19475.0,0.3582340687769636,723.0,55147.82840698976,0.006555108522717122,19472.630328269035,ok,1446.0,1.020407|1.748318
2764,19475.0,0.46588896884239367,734.5,105395.73847821934,0.0034844862354268184,19473.72032243004,ok,1469.0,1.020407|1.748318
2765,19475.0,0.5227100633172611,822.5000000004069,272183.9176873314,0.001510926889047952,19474.37863131688,ok,1645.0,1.020407|1.748318
2766,19475.0,0.27432094986732336,777.5000000000001,67621.57577214013,0.005748904777225907,19472.76511326785,ok,1555.0,1.020407|1.748318
2767,19475.0,0.521713543941346,787.5000000002879,190009.42265341693,0.002072265651363807,19474.184045399776,ok,1575.0,1.020407|1.748318
2768,19475.0,0.5087999965675737,829.0,184430.3442250249,0.0022474609682139146,19474.068427428676,ok,1658.0,1.020407|1.748318
2769,19475.0,0.41808298993029497,583.0000000000023,59428.245662057874,0.0049050749648177835,19473.570170647756,ok,1166.0,1.020407|1.748318
2770,19475.0,0.3601351142715147,828.0,92185.64463000777,0.004490937842454887,19473.140751733226,ok,1656.0,1.020407|1.748318
2771,19475.0,0.4206459075530702,711.5000000000001,86827.59568954691,0.004097199711391161,19473.54242120267,ok,1423.0,1.020407|1.748318
2772,19475.0,0.48425046947885925,721.0000000000001,120424.24411241389,0.0029935832494284104,19473.920813238583,ok,1442.0,1.020407|1.748318
2773,19466.0,1.1744245092153736,10.500000000008402,59.334132249788325,0.08848195466822438,19465.53546973799,ok,21.0,1.020388|1.748318
2774,19466.0,2.325579120993738,7.000000000003736,1.7588181649837793,1.001444056272008,19460.75379310354,ok,14.0,1.020388|1.748318
2775,19459.0,0.25196535560440947,2782.500000000798,363346.12377526064,0.0038289936481087235,19453.67291258707,ok,5565.0,1.020416|1.748330
2776,19459.0,0.23757443883328097,4373.0,858169.3381350546,0.002547865441978654,19453.429092211114,ok,8746.0,1.020416|1.748330
2777,19459.0,0.2133660068559986,4740.0,865299.4831383482,0.0027389361096163663,19452.508721420207,ok,9480.0,1.020416|1.748330
2778,19459.0,0.20165494420649022,4320.5,689329.076282106,0.003133844305032512,19452.230112840054,ok,8641.0,1.020416|1.748330
2779,19419.0,0.4612880620710144,1037.5000000000018,282774.7611706847,0.0018344989413212871,19418.048353674192,ok,2075.0,1.020376|1.748319
2780,19419.0,0.38224548056976276,1266.0000000006567,319081.50635652436,0.0019838191414736786,19417.744242483444,ok,2532.0,1.020376|1.748319
2781,19419.0,0.4804322317603358,1248.0,450721.12855501706,0.0013844480776849842,19418.136104399524,ok,2496.0,1.020376|1.748319
2782,19419.0,0.4330746809867705,861.5000000003151,148570.29997806548,0.002899300870118404,19417.751126150197,ok,1723.0,1.020376|1.748319
2783,19419.0,0.5807353059811525,1195.50000000038,473757.8079828292,0.0012617206300943005,19418.245806493363,ok,2391.0,1.020376|1.748319
2784,19419.0,0.4441727235805367,952.0000000003594,199368.13642191864,0.0023875430073380974,19417.863529528506,ok,1904.0,1.020376|1.748319
2785,19419.0,0.448586381821893,1135.0,307578.73021251766,0.001845056059656313,19417.952930686148,ok,2270.0,1.020376|1.748319
2786,19419.0,0.4824445806082119,1041.5,259405.96675295656,0.002007471171609297,19417.954609387387,ok,2083.0,1.020376|1.748319
2787,19419.0,0.45757359321354607,1088.0000000000002,283085.1385746053,0.0019216833590740843,19417.954604252664,ok,2176.0,1.020376|1.748319
2788,19419.0,0.3933073587830852,1088.5000000005211,261255.40355423716,0.002083210500514196,19417.866212685094,ok,2177.0,1.020376|1.748319
2789,19419.0,0.45371689967948176,1318.5,404116.6099038947,0.0016313360645007391,19417.924541699478,ok,2637.0,1.020376|1.748319
2790,19414.0,0.6481724818604035,6.0000000000000036,0.004328564165501092,1.5006295962184433,19405.005969869522,ok,12.0,1.020363|1.748319
2791,19405.0,0.2865778085114894,177.00000000000003,2164.5507404850173,0.040886082430282765,19401.381581704918,ok,354.0,1.020331|1.748319
2792,19405.0,0.21444773574490517,271.0000000000012,2556.9907695425163,0.0529919785452505,19397.81958690712,ok,542.0,1.020331|1.748319
2793,19362.0,0.3497574199275741,12.500000000008429,-0.01990809438979113,1.4003411511966068,19344.456696726033,ok,25.0,1.020329|1.748319
2794,19345.0,0.427334451999162,2564.0,1186776.1794409389,0.001080237387814709,19343.615135668824,ok,5128.0,1.020338|1.748319
2795,19345.0,0.22480596926358112,1736.0,171200.73894594394,0.005070071574130694,19340.599177873657,ok,3472.0,1.020338|1.748319
2796,19345.0,0.21107941249463297,1987.5,228825.77723369424,0.0043428236626728775,19340.68431898522,ok,3975.0,1.020338|1.748319
2797,19345.0,0.20246519916138694,2287.5,264569.3573711313,0.004323063000812963,19340.055496692818,ok,4575.0,1.020338|1.748319
2798,19345.0,0.19332445322480005,2115.0,243479.71921601627,0.0043432775567717056,19340.406983983714,ok,4230.0,1.020338|1.748319
2799,19312.0,2.20228839460879,5.0000000000001235,79.98011640200735,0.03125776896140296,19311.9218555776,ok,10.0,1.020367|1.748319
2800,19312.0,1.3347539548688208,7.0,1.45774948769035,1.1307853091493687,19305.94849126766,ok,14.0,1.020367|1.748319
2801,19307.0,0.563680931165402,57.5,759.8298663967026,0.037837417652900995,19305.91217424248,ok,115.0,1.020279|1.748319
2802,19286.0,0.7204097146996618,13.5,0.1935361575406347,1.2750697488186993,19269.101210030232,ok,27.0,1.020412|1.748319
2803,19269.0,0.2917813139489417,1201.5,66598.0139869916,0.009020539262887671,19263.580911037818,ok,2403.0,1.020356|1.748319
2804,19269.0,0.3561663473882563,1034.5,94912.95209692563,0.00544973039582397,19266.18112695276,ok,2069.0,1.020356|1.748319
2805,19269.0,0.28968031990779264,1037.0,41198.60951929771,0.012585376206862784,19262.47448243674,ok,2074.0,1.020356|1.748319
2806,19265.0,0.20799388429066,625.5000000002816,14108.362146896365,0.02216770428372802,19258.06705048526,ok,1251.0,1.020331|1.748318
2807,19265.0,0.18370266647113712,495.5000000002484,8533.371226266361,0.029033074201381393,19257.807055866604,ok,991.0,1.020331|1.748318
2808,19265.0,0.2023118578074163,648.0000000000001,12476.439605717396,0.025968947090604703,19256.586061142643,ok,1296.0,1.020331|1.748318
2809,19265.0,0.23108844012064286,495.0000000002544,10548.701382404524,0.02346260369195424,19259.193005586236,ok,990.0,1.020331|1.748318
2810,19265.0,0.23937537920982638,651.0,19028.658314790384,0.017105777749290868,19259.432069342605,ok,1302.0,1.020331|1.748318
2811,19265.0,0.2018232283925553,431.50000000026796,8937.865124690506,0.02413887399174697,19259.792037936277,ok,863.0,1.020331|1.748318
2812,19265.0,0.20066042975985737,571.500000000002,15075.647015499588,0.01895441036170557,19259.583777239142,ok,1143.0,1.020331|1.748318
2813,19265.0,0.23186051130064497,575.0000000002843,14191.04726024681,0.020259251817553454,19259.175465102453,ok,1150.0,1.020331|1.748318
2814,19295.0,0.10507253608656132,3112.0,194124.39185079813,0.008015479070738954,19282.52791456593,ok,6224.0,1.020374|1.748318
2815,19246.0,0.38126472482328005,18.000000000006466,19.942907410406825,0.45128826077318873,19241.93840565304,ok,36.0,1.020326|1.748318
2816,19239.0,0.5128538443598533,330.50000000000006,27971.58752759838,0.0059077805232525624,19238.02373926853,ok,661.0,1.020339|1.748318
2817,19239.0,0.4455062053104496,858.5000000003536,194874.43789817244,0.002202700388156975,19238.054490858383,ok,1717.0,1.020339|1.748318
2818,19239.0,0.42947441535679926,1099.5000000005298,341656.92810386623,0.0016090702537521406,19238.115413628002,ok,2199.0,1.020339|1.748318
2819,19239.0,0.4178636987030603,933.5000000003694,205458.41147944788,0.0022717492880396086,19237.93966101981,ok,1867.0,1.020339|1.748318
2820,19224.0,0.8865998447018606,13.500000000010543,0.017270229010890148,1.3448880675731512,19205.875248163968,ok,27.0,1.020338|1.748318
2821,19211.0,0.24474439636004441,2663.0,442824.7028592041,0.003006833158590409,19206.99640164934,ok,5326.0,1.020391|1.748318
2822,19211.0,0.23910441377611436,6494.500000003105,2759315.448273651,0.0011768317399278054,19207.178533132515,ok,12989.0,1.020391|1.748318
2823,19211.0,0.2142849174755195,5587.500000002719,1594558.2598529076,0.0017520526344763805,19206.10520295243,ok,11175.0,1.020391|1.748318
2824,19187.0,0.4543611044087335,1467.0,544298.0630986973,0.0013476072206176394,19186.011530103675,ok,2934.0,1.020447|1.748318
2825,19187.0,0.37383206030093935,1144.5000000004923,218792.15344811944,0.0026154959900604458,19185.50328241969,ok,2289.0,1.020447|1.748318
2826,19187.0,0.39700346479356696,1611.5000000000014,460840.26893382065,0.0017484366152813592,19185.591197197235,ok,3223.0,1.020447|1.748318
2827,19187.0,0.4200264099890914,1231.5000000000027,312262.8189631494,0.001971896628758312,19185.785804650845,ok,2463.0,1.020447|1.748318
2828,19187.0,0.3613920510846326,1310.5000000005195,252583.85160235403,0.0025941880125885013,19185.300158304748,ok,2621.0,1.020447|1.748318
2829,19187.0,0.355332835161885,1530.000000000504,302754.88691661577,0.002526796537592957,19185.067000648738,ok,3060.0,1.020447|1.748318
2830,19187.0,0.3840434529442544,1442.5,338909.0894087341,0.002128151833455702,19185.465070490118,ok,2885.0,1.020447|1.748318
2831,19187.0,0.35484035160718647,1466.0000000000005,274970.1433424202,0.0026657439643808733,19185.046009674108,ok,2932.0,1.020447|1.748318
2832,19187.0,0.3070638073704998,1413.0000000004634,190581.02411182664,0.00370708470737192,19184.38094465424,ok,2826.0,1.020447|1.748318
2833,19187.0,0.3888415798522669,1286.0,270114.60528939805,0.0023804710571318287,19185.46935711026,ok,2572.0,1.020447|1.748318
2834,19187.0,0.3888965321813523,1263.500000000547,280578.8989790525,0.002251594835887637,19185.577554962427,ok,2527.0,1.020447|1.748318
2835,19187.0,0.45083874433546495,1519.5000000000005,561065.4658767518,0.0013541200558704375,19185.97120728755,ok,3039.0,1.020447|1.748318
2836,19187.0,0.3795361816389228,1351.5000000005743,305155.2855901336,0.0022144463226106935,19185.503587897496,ok,2703.0,1.020447|1.748318
2837,19187.0,0.38640395067992434,897.0000000000001,148867.45551678995,0.0030127471343084533,19185.648782910263,ok,1794.0,1.020447|1.748318
2838,19170.0,1.8177403664279594,3.500000000003205,-0.33237417484895104,1.655220684041643,19163.296103627967,ok,7.0,1.020381|1.748318
2839,19163.0,0.3331652641515416,2185.5,580435.9175822628,0.0018826367681581818,19160.942748671598,ok,4371.0,1.020314|1.748318
2840,19151.0,0.18875761626469703,589.5000000000002,12899.745887774245,0.022849287308779463,19144.265172565738,ok,1179.0,1.020271|1.748154
2841,19151.0,0.23349470493512597,535.0,12678.375007009656,0.02109891842228234,19145.35603932204,ok,1070.0,1.020271|1.748154
2842,19116.0,0.7232946227586815,18.000000000009834,44.283733020438405,0.20323489882506338,19114.17088591057,ok,36.0,1.020324|1.748154
2843,19116.0,1.278900124912471,4.500000000002971,0.18684542722991182,1.3007295949416477,19110.46284013008,ok,9.0,1.020324|1.748154
2844,19111.0,0.3177472464525758,405.50000000000006,13656.091743892233,0.014846853975675811,19107.989800356434,ok,811.0,1.020462|1.748154
2845,19111.0,0.20443725979270636,369.50000000000006,4593.401771839061,0.0402207359984606,19103.569219024284,ok,739.0,1.020462|1.748154
2846,19220.0,0.05152173552020054,35642.500000022636,5647495.339433863,0.003155602427074835,19163.76322024646,ok,71285.0,1.020176|1.748154
2847,19220.0,0.044547761463555845,38617.000000028376,5543989.6759828385,0.00348278065589853,19152.75272970553,ok,77234.0,1.020176|1.748154
2848,19220.0,0.04597297251473757,42418.50000002934,6686873.492288686,0.0031717737780553516,19152.72905699773,ok,84837.0,1.020176|1.748154
2849,19032.0,1.7309965732873158,1.5000000000000009,-2.8492273429492343e-07,1.9999671315684415,19029.000048162994,ok,3.0,1.020127|1.748146
2850,19029.0,0.4164301597211137,240.50000000000003,13182.166848562902,0.009122172506344013,19027.90305875611,ok,481.0,1.020102|1.748146
2851,18998.0,1.8638273247880972,5.5,40.764490149485255,0.06746067447220912,18997.8144831452,ok,11.0,1.020148|1.748161
2852,18998.0,0.7836819573452051,9.000000000000055,-0.14163405118500805,1.1400800434430283,18987.555186147107,ok,18.0,1.020148|1.748161
2853,18989.0,0.24328025267753742,69.5,214.8440897855027,0.16174519873780988,18983.37935434386,ok,139.0,1.020113|1.748161
2854,18989.0,0.23022965772582912,259.00000000000006,4612.17550641417,0.028077856061614285,18985.36391764002,ok,518.0,1.020113|1.748161
2855,18989.0,0.24631263030206416,124.00000000000024,1131.7253209906435,0.05478361122620204,18985.603416103975,ok,248.0,1.020113|1.748161
2856,18989.0,0.30332790712002633,182.0,4577.75916166857,0.019878721616021177,18987.191036332944,ok,364.0,1.020113|1.748161
2857,18989.0,0.2911398859810027,148.0,2298.784429481487,0.03219092623517178,18986.617871458595,ok,296.0,1.020113|1.748161
2858,18989.0,0.2771567590222727,127.50000000007987,1410.9066739576078,0.04518371142240083,18986.119538396822,ok,255.0,1.020113|1.748161
2859,18989.0,0.2798458945508292,131.5,1701.9177369545037,0.038632889576470555,18986.459887510347,ok,263.0,1.020113|1.748161
2860,18989.0,0.21689464105325632,192.00000000000003,2148.6246904085574,0.0446797434789534,18984.71074462602,ok,384.0,1.020113|1.748161
2861,18989.0,0.22556619920202164,232.50000000000037,3409.792992499205,0.034092978739684386,18985.036691221514,ok,465.0,1.020113|1.748161
2862,18960.0,1.107925774965384,10.000000000010777,0.599876486075388,1.5282028298526884,18946.118925580056,ok,20.0,1.020129|1.748161
2863,18947.0,0.3519726239846418,1476.0,139094.75895213342,0.005305735496863455,18943.084367203315,ok,2952.0,1.020219|1.748209
2864,18947.0,0.2801277210390843,3186.5000000012606,707149.2028448231,0.002253060589746932,18943.410311215386,ok,6373.0,1.020219|1.748209
2865,18929.0,0.3047159376093796,732.0000000003175,68086.26455191095,0.005375533558917889,18927.032554717433,ok,1464.0,1.020193|1.748194
2866,18995.0,0.535372027897782,11.000000000000002,5.096356460426222,1.079202375796928,18989.064386933114,ok,22.0,1.020257|1.748194
2867,18982.0,0.4264302720814095,13.500000000000007,1.7856905165635197,1.285135570810773,18967.59986881499,ok,27.0,1.020346|1.748194
2868,18967.0,0.5785158508474438,20.0,102.94583096010078,0.09713846502318048,18966.02861534977,ok,40.0,1.020180|1.748194
2869,18967.0,0.11139185305202766,58.50000000003526,6.712045604313069,1.0381281630551173,18913.503141686084,ok,117.0,1.020180|1.748194
2870,18947.0,0.13063075724306372,974.0000000004985,18556.833405802,0.02624370167854087,18934.219317282546,ok,1948.0,1.019895|1.748194
2871,18947.0,0.14438740762493998,1134.0,30400.03759208909,0.0186512927256231,18936.424717024573,ok,2268.0,1.019895|1.748194
2872,18916.0,0.5442218279781923,12.000000000004485,8.50814904161016,0.7052062640955744,18911.768762415424,ok,24.0,1.020038|1.748194
2873,18916.0,1.3543723925371849,5.0000000000027836,0.2639767307002501,1.1958907043440483,18910.39807400784,ok,10.0,1.020038|1.748194
2874,18911.0,0.2938363654425506,877.5,87901.77156723315,0.004991366979042222,18908.810037737945,ok,1755.0,1.020069|1.748194
2875,18894.0,0.0,0.0,0.0,0.0,18894.0,no_positive_direction,0.0,1.020024|1.748192
2876,18894.0,5.136092475781787,1.0000000000010032,0.24930361639495402,1.8997354040442636,18893.000000002623,ok,2.0,1.020024|1.748192
2877,18893.0,0.3675269169652962,463.0,19016.639552419398,0.01217354934671133,18890.18182332624,ok,926.0,1.020072|1.748192
2878,18893.0,0.3283019990804974,882.5000000006147,58960.50255897492,0.0074838235912075115,18889.697762840377,ok,1765.0,1.020072|1.748192
2879,18893.0,0.31954032045053105,515.0,22274.123072732495,0.011560500009772596,18890.02317124748,ok,1030.0,1.020072|1.748192
2880,18881.0,0.4527108139125028,55.50000000002108,458.69226789615243,0.06049807668938758,18879.32117837187,ok,111.0,1.020022|1.748192
2881,18868.0,0.2967567922264618,11.00000000001067,0.0832417955085063,1.7046091516473882,18849.49117438109,ok,22.0,1.020043|1.748192
2882,18849.0,0.26345397577166113,30.000000000000004,14.653182577744374,1.0236684024385516,18833.64497396342,ok,60.0,1.020059|1.748192
2883,18818.0,0.0,0.0,0.0,0.0,18818.0,no_positive_direction,0.0,1.020098|1.748192
2884,18818.0,1.8324270197383135,3.500000000000005,-0.24478259363528565,1.6269784319012157,18811.657621565402,ok,7.0,1.020098|1.748192
2885,18811.0,0.23626124284283712,951.0,28655.60617091386,0.016593611636198578,18803.10973766699,ok,1902.0,1.020005|1.748192
2886,18811.0,0.18831234848732342,939.5,28914.021959603677,0.0162464426656484,18803.368233557812,ok,1879.0,1.020005|1.748192
2887,18811.0,0.17620676528612492,836.0000000004063,18226.368360384015,0.022933806216094508,18801.413669001668,ok,1672.0,1.020005|1.748192
2888,18791.0,0.3158736208496904,392.50000000021225,19779.688484825907,0.009921794276520601,18789.052847873234,ok,785.0,1.019926|1.748192
2889,18791.0,0.3761878249000942,382.50000000000443,21660.350212057787,0.008829497128515402,18789.31135867417,ok,765.0,1.019926|1.748192
2890,18791.0,0.3029822937972396,490.5000000000001,29312.625182814667,0.008366702008791237,18788.948066332345,ok,981.0,1.019926|1.748192
2891,18768.0,0.8611901716916955,5.000000000003826,-0.045476715706115556,1.4553976950307348,18760.626683543716,ok,10.0,1.019840|1.748192
2892,18761.0,0.34196863179706927,123.50000000000003,1394.7147280719673,0.04427428688973715,18758.266062784558,ok,247.0,1.019839|1.748192
2893,18761.0,0.21631179917833254,318.0000000001233,4366.830906877569,0.03641084424625729,18755.210675764843,ok,636.0,1.019839|1.748192
2894,18694.0,0.7557589679153016,14.500000000014795,85.17313707823392,0.08512073464369486,18693.382874673833,ok,29.0,1.019818|1.748192
2895,18694.0,1.1288858636410175,10.000000000000004,66.20083088806051,0.07552775294398555,18693.62236123528,ok,20.0,1.019818|1.748192
2896,18694.0,0.7830341664067719,4.0000000000036025,-0.0016526172332902433,1.7495499539526107,18686.996741646708,ok,8.0,1.019818|1.748192
2897,18687.0,0.43369789010839527,202.50000000000006,7784.709785041998,0.01300626520394476,18685.6831156481,ok,405.0,1.019785|1.748192
2898,18687.0,0.31153740291096016,806.0,69585.7394325549,0.005791416506978455,18684.66605914769,ok,1612.0,1.019785|1.748192
2899,18687.0,0.2995049731953622,586.5000000002453,33133.37089496105,0.008850593588252149,18684.404563430242,ok,1173.0,1.019785|1.748192
2900,18687.0,0.3234464014688691,661.5,43942.587115137394,0.007526866798565505,18684.510488806372,ok,1323.0,1.019785|1.748192
2901,18687.0,0.34066245956940855,666.0000000000018,64558.06077968845,0.005158147502856388,18685.282336881548,ok,1332.0,1.019785|1.748192
2902,18687.0,0.3326258483455401,544.0000000000001,36609.07779026904,0.007429851184951172,18684.979080477693,ok,1088.0,1.019785|1.748192
2903,18687.0,0.30661449160533877,666.5,50409.28814172788,0.006610884864373671,18684.796922618945,ok,1333.0,1.019785|1.748192
2904,18652.0,5.0304379944555695,0.5000000000005029,-8.959943897934863e-11,1.999999926936869,18651.00000003617,ok,1.0,1.019744|1.748192
2905,18651.0,0.1690463107710706,505.5000000000001,6987.915966402745,0.03616958206355067,18641.858138133437,ok,1011.0,1.019714|1.748192
2906,18624.0,1.9263662195922413,2.0000000000000004,-0.02458499335737585,1.5286466111156518,18620.885257537342,ok,4.0,1.019728|1.748192
2907,18619.0,0.18176806300082535,2509.000000001077,306639.8177760429,0.004091119050027526,18613.867691151736,ok,5018.0,1.019628|1.748192
2908,18619.0,0.20695735346599997,6697.5000000000755,2443642.6570149916,0.0013703926760268096,18614.410897526155,ok,13395.0,1.019628|1.748192
2909,18573.0,0.30843384734811524,488.5000000000001,25981.11185542357,0.009401060330257296,18570.703791014337,ok,977.0,1.019599|1.748185
2910,18573.0,0.26734642734160485,251.00000000000009,5023.112553686489,0.02498450883962274,18569.864444140625,ok,502.0,1.019599|1.748185
2911,18560.0,0.5906751904412086,5.0,0.0042221993504405475,1.7957419103651673,18551.03490572801,ok,10.0,1.019625|1.748180
2912,18551.0,0.19197592046752884,327.5000000000001,4592.89676774402,0.03565288058508492,18545.16184080419,ok,655.0,1.019602|1.748180
2913,18551.0,0.212545808412078,226.00000000011366,2463.119353384708,0.04587678621613577,18545.815923157574,ok,452.0,1.019602|1.748180
2914,18512.0,0.3680428502665975,8.500000000008193,0.06293470228896325,1.7566187849352017,18497.262938540265,ok,17.0,1.019545|1.748180
2915,18497.0,0.12587350262077804,197.50000000000003,786.1364441420305,0.12561432654069773,18484.59558525411,ok,395.0,1.019491|1.748180
2916,18497.0,0.12715495916550493,186.5,754.727855981211,0.1235544696820114,18485.47854570215,ok,373.0,1.019491|1.748180
2917,18497.0,0.09301914150105206,421.000000000006,1958.6769447424465,0.10747050480429401,18474.377458738698,ok,842.0,1.019491|1.748180
2918,18497.0,0.09800685534822563,196.50000000000176,466.7188140525899,0.210512190727606,18476.317177261015,ok,393.0,1.019491|1.748180
2919,18418.0,2.69910623257343,4.500000000004337,78.41714892511312,0.02869270345636865,18417.935441417223,ok,9.0,1.019513|1.748185
2920,18418.0,1.1246100412634752,4.0,0.1916190368257844,1.6179259505533112,18412.029894357678,ok,8.0,1.019513|1.748185
2921,18413.0,0.3174888989459179,217.0,5510.581675338877,0.019689391500277095,18410.86370102222,ok,434.0,1.019527|1.748185
2922,18413.0,0.387900129624756,580.5000000002079,58413.658755297234,0.004968872112873475,18411.557784869237,ok,1161.0,1.019527|1.748185
2923,18413.0,0.35134163866717455,566.5000000001713,41253.26538926236,0.006866123137825876,18411.05517062121,ok,1133.0,1.019527|1.748185
2924,18519.0,0.0800121936111342,1686.0000000011946,26941.824433964524,0.031289640464654635,18492.622833088277,ok,3372.0,1.019474|1.748184
2925,18584.0,0.06024664407721411,11139.000000009324,956871.3865343463,0.005820531451124909,18551.58255008293,ok,22278.0,1.019516|1.748184
2926,18584.0,0.05352256538598874,27577.0,4256311.091148807,0.003239542341882344,18539.331570418955,ok,55154.0,1.019516|1.748184
2927,18465.0,0.33921420636297706,543.0,33128.0920030623,0.00819546142213391,18462.77493222389,ok,1086.0,1.019508|1.748184
2928,18465.0,0.23093412091572083,427.00000000000017,9453.091724836242,0.02258520346724961,18460.178059059745,ok,854.0,1.019508|1.748184
2929,18428.0,0.4893737353770833,6.000000000000101,0.01229800581100804,1.8268315950429979,18417.08005273273,ok,12.0,1.019488|1.748184
2930,18417.0,0.23561420730305122,2830.5000000016166,713434.0279614212,0.0019837153044756895,18414.19254691534,ok,5661.0,1.019536|1.748184
2931,18417.0,0.18722009078763815,3517.0000000000164,773921.9667791832,0.002272192902494195,18413.004348780963,ok,7034.0,1.019536|1.748184
2932,18417.0,0.20020433229303006,4138.0000000024265,1146183.335373022,0.0018051213415416335,18413.265203944346,ok,8276.0,1.019536|1.748184
2933,18417.0,0.19868844207593206,4319.000000000002,1199282.41183038,0.0018006601103272319,18413.11147449175,ok,8638.0,1.019536|1.748184
2934,18417.0,0.1845189022376457,3467.500000002119,677182.2688729952,0.002560241281695789,18412.561181677855,ok,6935.0,1.019536|1.748184
2935,18417.0,0.18079346612148126,2987.5,434988.7080758991,0.0034339971872082774,18411.87046670161,ok,5975.0,1.019536|1.748184
2936,18417.0,0.20887742800688266,4132.0000000001,1190193.809322914,0.001735851744326725,18413.41373029622,ok,8264.0,1.019536|1.748184
2937,18400.0,1.6017161354319518,7.500000000000003,0.16061267806095714,1.059867360256687,18392.231414042286,ok,15.0,1.019483|1.748137
2938,18391.0,0.38612832202468805,1389.5000000000005,370041.1270022098,0.0018774940116206365,18389.695611035426,ok,2779.0,1.019348|1.748137
2939,18391.0,0.3625279778216718,2379.0,1125189.2867157925,0.001057155461790716,18389.7425135782,ok,4758.0,1.019348|1.748137
2940,18391.0,0.2893678818294931,2646.5000000016707,1047284.3379141478,0.001263505957356645,18389.328065741927,ok,5293.0,1.019348|1.748137
2941,18391.0,0.32102445255617457,1864.5000000000002,539826.7521508401,0.001726942942871249,18389.390057441506,ok,3729.0,1.019348|1.748137
2942,18391.0,0.3351502770045243,2730.0,1582023.5899306498,0.0008628189925156784,18389.822252075217,ok,5460.0,1.019348|1.748137
2943,18391.0,0.3406624670343712,2339.5,921225.1488404169,0.0012697764509277795,18389.51467899653,ok,4679.0,1.019348|1.748137
2944,18391.0,0.3306513183731543,1964.0000000000005,560363.4705647292,0.0017524340032556898,18389.279109808806,ok,3928.0,1.019348|1.748137
2945,18391.0,0.32988236295801227,2380.0000000000005,964764.716915117,0.0012334613602009454,18389.53218098136,ok,4760.0,1.019348|1.748137
2946,18375.0,0.3253601402446043,160.5,1812.5887175810478,0.044273694976484215,18371.447035978137,ok,321.0,1.019335|1.748137
2947,18375.0,0.336559767630754,183.00000000000003,2803.553363136305,0.0326371529799026,18372.01370050234,ok,366.0,1.019335|1.748137
2948,18375.0,0.32713903476922607,279.0,7255.129183336085,0.019227776167019883,18372.3177252247,ok,558.0,1.019335|1.748137
2949,18375.0,0.3326441202925164,215.50000000000006,5160.675247945948,0.020879050671302496,18372.75028229017,ok,431.0,1.019335|1.748137
2950,18375.0,0.35052103506844035,289.0,8308.342923984268,0.017392156453107138,18372.486833392526,ok,578.0,1.019335|1.748137
2951,18375.0,0.3904491620058855,208.50000000000006,5077.486784326579,0.020531811194822554,18372.85955868294,ok,417.0,1.019335|1.748137
2952,18375.0,0.5050693471929679,128.5,3357.6094280626526,0.0191356384286401,18373.77053523096,ok,257.0,1.019335|1.748137
2953,18375.0,0.3214110636035971,247.0,5701.980961576666,0.021659139311796433,18372.325096294993,ok,494.0,1.019335|1.748137
2954,18375.0,0.28873144152656355,357.5000000001304,8591.192614279176,0.020806191645961928,18371.280893243285,ok,715.0,1.019335|1.748137
2955,18375.0,0.3229867029684425,177.0,2715.518253500355,0.03259046404343694,18372.115743932158,ok,354.0,1.019335|1.748137
2956,18375.0,0.32247650283304957,254.0,6464.350238283313,0.019646212738888728,18372.50493098216,ok,508.0,1.019335|1.748137
2957,18375.0,0.36634545190312146,192.0,3284.7239392051283,0.02922620036776396,18372.194284764697,ok,384.0,1.019335|1.748137
2958,18375.0,0.2726060167837549,256.5000000000049,4167.0526712563715,0.03077714877103651,18371.052830670113,ok,513.0,1.019335|1.748137
2959,18375.0,0.3599851726934698,252.00000000000003,6314.808398460209,0.019953099452823243,18372.485909468942,ok,504.0,1.019335|1.748137
2960,18350.0,0.7242973016096425,11.000000000000002,41.32782050933311,0.13308226594620273,18349.268047537298,ok,22.0,1.019317|1.748137
2961,18350.0,5.193641635979605,0.5000000000000001,-8.403284723357274e-05,1.999315449322404,18349.00000637401,ok,1.0,1.019317|1.748137
2962,18349.0,0.4030308577929251,130.00000000007122,3434.9622499524467,0.018923060945119693,18347.770001038567,ok,260.0,1.019270|1.748137
2963,18349.0,0.36882701427511777,162.5,3709.6861670999906,0.021902122265915654,18347.220452565896,ok,325.0,1.019270|1.748137
2964,18349.0,0.31522073674126216,217.50000000011784,5925.835848514874,0.01835184145833431,18347.004237241403,ok,435.0,1.019270|1.748137
2965,18349.0,0.45743425718851993,145.00000000006293,4234.02163845513,0.017123200160706918,18347.75856798835,ok,290.0,1.019270|1.748137
2966,18349.0,0.37981679492065573,268.0,11491.752808129744,0.011660536233010757,18347.437488144777,ok,536.0,1.019270|1.748137
2967,18349.0,0.3398563900780197,173.00000000007782,3614.7846453080647,0.023929502996067716,18346.930097990837,ok,346.0,1.019270|1.748137
2968,18349.0,0.31120359427015026,158.5,2649.434934496806,0.02991203858910827,18346.62947094181,ok,317.0,1.019270|1.748137
2969,18326.0,0.5962227054286761,5.000000000004787,-0.0031601015870030835,1.7990427802927265,18316.994558256174,ok,10.0,1.019206|1.748137
2970,18317.0,0.24947652810273205,1728.000000000894,263306.9240537715,0.0032813417387535333,18314.164920737716,ok,3456.0,1.019211|1.748137
2971,18290.0,1.7140373151711645,1.5000000000015425,5.5394169340416965e-05,1.9995517115004962,18287.000893910106,ok,3.0,1.019185|1.748137
2972,18287.0,0.1797201466127439,203.50000000000364,650.8009690550067,0.15634580284621818,18271.091814560397,ok,407.0,1.019147|1.748137
2973,18382.0,0.04759611303524604,29759.00000002131,3699306.045959922,0.004022240878464442,18322.151066848848,ok,59518.0,1.019222|1.748455
2974,18429.0,0.11572474821655532,3472.0,213359.20923368877,0.008136513095615142,18414.87501326601,ok,6944.0,1.019087|1.748369
2975,18429.0,0.10062334518282365,6814.5,698881.2716293877,0.004875291610055968,18412.388662661637,ok,13629.0,1.019087|1.748369
2976,18349.0,0.06795895583404447,448.0000000000003,1386.3857699854761,0.16157119096970157,18312.808053222787,ok,896.0,1.019110|1.748371
2977,18240.0,0.9160679034140041,7.000000000000043,0.027361716290023708,1.2884119298881596,18231.026537084872,ok,14.0,1.019142|1.748395
2978,18231.0,0.23282947205085883,89.0,384.7473739324805,0.1156603085946191,18225.85311626754,ok,178.0,1.019107|1.748397
2979,18231.0,0.3340696091041701,57.0,281.01436760164313,0.1014183020008453,18228.109578392974,ok,114.0,1.019107|1.748397
2980,18212.0,1.9248980745645177,2.0,0.026606033345796476,1.5309801359532353,18209.000401614354,ok,4.0,1.019099|1.748397
2981,18209.0,0.23451175282190348,389.00000000000006,9249.822874715896,0.021027429674535688,18204.9101649283,ok,778.0,1.019107|1.748397
2982,18166.0,2.141533361495055,2.5000000000000004,0.13381670364103115,1.2918126671082346,18162.993778966502,ok,5.0,1.019188|1.748397
2983,18163.0,0.1566018281910182,1671.0000000005866,72899.98668175479,0.011460907443614115,18153.42441183086,ok,3342.0,1.019158|1.748397
2984,18110.0,7.057076268724976,0.5000000000000006,1.2641706348404114e-07,1.999960713744641,18109.00002014878,ok,1.0,1.019131|1.748397
2985,18109.0,0.45863039407897743,890.0,198370.84594939277,0.002243273188004279,18108.001743431338,ok,1780.0,1.019151|1.748436
2986,18109.0,0.34160683888962134,1848.000000000001,513524.77415418933,0.0017993289642586224,18107.337420037027,ok,3696.0,1.019151|1.748436
2987,18109.0,0.33467863506861645,1643.5000000008195,438445.4046745564,0.0018742356317096487,18107.459846869642,ok,3287.0,1.019151|1.748436
2988,18092.0,5.030437924119633,0.5000000000000056,1.1186784831807017e-10,1.9999999972728024,18091.00000000181,ok,1.0,1.019119|1.748435
2989,18091.0,0.17461243823342773,545.0,8023.584632091156,0.03396237623145496,18081.74525247693,ok,1090.0,1.019089|1.748435
2990,18091.0,0.18824871985260913,1222.0000000004998,46192.891485985936,0.01322714340550896,18082.918215379228,ok,2444.0,1.019089|1.748435
2991,18093.0,0.16241337410215553,2760.0,313203.20186331833,0.004406085224512587,18086.919602390175,ok,5520.0,1.019102|1.748450
2992,18093.0,0.1178002703497899,10014.50000000731,2667188.647957126,0.0018773512716615853,18083.599632844966,ok,20029.0,1.019102|1.748450
2993,18264.0,0.043218470398879376,7748.500000005827,216954.42143616788,0.017857437402550434,18194.81582314312,ok,15497.0,1.019031|1.748405
2994,18144.0,0.0,0.0,0.0,0.0,18144.0,no_positive_direction,0.0,1.019010|1.748397
2995,18144.0,0.4428479328195034,8.000000000000002,-0.005156767355327219,1.625780194862547,18130.98012827349,ok,16.0,1.019010|1.748397
2996,18131.0,0.21460251338665218,187.0,1557.5008416718915,0.06003207028744388,18125.387001428124,ok,374.0,1.018951|1.748397
2997,18108.0,0.0,0.0,0.0,0.0,18108.0,no_positive_direction,0.0,1.018920|1.748397
2998,18108.0,1.0500888001156983,2.5000000000026272,0.004302652317356603,1.9913407238612146,18103.03871009082,ok,5.0,1.018920|1.748397
2999,18103.0,0.38437156669763145,228.0,5589.901494017777,0.020393919306449494,18100.675093199065,ok,456.0,1.018883|1.748397
3000,18103.0,0.2917358569186381,367.50000000015626,10822.590236803615,0.016978375414714728,18099.880223517543,ok,735.0,1.018883|1.748397
3001,18103.0,0.34744658073975027,356.50000000015234,12076.8296552392,0.014759668314336727,18100.36908912297,ok,713.0,1.018883|1.748397
3002,18092.0,0.0,0.0,0.0,0.0,18092.0,no_positive_direction,0.0,1.018871|1.748397
3003,18092.0,0.7439331201640541,3.500000000000001,0.029134230055621657,1.991690234889082,18085.14465471546,ok,7.0,1.018871|1.748397
3004,18085.0,0.3274632973251939,1053.5000000005268,170087.0022365999,0.0030969444641485698,18083.368684503508,ok,2107.0,1.018871|1.748397
3005,18085.0,0.2664214216720715,1918.0,384966.17403150635,0.002491127960560799,18082.61100828582,ok,3836.0,1.018871|1.748397
3006,18085.0,0.2611831214651044,1332.5000000007087,182619.44561099386,0.0036482971338088733,18082.569322034597,ok,2665.0,1.018871|1.748397
3007,18085.0,0.32070541069451325,2993.5000000000005,1379293.831304551,0.0010851567418266185,18083.37579164667,ok,5987.0,1.018871|1.748397
3008,18085.0,0.31433126827164093,1867.000000000713,415395.1752895588,0.0022472576850456755,18082.902184951006,ok,3734.0,1.018871|1.748397
3009,18085.0,0.3023597720805106,2515.0,906488.7071708713,0.001387220811525194,18083.255569829507,ok,5030.0,1.018871|1.748397
3010,18085.0,0.2579331554275008,1869.000000001025,376946.30000696046,0.0024791329692936542,18082.683250240196,ok,3738.0,1.018871|1.748397
3011,18085.0,0.2747993069911811,1863.5000000000018,374839.9941859755,0.002485727282179277,18082.68392360483,ok,3727.0,1.018871|1.748397
3012,18062.0,1.7477644278093365,1.5000000000000002,0.0005272169123635706,1.998454926488631,18059.00442322082,ok,3.0,1.018847|1.748397
3013,18059.0,0.27143478721711456,64.00000000002744,145.86840800900848,0.21937580890056385,18051.979974115176,ok,128.0,1.018839|1.748397
3014,18059.0,0.24176321233905818,22.5,3.1162735335089593,1.4474333510308257,18032.96153993231,ok,45.0,1.018839|1.748397
3015,18026.0,0.5979270432727555,21.000000000000004,209.1694156902661,0.050198543440730325,18025.472915293874,ok,42.0,1.018896|1.748466
3016,18026.0,0.5936196436686192,15.000000000009953,35.668451961402745,0.21026984877619068,18024.422976134178,ok,30.0,1.018896|1.748466
3017,18026.0,0.17662932258407313,34.50000000000001,48.034493987884595,0.3591169296870464,18019.8052329629,ok,69.0,1.018896|1.748466
3018,18026.0,0.17535080849156792,31.5,12.626402859409971,1.2218036495301647,18006.361931728974,ok,63.0,1.018896|1.748466
3019,17987.0,0.33676185213301457,49.00000000002761,181.1215770484569,0.13526825682099225,17983.685927707884,ok,98.0,1.018865|1.748466
3020,17968.0,0.4144995088506997,6.500000000007018,-0.0008771301764980421,1.9868715876231675,17955.08187206986,ok,13.0,1.018873|1.748466
3021,17955.0,0.1969943575432489,147.50000000004326,632.6245673423568,0.11657783116113227,17946.402384951863,ok,295.0,1.018840|1.748466
3022,17955.0,0.18136645789218292,301.00000000017826,3732.3595754889643,0.040323017371758085,17948.93138588555,ok,602.0,1.018840|1.748466
3023,17955.0,0.20297947262504004,360.5,6632.981430381334,0.027174808476681855,17950.101740772076,ok,721.0,1.018840|1.748466
3024,17955.0,0.1985306619205594,391.00000000027205,8608.859480066125,0.02270916379258108,17950.56035847855,ok,782.0,1.018840|1.748466
3025,17955.0,0.1808956739395209,417.50000000022095,7302.431326715275,0.0285863694789457,17949.032595371267,ok,835.0,1.018840|1.748466
3026,17938.0,0.0,0.0,0.0,0.0,17938.0,no_positive_direction,0.0,1.018770|1.748466
3027,17938.0,0.0,0.0,0.0,0.0,17938.0,no_positive_direction,0.0,1.018770|1.748466
3028,17938.0,1.7139298835281558,1.5000000000000004,1.552405002414048e-05,1.9998739138677175,17935.000251217567,ok,3.0,1.018770|1.748466
3029,17935.0,0.36800309818837607,399.00000000014893,23876.22466379848,0.008355592343816384,17933.333059327408,ok,798.0,1.018788|1.748466
3030,17935.0,0.2928251032110341,1152.5000000004675,117562.10895809512,0.0049016643636908335,17932.175415910424,ok,2305.0,1.018788|1.748466
3031,17935.0,0.31124264012492453,1051.5000000000002,132790.55187451033,0.003959242525754725,17932.918428242087,ok,2103.0,1.018788|1.748466
3032,17935.0,0.34918644188295106,964.0000000004284,113069.05171673353,0.004262881776064998,17932.94529098394,ok,1928.0,1.018788|1.748466
3033,17935.0,0.28959219439074946,1196.500000000014,141122.15254195422,0.00423923522440712,17932.463877526996,ok,2393.0,1.018788|1.748466
3034,17935.0,0.35222700328336,1245.5,195246.13480622284,0.003189563781214233,17933.013699155246,ok,2491.0,1.018788|1.748466
3035,17935.0,0.41728639890939956,1289.5,245897.12868236756,0.0026220314301955198,17933.309445235383,ok,2579.0,1.018788|1.748466
3036,17935.0,0.3067834209475314,871.0000000000134,73903.49770266804,0.005892819873724115,17932.43367694499,ok,1742.0,1.018788|1.748466
3037,17935.0,0.34601816071991354,1124.5,144142.41012548213,0.0039006562989375394,17932.806855995925,ok,2249.0,1.018788|1.748466
3038,17935.0,0.3680858137357129,809.5,86798.13443375782,0.004663118656183736,17933.11260272391,ok,1619.0,1.018788|1.748466
3039,17935.0,0.28599056315475124,1091.5,109940.73297192971,0.0049640382162937004,17932.290876143456,ok,2183.0,1.018788|1.748466
3040,17935.0,0.31082132260769774,1305.0000000000216,169044.28921529744,0.0038599351863876138,17932.48139229088,ok,2610.0,1.018788|1.748466
3041,17935.0,0.3643178403322188,1007.0000000000002,164929.06922747177,0.003052827511598747,17933.46290134791,ok,2014.0,1.018788|1.748466
3042,17924.0,0.0,0.0,0.0,0.0,17924.0,no_positive_direction,0.0,1.018753|1.748464
3043,17924.0,0.0,0.0,0.0,0.0,17924.0,no_positive_direction,0.0,1.018753|1.748464
3044,17924.0,0.0,0.0,0.0,0.0,17924.0,no_positive_direction,0.0,1.018753|1.748464
3045,17924.0,0.0,0.0,0.0,0.0,17924.0,no_positive_direction,0.0,1.018753|1.748464
3046,17924.0,0.21341561880171642,12.500000000000007,0.08357311345035612,1.9106060623784051,17900.42250081113,ok,25.0,1.018753|1.748464
3047,17899.0,0.4802172791907677,163.50000000000003,6714.694122489274,0.012174791361857838,17898.004710806166,ok,327.0,1.018752|1.748464
3048,17899.0,0.2649808848491391,528.5,23719.596121309056,0.011140577548139819,17896.056102382903,ok,1057.0,1.018752|1.748464
3049,17899.0,0.28449638599127886,508.0,22362.889144754456,0.01135810307674755,17896.115041818506,ok,1016.0,1.018752|1.748464
3050,17899.0,0.26505250501655814,520.0000000001864,20762.671545942092,0.012522473296597916,17895.74415694288,ok,1040.0,1.018752|1.748464
3051,17899.0,0.23918436556943232,563.5000000002822,22225.777825975612,0.012676721697040249,17895.428333661857,ok,1127.0,1.018752|1.748464
3052,17899.0,0.23735306999007688,488.00000000000057,16339.719808171207,0.014932936602620333,17895.35636346896,ok,976.0,1.018752|1.748464
3053,17899.0,0.2555533633327061,553.0000000002636,23956.675113990816,0.011541668394486615,17895.80872868892,ok,1106.0,1.018752|1.748464
3054,17899.0,0.24731221463182285,492.0,17710.377363329684,0.013890161398218234,17895.58302029604,ok,984.0,1.018752|1.748464
3055,17899.0,0.2511610635691923,613.5,25432.021137318734,0.012061565942546251,17895.30011464712,ok,1227.0,1.018752|1.748464
3056,17899.0,0.2600387996935961,530.5000000000001,21998.591759351853,0.012057589999470727,17895.80172425264,ok,1061.0,1.018752|1.748464
3057,17899.0,0.25312673776542594,304.5,6151.493743562579,0.024750086133035042,17895.231799386245,ok,609.0,1.018752|1.748464
3058,17899.0,0.2399101003973393,482.50000000000006,14363.668531277131,0.01679584846132268,17894.948001558703,ok,965.0,1.018752|1.748464
3059,17882.0,0.0,0.0,0.0,0.0,17882.0,no_positive_direction,0.0,1.018706|1.748464
3060,17882.0,0.0,0.0,0.0,0.0,17882.0,no_positive_direction,0.0,1.018706|1.748464
3061,17882.0,0.0,0.0,0.0,0.0,17882.0,no_positive_direction,0.0,1.018706|1.748464
3062,17882.0,0.0,0.0,0.0,0.0,17882.0,no_positive_direction,0.0,1.018706|1.748464
3063,17882.0,0.7350709693833544,3.5000000000036087,0.15427272447051976,1.996174108263793,17875.62812285414,ok,7.0,1.018706|1.748464
3064,17875.0,0.37869988883070227,288.5,11593.580948414452,0.012442229941019884,17873.205208331008,ok,577.0,1.018756|1.748464
3065,17875.0,0.31658868579557625,924.5000000000014,76794.36281861043,0.0060193220313819506,17872.21756839099,ok,1849.0,1.018756|1.748464
3066,17875.0,0.2343803156289454,989.5,65488.9672725262,0.007554707618783241,17871.262308405607,ok,1979.0,1.018756|1.748464
3067,17860.0,5.13609246928042,1.0000000000000002,30.415041155414592,0.016439234701182984,17859.99178038265,ok,2.0,1.018720|1.748464
3068,17860.0,5.192956882190471,0.5000000000000001,-5.103366618186556e-10,1.9999999686997403,17859.00000001361,ok,1.0,1.018720|1.748464
3069,17859.0,0.3126331576629115,632.5000000000001,44073.14632920862,0.007175571211497817,17856.730725604364,ok,1265.0,1.018694|1.748464
3070,17859.0,0.26711685303112104,1271.500000000663,146354.1588775906,0.004343914821935928,17856.238356151953,ok,2543.0,1.018694|1.748464
3071,17836.0,5.215023422730292,1.0000000000010412,0.2496501022853721,1.9292663582680418,17834.99994846869,ok,2.0,1.018664|1.748464
3072,17835.0,0.23395897995726042,2278.5000000011414,335447.45673250046,0.003396209979046153,17831.130867781372,ok,4557.0,1.018733|1.748464
3073,17835.0,0.43781228713326165,12876.500000007543,40734665.19410893,0.00015805334275669644,17833.982413065998,ok,25753.0,1.018733|1.748464
3074,17835.0,0.1912383466174677,4564.0000000023965,860222.7564304173,0.0026528012458896014,17828.946307556875,ok,9128.0,1.018733|1.748464
3075,17835.0,0.21392376445473826,5949.500000003233,1981620.6176970205,0.001501170291344052,17830.53439367582,ok,11899.0,1.018733|1.748464
3076,17835.0,0.1879484133031954,3672.000000001809,516594.4954441467,0.0035540448382485905,17828.474773676975,ok,7344.0,1.018733|1.748464
3077,17835.0,0.17669087317594445,5000.0,976267.0031494932,0.0025607748617282535,17828.598062845682,ok,10000.0,1.018733|1.748464
3078,17835.0,0.19757788440993787,6058.5,1896313.3123590008,0.0015974417203408406,17830.160949668658,ok,12117.0,1.018733|1.748464
3079,17835.0,0.18548782542168357,4057.000000001748,550678.9804893258,0.003683634334832204,17827.527747751792,ok,8114.0,1.018733|1.748464
3080,17835.0,0.222595313874382,3673.0000000000005,690220.914399353,0.0026607423242139324,17830.11354672158,ok,7346.0,1.018733|1.748464
3081,17825.0,0.3523128340107787,800.0,84280.11573146853,0.004746077963092401,17823.101568814764,ok,1600.0,1.018717|1.748464
3082,17825.0,0.3375654194781857,803.5000000002998,86913.39300850734,0.004622417628556113,17823.142943717725,ok,1607.0,1.018717|1.748464
3083,17825.0,0.31263705639089645,803.0,68841.68094583543,0.005832222492008873,17822.65836266946,ok,1606.0,1.018717|1.748464
3084,17798.0,0.0,0.0,0.0,0.0,17798.0,no_positive_direction,0.0,1.018681|1.748464
3085,17798.0,0.0,0.0,0.0,0.0,17798.0,no_positive_direction,0.0,1.018681|1.748464
3086,17798.0,1.7423649564121677,4.000000000000001,0.15767261193626325,1.2503985351529283,17793.24492643578,ok,8.0,1.018681|1.748464
3087,17793.0,0.3743106509989807,443.0000000001884,34850.35332615602,0.006355746179303529,17791.592202221284,ok,886.0,1.018706|1.748467
3088,17768.0,1.7141153260631896,1.5000000000000002,5.080592323736255e-05,1.9993178111098107,17765.001226368415,ok,3.0,1.018678|1.748467
3089,17765.0,0.3624337513954791,62.5,207.71402474632674,0.15044723165979976,17760.29852401063,ok,125.0,1.018644|1.748467
3090,17765.0,0.15702788141893353,119.0,357.17219809337075,0.16658631415776015,17755.08811430761,ok,238.0,1.018644|1.748467
3091,17765.0,0.27624734574112664,102.5,827.719932691612,0.06191707844142794,17761.826749729877,ok,205.0,1.018644|1.748467
3092,17765.0,0.241832997299596,105.5,635.4369139540885,0.08301374824411174,17760.62102478012,ok,211.0,1.018644|1.748467
3093,17765.0,0.27700825453319244,118.50000000000065,979.9527789339611,0.06046209702518041,17761.417620751257,ok,237.0,1.018644|1.748467
3094,17765.0,0.2915381681097812,91.50000000000003,444.64289703418626,0.10289155703409907,17760.29271126569,ok,183.0,1.018644|1.748467
3095,17716.0,1.0397164690314544,2.500000000002604,-0.002373441022911038,1.9943902991965887,17711.004583670398,ok,5.0,1.018635|1.748467
3096,17711.0,0.24354026734968984,319.5000000000001,4641.277413249292,0.03441940349093707,17705.501500292325,ok,639.0,1.018752|1.748467
3097,17711.0,0.3281475052937784,321.0,12802.438723167046,0.012536673947094337,17708.98786383149,ok,642.0,1.018752|1.748467
3098,17711.0,0.24484858343073249,476.0,13643.274694632551,0.017444492273811098,17706.84821083883,ok,952.0,1.018752|1.748467
3099,17711.0,0.22426538599348372,533.0,14143.822292179788,0.018842148500928888,17705.978567424503,ok,1066.0,1.018752|1.748467
3100,17711.0,0.24895072556044412,409.5000000000009,9351.528700314437,0.021894815977318866,17706.517036428646,ok,819.0,1.018752|1.748467
3101,17690.0,1.107394438769831,3.0,0.0077571715454567425,1.6734721470280682,17685.001307587852,ok,6.0,1.018710|1.748467
3102,17685.0,0.35091113628112236,1242.0,265761.4259081481,0.0023366822249615287,17683.548920338297,ok,2484.0,1.018723|1.748467
3103,17685.0,0.31934464549656033,1697.5,434646.0232276466,0.0019527384460974711,17683.342613243873,ok,3395.0,1.018723|1.748467
3104,17685.0,0.336078577887378,1507.5,334860.6094380556,0.002250936594975746,17683.30335654154,ok,3015.0,1.018723|1.748467
3105,17685.0,0.3216031816725197,1656.0000000000002,412116.469092048,0.002009140769899838,17683.336431442523,ok,3312.0,1.018723|1.748467
3106,17660.0,0.6966463389130368,7.000000000007864,1.0431267365144379,1.5793177129478824,17651.546589070484,ok,14.0,1.018708|1.748467
3107,17649.0,0.23194895457758496,822.0000000000001,40436.534186196186,0.010164075835666031,17644.822564831542,ok,1644.0,1.018722|1.748471
3108,17649.0,0.20003807214687777,1659.5000000006717,132684.30824636473,0.006253565406239884,17643.81110410417,ok,3319.0,1.018722|1.748471
3109,17649.0,0.2065038649772043,1911.5000000000005,201427.69887363716,0.00474487871005058,17644.46508217287,ok,3823.0,1.018722|1.748471
3110,17649.0,0.20851798544412245,1976.5000000000264,208260.56572402277,0.004745257444991272,17644.31049932999,ok,3953.0,1.018722|1.748471
3111,17649.0,0.22516698918327413,1533.00000000001,147630.0714376507,0.005192031626996296,17645.02030775791,ok,3066.0,1.018722|1.748471
3112,17649.0,0.18482432776994195,1883.5000000000118,168076.73868606027,0.0056030953917962445,17643.723284914777,ok,3767.0,1.018722|1.748471
3113,17649.0,0.23205147669147003,1536.5000000000005,174502.6359389628,0.004402512293675135,17645.617769930384,ok,3073.0,1.018722|1.748471
3114,17649.0,0.1912851933130094,1826.500000000784,151293.3991571568,0.006036284498121091,17643.48736318209,ok,3653.0,1.018722|1.748471
3115,17699.0,0.10974787122373482,1269.5000000005862,19829.726757205226,0.032010022516808186,17678.681638207447,ok,2539.0,1.018630|1.748471
3116,17699.0,0.07615155682139443,924.5000000008708,6656.000854485774,0.0694486088728346,17666.897380548504,ok,1849.0,1.018630|1.748471
3117,17699.0,0.0825457841613538,1202.0000000000002,11342.313299472562,0.05298742717924638,17667.154556265275,ok,2404.0,1.018630|1.748471
3118,17782.0,0.04130455263359105,31130.000000028187,3999247.379837189,0.003891982296090859,17721.421295561293,ok,62260.0,1.018704|1.748481
3119,17782.0,0.039475219987075295,29538.0,2974002.4226249103,0.004966034959367855,17708.656629685094,ok,59076.0,1.018704|1.748481
3120,17643.0,0.2254789667574073,3078.5,739183.5539021224,0.002082365052461404,17639.794719593,ok,6157.0,1.018670|1.748460
3121,17616.0,0.0,0.0,0.0,0.0,17616.0,no_positive_direction,0.0,1.018649|1.748409
3122,17616.0,0.0,0.0,0.0,0.0,17616.0,no_positive_direction,0.0,1.018649|1.748409
3123,17616.0,0.0,0.0,0.0,0.0,17616.0,no_positive_direction,0.0,1.018649|1.748409
3124,17616.0,1.4456183950891566,2.500000000000002,-8.135934656650079e-06,1.9995706154947954,17611.001040931496,ok,5.0,1.018649|1.748409
3125,17611.0,0.2545938806690745,840.0,53987.02403006946,0.00777964719385292,17607.73254817858,ok,1680.0,1.018666|1.748414
3126,17611.0,0.2641230052030086,1513.000000000002,208928.56860498284,0.0036208547497891532,17608.260823381785,ok,3026.0,1.018666|1.748414
3127,17611.0,0.234424984690845,1526.5000000006944,170592.053096366,0.004474124006053164,17607.585124852376,ok,3053.0,1.018666|1.748414
3128,17558.0,4.499809783724733,0.5000000000004496,-3.298698203479944e-09,1.9999998866055388,17557.000000043503,ok,1.0,1.018635|1.748414
3129,17557.0,0.39323643875281766,724.0,103093.48175240967,0.003511376217454589,17555.728881809282,ok,1448.0,1.018614|1.748414
3130,17546.0,0.0,0.0,0.0,0.0,17546.0,no_positive_direction,0.0,1.018584|1.748414
3131,17546.0,1.7477519781224906,1.5,-0.00048281745572253953,1.9984922185385317,17543.000333313204,ok,3.0,1.018584|1.748414
3132,17543.0,0.4140711194266274,525.0,47502.22757116044,0.0055260566382231945,17541.549410132466,ok,1050.0,1.018574|1.748414
3133,17543.0,0.35904085734907343,670.0000000002956,59620.78685598537,0.005618845668866192,17541.117686700927,ok,1340.0,1.018574|1.748414
3134,17512.0,5.0875963509180115,0.5000000000005086,-6.533902308092365e-10,1.9999999843143732,17511.00000000523,ok,1.0,1.018598|1.748414
3135,17511.0,0.44390512083715505,135.0,2643.658190511991,0.02553280157104101,17509.276535893954,ok,270.0,1.018613|1.748414
3136,17502.0,0.8514624785187284,5.0,-0.02327483706243072,1.4642739466363701,17494.62872673078,ok,10.0,1.018625|1.748414
3137,17495.0,0.3857445747662214,116.00000000004366,1685.847457921582,0.03440406172426054,17493.004564419993,ok,232.0,1.018633|1.748414
3138,17495.0,0.277786065865233,338.0,7929.908721921037,0.021311720717897418,17491.398319198677,ok,676.0,1.018633|1.748414
3139,17462.0,1.8894071896425033,2.000000000001565,-0.02436788267312906,1.5284623859518676,17458.886147047233,ok,4.0,1.018621|1.748414
3140,17459.0,0.5181804495617587,133.0,4583.276758048006,0.014509270007147029,17458.035133544527,ok,266.0,1.018628|1.748414
3141,17459.0,0.3547111231305275,475.5,33477.121958932876,0.00710186497786916,17457.311531601514,ok,951.0,1.018628|1.748414
3142,17459.0,0.2392385728188749,409.0000000001637,12525.865613577858,0.016326216990417555,17455.66128862546,ok,818.0,1.018628|1.748414
3143,17459.0,0.40817089353243174,345.0,17837.815643978447,0.009670466577460745,17457.331844515385,ok,690.0,1.018628|1.748414
3144,17459.0,0.3226560727856737,399.5,13637.825306793471,0.01464676335900106,17456.074309019037,ok,799.0,1.018628|1.748414
3145,17459.0,0.34483727947694826,334.50000000000006,13139.672214603288,0.012728628025752439,17456.87113696269,ok,669.0,1.018628|1.748414
3146,17459.0,0.4099462168278221,386.5,27891.69414065132,0.006928585944815157,17457.661050766164,ok,773.0,1.018628|1.748414
3147,17459.0,0.3764803613037605,305.5,13510.885354572867,0.011305698774825334,17457.273054512145,ok,611.0,1.018628|1.748414
3148,17459.0,0.3414321729435336,385.5,15331.594869221963,0.012572077572108552,17456.576732047975,ok,771.0,1.018628|1.748414
3149,17459.0,0.3458429918546711,339.0000000001368,12612.777525547874,0.013438752856516882,17456.72213139082,ok,678.0,1.018628|1.748414
3150,17459.0,0.3226034615630264,426.0000000001687,17711.177463579388,0.012026303752988174,17456.438397300615,ok,852.0,1.018628|1.748414
3151,17430.0,1.4234491745772249,2.500000000003559,6.739628165775002e-06,1.999959631093066,17425.000127879684,ok,5.0,1.018644|1.748414
3152,17425.0,0.22592895652713604,1739.5000000006644,167452.25344004194,0.005194017889474121,17420.482502940627,ok,3479.0,1.018690|1.748433
3153,17499.0,0.09847021286625929,1110.0,13587.567153808674,0.04084616427043235,17476.330378829913,ok,2220.0,1.018599|1.748433
3154,17469.0,0.2149598031291177,274.0,3785.757810053035,0.03618826318899696,17464.04220794311,ok,548.0,1.018629|1.748433
3155,17469.0,0.2393364040751386,1456.5000000000077,130805.5902209992,0.005567422606095105,17464.945524487113,ok,2913.0,1.018629|1.748433
3156,17469.0,0.19938477229258167,1314.5,80056.39099988983,0.008209837987836654,17463.604083982496,ok,2629.0,1.018629|1.748433
3157,17469.0,0.20971384377230948,1510.5000000000043,125611.02071650607,0.006012609368922656,17464.458976774124,ok,3021.0,1.018629|1.748433
3158,17469.0,0.24267120853607993,1293.0,121055.71741646678,0.005340516035073771,17465.547356383326,ok,2586.0,1.018629|1.748433
3159,17469.0,0.23694584491130108,1260.5,102066.40574390258,0.006174901481113936,17465.10826834153,ok,2521.0,1.018629|1.748433
3160,17469.0,0.22410508652706299,1113.5,72261.8468611347,0.007704619023506335,17464.71045335866,ok,2227.0,1.018629|1.748433
3161,17469.0,0.20445482574836712,1246.5000000005489,85527.18080569495,0.007287157066666395,17464.458279358198,ok,2493.0,1.018629|1.748433
3162,17469.0,0.2121035537115276,1266.5000000000002,98522.61589039591,0.006427458246789507,17464.92981206522,ok,2533.0,1.018629|1.748433
3163,17511.0,0.0897164509669452,1782.5,34854.22614349883,0.025570787207571957,17488.21003590125,ok,3565.0,1.018566|1.748433
3164,17489.0,0.1520117115660185,186.00000000000003,651.3320363336251,0.14278431707965855,17475.721058511594,ok,372.0,1.018624|1.748435
3165,17442.0,0.43518350520378735,18.500000000000426,31.975917097485606,0.28928020959647716,17439.32415806123,ok,37.0,1.018582|1.748435
3166,17439.0,0.2741160320263888,298.5,5891.214147659349,0.025334336226650128,17435.218850318175,ok,597.0,1.018618|1.748435
3167,17439.0,0.19849973702027585,782.5000000000001,25002.320255513772,0.015648547654840854,17432.87750573004,ok,1565.0,1.018618|1.748435
3168,17408.0,5.08787130356571,0.5,3.437549427331987e-05,1.9997250694670017,17407.000274929444,ok,1.0,1.018606|1.748435
3169,17407.0,0.37509919599621855,830.0,124191.2435785718,0.0033416204560142186,17405.613227510752,ok,1660.0,1.018608|1.748435
3170,17407.0,0.297201000846489,1867.0000000000296,379863.3248321369,0.0024574628266957124,17404.70595845128,ok,3734.0,1.018608|1.748435
3171,17407.0,0.26948076089710715,1392.5,173456.73230558296,0.004013969309495577,17404.20527386826,ok,2785.0,1.018608|1.748435
3172,17407.0,0.29771786555641044,1656.0000000007253,288930.023985848,0.0028657457905479516,17404.627162485427,ok,3312.0,1.018608|1.748435
3173,17407.0,0.285493289262394,1638.5000000000002,284410.8944014234,0.0028805155362427635,17404.640137646933,ok,3277.0,1.018608|1.748435
3174,17407.0,0.298665110729569,1390.5000000000005,211620.83016029326,0.003285357114766914,17404.715855465958,ok,2781.0,1.018608|1.748435
3175,17407.0,0.2983828592049162,1697.5000000000005,317856.01488770323,0.002670234194875497,17404.7336387271,ok,3395.0,1.018608|1.748435
3176,17407.0,0.3166094847793941,1702.50000000001,335552.26850678324,0.0025368625990463147,17404.840495712564,ok,3405.0,1.018608|1.748435
3177,17407.0,0.2986852126796755,1523.0,268421.8014857219,0.002836952869644258,17404.839660389764,ok,3046.0,1.018608|1.748435
3178,17407.0,0.3039649988662343,1519.0,266657.7964604731,0.002848219741111456,17404.836777106626,ok,3038.0,1.018608|1.748435
3179,17407.0,0.316570918711961,1902.5000000000005,425532.63326300296,0.0022354337262121904,17404.873543667938,ok,3805.0,1.018608|1.748435
3180,17407.0,0.2906449836960984,1797.5,322398.77593457187,0.0027876966883472096,17404.49455760135,ok,3595.0,1.018608|1.748435
3181,17407.0,0.27155816811367783,1529.0,223602.17856442003,0.003419018566403398,17404.386160305985,ok,3058.0,1.018608|1.748435
3182,17407.0,0.3479701469691032,1744.0,401422.3242148624,0.0021722757988249294,17405.105775503427,ok,3488.0,1.018608|1.748435
3183,17380.0,0.5034705523942334,13.000000000000275,34.84499682744969,0.18654041015379463,17378.787487334,ok,26.0,1.018615|1.748435
3184,17367.0,0.2912100920220624,245.5,4025.162122221357,0.030495666080713846,17363.256656988593,ok,491.0,1.018656|1.748435
3185,17367.0,0.27781612003908907,707.5,42368.76762618878,0.008349310584652023,17364.046431380677,ok,1415.0,1.018656|1.748435
3186,17342.0,1.2758058241499952,4.5000000000029825,-0.06057484276397673,1.2901475871511263,17336.09351019528,ok,9.0,1.018722|1.748435
3187,17337.0,0.22781893083578383,504.00000000000176,14033.836061509173,0.01795660138079889,17332.47493645204,ok,1008.0,1.018723|1.748435
3188,17337.0,0.16671785829247066,492.0000000000017,6077.428967933607,0.04047764297994643,17327.042499826934,ok,984.0,1.018723|1.748435
3189,17337.0,0.14771780661731815,612.00000000039,8438.512517083776,0.03626231511545402,17325.903731574665,ok,1224.0,1.018723|1.748435
3190,17337.0,0.14987739968721522,551.500000000304,6501.746941080897,0.04241167835337334,17325.30497969405,ok,1103.0,1.018723|1.748435
3191,17337.0,0.14940885278001848,562.5,7401.179756548367,0.03800069843610507,17326.312303564846,ok,1125.0,1.018723|1.748435
3192,17337.0,0.1379955661417898,585.0000000003213,6640.920489042678,0.04404509894114483,17324.116808559706,ok,1170.0,1.018723|1.748435
3193,17337.0,0.1544425205587098,460.0000000000001,5412.100693890434,0.04249736156233022,17327.225606840664,ok,920.0,1.018723|1.748435
3194,17337.0,0.1419203944210701,463.0000000002877,5163.825412498397,0.04483110514151522,17326.621599159735,ok,926.0,1.018723|1.748435
3195,17337.0,0.16419161995802323,605.0000000000001,9827.522934221022,0.030780899930199723,17327.688777771113,ok,1210.0,1.018723|1.748435
3196,17337.0,0.1413991538229099,492.0,5028.106278837935,0.04892498017302331,17324.964454877434,ok,984.0,1.018723|1.748435
3197,17337.0,0.17073599211453128,360.0,4126.6697674322295,0.043618707128097345,17329.14863271694,ok,720.0,1.018723|1.748435
3198,17294.0,5.192956886056663,0.5000000000000011,5.039239070470103e-08,1.9999999648335478,17293.000000219152,ok,1.0,1.018750|1.748435
3199,17293.0,0.23813537204002527,237.00000000011872,2642.514370439194,0.04484365395536687,17287.686027006286,ok,474.0,1.018763|1.748435
3200,17293.0,0.24661467456896505,233.5,2189.180588384532,0.05333045643628407,17286.773669211063,ok,467.0,1.018763|1.748435
3201,17293.0,0.28604284455943374,219.5,4512.452732942831,0.024321584401046054,17290.330706111985,ok,439.0,1.018763|1.748435
3202,17359.0,0.09975576709452122,3177.000000000005,135919.9392151773,0.011687027004074948,17340.435157604024,ok,6354.0,1.018759|1.748435
3203,17357.0,0.15641303989672986,221.00000000000048,1533.7975199797347,0.0720434076601325,17349.039203453558,ok,442.0,1.018852|1.748435
3204,17318.0,0.957312146933591,8.000000000000002,2.7360949293397,1.2102366512510132,17312.325590479966,ok,16.0,1.018783|1.748435
3205,17311.0,0.3716011795924613,815.5000000003985,119193.22095050779,0.0034209160281817364,17309.60512148951,ok,1631.0,1.018676|1.748435
3206,17311.0,0.3694326528735426,1045.0000000000118,173038.67710809933,0.0030195561404667576,17309.422281916606,ok,2090.0,1.018676|1.748435
3207,17311.0,0.42541072339613656,1115.0000000004213,238985.1719542797,0.002332780713720875,17309.699474752102,ok,2230.0,1.018676|1.748435
3208,17286.0,0.41174560949233585,6.500000000006866,-0.0009714952808508315,1.9802240312337844,17273.124734284946,ok,13.0,1.018686|1.748435
3209,17273.0,0.37266913678006625,132.00000000000006,2121.5340287348786,0.031109564638639054,17270.946768733847,ok,264.0,1.018674|1.748435
3210,17273.0,0.2124535251820188,435.5,9961.61952751826,0.021858895473620653,17268.240225510617,ok,871.0,1.018674|1.748435
3211,17273.0,0.2089618875373911,428.5,7860.5486580457755,0.02725636712148603,17267.160323344222,ok,857.0,1.018674|1.748435
3212,17238.0,1.1194175339025099,3.0000000000000013,-0.0012141347260694602,1.6675567866973904,17232.993953440066,ok,6.0,1.018664|1.748435
3213,17233.0,0.26346073638572737,279.0,4469.079370250445,0.0312144825461407,17228.645579684813,ok,558.0,1.018637|1.748435
3214,17202.0,5.193086843901476,0.5000000000000001,-1.6241303715247568e-05,1.9998700154374602,17201.00000003551,ok,1.0,1.018844|1.748435
3215,17201.0,0.34392654953223434,207.00000000000003,5123.344911582833,0.020201645953214612,17198.909129643842,ok,414.0,1.018739|1.748435
3216,17201.0,0.4098900046162542,271.0,10964.269043301398,0.012358324979519133,17199.325446965275,ok,542.0,1.018739|1.748435
3217,17201.0,0.34972482590771653,360.5,18451.361476107362,0.009768926820571231,17199.23915094059,ok,721.0,1.018739|1.748435
3218,17178.0,0.0,0.0,0.0,0.0,17178.0,no_positive_direction,0.0,1.018772|1.748435
3219,17178.0,1.0488662679276,2.5000000000000555,0.00020941316808276156,1.997137204041988,17173.007992246254,ok,5.0,1.018772|1.748435
3220,17173.0,0.2735932287687441,714.0000000000001,48213.32939063037,0.0074045913134839075,17170.356560901084,ok,1428.0,1.018804|1.748435
3221,17173.0,0.2154667621808485,1263.0,98593.81311075868,0.006405067215430478,17168.955200053453,ok,2526.0,1.018804|1.748435
3222,17142.0,5.141663570949341,0.5000000000005118,-4.5643488988389436e-10,1.9999999855533193,17141.000000005395,ok,1.0,1.018789|1.748435
3223,17141.0,0.2092871772224816,1995.5,215922.0293176858,0.004620880987238276,17136.389515994983,ok,3991.0,1.018800|1.748435
3224,17141.0,0.18285557719554626,2335.000000001216,245632.01539353604,0.004753044907969808,17135.450820069942,ok,4670.0,1.018800|1.748435
3225,17086.0,0.0,0.0,0.0,0.0,17086.0,no_positive_direction,0.0,1.018814|1.748435
3226,17086.0,5.087596348871772,0.5,5.680860226675577e-10,1.9999999863606126,17085.000000009095,ok,1.0,1.018814|1.748435
3227,17085.0,0.16006174381884336,2046.0000000000148,101530.14328214739,0.010075825434000813,17074.692430581017,ok,4092.0,1.018806|1.748435
3228,17085.0,0.1507921829961403,2307.5000000026157,133559.36799272892,0.008638480529977642,17075.03335308853,ok,4615.0,1.018806|1.748435
3229,17028.0,7.173958348824677,0.5000000000000001,-0.002762430268258953,1.9999999709321168,17026.98895029378,ok,1.0,1.018837|1.751372
3230,17027.0,0.5484180821485029,963.5000000000002,255469.38369552852,0.001885744557845552,17026.091542559258,ok,1927.0,1.018872|1.751374
3231,17027.0,0.4825886969002017,1437.5,586923.3974535065,0.0012246061464212393,17026.11981433226,ok,2875.0,1.018872|1.751374
3232,17027.0,0.3982510048418628,982.5000000003754,195083.22906250524,0.002518155980711134,17025.762955874477,ok,1965.0,1.018872|1.751374
3233,17027.0,0.40961918686110255,1079.0,215203.9758529839,0.002506923944418937,17025.647514531986,ok,2158.0,1.018872|1.751374
3234,17027.0,0.39894738184280004,1053.5,205910.8031232453,0.002558146498436609,17025.652496331946,ok,2107.0,1.018872|1.751374
3235,17027.0,0.46082700483569056,1229.5000000000093,369918.03210376785,0.0016618546452138283,17025.978374856855,ok,2459.0,1.018872|1.751374
3236,17027.0,0.52729804695275,1174.5,445610.82332459226,0.0013178539866214936,17026.226090246357,ok,2349.0,1.018872|1.751374
3237,17027.0,0.37522879339811377,984.0000000004079,172119.25349605607,0.0028584832318685233,17025.59362624992,ok,1968.0,1.018872|1.751374
3238,17012.0,0.0,0.0,0.0,0.0,17012.0,no_positive_direction,0.0,1.018877|1.751374
3239,17012.0,0.0,0.0,0.0,0.0,17012.0,no_positive_direction,0.0,1.018877|1.751374
3240,17012.0,5.141663583171015,0.5000000000005139,-2.1316282072803006e-14,1.9999999733316458,17011.000000013333,ok,1.0,1.018877|1.751374
3241,17011.0,0.33630604849408685,376.50000000000006,13903.68788305162,0.013539573211325743,17008.45117534297,ok,753.0,1.018860|1.751374
3242,16986.0,1.9909684379201118,2.5000000000000004,0.29564051084926746,1.240675559343181,16983.353383398367,ok,5.0,1.018905|1.751374
3243,16983.0,0.2856944996091385,187.00000000007827,2507.5261027988518,0.03728774743189164,16979.513595615117,ok,374.0,1.018899|1.751374
3244,16983.0,0.4160463169417112,331.0000000000002,19009.381694217962,0.008706227412453917,16981.55911936324,ok,662.0,1.018899|1.751374
3245,16983.0,0.3088575955191153,373.5,10159.120571506044,0.01838249666253495,16979.567068748274,ok,747.0,1.018899|1.751374
3246,16983.0,0.35895051847562315,345.5000000000016,11376.303237559385,0.015185073427865282,16980.376778565336,ok,691.0,1.018899|1.751374
3247,16954.0,1.099881385007894,5.000000000005808,17.615856885108776,0.14191759255924874,16953.645206018602,ok,10.0,1.018874|1.751377
3248,16954.0,2.1161490402501846,5.500000000000001,4.801678055287084,0.5727164479451096,16952.42502976815,ok,11.0,1.018874|1.751377
3249,16916.0,1.226565275985442,5.0,0.20496814715043854,1.3906788042732847,16909.443011820633,ok,10.0,1.018927|1.751391
3250,16907.0,0.31683289650941754,1859.5,211888.6530413767,0.004387917836347954,16902.920333391656,ok,3719.0,1.018943|1.751403
3251,16854.0,1.0289089760303916,2.500000000000001,-0.0007374271287758916,1.997122823379754,16849.004251713763,ok,5.0,1.018893|1.751403
3252,16849.0,0.3718109944607482,575.0000000000017,31764.986988483495,0.009050845829221808,16846.3978818241,ok,1150.0,1.018901|1.751403
3253,16849.0,0.3469604320271294,574.5000000002244,27125.114204554447,0.010589817164783823,16845.958075019415,ok,1149.0,1.018901|1.751403
3254,16849.0,0.38559549629830653,562.5000000002515,33222.46746540972,0.008465656570902062,16846.619034089435,ok,1125.0,1.018901|1.751403
3255,16849.0,0.32679624923862927,572.0000000002299,29433.70408561677,0.009716751896675934,16846.22100895755,ok,1144.0,1.018901|1.751403
3256,16849.0,0.42377790967797924,471.0000000002103,33438.55268184941,0.007042768933236024,16847.341427916224,ok,942.0,1.018901|1.751403
3257,16849.0,0.3695485763560453,505.0,26659.353339517427,0.00947134751485951,16846.608484752498,ok,1010.0,1.018901|1.751403
3258,16895.0,0.07264329833369716,7725.50000000609,584106.7680400708,0.006613088927156642,16869.455290746606,ok,15451.0,1.018903|1.751405
3259,16895.0,0.0649786353266068,7103.000000005789,403838.09711870813,0.008794365923725447,16863.766809421864,ok,14206.0,1.018903|1.751405
3260,16895.0,0.06376454701680116,8445.5,586826.3233004493,0.007195911008644365,16864.613466788247,ok,16891.0,1.018903|1.751405
3261,16798.0,0.8675062963665858,2.500000000002169,-0.0029366220220268247,1.9997592879753503,16792.988858119323,ok,5.0,1.018886|1.751405
3262,16793.0,0.32856507233695786,1221.0,177629.65307229845,0.0034369261519162884,16790.901756584255,ok,2442.0,1.018879|1.751405
3263,16778.0,1.7311450876989707,1.5000000000000009,4.0382378326597745e-05,1.9995217022141702,16775.00087889894,ok,3.0,1.018873|1.751405
3264,16775.0,0.4238867243830717,66.5,708.3117410987204,0.046942607429354764,16773.439158302972,ok,133.0,1.018891|1.751405
3265,16775.0,0.4809593853443342,119.00000000000018,3005.0447644882056,0.019800037824106637,16773.821897749465,ok,238.0,1.018891|1.751405
3266,16775.0,0.4588267144197751,161.0,4851.718110282749,0.016592060414513367,16773.664339136634,ok,322.0,1.018891|1.751405
3267,16775.0,0.38731290525537887,157.0,3517.4930414109986,0.022317030645357214,16773.24811309434,ok,314.0,1.018891|1.751405
3268,16775.0,0.5924732728571792,119.50000000004603,4390.560388230029,0.013608741189438483,16774.18687771393,ok,239.0,1.018891|1.751405
3269,16775.0,0.3911704739263893,178.00000000008885,3696.9732058622817,0.02407374764277905,16772.85743645979,ok,356.0,1.018891|1.751405
3270,16760.0,0.0,0.0,0.0,0.0,16760.0,no_positive_direction,0.0,1.018776|1.751405
3271,16760.0,1.4542138731510608,3.500000000003275,-0.21038168055414985,1.5626438312751136,16754.01702487556,ok,7.0,1.018776|1.751405
3272,16752.0,0.3775279643758016,954.0,53459.95793523444,0.00892256594324064,16747.743936045073,ok,1908.0,1.018795|1.751405
3273,16737.0,0.39252009001835075,1123.5000000000007,220966.92348253742,0.0025422356936801644,16735.571899099075,ok,2247.0,1.018825|1.751405
3274,16737.0,2.534066271437084,1655.5,5766362.727028261,0.0001435480283125698,16736.88117811956,ok,3311.0,1.018825|1.751405
3275,16734.0,0.0,0.0,0.0,0.0,16734.0,no_positive_direction,0.0,1.018805|1.751405
3276,16734.0,0.34421900128606203,7.500000000000001,0.003727936923990427,1.9786105400922314,16719.17501544834,ok,15.0,1.018805|1.751405
3277,16719.0,0.5771030166835566,179.50000000009845,12246.106409450977,0.007328860047368553,16718.34223481075,ok,359.0,1.018849|1.751405
3278,16719.0,0.42966839990817246,478.50000000000006,44207.47029947047,0.005411981241615307,16717.705183487946,ok,957.0,1.018849|1.751405
3279,16719.0,0.42012960075643374,540.0,56295.15374367984,0.004796149971085432,16717.705039507808,ok,1080.0,1.018849|1.751405
3280,16719.0,0.46889243757737287,492.0000000000033,55395.79069015928,0.004440770624178527,16717.907570426454,ok,984.0,1.018849|1.751405
3281,16719.0,0.426191640835963,467.00000000023465,48728.16147969461,0.004791890211113722,16717.881093635704,ok,934.0,1.018849|1.751405
3282,16708.0,0.4617547862984282,7.000000000006509,0.028342472242602668,1.7060278570489216,16696.140296646117,ok,14.0,1.018834|1.751403
3283,16696.0,0.2244473664325069,3474.5,717138.1114385979,0.002422476190137254,16691.791553238683,ok,6949.0,1.018841|1.751403
3284,16696.0,0.17354091190342105,2145.0,195895.83299923837,0.0054748484619587074,16690.12822502455,ok,4290.0,1.018841|1.751403
3285,16746.0,0.21248345212451564,285.00000000011045,3230.422795446086,0.044111872972459484,16739.714058101425,ok,570.0,1.018781|1.751403
3286,16764.0,0.10560505146961195,5076.0,666456.8509542082,0.00380819852983158,16754.334792131285,ok,10152.0,1.018846|1.751405
3287,16764.0,0.10430047071723372,3942.0,278715.23514133896,0.0070717339832553055,16750.061612319,ok,7884.0,1.018846|1.751405
3288,16750.0,0.156949694558384,462.0000000000001,7544.476329354429,0.030618427299084178,16742.92714329391,ok,924.0,1.018767|1.751405
3289,16750.0,0.1229305875396007,133.50000000000023,286.80562640346886,0.23273601999041113,16734.46487066564,ok,267.0,1.018767|1.751405
3290,16750.0,0.09866966451869297,232.00000000000003,629.4584224331502,0.18428540450949238,16728.6228930769,ok,464.0,1.018767|1.751405
3291,16680.0,0.8351762577513373,5.500000000000003,0.3129720107524072,1.6364640826911265,16671.837591188785,ok,11.0,1.018805|1.751405
3292,16671.0,0.48837486413668363,157.00000000000162,6631.355432878667,0.01183770057186092,16670.07074050511,ok,314.0,1.018834|1.751422
3293,16660.0,0.0,0.0,0.0,0.0,16660.0,no_positive_direction,0.0,1.018833|1.751422
3294,16660.0,5.08759633782559,0.5000000000000001,-1.0795986327138962e-10,1.999999997406794,16659.000000000862,ok,1.0,1.018833|1.751422
3295,16659.0,0.19765647436140832,1537.5000000000002,123971.26116755814,0.006201033955450097,16654.23295514675,ok,3075.0,1.018828|1.751422
3296,16659.0,0.20289411547456085,2929.500000000012,564524.4099305413,0.0025946619388526136,16655.199468925068,ok,5859.0,1.018828|1.751422
3297,16659.0,0.2337415087612282,21650.00000001951,61836610.68178142,0.00017505810685059208,16657.10499599334,ok,43300.0,1.018828|1.751422
3298,16638.0,1.0173958769254439,3.500000000000004,0.4411366122922793,1.9954447713554377,16632.772460990527,ok,7.0,1.018790|1.748438
3299,16631.0,0.539790734587427,217.0,20015.02900279731,0.005420926444065406,16630.41182948082,ok,434.0,1.018799|1.748442
3300,16631.0,0.43400328960248546,456.50000000022493,54890.24103582491,0.004158298373132335,16630.050868396334,ok,913.0,1.018799|1.748442
3301,16693.0,0.08102158523256557,4511.5,211226.63461034346,0.010679287695707761,16668.910196780405,ok,9023.0,1.018817|1.748442
3302,16646.0,2.774036224045616,25.0,1943.031227216548,0.006433247096036966,16645.919584411302,ok,50.0,1.018898|1.748442
3303,16646.0,2.102750147672213,1.5,0.007403997783153926,1.9998480100445353,16643.029839474904,ok,3.0,1.018898|1.748442
3304,16643.0,0.3465815235601408,336.5,14343.049091031684,0.011730420702889606,16641.02635671674,ok,673.0,1.018935|1.748450
3305,16643.0,0.3873831035063303,626.5000000000009,80345.32028093409,0.0038987958340908446,16641.77870220497,ok,1253.0,1.018935|1.748450
3306,16643.0,0.2634414491447413,767.5000000002227,43646.98939436597,0.008792129888565613,16639.62602015526,ok,1535.0,1.018935|1.748450
3307,16643.0,0.31104705607937416,636.5,41963.07274907995,0.0075840490019162795,16640.586376405143,ok,1273.0,1.018935|1.748450
3308,16643.0,0.5142066505246732,1020.0,341250.591830445,0.0014945029025866144,16642.23780351968,ok,2040.0,1.018935|1.748450
3309,16643.0,0.4348500101177752,1151.5000000004122,270066.3483104851,0.00213188353011049,16641.77256805754,ok,2303.0,1.018935|1.748450
3310,16643.0,0.37214152170237885,484.0000000000001,40094.32481651616,0.0060357669347835576,16641.539344401783,ok,968.0,1.018935|1.748450
3311,16643.0,0.4915291687895384,1187.50000000044,370704.43094496435,0.0016016803427104692,16642.049002296513,ok,2375.0,1.018935|1.748450
3312,16643.0,0.5117749200414367,1029.0000000000002,283021.3433606075,0.0018178840998025279,16642.06469863065,ok,2058.0,1.018935|1.748450
3313,16643.0,0.29035473567044734,836.50000000033,65652.58462812348,0.0063706555098974734,16640.335473332987,ok,1673.0,1.018935|1.748450
3314,16643.0,0.3231054105624279,660.0,51201.775801653894,0.006445088960944602,16640.873120642886,ok,1320.0,1.018935|1.748450
3315,16606.0,0.0,0.0,0.0,0.0,16606.0,no_positive_direction,0.0,1.018924|1.748450
3316,16606.0,0.0,0.0,0.0,0.0,16606.0,no_positive_direction,0.0,1.018924|1.748450
3317,16606.0,0.26343059601329316,10.000000000010763,-0.17866599884872159,1.9734926409193074,16585.569227912645,ok,20.0,1.018924|1.748450
3318,16586.0,0.17606152646533796,1007.5,44437.571510203605,0.011336128030406222,16580.289425504685,ok,2015.0,1.019020|1.748450
3319,16586.0,0.19841124866830587,1657.5000000000005,152708.18824452432,0.005427017434539675,16581.502359301125,ok,3315.0,1.019020|1.748450
3320,16586.0,0.29951492097249477,15770.0,54238059.27874846,0.0001453776205279804,16584.853697462135,ok,31540.0,1.019020|1.748450
3321,16586.0,0.2119715685218712,2162.0,342103.0608848298,0.0031598664952136235,16582.58418431867,ok,4324.0,1.019020|1.748450
3322,16566.0,0.4895546014104442,5.500000000005955,-0.002041324612939377,1.9902258725054964,16555.045672016407,ok,11.0,1.018995|1.748445
3323,16555.0,0.5233311379598026,139.0,2145.430231907819,0.03239443490930828,16552.748586773803,ok,278.0,1.019024|1.748445
3324,16555.0,0.34984087068879544,413.5000000001736,21776.65007372685,0.009494114076320998,16553.037091914717,ok,827.0,1.019024|1.748445
3325,16522.0,0.0,0.0,0.0,0.0,16522.0,no_positive_direction,0.0,1.019026|1.748445
3326,16522.0,0.0,0.0,0.0,0.0,16522.0,no_positive_direction,0.0,1.019026|1.748445
3327,16522.0,0.0,0.0,0.0,0.0,16522.0,no_positive_direction,0.0,1.019026|1.748445
3328,16522.0,0.0,0.0,0.0,0.0,16522.0,no_positive_direction,0.0,1.019026|1.748445
3329,16522.0,0.0,0.0,0.0,0.0,16522.0,no_positive_direction,0.0,1.019026|1.748445
3330,16522.0,0.0,0.0,0.0,0.0,16522.0,no_positive_direction,0.0,1.019026|1.748445
3331,16522.0,0.0,0.0,0.0,0.0,16522.0,no_positive_direction,0.0,1.019026|1.748445
3332,16522.0,0.0,0.0,0.0,0.0,16522.0,no_positive_direction,0.0,1.019026|1.748445
3333,16522.0,0.0,0.0,0.0,0.0,16522.0,no_positive_direction,0.0,1.019026|1.748445
3334,16522.0,7.227662498796273,0.5000000000000001,8.810729923425242e-13,1.9999999999323816,16521.000000000036,ok,1.0,1.019026|1.748445
3335,16521.0,0.14729595032676976,925.5,23918.53633699785,0.019346919622510745,16512.047212944683,ok,1851.0,1.019004|1.748448
3336,16521.0,0.1639587661813611,6805.500000000109,1207972.8392812095,0.002816909361989316,16511.414761668493,ok,13611.0,1.019004|1.748448
3337,16595.0,0.09773169691962319,14883.5,3459406.6260735486,0.002151163712271211,16578.991577444205,ok,29767.0,1.019100|1.748450
3338,16595.0,0.07889059212927121,8599.500000000002,877597.7303960483,0.004899454329786815,16573.9335712455,ok,17199.0,1.019100|1.748450
3339,16595.0,0.07498208192270951,63826.00000006117,62139035.070080966,0.0005135741159166507,16578.61030923874,ok,127652.0,1.019100|1.748450
3340,16595.0,0.08492614108027403,21582.000000000004,4733029.397381816,0.0022799351311803156,16570.397219999435,ok,43164.0,1.019100|1.748450
3341,16595.0,0.07979370649112569,8464.000000006834,989396.513613347,0.004277354874182697,16576.898234172444,ok,16928.0,1.019100|1.748450
3342,16595.0,0.08238082058581714,8993.500000000182,954408.2516153135,0.004711558174805642,16573.813300777445,ok,17987.0,1.019100|1.748450
3343,16505.0,0.25501195811434274,1184.0000000000002,113982.35862867889,0.005193786188690502,16501.925278576295,ok,2368.0,1.019037|1.748450
3344,16505.0,0.20393294804705348,2831.500000000002,434209.0981619877,0.0032605258756504356,16500.383910491546,ok,5663.0,1.019037|1.748450
3345,16472.0,1.127501247254099,3.0,0.007222438984307189,1.6731687611848767,16467.000712888905,ok,6.0,1.019007|1.748450
3346,16467.0,0.17281755520775305,816.5,26291.207148400965,0.015528005149996691,16460.660691897516,ok,1633.0,1.018939|1.748450
3347,16467.0,0.19814081333773204,2000.5000000000007,160320.16317910625,0.006239077980993211,16460.75936224951,ok,4001.0,1.018939|1.748450
3348,16467.0,0.16045243478824212,1518.0000000000002,80670.76096320526,0.009408613367936216,16459.858862453737,ok,3036.0,1.018939|1.748450
3349,16467.0,0.16625661881887996,1277.500000000001,57879.50857579695,0.011035857347743651,16459.95084611913,ok,2555.0,1.018939|1.748450
3350,16467.0,0.1549518549504182,1276.5000000007317,54037.23936896894,0.011811299160609655,16459.461438310736,ok,2553.0,1.018939|1.748450
3351,16706.0,0.03551530211744484,149611.0000001428,126216935.15831745,0.0005926740330546037,16661.66472262029,ok,299222.0,1.019023|1.748447
3352,16565.0,0.46601952550454373,9515.0,7968615.062990713,0.0005970297175095889,16562.159631118946,ok,19030.0,1.018959|1.745448
3353,16565.0,0.08213255754772966,8475.000000000004,1072110.8003779803,0.003952483268059645,16548.251352151598,ok,16950.0,1.018959|1.745448
3354,16565.0,0.08037589178910423,8896.500000007518,1129486.0540331372,0.003938295638197632,16547.481476427372,ok,17793.0,1.018959|1.745448
3355,16565.0,0.07795145351447172,7642.50000000613,788645.8548643374,0.0048453307355053495,16546.484779926937,ok,15285.0,1.018959|1.745448
3356,16565.0,0.08909629951884512,12244.0,2604231.623960264,0.002350789362848706,16550.60846752064,ok,24488.0,1.018959|1.745448
3357,16565.0,0.08179821841521709,5752.0,507856.7489098107,0.005663014238116866,16548.71317105118,ok,11504.0,1.018959|1.745448
3358,16505.0,0.1916151721870455,53.5000000000453,167.33507677091504,0.159858892207304,16500.72377463345,ok,107.0,1.018906|1.745446
3359,16505.0,0.16334866817912386,126.50000000007739,491.33923270423077,0.12872979764291081,16496.85784029908,ok,253.0,1.018906|1.745446
3360,16505.0,0.12251912827600887,50.000000000000036,20.74378341652804,1.0971010026272485,16475.11280255527,ok,100.0,1.018906|1.745446
3361,16444.0,0.4772535367110738,5.500000000005806,-0.006017962200015603,1.9919903607184464,16433.020173587985,ok,11.0,1.018931|1.745446
3362,16433.0,0.342181179805916,1235.5,148962.82597365667,0.004147007791791262,16430.43818593662,ok,2471.0,1.018929|1.745446
3363,16433.0,0.25043456817422827,1581.5,180716.9571031319,0.004375627017384613,16429.539972936003,ok,3163.0,1.018929|1.745446
3364,16433.0,0.2777007946224328,1341.5,153586.33923714887,0.004367250390442026,16430.070666800613,ok,2683.0,1.018929|1.745446
3365,16433.0,0.27304186376342165,1528.0,196224.0686274154,0.0038935080968617625,16430.025359813997,ok,3056.0,1.018929|1.745446
3366,16433.0,0.26729208261711895,1448.0,175131.503659023,0.004134036337686059,16430.006957691516,ok,2896.0,1.018929|1.745446
3367,16433.0,0.26784275778582145,1406.0000000000002,165169.52455235674,0.0042562331150693454,16430.00786812011,ok,2812.0,1.018929|1.745446
3368,16433.0,0.26853795267323655,1527.0,202376.63816788784,0.003772668658358752,16430.119567479345,ok,3054.0,1.018929|1.745446
3369,16408.0,0.0,0.0,0.0,0.0,16408.0,no_positive_direction,0.0,1.018901|1.745446
3370,16408.0,5.141663569202016,0.5000000000000001,5.290772264743282e-10,1.9999999873006442,16407.000000008466,ok,1.0,1.018901|1.745446
3371,16407.0,0.2836249509344681,346.00000000000006,7897.822272824762,0.021904772483329667,16403.21047436038,ok,692.0,1.018944|1.745446
3372,16407.0,0.293410174655957,786.0000000003301,61214.415735204006,0.006420056375285362,16404.47691784451,ok,1572.0,1.018944|1.745446
3373,16407.0,0.30653833291550614,869.0,70846.37690784103,0.006132988290498044,16404.33521658778,ok,1738.0,1.018944|1.745446
3374,16407.0,0.3004585063760207,797.0000000000001,65257.284285123445,0.006106597973934463,16404.566520707387,ok,1594.0,1.018944|1.745446
3375,16407.0,0.30965848689269787,805.5000000000001,70892.2010105009,0.00568116089300631,16404.711912450344,ok,1611.0,1.018944|1.745446
3376,16394.0,0.0,0.0,0.0,0.0,16394.0,no_positive_direction,0.0,1.018924|1.745446
3377,16394.0,5.193089758050493,0.5000000000000174,-1.1442259879146377e-05,1.9998671016714828,16393.000020686206,ok,1.0,1.018924|1.745446
3378,16393.0,0.17068239361013474,711.5000000000027,17562.172341502384,0.020256605679657518,16385.793712529463,ok,1423.0,1.018898|1.745446
3379,16393.0,0.1665070286218557,779.5000000000001,19609.416972266514,0.019875654668938973,16385.25346359278,ok,1559.0,1.018898|1.745446
3380,16393.0,0.17571335439510724,944.5000000000014,36992.82778516169,0.012765988119173372,16386.97126211072,ok,1889.0,1.018898|1.745446
3381,16399.0,0.1840488398382613,719.5000000000185,22708.833343687387,0.01584185301619701,16393.300893377425,ok,1439.0,1.018820|1.745446
3382,16399.0,0.17445667564115946,951.5,32787.98281467007,0.014509889269160497,16392.096920180196,ok,1903.0,1.018820|1.745446
3383,16473.0,0.12601344279429896,975.5000000004183,16473.729649703164,0.029607745809340617,16458.558821981485,ok,1951.0,1.018920|1.745446
3384,16434.0,1.0181578805431746,3.5000000000000075,0.0010319858116218938,1.9973765459772226,16427.01329920996,ok,7.0,1.018926|1.745446
3385,16427.0,0.48198759155358806,200.50000000010624,9675.108667982411,0.010361640725732401,16425.961245517243,ok,401.0,1.018972|1.745470
3386,16427.0,0.3397509970118196,658.0,54639.11826791172,0.006021327035088962,16425.018983405458,ok,1316.0,1.018972|1.745470
3387,16427.0,0.3866818052402538,624.5000000000001,66227.59688877285,0.004714801905381137,16425.527803105044,ok,1249.0,1.018972|1.745470
3388,16427.0,0.3457307179026485,628.5,57326.3915033965,0.005481768375066503,16425.277354288133,ok,1257.0,1.018972|1.745470
3389,16426.0,0.42388699314709194,7.5000000000000036,0.5901458788782783,1.7279127695421925,16414.802642474548,ok,15.0,1.018911|1.745451
3390,16413.0,0.38824631730561626,77.5000000000006,505.150944171202,0.07670974477455877,16410.027497389983,ok,155.0,1.018928|1.745451
3391,16413.0,0.23343923143729264,80.5,139.48259457971662,0.2885664703992616,16401.38519956643,ok,161.0,1.018928|1.745451
3392,16364.0,0.0,0.0,0.0,0.0,16364.0,no_positive_direction,0.0,1.018952|1.745453
3393,16364.0,0.8904360127880188,2.5000000000000173,4.499647043587629e-05,1.9963430151189512,16359.00932179048,ok,5.0,1.018952|1.745453
3394,16359.0,0.27460828814870614,103.50000000004701,607.0484439248705,0.08524855061885009,16354.588387505471,ok,207.0,1.018958|1.745453
3395,16359.0,0.37965459420362524,65.00000000000001,366.28244093549586,0.08872934208092005,16356.11629638237,ok,130.0,1.018958|1.745453
3396,16330.0,0.3469576219532861,7.500000000000002,0.24363054209735324,1.98865733904196,16316.048569795543,ok,15.0,1.019037|1.745453
3397,16315.0,0.24414686559750132,219.00000000000009,2393.445255104374,0.04574994968716129,16309.990380509256,ok,438.0,1.019119|1.745453
3398,16315.0,0.264158997412747,151.50000000008498,1932.3913287250396,0.03920013450382284,16312.030589811335,ok,303.0,1.019119|1.745453
3399,16315.0,0.295479716840089,213.5,4885.402175561424,0.0218508110824535,16312.667425916947,ok,427.0,1.019119|1.745453
3400,16315.0,0.27669691346238245,189.50000000000006,4257.8248167437605,0.022253146636610946,16312.89151435618,ok,379.0,1.019119|1.745453
3401,16315.0,0.3293502177640181,119.0,1855.860964380914,0.03206059136000431,16313.09239481408,ok,238.0,1.019119|1.745453
3402,16315.0,0.3298257219148032,163.0,3407.284695725091,0.023919339673098935,16313.050573816641,ok,326.0,1.019119|1.745453
3403,16315.0,0.2938062789783667,177.00000000011107,3717.8073218886875,0.023804353571259457,16312.893314708941,ok,354.0,1.019119|1.745453
3404,16315.0,0.30724400030126653,163.0,2841.0118123268026,0.028686962738550214,16312.662012536808,ok,326.0,1.019119|1.745453
3405,16304.0,8.203434710122295,1.5000000000000009,10.440285624037486,0.0718371150951289,16303.946122163678,ok,3.0,1.019166|1.745453
3406,16304.0,0.0,0.0,0.0,0.0,16304.0,no_positive_direction,0.0,1.019166|1.745453
3407,16304.0,5.241747025457412,0.5000000000000002,4.3428727281025203e-10,1.9999999896022302,16303.000000006936,ok,1.0,1.019166|1.745453
3408,16303.0,0.45552009200186877,152.5,4978.584905923282,0.015315596990076718,16301.832185729507,ok,305.0,1.019225|1.745453
3409,16303.0,0.39279016891675594,475.0,42456.559051594166,0.005593953097126516,16301.671436139432,ok,950.0,1.019225|1.745453
3410,16294.0,5.1418079376818095,0.5,0.001985200681659194,1.9998556292433112,16293.008011841726,ok,1.0,1.019186|1.745453
3411,16293.0,0.3804501532044765,190.50000000000347,4460.2767176664465,0.021355177274703974,16290.965919364586,ok,381.0,1.019182|1.745453
3412,16293.0,0.20449582679773995,242.00000000000003,2221.784445284785,0.054460728742967875,16286.4102518221,ok,484.0,1.019182|1.745453
3413,16256.0,5.141663588858694,0.5000000000005139,7.78154003455711e-08,1.999999967643967,16255.000000327438,ok,1.0,1.019145|1.745453
3414,16255.0,0.6355689556311445,281.0,25447.173874022083,0.005521241796655084,16254.22426552757,ok,562.0,1.019168|1.745453
3415,16255.0,0.4561061174821006,921.5000000000173,172606.68912083842,0.002669363524361718,16253.77009075615,ok,1843.0,1.019168|1.745453
3416,16255.0,0.38747996882102287,939.5,146466.4385781905,0.0032072193777636366,16253.493408697295,ok,1879.0,1.019168|1.745453
3417,16255.0,0.441624109529402,645.0000000000078,90961.75132177006,0.003545446248711565,16253.85659358479,ok,1290.0,1.019168|1.745453
3418,16255.0,0.40354390946288793,882.0000000004497,147062.2718087238,0.0029987296848902924,16253.677560208964,ok,1764.0,1.019168|1.745453
3419,16255.0,0.3923249542918446,576.5,55777.37028325039,0.005167866440031142,16253.510362498662,ok,1153.0,1.019168|1.745453
3420,16255.0,0.39176303068287527,1011.5000000000002,183560.8989732538,0.0027552164040866444,16253.606549303633,ok,2023.0,1.019168|1.745453
3421,16255.0,0.34243642796251006,773.0000000000001,90432.23595713318,0.004273918430848148,16253.348130526476,ok,1546.0,1.019168|1.745453
3422,16255.0,0.43812400069947316,753.5,97857.80440111518,0.003849973973007988,16253.54952230567,ok,1507.0,1.019168|1.745453
3423,16255.0,0.437173522203557,580.0,58988.94455054497,0.004916175432695054,16253.574309124519,ok,1160.0,1.019168|1.745453
3424,16255.0,0.3892016041072213,680.0000000002976,70356.26193051937,0.004832547816936569,16253.35693374224,ok,1360.0,1.019168|1.745453
3425,16255.0,0.3831618129183006,741.5000000000007,100598.32805437368,0.0036854489251512104,16253.633619811,ok,1483.0,1.019168|1.745453
3426,16255.0,0.4494246923836167,766.5,131369.40742924737,0.0029173458836404503,16253.881927190094,ok,1533.0,1.019168|1.745453
3427,16255.0,0.36775939280746145,756.0000000000001,89075.82971077357,0.004243575403421492,16253.395928497506,ok,1512.0,1.019168|1.745453
3428,16255.0,0.38893222087411083,657.500000000003,82267.04488116401,0.0039961323574328675,16253.686271487495,ok,1315.0,1.019168|1.745453
3429,16255.0,0.4317286103180225,861.0,132421.6349327931,0.0032509793450178157,16253.60045339197,ok,1722.0,1.019168|1.745453
3430,16255.0,0.41164904426697657,674.5,90760.7810708653,0.0037158120062527654,16253.746842400891,ok,1349.0,1.019168|1.745453
3431,16255.0,0.4927912286885529,778.5000000000001,157905.22540418198,0.0024650862503356468,16254.040465177057,ok,1557.0,1.019168|1.745453
3432,16255.0,0.38986541973205063,801.0000000000001,101282.36035313441,0.00395429173059952,16253.416306161895,ok,1602.0,1.019168|1.745453
3433,16255.0,0.32139825061441013,561.0,38763.949892357436,0.007236104699828394,16252.9702726317,ok,1122.0,1.019168|1.745453
3434,16255.0,0.354989209993377,876.0,113207.13177649239,0.0038690141966033916,16253.305371781888,ok,1752.0,1.019168|1.745453
3435,16255.0,0.4029960329524058,870.5,127750.6690767079,0.0034070271658511167,16253.517091426063,ok,1741.0,1.019168|1.745453
3436,16255.0,0.38184853646342826,685.0,69072.55126330798,0.004958554356771521,16253.301695132805,ok,1370.0,1.019168|1.745453
3437,16255.0,0.40256033062469887,708.5000000002697,87017.24509032395,0.004071032122798453,16253.5578368705,ok,1417.0,1.019168|1.745453
3438,16224.0,0.0,0.0,0.0,0.0,16224.0,no_positive_direction,0.0,1.019172|1.745453
3439,16224.0,1.4350492605036085,2.5000000000000004,-0.0007274888237240873,1.9987128463325574,16219.000311673228,ok,5.0,1.019172|1.745453
3440,16219.0,0.44216084809743966,440.0,41120.316326527885,0.005350153395052356,16217.822966253088,ok,880.0,1.019193|1.745461
3441,16219.0,0.49816308259214476,1643.000000000046,1044624.4083801605,0.0007864070506201135,16218.353966607916,ok,3286.0,1.019193|1.745461
3442,16219.0,0.4670704980771236,992.0,266618.89857215324,0.0018603332421530162,16218.077274711892,ok,1984.0,1.019193|1.745461
3443,16219.0,0.4098274150304465,1160.0,314783.8105640345,0.0018425344015016115,16217.93133004713,ok,2320.0,1.019193|1.745461
3444,16219.0,0.596630716701077,866.5,335977.1824769091,0.001289522094345726,16218.441314552625,ok,1733.0,1.019193|1.745461
3445,16219.0,0.395702565329963,748.0,97263.47440163915,0.0038452255823764516,16217.561885632193,ok,1496.0,1.019193|1.745461
3446,16219.0,0.4634099060589395,1008.0000000000005,318620.7462383778,0.0015818179009063332,16218.202763777943,ok,2016.0,1.019193|1.745461
3447,16219.0,0.4689715284637697,999.0000000000002,292728.4849805246,0.0017063593931872813,16218.147673483103,ok,1998.0,1.019193|1.745461
3448,16206.0,0.0,0.0,0.0,0.0,16206.0,no_positive_direction,0.0,1.019202|1.745461
3449,16206.0,1.695916100344704,1.5000000000015257,1.6084913720959548e-05,1.9998480457444896,16203.000292261258,ok,3.0,1.019202|1.745461
3450,16203.0,0.5873490192205728,329.0,23600.191602039296,0.006970282393206737,16201.853388546318,ok,658.0,1.019177|1.745461
3451,16203.0,0.4561648016262159,572.5000000000001,72143.48161449368,0.003967787436841588,16201.864220846204,ok,1145.0,1.019177|1.745461
3452,16203.0,0.28877900497475817,569.0,37208.904272161344,0.007646019294710995,16200.824707510654,ok,1138.0,1.019177|1.745461
3453,16203.0,0.3571079933094741,485.00000000000006,31930.694978929958,0.0075945731892155185,16201.158316001616,ok,970.0,1.019177|1.745461
3454,16203.0,0.234209798599859,478.5000000002244,45706.771534046275,0.005234454151326321,16201.747656844294,ok,957.0,1.019177|1.745461
3455,16203.0,0.43104638220216224,555.0,65680.13954029785,0.0042250214744099426,16201.827556540851,ok,1110.0,1.019177|1.745461
3456,16203.0,0.33408273110877307,574.5000000000003,41328.068268188494,0.006950482130835655,16201.003474007917,ok,1149.0,1.019177|1.745461
3457,16203.0,0.25016572702822154,585.5000000000113,26203.64486257125,0.011172109892931869,16199.729364828845,ok,1171.0,1.019177|1.745461
3458,16203.0,0.34663399003829226,525.0,41263.51698627401,0.006361551781621489,16201.330092657325,ok,1050.0,1.019177|1.745461
3459,16203.0,0.3567986856755137,401.5,25263.735532877265,0.007946172478680028,16201.404805874905,ok,803.0,1.019177|1.745461
3460,16203.0,0.2634304297078603,447.00000000000017,20640.362661129355,0.010828298110328411,16200.579875372343,ok,894.0,1.019177|1.745461
3461,16192.0,0.0,0.0,0.0,0.0,16192.0,no_positive_direction,0.0,1.019188|1.745461
3462,16192.0,0.0,0.0,0.0,0.0,16192.0,no_positive_direction,0.0,1.019188|1.745461
3463,16192.0,0.0,0.0,0.0,0.0,16192.0,no_positive_direction,0.0,1.019188|1.745461
3464,16192.0,0.0,0.0,0.0,0.0,16192.0,no_positive_direction,0.0,1.019188|1.745461
3465,16192.0,5.087596350167431,0.5000000000000001,6.969168708792495e-08,1.9999999850649541,16191.000000286234,ok,1.0,1.019188|1.745461
3466,16191.0,0.5714130239312394,186.50000000006594,8182.603498885514,0.01139612838538905,16189.937311028063,ok,373.0,1.019195|1.745461
3467,16191.0,0.657920418253774,1035.0000000000002,472561.30881240836,0.0010950960020415699,16190.433287818943,ok,2070.0,1.019195|1.745461
3468,16191.0,0.4475831871317136,609.5000000000001,76868.50002442679,0.003964562856087455,16189.791799469607,ok,1219.0,1.019195|1.745461
3469,16191.0,0.4443630467481885,696.5,103497.03092116663,0.0033648308255843683,16189.82819766499,ok,1393.0,1.019195|1.745461
3470,16191.0,0.484448114293949,595.0000000000001,84920.31902526598,0.0035032840598665928,16189.95777299219,ok,1190.0,1.019195|1.745461
3471,16191.0,0.5097515150408495,572.0000000000091,78471.4268376878,0.0036446387115092716,16189.95763332851,ok,1144.0,1.019195|1.745461
3472,16191.0,0.5026922885018775,578.000000000014,109962.7192168605,0.0026281634544709845,16190.240460761659,ok,1156.0,1.019195|1.745461
3473,16184.0,0.0,0.0,0.0,0.0,16184.0,no_positive_direction,0.0,1.019175|1.745461
3474,16184.0,0.7671804666897062,4.0,0.797978607285966,1.7537708032935089,16179.439269189324,ok,8.0,1.019175|1.745461
3475,16177.0,0.631122729723494,120.0,5992.34350542202,0.01001277712896641,16176.399233372262,ok,240.0,1.019193|1.745461
3476,16177.0,0.4397270664112436,253.5000000000001,14239.121785670255,0.008901532124513237,16175.87173080322,ok,507.0,1.019193|1.745461
3477,16177.0,0.49262336369610343,245.00000000016644,15405.741393117692,0.00795158096414681,16176.025931331891,ok,490.0,1.019193|1.745461
3478,16177.0,0.3855312569164595,271.5000000001116,11272.870692033262,0.012042185500805285,16175.365273318266,ok,543.0,1.019193|1.745461
3479,16162.0,1.7473243696174914,1.5000000000015727,8.101634207946518e-08,1.9997739317644438,16159.000339426344,ok,3.0,1.019107|1.745461
3480,16159.0,0.2741135047978445,64.00000000000001,217.24112117780663,0.1473017623298343,16154.286343605445,ok,128.0,1.019049|1.745461
3481,16159.0,0.16635581527701737,91.0,196.1227911701676,0.23199751404986654,16148.444113110732,ok,182.0,1.019049|1.745461
3482,16159.0,0.2170394260666438,139.5,893.4473729306037,0.07806839228953405,16153.554729637806,ok,279.0,1.019049|1.745461
3483,16159.0,0.16622094185820094,264.5000000001095,2005.5342786503045,0.06594252783804676,16150.279100693415,ok,529.0,1.019049|1.745461
3484,16159.0,0.15326919254127935,270.0,1558.0372278683228,0.08664748029461687,16147.302590160227,ok,540.0,1.019049|1.745461
3485,16159.0,0.19860369763547253,161.00000000000003,1088.3845975913566,0.07396282543702849,16153.04599255232,ok,322.0,1.019049|1.745461
3486,16159.0,0.17590135234334614,129.50000000000006,563.475282851593,0.11491187274855809,16151.55945623953,ok,259.0,1.019049|1.745461
3487,16159.0,0.24720192956780623,155.50000000000006,1294.8139438668102,0.06004723718668704,16154.331327308735,ok,311.0,1.019049|1.745461
3488,16159.0,0.19123734787440272,144.00000000000034,671.4468561364853,0.10723112237696546,16151.279359188859,ok,288.0,1.019049|1.745461
3489,16159.0,0.23001390053386167,134.5,885.0318754849518,0.07598596374074151,16153.889943938435,ok,269.0,1.019049|1.745461
3490,16159.0,0.17375672797028266,205.00000000008183,978.3362296941782,0.10476970686456309,16148.261105046378,ok,410.0,1.019049|1.745461
3491,16108.0,0.5964262863966511,5.000000000000006,0.014655167925020862,1.7975800915680709,16099.059454701066,ok,10.0,1.018998|1.745461
3492,16099.0,1.6257509812241622,2948.0000000025475,48328356.62204665,3.0499692168900643e-05,16098.955043453743,ok,5896.0,1.019028|1.745461
3493,16099.0,0.4361466869993229,905.5000000000031,207328.28972694074,0.002183734793723956,16098.01131407214,ok,1811.0,1.019028|1.745461
3494,16092.0,0.0,0.0,0.0,0.0,16092.0,no_positive_direction,0.0,1.019019|1.745461
3495,16092.0,0.0,0.0,0.0,0.0,16092.0,no_positive_direction,0.0,1.019019|1.745461
3496,16092.0,0.0,0.0,0.0,0.0,16092.0,no_positive_direction,0.0,1.019019|1.745461
3497,16092.0,0.0,0.0,0.0,0.0,16092.0,no_positive_direction,0.0,1.019019|1.745461
3498,16092.0,0.0,0.0,0.0,0.0,16092.0,no_positive_direction,0.0,1.019019|1.745461
3499,16092.0,1.6958706112972566,1.5000000000000004,-1.1422301184893513e-06,1.9999845014607185,16089.000018678958,ok,3.0,1.019019|1.745461
3500,16089.0,0.2459583984688014,395.0,8729.602162108085,0.02262416961648872,16084.531726500743,ok,790.0,1.018968|1.745461
3501,16089.0,0.19838312041035755,911.000000000007,29082.590204177475,0.015662291315942507,16081.865826305588,ok,1822.0,1.018968|1.745461
3502,16089.0,0.17421734552965262,453.0,5797.708477119434,0.03906715918778578,16080.151288443965,ok,906.0,1.018968|1.745461
3503,16089.0,0.17730654937680682,436.0,6394.809056287223,0.03409015000778915,16081.568347298302,ok,872.0,1.018968|1.745461
3504,16089.0,0.2013181090603626,990.0000000000006,35187.72150819718,0.014067407004022332,16082.036633533009,ok,1980.0,1.018968|1.745461
3505,16089.0,0.17848901615871304,312.5000000002287,4031.686518007611,0.03875549334062073,16082.944454165525,ok,625.0,1.018968|1.745461
3506,16052.0,0.0,0.0,0.0,0.0,16052.0,no_positive_direction,0.0,1.018999|1.745465
3507,16052.0,0.0,0.0,0.0,0.0,16052.0,no_positive_direction,0.0,1.018999|1.745465
3508,16052.0,0.0,0.0,0.0,0.0,16052.0,no_positive_direction,0.0,1.018999|1.745465
3509,16052.0,0.0,0.0,0.0,0.0,16052.0,no_positive_direction,0.0,1.018999|1.745465
3510,16052.0,0.0,0.0,0.0,0.0,16052.0,no_positive_direction,0.0,1.018999|1.745465
3511,16052.0,0.0,0.0,0.0,0.0,16052.0,no_positive_direction,0.0,1.018999|1.745465
3512,16052.0,1.0386329717567038,2.5000000000025957,0.0001733840837196965,1.999792013738834,16047.001213357744,ok,5.0,1.018999|1.745465
3513,16047.0,0.1989430790080376,146.50000000000003,588.2538800731967,0.12452106561691609,16037.87883194356,ok,293.0,1.018848|1.745465
3514,16057.0,0.1769025259538412,852.500000000449,26829.98611447018,0.01588707493852692,16050.228134307448,ok,1705.0,1.019022|1.745465
3515,16057.0,0.17680192120328447,800.5,24228.665190173342,0.016519688429321038,16050.387994706163,ok,1601.0,1.019022|1.745465
3516,16034.0,1.747256584320903,1.5000000000000004,8.938100843636221e-05,1.999977262355438,16031.00039162237,ok,3.0,1.019027|1.745458
3517,16031.0,0.3205308731672653,165.50000000000003,2759.049300379371,0.029992215067930046,16028.51814420313,ok,331.0,1.019113|1.745458
3518,16031.0,0.22486065165742244,221.50000000000026,2624.321921574294,0.04220137746422617,16026.326197445838,ok,443.0,1.019113|1.745458
3519,16031.0,0.2769764430152387,203.00000000000006,3536.0940130787885,0.028703987966549147,16028.086545221397,ok,406.0,1.019113|1.745458
3520,16077.0,0.09825911518748566,1174.0,17304.504332223085,0.03392180375296476,16057.08790119701,ok,2348.0,1.019094|1.745458
3521,16077.0,0.09821669845460612,3046.5,121240.31988675513,0.012563889648450252,16057.862055092999,ok,6093.0,1.019094|1.745458
3522,16043.0,0.18489135549314675,357.50000000000006,4728.303640926028,0.037804255727746,16036.242489288667,ok,715.0,1.019045|1.745458
3523,16043.0,0.14984883734163582,639.5000000002709,10260.234247521948,0.031164005839083204,16033.035309132949,ok,1279.0,1.019045|1.745458
3524,16043.0,0.17977836878463832,496.50000000000006,8610.05365589684,0.028832572934081424,16035.842313769115,ok,993.0,1.019045|1.745458
3525,16043.0,0.19212586526013664,622.5000000000001,15150.565849879185,0.02054378714854944,16036.605746250014,ok,1245.0,1.019045|1.745458
3526,16043.0,0.17581589318206164,481.5000000002789,8864.42140214663,0.027159133019312328,16036.461438725597,ok,963.0,1.019045|1.745458
3527,16260.0,0.049412341024575895,14799.0,747671.9914546156,0.009896719530183387,16186.769223836407,ok,29598.0,1.018967|1.745458
3528,16260.0,0.05173139458564128,18509.500000000422,1166988.4240492308,0.007930455700569819,16186.60561510515,ok,37019.0,1.018967|1.745458
3529,16268.0,0.21679498113779394,1842.500000000002,78972.49165609249,0.011665454396599748,16257.253200137133,ok,3685.0,1.019168|1.745458
3530,16268.0,0.21079714198408414,1975.5000000000002,65336.46629451023,0.015117897493072623,16253.067296751216,ok,3951.0,1.019168|1.745458
3531,16237.0,0.2199080580597669,1337.5000000000002,52034.722945933434,0.012851995016767233,16228.405228332538,ok,2675.0,1.019170|1.745458
3532,16229.0,0.22148770030659454,573.0000000002898,21434.21392445221,0.013366480385516022,16225.170503369549,ok,1146.0,1.019164|1.745458
3533,16229.0,0.2234617491160701,725.0000000000142,32239.17424817874,0.01124408451685097,16224.924019362641,ok,1450.0,1.019164|1.745458
3534,16212.0,0.4798582915070036,10.000000000000004,4.653699306219622,1.0744140673888303,16206.627929663055,ok,20.0,1.019032|1.745458
3535,16199.0,0.42118832481459817,45.500000000023576,290.2361636997447,0.07838444289646529,16197.216753924105,ok,91.0,1.019084|1.745458
3536,16199.0,0.15158202316100644,94.5000000000393,180.5334010302393,0.26172442179885197,16186.633521069998,ok,189.0,1.019084|1.745458
3537,16138.0,5.223938447992429,1.500000000000032,32.23841500433779,0.023264171017684986,16137.982551871737,ok,3.0,1.019055|1.745458
3538,16138.0,5.16731020369882,1.000000000001033,23.996053929578956,0.02083675930500335,16137.989581620346,ok,2.0,1.019055|1.745458
3539,16138.0,1.0518312882913676,5.00000000000524,27.923862467199704,0.08952916176761733,16137.77617709558,ok,10.0,1.019055|1.745458
3540,16138.0,0.8830757137460549,6.500000000005443,0.19158053496583705,1.4093179809259104,16129.219946009,ok,13.0,1.019055|1.745458
3541,16125.0,0.21466244034608076,442.0,4545.643712212253,0.04861797668089669,16114.255427153523,ok,884.0,1.019131|1.745458
3542,16097.0,0.29351435773200024,261.0,6412.85244968946,0.020349758710933606,16094.344356488222,ok,522.0,1.019233|1.745458
3543,16097.0,0.34300709945449076,255.0000000000893,5674.251925674881,0.022469922321060872,16094.135084904063,ok,510.0,1.019233|1.745458
3544,16097.0,0.2699262969495349,205.0,1899.5631779782047,0.05395977411453912,16091.46912315326,ok,410.0,1.019233|1.745458
3545,16097.0,0.37549470431952753,238.50000000008885,6308.516047134604,0.01890301920595241,16094.74581495969,ok,477.0,1.019233|1.745458
3546,16097.0,0.395393287282056,195.50000000011784,6851.901555445571,0.014266112729300933,16095.605487480709,ok,391.0,1.019233|1.745458
3547,16097.0,0.3803065457484822,219.0,7840.082886032313,0.013966689076091573,16095.470647546168,ok,438.0,1.019233|1.745458
3548,16097.0,0.31144255313394875,321.5,8892.246096981333,0.018077547365065626,16094.094034261065,ok,643.0,1.019233|1.745458
3549,16097.0,0.26093514006455604,251.5000000000014,3783.6743135605248,0.033234890103864954,16092.820712569439,ok,503.0,1.019233|1.745458
3550,16097.0,0.40364970509784365,212.0,5548.877668336105,0.019102962136807268,16094.975086013497,ok,424.0,1.019233|1.745458
3551,16097.0,0.41332640332383014,162.5,4240.550540486667,0.0191602479971092,16095.443229850236,ok,325.0,1.019233|1.745458
3552,16072.0,0.40080045016663024,6.500000000006769,0.220847716193056,1.9827023290064125,16059.980611201398,ok,13.0,1.019231|1.745458
3553,16059.0,0.1471266216605129,69.00000000001053,19.894285775191776,1.003686281465224,16009.78687456482,ok,138.0,1.019203|1.745458
3554,16055.0,0.12189335559531099,716.0000000000006,10587.559339868847,0.033813269754428124,16042.894849427916,ok,1432.0,1.019165|1.745458
3555,16055.0,0.13274599000821774,1741.5,61543.33291735084,0.014148567500713152,16042.680134848755,ok,3483.0,1.019165|1.745458
3556,16055.0,0.1300253042595021,1686.0000000000002,57191.97691722047,0.014739829700591681,16042.574323562401,ok,3372.0,1.019165|1.745458
3557,16004.0,1.8931146402486965,2.0000000000000004,0.044267990934361734,1.5533593963820174,16001.000096567603,ok,4.0,1.019170|1.745458
3558,16001.0,0.2704341091793961,108.00000000006402,1117.0634865843826,0.04834103043251953,15998.389584356642,ok,216.0,1.019139|1.745458
3559,16001.0,0.2810749974078802,163.5000000000001,2103.2867885505707,0.03886773807785675,15997.822562412135,ok,327.0,1.019139|1.745458
3560,16001.0,0.20708480327795334,213.0,2063.349546331649,0.05161510331070289,15995.502991497411,ok,426.0,1.019139|1.745458
3561,16001.0,0.18529095685346245,172.00000000000023,899.1249617252699,0.09564855127031568,15992.774224590754,ok,344.0,1.019139|1.745458
3562,15928.0,0.0,0.0,0.0,0.0,15928.0,no_positive_direction,0.0,1.019206|1.745501
3563,15928.0,0.0,0.0,0.0,0.0,15928.0,no_positive_direction,0.0,1.019206|1.745501
3564,15928.0,0.0,0.0,0.0,0.0,15928.0,no_positive_direction,0.0,1.019206|1.745501
3565,15928.0,0.0,0.0,0.0,0.0,15928.0,no_positive_direction,0.0,1.019206|1.745501
3566,15928.0,0.0,0.0,0.0,0.0,15928.0,no_positive_direction,0.0,1.019206|1.745501
3567,15928.0,0.0,0.0,0.0,0.0,15928.0,no_positive_direction,0.0,1.019206|1.745501
3568,15928.0,0.0,0.0,0.0,0.0,15928.0,no_positive_direction,0.0,1.019206|1.745501
3569,15928.0,5.087893045867676,0.5000000000000001,1.003886836770107e-06,1.9997033333789553,15927.000152347668,ok,1.0,1.019206|1.745501
3570,15927.0,0.23636267605759959,423.00000000000006,13835.279241914983,0.015287006232533812,15923.76679818182,ok,846.0,1.019228|1.745501
3571,15927.0,0.20704392713344627,388.5000000001837,8906.421560673618,0.021810106188753117,15922.763386872832,ok,777.0,1.019228|1.745501
3572,15927.0,0.2002986877847479,492.5000000000001,14105.749637087863,0.01745742029566026,15922.701110252194,ok,985.0,1.019228|1.745501
3573,15927.0,0.1609463815719282,487.50000000000045,10358.588598558072,0.023531198066301284,15921.264270471338,ok,975.0,1.019228|1.745501
3574,15927.0,0.19304941189403005,471.0000000000001,12629.620467248413,0.01864664109350769,15922.608716022478,ok,942.0,1.019228|1.745501
3575,15927.0,0.20072436864142457,477.0000000000025,11386.102066412988,0.020946588973897798,15922.004238529726,ok,954.0,1.019228|1.745501
3576,15927.0,0.19318788490012542,436.0000000000001,9613.06631728325,0.022677467605529748,15922.056312061994,ok,872.0,1.019228|1.745501
3577,15927.0,0.21142654820624782,482.5,15220.533001114009,0.015850299065239215,15923.176115350512,ok,965.0,1.019228|1.745501
3578,15927.0,0.19161776486943277,447.50000000017025,8683.60381736598,0.02576695168342627,15921.234644560831,ok,895.0,1.019228|1.745501
3579,15892.0,0.0,0.0,0.0,0.0,15892.0,no_positive_direction,0.0,1.019244|1.745499
3580,15892.0,0.0,0.0,0.0,0.0,15892.0,no_positive_direction,0.0,1.019244|1.745499
3581,15892.0,0.0,0.0,0.0,0.0,15892.0,no_positive_direction,0.0,1.019244|1.745499
3582,15892.0,0.0,0.0,0.0,0.0,15892.0,no_positive_direction,0.0,1.019244|1.745499
3583,15892.0,0.0,0.0,0.0,0.0,15892.0,no_positive_direction,0.0,1.019244|1.745499
3584,15892.0,0.0,0.0,0.0,0.0,15892.0,no_positive_direction,0.0,1.019244|1.745499
3585,15892.0,0.0,0.0,0.0,0.0,15892.0,no_positive_direction,0.0,1.019244|1.745499
3586,15892.0,0.0,0.0,0.0,0.0,15892.0,no_positive_direction,0.0,1.019244|1.745499
3587,15892.0,0.0,0.0,0.0,0.0,15892.0,no_positive_direction,0.0,1.019244|1.745499
3588,15892.0,0.0,0.0,0.0,0.0,15892.0,no_positive_direction,0.0,1.019244|1.745499
3589,15892.0,0.0,0.0,0.0,0.0,15892.0,no_positive_direction,0.0,1.019244|1.745499
3590,15892.0,0.0,0.0,0.0,0.0,15892.0,no_positive_direction,0.0,1.019244|1.745499
3591,15892.0,0.0,0.0,0.0,0.0,15892.0,no_positive_direction,0.0,1.019244|1.745499
3592,15892.0,0.0,0.0,0.0,0.0,15892.0,no_positive_direction,0.0,1.019244|1.745499
3593,15892.0,0.0,0.0,0.0,0.0,15892.0,no_positive_direction,0.0,1.019244|1.745499
3594,15892.0,0.0,0.0,0.0,0.0,15892.0,no_positive_direction,0.0,1.019244|1.745499
3595,15892.0,0.0,0.0,0.0,0.0,15892.0,no_positive_direction,0.0,1.019244|1.745499
3596,15892.0,0.0,0.0,0.0,0.0,15892.0,no_positive_direction,0.0,1.019244|1.745499
3597,15892.0,0.0,0.0,0.0,0.0,15892.0,no_positive_direction,0.0,1.019244|1.745499
3598,15892.0,0.0,0.0,0.0,0.0,15892.0,no_positive_direction,0.0,1.019244|1.745499
3599,15892.0,0.0,0.0,0.0,0.0,15892.0,no_positive_direction,0.0,1.019244|1.745499
3600,15892.0,0.0,0.0,0.0,0.0,15892.0,no_positive_direction,0.0,1.019244|1.745499
3601,15892.0,0.0,0.0,0.0,0.0,15892.0,no_positive_direction,0.0,1.019244|1.745499
3602,15892.0,0.0,0.0,0.0,0.0,15892.0,no_positive_direction,0.0,1.019244|1.745499
3603,15892.0,0.0,0.0,0.0,0.0,15892.0,no_positive_direction,0.0,1.019244|1.745499
3604,15892.0,4.448776420496536,0.5000000000004449,0.003508088528441533,1.9997399892548333,15891.01415871116,ok,1.0,1.019244|1.745499
3605,15891.0,0.34122900354075325,444.0,18325.045399524322,0.012114567530935701,15888.310566008131,ok,888.0,1.019230|1.745499
3606,15891.0,0.26083785061040776,434.0,12542.037337276715,0.01730181422399734,15887.245506313393,ok,868.0,1.019230|1.745499
3607,15891.0,0.23043945033195828,359.00000000000006,7350.458747207124,0.02442024452803068,15886.616566107217,ok,718.0,1.019230|1.745499
3608,15891.0,0.21911987273274383,414.0,9102.62137787275,0.022740701980990794,15886.292674689934,ok,828.0,1.019230|1.745499
3609,15891.0,0.26674421215055,245.00000000000003,4512.115262894185,0.027149129147340398,15887.67423167945,ok,490.0,1.019230|1.745499
3610,15891.0,0.28479556029300424,348.50000000000006,10038.866141195595,0.017357537947930785,15887.975449012574,ok,697.0,1.019230|1.745499
3611,15891.0,0.2605473003070184,372.0,9104.661813439714,0.020429094875928155,15887.200188353077,ok,744.0,1.019230|1.745499
3612,15891.0,0.23938107797128735,360.5,7868.809169872713,0.02290689685170186,15886.871031842482,ok,721.0,1.019230|1.745499
3613,15891.0,0.3051394222869938,603.5000000005392,25787.833401697535,0.011701254436536197,15887.469146473772,ok,1207.0,1.019230|1.745499
3614,15891.0,0.3065848454258352,485.5000000000002,18850.82486110382,0.012877420579132458,15887.874006154416,ok,971.0,1.019230|1.745499
3615,15852.0,0.0,0.0,0.0,0.0,15852.0,no_positive_direction,0.0,1.019276|1.745499
3616,15852.0,0.0,0.0,0.0,0.0,15852.0,no_positive_direction,0.0,1.019276|1.745499
3617,15852.0,0.0,0.0,0.0,0.0,15852.0,no_positive_direction,0.0,1.019276|1.745499
3618,15852.0,0.0,0.0,0.0,0.0,15852.0,no_positive_direction,0.0,1.019276|1.745499
3619,15852.0,0.0,0.0,0.0,0.0,15852.0,no_positive_direction,0.0,1.019276|1.745499
3620,15852.0,1.038985851892469,2.500000000002598,0.0003615342991416526,1.9980295353473756,15847.006369450664,ok,5.0,1.019276|1.745499
3621,15847.0,0.26063073113713214,841.0000000000003,43751.717942909156,0.009611051171720918,15842.958552982293,ok,1682.0,1.019277|1.745499
3622,15814.0,0.6654259984281505,10.500000000003782,10.173770785778842,0.5160328565039499,15811.290827503353,ok,21.0,1.019342|1.745499
3623,15803.0,0.47471516794330737,394.000000000146,37814.29446872565,0.0052096701199331385,15801.973694986373,ok,788.0,1.019391|1.745499
3624,15798.0,0.0,0.0,0.0,0.0,15798.0,no_positive_direction,0.0,1.019377|1.745499
3625,15798.0,0.0,0.0,0.0,0.0,15798.0,no_positive_direction,0.0,1.019377|1.745499
3626,15798.0,2.372410372114429,1.5000000000020641,0.0012350813655999104,1.9999743871490718,15795.004978618199,ok,3.0,1.019377|1.745499
3627,15795.0,0.5117951502388467,498.0000000002294,86944.44544213943,0.002863897730716121,15794.286889465051,ok,996.0,1.019371|1.745613
3628,15795.0,0.37310802788895037,655.5,59526.02506525322,0.005505995060827867,15793.195410118815,ok,1311.0,1.019371|1.745613
3629,15772.0,0.0,0.0,0.0,0.0,15772.0,no_positive_direction,0.0,1.019388|1.745613
3630,15772.0,0.0,0.0,0.0,0.0,15772.0,no_positive_direction,0.0,1.019388|1.745613
3631,15772.0,0.0,0.0,0.0,0.0,15772.0,no_positive_direction,0.0,1.019388|1.745613
3632,15772.0,0.0,0.0,0.0,0.0,15772.0,no_positive_direction,0.0,1.019388|1.745613
3633,15772.0,0.0,0.0,0.0,0.0,15772.0,no_positive_direction,0.0,1.019388|1.745613
3634,15772.0,0.0,0.0,0.0,0.0,15772.0,no_positive_direction,0.0,1.019388|1.745613
3635,15772.0,0.0,0.0,0.0,0.0,15772.0,no_positive_direction,0.0,1.019388|1.745613
3636,15772.0,0.0,0.0,0.0,0.0,15772.0,no_positive_direction,0.0,1.019388|1.745613
3637,15772.0,0.0,0.0,0.0,0.0,15772.0,no_positive_direction,0.0,1.019388|1.745613
3638,15772.0,5.193069093989427,0.5000000000005191,-1.402799967920032e-05,1.9998877631998044,15771.000000012698,ok,1.0,1.019388|1.745613
3639,15771.0,0.16390581811222282,665.5,10467.132379771456,0.03178998678215489,15760.421881898239,ok,1331.0,1.019407|1.745613
3640,15771.0,0.12228109062367064,570.0,5602.024219418218,0.05087446766333292,15756.500776715951,ok,1140.0,1.019407|1.745613
3641,15771.0,0.1453537892506784,821.0,12247.319610152279,0.03351753796477399,15757.241050665461,ok,1642.0,1.019407|1.745613
3642,15974.0,0.04098277977817745,126898.00000000032,119256343.50995004,0.0005320387841230966,15940.242671186174,ok,253796.0,1.019438|1.748598
3643,15974.0,0.0289211369616494,38674.500000002095,3119022.3714957926,0.006199779192583176,15854.113319808213,ok,77349.0,1.019438|1.748598
3644,16073.0,0.027220443735440428,213215.0000000001,88122068.75277276,0.0012097707363077042,15944.029366229075,ok,426430.0,1.019406|1.748536
3645,15881.0,0.088312402711057,54350.000000052285,59671743.58111594,0.00045540817762573473,15868.624282773008,ok,108700.0,1.019387|1.745553
3646,15881.0,0.07943996422282432,11829.00000000997,1965043.0992254477,0.0030098576475682784,15863.198196943444,ok,23658.0,1.019387|1.745553
3647,15881.0,0.08571945752876578,8771.0,1007626.1148154296,0.004352308793429106,15861.912949786418,ok,17542.0,1.019387|1.745553
3648,15827.0,0.0919558425536493,753.5000000000031,6497.697085896623,0.0579820811926959,15805.155250910651,ok,1507.0,1.019360|1.745553
3649,15742.0,0.0,0.0,0.0,0.0,15742.0,no_positive_direction,0.0,1.019291|1.745553
3650,15742.0,1.7472873044333024,1.5000000000015725,1.1899450715446847e-05,1.9998851083602853,15739.000219929792,ok,3.0,1.019291|1.745553
3651,15739.0,0.3077460757045174,137.5,1182.1823686857267,0.05815515593963034,15735.001833029151,ok,275.0,1.019248|1.745553
3652,15739.0,0.28199311507501246,490.5000000002044,18774.541351094467,0.013062902332141673,15735.79632320304,ok,981.0,1.019248|1.745553
3653,15739.0,0.22684482947366222,574.0000000002262,15961.525169207744,0.01798073786543786,15733.839528232618,ok,1148.0,1.019248|1.745553
3654,15739.0,0.22182505479162945,704.0000000000001,21927.544523312998,0.016052869012568166,15733.349390107576,ok,1408.0,1.019248|1.745553
3655,15763.0,0.15191275524127085,2047.500000000001,88489.9948111428,0.011569104531929391,15751.156129235436,ok,4095.0,1.019254|1.745553
3656,15757.0,0.14717745924368278,2407.0000000014606,223156.0988146409,0.005393085855118788,15750.50942117336,ok,4814.0,1.019246|1.745553
3657,15757.0,0.1338405872600214,7410.50000000478,1731651.4120225257,0.0021397204854727374,15749.071800671196,ok,14821.0,1.019246|1.745553
3658,15757.0,0.13789047299399404,8336.5,2319191.3740200223,0.0017972859190032561,15749.508462968115,ok,16673.0,1.019246|1.745553
3659,15757.0,0.13137051857251184,8636.000000006003,2436604.6497395015,0.0017721381269073095,15749.347907568008,ok,17272.0,1.019246|1.745553
3660,15757.0,0.1264819280166007,7681.500000005482,1737572.5875795172,0.0022104112527195218,15748.510362981111,ok,15363.0,1.019246|1.745553
3661,15757.0,0.13666798719821635,10977.000000000087,4244742.373309109,0.0012930113343301275,15749.903307291528,ok,21954.0,1.019246|1.745553
3662,15757.0,0.12707389488138357,7712.0000000001655,1750980.3609609187,0.00220219488805914,15748.508336511642,ok,15424.0,1.019246|1.745553
3663,15757.0,0.1280514579331879,9457.500000000347,2917775.37071814,0.0016206696538247582,15749.336258374475,ok,18915.0,1.019246|1.745553
3664,15757.0,0.12706299915874628,8450.000000000002,2175212.219083404,0.001942339217724853,15748.793616805113,ok,16900.0,1.019246|1.745553
3665,15757.0,0.12984418829580224,7958.500000000001,1969408.52895367,0.002020530500146733,15748.959804007292,ok,15917.0,1.019246|1.745553
3666,15757.0,0.1413828577385081,10630.000000000007,4422644.39071754,0.0012017696948810497,15750.612594071708,ok,21260.0,1.019246|1.745553
3667,15757.0,0.12732537854506326,8167.500000005754,2007323.6913244615,0.0020344252487292467,15748.691915890495,ok,16335.0,1.019246|1.745553
3668,15716.0,0.0,0.0,0.0,0.0,15716.0,no_positive_direction,0.0,1.019235|1.745553
3669,15716.0,0.0,0.0,0.0,0.0,15716.0,no_positive_direction,0.0,1.019235|1.745553
3670,15716.0,5.14166355650266,0.5000000000000001,0.0,1.9999999999999996,15715.0,ok,1.0,1.019235|1.745553
3671,15715.0,0.2787677161338175,420.5,14643.907993322628,0.014357506213223303,15711.981334318669,ok,841.0,1.019236|1.745553
3672,15694.0,0.0,0.0,0.0,0.0,15694.0,no_positive_direction,0.0,1.019262|1.745553
3673,15694.0,0.0,0.0,0.0,0.0,15694.0,no_positive_direction,0.0,1.019262|1.745553
3674,15694.0,0.0,0.0,0.0,0.0,15694.0,no_positive_direction,0.0,1.019262|1.745553
3675,15694.0,0.0,0.0,0.0,0.0,15694.0,no_positive_direction,0.0,1.019262|1.745553
3676,15694.0,0.0,0.0,0.0,0.0,15694.0,no_positive_direction,0.0,1.019262|1.745553
3677,15694.0,0.0,0.0,0.0,0.0,15694.0,no_positive_direction,0.0,1.019262|1.745553
3678,15694.0,0.0,0.0,0.0,0.0,15694.0,no_positive_direction,0.0,1.019262|1.745553
3679,15694.0,0.0,0.0,0.0,0.0,15694.0,no_positive_direction,0.0,1.019262|1.745553
3680,15694.0,0.0,0.0,0.0,0.0,15694.0,no_positive_direction,0.0,1.019262|1.745553
3681,15694.0,0.0,0.0,0.0,0.0,15694.0,no_positive_direction,0.0,1.019262|1.745553
3682,15694.0,0.0,0.0,0.0,0.0,15694.0,no_positive_direction,0.0,1.019262|1.745553
3683,15694.0,0.0,0.0,0.0,0.0,15694.0,no_positive_direction,0.0,1.019262|1.745553
3684,15694.0,0.0,0.0,0.0,0.0,15694.0,no_positive_direction,0.0,1.019262|1.745553
3685,15694.0,0.0,0.0,0.0,0.0,15694.0,no_positive_direction,0.0,1.019262|1.745553
3686,15694.0,0.0,0.0,0.0,0.0,15694.0,no_positive_direction,0.0,1.019262|1.745553
3687,15694.0,0.0,0.0,0.0,0.0,15694.0,no_positive_direction,0.0,1.019262|1.745553
3688,15694.0,0.0,0.0,0.0,0.0,15694.0,no_positive_direction,0.0,1.019262|1.745553
3689,15694.0,0.0,0.0,0.0,0.0,15694.0,no_positive_direction,0.0,1.019262|1.745553
3690,15694.0,0.0,0.0,0.0,0.0,15694.0,no_positive_direction,0.0,1.019262|1.745553
3691,15694.0,0.0,0.0,0.0,0.0,15694.0,no_positive_direction,0.0,1.019262|1.745553
3692,15694.0,0.0,0.0,0.0,0.0,15694.0,no_positive_direction,0.0,1.019262|1.745553
3693,15694.0,0.0,0.0,0.0,0.0,15694.0,no_positive_direction,0.0,1.019262|1.745553
3694,15694.0,0.0,0.0,0.0,0.0,15694.0,no_positive_direction,0.0,1.019262|1.745553
3695,15694.0,0.0,0.0,0.0,0.0,15694.0,no_positive_direction,0.0,1.019262|1.745553
3696,15694.0,0.0,0.0,0.0,0.0,15694.0,no_positive_direction,0.0,1.019262|1.745553
3697,15694.0,5.192956876127674,0.5,4.8771653382573277e-11,1.9999999747625365,15693.000000012813,ok,1.0,1.019262|1.745553
3698,15693.0,0.3017031012513954,1381.0,221291.60930055447,0.003120317133498608,15690.84542101932,ok,2762.0,1.019295|1.745553
3699,15693.0,0.5181438722931839,9762.000000007562,50694671.49553905,9.628230849534732e-05,15692.530046052234,ok,19524.0,1.019295|1.745553
3700,15684.0,0.0,0.0,0.0,0.0,15684.0,no_positive_direction,0.0,1.019263|1.742586
3701,15684.0,0.0,0.0,0.0,0.0,15684.0,no_positive_direction,0.0,1.019263|1.742586
3702,15684.0,0.0,0.0,0.0,0.0,15684.0,no_positive_direction,0.0,1.019263|1.742586
3703,15684.0,0.0,0.0,0.0,0.0,15684.0,no_positive_direction,0.0,1.019263|1.742586
3704,15684.0,0.0,0.0,0.0,0.0,15684.0,no_positive_direction,0.0,1.019263|1.742586
3705,15684.0,0.0,0.0,0.0,0.0,15684.0,no_positive_direction,0.0,1.019263|1.742586
3706,15684.0,0.0,0.0,0.0,0.0,15684.0,no_positive_direction,0.0,1.019263|1.742586
3707,15684.0,0.0,0.0,0.0,0.0,15684.0,no_positive_direction,0.0,1.019263|1.742586
3708,15684.0,0.0,0.0,0.0,0.0,15684.0,no_positive_direction,0.0,1.019263|1.742586
3709,15684.0,0.0,0.0,0.0,0.0,15684.0,no_positive_direction,0.0,1.019263|1.742586
3710,15684.0,0.0,0.0,0.0,0.0,15684.0,no_positive_direction,0.0,1.019263|1.742586
3711,15684.0,0.0,0.0,0.0,0.0,15684.0,no_positive_direction,0.0,1.019263|1.742586
3712,15684.0,0.0,0.0,0.0,0.0,15684.0,no_positive_direction,0.0,1.019263|1.742586
3713,15684.0,0.0,0.0,0.0,0.0,15684.0,no_positive_direction,0.0,1.019263|1.742586
3714,15684.0,0.0,0.0,0.0,0.0,15684.0,no_positive_direction,0.0,1.019263|1.742586
3715,15684.0,0.0,0.0,0.0,0.0,15684.0,no_positive_direction,0.0,1.019263|1.742586
3716,15684.0,0.0,0.0,0.0,0.0,15684.0,no_positive_direction,0.0,1.019263|1.742586
3717,15684.0,0.0,0.0,0.0,0.0,15684.0,no_positive_direction,0.0,1.019263|1.742586
3718,15684.0,0.0,0.0,0.0,0.0,15684.0,no_positive_direction,0.0,1.019263|1.742586
3719,15684.0,0.0,0.0,0.0,0.0,15684.0,no_positive_direction,0.0,1.019263|1.742586
3720,15684.0,0.0,0.0,0.0,0.0,15684.0,no_positive_direction,0.0,1.019263|1.742586
3721,15684.0,0.0,0.0,0.0,0.0,15684.0,no_positive_direction,0.0,1.019263|1.742586
3722,15684.0,0.0,0.0,0.0,0.0,15684.0,no_positive_direction,0.0,1.019263|1.742586
3723,15684.0,0.0,0.0,0.0,0.0,15684.0,no_positive_direction,0.0,1.019263|1.742586
3724,15684.0,0.0,0.0,0.0,0.0,15684.0,no_positive_direction,0.0,1.019263|1.742586
3725,15684.0,0.0,0.0,0.0,0.0,15684.0,no_positive_direction,0.0,1.019263|1.742586
3726,15684.0,0.0,0.0,0.0,0.0,15684.0,no_positive_direction,0.0,1.019263|1.742586
3727,15684.0,0.0,0.0,0.0,0.0,15684.0,no_positive_direction,0.0,1.019263|1.742586
3728,15684.0,0.0,0.0,0.0,0.0,15684.0,no_positive_direction,0.0,1.019263|1.742586
3729,15684.0,0.0,0.0,0.0,0.0,15684.0,no_positive_direction,0.0,1.019263|1.742586
3730,15684.0,0.0,0.0,0.0,0.0,15684.0,no_positive_direction,0.0,1.019263|1.742586
3731,15684.0,0.0,0.0,0.0,0.0,15684.0,no_positive_direction,0.0,1.019263|1.742586
3732,15684.0,0.0,0.0,0.0,0.0,15684.0,no_positive_direction,0.0,1.019263|1.742586
3733,15684.0,5.14168149655354,0.500000000000514,-2.2400492376561942e-06,1.9999820601100418,15683.000000009908,ok,1.0,1.019263|1.742586
3734,15683.0,0.17387094093140917,229.0,1648.475448680118,0.06945811664448902,15675.047045644207,ok,458.0,1.019186|1.742586
3735,15634.0,0.0,0.0,0.0,0.0,15634.0,no_positive_direction,0.0,1.019232|1.742586
3736,15634.0,0.0,0.0,0.0,0.0,15634.0,no_positive_direction,0.0,1.019232|1.742586
3737,15634.0,0.0,0.0,0.0,0.0,15634.0,no_positive_direction,0.0,1.019232|1.742586
3738,15634.0,0.0,0.0,0.0,0.0,15634.0,no_positive_direction,0.0,1.019232|1.742586
3739,15634.0,0.0,0.0,0.0,0.0,15634.0,no_positive_direction,0.0,1.019232|1.742586
3740,15634.0,0.0,0.0,0.0,0.0,15634.0,no_positive_direction,0.0,1.019232|1.742586
3741,15634.0,0.0,0.0,0.0,0.0,15634.0,no_positive_direction,0.0,1.019232|1.742586
3742,15634.0,0.0,0.0,0.0,0.0,15634.0,no_positive_direction,0.0,1.019232|1.742586
3743,15634.0,0.0,0.0,0.0,0.0,15634.0,no_positive_direction,0.0,1.019232|1.742586
3744,15634.0,0.0,0.0,0.0,0.0,15634.0,no_positive_direction,0.0,1.019232|1.742586
3745,15634.0,0.0,0.0,0.0,0.0,15634.0,no_positive_direction,0.0,1.019232|1.742586
3746,15634.0,0.0,0.0,0.0,0.0,15634.0,no_positive_direction,0.0,1.019232|1.742586
3747,15634.0,0.0,0.0,0.0,0.0,15634.0,no_positive_direction,0.0,1.019232|1.742586
3748,15634.0,7.173958319823454,0.5,-2.7746693831431912e-12,1.99999999993334,15633.000000000022,ok,1.0,1.019232|1.742586
3749,15633.0,0.25782820498714487,1696.5,243762.67418034992,0.003479819061110295,15630.048243481413,ok,3393.0,1.019265|1.742591
3750,15633.0,0.8987787632215286,5538.500000003836,41490215.4752079,6.674465216158393e-05,15632.815167372,ok,11077.0,1.019265|1.742591
3751,15633.0,0.23155058410545645,1132.0,100751.19352622503,0.005617799454183866,15629.820325508932,ok,2264.0,1.019265|1.742591
3752,15633.0,0.25717852392850166,1011.500000000437,83662.13807458305,0.006045147920429106,15629.942666439241,ok,2023.0,1.019265|1.742591
3753,15633.0,0.29657925021138515,1010.0,104204.48583700003,0.0048462405043669336,15630.552648545294,ok,2020.0,1.019265|1.742591
3754,15633.0,0.2918595490898337,1079.5000000000114,128670.62101830484,0.004194819265877486,15630.735846301242,ok,2159.0,1.019265|1.742591
3755,15633.0,0.23291360207395287,1338.0,124478.65075858292,0.005374415579885066,15629.404515977056,ok,2676.0,1.019265|1.742591
3756,15633.0,0.23952456205799436,1248.5000000000002,130311.44791466034,0.0047904463498004805,15630.009563866137,ok,2497.0,1.019265|1.742591
3757,15633.0,0.26332646529694764,1160.0000000005377,122652.33274332363,0.004728813443883237,15630.257288202545,ok,2320.0,1.019265|1.742591
3758,15633.0,0.27177962730766436,1216.5,144073.88269505373,0.004221792240356427,15630.432094869804,ok,2433.0,1.019265|1.742591
3759,15633.0,0.26923537958934435,934.0,81196.77876245983,0.0057514596898751704,15630.31406832483,ok,1868.0,1.019265|1.742591
3760,15618.0,0.0,0.0,0.0,0.0,15618.0,no_positive_direction,0.0,1.019255|1.742591
3761,15618.0,0.0,0.0,0.0,0.0,15618.0,no_positive_direction,0.0,1.019255|1.742591
3762,15618.0,0.0,0.0,0.0,0.0,15618.0,no_positive_direction,0.0,1.019255|1.742591
3763,15618.0,0.0,0.0,0.0,0.0,15618.0,no_positive_direction,0.0,1.019255|1.742591
3764,15618.0,0.0,0.0,0.0,0.0,15618.0,no_positive_direction,0.0,1.019255|1.742591
3765,15618.0,0.0,0.0,0.0,0.0,15618.0,no_positive_direction,0.0,1.019255|1.742591
3766,15618.0,0.0,0.0,0.0,0.0,15618.0,no_positive_direction,0.0,1.019255|1.742591
3767,15618.0,0.0,0.0,0.0,0.0,15618.0,no_positive_direction,0.0,1.019255|1.742591
3768,15618.0,0.0,0.0,0.0,0.0,15618.0,no_positive_direction,0.0,1.019255|1.742591
3769,15618.0,0.0,0.0,0.0,0.0,15618.0,no_positive_direction,0.0,1.019255|1.742591
3770,15618.0,0.0,0.0,0.0,0.0,15618.0,no_positive_direction,0.0,1.019255|1.742591
3771,15618.0,0.0,0.0,0.0,0.0,15618.0,no_positive_direction,0.0,1.019255|1.742591
3772,15618.0,0.0,0.0,0.0,0.0,15618.0,no_positive_direction,0.0,1.019255|1.742591
3773,15618.0,0.0,0.0,0.0,0.0,15618.0,no_positive_direction,0.0,1.019255|1.742591
3774,15618.0,0.0,0.0,0.0,0.0,15618.0,no_positive_direction,0.0,1.019255|1.742591
3775,15618.0,0.0,0.0,0.0,0.0,15618.0,no_positive_direction,0.0,1.019255|1.742591
3776,15618.0,0.0,0.0,0.0,0.0,15618.0,no_positive_direction,0.0,1.019255|1.742591
3777,15618.0,0.0,0.0,0.0,0.0,15618.0,no_positive_direction,0.0,1.019255|1.742591
3778,15618.0,0.0,0.0,0.0,0.0,15618.0,no_positive_direction,0.0,1.019255|1.742591
3779,15618.0,0.0,0.0,0.0,0.0,15618.0,no_positive_direction,0.0,1.019255|1.742591
3780,15618.0,0.0,0.0,0.0,0.0,15618.0,no_positive_direction,0.0,1.019255|1.742591
3781,15618.0,0.0,0.0,0.0,0.0,15618.0,no_positive_direction,0.0,1.019255|1.742591
3782,15618.0,0.0,0.0,0.0,0.0,15618.0,no_positive_direction,0.0,1.019255|1.742591
3783,15618.0,0.0,0.0,0.0,0.0,15618.0,no_positive_direction,0.0,1.019255|1.742591
3784,15618.0,1.7627596247580963,1.500000000001586,-8.52194553147001e-07,1.9999881564903819,15615.000014356525,ok,3.0,1.019255|1.742591
3785,15615.0,0.6705925502709775,114.5,3447.0729267565084,0.016608293823904927,15614.049175178581,ok,229.0,1.019342|1.742591
3786,15615.0,0.3607394216898374,416.5000000000087,27211.381384852662,0.0076530477102469945,15613.406252814342,ok,833.0,1.019342|1.742591
3787,15615.0,0.31489931458383086,393.5,19248.176073830175,0.010221747725359878,15612.988871135036,ok,787.0,1.019342|1.742591
3788,15615.0,0.30454253372390216,371.5,16529.64175745253,0.011237388125260067,15612.912655155733,ok,743.0,1.019342|1.742591
3789,15615.0,0.34823423661963865,331.5000000001632,15606.807511954803,0.010620365495833612,15613.239674419065,ok,663.0,1.019342|1.742591
3790,15615.0,0.41218431870328676,374.0,25046.03247010503,0.007466252398386985,15613.603810801502,ok,748.0,1.019342|1.742591
3791,15604.0,0.0,0.0,0.0,0.0,15604.0,no_positive_direction,0.0,1.019366|1.742591
3792,15604.0,1.0288898376761615,2.5000000000000004,0.0012552951172040139,1.9972182443942081,15599.0119616115,ok,5.0,1.019366|1.742591
3793,15599.0,0.3612714422926654,43.50000000000001,346.53126065614055,0.06276490022521318,15597.6348634201,ok,87.0,1.019358|1.742591
3794,15599.0,0.3806569625231343,76.00000000000017,1039.9112848361501,0.0365415786462856,15597.61142001144,ok,152.0,1.019358|1.742591
3795,15586.0,0.0,0.0,0.0,0.0,15586.0,no_positive_direction,0.0,1.019348|1.742591
3796,15586.0,0.0,0.0,0.0,0.0,15586.0,no_positive_direction,0.0,1.019348|1.742591
3797,15586.0,0.0,0.0,0.0,0.0,15586.0,no_positive_direction,0.0,1.019348|1.742591
3798,15586.0,0.0,0.0,0.0,0.0,15586.0,no_positive_direction,0.0,1.019348|1.742591
3799,15586.0,0.0,0.0,0.0,0.0,15586.0,no_positive_direction,0.0,1.019348|1.742591
3800,15586.0,0.0,0.0,0.0,0.0,15586.0,no_positive_direction,0.0,1.019348|1.742591
3801,15586.0,0.0,0.0,0.0,0.0,15586.0,no_positive_direction,0.0,1.019348|1.742591
3802,15586.0,0.0,0.0,0.0,0.0,15586.0,no_positive_direction,0.0,1.019348|1.742591
3803,15586.0,0.0,0.0,0.0,0.0,15586.0,no_positive_direction,0.0,1.019348|1.742591
3804,15586.0,0.0,0.0,0.0,0.0,15586.0,no_positive_direction,0.0,1.019348|1.742591
3805,15586.0,0.0,0.0,0.0,0.0,15586.0,no_positive_direction,0.0,1.019348|1.742591
3806,15586.0,0.0,0.0,0.0,0.0,15586.0,no_positive_direction,0.0,1.019348|1.742591
3807,15586.0,0.0,0.0,0.0,0.0,15586.0,no_positive_direction,0.0,1.019348|1.742591
3808,15586.0,0.0,0.0,0.0,0.0,15586.0,no_positive_direction,0.0,1.019348|1.742591
3809,15586.0,0.0,0.0,0.0,0.0,15586.0,no_positive_direction,0.0,1.019348|1.742591
3810,15586.0,0.0,0.0,0.0,0.0,15586.0,no_positive_direction,0.0,1.019348|1.742591
3811,15586.0,0.0,0.0,0.0,0.0,15586.0,no_positive_direction,0.0,1.019348|1.742591
3812,15586.0,0.0,0.0,0.0,0.0,15586.0,no_positive_direction,0.0,1.019348|1.742591
3813,15586.0,0.0,0.0,0.0,0.0,15586.0,no_positive_direction,0.0,1.019348|1.742591
3814,15586.0,0.0,0.0,0.0,0.0,15586.0,no_positive_direction,0.0,1.019348|1.742591
3815,15586.0,0.0,0.0,0.0,0.0,15586.0,no_positive_direction,0.0,1.019348|1.742591
3816,15586.0,0.0,0.0,0.0,0.0,15586.0,no_positive_direction,0.0,1.019348|1.742591
3817,15586.0,0.0,0.0,0.0,0.0,15586.0,no_positive_direction,0.0,1.019348|1.742591
3818,15586.0,0.0,0.0,0.0,0.0,15586.0,no_positive_direction,0.0,1.019348|1.742591
3819,15586.0,0.0,0.0,0.0,0.0,15586.0,no_positive_direction,0.0,1.019348|1.742591
3820,15586.0,0.0,0.0,0.0,0.0,15586.0,no_positive_direction,0.0,1.019348|1.742591
3821,15586.0,0.0,0.0,0.0,0.0,15586.0,no_positive_direction,0.0,1.019348|1.742591
3822,15586.0,0.0,0.0,0.0,0.0,15586.0,no_positive_direction,0.0,1.019348|1.742591
3823,15586.0,0.0,0.0,0.0,0.0,15586.0,no_positive_direction,0.0,1.019348|1.742591
3824,15586.0,0.0,0.0,0.0,0.0,15586.0,no_positive_direction,0.0,1.019348|1.742591
3825,15586.0,0.0,0.0,0.0,0.0,15586.0,no_positive_direction,0.0,1.019348|1.742591
3826,15586.0,0.0,0.0,0.0,0.0,15586.0,no_positive_direction,0.0,1.019348|1.742591
3827,15586.0,0.0,0.0,0.0,0.0,15586.0,no_positive_direction,0.0,1.019348|1.742591
3828,15586.0,0.0,0.0,0.0,0.0,15586.0,no_positive_direction,0.0,1.019348|1.742591
3829,15586.0,0.0,0.0,0.0,0.0,15586.0,no_positive_direction,0.0,1.019348|1.742591
3830,15586.0,0.0,0.0,0.0,0.0,15586.0,no_positive_direction,0.0,1.019348|1.742591
3831,15586.0,0.0,0.0,0.0,0.0,15586.0,no_positive_direction,0.0,1.019348|1.742591
3832,15586.0,0.0,0.0,0.0,0.0,15586.0,no_positive_direction,0.0,1.019348|1.742591
3833,15586.0,0.0,0.0,0.0,0.0,15586.0,no_positive_direction,0.0,1.019348|1.742591
3834,15586.0,0.0,0.0,0.0,0.0,15586.0,no_positive_direction,0.0,1.019348|1.742591
3835,15586.0,0.0,0.0,0.0,0.0,15586.0,no_positive_direction,0.0,1.019348|1.742591
3836,15586.0,0.0,0.0,0.0,0.0,15586.0,no_positive_direction,0.0,1.019348|1.742591
3837,15586.0,0.0,0.0,0.0,0.0,15586.0,no_positive_direction,0.0,1.019348|1.742591
3838,15586.0,0.0,0.0,0.0,0.0,15586.0,no_positive_direction,0.0,1.019348|1.742591
3839,15586.0,0.0,0.0,0.0,0.0,15586.0,no_positive_direction,0.0,1.019348|1.742591
3840,15586.0,0.0,0.0,0.0,0.0,15586.0,no_positive_direction,0.0,1.019348|1.742591
3841,15586.0,0.0,0.0,0.0,0.0,15586.0,no_positive_direction,0.0,1.019348|1.742591
3842,15586.0,0.0,0.0,0.0,0.0,15586.0,no_positive_direction,0.0,1.019348|1.742591
3843,15586.0,0.0,0.0,0.0,0.0,15586.0,no_positive_direction,0.0,1.019348|1.742591
3844,15586.0,0.0,0.0,0.0,0.0,15586.0,no_positive_direction,0.0,1.019348|1.742591
3845,15586.0,0.0,0.0,0.0,0.0,15586.0,no_positive_direction,0.0,1.019348|1.742591
3846,15586.0,0.0,0.0,0.0,0.0,15586.0,no_positive_direction,0.0,1.019348|1.742591
3847,15586.0,0.0,0.0,0.0,0.0,15586.0,no_positive_direction,0.0,1.019348|1.742591
3848,15586.0,0.0,0.0,0.0,0.0,15586.0,no_positive_direction,0.0,1.019348|1.742591
3849,15586.0,0.0,0.0,0.0,0.0,15586.0,no_positive_direction,0.0,1.019348|1.742591
3850,15586.0,0.0,0.0,0.0,0.0,15586.0,no_positive_direction,0.0,1.019348|1.742591
3851,15586.0,0.0,0.0,0.0,0.0,15586.0,no_positive_direction,0.0,1.019348|1.742591
3852,15586.0,0.0,0.0,0.0,0.0,15586.0,no_positive_direction,0.0,1.019348|1.742591
3853,15586.0,0.0,0.0,0.0,0.0,15586.0,no_positive_direction,0.0,1.019348|1.742591
3854,15586.0,0.0,0.0,0.0,0.0,15586.0,no_positive_direction,0.0,1.019348|1.742591
3855,15586.0,0.0,0.0,0.0,0.0,15586.0,no_positive_direction,0.0,1.019348|1.742591
final,15586.0,,,,,,no_positive_direction,,
