round,old_loss,beta,direction_gain,interaction,step,expected_loss,status,max_gain_sum
0,4901077472.894426,6.581320892863908e-05,878516393.8975447,146187910.70883575,1.0000026828162774,4168747417.199301,ok,1757032787.7950895
1,4167105866.2622952,9.421895766711703e-05,609955687.2739885,116446040.14381804,1.0000000609174116,3673596196.1623864,ok,1219911374.547977
2,3673409409.522367,0.00014610704696015373,382059172.99337995,94952541.81362225,1.0000001869209554,3386302742.424987,ok,764118345.9861754
3,3387279588.729419,0.0002579735349576175,209109754.23412213,47909572.4797122,1.000000000002552,3226079406.97472,ok,418219508.46824425
4,3226271085.7954297,0.00031011829980533113,166373412.43711475,34351026.914527215,1.0000000000000007,3094248700.2728424,ok,332746824.87421983
5,3095917354.016288,0.0002635049080036049,198389090.92212072,21618817.191425145,1.0000000000071256,2919147080.284487,ok,396778181.8439883
6,2919454219.150908,0.00028207892021194083,176973648.8582967,15921252.90768933,1.0000000000000038,2758401823.2003,ok,353947297.7165933
7,2757690621.446749,0.00025871481516658484,193182147.06307632,7626353.7933946755,1.0000000000000127,2572134828.1770654,ok,386364294.125937
8,2571209449.5028877,0.00026218586289041397,186703782.308265,6641080.699077748,1.0000000000000075,2391146747.893699,ok,373407564.6165212
9,2392023671.2757783,0.0002562629059988976,190287322.64114368,6108605.467122092,1.0000000000000004,2207844954.1017566,ok,380574645.2822855
10,2207271282.2851024,0.00025732183864937485,187699702.55814153,6474441.994717853,1.0000000000000016,2026046021.7216785,ok,375399405.1161064
11,2026806250.006348,0.000259999792134457,183479950.0446046,6697055.855834152,1.0000000000000104,1850023355.8175757,ok,366959900.08920896
12,1850610934.8787026,0.00026946297055229445,175424510.99859485,6733721.956386132,1.0000000000000306,1681920145.836489,ok,350849021.99702907
13,1682123497.4687858,0.00027731764304519203,168682824.25860754,7151241.72259224,1.0000000000000002,1520591914.9327705,ok,337365648.5170697
14,1520717042.218822,0.0002955786542290499,157370376.404808,7247265.582371178,1.000000000000002,1370593931.396385,ok,314740752.80960846
15,1372470902.2782276,0.0003134451351620225,148228364.64917856,7454757.135540686,1.000000000000339,1231697294.7645445,ok,296456729.2983571
16,1230771582.6211967,0.0003402365671413344,134991857.76868123,7364245.980378001,1.0000000000000209,1103143970.832891,ok,269983715.5373624
17,1102786630.0028718,0.00037589830859753224,121498600.15985672,7359843.862923875,1.0000000000000107,988647873.7059377,ok,242997200.3197134
18,988282053.0180451,0.0004109368977472344,108484828.52938801,7096523.621626912,1.0000000000002074,886893748.1102644,ok,216969657.05877602
19,886849068.8801036,0.0004618594337968902,96129593.06519562,7140007.489615224,1.0000000000000178,797859483.3045217,ok,192259186.13029772
20,797569315.5321317,0.0005301171233082758,83387990.85070078,6676176.303686606,1.000000000000656,720857500.9850715,ok,166775981.70140156
21,720579886.5791324,0.0005980423253915627,72873104.36689582,7332618.464880109,1.0000000000000002,655039400.6771168,ok,145746208.73379058
22,654388827.9916451,0.0006678700592858889,65786758.56434478,19241199.240221925,1.0000000000000002,607843268.6675223,ok,131573517.12868811
23,607699275.8257291,0.000501062060656464,89210960.91937535,143759730.02625483,0.31027799267250555,593859176.8865047,ok,178421921.838668
24,593820587.8302469,0.000701145623578733,60084210.677927084,45563754.61068723,0.6593421809869242,574012560.5746157,ok,120168421.35585415
25,574350016.1367793,0.00022182011879363583,116249049.14139995,432673865.2319755,0.13433796039318635,566541686.0571278,ok,232498098.28266338
26,566321115.2848538,0.000514923387583156,8561509.42776413,350329.5901403896,1.0000000404623297,558109935.1291617,ok,17123018.85552826
27,558093513.6909007,0.0005717553215903089,8656493.113827737,374346.19177239615,1.0000003663258508,549811363.8720136,ok,17312986.227655474
28,549825668.2353995,0.0006134646018885407,8027938.9054860715,308501.6656459471,1.0000001264985225,542106230.058087,ok,16055877.810962386
29,542060448.9771149,0.0007029874264447718,6943038.330288947,208023.19371285965,1.0000010165632762,535325427.20543873,ok,13886076.660577893
30,535381449.7281142,0.0007349975657168559,6533456.595632909,160495.9984143798,1.0000001321516934,529008488.3099079,ok,13066913.191265805
31,529136080.2344946,0.0007998378929512544,5894940.051753112,115554.94533728703,1.000000443247712,523356692.61759907,ok,11789880.103506222
32,523210742.5276761,0.0008602238718196382,5509543.617363825,82069.6879305052,1.0000000389038508,517783268.39028597,ok,11019087.23472723
33,517737549.50755274,0.0008995159736993134,5281107.694604791,72497.75766593986,1.0000009293171475,512528934.79753685,ok,10562215.389209576
34,512480196.139072,0.0009505503979553093,4924235.597321309,77517.53341132065,1.00000005882003,507633477.7946375,ok,9848471.194642503
35,507484650.64612937,0.0009974281933515946,4539041.643123237,60934.25230910624,1.000000007903193,503006543.22040546,ok,9078083.286246462
36,503079121.55328125,0.0010480249523508206,4438031.367255084,53487.66309554253,1.0000007287797479,498694574.6927358,ok,8876062.734510167
37,498666466.44282204,0.001060803282844489,4066321.5007770765,40662.91990024641,1.0000000185034177,494640807.7882092,ok,8132643.001554153
38,494722333.8720305,0.0010789776752658173,4048780.41606112,44584.40252479751,1.0000002119853064,490718137.0191147,ok,8097560.8321175985
39,490715536.5994288,0.0011006231169325656,3904847.977639878,67908.66598103709,1.000000359184965,486878595.9339908,ok,7809695.955275283
40,486823458.72851044,0.001164157759165321,3835551.6237218776,40603.954206433766,1.000000008259115,483028511.0279874,ok,7671103.247443746
41,482991909.20883876,0.0011941958318056006,3701507.276238409,32477.455137440462,1.0000000018245796,479322879.3811026,ok,7403014.552476817
42,479342257.6851208,0.0012209498775087003,3541785.972531704,28038.592691776437,1.0000000000149731,475828510.3052287,ok,7083571.945063407
43,475799295.2853474,0.0012673765233943153,3380540.555670981,31699.473113140673,1.0000000106865192,472450454.1673409,ok,6761081.111341961
44,472482254.7590701,0.0013042664291655496,3149089.1644069063,27677.63994646567,1.0000007264157704,469360840.98727256,ok,6298178.328813813
45,469358712.6963098,0.0013333440412240623,3168760.6403110675,36182.40662774359,1.0000000001487361,466226134.46216595,ok,6337521.280622134
46,466215799.4525914,0.0013740831555381931,3006183.391065399,24030.89521007518,1.0000000000027143,463233646.95672804,ok,6012366.782130798
47,463226009.46915203,0.0014278614857415638,2910257.5082557024,25953.632668047405,1.0000000000083724,460341705.5935405,ok,5820515.016511404
48,460344439.2014335,0.0014716955729572633,2816847.8463638127,26369.728397678613,1.0000000000623863,457553961.08329487,ok,5633695.692724545
49,457586372.45785165,0.0014601016935208867,2777865.205615396,29831.900439187983,1.0000000733767767,454838338.9532226,ok,5555730.411230758
50,454812436.9746417,0.001438174491366913,2680548.739733209,26108.078361157113,1.000001059663253,452157993.5281222,ok,5361097.479466416
51,452145322.0889899,0.0015443181421458964,2575604.0190487043,21095.670624977996,1.0000000000766,449590813.7403721,ok,5151208.038097404
52,449630214.82972425,0.0015301791138549092,2614951.1214709487,26795.676989165862,1.0000001721172176,447042058.94438833,ok,5229902.242941885
53,447081052.5085478,0.0015591672253550848,2479533.5308044725,19385.34621172341,1.000000000102085,444620904.32370585,ok,4959067.061608945
54,444621022.5990188,0.0015822247423117372,2400958.47620484,25332.52641505539,1.000000000777507,442245396.64740163,ok,4801916.95240968
55,442238752.5791069,0.00163572769406024,2301987.6842041286,16597.81024820814,1.0000000052557994,439953362.6932267,ok,4603975.368408257
56,439999227.27036357,0.0016475870800404635,2253229.0390923503,12276.247708285584,1.0000003946502485,437758273.59943175,ok,4506458.078184593
57,437783728.8749435,0.0017233217205378396,1935530.9349665516,19999.5820872228,1.0000000022909206,435868197.51772165,ok,3871061.8699330986
58,435926306.8037362,0.0017629889719994656,2126932.267279152,13602.71445228329,1.000000000000001,433812977.2509093,ok,4253864.5345560955
59,433828874.8735218,0.0017865014472267977,2029139.8285058038,17762.683918298702,1.0000000020563995,431817497.7248347,ok,4058279.6570116077
60,431831897.9525849,0.0016877605896293579,2197553.642519327,59031.89136282433,1.0000000066993,429693376.18749726,ok,4395107.285038653
61,429727126.7275007,0.001850044231310131,1985926.1830303492,21080.50049576584,1.0000000389185795,427762280.9693175,ok,3971852.3660606984
62,427816458.49659497,0.0017804978888466992,2003281.7692633914,19821.137055779778,1.0000000000000342,425832997.8643873,ok,4006563.538524708
63,425849634.588318,0.0018188800967626568,1948193.8864181098,11465.637559577757,1.000000001461374,423912906.33664596,ok,3896387.772836219
64,423921602.91642594,0.001816036890239685,1902130.0973906242,14332.319006716967,1.0000000000039169,422033805.13803464,ok,3804260.1947793793
65,421932795.01041126,0.0019110510414082707,1706132.879604813,10963.151320599689,1.0000000001403655,420237625.28189063,ok,3412265.759209622
66,420230763.7811022,0.0018954092358804053,1814521.2327899877,27702.626893063243,1.000000001417853,418443945.1727111,ok,3629042.4655783754
67,418436440.06161755,0.0019479306671579058,1796187.9253083179,16742.43847540169,1.0000000003933383,416656994.57409126,ok,3592375.850616635
68,416649327.6379367,0.0019609192167333225,1572115.0569225594,13596.941566691665,1.0000000000207363,415090809.5225488,ok,3144230.113845096
69,415105894.47015595,0.0020026401554797345,1660777.2699468678,10657.81230394596,1.0000000358129995,413455774.953799,ok,3321554.539893735
70,413477367.6301443,0.0020149468898122496,1702070.2757104854,11557.787065410183,1.0000000002395455,411786855.141097,ok,3404140.5514209643
71,411782680.54022807,0.0020505905616556037,1662716.0343690459,26438.377439223408,1.0000000020681592,410146402.8799688,ok,3325432.068738091
72,410156479.2971196,0.0020342341523342375,1661098.8059435396,17998.197700591885,1.0000000259087887,408513378.6467722,ok,3322197.611887045
73,408502247.786805,0.002192337171966036,1532288.461605275,10220.233634954151,1.000000001574333,406980179.5564545,ok,3064576.9232091634
74,406983454.94776684,0.002208847741130334,1572691.746479835,15078.206968209372,1.000000000170916,405425841.4079916,ok,3145383.492959654
75,405441541.17094845,0.0022112663140127485,1522909.1292099955,22054.05619816432,1.0000000397362507,403940686.0391746,ok,3045818.2584199095
76,403894525.8166219,0.0022200964196642265,1391043.023368,12511.12541992425,1.0000000000300826,402515993.91863275,ok,2782086.0467359996
77,402531958.82304734,0.0022505470497698743,1387429.9923896561,9225.804553708324,1.0000000263811804,401153754.5990961,ok,2774859.984779312
78,401146840.2413092,0.0022591693448547516,1354866.2359364266,9449.302891995027,1.00000000020458,399801423.30799145,ok,2709732.471872852
79,399786112.78672266,0.0023137959451384896,1387722.9544660405,95316.4971708559,1.0000000001196951,398493706.3292842,ok,2775445.908932081
80,398483989.9971229,0.002271993178002629,1373055.8028127109,37645.78065977902,1.0000000004497038,397148579.97438633,ok,2746111.6056254217
81,397152407.69479585,0.00249155287285184,1321153.686869087,13512.637118615778,1.0000000000000009,395844766.6450454,ok,2642307.3737381734
82,395839910.5485613,0.002282012392792642,1364716.682341242,22513.374908250695,1.0000000001484786,394497707.24093235,ok,2729433.364682484
83,394508713.3666941,0.002288755548035062,1365706.010150412,9830.79037260091,1.0000000222830252,393152838.1169223,ok,2731412.020299643
84,393134592.753724,0.0023148266149688964,1385127.279384179,38039.09153983224,1.0000000000276006,391787504.5658435,ok,2770254.558768358
85,391760716.40150136,0.002517618683389231,1253754.5867056674,6882.845898263484,1.000000002948947,390513844.6570373,ok,2507509.173411317
86,390520845.68576145,0.002459206956255705,1267599.7047966328,9800.710710905445,1.000000133029455,389263046.5256552,ok,2535199.4095932655
87,389256897.77795297,0.0025515693971356218,1225460.0016836398,12272.633922386962,1.0000000046424198,388043710.4046166,ok,2450920.0033672797
88,388085052.155473,0.0025416941297385022,1249268.1375982708,7447.890903727392,1.000000000000006,386843231.9087784,ok,2498536.275196541
89,386846774.566595,0.0026888978091155922,1063488.6546488372,8393.032534779348,1.0000000000002403,385791678.9444807,ok,2126977.3092976725
90,385783981.0887206,0.0027350826787784677,1167748.0200257194,12828.926194280193,1.0000000000076512,384629061.99488044,ok,2335496.040050404
91,384627396.5488069,0.002728784065413623,1182796.149760323,6920.0526852870935,1.0000000001977996,383451520.45150065,ok,2365592.299520646
92,383425268.65098906,0.0025509318124908318,1208603.1680664811,7905.4818905952125,1.0000000005607421,382224570.9641443,ok,2417206.3361318316
93,382231601.62389493,0.0026200648378628872,1074035.9256546497,11887.65925231194,1.0000000014910868,381169453.3559266,ok,2148071.851308335
94,381160320.1482232,0.002789395142288574,1077649.6430809845,7786.652914165694,1.0000000001430893,380090457.1579044,ok,2155299.286161966
95,380085887.29067534,0.0028246728845888473,1083100.9657372232,9216.188852841304,1.000000000266007,379012002.5135077,ok,2166201.9314744463
96,379024489.2698838,0.002812434103350188,1141972.8078724144,8662.273330524375,1.0000000269614993,377891178.7050197,ok,2283945.6157448236
97,377889267.50526786,0.002822983854417347,1053669.978931624,15184.447191384264,1.0000000000395697,376850781.97348714,ok,2107339.9578632456
98,376859362.6484561,0.002798701320419717,1097481.9627846682,13633.607689762252,1.0000000000627502,375775514.293294,ok,2194963.9255692884
99,375794835.4057269,0.0027595215900290426,1081012.0360649945,11737.73866737248,1.0000000000000413,374725561.10832924,ok,2162024.072129989
100,374703652.4764173,0.0028815471714391705,992234.5450199503,17674.288009726166,1.000000004161869,373729092.21542466,ok,1984469.0900399005
101,373705076.3365476,0.002774011455403836,1058161.4069534657,22297.622553474568,1.000000003284716,372669212.54881835,ok,2116322.8139069313
102,372674622.29690105,0.0028219449078640906,1055730.5705993674,21121.31017553462,1.0000000000756009,371640013.0364006,ok,2111461.1411987348
103,371661243.0486475,0.00288580337030754,1011840.4082838597,15497.501402798174,1.0000000000704843,370664900.14169735,ok,2023680.8165668566
104,370678331.7508531,0.0028772017193892186,974805.8957730032,8865.834049861616,1.000000027937759,369712391.6623915,ok,1949611.7915460053
105,369685410.3061228,0.0030325898509797836,965536.330937024,6778.587271600216,1.0000000033252663,368726652.5592918,ok,1931072.6618740475
106,368719985.17287934,0.0032212531019366014,942812.1614049728,12883.499791906946,1.0000000000013576,367790056.511265,ok,1885624.32280994
107,367790139.8527783,0.003073537200622833,881837.8757642035,7496.544210283086,1.0000000000000455,366915798.5212243,ok,1763675.7515284067
108,366913917.3195005,0.002980543673184587,918829.6500050046,8551.268165142155,1.00000009955705,366003638.8478874,ok,1837659.3000100092
109,366011999.64105594,0.0032512654777768608,885201.7232215032,4366.5399749053395,1.0000000000177522,365131164.4577938,ok,1770403.4464430064
110,365110016.90443796,0.0031637300054629808,901981.0535707658,9233.860888728806,1.0000000000002485,364217269.7117557,ok,1803962.1071415313
111,364182242.3242028,0.0033250278629387833,850863.02982295,9052.197311134856,1.0000000004083662,363340431.4913509,ok,1701726.0596458954
112,363330810.9212899,0.0031494533315080927,893985.6570256565,9738.737619474603,1.0000000009806047,362446564.0010262,ok,1787971.3140513129
113,362466481.5806142,0.003278824102211265,845576.0460086137,8668.523338270326,1.0000000003933713,361629574.0576181,ok,1691152.0920172264
114,361621842.51713026,0.003591805426925374,720522.0577083303,7897.810334319147,1.0000000000000153,360909218.26975626,ok,1441044.1154166516
115,360899626.8742304,0.003430681260150649,813603.4837576097,3284.952810677165,1.0000000000000129,360089308.3432835,ok,1627206.9675152195
116,360095062.8175172,0.003419502185929828,823102.178434535,6956.438643003094,1.0000000000693667,359278917.07766956,ok,1646204.356869069
117,359290310.5728961,0.0036420792571616365,828135.0972061912,71193.84684190093,1.0000000029967457,358533369.32047683,ok,1656270.1944123819
118,358517071.89600825,0.0036196790363192274,964073.310496487,124285.47264872986,1.0000000002279352,357677284.0579974,ok,1928146.6209929734
119,357680942.3405008,0.003140919063171666,854874.34487294,92033.36158396814,1.00000044171393,356918101.0609067,ok,1709748.6897451454
120,356902388.4527089,0.003523209286809036,756616.2865297787,8847.207144628905,1.0000000026165161,356154619.37139034,ok,1513232.5730595358
121,356144658.39514095,0.0036405203259002416,680872.798389554,3368.206984332439,1.0000000005166652,355467153.8033874,ok,1361745.5967785465
122,355468772.5807154,0.003607269900233443,758596.6448324865,6491.92415503809,1.000000000005248,354716667.86003405,ok,1517193.2896649414
123,354709222.6799523,0.003614403814963459,788539.1149543857,7594.609955681197,1.0000000000121838,353928278.17494416,ok,1577078.2299087713
124,353931394.57723975,0.003977611437860327,711891.3712358978,6121.964450637719,1.000000000000752,353225625.17045397,ok,1423782.7424717955
125,353217456.252223,0.0035392248303840507,756660.5653185009,8587.511347798254,1.0000000000000013,352469383.19825226,ok,1513321.1306370017
126,352493339.0718254,0.0034574932126181673,726230.4986862855,13684.199959535197,1.0000000000000002,351780792.7730986,ok,1452460.997372571
127,351759069.6443162,0.0037096484990750992,700317.1107010299,19578.891524389404,1.0000000667973468,351078331.38097584,ok,1400634.2214020598
128,351076174.6589239,0.0037428220508876975,730575.9070613722,9385.357691121895,1.000000043140586,350354984.078846,ok,1461151.8141221371
129,350382172.7983422,0.0038960939878844676,706290.6067864458,11684.984001679197,1.000000000002153,349687567.175556,ok,1412581.2135728917
130,349706261.63616246,0.0039007364540914434,696781.6988486511,1357.4671863160802,1.0000000420444304,349010837.37531847,ok,1393563.3976973023
131,348986224.1283237,0.003767653482696588,691283.5271062942,8240.155825310783,1.0000008626847305,348303180.1749003,ok,1382567.0542125881
132,348289930.27088237,0.003859146550937711,693083.5062238633,8593.79222728216,1.0000000049953568,347605440.5535095,ok,1386167.0124471276
133,347621724.4533156,0.0041119471100763355,683978.2622348939,10280.659685421157,1.0000000000001588,346948026.85076606,ok,1367956.5244697873
134,346955435.80326325,0.004118598983484168,647500.6592419454,4526.919680423489,1.0000000000204456,346312462.06368864,ok,1295001.3184838623
135,346316018.22864926,0.004143900794633448,634342.0649100214,3642.6613602060916,1.0000000000118978,345685318.82509196,ok,1268684.1298200365
136,345671881.4319212,0.0038369029595609417,633962.3868474946,23231.28393174753,1.0000000000054752,345061150.32900226,ok,1267924.7736945148
137,345055986.9075417,0.004267953132549949,616135.0933937358,5604.49723420008,1.0000000000000049,344445456.3113822,ok,1232270.1867874716
138,344448471.5582608,0.004701977769150231,641317.6283231347,23545.976061101523,1.000000000144312,343830699.905913,ok,1282635.2566462695
139,343828292.995618,0.004366139597421578,543789.5242622199,4235.197205049055,1.000000000000062,343288738.6685608,ok,1087579.0485244396
140,343280368.47114986,0.0042990603034901015,623314.3127508626,15845.467216288333,1.00000000000386,342672899.62561303,ok,1246628.6255017251
141,342673302.63208425,0.0044062347014087065,564992.6253488094,3455.776685975663,1.0000000000184894,342111765.78341115,ok,1129985.2506976188
142,342106638.2817029,0.004567684977898072,577696.6426497193,4811.792862800125,1.0000000021032553,341533753.43072116,ok,1155393.2852994385
143,341529219.9800346,0.0042729628404775104,592952.1150193878,15768.96943295318,1.000000001279789,340952036.8337296,ok,1185904.2300387756
144,340957838.8763128,0.004232042658424635,603702.5090123517,14215.864510425397,1.000000029706537,340368352.21472156,ok,1207405.0180247035
145,340376254.4829067,0.0045585319426931,587962.6873339089,8757.866211092994,1.0000000000778018,339797049.66173947,ok,1175925.3746678135
146,339805863.9028286,0.0044647776873522,551999.2192125258,9082.239186267241,1.0000000000123568,339262946.9227957,ok,1103998.4384250513
147,339226434.2139094,0.004715142795372035,509137.5284657561,3869.9678981349152,1.0000000000093916,338721166.65333706,ok,1018275.0569315068
148,338746087.0094328,0.004494924088862278,534837.7499653411,2677.716304316298,1.0000000000623304,338213926.97573876,ok,1069675.4999306821
149,338213028.088117,0.004598013438790535,536437.1157334481,12298.338348061301,1.000000001148093,337688889.31014395,ok,1072874.2314668961
150,337697651.26234573,0.0048143445242534305,516411.16512810916,7737.965558825959,1.0000000001798774,337188978.0626864,ok,1032822.3302562183
151,337193181.6699186,0.004990477868150306,490775.0186453187,5150.095702114311,1.0000000000100155,336707556.7469706,ok,981550.0372906374
152,336692481.4488641,0.004418948974407613,537311.4803564823,49663.69589672409,1.0000002900980862,336204833.537346,ok,1074622.9607125488
153,336199999.58962923,0.0038745180882073034,636530.9590217979,1239529.696593167,0.25676309360368527,336118280.7605227,ok,1273061.9180435957
154,336119671.86388576,0.004614300532176678,508578.0535794316,27161.50605752824,1.0000000010324508,335638255.31589484,ok,1017156.1071584894
155,335641569.0947292,0.005263915124922448,436198.172958326,7912.3099924527705,1.0000000077996998,335213283.2284845,ok,872396.3459166519
156,335219013.89140207,0.004886304037285813,514384.95675055153,8022.8976281000505,1.0000000000008358,334712651.8322792,ok,1028769.9135006744
157,334708651.6427165,0.004545108630888168,554388.7499771818,424449.0921107722,0.653068601490256,334527624.69990176,ok,1108777.4999538064
158,334532573.5207522,0.003732070598979819,602141.6362498779,631786.6615249043,0.4765387376147875,334389101.61315024,ok,1204283.2724997555
159,334378859.296615,0.005462570631693544,404277.4877011827,10846.78542153151,1.0000000007168104,333985428.59406114,ok,808554.9754023654
160,333988310.4542664,0.005808759459200206,471062.36107184016,10855.005196988423,1.0000000002636074,333528103.0982731,ok,942124.7221433402
161,333513952.56419563,0.005106822784947537,489046.46043665946,18260.114801050047,1.0000000000000107,333043166.21856004,ok,978092.9208729044
162,333042888.96980083,0.0046514561851837555,491980.30980713194,26115.40894231439,1.0000007908121724,332577023.7211768,ok,983960.6196138784
163,332579394.26683986,0.00498221260900564,457535.2198653573,14091.769168929757,1.0000000000000222,332135950.8161434,ok,915070.4397307147
164,332121606.9379467,0.00484217159401047,478091.6137778907,10425.48160817831,1.0000000320669173,331653940.7911147,ok,956183.2275554081
165,331657935.3891541,0.00520485894271953,426112.7908290754,10545.579494179652,1.0000000004982097,331242368.1776174,ok,852225.5816581494
166,331240611.72548306,0.004882883027336479,485835.10788275546,10494.085065253807,1.0000000049429751,330765270.70036787,ok,971670.2157655109
167,330769081.713067,0.004941465707168389,437876.81853351026,6755.952279287278,1.0000000000812201,330337960.84677833,ok,875753.6370670204
168,330343522.8126087,0.005357789402542508,434710.8942356078,13834.933332996068,1.0000000012362407,329922646.8512029,ok,869421.7884712156
169,329905916.6361381,0.0055124018280083885,408536.9916737039,11179.14232713781,1.0000000028169458,329508558.78570366,ok,817073.9833474078
170,329509219.4002433,0.005267813647306039,447168.4075491184,76999.87013439566,1.0000000637597066,329139050.84413624,ok,894336.8150982368
171,329118834.49966186,0.00460460522767884,500192.642990539,115451.84507830121,1.0000000000286684,328734093.7017419,ok,1000385.285980693
172,328737010.11106235,0.005207582180859588,487623.2728390774,80716.25183468452,1.0000000004405074,328330103.08991426,ok,975246.5456781547
173,328324633.43342865,0.005892527273473489,440779.1020168548,26695.482928218924,1.0000000000079465,327910549.8143369,ok,881558.2040337096
174,327902545.6125161,0.006241302856467596,349269.14296085504,4666.863079697794,1.000000000014935,327557943.33262986,ok,698538.2859217101
175,327552939.78388107,0.006028084891004451,393327.2430848598,8901.037684529903,1.0000000000000837,327168513.5784807,ok,786654.4861697196
176,327161242.27344626,0.005808826161123823,390623.14658746356,2223.8138774556755,1.0000004576928483,326772842.76398647,ok,781246.2931749271
177,326784061.98684406,0.005920754135285487,404826.0256849609,9314.56356396071,1.0000000254386583,326388550.5148987,ok,809652.0513699218
178,326382879.90253335,0.005471622559989916,402912.9805609733,11695.696416211347,1.0000000000237974,325991662.6183796,ok,805825.9611216398
179,325988679.859979,0.0056481791087056475,376846.6130896148,48001.49763753638,1.0000000069231192,325659834.74258256,ok,753693.2261792293
180,325664338.6826028,0.00545873310429941,404538.3780409015,33258.27833810027,1.000000111430095,325293058.5452342,ok,809076.756081803
181,325304578.7437799,0.006064212276678687,383766.58428846695,6244.982147504648,1.0000000001378797,324927057.14158773,ok,767533.1685769274
182,324941468.1308701,0.006174670283362523,379698.869076328,11595.946272821466,1.0000000000020766,324573365.2080658,ok,759397.738152656
183,324556441.7812673,0.006105102982513284,341013.99332232645,11011.705331041583,1.0000000137354295,324226439.4888945,ok,682027.9866446527
184,324209183.1460498,0.006236596715342918,359772.34902474907,9613.989673777745,1.0000001524226596,323859024.7347922,ok,719544.698049498
185,323860249.8001931,0.00608824807094202,382135.1923935161,66453.62562550115,1.0000000027355527,323544568.23274326,ok,764270.3847870321
186,323539034.7654232,0.005516009742290406,421867.90933664853,111009.83017494358,1.0000000304970993,323228176.68016666,ok,843735.8186729337
187,323213403.0738998,0.0063409230866472285,352202.55802834424,7698.967590095694,1.0000000013534134,322868899.48300576,ok,704405.1160566884
188,322849613.67004645,0.006131405575887665,375478.4293371466,9932.252413412984,1.0000000055484384,322484067.4911496,ok,750956.8586742932
189,322491521.52368635,0.006511951869746184,342814.6412900578,8533.265788019893,1.0000000000257094,322157240.1481759,ok,685629.2825801143
190,322147211.6240104,0.006123181515778366,382886.19763186824,6577.231853653277,1.0000000004393503,321770902.65806973,ok,765772.3952637365
191,321749120.07327694,0.006908726281105863,357479.9676002021,3338.587959591405,1.0000000000003044,321394978.69363624,ok,714959.9352004041
192,321397758.33482647,0.0062211535493198935,360439.5695944324,9467.286273315474,1.000000096700628,321046786.0184816,ok,720879.1391888647
193,321041605.2364392,0.007232119666028348,322226.48433940375,6208.187593548741,1.0000000000000002,320725586.93969333,ok,644452.9686788038
194,320732397.8232122,0.006625705909213102,322273.86884227616,10599.838255640792,1.0000000000115101,320420723.7926221,ok,644547.7376845523
195,320410534.1768193,0.006640894507341258,337132.19101523294,11648.281693790155,1.0000000000067828,320085050.26749575,ok,674264.3820304659
196,320087911.7705734,0.0075466542145905865,322490.4984720146,85737.026158204,1.0000000010554793,319851158.2981002,ok,644980.9969440291
197,319860017.864999,0.003478601939113818,526131.011655413,1198531.4900074801,0.21948985739712576,319802277.65463877,ok,1052262.023310465
198,319802512.9378913,0.007105690248982917,278600.1398474216,8754.336404534039,1.00000000000001,319532667.13444847,ok,557200.2796948432
199,319544745.91160715,0.006605289078085247,312866.2955720244,4922.74373834518,1.0000000015087642,319236802.3593163,ok,625732.5911440488
200,319251907.11626947,0.007482621669531654,289995.1588719641,3934.4488744149257,1.0000000024876088,318965846.4055701,ok,579990.317743928
201,318961384.42927563,0.006257830572814562,326074.2397918103,39078.843062590386,1.000000000182099,318674389.0325013,ok,652148.4795833861
202,318681780.95325375,0.006004753815921779,353237.14003574,229499.2249290697,0.7695824248315292,318545858.4058691,ok,706474.28007148
203,318539965.87711143,0.0060162212456891335,350389.1384789419,51429.035168382616,1.0000000026433153,318241005.77314657,ok,700778.2769576096
204,318235188.9279209,0.006535169131509089,330196.56674195547,36177.92130677041,1.0000000040443906,317941170.2814429,ok,660393.1334836318
205,317936884.44485575,0.007383972002907701,318141.67758820456,16058.19548306362,1.0000000000001668,317634800.96275055,ok,636283.3551763964
206,317631263.21962416,0.007037954187023392,295080.9949672278,11030.825950393248,1.0000000005255592,317347213.05046386,ok,590161.9899344556
207,317341670.27323514,0.007052299836794566,299862.07481734303,10764.309864077986,1.0000000000437985,317052572.50826967,ok,599724.1496346861
208,317048721.8428505,0.007739070635970848,281791.5629564935,8194.970716399415,1.0000000000004505,316775125.2506103,ok,563583.1259129867
209,316785671.53638446,0.007454128767561607,277368.92973927193,10792.903903205322,1.0000000000309202,316519095.51054054,ok,554737.8594785439
210,316535508.1574404,0.007252311057039899,283472.92508579954,9212.107791832741,1.0000000287234345,316261247.3325333,ok,566945.8501715991
211,316260897.53394794,0.007572815244132529,272987.8310306263,5742.404432329564,1.0000000000000837,315993652.10734963,ok,545975.6620612526
212,316004810.6067863,0.006853804752173568,268091.5604532006,4892.2170305669315,1.0000000000009501,315741611.2633634,ok,536183.1209062127
213,315735526.0533903,0.0077373517158035605,272962.32579672243,19649.126869293887,1.0000000000017473,315482212.8544625,ok,545924.6515934449
214,315481105.7230914,0.007242465293625343,288596.92042145086,6240.155710771978,1.000000000332337,315198748.95828897,ok,577193.8408429017
215,315198079.84441066,0.007070275700839923,273044.7097206494,9846.13404670764,1.0000000000292109,314934881.2687293,ok,546089.4194412988
216,314936753.3831162,0.00733063514778399,292051.54198516987,17492.487967652298,1.0000000000000808,314662194.32909864,ok,584103.0839703397
217,314670692.96100754,0.0081886969126206,278944.5215034344,12236.457317759257,1.0000000000004734,314403984.89682174,ok,557889.0430068674
218,314402406.57755506,0.008205342223939665,261214.9587007291,5372.655264521391,1.0000000000006344,314146564.2741187,ok,522429.9174014582
219,314141505.9729152,0.007640163685339529,267530.7910824189,4471.424844846919,1.0000000081253302,313878446.60457647,ok,535061.5821648377
220,313886090.3410301,0.007592600376368258,258155.16240487277,8475.503724349492,1.000000008260027,313636410.6803572,ok,516310.32480974554
221,313633554.0948436,0.007649420607146618,285358.5390961717,8226.409443259165,1.0000000000305744,313356421.9651825,ok,570717.0781923427
222,313361417.20092046,0.007377027759625806,268657.82193036727,4907.549407489381,1.0000000001177847,313097666.92836714,ok,537315.6438607345
223,313094297.01761276,0.009365668983296709,273691.8503695897,66651.22058421506,1.0000000000223803,312887256.38782424,ok,547383.7007391794
224,312891678.0061848,0.005171714678241411,415653.8090263925,614374.1066931613,0.33827419197696085,312821375.5279895,ok,831307.618052785
225,312819239.71996117,0.00815638127703387,249674.24925368562,6747.506412812614,1.0000000010656376,312576312.97686857,ok,499348.498507362
226,312583722.66223884,0.007657825244175554,248864.36638242874,6753.396643060805,1.00000000004994,312341611.6924877,ok,497728.7327646784
227,312343848.0948529,0.008057265797497307,231133.4004836383,15980.180519126101,1.000000001228124,312128694.8746438,ok,462266.8009672731
228,312134804.27338994,0.007593465599810807,262408.11803361366,63865.56549595737,1.0000000000000024,311936261.7208523,ok,524816.2360672273
229,311932448.7947064,0.006760519844167249,295028.85100713937,446124.9972375363,0.3306571620442658,311883672.09340876,ok,590057.7020140734
230,311904489.02816457,0.00516663248714815,390695.7038384066,1553691.5671289,0.125731423180851,311879927.66472745,ok,781391.407676794
231,311875809.45378524,0.010797228946166715,159695.93789389252,14839.54955291191,1.0000000000085105,311730953.06544316,ok,319391.87578778504
232,311729670.78811437,0.008056498883602655,222736.83170532208,14074.549362374653,1.000000051939915,311521008.4956646,ok,445473.66341063834
233,311515380.8036643,0.00892038694978118,228399.00498752066,5127.183596438146,1.0000000000339582,311292108.98226583,ok,456798.0099748715
234,311293540.1677164,0.012700528028448899,112580.91836003309,3014.674011042792,1.0000000000007987,311183973.9233673,ok,225161.836719979
235,311181023.7467541,0.00996327120075519,179719.78409050393,1255.8848008049063,1.0000000129503583,311002559.8451695,ok,359439.56818100787
236,311002537.95446694,0.008566479045270253,193310.3760916894,9177.971563891002,1.0000000047322313,310818405.54911125,ok,386620.75218337495
237,310821937.9248755,0.010257797384721868,195273.59573042655,27747.5906413145,1.000000000743023,310654411.91968256,ok,390547.1914608531
238,310654605.3913924,0.008631661055902335,228425.79663368437,9827.467943507614,1.0000000389071242,310436007.05457956,ok,456851.5932671908
239,310433349.5422761,0.008162088355572798,239621.5940604754,21418.808504842727,1.000000029327163,310215146.7509494,ok,479243.1881209507
240,310209030.82181334,0.008318162173410163,223276.18937974793,8846.090516550688,1.0000000000000104,309994600.72295016,ok,446552.378759318
241,310000673.06464267,0.008886549204086328,215204.8258252527,6664.307085107959,1.0000000106360099,309792132.5437554,ok,430409.6516505054
242,309800284.9762512,0.008876824254751031,204207.90587722568,5906.304064820179,1.0000000000408424,309601983.3744309,ok,408415.81175445137
243,309610081.9882474,0.008772754547961666,204805.7559678187,12201.717684488418,1.000000000000091,309417477.94996405,ok,409611.51193563733
244,309413847.89074516,0.00910420488193103,205368.1753824241,10912.356496463555,1.0000000000022655,309219392.07185876,ok,410736.3507648482
245,309228417.1727059,0.009620263467027726,187880.0365555965,4919.687781194554,1.0000000000000004,309045456.8239315,ok,375760.073111193
246,309050208.5749574,0.008862094475107088,191812.5840664678,5255.547849744737,1.0000000000138158,308863651.53873813,ok,383625.16813293553
247,308863607.87050503,0.009090340497017197,205000.69430527184,3883.586308781003,1.0000000133457125,308662490.7598763,ok,410001.3886105436
248,308656380.8029543,0.00840888676073507,214783.07858008286,50165.78252058117,1.0000000055398444,308491763.50626075,ok,429566.1571599946
249,308486684.92309487,0.00697774455955641,259530.62960749798,250013.11362081004,0.5190340335529818,308419332.308337,ok,519061.25921479886
250,308423109.77209795,0.010770277145275979,157409.27018654125,26171.01427745949,1.000000000000576,308291871.51618886,ok,314818.54037297657
251,308291155.0755703,0.009167648451131275,204544.15239293574,37640.65355838012,1.0000000001684128,308124251.576714,ok,409088.3047857159
252,308122041.6382605,0.009064178761438042,206978.0987470058,21206.31354131298,1.0000000001376637,307936269.8530321,ok,413956.1974940108
253,307935244.03809255,0.008130199140016376,231555.72168124004,12685.671327445698,1.0000000450115651,307716373.97845805,ok,463111.4433624801
254,307712095.9416592,0.008680152346386064,201135.1071388424,25147.264383873626,1.0000000386628034,307536108.0930723,ok,402270.21427753475
255,307538710.797902,0.009271659520865585,197929.19808652793,8622.467025730637,1.0000000005957128,307349404.06673354,ok,395858.39617305424
256,307343840.5141985,0.009435815164711245,182928.56214789065,6987.834727037871,1.0,307167899.7867776,ok,365857.1242956609
257,307169647.33886284,0.011807656520803303,136193.01216111507,2199.045194329732,1.0000000015360095,307035653.3716936,ok,272386.02432223014
258,307036165.19060594,0.009723647479585845,182528.71448808128,6480.278052253116,1.0000000000001257,306860116.7541701,ok,365057.4289760342
259,306857611.4700315,0.009925829665415893,184223.50724571012,6712.721162806009,1.0000000000081886,306680100.6839472,ok,368447.01449142024
260,306678804.5353049,0.009165722053168297,188411.17283015605,9381.937932871057,1.0000000000000326,306499775.3004076,ok,376822.3456601753
261,306509459.7761658,0.011418722629689964,188257.92064812878,13608.46952060741,1.000000000000059,306334810.32503825,ok,376515.8412962555
262,306333661.0753214,0.009418393031003457,184215.80187008876,4647.295159592146,1.0000000000198959,306154092.5686074,ok,368431.6037401726
263,306153417.62320364,0.010334731451450627,160642.18953763193,11289.847360486048,1.0000000000178266,306004065.28102404,ok,321284.37907526386
264,305996851.6069452,0.012052790939453334,183909.08533520543,59111.36263516623,1.0000000000013962,305872053.8842451,ok,367818.1706702506
265,305860254.6593551,0.007942912559785922,218169.39657672658,150420.66083263542,0.7251975738208973,305781146.70081544,ok,436338.79315345304
266,305786707.6222546,0.009098024255034707,189569.38904158364,32554.758358092007,1.0000001056968824,305629692.9784161,ok,379138.7780831673
267,305622202.6418435,0.008996985839801328,203161.15809433404,45994.30771070212,1.0000000000000202,305465035.79145986,ok,406322.31618851144
268,305458459.09827405,0.009981993185595771,154092.21832528268,38612.984047712685,1.000000058424661,305342979.8595056,ok,308184.43665056536
269,305350968.88938063,0.010657546559828734,160823.65656416334,43064.209083460315,1.0000000024765385,305233209.44171494,ok,321647.3131283266
270,305233428.1456684,0.00954880695589231,195063.49779896054,30824.316248681942,1.000000419700308,305069188.90812385,ok,390126.9955977858
271,305073917.7100727,0.01021735679450562,179231.00279292715,23043.90549104404,1.000000000087258,304917730.6127592,ok,358462.0055857153
272,304919419.8884554,0.010857861408129848,167719.467919319,3842.018690733652,1.000000000009175,304755542.4392254,ok,335438.935838638
273,304757621.93973565,0.010446881141735805,184937.6333392322,5790.383801234926,1.0000000000000024,304578474.69019765,ok,369875.2666784644
274,304576065.3063486,0.01113533512811093,197456.00447138408,40466.97120267903,1.000000000003922,304419076.27307945,ok,394912.00894276635
275,304420347.7128518,0.006215499675262233,242261.04741635083,407255.4290643203,0.2974313294889055,304384319.7001436,ok,484522.09483270167
276,304387291.2559324,0.011284070027453564,160054.07319442977,11135.697124434566,1.0000000000011242,304238372.87986225,ok,320108.1463888595
277,304238504.7298274,0.0108732857030063,174657.3785276537,23789.129713631562,1.0000001817920259,304087636.45791143,ok,349314.7570551553
278,304084373.5122794,0.00950963951066012,205016.88321377875,85403.19620680172,1.0000000000124738,303964759.825272,ok,410033.76642755745
279,303957736.13848174,0.007182889787410582,270719.99310452375,423647.04916773434,0.31951124601995956,303914487.0973221,ok,541439.9862090475
280,303902073.2631867,0.011101422052861486,158641.36205975743,6414.96640784402,1.0000000001113292,303749846.86751854,ok,317282.72411941213
281,303750179.6237009,0.011567605215915919,147036.63406777772,7741.570711985165,1.0000000000468046,303610884.5603389,ok,294073.26813555544
282,303612632.1085725,0.011586349377849692,156210.68146948513,17262.924836819016,1.0000000006461693,303473684.3518612,ok,312421.36293897015
283,303473365.28160036,0.011823530487891887,161374.32461892057,61667.42304054288,1.0000000002721776,303373658.3800116,ok,322748.6492377245
284,303372368.97919226,0.007389149401851552,221834.16172331286,218903.26392624163,0.50669450455992,303316167.9038578,ok,443668.3234464644
285,303310166.67959434,0.010487614208509782,173510.92750180757,49767.57981911536,1.000000274175536,303186423.31162935,ok,347021.85500361514
286,303186045.82794064,0.009898143290751886,168458.6801697617,89644.89115163827,0.9395888488771015,303106904.8792486,ok,336917.3603395234
287,303105132.21654606,0.006503647188133905,287160.1392970076,487267.293359195,0.29466387669623867,303062824.3566071,ok,574320.2785940152
288,303065444.770333,0.01060254333252848,155859.5639519504,8920.190251407203,1.0000000000000846,302918505.39663243,ok,311719.127903781
289,302924083.94395673,0.011390766358429841,165656.61973169915,35688.92292305546,1.0000000000001288,302794116.2471481,ok,331313.23946339614
290,302798457.2510543,0.010022881432331739,186213.33692495537,38425.241428735,1.0000000000079057,302650669.1555572,ok,372426.67384991073
291,302661372.82937944,0.010575932906255019,178307.5558824073,66591.30599077529,1.0000000045700905,302549656.57928157,ok,356615.11176481354
292,302569314.7675742,0.008589541647518698,200844.85788731408,182210.15777145408,0.5511351846235528,302513968.43365794,ok,401689.7157746236
293,302516587.07324636,0.01161621977569032,139743.74246330693,16507.74874879759,1.0000000051921214,302393351.0789777,ok,279487.48492661386
294,302393187.0095233,0.011685151821101495,153081.0852610366,35084.422066213905,1.0000000001708196,302275190.34631425,ok,306162.1705220732
295,302266658.2988761,0.00928719155832712,184271.15420559043,243981.82579473028,0.3776329519736926,302231864.86891294,ok,368542.30841118086
296,302232540.01790935,0.007628274768717619,236456.67995962454,320184.58970212727,0.36925056290123753,302188884.1368209,ok,472913.3599192487
297,302202569.2136256,0.010037013536116534,200443.91039371194,107161.9272761917,0.9352384540318212,302108837.7871872,ok,400887.82078725024
298,302103052.99482393,0.008287978510761004,223538.98397268634,234723.29657631612,0.4761755378209904,302049831.09686536,ok,447077.96794537257
299,302064930.5936931,0.009663822899748256,192180.8387644994,207635.8345772901,0.4627834091252737,302020461.5418271,ok,384361.677528877
300,302021334.4489796,0.010696794078376965,163933.7869633629,20021.661587785675,1.000000000000002,301877422.32360405,ok,327867.5739267258
301,301879858.43725216,0.01005378781549336,172091.61321491277,55238.385278495785,1.000000008907684,301763005.20876694,ok,344183.22642982553
302,301762000.21847785,0.008639068359304026,192463.9402133817,141030.9257845099,0.6823465815840264,301696336.66263646,ok,384927.880426627
303,301688987.0282258,0.010226569379158943,160814.53498655953,31752.310632611436,1.0000000000002518,301559924.8038718,ok,321629.06997311907
304,301561334.4522162,0.010109886838352958,169170.7262246096,82492.73966535347,1.0000000000002007,301474656.46565694,ok,338341.4524492191
305,301475925.643766,0.00809730769204512,214035.64306234985,311518.37513954326,0.34353614448340897,301439161.1539662,ok,428071.28612469963
306,301431621.0452932,0.011328977045715425,151491.56607323812,20864.083694478002,1.0000000000676819,301300993.56290704,ok,302983.1321464721
307,301305222.2470575,0.012148298753024388,150813.05392488124,29729.099486383682,1.0000000000208156,301184138.2926171,ok,301626.10784976045
308,301189473.9578913,0.011333742546358858,152744.53286905115,9754.11867944614,1.00000000059313,301046483.5436227,ok,305489.06573810225
309,301049602.8707701,0.011234943587672526,137369.7426659902,4434.062023039811,1.0000000000002822,300916667.19012713,ok,274739.4853319804
310,300919024.6202468,0.01295015756189403,139560.5764781933,6499.602202365673,1.000000000082648,300785963.6459605,ok,279121.1529563866
311,300788815.3825668,0.012975311278320358,125480.94314836051,4290.900939696021,1.00000000072904,300667625.3402729,ok,250961.88629672103
312,300666442.76633126,0.011535500921152572,136519.11272087725,5149.375488600705,1.0000000000000147,300535073.0290989,ok,273038.22544166265
313,300530915.0888123,0.012366532143464325,127261.89224092301,5161.507287213501,1.0000000000350553,300408814.70385444,ok,254523.78448184603
314,300411107.3912889,0.012916420032022246,123706.35522731983,13323.337888928156,1.0000000000845923,300300724.37394226,ok,247412.71045463963
315,300303113.377647,0.012671621002394417,126619.76798974772,18311.09694963511,1.000000003307742,300194804.70630914,ok,253239.53597949544
316,300194482.97519135,0.01226335825329764,135488.22285607565,17846.89896556365,1.0000000190183855,300076841.6494029,ok,270976.4457121513
317,300078491.1584421,0.013326047607552802,132979.3181480607,20545.977694823676,1.0000000032070246,299966057.8176941,ok,265958.6362961214
318,299962277.02663994,0.010397662687647819,129160.65258159948,87821.89007296583,0.7353556868013646,299914787.5164465,ok,258321.30516319897
319,299912213.27516097,0.010038232164555887,164182.51359008643,101698.66614274874,0.8072009192314902,299845949.13721514,ok,328365.02718017285
320,299838065.0725523,0.009467975860626782,198205.91987948932,222850.10381641082,0.44470681522045874,299793993.3108586,ok,396411.83975879423
321,299795307.57997024,0.011775000330334733,161555.9595325261,84130.15892569529,0.9601548457504647,299717748.21126777,ok,323111.9190650522
322,299705248.00881225,0.012728521557693776,152290.7429169261,84438.155653483,0.9017886625916861,299636580.97612214,ok,304581.4858338522
323,299646216.43109465,0.007405203184175455,241920.07268414443,544841.3091526168,0.22200966466768,299619362.13398814,ok,483840.14536828885
324,299614663.1966758,0.009650291403973261,155804.8842160948,292427.74535123666,0.26639894246176377,299593910.068483,ok,311609.7684321895
325,299596218.5364958,0.009661567129475596,165286.97714047483,320688.7877434425,0.25770619905911357,299574920.79717934,ok,330573.9542808146
326,299574009.593642,0.013107249759348301,114468.55139692554,5036.375763757517,1.0000000000894276,299464577.4179995,ok,228937.10279385105
327,299464262.94582826,0.012411163241847366,126994.15631966792,15068.535548322507,1.0000000001241194,299352337.32504493,ok,253988.31263933584
328,299345870.7664445,0.010476012496013197,139207.60680365877,77307.66352583525,0.9003480408972477,299283203.1184127,ok,278415.2136073146
329,299292884.24592453,0.00900102599392311,191424.0021838797,217885.063059342,0.4392774784468463,299250840.1194278,ok,382848.0043676091
330,299248943.1092284,0.01088879152429694,145752.13224348734,58412.681716157116,1.0000000756296756,299161603.65651333,ok,291504.2644869747
331,299166922.4970037,0.008571167284615912,192695.50352012768,392023.3788714389,0.24577042327789422,299143243.06927174,ok,385391.00704025535
332,299145367.4488964,0.01275874857820147,114756.03155355704,5115.3533113234025,1.0000000005607803,299035726.77059555,ok,229512.06310703902
333,299034483.5592137,0.01304571490580371,121093.21745774455,4684.776082790924,1.0000000000513418,298918075.117833,ok,242186.4349154891
334,298918275.75485206,0.012458861884471583,131579.11077616585,6126.2040807534995,1.0000000000000004,298792822.84815663,ok,263158.2215522298
335,298791182.0529916,0.013177870644474251,107106.1861359571,6173.444232044674,1.0000000000016511,298690249.31108755,ok,214212.37227191345
336,298688925.13406926,0.019895088312802352,59273.32352467952,3900.1941289371753,1.0000000000000013,298633552.00467354,ok,118546.64704930793
337,298635901.68621933,0.009592518085589344,147953.1156384463,612667.1309648628,0.12074510624181958,298626969.37888604,ok,295906.2312768926
338,298627303.29651105,0.012732449824360429,111904.03065323658,21862.55219173887,1.0000000267153493,298537261.81622815,ok,223808.06130647316
339,298536502.34982234,0.012404996750732611,128191.61147399581,43082.101546059755,1.0000000027291422,298451392.8397797,ok,256383.22294789308
340,298447000.7476275,0.010464422753241123,143573.7063321572,68631.87124743467,1.0000000000008984,298372058.91254276,ok,287147.4126643144
341,298366995.5731874,0.007161808332135546,210405.83294826915,376683.7954804399,0.2792870777463467,298337613.758075,ok,420811.66589640273
342,298333548.8684967,0.013781400622890296,99090.03688576815,14899.912658891573,1.000000000045673,298249358.7442667,ok,198180.07377146572
343,298253955.70083797,0.014360964931720054,115767.7715055536,14887.766751718778,1.000000000000362,298153075.6960841,ok,231535.5430111072
344,298155859.64186645,0.014374397154784519,106342.1255064559,11215.828591023572,1.0000000160521916,298060733.3436041,ok,212684.25101290963
345,298059865.0847661,0.010905281375616412,134136.1860586857,61119.05322872438,1.0000001735211228,297986847.9498716,ok,268272.3721173706
346,297987395.0612514,0.004621307926578806,219989.86190203,445086.22415320954,0.24713173534023392,297960211.82308686,ok,439979.7238040599
347,297960139.2055814,0.013542247279239358,88996.47320109367,3320.3176579432693,1.000000000110324,297874463.05002916,ok,177992.94640218734
348,297876972.67015594,0.01254836865339694,167526.40676535913,1361093.5870991468,0.061541105017768306,297871817.79006,ok,335052.81353071483
349,297868557.5580846,0.013484323414366282,105971.7736144799,7609.691846322259,1.0000000000601712,297770195.476311,ok,211943.54722888235
350,297770096.64834213,0.014216218830744342,101943.84907964786,2328.001535276906,1.0000000002866598,297670480.80076987,ok,203887.69815929557
351,297671948.63739973,0.012547573150821634,107481.47225262912,3103.5499628410616,1.000000000000724,297567570.7151098,ok,214962.94450525823
352,297566613.63910586,0.014549629170124236,106875.32880904607,9085.500471217954,1.0000000000019056,297468823.8107678,ok,213750.65761809127
353,297471114.48821723,0.0097731206495407,165226.0646531533,289550.20378896536,0.2853150550250968,297447543.74635315,ok,330452.1293063065
354,297449954.82795686,0.008434133788956162,167155.83702085185,572238.3299547109,0.14605438701919984,297437747.9063005,ok,334311.6740417037
355,297435240.52378947,0.013343384511461706,113045.75122105025,23661.330732444043,1.0000000156374271,297345856.1022731,ok,226091.50244209683
356,297343548.73063046,0.010621232454073091,148051.3105879101,169801.65774806557,0.4359536666231303,297311276.9747809,ok,296102.6211758202
357,297317845.0850293,0.01335803659760416,110214.19927052468,56529.85184484519,0.9748318425902157,297264124.929552,ok,220428.3985409628
358,297268639.72025746,0.007893406610018984,182228.66587230098,400169.54457513354,0.2276893236162888,297247893.9594195,ok,364457.33174460195
359,297240066.825725,0.018738407621380227,107516.34100251296,207084.01246707016,0.25959594785138196,297226111.422499,ok,215032.68200488974
360,297212976.60079926,0.014164273789645904,107018.76478672947,24927.678585901813,1.0000000001801213,297130885.5145881,ok,214037.5295734589
361,297123813.28581053,0.011484115033978073,128359.4936064644,152355.62762177738,0.42124959743894935,297096777.59330595,ok,256718.9872129288
362,297098156.5961543,0.009520285148270196,152618.6644002593,277199.2353133542,0.27528695060744784,297077149.63278997,ok,305237.32880042575
363,297077419.2255757,0.015480390810124723,104059.38790945243,13161.953195884313,1.0000000017391035,296986521.7907269,ok,208118.77581890486
364,296987873.1381531,0.015390111181684953,82723.87545284728,10694.019537763037,1.0000000000000637,296915843.28223795,ok,165447.75090569438
365,296912371.5837787,0.017531153892361272,87832.0087290204,3065.1663777702015,1.0000000000000009,296827604.7414274,ok,175664.0174579767
366,296824984.8557896,0.012464500156438645,129864.35335222248,176085.47307867362,0.36875373953818463,296801040.8728239,ok,259728.7067044449
367,296815257.3189249,0.0054235060711721305,249789.34409134055,739384.2499390414,0.16891713889762627,296794160.4682594,ok,499578.6881826811
368,296792957.0446509,0.01650423028126948,95186.86040023669,42787.201749095555,1.0000000000012077,296740557.38599974,ok,190373.72080047338
369,296746853.0519595,0.0073967189770647096,171751.2200219984,267068.7586395742,0.321548691986447,296719239.861887,ok,343502.4400438726
370,296721484.6966802,0.014162594547554544,90615.61185379588,7303.613320472499,1.000000000000001,296638172.6981469,ok,181231.22370759177
371,296634442.8220984,0.01353119913452533,98512.28925397634,3688.045977382306,1.0000000027173133,296539618.5785741,ok,197024.57850795265
372,296540659.2855722,0.015922375040284997,68500.27967732935,5578.122793276784,1.0000000139483916,296477737.12788826,ok,137000.5593546587
373,296477179.4042289,0.015517517541221838,86852.31703109154,1649.997756265292,1.0000000002120355,296391977.0849364,ok,173704.6340621831
374,296391587.9254734,0.01388463516313409,99184.35386789657,36022.12497647466,1.0000004071628725,296328425.68553156,ok,198368.70773579314
375,296329754.34786636,0.008822171844620072,171025.341991777,290593.8353057421,0.2942687029334885,296304590.645088,ok,342050.683983554
376,296303228.38176686,0.011168616309228373,108061.85762898435,35357.28279124174,1.000001406231233,296230523.75441027,ok,216123.71525796864
377,296227223.4196116,0.012511578451222577,129821.71715132706,63845.4487145641,1.0000000000004088,296161247.1511748,ok,259643.43430265237
378,296150810.0063557,0.015423575194105294,113528.50719283737,75440.70715890505,0.7524353327819808,296108098.57631075,ok,227057.01438567473
379,296098619.6605653,0.01643480193686761,97509.59665751406,11161.855681513885,1.000000001196949,296012271.91949934,ok,195019.19331502705
380,296014769.9297418,0.014561462418006332,90200.05352280081,9040.468072550691,1.0000000000977756,295933610.3442845,ok,180400.1070456016
381,295933606.0450473,0.017316712463097805,60462.77317975143,1562.8762144170041,1.0000000000029035,295874706.1480818,ok,120925.54635945678
382,295875349.68714637,0.014507781355063136,85611.80689218722,3750.225301504699,1.0000004008760206,295793488.0742427,ok,171223.61378437444
383,295798148.5210982,0.015133510340360149,92550.74518301373,13709.135402498809,1.0000000004052672,295719306.91129124,ok,185101.49036602746
384,295721099.4416652,0.015310949832970924,87157.1734359806,7839.094653290835,1.0000000138446778,295641781.3618929,ok,174314.3468719612
385,295642037.8526945,0.016081431721365044,91552.84825116626,8746.43529141971,1.0000000069305364,295559231.4392215,ok,183105.69650233252
386,295561604.215641,0.014982126528256003,92004.05684340929,7514.437278874309,1.0000000007333072,295477114.59602004,ok,184008.11368681857
387,295474461.8105703,0.016145484448997847,85471.68351533823,4489.661330588207,1.0000000005765126,295393479.78834146,ok,170943.36703067482
388,295395509.65700006,0.014538126691228326,84724.85109373898,6445.9545754975625,1.0000003764910341,295317230.73343736,ok,169449.70218740916
389,295314116.0389664,0.015583649175894677,87583.6342885096,37459.01670415476,1.0000000022140711,295263991.421354,ok,175167.26857701817
390,295263375.95472646,0.006560267790362194,215202.66224642727,1223725.6763813086,0.08792929101676007,295253914.6459684,ok,430405.32449268404
391,295253926.0376457,0.01369974671523867,111815.66597165883,48587.63682039094,1.000000010833413,295190698.0083358,ok,223631.33194322212
392,295188496.28496015,0.013829778823399991,114057.44307199692,29816.997297803784,1.0000000004452272,295104255.8391617,ok,228114.8861439929
393,295103971.23307014,0.013738849951639754,102492.76827526027,33947.84973718728,1.0000000222333258,295035426.31376284,ok,204985.53655044845
394,295036135.9007912,0.013471429249154255,120043.11209217916,158295.40887564683,0.3791743328022932,295013377.26732373,ok,240086.22418426254
395,295010434.4427288,0.015699546684769965,80977.66785274439,34409.83433120193,1.0000000000050038,294963866.6092072,ok,161955.33570541666
396,294969103.15168804,0.008796186249291986,167041.83337744058,260975.21694582334,0.32003390079012234,294942373.62692255,ok,334083.66675488115
397,294938786.0186719,0.020148035156582495,103974.69242095348,127890.2953988255,0.40649953969028185,294917653.18636763,ok,207949.38484190695
398,294915191.2261567,0.018992664468364496,48765.17064910995,17870.802832755864,1.0000000036433192,294884296.8582929,ok,97530.3412982199
399,294882623.0907731,0.01757112354653249,69927.72669474201,19669.431517953177,1.0000000012828107,294832364.7955571,ok,139855.45338948403
400,294832535.7330228,0.014472289803376281,104538.46662637065,56006.456968863575,0.9332715572821195,294783754.3442507,ok,209076.9332526714
401,294782027.8726926,0.012304725052397549,98036.63005181799,111671.21780202733,0.43895209518364453,294760511.1806096,ok,196073.26010356753
402,294757228.86779606,0.01821329535634937,74505.71583045111,4201.984111226744,1.0000000660050254,294686925.1317138,ok,149011.43166083854
403,294690352.25008476,0.016763384934002718,73787.96604634041,7937.431880058955,1.0000000000001104,294624501.7159185,ok,147575.93209268083
404,294621747.25294036,0.016451511096863117,86699.29588061583,14817.627884681933,1.0000000008424463,294549865.5848964,ok,173398.59176123163
405,294548287.218158,0.013473491729527727,74475.4336421353,67311.23991422437,0.5532169199159037,294527686.68315357,ok,148950.8672842706
406,294527726.9958526,0.014886725835222436,84595.16345311867,23279.871516726605,1.0000000153076816,294466411.703334,ok,169190.32690623583
407,294468804.17020047,0.014268607162440616,105246.247992927,125619.24601447544,0.41890972654301395,294446759.8317173,ok,210492.49598576897
408,294451847.44579196,0.01596957594778566,90641.19458410484,93235.97262951887,0.48608488777328146,294429817.7883434,ok,181282.3891682097
409,294422988.0838456,0.010422442195568676,116391.24044481393,157269.56144890672,0.37003740384507516,294401453.52762336,ok,232782.48088953432
410,294410864.97556335,0.01043625748538703,119614.92154692492,207148.93357070297,0.2887172033306621,294393597.5327505,ok,239229.84309384983
411,294405826.489756,0.013724453248947846,79962.34284829187,33922.95633677505,1.000000008826012,294359787.10313755,ok,159924.68569652512
412,294362341.94650203,0.009632217445100627,209056.0879365052,1566512.4510695927,0.06672659632988064,294355367.14590704,ok,418112.1758728729
413,294355508.14212143,0.009968932347576263,116428.02542160571,234996.61096261328,0.24772277554276897,294341087.2053172,ok,232856.0508431472
414,294340455.82433087,0.017258668190310616,63929.512560423595,14913.017018079681,1.0000000000000593,294291439.3287885,ok,127859.02512079407
415,294292954.26397693,0.014152333175642335,94988.13429872278,35935.949491092986,1.0000000000024587,294233902.0791692,ok,189976.268597378
416,294227841.5630678,0.01415893292092922,103758.51397683758,15149.57020462347,1.0000001730222543,294139232.60658544,ok,207517.02795367484
417,294139150.33183104,0.015192396733395796,84224.43011112198,15153.275923837578,1.0000000247373253,294070079.17631,ok,168448.86022224167
418,294069088.34061545,0.015758427510269908,81155.08589369273,14892.089939318854,1.0000000003017548,294002825.34464556,ok,162310.17178738542
419,294002328.15717524,0.017908054421063604,74316.78208640286,12086.796676222915,1.000000001112566,293940098.17170924,ok,148633.5641728019
420,293938335.53543186,0.017333967590807874,70543.75400984695,8779.271589197757,1.000000000268032,293876571.05299705,ok,141087.5080196938
421,293878423.401038,0.01615453532500794,76768.38899073532,3875.508677713411,1.0000000168195367,293805530.51956415,ok,153536.77798147063
422,293805807.2332618,0.013819647110948415,91700.72505814904,41252.19854414445,1.0000001826890157,293755358.70506775,ok,183401.45011624618
423,293758758.9971281,0.008339193864417631,116180.5591001447,146066.1778715032,0.39769836108928186,293735656.5881558,ok,232361.11820028926
424,293733569.4426977,0.016614215959105578,78518.68856173987,16320.806124762017,1.0000000003967786,293671371.56024253,ok,157037.37712347973
425,293671422.5074972,0.017126464580834822,75540.0869393225,17746.057352830037,1.0000000013947703,293613628.47785485,ok,151080.173878645
426,293611649.9873965,0.013602929142035322,100826.45180331664,90961.48159137325,0.554226085807726,293583709.66253203,ok,201652.90360663328
427,293574584.7156799,0.020368075986178215,88534.34107362291,32923.31382564616,1.0000000000000517,293518973.6884319,ok,177068.6821472458
428,293521978.17361134,0.009121795020894214,142133.90592586552,413988.191828484,0.17166420290648268,293509778.5217779,ok,284267.8118516389
429,293507561.6210637,0.01986754436758217,74452.53889444133,10244.904495586961,1.0000000000002398,293443353.98666483,ok,148905.07778888123
430,293443345.0518343,0.01706790487011423,78481.58464236253,4745.9127872880035,1.000000009745303,293369609.37930685,ok,156963.16928466756
431,293368892.57106537,0.017987688968796163,68642.125522686,7446.5776983559645,1.000000000000005,293307697.02324104,ok,137284.25104537196
432,293305819.3425845,0.015443511835725171,78353.52605938357,31964.95702525907,1.0000000113103482,293259430.77338725,ok,156707.05211876705
433,293256132.55398786,0.009187492200205073,133535.2871893554,257502.22254475846,0.2592895817940845,293238820.39960283,ok,267070.5743787108
434,293235184.869325,0.020396121193061653,53147.95002483724,2817.9824899354508,1.0000000010499726,293184854.9017402,ok,106295.9000496726
435,293185013.61314887,0.01894813322205531,61522.8452676466,13797.920170880181,1.000000009141921,293137288.68774194,ok,123045.69053529316
436,293132659.74877477,0.017281760342819013,70929.3302276636,26460.461336174867,1.0,293088190.8798833,ok,141858.6604553272
437,293073646.4470818,0.01742489889665071,66018.44756295293,11200.458253399447,1.0000000071432964,293018828.4574607,ok,132036.89512590587
438,293019691.3137589,0.01529166487321063,80256.01728965252,10174.259735679821,1.0000000014555241,292949609.5561178,ok,160512.0345792413
439,292949028.8704738,0.016043003526077803,92843.34159979646,37914.912345476456,1.0000000000284814,292894100.441219,ok,185686.68319959292
440,292893041.92015725,0.013393049426967478,83317.37103917303,121498.69288442202,0.3428735283532239,292878758.25966656,ok,166634.74207834605
441,292876924.34276456,0.018117359561121524,59778.702357378424,13813.863905195034,1.000000000007421,292830959.50431216,ok,119557.40471475682
442,292831934.98116887,0.017624992426354878,44393.6463674236,58522.317927995784,0.37928817534230524,292823515.9886051,ok,88787.2927348472
443,292815734.90012234,0.016161157959877815,82068.26797952286,56359.088025401536,0.7280837115616028,292785858.6155464,ok,164136.53595898362
444,292792560.3352052,0.014760948293763423,87320.21811192032,124729.52725298466,0.35003827896666234,292777277.62577176,ok,174640.43622384063
445,292771736.7208002,0.017048572596792967,70713.22993982155,3642.6154938293585,1.0000000000000062,292704666.10635424,ok,141426.4598795884
446,292701831.39578825,0.018473123741891393,73409.73471677133,3856.8639837686787,1.0000000000001155,292632278.5250552,ok,146819.46943354257
447,292632246.40490127,0.016809803258483205,76336.75610309454,23201.83928203961,1.000000053362515,292579111.4864829,ok,152673.51220612324
448,292581130.91061807,0.012862872169898343,92555.57001113784,75783.63799870804,0.6106566829947893,292552871.0719302,ok,185111.14002221444
449,292548862.6884725,0.008129564413777173,128449.05463201978,378652.8584115079,0.16961321138691288,292537969.3601447,ok,256898.10926394266
450,292542401.02062976,0.015476974195977083,89394.03839303061,38529.65939525008,1.0000000000440885,292491536.6416315,ok,178788.07678606102
451,292485049.67853385,0.015254981442347305,91682.21953721755,110041.77321022193,0.41657916290602387,292465953.22739977,ok,183364.43907436306
452,292464922.67483294,0.014303930246137546,97082.1892705173,140303.23447974637,0.3459727412219128,292448128.7792601,ok,194164.37854095493
453,292450078.8524685,0.01845756445601415,63332.098916839095,22859.828240691873,1.000000000000364,292409606.5817923,ok,126664.19783367637
454,292414317.2577383,0.01136288441813346,95040.0765543152,205456.22329422107,0.23129033287595824,292403326.3322669,ok,190080.1531086304
455,292402489.1612569,0.015421731574113324,72021.96914855398,104029.32806812049,0.3461618491921458,292390023.53224546,ok,144043.93829710787
456,292386657.2937784,0.011693963103673457,101364.00361638649,142021.9281066023,0.35686039813620263,292368570.8944348,ok,202728.00723276968
457,292365335.5251368,0.016946403428163916,75933.18758676782,103650.27164585018,0.36629516923127103,292351428.54523814,ok,151866.37517353563
458,292345534.76161987,0.012648198549124716,79700.32826180095,145986.43062968316,0.2729716998971397,292334656.79457587,ok,159400.65652353782
459,292336513.3317077,0.02010366740910954,46523.801439964416,2012.8736892437773,1.0000000249382293,292292002.4028972,ok,93047.60287989589
460,292292547.3212026,0.017769447956244872,53655.87783759439,2599.045852137371,1.0000000000015847,292241490.48921704,ok,107311.75567518876
461,292243191.16878647,0.013280756000618137,90881.4706853615,256139.18192543637,0.1774064202169148,292235129.6905973,ok,181762.941370723
462,292234444.64095753,0.015554306656839326,72515.1971140131,46939.21730459321,0.7724372207088035,292206437.92229855,ok,145030.39422802615
463,292208861.0300365,0.01511254618604778,76308.87483008034,7905.642532136005,1.000000000075932,292140457.797734,ok,152617.74966016068
464,292140332.2834893,0.022091752460083353,39547.01042603345,2144.68362092236,1.0000000000121676,292102929.95668375,ok,79094.02085203523
465,292103299.9721735,0.015119213156912831,57545.44345397142,2341.3453948336255,1.0000002450298173,292048095.8611614,ok,115090.8869079425
466,292047976.31802714,0.014644181035782975,70523.7256714483,80869.60057520324,0.4360335971108576,292032600.961134,ok,141047.45134283756
467,292031050.6687485,0.019110102573826275,66513.87919132414,78139.50658703309,0.42560979776113556,292016896.1894131,ok,133027.7583826483
468,292022205.4393406,0.015532487772486572,85761.67881321252,79726.0499942566,0.5378523005930353,291999141.8812144,ok,171523.35762635453
469,292011429.95350164,0.00985300756494298,168054.72530797747,766888.3068390242,0.10956923179639344,292002223.1399258,ok,336109.4506156824
470,291996450.1231813,0.017375228096881693,63205.78848777363,62941.492268857975,0.5020995388684677,291980582.32455456,ok,126411.57697554726
471,291981147.3782204,0.01522236015223205,83854.71162423381,76232.82909979972,0.5499908150755887,291958087.71762335,ok,167709.42324846762
472,291957403.58191997,0.015371479769382097,48851.9800930067,35082.35988127149,0.6962470634577527,291940397.05807805,ok,97703.9601860134
473,291939395.83393514,0.021147133596413948,55365.86683097489,10642.885026596156,1.0,291894672.8521307,ok,110731.73366194978
474,291895000.70290875,0.016579273548137267,73015.90506461976,21990.504683280866,1.000000000005368,291843975.30252725,ok,146031.8101291796
475,291842065.88392156,0.015638768115669294,78223.17273661892,36814.55188364772,1.0000000000505003,291800657.2630684,ok,156446.34547323783
476,291802071.1733026,0.011785056390298431,104426.26973703885,227870.07475281117,0.229135549831013,291790107.2879361,ok,208852.5394740777
477,291786387.50213575,0.022944462117212187,40259.253607964885,3108.468252703001,1.000000000000153,291749236.7167805,ok,80518.50721592977
478,291750169.19698995,0.017367286422307903,59329.89926437351,7998.217041062053,1.0000000000808822,291698837.5147631,ok,118659.79852874702
479,291694691.4311142,0.015265586776795601,91663.60854200326,270108.8570705879,0.1696790130026145,291686914.7358014,ok,183327.21708400652
480,291685895.4350817,0.018711386216024545,59760.832004998454,6656.024876291163,1.0000000017770587,291632790.6278705,ok,119521.66400995107
481,291634507.05524063,0.010902892359905849,106730.14920264407,788468.7638017639,0.06768191341406016,291630895.2048821,ok,213460.29840527716
482,291630583.4805194,0.018925944323786033,59834.42341823395,34211.19669818827,0.8744859752509418,291604421.29846114,ok,119668.84683641934
483,291600941.9753664,0.014431852159773407,88345.4828755944,47694.108605630594,0.9261676699537336,291560030.61035347,ok,176690.9657511888
484,291556789.46934974,0.015385937414339818,84573.82192901705,106033.62779052046,0.3988066035809918,291539925.17001206,ok,169147.6438580341
485,291532940.8862893,0.023706030014140747,57884.558586267194,11263.808753985397,1.0000000000000002,291486320.136457,ok,115769.11717249158
486,291491308.7359655,0.01588760441679243,84485.06818787094,53515.033389863274,0.7893582684737142,291457964.2423971,ok,168970.13637574186
487,291460274.2762294,0.012932850587402456,80083.70562641349,129058.44499258485,0.3102613921584704,291447850.83523095,ok,160167.41125282674
488,291442343.24892485,0.017615764593214466,58287.68506613572,9107.165440380744,1.000000000001132,291393162.729299,ok,116575.37013227143
489,291395028.65233445,0.016436096284788624,68585.29944125604,8335.90995351503,1.0000000028449247,291334779.262699,ok,137170.59888246114
490,291336775.69178295,0.020431398007246786,57542.58895097657,7029.673735075157,1.0000000007005094,291286262.7765366,ok,115085.17790195312
491,291288631.030436,0.022735853073350895,47070.55923539754,2514.5930331612253,1.0000000000804579,291244075.0642303,ok,94141.11847079378
492,291245436.52081877,0.01937376338621746,52528.97856276813,3754.235494138231,1.0000000000957716,291196661.77774584,ok,105057.95712549982
493,291197095.8612946,0.018904748553140022,52662.50712710869,2940.101332483803,1.0000000000000355,291147373.4555,ok,105325.01425421707
494,291149811.76441896,0.01558680721894813,72196.37310830093,111499.50168562023,0.3237519989634711,291138124.9043631,ok,144392.74621660187
495,291131038.0914674,0.01638430169227899,68215.66858278264,61130.28510125523,0.5579531362383743,291112007.51835424,ok,136431.33716551345
496,291104411.89492077,0.01601836571802996,66673.98424714217,16418.146368587615,1.000000012696025,291054156.0566126,ok,133347.96849423918
497,291054298.20940816,0.017432461342650724,53410.99282044289,4695.092763803055,1.0,291005582.3093515,ok,106821.98564088577
498,291007358.8495425,0.020640648051759383,47695.68071159751,3310.2484643139833,1.000000000003106,290962973.4172951,ok,95391.36142319502
499,290961774.82358146,0.018455631780985544,52318.678291913464,27644.163930763225,0.9462879474841293,290937020.5562335,ok,104637.35658382588
500,290933047.67167854,0.008540265981936664,70987.89602819392,271716.7591777118,0.13062848284187997,290928411.1510994,ok,141975.79205638776
501,290928313.45293045,0.01613868589189439,63442.108411684334,29546.896109266745,1.000000000048306,290894418.2406278,ok,126884.21682332913
502,290893303.9443326,0.014914121101754128,72798.6488938166,117720.48640707071,0.309201274628118,290882049.226818,ok,145597.2977876332
503,290883879.5221222,0.01812444185780987,61001.614687191286,34259.43936839264,0.8902891555118481,290856724.9841099,ok,122003.22937438257
504,290856413.1066903,0.00828901297989639,140025.95768990827,625006.8009703401,0.11201954720533773,290848570.2845016,ok,280051.915379668
505,290848185.4595699,0.021871413070979423,32621.474901595335,4114.018371319135,1.0000000005052512,290819678.00302726,ok,65242.94980319067
506,290819413.58272487,0.015141761712400078,61707.71813296064,37356.2828547843,0.8259349354008009,290793930.3026299,ok,123415.43626592125
507,290786448.0563463,0.010842247262167287,90729.42390994687,149054.60391711004,0.3043496192858354,290772641.32353383,ok,181458.84781981696
508,290768982.5268736,0.018926617917812978,58616.30150631424,10027.630975798447,1.0000000000237874,290720393.85634214,ok,117232.60301262846
509,290718374.9465875,0.01930716474275424,59660.81936523416,18001.7906255727,1.0000000262198825,290676715.91722757,ok,119321.63873046832
510,290678430.345778,0.018973524363671123,53688.26563638399,19265.028209239128,1.000000003056035,290644007.1083045,ok,107376.53127273261
511,290643750.3215015,0.017112451429216895,67302.49103332909,38342.69045095271,0.8776443468334759,290614216.49610984,ok,134604.98206665722
512,290623760.61642414,0.011784605621438071,99592.81947991948,173172.52969533912,0.28755374670316425,290609441.4722311,ok,199185.63895983892
513,290618202.23561597,0.013540738031846335,89034.93258150197,112996.56300996504,0.3939718616647219,290600663.6065448,ok,178069.86516294428
514,290596717.07974315,0.016870394307219917,54740.767694330156,4914.308152175097,1.000000801217495,290546890.5842166,ok,109481.5353886603
515,290547124.1034323,0.018237101601865837,48468.97867728345,15717.057513792366,1.000001104547992,290514372.16345304,ok,96937.9573545669
516,290515135.08680964,0.01194238783537692,136376.2719561829,1986118.6642544675,0.034332357479600714,290512794.02734935,ok,272752.5439120454
517,290512175.2312683,0.013879975048548251,75052.55599097378,92245.96674398519,0.4068067073288465,290496909.28967863,ok,150105.11198187838
518,290494353.9490246,0.018598492227383474,58478.497757671685,15728.020642382808,1.0000000000098122,290451603.47190905,ok,116956.99551529765
519,290451112.0524717,0.015274977319649255,68305.2238629559,95284.23457123699,0.3584287797992916,290438870.77345014,ok,136610.4477259118
520,290436281.26254916,0.024232473377456366,42404.449901909364,13461.992598550594,1.0000000003148228,290407338.8052409,ok,84808.89980378962
521,290405735.32926893,0.019701566794480943,37625.48819700131,29298.975382979137,0.6420956314202604,290393655.7484682,ok,75250.97639400262
522,290392893.8942799,0.022336560916539225,49856.22421289386,9024.17405191368,1.0000000192636629,290352061.8435062,ok,99712.44842575584
523,290355328.0329505,0.01866903120542479,60523.32886738043,22322.899679619935,1.000000077651436,290317127.6025299,ok,121046.65773470944
524,290316275.4636885,0.017268635883364174,91978.19308848758,226253.90508249143,0.20326321672758008,290306927.57199055,ok,183956.38617690423
525,290307397.8547221,0.01765215700571782,54948.08274595008,16490.282635748412,1.0000000313828092,290268940.0539225,ok,109896.16549185527
526,290272388.04430294,0.01745595240061961,58927.15827464225,27473.14143850273,1.0000081047106197,290240933.99520475,ok,117854.31654923725
527,290240642.64467245,0.01514114887860662,76405.03291343946,88850.12844972912,0.4299657988489514,290224216.86916614,ok,152810.06582681616
528,290221709.1537034,0.020355929448718498,47438.05783402506,4244.696403420319,1.0000000005163636,290178515.79225266,ok,94876.1156680501
529,290177679.90165764,0.016432678786501842,70142.0206230138,19788.272326334303,1.0000000000009288,290127326.1533609,ok,140284.0412460258
530,290128490.3906474,0.012320157457688033,90773.00389618061,149684.5381906023,0.30321436333188234,290114728.55135536,ok,181546.0077923612
531,290115033.49564296,0.01326281356931561,85752.49056896892,522898.93224221835,0.08199719418173,290111517.7638326,ok,171504.98113793778
532,290112050.772928,0.02190046384320677,36257.04567915855,2597.8558799688017,1.00000000142513,290078391.5830845,ok,72514.09135828677
533,290079171.42240894,0.018796052620993774,80875.13708381614,123771.9153924965,0.3267103721686409,290065960.049341,ok,161750.27416763228
534,290066105.97577864,0.012373419262278921,86334.04489082856,235475.7691240105,0.18331832020763414,290058192.66973555,ok,172668.08978160506
535,290061000.6743525,0.019322970900753078,47994.724901687565,8774.756522747564,1.0000000001886813,290021780.70596784,ok,95989.44980337292
536,290022542.30783206,0.0172518915824572,48794.28421481812,3609.9687963706892,1.0000000000008562,289977357.9924136,ok,97588.56842963625
537,289978179.37959564,0.021885380680307966,52176.08719813137,4698.15962060442,1.000000000066948,289930701.4520153,ok,104352.17439626272
538,289934025.51274717,0.022769433113893105,36104.67760430374,566.6713601932806,1.0000000000050355,289898487.50650287,ok,72209.35520860742
539,289898014.3223225,0.021315976646570648,44162.71039174267,4375.031052390199,1.000000000099126,289858226.6429796,ok,88325.42078348534
540,289857556.56079865,0.018453537362137635,86275.32001144653,1464028.092321876,0.02946504936070528,289856285.5075173,ok,172550.64002272353
541,289856960.0062115,0.019399352319043012,59093.72569977035,10478.430481282023,1.0000000000000022,289808344.710993,ok,118187.45139949946
542,289808034.8441168,0.016181615280111437,63575.093716815194,46213.49155085819,0.6878412730062873,289786170.05742,ok,127150.18743363039
543,289788046.7636072,0.027413836718011054,77948.69623246224,89426.74209873883,0.43582430939056616,289771060.79525554,ok,155897.39246492446
544,289768509.23132795,0.017834256475123305,52943.612535423745,5054.418674876308,1.000000001411138,289720620.0374069,ok,105887.22507084749
545,289720093.95465314,0.021334133388556012,53047.96307763075,7782.658804630486,1.000000000009761,289674828.6503798,ok,106095.9261552615
546,289672251.59325135,0.011991385518990684,74869.5900661756,126214.20968083969,0.2965973096670327,289661148.53375655,ok,149739.18013230144
547,289659235.90642977,0.019851791933516306,56951.54507752396,26314.88668150684,1.0000000141477356,289628599.2479726,ok,113903.09015504792
548,289626009.0143395,0.020149095186605456,51651.24091865553,13556.794477252617,1.0000000000434008,289587914.567897,ok,103302.48183728129
549,289588337.8209366,0.020821290161227277,59137.93596322546,44838.20872049121,0.6594591716617709,289568838.2938046,ok,118275.8719264509
550,289568846.8755625,0.018442959078810366,56574.91027760046,22384.16543261049,1.000000004071049,289534656.1306694,ok,113149.82055520092
551,289531039.6270514,0.018026852152214806,51538.37487968517,22991.29225242243,1.0000000000368643,289502492.54442394,ok,103076.74975937033
552,289503376.58504045,0.013515179733274492,62858.20183695433,73590.81192505785,0.42707914339202285,289489953.8715426,ok,125716.40367390863
553,289487934.9002826,0.023345428573026846,46411.412871722154,25360.620924799325,0.915029111655897,289466701.00333726,ok,92822.82574344423
554,289463342.4826819,0.01587950069577204,62997.32059430351,26664.027431958268,1.0000000000259717,289427009.1895193,ok,125994.641188607
555,289426854.40074104,0.017138045375940575,54857.210616261735,29063.80517599394,0.9437375850147209,289400968.9950072,ok,109714.42123247769
556,289396702.62779754,0.010760946504160962,105472.48036584654,472800.2004972059,0.11154022381434021,289390820.41576445,ok,210944.96073169308
557,289391572.24645543,0.020423089643076084,46359.00449973999,15523.958163115865,1.0000002648910102,289360737.19606304,ok,92718.00899947996
558,289362085.17777497,0.019758244527896495,94467.22683570464,677834.4084841432,0.06968311556133885,289358793.7924328,ok,188934.45367131522
559,289359744.3283144,0.016462309161733506,76557.71476070228,187037.12803767255,0.204659137904647,289351910.21036303,ok,153115.4295214045
560,289349344.0097258,0.01996857107500773,55437.352419363335,21344.29792916859,1.0000000018744952,289315250.95521176,ok,110874.70483872667
561,289314320.82064384,0.012280176114272054,87314.58037700084,197266.0067837163,0.22131177540571675,289304658.9482428,ok,174629.16075400167
562,289308219.11804116,0.02210716669554137,37496.837275782236,16029.877704640237,1.000000019549698,289286752.15836376,ok,74993.67455153316
563,289287840.5470058,0.014867811964216993,37453.44948021879,32270.7583475658,0.5803001137567615,289276973.4265088,ok,74906.8989604183
564,289277166.1216606,0.024925913849281476,33584.797185765325,4465.111942284881,1.0000000268205076,289248046.43575585,ok,67169.59437150725
565,289249189.1843652,0.022884988576325163,32266.762597386136,5138.350506223251,1.0000000000008527,289222060.772274,ok,64533.52519477227
566,289220167.85160047,0.02168112077105065,46563.21769836079,38067.29219138922,0.6115908831163639,289205929.031884,ok,93126.43539672159
567,289205302.74658716,0.013929498776676362,95843.93260381653,194209.05141897223,0.2467545459481441,289193477.7835514,ok,191687.865207633
568,289190015.7955068,0.02026315010537653,44784.59179029355,42863.59064484255,0.5224083087365213,289178317.87407947,ok,89569.1835805871
569,289181727.71038884,0.006613274151850732,93026.53208181342,396742.1117185418,0.11723803616265549,289176274.5864227,ok,186053.0641636268
570,289175604.7990345,0.02049539124113073,46962.250085898064,25177.77279435775,0.9326132710281296,289153705.99020076,ok,93924.50017179613
571,289154728.74888265,0.00993907756210643,121282.37588245547,363134.6133004274,0.16699368696935055,289144602.05332613,ok,242564.75176491088
572,289144447.0335815,0.021364359339807213,42429.338506443804,4175.150083266306,1.0000000000935743,289106192.8451551,ok,84858.67701288761
573,289106114.788274,0.0238743425308011,34099.163620989915,1454.5395448145564,1.000000000298013,289073470.1641885,ok,68198.32724197977
574,289073081.2610161,0.023880340096172122,34276.12266791195,3026.8362443110454,1.0000000000019333,289041831.97459245,ok,68552.24533579845
575,289039071.90405214,0.018778235449450138,51082.42988531021,6695.04786516736,1.0000000000002847,288994684.52203196,ok,102164.8597705845
576,288993641.5592545,0.020884606205111574,45075.23486865447,7453.234829593395,1.0000000077075784,288956019.5589829,ok,90150.4697373088
577,288954361.9727158,0.032124714158451174,20247.03553446742,11036.822187673191,0.9172493309297369,288945076.1828171,ok,40494.07106891715
578,288943980.7686181,0.021864324696711897,43236.466487530386,13537.270310928638,1.0000000098875597,288914281.5722817,ok,86472.93297506067
579,288914462.5894129,0.017820712756713073,53617.21780009998,52389.06367647339,0.5117214742680934,288900744.0485435,ok,107234.43560016245
580,288902692.6757232,0.018808522792636933,35870.58761330669,27517.338758242262,0.6517815535952288,288891002.7820617,ok,71741.17522661338
581,288891127.2411281,0.02757208393099453,16986.05109974677,14161.666212171034,0.5997193707739122,288886033.8091893,ok,33972.10219949354
582,288884819.8779721,0.01580853409072387,50932.93265468054,49631.866127699235,0.5131071691283353,288871752.8515272,ok,101865.8653093607
583,288870769.7758254,0.01702740396719517,61957.99115605826,83157.88367734959,0.37253227484993273,288859229.10013014,ok,123915.98231207007
584,288855804.85232145,0.023271305200856223,35133.712531287885,2964.4700956375837,1.0,288823635.6098858,ok,70267.42506257577
585,288825394.0524043,0.025724759373878206,30248.864448961354,5317.723350201248,1.0000000000027391,288800462.9113055,ok,60497.72889789856
586,288799105.8674438,0.025776607877961082,28649.680705246825,5228.527716715629,1.0000000030391978,288775684.7144,ok,57299.36141047409
587,288775705.3453604,0.022467499707982196,35809.2229181562,2402.9231353077034,1.0000000188636877,288742299.0449927,ok,71618.4458363124
588,288744327.1869625,0.02254665298974098,39137.510035427724,4167.441310519249,1.0000000178240527,288709357.11768854,ok,78275.02007085545
589,288709989.6539513,0.029410106784322574,28564.007347394276,4335.804110588829,1.000000000396339,288685761.4507066,ok,57128.01469478753
590,288685532.11122155,0.02406768861806732,34433.005834471674,3028.3707909282075,1.0000000000072433,288654127.4761778,ok,68866.01166894335
591,288653357.1705543,0.02005157493880824,38055.352611475435,5686.174015775154,1.000027045625953,288620987.27030414,ok,76110.70522292185
592,288619411.21183777,0.0234105065328726,36130.250062421816,5163.027135729502,1.000000000446059,288588443.9888995,ok,72260.50012484362
593,288587956.55910885,0.019691876095824415,50777.160890144354,18423.01028314727,1.0000000000000007,288555602.40850186,ok,101554.32178028871
594,288553096.2458137,0.01828450130896794,47792.135873788,17098.94615557467,1.0000001326364458,288522403.05429244,ok,95584.27174757599
595,288520956.1597579,0.031472172846614195,71500.34349171768,325004.17461962404,0.10999911551197722,288517023.6724864,ok,143000.68698336274
596,288520196.6966488,0.01414773438572346,79007.94327047239,185931.38985604432,0.2124653167268947,288511803.4728033,ok,158015.88654094472
597,288513734.7453035,0.024694852525679187,37867.48391824222,2674.9262241577417,1.0000000006678378,288478542.18758774,ok,75734.96783648437
598,288479007.6756915,0.023477835820376998,40074.14793240139,2728.9653258472,1.0000000000005111,288441662.4930849,ok,80148.29586477549
599,288442389.1980197,0.02523582064685638,26156.928827924814,10097.813533996301,1.000000000059355,288426330.0827254,ok,52313.85765584962
600,288425891.89699596,0.012977605490387718,85008.85625605774,389476.99198285624,0.10913206428866484,288421253.30101293,ok,170017.71251211548
601,288424092.74591565,0.024100700696038296,37079.404552799024,111959.68085788983,0.16559266813141343,288421022.7071493,ok,74158.80910555873
602,288421659.68167186,0.022724243680212978,40266.476910754005,5295.487899757787,1.000000020822555,288386688.69204295,ok,80532.95382150801
603,288386728.01380956,0.016940057914123594,62454.64372847816,97603.66754073685,0.31994004581032504,288376737.1430218,ok,124909.28745687439
604,288370365.07084954,0.023195990450272007,37912.97436656839,17151.140198187877,1.0000000002792937,288349603.23668015,ok,75825.94873313536
605,288347350.7517469,0.016151241630136252,60569.285627314195,108867.31152113732,0.2781793946273499,288338926.1881425,ok,121138.57125462839
606,288343314.19412863,0.02282627795593081,42751.33267902929,36447.12001305038,0.5864843733019455,288330777.69985163,ok,85502.66535800774
607,288330000.8975448,0.020570554495850414,37674.98936911126,26537.643210883514,0.709840528597885,288316629.28036046,ok,75349.97873822252
608,288315370.66460663,0.022194906484202862,49951.644278349275,37175.81115564742,0.6718299174322262,288298591.160081,ok,99903.2885566576
609,288297592.26472366,0.02138621261753038,39389.898727632055,22325.202571356956,0.8821845759681697,288280217.6841704,ok,78779.79745526411
610,288279131.97934264,0.018716692570927906,36107.54358078635,53115.40679624434,0.3398970822091061,288272995.5549882,ok,72215.0871615459
611,288273744.1184267,0.018665445822500425,35613.7404008092,19908.02411452158,0.8944569334440212,288257816.639913,ok,71227.48080161835
612,288255290.1799321,0.010293863364419897,82418.0039250578,229767.9714231704,0.17935050610963124,288247899.3245739,ok,164836.00785005785
613,288249785.68577385,0.02167762771802093,35187.54173516655,3083.2670327142605,1.0000001605050175,288217681.4064134,ok,70375.08347030792
614,288218022.4742201,0.02228465491041916,40565.273028667056,6309.771650504938,1.0000000000707772,288183766.97283995,ok,81130.54605733411
615,288183038.94276524,0.020938518798555607,45075.85864900774,26451.801321972933,0.8520376003951802,288163835.77954566,ok,90151.71729798263
616,288157667.32109004,0.014559043739296135,85089.72098094392,148535.32281532197,0.2864292458122513,288145481.2287865,ok,170179.44196188782
617,288144635.7529035,0.034516054754363694,37599.04771046605,8088.14411371332,1.0,288115124.84930676,ok,75198.0954209321
618,288117537.40838885,0.01930674042402506,48942.718699315235,96896.17763901693,0.25255237044359735,288111357.10857713,ok,97885.43739863046
619,288112403.8713845,0.018665691145613506,52690.85057729293,37314.28518798046,0.7060412696082613,288093802.9138653,ok,105381.70115454789
620,288090076.2463108,0.028554322278243713,42692.54686236028,20846.157954042545,1.0000000000001188,288068229.85740244,ok,85385.09372472056
621,288064598.61786705,0.017128999249591905,48052.31117028101,36458.953391511306,0.6589919169411618,288048765.5755413,ok,96104.62234056203
622,288047956.5345798,0.019301165838118958,43546.79290975225,24862.81831993466,0.8757412846241377,288028888.6723978,ok,87093.58581950449
623,288029781.79325557,0.016308090024179423,62912.41131990262,94139.6399077153,0.33414410434103736,288019270.8875894,ok,125824.82263980524
624,288018670.7764304,0.025863035425662675,32740.71778972286,378.67857531268055,1.0000000000000795,287986308.73721606,ok,65481.43557942283
625,287985297.93110037,0.020478257425411515,36432.811974790355,2103.7017775936692,1.0000000000113693,287950968.8209028,ok,72865.62394958068
626,287951580.03664595,0.023440806976503695,31305.68027318516,1425.5625448795554,1.0000000385719572,287921699.9178201,ok,62611.360546370306
627,287919986.27444214,0.02295102508333668,44826.657595262644,68825.71038493708,0.3256534320136362,287912687.2969963,ok,89653.31519052529
628,287909979.6287228,0.02261714038445479,35844.47585609687,8796.621219858564,1.000000001006115,287882931.7740682,ok,71688.95171219372
629,287881417.5445543,0.02500960071899647,26351.597049920772,8363.789155031995,1.000000000000232,287863429.73665935,ok,52703.19409984154
630,287864159.52016056,0.021611588534766708,38998.34638410027,39368.76398239151,0.495295539396958,287854501.6666566,ok,77996.69276817403
631,287854981.1936997,0.028177513591187916,23984.66380633811,34821.448346827725,0.34439497701885713,287850851.09482956,ok,47969.327612657726
632,287853692.1494272,0.01738216733669101,45041.73553260332,40909.77619166054,0.5505008793201989,287841294.3919188,ok,90083.47106520664
633,287843669.6851713,0.019806355662840662,33604.192124707246,11096.484116642896,1.0000000000089737,287821161.97716314,ok,67208.38424941449
634,287823363.8380508,0.02167811466743284,36664.444988994896,20580.574260366724,0.8907536914458667,287807034.34319144,ok,73328.88997798978
635,287802116.91251606,0.019107337977832577,37819.0093336888,30114.44231221782,0.6279214627585041,287790243.2286856,ok,75638.01866735044
636,287796527.90282744,0.01788048753325714,39412.165989064655,58442.64199479678,0.33718672397265653,287789883.2732602,ok,78824.3319781025
637,287789497.2549233,0.01996462566665873,60038.79080236782,866849.05034461,0.03463047619334635,287788457.6689655,ok,120077.58160473534
638,287787800.2300947,0.023658515830040125,41700.33409583259,15845.836719073883,1.0000000003021285,287761945.7327149,ok,83400.66819162683
639,287761444.50505745,0.02135156311925566,39945.95642072492,19065.663011745874,1.0000001216791314,287740564.2114277,ok,79891.91284144984
640,287744781.81420386,0.014772164121736535,72439.54777410344,196874.97194394597,0.1839734808818877,287738118.3363251,ok,144879.0955482064
641,287735905.32053924,0.020506472111187307,42013.54175963262,18511.750247337877,1.0000001167560093,287712403.52844435,ok,84027.08351926524
642,287711935.6984844,0.014944423498448552,64448.57852239594,101302.58537578446,0.31809937665125887,287701685.1721574,ok,128897.15704474652
643,287700350.3518354,0.028228188013324794,42959.41739023168,31585.40815388533,0.6800516425327122,287685743.04065615,ok,85918.83478046337
644,287685721.16561246,0.017533074571940255,48841.66088006659,79291.2918305857,0.30798880780264,287678199.8231597,ok,97683.32176010536
645,287680007.55159914,0.02280415037127779,35705.72189034503,12044.409879366362,1.0000000002731548,287656346.239585,ok,71411.4437806609
646,287656044.8923715,0.020062971472524803,47641.35470596919,30641.765169553582,0.7773924648653535,287637526.87728924,ok,95282.70941193838
647,287636237.74506116,0.018392686774347307,44008.62228907972,61439.96956898155,0.35814326242194156,287628357.04928046,ok,88017.24457815943
648,287634318.94694793,0.024106128799284116,31240.017525874664,28423.309591819478,0.5495492603518956,287625734.98268557,ok,62480.03505174932
649,287626096.5259914,0.02033010813342888,31388.74811535186,11047.478577604303,1.000001420767796,287605755.2432493,ok,62777.496230684876
650,287606594.1654505,0.015478978551053483,60222.814234592035,101290.6649101399,0.29727721842885896,287597642.73009974,ok,120445.62846918406
651,287597680.1355603,0.025126045152349463,29227.34140151641,12291.030487881591,1.0000000000672102,287580743.8246463,ok,58454.68280303282
652,287582707.00801164,0.014703327177110339,63219.73466894883,111959.90507685416,0.28233203049588174,287573782.5299834,ok,126439.4693378974
653,287570276.2781494,0.024257065286498822,35135.538132908914,12927.41586915238,1.0000000001619813,287548068.15588415,ok,70271.07626581783
654,287550534.7921056,0.011907082989451598,87743.67266888876,132727.69361919892,0.33054018447961914,287536033.38723016,ok,175487.34533777751
655,287534744.14608526,0.014913899150817304,59174.75542125746,149975.0688599005,0.19728197450116083,287528907.08979017,ok,118349.51084251491
656,287528125.70757973,0.028191261382678908,27483.87472848708,3526.1597917292584,1.0000000000000002,287504167.99264294,ok,54967.74945697416
657,287505170.35626554,0.019745005500578346,48346.5287295032,89981.31548818907,0.2686475990443214,287498676.2668329,ok,96693.0574590064
658,287500679.7251214,0.01431415994101802,76632.08482807889,305475.1792450192,0.12543095157104878,287495873.70746094,ok,153264.16965615776
659,287496456.9671017,0.019219258467308726,47547.142144972175,32353.47595624718,0.7348073234738666,287478987.9729725,ok,95094.28428994433
660,287480547.5055043,0.01927335659472294,33669.938520564625,8142.525720818836,1.0000000011744448,287455020.09268415,ok,67339.87704110674
661,287457323.202017,0.020924153636241182,39489.61743276789,18914.085211548456,1.0000001808897911,287436747.6694953,ok,78979.23486553578
662,287438299.03253305,0.022461110672752197,36167.05428478577,14199.090987783482,1.000000000319279,287416331.0692336,ok,72334.10856957124
663,287412135.553056,0.028795602759667152,26222.3828863956,2746.121633125942,1.0000000000000981,287388659.2918027,ok,52444.76577277247
664,287389710.9715869,0.02323345115281052,40151.0487976644,10472.161446789076,1.0000000001037121,287360032.084234,ok,80302.09759532868
665,287358049.32728314,0.013522775784398491,66137.08537199587,158993.91803949833,0.2079862116347295,287351171.52636564,ok,132274.17074393487
666,287353079.1638072,0.03220200910059819,18365.33832426351,4968.621896285258,1.0000000000020801,287339682.44737923,ok,36730.67664851117
667,287338436.21951497,0.02546629928750103,30631.157058304256,6701.970371656693,1.0000006407959652,287314507.0217892,ok,61262.314116608424
668,287314876.77927333,0.02119583661844313,41827.13457475067,11773.259149552116,1.0000000000000004,287284822.9038481,ok,83654.26914947218
669,287283940.0310222,0.02479679149681609,18633.43758214039,20296.936836508252,0.45902092843448883,287279663.4621128,ok,37266.87516426031
670,287279303.2866745,0.02763903537050767,33010.129944802524,1999.1222342054807,1.0000000000001608,287248292.2789639,ok,66020.25988960438
671,287248221.53763264,0.026345218342449777,28781.995450111317,4857.9147629817035,1.0000000000008111,287224297.4569455,ok,57563.99090022259
672,287224994.6760238,0.015684878078006823,47474.6187937449,152314.12455394145,0.1558444396827162,287221295.3483413,ok,94949.2375874898
673,287219663.1825417,0.02535652141170514,30475.860398221103,8807.329707006116,1.000000000000022,287197994.6518505,ok,60951.72079642101
674,287197224.7540785,0.02154017845128762,44630.20277877958,85143.71516313234,0.2620874758240799,287191376.24548256,ok,89260.40555755916
675,287190265.40161717,0.02775173786202141,17593.00417005208,3359.197504936005,1.0000000000000007,287176031.59495205,ok,35186.00834010416
676,287175975.2400661,0.021556529649824605,37661.910845337785,81575.70144551048,0.2308402513124238,287171628.2975839,ok,75323.82169067522
677,287175640.63333887,0.019629088005331745,31169.28633828182,27680.437226645394,0.5630201228952777,287166866.16562647,ok,62338.57267656364
678,287165781.8153617,0.029123851541886278,19209.819664945295,3593.803811038179,1.0000000048862998,287150165.799449,ok,38419.63932989046
679,287150182.5079906,0.020030704387646585,32980.35756957908,2203.9254103836606,1.0000000000000486,287119406.0758314,ok,65960.71513913068
680,287118923.965302,0.025847674403578446,34979.744402465076,6435.785595103213,1.0000000039030463,287090380.0064084,ok,69959.4888049038
681,287089860.8091171,0.024501130841646075,36706.37544901955,25763.474629530676,0.7123723794411231,287076786.5051074,ok,73412.75089803908
682,287075975.2277813,0.01625629128971919,64029.79772864231,184097.0255893471,0.17390231461824185,287070407.7627665,ok,128059.59545724568
683,287067894.6481655,0.026806128551274015,32099.205437362263,1303.765777375822,1.0000000001520726,287037099.20850104,ok,64198.41087472453
684,287038056.31840837,0.024114460180673616,32419.057388942096,3477.6327322536863,1.000000005273378,287009114.8936174,ok,64838.114777858886
685,287007522.4169798,0.021247224422292956,32228.978105614446,4731.943001319985,1.0000001002014247,286980025.37959445,ok,64457.95621119997
686,286977496.84617996,0.02474789298712211,29913.209716976773,6478.5120355235895,1.0000002578417502,286954062.1441265,ok,59826.419433953095
687,286954859.56782943,0.026641699317341744,32897.65591090286,5252.167881548966,1.0000000000822953,286927214.0797983,ok,65795.31182180463
688,286928710.56203777,0.024547409671051935,28919.962268761425,1107.762666241439,1.0000000002537373,286900898.3624285,ok,57839.92453752284
689,286898421.90940833,0.02480932480640734,34309.329840262726,3719.7839756661724,1.0000000000037899,286867832.3635436,ok,68618.65968052462
690,286869097.8952394,0.023176171635954586,31420.800624753712,25025.22898529995,0.6277824798967989,286859235.1811712,ok,62841.60124950741
691,286862978.78028685,0.008994096830632858,123287.57132157561,928071.5604804904,0.06642137124520114,286858884.3155145,ok,246575.1426431512
692,286858345.2513231,0.025126245993511896,30854.99528628146,27771.86285399424,0.55550820354573,286849775.1498221,ok,61709.99057253015
693,286854044.4040346,0.018537202101818768,28694.729995081838,12764.116627966629,1.0000021536335344,286838113.7838481,ok,57389.45999014461
694,286836202.7118734,0.026129367369172308,27871.568872281678,34944.95304625908,0.39879247849304783,286830645.2258584,ok,55743.13774453147
695,286829455.97279733,0.02591247917063354,25439.837764807497,8157.475680966454,1.0000002302576565,286812173.6086124,ok,50879.67552961499
696,286811813.6424143,0.01894515053895366,27708.05939264253,41294.090092507926,0.3354966695061004,286807165.6615919,ok,55416.11878526765
697,286806341.54624563,0.019600783252704326,35501.9254368992,3048.016618590422,1.0000000000664075,286773887.63742536,ok,71003.8508737984
698,286774001.6780948,0.02385992138279257,33284.114439848694,19162.099902990918,0.868488177400994,286759548.24815166,ok,66568.22887969737
699,286760625.1962042,0.017005017149139937,52327.03572987391,140874.33592962666,0.18572238649633713,286755766.04522717,ok,104654.07145974679
700,286752736.57486725,0.021826599419441966,35614.30736197246,21030.163875986127,0.8467434579204501,286737658.4839837,ok,71228.61472394492
701,286731791.57697797,0.02695683634318765,31917.825144271614,7009.306919115208,1.0000000000000075,286706883.0587528,ok,63835.65028854323
702,286703826.19266844,0.025552407527022487,32666.704098321392,5725.427517140652,1.0000000005422076,286676884.91607577,ok,65333.40819664278
703,286677003.4787397,0.02717810013404725,29779.829113696986,2938.779006325809,1.000000003461479,286650162.4285496,ok,59559.65822737392
704,286649615.06359047,0.027307070735077935,29437.81049538598,1900.279731996111,1.0000000000018336,286622077.532827,ok,58875.620990771946
705,286621480.0793574,0.026439340577542776,32199.338948801567,116811.05457796378,0.13782659126371727,286619261.1167932,ok,64398.67789760313
706,286618668.7184813,0.029729759911118637,25779.70188774539,2902.1015642801867,1.0000000000000002,286595791.11815786,ok,51559.40377547294
707,286595335.8973644,0.0212197328078949,30188.98059173066,2583.745876021443,1.0000000604270167,286567730.6611367,ok,60377.96118346132
708,286567995.2086446,0.021672429483002367,27706.49093818633,19556.06749644576,0.7083860531577189,286558181.7627633,ok,55412.98187637266
709,286564593.3395644,0.009657745619116856,89622.175071787,550231.0354263696,0.08144049435737434,286560943.9024428,ok,179244.35014343707
710,286560922.8187704,0.014059458312153855,89354.77487826785,480126.59515382914,0.09305334861698217,286556765.43826175,ok,178709.5497565347
711,286557452.0673169,0.024201650696573554,33616.54241559909,18328.553596287842,0.9170538809567491,286542037.9769736,ok,67233.08483119818
712,286543547.1959257,0.016897380049480284,51271.58562627106,50152.08431968164,0.511161064607539,286530443.1767793,ok,102543.17125249155
713,286532074.14689946,0.0228246811670567,34630.26421309811,17551.385149102123,0.9865393505671458,286514992.08771604,ok,69260.52842619622
714,286518614.1118911,0.01312330738464217,51646.04340215226,84971.26504528121,0.30390299223290407,286510766.4183276,ok,103292.08680430452
715,286511811.49583524,0.026316577725178245,31643.815842596916,4168.575245445778,1.0000000000391824,286484336.2552372,ok,63287.63168516984
716,286484413.76258,0.02399330360348228,28929.498295955582,9204.864169217695,1.000000000084608,286464689.12845236,ok,57858.99659191116
717,286463575.2010658,0.021643783445530296,41301.574003169124,24737.974275609602,0.8347808422593922,286446336.3196993,ok,82603.14800633825
718,286446526.5007591,0.01611409917420403,68668.32928428604,266068.0412478449,0.1290427985304722,286442095.9240685,ok,137336.65856851544
719,286445547.7961828,0.026653998147994237,29686.646066448367,25120.989160537967,0.5908733505025052,286436777.2721696,ok,59373.29213287067
720,286437305.23870534,0.019789333572547318,36437.58584087725,53311.18523813694,0.3417442857264697,286431079.07033193,ok,72875.17168173002
721,286429321.725404,0.028182432470777147,19272.805423353355,1378.514311291669,1.0000000000000326,286411427.43429196,ok,38545.61084670626
722,286410738.21697354,0.03023981169356424,25451.77479765573,5403.620429077123,1.000000000000683,286390690.06260496,ok,50903.54959528851
723,286390459.1193559,0.03175314439272745,15150.20135260827,1297.9920975550613,1.0000000000020175,286376606.9101008,ok,30300.40270521654
724,286375709.22982883,0.023938670905812445,25335.345660170085,2014.6362879420553,1.0000000076978273,286352388.52029264,ok,50670.69132032209
725,286352652.4573338,0.02370881188342163,38252.48237072342,9317.786303293478,1.0000000215280407,286323717.76084405,ok,76504.96474144675
726,286322790.3350176,0.016325704587309583,66341.50688701554,137751.2365904688,0.2408018560452103,286314802.756022,ok,132683.01377398756
727,286320882.9253119,0.012225195295584843,67989.27564661339,171454.63667536894,0.19827190726647956,286314142.74363387,ok,135978.5512932265
728,286315895.18125856,0.023656772574076165,52305.22034935934,185882.66594010286,0.1406941849172039,286312215.6610866,ok,104610.44069871868
729,286313678.4622462,0.014350762096182338,100241.37956801077,1940923.4637259587,0.025823114986610305,286312384.1899107,ok,200482.7591357684
730,286312672.08259636,0.01785211210469458,45094.48283243101,216933.86408308183,0.10393601529902362,286310328.61216754,ok,90188.96566481321
731,286310438.0812957,0.02757102314230478,29023.626922960008,5739.532037111449,1.0000000000148563,286287153.9864096,ok,58047.25384590146
732,286286958.852029,0.02312985546872776,31988.45764966938,13130.793042498753,1.0000000000066498,286268101.1874218,ok,63976.91529933772
733,286265274.16300714,0.029279673703446252,34392.933362243064,9940.071650048487,1.0000000000025124,286240821.3012949,ok,68785.86672448611
734,286238278.93433106,0.025959540335650937,27296.759969830673,3326.7964633165484,1.000000636973078,286214308.9576754,ok,54593.51993963983
735,286215590.94754356,0.023760479369703755,31812.18937153306,99737.40014234638,0.15947974042901827,286213054.24769187,ok,63624.37874302865
736,286214594.48638046,0.019431637783707337,42207.821738388164,26584.716576983927,0.7938362181925639,286197841.437587,ok,84415.64347674916
737,286195882.7773168,0.02453697805778336,32662.167729085195,31087.53260032078,0.5253258299558352,286187303.63713163,ok,65324.335458170375
738,286187576.96627676,0.031316631614792236,18473.83308136338,3974.6478453322243,1.0000000008767578,286173077.7810315,ok,36947.66616272676
739,286172713.22023946,0.02448702419288159,28388.923728096914,7064.1232843707785,1.0000000041124115,286151388.4197371,ok,56777.84745617139
740,286150260.73833203,0.02898166125885695,26906.21148735771,7357.443014049046,1.0000000000002478,286130711.9698587,ok,53812.42297471541
741,286129670.27435726,0.01620098233878256,45349.801986148115,102517.41233283185,0.22118097284252536,286124655.0176965,ok,90699.60397229623
742,286125655.3693805,0.007145043854080305,58464.04650789987,134038.45147310325,0.21808684696581832,286119280.2495986,ok,116928.09301571394
743,286118086.0662075,0.023174213309244036,37709.58265093372,24993.588125367518,0.7543851339348103,286103862.2919281,ok,75419.16530186738
744,286103856.2586243,0.016318828862161204,46382.847160479374,68444.7457252559,0.3388342426361316,286095998.21017987,ok,92765.69432095875
745,286100863.2057422,0.025495057234425477,35021.10969656231,15729.159209754791,1.0000000007065781,286081571.25525284,ok,70042.21939312461
746,286080223.8385968,0.01780796530816488,48967.75749909653,210855.06707317245,0.11611709924453317,286077380.8416182,ok,97935.51499812234
747,286077187.5019272,0.02618394065173713,34479.58294642521,14313.736478167124,1.000000000001664,286057021.6554589,ok,68959.16589285036
748,286054864.6827034,0.016014247814307634,44887.76379356084,173871.1561661594,0.1290834109099269,286051967.54987407,ok,89775.52758712166
749,286052916.9701752,0.01789030191231226,51683.21754217409,490122.4001080099,0.052724806630736004,286051554.4763497,ok,103366.43508424456
750,286051987.9342681,0.02570675245036496,33213.41911183549,12258.80725929104,1.0000014791957805,286031033.3095528,ok,66426.83822364744
751,286028468.9754617,0.027671687688576013,25880.138920716352,15071.96438751134,0.8585522847360457,286017359.24926186,ok,51760.27784141568
752,286018329.380882,0.02033501927206728,38722.37804220236,32485.009869794118,0.5960037906315676,286006790.0388343,ok,77444.75608440471
753,286007487.5460899,0.019913993816996104,34111.13307622285,35784.25429901989,0.47662210299513125,285999358.4860987,ok,68222.2661524457
754,285995877.9631884,0.026885904783117923,19981.013189303925,2442.6448214219977,1.0000000016328026,285978339.5947959,ok,39962.02637860777
755,285978776.99452627,0.024814557550543667,28926.059813829117,13457.648525702232,1.0000000143639274,285963308.5832093,ok,57852.119627632084
756,285961781.9767998,0.018316693691352495,60004.88583394509,115184.34455537582,0.26047327032840495,285953967.14237535,ok,120009.77166783105
757,285956309.3964044,0.02373825268765907,28536.45212007512,27663.726347578115,0.5157738289038094,285948950.2188178,ok,57072.90424015022
758,285947490.455,0.02921621618024622,26637.23274755612,3660.773560643901,1.0000000000032816,285924513.995813,ok,53274.465495112236
759,285925560.3350953,0.025827537411905875,26563.612490890344,3229.3420486058753,1.0000000000008125,285902226.064653,ok,53127.22498178068
760,285901810.9599795,0.027385734881288818,31591.58469327799,39083.86788247034,0.4041512061738298,285895427.0714501,ok,63183.16938653552
761,285894746.05477077,0.027835425172224666,24850.226798439242,2055.8933496097966,1.000000008631207,285871951.72114295,ok,49700.45359687797
762,285871971.42125714,0.027925451838277767,21898.089198726473,993.5874654765739,1.0000000000000002,285851066.9195239,ok,43796.178397432595
763,285850849.5569013,0.02777185965924582,19931.895567915606,1224.8497694061662,1.000000011716431,285832142.51089793,ok,39863.791135831096
764,285830385.75073653,0.030307000542350585,20226.32228969814,2240.941879477954,1.0000000350034408,285812400.3697752,ok,40452.64457937846
765,285812780.74456024,0.028295288422533853,23916.574804792202,1376.6372604558846,1.0000000000775855,285790240.8070143,ok,47833.149609584405
766,285790896.06941074,0.03048726621595509,30100.21276089517,13370.13893101607,1.0,285774165.9955809,ok,60200.42552179034
767,285772260.33946013,0.019793921973558753,61050.153609759946,313691.702379324,0.09730916238252382,285769289.9698046,ok,122100.30721943542
768,285767355.43450224,0.027908284651141636,23874.03978963621,8287.807886492128,1.0000000001041347,285751769.20259833,ok,47748.07957927241
769,285751623.23901916,0.029169084447475315,25557.184656980666,7218.282666581882,1.000000000286338,285733284.3370256,ok,51114.36931396131
770,285732482.14680874,0.027701260773209613,28481.858086883152,11265.756537474874,1.000000000500556,285715266.0452564,ok,56963.71617374689
771,285712696.3229198,0.024567659157238426,34251.902479765966,34229.956217179155,0.5003205709999681,285704127.85721654,ok,68503.80495953186
772,285706109.06403023,0.031431192389734644,33746.105857657305,152530.53101532627,0.11062082336246012,285704242.55302256,ok,67492.21171531461
773,285705203.59118176,0.013780163614557138,94495.2222796202,1639663.889667736,0.028815424574230534,285703842.13120663,ok,188990.4445592403
774,285703723.8669307,0.029102890019099055,19569.9824695544,12504.90921577625,0.7824919850223632,285696067.189716,ok,39139.96493910879
775,285693860.7876348,0.02575599321013226,29999.029519010575,9039.079290862877,1.0000000000000242,285672900.83740664,ok,59998.05903799579
776,285673418.20037436,0.026457589974189465,43210.06562706374,494271.66449481994,0.043710846414013474,285672473.82610327,ok,86420.13125405568
777,285673402.56108713,0.03161733857664703,21147.93118870129,3463.157314292578,1.0000000099471893,285655717.7870713,ok,42295.86237740258
778,285655547.0826031,0.028338421598050677,23480.491049644148,4367.155254557376,1.0000003080620221,285636433.7422653,ok,46960.98209927253
779,285636392.4283898,0.025889559606763507,32701.787101050468,2555.901859665102,1.0000000000001805,285606246.5431484,ok,65403.57420207856
780,285604300.4466459,0.027252014613671445,20285.785803428276,10363.939843668208,0.9786715336746077,285594373.88609385,ok,40571.57160683394
781,285594284.20437235,0.008996081998062283,97836.59261483382,565488.048412287,0.08650633102638355,285590052.4620387,ok,195673.1852294491
782,285588574.4117551,0.030903222313589055,25319.215049098777,13824.072710992812,0.915765403525587,285576981.1811619,ok,50638.430098197554
783,285574151.2362692,0.019509091357717785,33590.88991709043,41909.941420955365,0.40075085741225436,285567420.4473014,ok,67181.77983415774
784,285567492.4206126,0.025225623735207696,34455.61009944316,100082.94110552552,0.17213527959332167,285564526.9075735,ok,68911.2201988549
785,285564937.0041436,0.03313868053512678,18635.857064962103,5632.367169923891,1.0000000008496537,285551933.5142423,ok,37271.7141299242
786,285550413.9256416,0.027400740429172708,26187.610530055907,9049.353031489212,1.0000004560404605,285533275.66445416,ok,52375.22106011181
787,285532773.51654774,0.025369173522054336,27032.893183144435,7702.205749018818,1.0000000000664329,285513442.8291128,ok,54065.786366267595
788,285513606.2133228,0.030411286064801073,36039.213251911104,113405.59573731043,0.1588952159617914,285510742.98403645,ok,72078.4265038222
789,285512472.49715424,0.027741836354054517,25423.47334427978,12257.582494209164,1.000000290348177,285499306.6060404,ok,50846.94668853628
790,285501069.97907877,0.016626427751075142,49273.32869518526,145439.00541558032,0.1693951651910389,285496896.64725184,ok,98546.65739032376
791,285499942.1711977,0.017072425429136038,39163.586749794595,42817.06835849846,0.45733615414635564,285490986.7091244,ok,78327.17349958884
792,285489117.9562511,0.015593199721058581,31885.794124485794,65919.11001243278,0.24185546587682938,285485262.07945466,ok,63771.58824897159
793,285484851.4165586,0.03012572057137765,21351.484538904562,9882.20052707104,1.0000000083261875,285473382.1325336,ok,42702.96907780912
794,285472185.89908385,0.023929089906718368,31161.873868688468,29197.159969419365,0.5336456337076434,285463871.20011973,ok,62323.74773735513
795,285465137.3763983,0.030467179022236907,24494.35507960812,11258.402251442461,1.0000000002077667,285451901.42356974,ok,48988.71015919758
796,285454042.99551976,0.019528876350871378,44955.2457575757,89483.3319213136,0.2511934054774956,285448396.7648818,ok,89910.49151515127
797,285451330.003135,0.028569912577349112,20076.8596828602,5333.434843328849,1.0,285436586.57829547,ok,40153.71936570857
798,285435902.6640076,0.04222971924863179,20008.3763169868,2682.7195993585383,1.0,285418577.00729,ok,40016.7526339735
799,285418972.2210164,0.028293947272143072,18410.425507064567,2446.92128931965,1.0000000021618978,285403008.7167694,ok,36820.85101411386
800,285402996.34118533,0.026365257194388786,18998.898353993463,2047.0688694797086,1.0000002875731706,285386044.5074146,ok,37997.79670798693
801,285386179.0236712,0.028422158884563314,21613.17627336694,12598.33094877192,0.8577793503461576,285376909.35551983,ok,43226.35254673387
802,285375336.8359872,0.017147102588949206,29803.710692761644,56024.397011916895,0.26598867888236377,285371373.11117077,ok,59607.42138552328
803,285372570.9528572,0.027135842771245575,18823.450295237828,3754.130521151513,1.000000000124854,285357501.6330817,ok,37646.900590474776
804,285357881.50245804,0.027869875933610816,27424.03909706251,18095.434309083652,0.7577612846599661,285347491.0649097,ok,54848.07819412502
805,285347240.96191454,0.031645092682730844,14556.584958880128,6118.9545847543095,1.000000000000173,285338803.3315404,ok,29113.169917760257
806,285337914.0372463,0.03211382108338588,20713.361423681657,2964.4984607885253,1.0000000004630658,285320165.17427653,ok,41426.72284736273
807,285320204.1904763,0.028864302859007172,21312.49604426304,2145.495998388851,1.0000004060406005,285301037.183519,ok,42624.99208852608
808,285300424.8775218,0.031414508873728875,24530.10470443445,5272.574404119772,1.0000000029925438,285281167.34717965,ok,49060.2094088689
809,285281326.6471065,0.024971833844033287,20806.436512853215,4997.224396632442,1.0000000764249903,285265517.43416405,ok,41612.87302569122
810,285263956.8758138,0.02907422009294208,27625.913232980492,7870.8809697081315,1.0000000000000102,285244201.8435505,ok,55251.826465960985
811,285242700.68892336,0.022541810767720116,28878.919183109974,5086.403639366339,1.000000016274791,285218908.17307514,ok,57757.83836621994
812,285219584.4446782,0.033478136588659405,20035.62903292955,3055.3214386290824,1.0000000000712264,285202604.13708293,ok,40071.258065859096
813,285202350.1844228,0.02640439828938323,26882.213135277896,17195.768385341067,0.7816519893985739,285191843.9167345,ok,53764.42627055578
814,285194714.4547001,0.025031343472076136,27035.04557939962,7158.167453287632,1.0000000343377362,285174837.57613724,ok,54070.09115879923
815,285176940.1225508,0.023218632491770936,22820.53312896977,8507.42006163002,1.0000000136890863,285162627.00940394,ok,45641.06625792096
816,285162387.1210418,0.02835859122829048,24140.0212925843,9731.193069968453,1.0000005472051856,285147978.29025954,ok,48280.042585168594
817,285148224.03871006,0.029402200667321195,32283.68863568596,16192.201710642183,0.9968900218945453,285132132.3951746,ok,64567.37727137192
818,285132714.75071365,0.019542087515954036,31786.14180076738,39172.97147725722,0.40571522407001426,285126266.6898922,ok,63572.28360153476
819,285124760.95847595,0.026193318037860437,21849.5917232094,2748.191442748652,1.0000231757076283,285105659.17919976,ok,43699.1834464188
820,285105893.7733407,0.015553617745820102,41517.2350172764,193982.42744951535,0.10701287627736644,285103672.3339735,ok,83034.4700345136
821,285104272.75944716,0.030162663478069816,23623.128740330252,13346.367063131876,0.8850022117849207,285093819.49885494,ok,47246.257480660504
822,285091009.9910842,0.01954365754622012,40655.52130641165,89243.09004277023,0.22777965939395012,285086379.74068636,ok,81311.04261279343
823,285086728.96055007,0.03725588678963048,22363.16956282525,17329.153072555633,0.645247043210728,285079514.07603145,ok,44726.339125650484
824,285075043.78027016,0.033999924595169664,20458.540995713596,1256.8807441716663,1.0000000007084147,285055842.1200059,ok,40917.0819914271
825,285055607.81053466,0.030454383421640713,19083.82963854717,2270.8895515538206,1.000000000007178,285038794.8704476,ok,38167.65927707983
826,285038580.6076269,0.02564614329870251,31858.05425073816,133727.86214701668,0.11911524546662648,285036683.21765083,ok,63716.108501476316
827,285036483.7214054,0.029014717505779438,22006.679264203183,19321.282058837136,0.5694932457687973,285030217.393804,ok,44013.35852840637
828,285031845.17658156,0.025854705364083522,23106.548151066938,22704.367273230604,0.5088569056559995,285025966.2132853,ok,46213.09630213387
829,285028573.6244993,0.020267872729763603,32274.186338554624,59137.142002909444,0.27287577016291037,285024170.20277256,ok,64548.37267710922
830,285024288.71024024,0.03475335257437531,11492.330548551836,1165.0862085126143,1.000000032903966,285013961.4655987,ok,22984.661097103668
831,285014255.4961106,0.05288362899389207,27252.115963608998,201994.4894672563,0.06745757281667483,285013336.31531215,ok,54504.23192718354
832,285011687.7485426,0.04566071172058731,8600.232216620265,486.7213498702024,1.0000000000000064,285003574.2376759,ok,17200.46443324053
833,285003442.49824464,0.03927591412200919,9069.120720190083,1388.6731305748353,1.0000076818012202,284995762.002323,ok,18138.241440380167
834,284995615.2617389,0.014289421431583895,85678.55339233928,1592582.998614171,0.02689924276062685,284994462.9176353,ok,171357.10678466747
835,284994259.4823381,0.03442782108429749,15044.41905796863,2750.8533473235575,1.0000000055730343,284981965.91657424,ok,30088.83811593726
836,284981262.4663366,0.025577727418609253,17857.83925247154,2044.7176732798948,1.0000000000000002,284965449.34475744,ok,35715.67850494308
837,284965343.64733166,0.036784046149162024,13585.933407811763,9932.562135794518,0.6839088053046952,284960697.87758875,ok,27171.86681562286
838,284960180.568679,0.02426899848090257,22410.69290160583,15297.226227274625,0.7325083831749853,284951972.5584674,ok,44821.385803211655
839,284951231.05105,0.01484581513681921,74455.35721255148,1056969.870330909,0.03522113510635903,284949919.84995216,ok,148910.71442510287
840,284949980.1475929,0.03353626779480697,11989.337143918277,5301.6718444198505,1.0000000196463281,284943292.4822662,ok,23978.674287836555
841,284943070.848215,0.03336749264817948,18084.728164577642,12632.59557082638,0.7157962139761039,284936598.35823953,ok,36169.45632915527
842,284935702.627787,0.028918554851399738,43162.962174782406,598108.1673012781,0.036082906516339566,284934923.9052225,ok,86325.92434956471
843,284934874.7870422,0.03182480199982568,16631.239097157744,1342.3055334798505,1.0000000000000002,284919585.8534785,ok,33262.47819431548
844,284919873.76720023,0.03658315671221683,11891.817872323098,1152.4728477774604,1.0000000000000095,284909134.42217565,ok,23783.635744646155
845,284909703.11239386,0.016485557815158286,35037.42580837565,266681.87778498646,0.06569142624049007,284908552.2831573,ok,70074.8516166799
846,284908209.3375349,0.028355990280654986,24921.630844580544,33726.52158037156,0.3694663676654494,284903605.4853227,ok,49843.261689161074
847,284902331.0151715,0.030000660916970144,18988.735026425507,13573.42323509238,0.6994821681141026,284895689.87439847,ok,37977.470052836194
848,284896394.91008353,0.027277126962730727,24754.424129550534,40279.85213932409,0.30728047416767307,284892591.6344914,ok,49508.84825910107
849,284892158.98280364,0.031058346649361215,23920.633496007937,6390.118289391763,1.0000007422154213,284874628.4593285,ok,47841.266991997894
850,284875500.5726865,0.02943435815563262,21760.363454332462,8256.871684171834,1.0000041271997577,284861997.05926263,ok,43520.726908649405
851,284862636.71056575,0.029610394475848324,19044.704327976968,11741.780095141601,0.8109802846613138,284854914.2706971,ok,38089.408655953936
852,284853658.06020236,0.032936326637937746,48084.86051526882,1866769.1565221925,0.012879166218080048,284853348.4137468,ok,96169.72103053752
853,284853335.4383675,0.028107785058305673,18559.104367953943,4832.147628838543,1.0000000004106417,284839608.48162466,ok,37118.20873590788
854,284838819.9450115,0.027200936319053997,15456.910653154204,5256.341090334802,1.0000003967884687,284828619.3734869,ok,30913.821306308408
855,284829214.83460623,0.02319968785684472,22587.148355803387,8635.144279199309,1.0000030876821435,284815262.8141129,ok,45174.29671158867
856,284815045.92091966,0.02420501433718059,21860.245045509728,45917.55204792932,0.23803800584460305,284812444.1363507,ok,43720.490091019456
857,284811885.03439957,0.03161080222312009,18346.980244710758,3513.2894815206737,1.0000000001665474,284797051.3436345,ok,36693.96048940845
858,284796675.8141021,0.03196383538652289,11999.744487602384,1455.238471053783,1.0000000013733976,284786131.30807304,ok,23999.488975204767
859,284786059.5438763,0.03378076456122957,14081.066833663768,1156.343349113793,1.0,284773134.8203917,ok,28162.13366732753
860,284773098.07310295,0.03839767865479354,11017.183003700491,3379.8492565589095,1.0000000423650632,284765460.73917544,ok,22034.366007400982
861,284764328.5060717,0.03008221854270878,22205.431996660867,49922.447824903065,0.22239927091059045,284761859.2701285,ok,44410.86399332173
862,284760742.82570684,0.027370343499454632,23404.95608104093,20535.081786722145,0.5698773524285262,284754073.84850425,ok,46809.91216208186
863,284754101.9460317,0.02512503160892405,19491.9533116753,14095.258175280878,0.6914365479966414,284747363.2215759,ok,38983.9066233348
864,284753227.5922875,0.01613270347782611,43934.30508009063,110662.11587177737,0.19850652923985607,284748866.96907943,ok,87868.61016014115
865,284749256.06777036,0.034887704923993984,19425.34265643447,12193.765437233837,0.7965276499873825,284741519.6565022,ok,38850.6853128682
866,284743261.75422984,0.013928303169460957,57359.842274403745,170012.92237036838,0.16869259546473456,284738423.6638955,ok,114719.68454880748
867,284738527.9844428,0.03492707955238463,18352.659825301795,1221.817210044092,1.000000000000014,284721397.14182746,ok,36705.31965060359
868,284721713.2297677,0.029615639735895864,15205.679360407841,2225.3844161184556,1.0000000000060099,284708732.93482333,ok,30411.358720815682
869,284707648.7187995,0.02616220897737781,20260.66446317029,1174.3434517330788,1.0000003384962548,284688562.3917249,ok,40521.32892634058
870,284688502.75431395,0.020084833925271505,23376.70452355381,57368.866933468744,0.20374033664168417,284686121.3654893,ok,46753.409047106514
871,284685197.69559354,0.030391127668630825,16431.494518239368,4552.1992304112,1.000008356580971,284673318.3390765,ok,32862.98903646553
872,284673478.0143087,0.03774169602639354,19998.305738762836,35015.65375321208,0.2855623641887357,284670622.6325754,ok,39996.61147749988
873,284669584.97404706,0.03852985490138551,20609.97722479586,8160.886387891587,1.0000000026119755,284657135.8831989,ok,41219.9544495917
874,284658229.4441985,0.013857234613947868,24688.040513706434,29089.318476031272,0.4243488986180381,284652991.27279794,ok,49376.08102738263
875,284653167.37635034,0.023779723566887165,28912.002698923057,38341.569307794256,0.37703207277232764,284647717.0001976,ok,57824.00539784611
876,284650135.03830624,0.031784702394810876,15455.961342719906,1515.139745563396,1.0000000046802666,284636194.2166509,ok,30911.922685439782
877,284636129.522803,0.03580376095151291,16294.065110389198,4134.591557670844,1.0000000008050638,284623970.04924387,ok,32588.130220778396
878,284623387.57620573,0.024073323797339327,23713.999832509813,29613.47174880228,0.40039209238391527,284618640.1271998,ok,47427.99966501962
879,284618849.29938424,0.01865539591483624,43825.85331178126,50753.45432347288,0.43175241858870206,284609388.3403022,ok,87651.70662356251
880,284616495.60835534,0.022973424509472824,23058.13078230072,6121.033044388463,1.0000000021120827,284599558.5105946,ok,46116.26156458649
881,284600580.74113095,0.03287313208332058,24941.213086454394,41312.69958442977,0.3018589118762699,284596816.37740934,ok,49882.42617290878
882,284595011.1998019,0.04600152005022919,11706.762773376637,4816.54626507113,1.0000000000255223,284588120.98329353,ok,23413.525546753124
883,284588060.3910161,0.028803500171442006,30362.261412426305,80379.06069812518,0.18886922258556885,284585193.14266163,ok,60724.52282485258
884,284584050.05754006,0.012713903262885821,80041.02702809204,993399.3036413399,0.04028643201917842,284582437.773843,ok,160082.05405618402
885,284582565.15408295,0.030274903616143992,17989.393181341024,13113.435555911547,0.6859145761093626,284576395.5605838,ok,35978.78636268204
886,284577854.93828547,0.017063729551796702,52086.511638505675,561752.7171500549,0.046360711793933675,284576647.55440825,ok,104173.02327701132
887,284577035.32392263,0.02362039626284142,33453.60894044341,67743.871844428,0.24691243672393523,284572905.2678723,ok,66907.21788085833
888,284574984.62792426,0.028427801257537588,19013.424084920603,1890.2641470924254,1.0000000026788234,284557861.46794564,ok,38026.84816984121
889,284559413.09238684,0.030792258838277558,12950.618132046524,2216.4480600608067,1.0000000091312555,284548678.9222371,ok,25901.236264093048
890,284548104.9437536,0.024158874267312124,23017.153331908972,11688.195377509319,0.9846324684219038,284536773.22550297,ok,46034.30666380544
891,284536516.81933266,0.014320126241652143,40880.247835578186,182892.56481003712,0.11176027816668982,284534232.4253978,ok,81760.49567115637
892,284534487.63969445,0.023284249020378463,26653.542877952215,14997.903194873936,0.8885756405956137,284522645.795226,ok,53307.08575590443
893,284524016.0808794,0.030035117124679586,18233.22598641614,3330.602205956917,1.0000000000000098,284509113.4570989,ok,36466.45197283228
894,284509079.1085053,0.027283910180365713,23285.230895089197,5401.091870852551,1.0000000021415585,284491194.96945435,ok,46570.46179017839
895,284491517.90252954,0.033711619330246086,38137.377317599334,237952.39967991295,0.08013656800456875,284489989.8032641,ok,76274.75463519753
896,284490590.44734037,0.026587124865325152,18954.149883972652,36316.02342369555,0.2609612520461892,284488117.2979978,ok,37908.299767945304
897,284486701.2398227,0.03073517124121644,9922.669194396169,2113.5801340915277,1.0000002297184523,284478892.14945406,ok,19845.338388792334
898,284479674.17577815,0.039707608736508936,10825.353705007054,1235.4683702340724,1.0000000001061926,284470084.29044247,ok,21650.707410014104
899,284470191.050734,0.03399772247844934,17650.232989365377,1825.8967689030073,1.000000000204053,284454366.7145107,ok,35300.46597871736
900,284456075.918351,0.028858656706688298,21783.39371350787,8438.089782208786,1.0000000149038295,284442730.61434656,ok,43566.78742699767
901,284443179.0243801,0.02585540197474995,27977.916022061378,42593.04255141285,0.3284329358285456,284438584.58983135,ok,55955.83204409741
902,284440628.9564448,0.03876490768216561,8692.30180358199,5001.313547620632,0.8690018852864505,284436852.14311737,ok,17384.60360716398
903,284437172.77992076,0.014725342609989138,47802.38546424352,234198.5657097438,0.10205524811686477,284434733.53776616,ok,95604.77092848583
904,284434570.1209828,0.04176007683280631,13839.24135004493,9118.370310790267,0.7588659419583013,284429319.05652124,ok,27678.48270008245
905,284427947.09716177,0.03355679269152836,13496.451851426273,3313.4239485382955,1.000000028362049,284417764.069064,ok,26992.90370285208
906,284416916.774399,0.024696923967302147,18911.953354624085,13754.577809503458,0.6874785113926666,284410415.9936291,ok,37823.90670923463
907,284410607.7500564,0.024431840098509523,25018.232434335878,38350.94440656635,0.32617491982873204,284406527.59007716,ok,50036.46486865029
908,284410644.33809745,0.0324217437702709,17921.727043009043,2615.2742755583968,1.000000000005937,284395337.88532996,ok,35843.454086018086
909,284395213.91151655,0.03144360735298917,20182.71280690666,40592.0773371936,0.24860408891187366,284392705.159052,ok,40365.4256137848
910,284392051.1727466,0.023510886493366294,18084.776358281022,12938.915161564091,0.698852111342497,284385731.88067603,ok,36169.552716562015
911,284388214.5247783,0.02593661236126644,27211.592967999175,34394.53408298195,0.3955801945499123,284382832.34115815,ok,54423.185935998335
912,284379725.75032467,0.017209316416849287,15427.26997269873,14327.15449775201,0.5383926715915338,284375572.7857767,ok,30854.53994539746
913,284373974.9958124,0.015579085062422695,36543.98528711565,193147.21625094165,0.09460137711650163,284372246.4401457,ok,73087.97057422993
914,284372481.67395407,0.03291312482672158,18335.655556915586,25852.027864431137,0.3546270268055634,284369230.51444674,ok,36671.311113831165
915,284370192.45068765,0.029228198325213835,13402.333061877225,23813.27717504105,0.28140463329264803,284368306.7113774,ok,26804.666123754447
916,284369435.601023,0.03482424474020134,15488.622074828709,7744.762350274967,0.9999417266999037,284361691.74127215,ok,30977.244149645838
917,284360979.2751923,0.018892424195332942,33832.25275182858,47118.4508802621,0.3590127871330432,284354906.1695146,ok,67664.50550365714
918,284359096.2106401,0.033547357393148285,21181.400196678107,18933.81867722523,0.5593536242679985,284353172.2641565,ok,42362.80039333902
919,284352559.340613,0.019851446061116437,30350.69031766478,127467.11446275433,0.11905302181502352,284350752.6699147,ok,60701.38063532946
920,284351298.50329703,0.03312005903613084,18116.327874323808,34564.49691246311,0.2620655512534236,284348924.6705715,ok,36232.655748647616
921,284347990.63506854,0.02919523048476835,10240.017411399684,5426.517521468939,0.9435164791127172,284343159.8224815,ok,20480.034822791233
922,284342147.31672305,0.03606634367896032,16167.15246011247,3791.2232180448755,1.0000001608630393,284329771.3861,ok,32334.304920224677
923,284331420.33610517,0.02452002931202339,23906.5804155994,26371.75760760463,0.45326103726786937,284326002.3753868,ok,47813.16083118014
924,284323253.2795262,0.036783669455251765,16271.880645205396,1276.1063674616357,1.0,284308257.5052484,ok,32543.761290395385
925,284307665.0748281,0.04463429106987751,6464.220541730467,461.68810600717575,1.000007316695472,284301662.5018517,ok,12928.441083460933
926,284301858.46072805,0.02628123558061335,19274.35641791556,35754.94935207206,0.26953410321078497,284299260.912542,ok,38548.71283583112
927,284300773.2350315,0.02785366618225225,22603.015758945647,11327.735717758154,0.9976846353994457,284289497.8942633,ok,45206.03151787879
928,284288821.7428313,0.01645086060338431,31022.901536098278,64244.79763421123,0.24144290805251256,284285076.61304975,ok,62045.80307219655
929,284286452.5331184,0.03395032045130141,18014.592306889987,11660.592106897406,0.7724561558170833,284279494.79175746,ok,36029.184613762896
930,284281166.744614,0.03438137701008728,14886.424425217478,10713.674325236603,0.6947394504120659,284275995.6514521,ok,29772.848850434955
931,284274892.95464706,0.011712932929361469,78740.28730476447,748016.7973946247,0.05263269994672602,284272820.7976893,ok,157480.57460934567
932,284272842.5638654,0.034755758551282746,24648.835655216422,49729.996174823194,0.24782663936434596,284269788.2448131,ok,49297.671310432845
933,284267404.46793425,0.03088613420234678,21824.320662711863,26908.929494811837,0.40552190429797086,284262979.34789664,ok,43648.64132539238
934,284260898.61274433,0.0357039131989455,17474.52253855959,5930.832623781271,1.0000000078585896,284249354.92278546,ok,34949.04507711918
935,284248321.24994236,0.029276913826590676,21589.231801398364,5624.705697939762,1.0000857985788196,284232355.8367384,ok,43178.46360279672
936,284232215.579119,0.035418173246314466,16593.24488840568,4546.537856224573,1.000000022254614,284220168.87191993,ok,33186.48977681126
937,284220208.01984876,0.0297991702043109,20572.570308883784,2342.2493214746046,1.0000000038666004,284201977.6987999,ok,41145.14061776757
938,284201929.11816895,0.028574985191502898,21078.407128169976,2097.025683295994,1.0000000000122176,284182947.73672384,ok,42156.81425633995
939,284182885.61558473,0.03568054816464052,17156.08223971876,1715.4920624287665,1.0000000000003548,284167445.02540743,ok,34312.164479425184
940,284167617.5281976,0.03559898874468657,13920.48725444358,1225.5715433504379,1.0000000000025013,284154922.6124864,ok,27840.97450888716
941,284155209.0973164,0.03359658301293058,22507.715187063193,6584.407120897859,1.0000032029850459,284139285.7593379,ok,45015.43037412639
942,284140745.532253,0.035136818899386246,31755.910760961662,93198.54199929294,0.17036699330126098,284138040.4527351,ok,63511.82152192327
943,284138353.4482479,0.04266904087249738,9337.2820574629,1279.410182645966,1.0000000000546205,284130295.5763727,ok,18674.56411492578
944,284130377.3839109,0.024242113474544174,26920.881319684813,211514.9079915999,0.06363825976926872,284129520.7848916,ok,53841.762639323846
945,284130030.05424494,0.02428415983055154,23584.887997958795,59395.981362769155,0.1985394252004259,284127688.78919166,ok,47169.77599590888
946,284127057.8184952,0.03412362889361688,15633.932263750325,8480.374588928566,0.921771326243123,284119852.36325663,ok,31267.864527500536
947,284122320.2644186,0.02977260595227332,18955.619639021672,14236.854591929718,0.6657235808872708,284116010.66292655,ok,37911.23927802822
948,284115310.7187035,0.03743474821852745,15604.605799429242,2810.9260281947963,1.000000020591608,284102517.0387267,ok,31209.211598846756
949,284102280.83791834,0.03146421937116184,26114.412106264655,33561.21616654965,0.38905640332981734,284097200.8482938,ok,52228.82421251158
950,284095391.4544314,0.033001544168480945,16153.357855750164,1096.1759890771004,1.0000000002419576,284080334.2725614,ok,32306.71571149999
951,284080540.3625611,0.031785112973691416,16673.94621829959,1621.9231161872485,1.0000057537221478,284065488.262186,ok,33347.89243659918
952,284065450.74489117,0.03130846233755514,15542.123362025832,1297.6530956053853,1.0000036077886454,284051206.2279154,ok,31084.246724051663
953,284051492.5193024,0.03034612625174219,15795.064269656541,1104.1744127675734,1.000000395406605,284036801.6240732,ok,31590.128539313082
954,284036962.4095554,0.037645883373456694,12929.377466340784,3226.46829937589,1.000000000947543,284027259.50038224,ok,25858.754932666736
955,284027692.38195133,0.03774132701826551,8687.108472651647,2991.1835424601986,1.000000000090741,284021996.45702094,ok,17374.216945303295
956,284022250.15585667,0.032529260508350824,13337.847390438477,10001.03440365308,0.6668233930665491,284017803.1615301,ok,26675.694780876955
957,284020011.58356017,0.02181993352447741,23972.331054133858,29508.16457860869,0.4061982742144539,284015142.82380867,ok,47944.66210826681
958,284018014.64145947,0.02693258158152362,16016.507654332883,5015.9463687313055,1.000000362799663,284007014.07800263,ok,32033.015308652917
959,284005705.79013413,0.036498661174503996,18017.998869891497,15696.126791716471,0.573963217454397,284000534.95583236,ok,36035.99773978299
960,283999519.5935761,0.028878091229443563,22263.372456642675,16525.152849810915,0.6736207724970429,283992021.05849975,ok,44526.74491328535
961,283988122.82285327,0.0318055529147981,18149.245213839284,1694.0202540419978,1.0000000000000087,283971667.5978934,ok,36298.49042766674
962,283970087.5393225,0.040897523106399276,13745.134123410195,2604.0312469865858,1.0000000000384046,283958946.4364458,ok,27490.268246820386
963,283958371.531538,0.03988083370622939,16232.494358980954,13476.26694098953,0.6022622744881989,283953483.42205137,ok,32464.98871794578
964,283958073.35623175,0.011258307664108829,43449.21961096082,103886.68370435215,0.2091183299998852,283953530.3421093,ok,86898.43922192164
965,283952020.75859964,0.03524196303899459,23102.8572451668,45280.53808975716,0.25510802454877257,283949073.896463,ok,46205.71449031894
966,283948268.39987874,0.03829279847555931,19186.081608925546,1765.1760778139696,1.0000000000027047,283930847.49434763,ok,38372.163217839574
967,283931282.5303512,0.042027148588495336,20221.779559998984,31543.149012617178,0.3205415469443194,283928041.5701002,ok,40443.55911997882
968,283927816.15317947,0.027112936417456712,19755.79629930348,27020.881080308656,0.3655653611106787,283924205.1357754,ok,39511.59259860696
969,283923422.822285,0.030182143934255393,11727.290839045394,1624.551510276966,1.0000000021712425,283913320.0829378,ok,23454.58167808414
970,283912645.89770997,0.038508659782736925,18778.829888595523,10921.76772824816,0.8596973656574743,283904573.8424173,ok,37557.65977719103
971,283900860.3767522,0.011816714216660761,75666.52367214704,824180.6220349614,0.04590409046825254,283899123.6752781,ok,151333.0473440926
972,283899664.4411141,0.03618586224207004,14722.648696588725,6943.051762043517,1.0000000000000002,283891884.8441796,ok,29445.297393177396
973,283891310.1884919,0.013939006853566489,94345.51707692344,1837537.4073816726,0.025671726925918043,283890099.1823163,ok,188691.0341535957
974,283889997.2630947,0.04300529125022896,12484.723946999322,23523.652937042607,0.2653653320853853,283888340.7566366,ok,24969.447893998644
975,283887600.0987616,0.03376848039209485,14507.00872544913,369.59003356707444,1.0,283873462.68006974,ok,29014.017450889653
976,283873861.28782463,0.025740477407468286,21096.153102723118,26248.979528600532,0.4018471095178583,283869622.57375145,ok,42192.306205446235
977,283869538.21384096,0.015275357533289636,40229.11340388344,255048.57293287947,0.07886559203464048,283867951.8674181,ok,80458.2268077645
978,283867474.40541583,0.029033731297260525,16653.81480603218,3375.8466851094454,1.0000000000170433,283854196.4372947,ok,33307.62961206436
979,283853704.22675544,0.03082700438375014,23060.78549060479,24479.81865469047,0.47101626478319963,283848273.22423303,ok,46121.57098120958
980,283844702.9089824,0.036844553005165016,15830.774087100943,5204.390383099131,1.000000000000012,283834076.52527845,ok,31661.548174201886
981,283834260.92792404,0.016990984694400222,69339.63268250013,807879.0163428821,0.042914614242852686,283832773.08612984,ok,138679.26536500023
982,283832810.5012231,0.023331354035740774,33064.72390638232,117107.18889872002,0.14117290414586886,283830476.57967377,ok,66129.44781276464
983,283830028.26297224,0.04306909272282769,15903.690546162092,63807.683472587916,0.12462206493512958,283829037.28759426,ok,31807.381092300828
984,283828393.82114065,0.01164926154821932,122870.10755203974,2197296.555305419,0.027959382008624932,283826676.1350034,ok,245740.2151040794
985,283826491.44149077,0.03338586934264948,16985.69192293177,16046.145052313406,0.5292764046303727,283821996.37851524,ok,33971.38384586294
986,283825840.72360575,0.022472896883864158,28057.137602172646,61740.48864811818,0.22721829885474848,283822653.1760674,ok,56114.27520434529
987,283822092.0219685,0.01785577095400305,70569.16402032244,1655552.99060887,0.02131286779119311,283821340.00633705,ok,141138.3280404572
988,283822092.0219685,0.04234099614013955,11025.586356703183,928.838521898158,1.0000000002677527,283811995.2741312,ok,22051.172713406362
989,283811700.72132814,0.029965738019064915,26896.8966137331,284894.8928165553,0.04720494696802462,283811065.88803905,ok,53793.793227466056
990,283810985.34268427,0.030876693228323475,14613.610628983417,2150.6406218060442,1.0000000000621418,283798522.37267643,ok,29227.22125796683
991,283798148.900353,0.03347124117076491,18906.72699280326,15054.876051762038,0.6279270227067195,283792212.8779581,ok,37813.45398560623
992,283790892.3542019,0.03782175917233534,17107.876068438964,8849.36022356647,0.9666165483285156,283782623.9761447,ok,34215.75213687793
993,283784859.7840503,0.028048038656357334,21601.549519782144,19111.016369924106,0.5651596205468565,283778755.62228537,ok,43203.09903956428
994,283778161.2510631,0.033834305152085783,12809.019262593061,524.1808103219228,1.000000005476612,283765876.4125464,ok,25618.038525177766
995,283765281.69512016,0.032205158154808615,11591.166346728893,1622.298634850194,1.0000000000011424,283755312.82740825,ok,23182.332693457785
996,283755795.0304561,0.014306323836205769,54827.830551150495,668363.7471771921,0.041016460559623165,283754670.60868144,ok,109655.66110230099
997,283754890.8741435,0.038105123443684046,13018.736104920645,7535.025440019098,0.8638813636764342,283749267.5523936,ok,26037.472209826265
998,283747865.1424474,0.03173546649635095,16055.75373586228,8779.23304207497,0.914416650003148,283740524.3181752,ok,32111.50747171042
999,283738278.86403656,0.03293983901004127,18206.8334476182,6022.97802596283,1.0000008726737883,283726095.00323844,ok,36413.66689523638
final,283738278.86403656,,,,,,noise_plateau,
