round,old_loss,beta,direction_gain,interaction,step,expected_loss,status,max_gain_sum,temp
0,5057139759.245087,3.402917598791689e-05,1241387420.6726184,249639840.51782218,1.0012391596989176,4064472972.413236,ok,2482774841.345237,0.02887535821571685
1,4063456489.228812,5.422416593223646e-05,764175652.1781305,201827558.3695487,1.000339230763214,3500986118.989652,ok,1528351304.3552492,0.05417021849534942
2,3498215188.0450115,0.00010563092968200623,384370652.2773698,152605691.11708957,1.0000172313817586,3266448862.906441,ok,768741304.5542505,0.08809307156356017
3,3265663969.429426,0.00019300110205373188,204621885.1622963,61453743.30167742,1.000000000018867,3122495827.5672655,ok,409243770.32459253,0.14442290299429317
4,3122055694.146618,0.00015128473067560188,266520179.95460966,91285389.50723402,1.0000140737834058,2946819722.2316375,ok,533040359.908899,0.20577251136338504
5,2946138946.8647027,0.00013067297223323004,284070075.71872735,302666912.79272527,0.469278377833897,2879484974.702484,ok,568140151.4374546,0.30095126376288395
6,2878286314.7163105,0.00013929113452623308,255960671.59511706,175784626.98344797,0.7280519235030107,2785109985.0683365,ok,511921343.190234,0.30967946270561075
7,2785984473.222362,9.90039720502772e-05,344594222.6621126,687427265.0118159,0.25064049696675145,2742799839.61241,ok,689188445.3242029,0.3598598322240312
8,2744628502.5851917,0.00016625551698320988,235174932.7586161,25799946.47481715,1.000000000073111,2535253516.2879715,ok,470349865.5172322,0.35620635637592857
9,2535235057.0713544,0.00015457540130515412,243778750.5659237,142152159.22926188,0.8574570793988407,2430720149.3314767,ok,487557501.1318474,0.4638545485291443
10,2432091734.5691214,9.28322020763149e-05,323743413.43008435,283240565.73301154,0.5714990234401164,2339582212.25889,ok,647486826.8599817,0.5047836403540149
11,2341086868.7854815,0.00015693765514258635,246508450.29603076,77925943.95133846,1.000000000075154,2172504362.433976,ok,493016900.59206146,0.5404909712088557
12,2174700540.481214,0.00010520649317555699,280591468.68199015,209122592.6149014,0.6708779409566198,2080579227.1015303,ok,561182937.363806,0.6102579726999822
13,2082546104.2196012,0.0001405259608219813,265278319.08055246,294435260.7751393,0.4504866679048098,2022793931.2046075,ok,530556638.16110486,0.6464308545435413
14,2022155041.6727414,0.00014142620958060423,249513402.3117881,119101949.19419837,1.0000000738012347,1891743587.720497,ok,499026804.62357616,0.6507496996937294
15,1893438506.370941,7.566499352787726e-05,389693870.4758618,772448255.5995077,0.2522459385796755,1844289158.3124757,ok,779387740.9517236,0.7257172651313413
16,1843932590.8004997,0.00017793803279518233,212047027.1057401,12790844.959263237,1.000000000579811,1644676408.5459082,ok,424094054.2114796,0.705126649095321
17,1644646472.1681452,0.0001956937270196097,183059148.88671854,10479244.909492506,1.0000000003878575,1472066568.1280472,ok,366118297.77330905,0.7888565678174873
18,1472281540.963691,0.00020223008135191343,180715344.21539754,10024896.700658778,1.0000000000121878,1301591093.446994,ok,361430688.4307951,0.8322583990924
19,1301449181.5818624,0.00022052575821298072,161472594.82739195,10000634.877308285,1.0000000005408753,1149977221.5552604,ok,322945189.65478384,0.9009814696898624
20,1150767760.519633,0.00024034926677485326,149796814.83101887,10263522.374946833,1.0000000000450344,1011234468.0577395,ok,299593629.66203094,0.9486787652338431
21,1010537797.5936736,0.0002672153920560925,132548993.73690766,11122436.4233714,1.0000000001169669,889111240.2672354,ok,265097987.47381532,0.9960847240181314
22,889917121.3090193,0.000292687687431523,120198575.2745902,14247302.312605133,1.0000000030132368,783965848.0707085,ok,240397150.5491803,1.0283135731748079
23,784427369.3056617,0.00031223332630646246,118773839.34392844,87910053.54836474,0.6755418439063038,744309020.0865475,ok,237547678.6878568,1.0734900914236283
24,742475463.3782728,0.0001848370535403903,181342948.33234155,361931346.3184089,0.25052119715102705,719760337.1227152,ok,362685896.6646829,1.067699551305478
25,719876619.0323155,0.0003344024980376613,105329095.8822073,114380795.24176271,0.4604317344514735,695628189.8796903,ok,210658191.76430348,1.067008409732523
26,695735173.5904586,0.00013307662964501585,187376610.04760426,705472298.2420238,0.13280224504529137,683293156.3488096,ok,374753220.0952085,1.0852238317998868
27,683444049.8939711,0.00025178078512322685,34283119.09649995,3315149.2202117573,1.0000082427941783,652475852.081399,ok,68566238.1929999,1.076880930551983
28,652878860.9645877,0.0002972280226600225,30392998.673084136,2649301.064584003,1.0000465598603177,625133994.9702328,ok,60785997.34613323,1.063191661416388
29,625522814.3712523,0.0003556017321103598,26757358.921091795,1528104.4603005394,1.0000021703504056,600293508.4706677,ok,53514717.84215192,1.0522591780964472
30,600618161.8113204,0.0003896792008258493,22287112.519285798,898903.6198756273,1.0002408817407293,579225017.4645461,ok,44574225.03856992,1.0404776930745285
31,579096710.6398827,0.0004243397059672466,22439035.377990223,908742.7117748096,1.00001999659736,557566005.6131992,ok,44878070.75597885,1.0329542982270743
32,557670431.6153107,0.00045850901747462825,20627292.905083515,852485.4567028806,1.0000082413907239,537895468.220739,ok,41254585.81016574,1.0300449364705049
33,538256324.6815963,0.0004932622324949817,18880611.642007068,806477.7800508892,1.0000248795663604,520181761.2083439,ok,37761223.28401337,1.032505264723162
34,520264353.9283643,0.0005483740529010288,16964011.920403205,678413.2717104553,1.0000158659048497,503978507.65772414,ok,33928023.84078559,1.0332659169868563
35,503695471.4121987,0.0006101265802764129,15236436.438344574,633286.1900071867,1.0000008723005291,489092308.97794205,ok,30472872.876689143,1.0316293992645331
36,489202814.6851913,0.0006564019668029134,14251787.171896823,606166.14117212,1.0000119735598718,475557037.52585965,ok,28503574.343793277,1.0327166216085324
37,475567563.3065821,0.0007214414568711405,12781989.952449633,571514.1666162962,1.0000047399786416,463357032.3523321,ok,25563979.904899262,1.029874403644957
38,463286784.5901871,0.0007914166946571092,11645243.487232449,543858.9745876387,1.000004978703573,452185347.5147656,ok,23290486.974464893,1.0244374012539366
39,452369208.3740376,0.000851072680944499,10216388.025074482,445370.05915071286,1.0000048571826796,442598145.1117489,ok,20432776.05014872,1.021475398259982
40,442511701.50903034,0.0009390276263962987,9297356.310854405,353035.5718327111,1.0000204465474491,433567205.1080364,ok,18594712.62170881,1.0184924626232306
41,433509741.2769292,0.00102777352585449,8594149.102572087,319148.24605208065,1.000065765019664,425234217.20498616,ok,17188298.205134414,1.0158931829508093
42,425226303.2033261,0.0010872501806452983,8101120.501475057,419053.80927119,1.000000010065824,417544236.43801403,ok,16202241.002950093,1.0141726627069367
43,417541789.0799104,0.0011495086092832224,7381304.511193924,360149.1550126701,1.0000147909200183,410520535.20139796,ok,14762609.02238783,1.0124892431435146
44,410559382.1880354,0.0012379788753048146,6876220.920321548,459164.12996463064,1.000002851684018,404142308.40765494,ok,13752441.84064287,1.0094575514103035
45,404144382.0840991,0.0012887661416676444,6638616.24279798,751401.7588469653,1.0000046077519351,398257143.93561304,ok,13277232.485595956,1.0073555120715891
46,398230103.29071224,0.0013185096521382248,6281245.189962513,1043530.8099887831,1.000000074622852,392992388.59775656,ok,12562490.379925024,1.0113559593233568
47,392977355.75439715,0.0012995693694647418,6524991.090600284,4239228.3215182,0.7695965628319212,390466550.39647967,ok,13049982.181200232,1.0089848771396763
48,390162836.2333806,0.000983551794427747,7758834.501689924,11728152.999713825,0.330778192520137,388879609.6071147,ok,15517669.003379848,1.0081375245741189
49,389002897.21521664,0.0014304280189649154,5877707.017361768,4115919.658953578,0.7140211063857478,386904493.78144264,ok,11755414.034723535,1.0110863611749705
50,386688845.0469941,0.0009096950615002095,7721075.1625964735,13692593.489877624,0.2819434889491297,385600391.61210364,ok,15442150.325192932,1.010687150480317
51,385668406.2025516,0.0016398147223792689,4993688.516377341,546031.8852603897,1.000000273576538,381220748.5040417,ok,9987377.03275468,1.0125948657636972
52,381106136.02269316,0.0014701417746636803,5542270.498647599,2632353.454027292,1.0000170620628996,378196214.24303174,ok,11084540.997295193,1.0145311644297976
53,378066078.9133332,0.0007419756389282095,9665068.095399283,26729606.870338343,0.18079330800268037,377192389.096814,ok,19330136.190789003,1.018095834175182
54,377152823.25792015,0.0015610205002735275,5199942.748934528,3529849.045399117,0.7365672982124049,375237769.36719924,ok,10399885.497869048,1.0160024551851938
55,375068627.7626895,0.00113303869513757,6434654.7682180405,10767613.578264426,0.2987966981470748,374107300.9634595,ok,12869309.536431435,1.0204972440908007
56,374032362.9999243,0.0018276585803132942,4339607.04678514,1069420.7809128175,1.0000008454940295,370762174.8733187,ok,8679214.093565939,1.0215405439973484
57,370780207.7431973,0.0014138487177837175,5475001.991336264,5811562.9317491,0.4710438530593747,369490724.7264439,ok,10950003.982672228,1.0177533504186602
58,369429783.6969466,0.0015940438749974333,4806476.422360288,9836996.280226948,0.2443061014479411,368842657.93872243,ok,9612952.844720576,1.0197132076743083
59,368703047.3920108,0.0019355628714675655,3958571.5788414106,1967510.530169302,1.0000004361873,366711986.33306664,ok,7917143.157682821,1.0187855818379026
60,366595982.5161491,0.000515550746273987,9806102.98291287,29316116.266228013,0.16724764791251426,365775958.686609,ok,19612205.965825737,1.0246014806361678
61,365764471.1118493,0.0019354409962126173,3884462.232340108,1942064.164907507,1.0000002097079952,363822073.04434675,ok,7768924.464676329,1.02204483964365
62,363792205.93366694,0.0008787609493651153,7877376.4098317465,17436950.263457242,0.2258817135683534,362902528.2927291,ok,15754752.819663491,1.0218931104230036
63,362916554.763929,0.001954853745296691,3696717.7313713916,2932363.5280357734,0.6303307376503241,361751477.35667884,ok,7393435.462742781,1.0215103565720867
64,361737973.8019032,0.0014762982152013774,5399938.005178525,11163327.319474438,0.24186059633664628,361084957.6888465,ok,10799876.010352325,1.0259528546008863
65,361088185.26606107,0.002239019223494226,3255354.25007797,614560.2069607741,1.0000006687842609,358447389.8678309,ok,6510708.50015594,1.0246212672638642
66,358326381.62229246,0.0018863580971573409,4248830.928501126,5464900.97283115,0.38873814453585376,357500540.29649645,ok,8497661.856998004,1.024165431586468
67,357429511.88289195,0.001967168906947601,3562768.0256691696,4537694.488178177,0.3925746912833232,356730185.60399634,ok,7125536.051338339,1.021994884432723
68,356699371.55372417,0.001774327060079701,3960815.420354656,15230044.512627415,0.13003295614371632,356441853.2848,ok,7921630.840709312,1.0248187461709648
69,356487133.90011305,0.00236609891340548,2838300.6997141037,661447.2095014338,1.0000000000712457,354310280.4097924,ok,5676601.3994282065,1.022192053172299
70,354277713.58991605,0.0011863456315975476,5442271.816685905,31017541.909276076,0.08772893468805702,354038991.23553574,ok,10884543.633366682,1.0257582360314634
71,354037956.88481337,0.00248461567397986,2825430.7290562484,1835388.7015015837,0.769709088528409,352950577.0292324,ok,5650861.458112495,1.0246857068386968
72,353048646.59480226,0.001314305130317957,4559831.239608398,5984069.73439494,0.3809975018673016,352180004.43918866,ok,9119662.479216794,1.0177763338978414
73,352128254.13236076,0.00252870527637686,2890596.4555561664,1344166.0737541274,1.0000007591861835,350581823.5970032,ok,5781192.911112333,1.0229908761261814
74,350522126.01318175,0.001514327705138815,6508245.774896504,20492024.30522535,0.1587994840811539,350005372.9775183,ok,13016491.549787495,1.0313399920845328
75,349911844.88245606,0.0023559341327561403,2843431.136827306,2056616.8510420339,0.6912884953234274,348929029.2663895,ok,5686862.273652026,1.0286127688794622
76,349028091.0971059,0.0011029389883238155,5495370.986462518,28352907.137036335,0.09691018560992853,348761812.3859592,ok,10990741.972919736,1.0300365043633795
77,348763359.76735705,0.0023586282079479984,2846097.5415884946,5729744.992889138,0.24836162386987773,348409929.0637965,ok,5692195.083176972,1.026992514201564
78,348426645.1034814,0.0020814984835849856,2929441.378874954,6551640.250589097,0.22356549404643747,348099184.0989073,ok,5858882.757749907,1.0272347920519245
79,348094914.1120298,0.00242248161542292,2762446.3944800273,5896292.963940315,0.23425281031439518,347771358.6964049,ok,5524892.7889600545,1.0271722684728335
80,347693217.0834545,0.002735470085264506,2429358.874573492,1702952.5419083054,0.7132785015403852,346826812.3545747,ok,4858717.749146983,1.0258337350326165
81,346811810.09130234,0.0008399583673551987,6016883.3247805,28426645.513589554,0.1058317507407634,346493421.44317013,ok,12033766.649555355,1.0298865945264577
82,346472863.7245024,0.0026954772213989534,2441001.4905320546,1915864.766831689,0.637049527918611,345695344.30090636,ok,4882002.9810619075,1.0286202344373763
83,345696822.9322971,0.0013339715473032236,3169800.0587319075,7235946.887784286,0.21903146249478134,345349679.96095705,ok,6339600.1174638085,1.0258812420912173
84,345337763.99263865,0.002736006612719657,2231078.4169025747,837211.031614625,1.0000007584440336,343943896.1851585,ok,4462156.833805149,1.0265065081018836
85,343984753.1796217,0.0012936289693527426,5667170.503721662,39721617.75655902,0.07133609887761774,343782616.26191676,ok,11334341.007437948,1.0399284940088958
86,343774365.3150571,0.002709019956195898,2946162.4148637336,5621656.999955832,0.26203683494803054,343388363.7778402,ok,5892324.829727467,1.0372455672919454
87,343424967.76196855,0.0026228895446371654,2605669.9432311617,4224148.763105927,0.30842544727464427,343023140.30312294,ok,5211339.886462322,1.0327314188364243
88,343073596.18130124,0.0015485532848187775,3779192.052141466,33715108.42016001,0.056045972106109135,342967691.93513227,ok,7558384.104278834,1.0367694416056619
89,342967040.3967935,0.003192940497685745,1991584.63006119,610650.1866603364,1.0000000300640226,341586105.9302348,ok,3983169.26012238,1.0353764679373523
90,341609864.0291688,0.001615694996358501,3539908.792136615,9216821.131567333,0.19203523327650002,341269970.42383105,ok,7079817.584273185,1.0362150043082368
91,341335524.39859456,0.0026984711034356056,2560867.5763006285,3237317.9281372875,0.395523027572105,340829083.3500997,ok,5121735.152598906,1.036814895481485
92,340780101.5373699,0.0024008252545204543,2523701.6717863483,3976505.1072303434,0.3173265975690045,340379682.7049763,ok,5047403.343570894,1.037935985428442
93,340342785.2266659,0.0031946098012636697,1948876.9461920336,684874.5377521932,1.0000003815032363,339078782.59728706,ok,3897753.892384067,1.039786067837687
94,339032907.21071625,0.0017359965527411223,3350715.5927736545,8416158.161562944,0.19906443821817396,338699403.0521641,ok,6701431.185547303,1.0400043261199379
95,338684044.39382005,0.0029117920715119013,2178218.311214802,2205900.3542233366,0.49372545478866814,338146323.4806533,ok,4356436.622427465,1.0412659815700938
96,338136894.12483436,0.0020639138032625967,3243134.285174533,8717304.29392655,0.18601704012065193,337835255.00461334,ok,6486268.570349056,1.0401486186351665
97,337787262.6177126,0.003528159006782175,1698923.2386728455,233039.5664979592,1.0000000410118444,336321378.8949765,ok,3397846.477344176,1.0408182694971284
98,336292372.6726869,0.0032816225166635055,2493330.5051552644,4242775.066873989,0.29383251125215926,335926061.8908312,ok,4986661.010310528,1.0431064970146284
99,335984995.53367245,0.0020954837529424124,2703693.1975633968,12624169.710824281,0.10708400074997337,335840234.39147466,ok,5407386.395126793,1.0446408506023293
100,335859933.54264855,0.0036030624142429518,1844400.4508916468,1708138.7866431065,0.5398860049645985,335362050.54715514,ok,3688800.9017815897,1.0451404019609711
101,335323884.99664354,0.0017224797716059216,2890536.5424470548,11387326.652733257,0.12691901403185138,335140452.9726483,ok,5781073.0848941095,1.0457388725966332
102,335124930.2323538,0.0036464604863520136,1730827.7407027222,1118757.5535651795,0.773549074679782,334455490.1337285,ok,3461655.4814054435,1.0469169243478564
103,334379082.96353704,0.0014129464330046612,4960313.660387468,32959343.892044973,0.07524897456445853,334192453.70530593,ok,9920627.320768496,1.0476959343688002
104,334193519.2784682,0.0027494448372864435,2481254.904603758,13688865.76074401,0.09063040532252609,334081080.70961183,ok,4962509.809207516,1.0464486812120732
105,334088888.6442458,0.0031177294079676684,2065103.0865163198,4745741.567650087,0.21757433027889056,333864231.93374294,ok,4130206.173031026,1.0463822944264907
106,333833639.19237113,0.00332287943435599,1660852.0211817594,2772033.2250237754,0.2995728922346366,333584866.0705915,ok,3321704.042363517,1.0474180845524481
107,333539548.7366081,0.0030078560663409242,1771548.4794952834,4547596.433888284,0.1947785500812981,333367018.91449064,ok,3543096.9589892062,1.0465451932140102
108,333384596.6863009,0.0020358936041785032,2570889.2621919103,23026534.089579754,0.05582449473703731,333312837.3892575,ok,5141778.524383732,1.0470974955439258
109,333305363.4638485,0.00414519072485502,1240093.4921776687,222641.28798304067,1.0000000001840796,332287911.25950754,ok,2480186.984354282,1.0463861711817453
110,332279712.6944076,0.002618090780736864,2585863.472901873,9362276.638075521,0.13810014235134876,332101158.6375531,ok,5171726.945803745,1.0525239006216784
111,332112841.1342777,0.0034013278926245767,1841068.6008897186,5284894.116102277,0.17418216528503944,331952500.476607,ok,3682137.2017776794,1.0515049511369554
112,331976529.3012165,0.0017476456193351029,2724720.0731232376,23731881.96281283,0.057406321112518484,331898321.2234867,ok,5449440.146243704,1.052492336291376
113,331880260.5881709,0.0048494523914857516,790607.9402897663,151314.08262069753,1.0000003654380794,331240966.55217546,ok,1581215.8805795326,1.0520434648291443
114,331228990.9219235,0.0037322344331256244,1537872.1346751612,1100264.8159093447,0.6988645426256513,330691608.76891524,ok,3075744.2693489436,1.0529331819345824
115,330757301.93083084,0.0014150327172992284,4107900.566275185,24954810.48504212,0.08230678747765796,330588247.881387,ok,8215801.132550359,1.0554664816385664
116,330586446.07232004,0.0022859764923448267,2159737.8340561567,17413736.920426443,0.062012474517252184,330519480.7286208,ok,4319475.668112312,1.0540099203104063
117,330509874.3301904,0.003716602898850269,2676262.735126429,41406898.95091061,0.03231662842343296,330466630.43600315,ok,5352525.470252857,1.0545100566166123
118,330475117.79170996,0.0038264773399629463,1440450.2356870128,1161887.8586015257,0.6198748980046883,330028668.32024634,ok,2880900.4713740256,1.0535633491393268
119,330026196.05432606,0.001708215427790297,3489584.026662512,23619673.32547665,0.07387028555764523,329897307.77006257,ok,6979168.053322222,1.0593344971003242
120,329904751.6233389,0.003571600246523401,1989743.1471079506,8530131.773606597,0.116630270194916,329788719.48290604,ok,3979486.294215892,1.058073846266061
121,329780985.9880078,0.0025567214475513277,1939539.141338638,11840937.444817765,0.0818997292392371,329701562.1227455,ok,3879078.282677263,1.057543905933506
122,329721006.09728515,0.004112708255279325,1251370.7675390125,837324.1045249769,0.7472439648975164,329253466.47033876,ok,2502741.535078025,1.0564638104581334
123,329361488.85373074,0.0009924007450460312,5679653.972930097,29937404.598688878,0.09485882375352672,329092106.2061311,ok,11359307.945860194,1.0577776252939834
124,329100761.9162157,0.0031183200658878884,1709004.4811810802,4691890.208380913,0.18212323874590694,328945137.2006438,ok,3418008.96236216,1.0567490531297352
125,328938716.01804405,0.0034301588339110335,1557190.0728646412,6069899.455694749,0.128271488204281,328838844.4740124,ok,3114380.145729246,1.0571250418514175
126,328850897.2366155,0.004014375173255409,1105334.058789925,829716.6093876996,0.6660913173749896,328482770.52693605,ok,2210668.1175798494,1.0579021220980813
127,328417664.53392404,0.0015483528517843922,2648531.6162189934,12178289.622522293,0.10873988459433788,328273664.022778,ok,5297063.232437987,1.0593399040202378
128,328263802.75030756,0.004377540870682834,1354721.531914047,856162.9504312382,0.7911586989554332,327727902.8879896,ok,2709443.0638269936,1.060522531989843
129,327721728.3931208,0.0024235781701850718,3168799.7400433007,8216521.152330656,0.19283098535835055,327416207.00498295,ok,6337599.480086596,1.0573149132775725
130,327465446.0110093,0.002369832936941148,2286458.4802149665,16466630.709621241,0.06942702853228554,327386075.0019374,ok,4572916.960429932,1.0585297061853982
131,327393764.87052196,0.003894219048957489,1532110.9453060636,1342094.5000775582,0.5707910080912799,326956507.2950325,ok,3064221.890610848,1.05784467783951
132,326962410.2070952,0.0018865386715965435,3668486.9419350666,35854515.968691126,0.05115794820851106,326868574.07460564,ok,7336973.883870132,1.065490048984886
133,326884851.1113201,0.0040043933961854536,1952660.184151107,4573998.400213542,0.21345221546863077,326676451.2901378,ok,3905320.3683022135,1.063307507087325
134,326653643.9819522,0.003485001153782731,1506899.9089462934,2744502.759474799,0.27453058732479846,326446798.9234308,ok,3013799.817892587,1.060605145310646
135,326454605.71084195,0.0020699524676413422,2707256.278805594,30699177.13004453,0.04409330366311462,326394919.77424437,ok,5414512.55760818,1.063482671615363
136,326399573.3944081,0.004331490386731832,1270954.1130193193,1864632.809274785,0.34080546762277386,326182999.3390008,ok,2541908.226038638,1.063074595322826
137,326200136.4988725,0.0015412662265790343,2723891.317691109,20360497.111074947,0.06689157201887443,326109033.812748,ok,5447782.635382216,1.0636497214227738
138,326101621.63794124,0.004746580258906694,1156759.105368792,429718.455651201,1.0000000063775276,325374580.98632747,ok,2313518.2107375283,1.0640951157858183
139,325408238.68928254,0.0013935194567017634,4886367.858265178,37980212.839360565,0.06432781036446984,325251074.01680374,ok,9772735.716530355,1.06667969323136
140,325280553.7502519,0.002841200485844599,2665829.6252711974,9494720.898951786,0.14038483351129913,325093432.72619534,ok,5331659.250542395,1.0658966305766455
141,325114147.9655645,0.004363492820055783,1247658.5664374148,673413.4844940391,0.926368861899779,324536251.94244945,ok,2495317.1328737447,1.0659806192413992
142,324499386.53733945,0.0018383950738427015,4329754.164769235,29355641.654863823,0.07374654275444623,324339734.3370253,ok,8659508.32953342,1.0697126222561035
143,324322308.39658725,0.0037052428269660456,2125514.8069525477,9130865.800315708,0.11639174495802228,324198612.20792955,ok,4251029.613905086,1.0683785458381934
144,324184599.90356904,0.004054000417585302,1418361.317352522,2061409.0283826862,0.3440271430423785,323940622.5076637,ok,2836722.634705005,1.0658939051979264
145,323985196.3451322,0.0024081863148244934,2673108.4249373223,37910105.867886275,0.035255881825454326,323938074.9477641,ok,5346216.849871465,1.067674184630575
146,323929389.53121126,0.004768343327337145,1266552.5515779946,2038369.6591201595,0.3106778365521513,323732644.62790936,ok,2533105.1031559776,1.066536201637482
147,323762235.0751835,0.0030988367721176096,1668911.4060807154,5251267.279455997,0.15890558576306227,323629635.40289855,ok,3337822.8121614307,1.0656544078441534
148,323637599.00544095,0.00475189117410753,1070172.8167343778,679019.1103430047,0.7880284961300889,323215935.66775566,ok,2140345.6334687555,1.0670384632175596
149,323261278.14458525,0.0016164656492530186,3761289.019938276,17642764.58145513,0.10659579462653734,323060809.348635,ok,7522578.03987655,1.0669511654925916
150,323023187.0131372,0.004260991596338789,1480173.4816800177,3093287.8208185467,0.23925569934328544,322846117.0423829,ok,2960346.963360035,1.0671459175583333
151,322843704.40480703,0.00408516774377608,1484458.1778269978,2533334.0545450356,0.2929850832668006,322626242.35338867,ok,2968916.355653995,1.0670359681421502
152,322636661.3923042,0.0035984743565012677,1683391.0555997188,10568745.156737769,0.07964006278108268,322569628.70762765,ok,3366782.1111994376,1.0690701736728112
153,322574962.61076564,0.0053520487498011655,1022768.5863023099,478812.35375122057,1.0000000001123974,322031006.3782072,ok,2045537.1726037909,1.0680935649436893
154,321974447.3020709,0.0019967781268751547,3922314.71734185,28286247.12220269,0.06933253995124564,321838475.2811502,ok,7844629.4346837,1.0726856310310655
155,321824756.9032946,0.003646228958613675,1813138.3476414103,5413657.1239974005,0.16745965861083234,321672943.1389395,ok,3626276.695281199,1.0712178220007917
156,321713843.8681688,0.003575229788623208,1565284.7575033836,8400476.125567075,0.09316643093237283,321640927.87104404,ok,3130569.515006767,1.0736148790743334
157,321634313.40390515,0.007160713407435152,670553.7392422986,760868.2826068569,0.4406503428851534,321486573.5363451,ok,1341107.478484597,1.0730395963457617
158,321462700.66099596,0.004304970641915277,1262899.2031952646,2737235.0412901035,0.23068884917534146,321317032.2790912,ok,2525798.406390529,1.0727943176469132
159,321315404.76079535,0.002944196277114935,1835455.3049953622,20571646.289307903,0.04461128874137163,321274463.7475039,ok,3670910.6099907244,1.0749161078755716
160,321268356.95161235,0.005549002926159535,712801.0627872925,259503.1961719073,1.0000000046612967,320815059.08409363,ok,1425602.1255745848,1.074481314308402
161,320780497.1207332,0.0031919151252324403,2029750.4568056664,7729637.558129779,0.13129661265105771,320647247.44098043,ok,4059500.913611333,1.0749380689298107
162,320644062.68941283,0.005368435680699946,1069871.055913241,930390.8326599535,0.574957866284279,320336497.29965925,ok,2139742.1118256515,1.075356401716081
163,320382331.19937956,0.0034619884590799785,1933898.3162191617,4833333.183055063,0.20005845272565914,320188884.8469438,ok,3867796.632438323,1.0745788334928692
164,320242869.8186589,0.001673818187020169,2488778.336438733,21758342.804174528,0.05719135778946454,320171701.5125099,ok,4977556.67287539,1.0746454337813622
165,320171124.4622636,0.0050853574292716985,932831.5824222779,437469.5939392654,1.000000069670467,319675762.4697472,ok,1865663.1648445558,1.0751896131814362
166,319655293.8361912,0.0022432841825759304,5379657.26198027,108722421.3920568,0.024740330435527372,319588746.58704555,ok,10759314.523960538,1.0833294455327795
167,319577099.7970168,0.0025424426408414847,2963201.5853299033,25596847.823171947,0.05788215810400331,319491341.54568875,ok,5926403.170659807,1.0823988440242633
168,319510271.757789,0.003985945014854512,1911205.2333265566,12111142.3756729,0.07890276466262619,319434872.06941545,ok,3822410.466650908,1.0808738981445654
169,319418573.02593535,0.005343410704635305,1158889.8087525894,5764358.454776139,0.10052201106546169,319360326.0588458,ok,2317779.617505179,1.0797521205573508
170,319349899.4869783,0.0033523913375556346,1273635.0758737423,10009702.210337903,0.06362002830405619,319309385.1371902,ok,2547270.1517474847,1.0794765365234262
171,319311328.0418964,0.005851587750405819,801441.8008735322,408980.84231943014,0.979803597068704,318918700.2622279,ok,1602883.6017470644,1.0787860625706793
172,318903011.2325655,0.0011662932624259745,4145427.0506876446,26446276.965934593,0.07837449210766723,318740563.362732,ok,8290854.101375288,1.0810565673432713
173,318734100.37983143,0.0033242594724595077,1822302.9873554471,19399069.03747728,0.04696882576774482,318691304.66407686,ok,3644605.974709044,1.080209332453519
174,318700470.0963216,0.005089671633582706,1214591.3866568264,2537130.18418847,0.23936323690172157,318555105.83341,ok,2429182.7733125803,1.0793518592657092
175,318578237.86018443,0.004757670432435029,1266172.6326355026,2924217.0598419886,0.21649771660656422,318441176.1182868,ok,2532345.265269967,1.0792552991672366
176,318410150.9878272,0.00578563474105225,1271962.0465458413,9367305.590211708,0.06789369868935247,318366971.88386095,ok,2543924.0930916825,1.0821704944132584
177,318363678.6970444,0.0060943082772575196,804272.853475847,177661.80569731462,1.0000000004580716,317737067.6490602,ok,1608545.706951693,1.0820021738747911
178,317740343.2671788,0.002709552295708751,2753882.4414446116,32334935.482002273,0.042583700885647835,317681708.0140984,ok,5507764.882886488,1.0833607514649417
179,317674232.77060705,0.004871474386199378,1443141.293011385,4872816.709637325,0.1480808102382734,317567382.0046283,ok,2886282.5860213228,1.0821130159530536
180,317554963.0367961,0.004545097645375366,1159804.5934105194,11186782.690073775,0.05183816587586143,317524901.9653477,ok,2319609.1868199636,1.0816063830885234
181,317545725.1460469,0.003854769007959664,1276028.7172355743,8786993.397191456,0.07260894936164543,317499399.59379,ok,2552057.434471148,1.0812398272588322
182,317496368.31277436,0.00629099749091129,954195.4778120439,1886871.8608458259,0.25285116006348934,317375733.59602827,ok,1908390.9556240877,1.0822358437025708
183,317370363.3457198,0.002453690892123737,1823569.3059101892,15487772.09416162,0.05887125968871968,317316685.4346355,ok,3647138.6118203755,1.0825284514231708
184,317307122.5648159,0.0060225626104969485,881504.6957231535,1171491.774838442,0.37623170501761316,317141297.5574894,ok,1763009.3914455418,1.0830278125830022
185,317172621.2322871,0.0025176265523117873,1483312.305542807,6365767.802244713,0.11650694398716192,317086213.14043844,ok,2966624.611084805,1.0813903694424365
186,317073907.2614532,0.005809760928225509,874748.1024004383,1487947.5456350266,0.2939445362057817,316945343.5488247,ok,1749496.2048008763,1.0826398476699444
187,316924244.89670676,0.003941968788613271,968913.3372492653,3196473.289679629,0.15155974247893308,316850820.7687678,ok,1937826.6744985306,1.0830361274007316
188,316859480.6546665,0.005892671682008984,807645.701723757,373210.0198290722,1.0000000000000004,316425044.9727718,ok,1615291.4034475065,1.0836739370684976
189,316479182.5478813,0.0014258255298765959,3455772.027349732,12486734.000434456,0.13837773861561772,316240081.5887234,ok,6911544.054699463,1.0828282642769151
190,316233355.5297624,0.005088204038639421,985700.204697505,5530837.74045489,0.08910948494182683,316189437.91098857,ok,1971400.4093950097,1.0843351972551556
191,316175579.37305653,0.0065275022499213485,866319.9991335209,690704.4774309185,0.6271278292243058,315903932.6828214,ok,1732639.9982670415,1.0840215472464916
192,315921241.5560578,0.0033541984488831677,1945062.525378107,5965629.389567647,0.16302240705561777,315762697.1686774,ok,3890125.0507562137,1.085889028363626
193,315763785.6450428,0.005967780240251439,848214.8167986888,435782.7537321025,0.973208335500272,315351040.78004116,ok,1696429.6335967032,1.0864853651430861
194,315371278.0924092,0.0024348784624901873,2791515.9692308665,19116254.59037144,0.0730141973165839,315269367.9435143,ok,5583031.938461731,1.0872718646170565
195,315270220.42292726,0.004341769975456654,1733552.921835887,6872651.739069396,0.12611965422175037,315160902.87538874,ok,3467105.8436717736,1.086239774705434
196,315165197.8725835,0.006037224421153055,907312.5908927231,1334130.2720983415,0.34003897890184565,315010937.0491075,ok,1814625.1817854461,1.0864358233256262
197,315003589.78369415,0.0036760496232576385,1404423.2861436172,9863885.497162279,0.07119016570841444,314953599.2204615,ok,2808846.5722872345,1.0865589930668653
198,314947304.7965521,0.00644412549758507,823618.7937994886,948734.6621090577,0.43406171751360184,314768554.10244554,ok,1647237.5875983196,1.0867449323396396
199,314750316.79674196,0.0035954168498674136,3090095.58450863,132608253.8290279,0.011651218892048365,314732315.10671574,ok,6180191.169012518,1.0892224574872635
200,314724792.5366293,0.005853900004418393,594037.7287954825,2383349.1928021964,0.12462247046918233,314687777.3119721,ok,1188075.457590965,1.088556274154203
201,314694250.6609752,0.008154392977215508,516327.202923247,2407681.3975285026,0.10722498488655093,314666569.0727103,ok,1032654.405846494,1.0885021964056056
202,314663328.7011026,0.006809488490488483,448359.3515164107,829770.3568120798,0.27017074533668345,314602761.9110137,ok,896718.7030324406,1.088022973720097
203,314591733.5087595,0.004505858905091848,1111999.316056367,14180383.867837828,0.039209069599958596,314569933.2794703,ok,2223998.6321114693,1.0888138612542893
204,314566004.1772461,0.007149913709571757,667910.104830187,190477.67958586302,1.0000000000144498,314088571.7519976,ok,1335820.209660374,1.0887250266563324
205,314082808.3789643,0.003492009418502375,1928275.9822972994,10134440.841044508,0.0951347988774959,313991085.30508626,ok,3856551.964594594,1.0886609735786976
206,313983726.8896164,0.006037200762073332,893241.6108840784,1285140.3965774772,0.34752685903536906,313828514.16392124,ok,1786483.2217673715,1.0889642549125504
207,313815658.05491495,0.002515867974276983,1693351.2030238635,21315545.541873656,0.03972103833085889,313782027.2208935,ok,3386702.406046006,1.0901625646446433
208,313783494.48151743,0.006947105421619172,856026.8335416265,1289560.879634269,0.3319063283714078,313641434.11986333,ok,1712053.667083253,1.0899703738441566
209,313618683.7944534,0.005060819844959385,1200362.4047980607,4254971.982270525,0.14105409034415392,313534025.78090733,ok,2400724.8095950694,1.0893662371423698
210,313518140.92627615,0.006062183524082376,839315.2315425905,5568213.140432158,0.07536665806200174,313486512.73424524,ok,1678630.4630851808,1.0901773335781506
211,313488150.88701904,0.005199928256935922,846527.5903571036,7159660.628308758,0.05911785727734059,313463128.438385,ok,1693055.1807134482,1.0907639161156713
212,313453110.07103974,0.007526576751851888,609051.983433418,150428.37615751935,1.0000000000034526,312994486.46376276,ok,1218103.9668663777,1.0909744794772163
213,313000718.8712277,0.0037446148638997996,1944481.1150882365,13677755.75331513,0.07108187739852516,312931610.1871144,ok,3888962.230176453,1.0927435700954895
214,312928798.0701671,0.006237505523129179,936270.1558955292,1579519.8255071638,0.29637809566426454,312790053.08725137,ok,1872540.3117901753,1.0932463022992227
215,312784785.68770903,0.004411710739310339,1375049.0872863964,16495934.747311542,0.04167842284628635,312756130.7490619,ok,2750098.174572793,1.0950023320726032
216,312754757.9419906,0.009805474694959047,389730.12802281056,1025535.5763213444,0.19001297323140906,312717731.0517989,ok,779460.2560456211,1.0943058952149478
217,312723961.56823075,0.0034813027227719572,2388367.747989089,163449456.24741074,0.007306135495409224,312715236.69904095,ok,4776735.495978178,1.09469105969817
218,312717580.6215384,0.007045769618608744,620924.3172864398,640270.625582193,0.4848920850631233,312567039.97810066,ok,1241848.634572388,1.094432654900678
219,312561773.58137816,0.003334555012966304,1945163.231303044,17743321.353942927,0.054813954853801625,312508462.5366062,ok,3890326.4626060873,1.0965665636341289
220,312524155.04814124,0.005208707668793421,944131.9602864364,5868960.0252893185,0.08043434920481453,312486184.7282467,ok,1888263.9205728727,1.0949396669285854
221,312481506.09453595,0.007921578682038499,663090.6616213816,310049.0330536395,1.0000000001105864,312128464.4659635,ok,1326181.3232427544,1.0954024274921057
222,312143564.2452997,0.0014763177558753781,3434349.250509681,26464578.369381346,0.0648857730241248,312032144.04232264,ok,6868698.5010193605,1.0949340278729327
223,312031328.60569906,0.0046209234141117396,1087665.0093785708,6854636.218397807,0.07933790902420786,311988182.07191765,ok,2175330.0187562,1.0950425496011142
224,311987644.1981751,0.01245537708077343,765614.2464652217,6895049.7335277535,0.05551912430321994,311966391.08191615,ok,1531228.492930442,1.0957102537430146
225,311974484.51794493,0.005167090528098811,1135676.3891348848,17737566.819883134,0.03201330827015786,311956306.13877463,ok,2271352.7782697696,1.095546597849781
226,311949219.78493696,0.007160925577490867,731043.291148141,913751.9281388232,0.40002284462324883,311803002.7765031,ok,1462086.582296282,1.0955149426254547
227,311828740.149128,0.0031045133194212695,1928705.4217658725,17298753.23443309,0.05574694880110762,311774980.4279282,ok,3857410.843529703,1.096433803114861
228,311783587.03154993,0.005121630183289908,961104.1440203078,7202600.7319553355,0.06671924349188454,311751524.96084696,ok,1922208.2880397078,1.0962061416894162
229,311748503.54973066,0.006971454689606089,776441.464394928,3810366.5689737895,0.10188540266928173,311708949.52410614,ok,1552882.928789856,1.0960834076701769
230,311701686.62001854,0.0041313562557745,1006380.5009312519,11924985.237280233,0.042196299655997735,311680453.8534259,ok,2012761.0018625038,1.0963413738958705
231,311683513.3110398,0.006902532944208788,729071.265836891,8270471.117920586,0.04407676754091602,311667445.7586873,ok,1458142.5316730454,1.0968622394945573
232,311657335.329018,0.007246864755683007,636248.130806681,1388456.372034628,0.2291206780499449,311584446.5274488,ok,1272496.2616133615,1.0968170523649983
233,311603466.898437,0.003094833848426048,1472081.9822109398,12155890.426319063,0.060550150198116846,311558899.5058736,ok,2944163.9644201417,1.0975643770348977
234,311550233.8108601,0.007873017605456119,549044.1185764628,186581.8397234197,1.0000000242879639,311187771.5277353,ok,1098088.2371529255,1.0973154281156017
235,311161233.43562025,0.0033819681772520194,1775254.6642569927,14173467.40860469,0.06262598322197567,311105644.90121096,ok,3550509.3285139846,1.0972616362362562
236,311103953.78223646,0.005817937658943314,984282.0773750882,4332936.220354098,0.11358141769447166,311048055.70535666,ok,1968564.1547501765,1.0977217334362912
237,311042221.55357563,0.00617155568007583,809277.4268143417,6359744.4837520635,0.06362499538164555,311016476.41730386,ok,1618554.8536286806,1.0976347631448702
238,311007900.21613675,0.0059851670974350535,1597729.8184930282,145038418.48167765,0.005507953807062732,311003500.1051186,ok,3195459.636983301,1.0985789865666522
239,311004043.54625756,0.007858575724377665,650639.9819039947,1868343.1351344234,0.1741221860344145,310947398.1182723,ok,1301279.9638079894,1.0984787216726781
240,310936535.4785827,0.0028446554585860396,1013287.8667421079,8536840.452214459,0.059347944500899086,310906467.20254326,ok,2026575.7334841976,1.0990714627304117
241,310907515.157461,0.007734594115118493,457305.6387989462,53303.024639736046,1.0000000062257737,310503512.5411184,ok,914611.2775978923,1.0991883461540857
242,310501201.4019762,0.0057083684081716225,991004.8690667133,4346332.677599258,0.11400471875683768,310444711.7862839,ok,1982009.7381334263,1.0977944678854605
243,310451248.1563722,0.006582904513714541,705271.7766165549,4225880.8782288795,0.08344671761218023,310421821.8489806,ok,1410543.5532331094,1.098210829302941
244,310419121.15446705,0.0070374903731964126,701154.1069253362,3909871.4851413923,0.08966459762039729,310387686.80403334,ok,1402308.2138500202,1.0976221838467115
245,310403202.4673681,0.005097902630276316,948142.8904460885,12693586.836406147,0.03734731966093084,310385497.16956127,ok,1896285.7808921766,1.098379869813697
246,310385713.29121584,0.008212894329306952,487058.8136819986,183562.2578768701,1.0000000000000007,310082216.7354107,ok,974117.627363625,1.098259972027126
247,310100075.6510255,0.003465906484541045,2312216.428939837,14731964.753799604,0.07847617298783857,310009348.7027941,ok,4624432.857876922,1.100963720512759
248,310010944.30050004,0.005599538561084184,1115927.9596077865,4566206.646212961,0.12219420254811453,309942764.33693737,ok,2231855.919214599,1.1000531250852763
249,309931945.05597603,0.006552624874231361,691418.0071951201,3382419.7216372234,0.10220760048969421,309896610.96825063,ok,1382836.0143902402,1.100202894458973
250,309909458.9943178,0.007731553833372509,546593.2454815636,382960.0909794689,0.713642567928661,309714422.89065886,ok,1093186.490963127,1.0998563742410283
251,309676016.47864544,0.0012059087258483544,7051955.157094457,212731174.5041729,0.01657480426536198,309617574.09043694,ok,14103910.314188914,1.1004047695486392
252,309615901.97293395,0.006453144926663445,1000670.6552361657,7254749.459553311,0.06896658946081503,309581395.5518014,ok,2001341.3104712714,1.0997739922968641
253,309573636.00239515,0.0075819887885545025,625277.7622440194,756908.689422827,0.41304702336078253,309444501.4431609,ok,1250555.5244880386,1.0999931872463957
254,309430527.32809806,0.0033353555871539465,1508513.650109259,18410594.76866989,0.040968628908077495,309399626.46013105,ok,3017027.300217199,1.1007649925002365
255,309411000.74053085,0.00467432517988456,1181341.5568152154,18723073.2785914,0.031547746976080086,309392366.40826744,ok,2362683.1136292163,1.0998060624694705
256,309393998.4765959,0.007469799825117421,588602.627221955,799829.7350499311,0.3679549543036245,309285708.8501947,ok,1177205.25444391,1.0999596312163824
257,309296271.5829837,0.004952523280998858,1461755.6721340178,13184329.043724237,0.05543534552597563,309255755.117604,ok,2923511.3442664244,1.1010678985899105
258,309252659.31473756,0.007850824182257674,601503.2824599547,2169799.904564226,0.13860800740074652,309210972.7290242,ok,1203006.5649193516,1.1003917431623567
259,309204832.0953548,0.007617834931649198,657755.0975621061,1966309.4174284814,0.16725625472066122,309149825.26828396,ok,1315510.1951242122,1.100997338709881
260,309153901.04363686,0.005289025606589486,986249.8413902406,10484244.83459523,0.047034853580292094,309130706.98519516,ok,1972499.6827804807,1.1013725330010207
261,309132450.811068,0.00852338609828541,448491.01820416347,218487.14166827942,1.0000000000000304,308902446.93453217,ok,896982.0364083105,1.1012409765560331
262,308916539.52263135,0.0018861713069876235,3533621.0271644057,34712199.357959144,0.05089883517211051,308826610.9255202,ok,7067242.054324321,1.1035514698229658
263,308821760.5342057,0.004324933507668518,1399321.5813811487,18139002.860794306,0.038572174890761125,308794773.095823,ok,2798643.162762297,1.1033490476727899
264,308792813.28461194,0.011355733752118386,940736.1066694743,26278570.72327751,0.017899301232470986,308784394.02513516,ok,1881472.2133389353,1.103979870444789
265,308783714.97662807,0.009393567690909033,375693.1547273304,1135875.49209423,0.16537602815721444,308752649.65576077,ok,751386.3094543498,1.103959433082009
266,308759682.7502254,0.009120798039333284,1142822.9650655673,119352847.16896728,0.004787581495427914,308756947.0711854,ok,2285645.9301311346,1.1054186190282351
267,308757240.90692604,0.0062151016904775725,750295.0723445046,7688355.125540654,0.04879425183236076,308738935.86357176,ok,1500590.1446883653,1.1050732288979175
268,308738640.4115646,0.009336742314398246,487621.7570773987,272943.6450303343,0.893264536390297,308520852.80017984,ok,975243.5141544575,1.1047986958482525
269,308486322.70228404,0.003985403283616914,2007463.203588874,15923387.81406164,0.06303505343932281,308423052.4271262,ok,4014926.407177747,1.106954568185147
270,308433561.0457796,0.007612631616325031,863309.2203138269,2785041.5930699976,0.15499036396116922,308366658.7406459,ok,1726618.4406268864,1.1067788623519794
271,308386617.7171831,0.004963137993447977,738414.1073320541,6677704.264580265,0.05528951852875054,308366204.43694854,ok,1476828.214663268,1.1066234455860018
272,308365782.50243795,0.006229064410766543,1497777.899691905,152507726.1050068,0.0049104984316028465,308362105.0844243,ok,2995555.799381145,1.1063139453403963
273,308362309.16077554,0.009288035523915158,327027.3117107434,1072728.7128859318,0.15242777963449447,308337385.13727355,ok,654054.6234214796,1.1061828144940193
274,308341697.0421175,0.011629730131411577,186150.46084259124,114331.18000701594,0.8140844030087335,308265925.94872504,ok,372300.9216851825,1.1075080302859197
275,308268527.0764085,0.005435798717618807,884687.5153832913,11390675.74543255,0.038833846874187186,308251349.16665655,ok,1769375.0307665821,1.1075593580596248
276,308252915.1468301,0.007641026114469197,430141.5498889933,2343490.7860723943,0.09177368062323278,308233177.31021893,ok,860283.0997779865,1.1082984280216328
277,308226742.77092487,0.012396394422955632,182771.2946044905,160385.21169503086,0.5697884882055907,308174672.28110486,ok,365542.58920881915,1.1079450618295148
278,308178921.9331014,0.00358126494832124,936767.3115263063,12397142.267323202,0.03778158269569386,308161225.6572779,ok,1873534.6230516534,1.1088526108045036
279,308158616.1776384,0.00802207275051867,439054.84917927295,9488505.162717147,0.023136144295122264,308153537.1594663,ok,878109.6983585458,1.1085438340994926
280,308155310.26045585,0.012866572625295931,213457.87136861772,511883.3578910618,0.20850245283227736,308133057.0155775,ok,426915.7427370272,1.108633857375569
281,308132762.7885027,0.006935590260188853,373078.5403787853,5696511.425862512,0.03274622944535719,308126654.33076054,ok,746157.0807572157,1.1079740734942902
282,308126813.5788332,0.012034835809996315,285316.98781860445,4948600.125407369,0.028828050417098225,308122701.01257837,ok,570633.9756372089,1.1079892597997212
283,308124261.2472983,0.010705431830102467,809639.4716180197,143038606.61854467,0.00283014317168639,308123115.54948723,ok,1619278.9432360388,1.1082079328153247
284,308123003.5497259,0.014432810469914185,151200.84707997483,142814.15899007305,0.5293622430339163,308082983.53994644,ok,302401.69415994966,1.1083078022752275
285,308087726.39100057,0.00587037781438907,512590.20873103885,5932942.570961617,0.04319864911889394,308076654.7887162,ok,1025180.4174620777,1.1087325057053041
286,308075151.80918396,0.012668035842538042,162519.94039987994,318113.5724619915,0.25544326691577735,308054394.4969266,ok,325039.88079963543,1.1089577751885136
287,308057053.6920244,0.008636529509326373,285063.09312691574,4342737.563630108,0.03282066771824805,308052375.7114953,ok,570126.1862538315,1.1084769051848449
288,308051806.1556971,0.011961994640386895,158577.84604411875,426871.3382738712,0.18574431195750452,308037078.6892445,ok,317155.69208811445,1.108341787505509
289,308039154.5223999,0.008934192623079464,385991.94810225366,6584314.843875841,0.02931147410586463,308033497.525904,ok,771983.8962041663,1.1098783358309667
290,308037629.20544946,0.01109034626246998,267876.6234198812,3590115.438382397,0.03730752228131399,308032632.298901,ok,535753.2468397622,1.1094789449017535
291,308032004.83933955,0.014523424671589147,105898.43968746116,39725.789372438085,1.0000001968989571,307965832.1838172,ok,211796.87937482746,1.1094298814588495
292,307967433.74488926,0.005023279460676966,1839862.6095010745,289870765.5963835,0.003173591179013378,307964514.2590152,ok,3679725.218998908,1.1103645637741089
293,307964951.48178995,0.00884365682861628,333031.0033841307,2107586.760718488,0.07900766165151811,307951795.48137254,ok,666062.0067679016,1.1101397403990685
294,307950189.2046366,0.01418009914561983,155662.70131702337,406931.5596492907,0.19126398238954417,307935302.87055486,ok,311325.4026339229,1.1107112842929006
295,307930150.20659703,0.015293182103539776,114537.249522443,324812.10560048505,0.1763130861620694,307920052.99862516,ok,229074.49904488598,1.1107899428850594
296,307919839.1947799,0.011100699848708739,220085.7625565639,4801595.279684494,0.022917983476006897,307917317.23384506,ok,440171.5251131278,1.1112908035055522
297,307917182.8689203,0.01749791834370079,100608.90050954878,216014.0158483252,0.23287586250929104,307905468.1766792,ok,201217.80101902838,1.111287688251192
298,307926216.56173784,0.003954941724173476,336936.5336412413,3024616.003236337,0.05569905953032045,307916833.03771526,ok,673873.0672820772,1.1123388075066583
299,307916645.8725562,0.042189374457206864,181448.1927558881,3034425.5198310683,0.02989827754381489,307913933.37834275,ok,362896.3855117762,1.1118170148079223
300,307911924.4057891,0.01703707032328982,101150.3417476182,192624.6447213575,0.2625581526547081,307898645.4823542,ok,202300.68349515827,1.1119629019378898
301,307896975.32645786,0.006512216521763632,1292944.2814586444,154990142.52995735,0.0041710532694320766,307894278.85672164,ok,2585888.562914687,1.112132015483719
302,307893922.49350715,0.01576367911104875,76400.29283957506,29729.018288128755,1.0000184124978835,307847250.9070165,ok,152800.58567915013,1.1120181897820807
303,307847755.35389465,0.005815406148412776,423780.8103548604,11612229.4215452,0.018247176961926976,307843888.95217484,ok,847561.6207091808,1.1127067533880446
304,307843313.8690975,0.013893144195797654,143112.7031910686,228628.87439051946,0.3129803782933794,307820918.13510585,ok,286225.4063821372,1.1121638806112273
305,307821251.86979115,0.012325287188207495,159317.28171572043,1096403.345804879,0.07265450362100284,307815464.31078047,ok,318634.56343144085,1.1113351952024146
306,307819106.3538093,0.009399749162324018,136537.52322457184,768223.1002395609,0.08886580160242141,307813039.5955842,ok,273075.0464491437,1.1121697891907072
307,307814385.77572376,0.013796463675910201,196365.40046070665,2604272.054946154,0.037700631177867996,307810684.22595435,ok,392730.8009214133,1.1121565660878083
308,307811303.9325592,0.019079911188424097,106920.62107732198,170653.58342314552,0.3132680220731318,307794556.5268173,ok,213841.24215458127,1.1119931667789977
309,307793086.8786879,0.012171253949497276,158002.3648296839,764745.9056420601,0.10330383181131868,307784925.7538268,ok,316004.7296593678,1.1122445066190592
310,307786799.84219486,0.014542789765219078,92831.0025064944,107864.80397999554,0.4303118305564747,307766826.7028844,ok,185662.0050129888,1.112071534490088
311,307772994.41451395,0.012757348323070706,217582.9434814455,1287001.9664290478,0.08453092891736495,307763798.1703494,ok,435165.886962891,1.1137259064960006
312,307764859.6392645,0.01832288902538593,121252.6844357544,413947.9784955935,0.14645884354408698,307755980.375295,ok,242505.36887140284,1.113173197942504
313,307761370.51528776,0.006538384217341285,435460.58897407056,8266095.167850516,0.026340163047463807,307755635.4638306,ok,870921.1779481411,1.1133401813912798
314,307755541.7147362,0.014904288375773478,706090.8131468636,63306106.769576214,0.005576798583720507,307753572.85161287,ok,1412181.6262937272,1.1132909511071496
315,307754085.09357226,0.009470925877706381,185871.57373054678,5187479.294040103,0.017915403917283555,307752420.1114122,ok,371743.14746087557,1.1131621301465735
316,307751735.2108427,0.018522226894131195,76655.51725828879,51256.85704376077,0.7477586578596089,307723075.29749143,ok,153311.03451652022,1.1132382534640035
317,307723145.5685817,0.011596765571141709,277198.8062478041,3181435.707663656,0.043565049197767686,307717107.4787658,ok,554397.612495608,1.1134459470370688
318,307718906.0411846,0.03056669310250356,306571.78584936704,32462324.129371647,0.004721962984344417,307718182.23087215,ok,613143.5716987334,1.1134900681689919
319,307718586.72303724,0.013459404838044309,198667.35452839427,2183616.247116251,0.04549044613282218,307714067.9897425,ok,397334.7090566363,1.1133763608622163
320,307714050.21588075,0.01115335694188651,688312.6584226505,157773833.6358852,0.002181327038078942,307713299.4983745,ok,1376625.3168441781,1.1133743045472313
321,307713495.3050188,0.01799952244392745,125796.37331665301,1214022.747147615,0.05180972663494798,307710236.5671622,ok,251592.7466333048,1.113291618323684
322,307712878.71927625,0.014899955419917222,110458.67630789866,452582.09102201427,0.12203164740617828,307706138.9921562,ok,220917.35261579556,1.1129520378817102
323,307706766.5761231,0.0199320219978195,72162.30306355073,84720.88579516186,0.4258826048987775,307691400.241321,ok,144324.60612710146,1.112871026898171
324,307688240.5618006,0.013181831525668623,316773.5593010659,9462092.917100135,0.016739085214888594,307685589.3119991,ok,633547.1186021313,1.11294405061619
325,307685061.1809543,0.014815065171683984,104704.09380879605,198058.0707229545,0.2643267538318525,307671223.1343396,ok,209408.1876175921,1.1128376668915525
326,307668238.16699505,0.01762205939038704,103909.73669805464,700044.7892471463,0.07421649178319215,307664382.2589351,ok,207819.47339602286,1.1126628247097283
327,307665476.72577405,0.018677924869931153,56333.31175951846,33727.445133612644,0.8351256897217052,307641954.0278553,ok,112666.62351903688,1.1125208644659619
328,307635191.46899164,0.013060578271953801,609140.4758919519,24085952.85391853,0.01264513967096077,307631340.13579315,ok,1218280.9517839039,1.1132562820573337
329,307629468.473206,0.012411330491630967,202394.56889983403,4548603.478897665,0.022247989942276034,307627217.0370394,ok,404789.1377993651,1.1128076371672293
330,307627592.4785571,0.017178507690285286,77007.82306378652,123180.56886842188,0.3125810498003308,307615556.885469,ok,154015.64612757304,1.112846364536372
331,307616469.8895994,0.016660527244122002,70365.7623148213,155145.66292614915,0.2267732174644034,307608491.3544396,ok,140731.5246296426,1.1132738619687892
332,307602621.7771281,0.020329396920046316,69660.02398634465,245490.24532845657,0.14187941336150078,307597680.11545914,ok,139320.04797268927,1.1130026013235028
333,307594935.79151225,0.014362866661210288,521314.9380553931,117369517.90750949,0.0022208276362956697,307594356.9162014,ok,1042629.8761107861,1.1129859030714755
334,307594634.2848502,0.019678160114691576,50201.292581418085,49570.03639080431,0.5063673161911465,307581924.1379533,ok,100402.5851627927,1.1129409108788773
335,307585439.5794273,0.011966973858517655,218742.17468173266,6187405.913897158,0.01767640411229762,307583506.29188925,ok,437484.3493634653,1.1130489334587645
336,307584914.15613306,0.014558068196691795,569785.3581073047,135980518.54063442,0.002095099225324098,307584317.2777019,ok,1139570.7162146093,1.1131743690262663
337,307584343.9181471,0.013642045920878074,88449.11713782854,363426.7025737981,0.12168769728727886,307578962.33345133,ok,176898.23427565707,1.1131419349148182
338,307574664.34199315,0.02091194704503237,42062.002201038355,27921.722748184835,0.7532128762322298,307558823.5211642,ok,84124.0044020767,1.1130377215059752
339,307559151.2672683,0.004991104843386674,1905696.2827310828,225593757.82340336,0.004223734515347001,307555126.68968576,ok,3811392.5654583885,1.1131917445666124
340,307554786.13353896,0.01310175599224576,97363.90184004445,1121259.9484870445,0.04341718527065066,307552672.50025654,ok,194727.8036800889,1.112654673961785
341,307553299.9160007,0.021707413931561066,61021.692229254884,38976.12458101949,0.7828086153410324,307529415.7628008,ok,122043.38445850977,1.1124702582604584
342,307527274.0269467,0.018082226702130687,488518.743612286,120493699.52571689,0.0020271547206832247,307526778.87540805,ok,977037.4872245719,1.1137970349231745
343,307526826.3310346,0.014812884469992483,112498.94299718557,311592.17836886714,0.18052273260853127,307516672.0227319,ok,224997.88599429565,1.1137063555876265
344,307514301.72541606,0.08339130451675905,103850.27689620617,12008143.15408151,0.004324160511898459,307514077.1927828,ok,207700.5537924123,1.1132934671034151
345,307513517.20754504,0.023426849132192982,61075.06203707995,124275.39446019758,0.24572467583935462,307506013.3826346,ok,122150.12407412875,1.113334389673093
346,307510897.45352864,0.033196069045286186,267679.72919948073,73938670.97514388,0.0018101470155547372,307510655.18369716,ok,535359.4583986113,1.1131286107865765
347,307509889.96887946,0.017760490027443763,68245.33483036206,284252.0367207236,0.12004370420292328,307505793.7574856,ok,136490.66966072412,1.1131279168204298
348,307507336.23666596,0.01101912097437155,191882.75971461617,7385489.960544332,0.012990523359974472,307506089.9079298,ok,383765.51942890533,1.1132470003005706
349,307505876.19644517,0.021742096318107782,41226.67117201019,22547.24268095905,0.9142286654595188,307487030.8941617,ok,82453.34234402038,1.1134297960470327
350,307489342.7073197,0.008675065684271826,357747.2709837977,8597248.334047621,0.020805917026207894,307485621.07730144,ok,715494.5419675952,1.1148493750561252
351,307484383.7589525,0.013401235393105245,102275.85399441754,321551.393335375,0.1590350036016557,307476251.03854835,ok,204551.70798877196,1.1147386172329803
352,307476727.0902688,0.014965546038197941,70618.27207084259,123263.65466271105,0.28645212680119236,307466612.7131559,ok,141236.54414168518,1.1142463845532014
353,307471409.0016781,0.0120802775408192,217119.43329189206,6337828.855518571,0.017128849503630767,307469549.4986295,ok,434238.8665834829,1.1144838224147948
354,307470858.21791047,0.01438745422221245,57051.436897625055,119632.85099028646,0.2384438572907425,307464056.43557155,ok,114102.8737952501,1.1141631172312518
355,307465853.2533867,0.008933204403236283,222593.33891322892,6404365.285359014,0.01737825131727717,307463919.1118941,ok,445186.67782610643,1.1135761667586968
356,307465151.0896459,0.01003921544622011,796632.2643994711,139548216.71739513,0.002854326207595917,307464014.16547084,ok,1593264.5287989373,1.113757676257026
357,307464303.2566952,0.016155895439369978,122599.63576883607,3631739.1089797253,0.016878915595244716,307463268.58224314,ok,245199.27153753006,1.1136445548057399
358,307463687.6059086,0.01960214268017454,65812.78289395018,247107.28537615907,0.13316641553843034,307459305.5797113,ok,131625.56578790036,1.113746658910804
359,307460782.91000164,0.015016954457178246,532680.3590515745,137966672.07676244,0.0019304675217330738,307460268.74893534,ok,1065360.7181031485,1.1139634748825271
360,307460490.9626474,0.023081775176589672,33658.253854568386,7418.3583832426575,1.000000024615836,307434251.06671274,ok,67316.50770911004,1.113831449042852
361,307438093.89612454,0.006323076516986924,369990.782961481,10099313.484891644,0.018317620475638233,307434705.22075367,ok,739981.5659229617,1.11366631647435
362,307434708.60460794,0.06421559953676072,141193.4518191642,20546917.192877337,0.0034358792244539105,307434466.04278404,ok,282386.90363832837,1.1137141624740607
363,307434624.78560907,0.02417972437474949,85891.70634154115,1812349.5311320482,0.02369623101562826,307433607.13075113,ok,171783.4126830823,1.1137083934350596
364,307433257.5199403,0.016953952964428917,82298.00649495138,1250557.591354338,0.032904524775153966,307431903.5315435,ok,164596.0129899021,1.1136830618904199
365,307430876.8379856,0.02571683593139112,43114.08294957561,55439.04554583706,0.3888422187384958,307422494.5501491,ok,86228.16589915121,1.1136936493812222
366,307423313.7850357,0.00933967270001691,118885.74572996011,611134.6006801461,0.09726641692161543,307417531.98978066,ok,237771.49145992022,1.1139287790213608
367,307418579.9432073,0.019920894446135793,56544.98995363465,175726.50414374878,0.16088919036191432,307414031.204381,ok,113089.97990726927,1.1139322915136436
368,307412413.6653378,0.020043335201014627,39713.614891612946,87542.7309246298,0.22682417187672907,307407909.6614328,ok,79427.22978322589,1.113866901700689
369,307403887.40980387,0.02271575859653986,30106.421379472515,25359.067756108125,0.593602684235522,307394951.7835321,ok,60212.84275894503,1.113855315501958
370,307395796.2563954,0.013267782051168936,61576.61411039543,273568.70387385774,0.11254323546232164,307392331.240705,ok,123153.22822074954,1.1132624835037692
371,307390324.34619206,0.026570373432943984,81781.84296542389,3089315.8399672015,0.013236238572209591,307389783.1041999,ok,163563.68593073852,1.113650973821425
372,307389134.2117131,0.029310174282311585,76474.99583729306,2906960.587260568,0.01315377239244939,307388631.24436855,ok,152949.99167458605,1.1135533731994407
373,307391858.29515016,0.0074710541195622815,168444.95485370347,2464573.8780304985,0.03417324113414526,307388980.14012015,ok,336889.90970740694,1.1134024602467525
374,307388342.15127826,0.025615483462841038,33393.21486790276,29871.184665619036,0.558953641137934,307379009.52175844,ok,66786.42973578046,1.1134974705841767
375,307379779.64161766,0.01700495357079251,92401.901247471,766201.9653032232,0.06029865846852996,307376993.786275,ok,184803.80249484742,1.1134002382116188
376,307375025.3008797,0.01789637222767999,70068.93504769518,923471.4330434551,0.03793779241051953,307373696.1705236,ok,140137.8700953902,1.1134228424785988
377,307374147.84639955,0.031944356859852516,50105.31069909876,160663.76939816005,0.1559322020353164,307370241.33068407,ok,100210.62139819749,1.113253715599292
378,307370882.9561408,0.011633720979184968,701572.2675232807,144640269.33095315,0.0024252314751917557,307370032.21856815,ok,1403144.5350451954,1.113938524257481
379,307369970.5991619,0.012951026380387693,88751.798104379,1839969.7372544683,0.024117733109244234,307368900.3530721,ok,177503.59620866526,1.113890205042381
380,307368983.780999,0.02568863659269285,36711.19467842016,110384.16662246335,0.16628831743586933,307365931.45960194,ok,73422.3893568403,1.1139789328656402
381,307366752.89055353,0.03787581214088663,57447.06833071545,250420.5981076353,0.1147011642908537,307363458.2677422,ok,114894.13666143088,1.1142771798289903
382,307364445.1820906,0.016676509852138033,66455.78104216371,588249.3647643204,0.05648606273360698,307362568.26938206,ok,132911.56208427896,1.1135223310587659
383,307362512.10985005,0.024278566115432606,73508.48224567348,3024989.6756737456,0.012150203823307462,307362065.538329,ok,147016.96449123512,1.113623218050538
384,307362211.5233975,0.02253528942601815,29985.727138928363,20564.074314658817,0.7290804020668572,307351280.52039814,ok,59971.45427783348,1.1136881148223612
385,307346944.2855005,0.04205035452492549,207519.5711153682,17348846.553309742,0.005980788707701678,307346323.7201467,ok,415039.1422307363,1.114277127156857
386,307346163.4223266,0.021966825935076578,40784.259811677184,134622.55725525675,0.15147632255397764,307343074.49747944,ok,81568.51962335428,1.1142667421077412
387,307343121.82590973,0.022364309504465416,52614.58591460304,285262.03702594043,0.09222150003405205,307340695.7278914,ok,105229.17182920608,1.1140042736644045
388,307342652.1107663,0.031107942489053162,32865.406319558126,40344.04256717599,0.40731424304882996,307335958.8367175,ok,65730.81263911625,1.11411926159513
389,307337156.82679605,0.015085368177478667,147194.17831722507,3838130.3647735603,0.019175244758252125,307335745.58459795,ok,294388.3566342662,1.1138752900576243
390,307335059.8805618,0.025292983753696388,316353.06027032435,127460934.1248276,0.0012409804715557283,307334863.5865769,ok,632706.1205406482,1.113732675179504
391,307335059.8805618,0.02825423786090348,25090.45744944244,20790.030074150283,0.6034252321895192,307327489.7730058,ok,50180.9148988692,1.113732675179504
392,307325072.1806717,0.01406264487741598,103903.3802854928,4471386.583454527,0.011618697952662661,307324468.5696758,ok,207806.76057083425,1.1135454373956017
393,307324506.41865766,0.02704134812188153,25463.645878985986,20880.673162634546,0.6097419772019744,307316743.29176515,ok,50927.291757971965,1.1135775110361692
394,307319517.96176195,0.022244615830102666,385416.5559711568,127690807.6245355,0.0015091789422479144,307319227.1304868,ok,770833.1119423135,1.1143698972000182
395,307319126.94803816,0.01686727530097215,81670.91307893934,485637.30736337346,0.08408632516553126,307315693.2445613,ok,163341.82615787865,1.1142166506873927
396,307316449.7982447,0.00975397292140957,188334.16414783624,6085791.379127723,0.01547326817624417,307314992.7257304,ok,376668.32829537976,1.1138244544348535
397,307314942.9157914,0.022547566000405913,26605.8596098426,34391.18895299363,0.38681215188878565,307309797.18088716,ok,53211.7192196852,1.1139056625982633
398,307310119.6088984,0.028280254521634098,37810.1977007557,124807.88107383897,0.15147359836349752,307307255.9855481,ok,75620.3954015114,1.113870310143069
399,307306277.0243517,0.03850482962074543,40271.34247125759,186523.7337215614,0.10795232774874047,307304103.331771,ok,80542.68494251517,1.114116834718816
400,307305377.6121445,0.03226175537262562,64358.59017993044,879921.899953356,0.03657062642908538,307304200.79516494,ok,128717.18035986087,1.1137360053209608
401,307302973.8059554,0.022296905216147172,32059.890297238562,53005.756536600624,0.30241894835611977,307298126.0468014,ok,64119.78059447712,1.1137668496808546
402,307296118.85762167,0.028155322129561844,76215.48459398064,3337440.0578587977,0.011418255200496129,307295683.733695,ok,152430.9691878561,1.1140865603109447
403,307295559.233304,0.043541154129477885,35583.33062887084,119760.27333190372,0.14856066055500378,307292916.0917525,ok,71166.66125774168,1.1140825618682273
404,307292264.62765086,0.025856149522676248,44550.68942971827,186146.64519659823,0.11966557168587753,307289599.03579104,ok,89101.37885943655,1.1140878797805822
405,307290794.0864218,0.0498374222423294,42808.087710284126,342018.92582260654,0.06258146037872654,307289454.59009933,ok,85616.17542056824,1.114105385011964
406,307288896.3064104,0.02753414123978478,24679.42250095769,32760.010035674248,0.3766699472021354,307284248.3080251,ok,49358.84500191538,1.1144570144364252
407,307282993.22406423,0.029659693178439285,20375.93169975897,8533.62483496444,1.0000000000037055,307271150.91719943,ok,40751.863399517926,1.1142956110906033
408,307270553.062288,0.008121701300515972,282265.21605026914,9967572.459869927,0.014159175525770524,307268554.7409185,ok,564530.4321001244,1.113955317313141
409,307268499.97210103,0.042881632988281265,52969.357647001554,338270.12449575803,0.07829446618432571,307266426.36831045,ok,105938.7152940028,1.1137705781191674
410,307267835.0487223,0.03540514046627377,68286.94051049434,1268177.0468358046,0.026923267804316166,307266915.7949289,ok,136573.8810209887,1.113447605320161
411,307266428.09767157,0.022707613916189168,35976.696698520456,86431.2355013848,0.20812323513496483,307262684.3044184,ok,71953.39339704091,1.1135286587303064
412,307263727.89030355,0.04341103093234833,74790.34459599029,5962861.065034155,0.0062713472425641615,307263493.3721929,ok,149580.68919191556,1.1135240609637451
413,307263397.2266997,0.1928678065777958,44772.7954326171,16194691.228208983,0.0013823293942964744,307263366.28132415,ok,89545.59086523383,1.1136559241638126
414,307263378.8011071,0.039552389199405576,84875.00563051007,7752816.189022199,0.005473817743202208,307263146.5059512,ok,169750.01126101965,1.1136358093051673
415,307263358.6821141,0.03328187740369946,22274.43832343494,10127.635159664107,1.0000000019698403,307251211.87894636,ok,44548.87664686988,1.1136197294398258
416,307250662.19083714,0.030273555560603172,319091.6492904068,132002917.40873347,0.0012086537765766657,307250469.35517365,ok,638183.2985808136,1.1134328846681356
417,307250511.68861634,0.02240007806311742,91284.29847181583,9261266.701027812,0.004928283647294442,307250286.7511586,ok,182568.59694362845,1.113417824840166
418,307250511.68861634,0.022403274665457332,370289.57191931247,119562820.15497644,0.0015485147115104254,307250224.98919153,ok,740579.1438386244,1.113417824840166
419,307250185.4506304,0.025503152556923092,80718.44186395692,1489103.5385770355,0.0271030320501052,307249091.593372,ok,161436.88372791384,1.1133857477833882
420,307247849.67950374,0.027913806308033782,29473.567506526517,39144.22390494624,0.3764740307292471,307242301.6631242,ok,58947.13501305248,1.1132712460488259
421,307241956.2939229,0.021227828970718402,23509.483185736426,21634.11180319694,0.5433429252746663,307235569.43824,ok,47018.96637147284,1.1131770648890411
422,307234953.6855196,0.025138090669588598,22014.439087568426,53830.219535786826,0.20448030193275568,307232702.9259438,ok,44028.87817513685,1.112900092413943
423,307232076.6305299,0.027919554637025883,28830.215024232115,113038.25416664904,0.12752415205266954,307230238.3561676,ok,57660.4300484641,1.1127413670162145
424,307227794.8455397,0.03848422270757164,14371.92309780038,4603.782267520104,1.0000000000016045,307218026.70470935,ok,28743.84619560076,1.113072133213568
425,307218286.88225704,0.021574590029625182,81457.41620109475,881707.944117892,0.04619296942061077,307216405.5022892,ok,162914.83240218947,1.1127114905773539
426,307217229.6838771,0.04919016963892038,36897.00698176057,414481.9750306032,0.04450978474882567,307216408.54495776,ok,73794.01396352114,1.112732341873353
427,307216878.26579446,0.027314966122334663,22245.170213283127,26785.823504794163,0.4152414841623528,307212259.70704705,ok,44490.340426566254,1.1128040401135753
428,307211628.62346643,0.02322232634775294,23616.026620627224,65463.744186412674,0.18037485415880664,307209498.7547877,ok,47232.05324125444,1.1130763084141027
429,307208705.2296521,0.03344616172722394,46308.304091107144,1409437.8093616567,0.01642793452237544,307208324.8547584,ok,92616.60818221429,1.1128038100623687
430,307208072.4934265,0.030417077468607213,17145.957572553016,4095.999123332385,1.000000000075784,307195022.5349766,ok,34291.9151450953,1.1127432612948454
431,307195494.2204118,0.009970144439516401,794949.0833154066,148826216.70540708,0.0026707293275114374,307194432.6734964,ok,1589898.1666307263,1.112420815651122
432,307194618.38746107,0.024590715562161646,127445.9884153316,9354066.167592408,0.006812330922827662,307194184.2853371,ok,254891.97683066165,1.1123085915798558
433,307194188.625447,0.037697049741080166,36023.44090083572,171484.21634613405,0.10503427565637831,307192296.77743614,ok,72046.88180167053,1.112340597538461
434,307192687.57829577,0.014311143424077287,136842.29210097578,6291133.734771485,0.010875805369121305,307191943.4432282,ok,273684.5842019515,1.1126622211862394
435,307191955.13682956,0.07924324789192573,107066.69974684167,52938006.75185421,0.001011246043402376,307191901.0014413,ok,214133.39949368333,1.1125914086745095
436,307191955.13682956,0.011928550924035705,112091.95960267108,4153496.894461909,0.013493685254963065,307191198.8700183,ok,224183.91920534213,1.1125914086745095
437,307191100.6771327,0.030240657021088763,29690.07292885093,544618.1359608598,0.027257697612722055,307190696.03561777,ok,59380.14585770185,1.1125079547886623
438,307191042.0594075,0.036244419782781374,26698.535618348436,229009.4057467266,0.05829135168333595,307190263.9125429,ok,53397.071236696764,1.1123966812809662
439,307189597.4697453,0.03273069267652178,13398.244932534664,6863.548069194872,0.9760436437146089,307183058.83384365,ok,26796.48986506933,1.112510364533141
440,307179929.20781684,0.020748912136838323,100737.40643031576,5357000.663677856,0.009402407499531123,307179455.620744,ok,201474.81286063153,1.1126751039620002
441,307178667.0835615,0.03841125275758007,27050.01998344959,37536.91788049152,0.36031221409240793,307173793.8572658,ok,54100.039966899174,1.1127624671952159
442,307176692.8217932,0.023357878608879275,387898.92409051413,107179255.1588245,0.0018095802378720713,307176341.8546795,ok,775797.8481810283,1.1134806282817653
443,307176426.54908085,0.005691744928520039,180682.3866733847,1981871.9976922572,0.04558376799404198,307172308.4570835,ok,361364.7733467692,1.11336472044104
444,307172920.5580281,0.020160586976103886,461641.74667599483,93658324.12747975,0.002464499290248069,307172351.7001496,ok,923283.493351667,1.1134823452085927
445,307172271.163868,0.027108928578593993,293371.8983120134,72301961.13436785,0.0020287962712851135,307171973.5679613,ok,586743.7966240254,1.113450631262432
446,307172128.044875,0.01255861708414787,150132.51622318185,3771008.210074729,0.019906150803660903,307170633.7646208,ok,300265.0324461543,1.113434589038615
447,307171884.35810184,0.02440076245231057,95859.58371213605,5204198.022394787,0.009209832456377676,307171442.9327492,ok,191719.1674241144,1.1135210099144164
448,307171374.7527652,0.02238387839734433,55973.47414478096,1462420.5738414254,0.019137269792968026,307170839.16302717,ok,111946.94828948674,1.1134669017789527
449,307171357.72963935,0.03358486519849728,24561.629307731608,140598.28503606244,0.087346831084859,307170285.0393962,ok,49123.25861544657,1.1133422372046198
450,307169958.6760316,0.03981264186904398,33874.56118468181,681775.4934788543,0.0248429002719298,307169537.90485895,ok,67749.12236936361,1.1135265326081392
451,307169055.55083907,0.029492183656202486,13977.936296083251,8428.134966205638,0.8292425520076919,307163260.0010561,ok,27955.872592166503,1.1134236775776474
452,307159740.9684564,0.023942739416048135,40689.75848013071,887660.0761505638,0.02291967363035316,307159274.67046416,ok,81379.51696019986,1.1131331399250861
453,307159930.4281533,0.01771034542293846,79888.81358232127,3962128.311933853,0.010081553055929273,307159527.72649693,ok,159777.6271646425,1.1132165197748236
454,307159446.6442746,0.03414688077878969,12515.322572107325,7094.796136536092,0.8820072015640543,307153927.3419553,ok,25030.645144203758,1.113183142766518
455,307153594.3485621,0.03675740432314202,21653.168786385577,57025.349336376246,0.18985564348461698,307151538.8604154,ok,43306.33757277115,1.1142486238911946
456,307152320.034986,0.014086830111132376,146171.36887492595,3519497.1173499785,0.020765945247454322,307150802.3416646,ok,292342.7377498518,1.114438349111917
457,307151488.463758,0.010768819717867464,75399.82841309562,1175972.625911803,0.03205849641042178,307150279.8611937,ok,150799.65682619115,1.114482556975922
458,307150320.68327975,0.01418259462821468,514000.0356970998,137975638.95540383,0.0018626477818422485,307149841.98276657,ok,1028000.0713931926,1.1142529521041427
459,307149740.4452938,0.027088859259225568,18832.787649930382,25774.14872557704,0.36534257349189614,307146300.2357407,ok,37665.57529986076,1.1142208352294762
460,307144838.39319956,0.03166127550694369,28820.549222513153,355484.7622499228,0.04053696850478633,307144254.2443515,ok,57641.098445026306,1.1141636081530546
461,307144401.28723025,0.03362178211967483,18335.59351367435,44628.55695596797,0.2054244497728759,307142517.9976259,ok,36671.1870273487,1.1142432236777058
462,307143249.71476275,0.016321954522344344,42434.80469358238,816750.5554363751,0.025977824202954004,307142698.5328145,ok,84869.60938716473,1.1137333273427963
463,307142568.1584354,0.033012342606368573,11492.915104112571,12852.92449426069,0.4470933875494479,307139998.955262,ok,22985.830208216532,1.113660433439522
464,307138494.4181557,0.03371875519955639,13862.361002309764,24688.929149677333,0.2807404265747779,307136548.5555852,ok,27724.72200461953,1.11336701033368
465,307136567.92468303,0.030362563148052964,14256.666196388664,3388.1390144331417,1.00000000125237,307125699.39749175,ok,28513.332392770117,1.1133777504436875
466,307127163.9557404,0.03567008650561285,48224.743656217106,1076504.2016330892,0.02239877168294314,307126623.8682291,ok,96449.48731243421,1.1125498155652593
467,307125784.1853475,0.030683110719392538,64575.26728120022,3863500.437466452,0.008357093305203093,307125514.3545805,ok,129150.53456240043,1.1123474504903221
468,307125812.0305838,0.02489037018579878,59008.87487969392,1568250.289184753,0.01881360242259843,307125256.94582814,ok,118017.7497593878,1.1122656741170154
469,307125615.5983413,0.028537150708879248,20480.48213833131,64075.51479220536,0.15981519777678566,307123979.0521895,ok,40960.96427666262,1.1123323270442125
470,307124507.2890811,0.0391470776838934,14356.622500945694,21864.74833841751,0.32830523083863616,307122150.61194897,ok,28713.245001878066,1.1123544837084003
471,307121827.47220623,0.04422537699538505,14771.046714067701,18112.67799554073,0.4077543563051327,307118815.9928838,ok,29542.09342813532,1.1125549985278553
472,307120487.59925944,0.021110111653214286,40302.36246121336,464068.59920132486,0.043422850124501915,307119612.57753706,ok,80604.72492242671,1.1124980296037679
473,307119710.067844,0.010515717185639697,135149.58170888663,4403850.431171747,0.015344479089509738,307118673.1678787,ok,270299.16341777326,1.1123492987952304
474,307118160.4712647,0.06306889282803092,16616.58757977274,31633.117693264965,0.2626454297185919,307115978.33587205,ok,33233.17515954548,1.112170825107869
475,307114113.8533943,0.04035131407204227,8984.735278181015,9194.047574070453,0.4886169668906352,307111918.8063444,ok,17969.470556361965,1.1120990180107269
476,307112195.7517026,0.07400223598528652,32963.30893007614,2874936.3746203696,0.005732876250944665,307112101.2644171,ok,65926.61786015226,1.1121343952532081
477,307112215.9896886,0.04145158865008965,19858.548257908213,142486.8480864156,0.0696855482614942,307111524.0627771,ok,39717.09651580157,1.112166498734389
478,307111417.49666256,0.02684509475772477,29336.7260197709,983860.1928561359,0.014908991253425291,307111198.8061667,ok,58673.45203950016,1.1120480851632024
479,307110810.7162354,0.038811939522631386,6932.404871687032,2870.309000583272,1.0000030174621912,307106748.6167682,ok,13864.80974336937,1.112138076992987
480,307106900.13612705,0.00971328748668616,80901.64015290962,1539886.3934960375,0.026268704137724364,307105837.5455023,ok,161803.28030570166,1.112683295150604
481,307106376.32156944,0.027905912266432794,312791.53456654807,131393578.63757819,0.001190284707250871,307106190.1660794,ok,625583.0691326777,1.1127075310138164
482,307106053.16909266,0.033498513764330384,15610.437509139098,35796.325345510115,0.21804525127181937,307104351.2782081,ok,31220.875018278195,1.112677464075512
483,307104044.98462427,0.038284679420870556,8909.376875955797,1758.4199808521594,1.0000016016836477,307096894.019092,ok,17818.753751911594,1.1123131906482335
484,307096901.20311266,0.06142553428123361,132411.95194216812,92848645.4258819,0.0007130526855551615,307096853.99476373,ok,264823.90388433624,1.1125308525238724
485,307097404.72714084,0.031627261740469925,27498.238226379566,1058232.492458239,0.012992531613966072,307097226.0912761,ok,54996.4764527591,1.1124666650553534
486,307097261.91258323,0.04066036964062214,12193.867433805097,48823.00315579136,0.12487830167774784,307096500.53785527,ok,24387.734867600695,1.1124908354820775
487,307096486.9624017,0.037711973048076435,6952.998914956053,711.9376347387747,1.0000000769888409,307090245.9006958,ok,13905.997829906653,1.1127973513117109
488,307090280.76708573,0.11786994851329802,76506.71390009823,109053623.56771767,0.00035077566153769664,307090267.34873915,ok,153013.42780019625,1.1128147566843287
489,307090280.76708573,0.03754677867301696,9883.05395277734,6785.540002564452,0.7282437321894977,307086682.1310378,ok,19766.10790555468,1.1128147566843287
490,307085942.40041906,0.024037997359963977,16026.723268142614,37407.80261829954,0.21421631513183956,307084225.807618,ok,32053.446536277348,1.1130103453734037
491,307082717.7434683,0.06768452434427004,27106.913422886602,951379.2068697402,0.014246114076885641,307082524.6593779,ok,54213.82684574894,1.1126600018034143
492,307082254.2972526,0.06807513141149713,25392.15906932328,1389739.3987104697,0.00913558293478781,307082138.3111651,ok,50784.31813864656,1.1126012448712554
493,307082055.4776326,0.03370677886370682,7688.0479281955795,5311.535611407697,0.7237123584075947,307079273.5099837,ok,15376.095856391043,1.1126016487729515
494,307078388.3373358,0.014868714902309519,90327.42687215105,2641474.4003329,0.017097918280178533,307077616.1318543,ok,180654.85374430206,1.1125367430249362
495,307077668.7567391,0.025040897792570682,275158.5772827441,144905946.2144932,0.000949438530546731,307077538.13366145,ok,550317.1545654878,1.11258407006797
496,307077509.3997602,0.032869178241350085,8373.405485009558,4908.585195798854,0.8529347205969007,307073938.4156263,ok,16746.810970019113,1.1125358910616487
497,307074518.9464003,0.028740298729853335,287424.4636362998,124797426.17747836,0.001151564068426958,307074353.4525579,ok,574848.9272725997,1.1118856402207413
498,307074606.47042835,0.021045704451789108,77581.49221571835,2347287.978919804,0.01652577206385654,307073965.4234,ok,155162.98443143663,1.1118215647312546
499,307072509.1355056,0.023258994632428,15715.274492322795,80300.02585886457,0.09785348338457563,307071740.23832995,ok,31430.548984645586,1.1119664075591666
500,307072144.79817176,0.0534130327557911,27482.07491614445,2670706.2894213772,0.005145094955780141,307072074.0992293,ok,54964.14983224222,1.112115717345743
501,307072144.79817176,0.06454692418799,11555.866011829641,132340.0845250365,0.04365973489174955,307071892.5351485,ok,23111.732023659275,1.112115717345743
502,307071858.9486474,0.04591686943524065,26730.437595233285,3129309.9872632907,0.0042709794977215,307071801.8660719,ok,53460.87519046656,1.112139199141171
503,307071760.0676403,0.0737758507302709,19545.13224821218,1910199.955853476,0.005115991178912846,307071710.0712782,ok,39090.26449642435,1.1121552126333185
504,307071760.0676403,0.05070786613119226,5186.63256423794,661.6065888698745,1.000000157113318,307067235.04105794,ok,10373.265128475769,1.1121552126333185
505,307066405.3220763,0.037115698988123356,7154.430631266649,4099.057189269321,0.8726922193225078,307063283.51410353,ok,14308.861262533286,1.1121553223027352
506,307064250.40195006,0.012131416102059178,30148.055744843834,146554.9279594966,0.10285582397193718,307062699.95039266,ok,60296.11148965648,1.1127339241731935
507,307062337.3648657,0.03567533414970649,19839.475065461414,495687.3200211665,0.02001208651515863,307062138.85021996,ok,39678.95013092283,1.1128509969341573
508,307061846.0181796,0.02942571088799594,9686.437245726647,6460.676923978062,0.749645691907031,307058215.32020396,ok,19372.874491453294,1.1127440279385157
509,307058407.5820081,0.012754099985545086,136572.73851510414,2970864.833763499,0.022985350421024283,307056837.9958818,ok,273145.4770302081,1.112823550402192
510,307056448.1581593,0.03288082191485017,51430.19825991053,3797710.234814099,0.006771211477437546,307056274.0357849,ok,102860.39651973455,1.1126350759729142
511,307057318.5459513,0.030423924558438953,21016.7896224499,95068.56510226915,0.11053490499115708,307056157.0015293,ok,42033.5792448998,1.1124777967511843
512,307055025.1591284,0.051650640508486334,14359.404139493303,61185.450351095256,0.11734329041541705,307054182.66926336,ok,28718.808278986602,1.1122628936880616
513,307053920.5894637,0.2844104182443715,30295.31008857487,42416244.65590676,0.00035711919259165295,307053915.1799454,ok,60590.62017714974,1.112472038883789
514,307053920.5894637,0.039225267189801696,9138.690778322523,5521.779330050496,0.8275132192070912,307050139.39575106,ok,18277.38155664504,1.112472038883789
515,307050144.8240336,0.01564191622113335,505011.05871737027,146384581.0135792,0.001724946217766349,307049709.2655758,ok,1010022.1174347404,1.1126629092646931
516,307049829.3218129,0.02835197684118099,47233.37772999819,2296729.3205843335,0.010282748016205297,307049586.4773523,ok,94466.75545999635,1.1126478691793196
517,307049498.0029109,0.012081568129019572,102643.93501419258,3513993.7752325074,0.01460502516220323,307048748.44428414,ok,205287.870028385,1.1125728774148769
518,307048574.3270928,0.10282286619325261,15702.026741647296,520061.8183125148,0.015096307966423,307048455.80577713,ok,31404.053483294585,1.1125228146789272
519,307048790.2467757,0.04210386990672658,9492.562068684852,19109.296158180252,0.24837550242846868,307047611.38683915,ok,18985.124137369705,1.1124891336836153
520,307046653.72475755,0.05403496056106869,8182.561288537028,11572.835356829923,0.3535244836827277,307045207.3568802,ok,16365.122577074057,1.112788517783633
521,307045646.5649735,0.04710409446421062,21509.37640571527,268678.69730022724,0.04002806441643611,307045216.0756213,ok,43018.75281143054,1.112755799909551
522,307044730.21481144,0.03352277196258206,5442.063311660806,1279.1628497908528,1.0000000000013674,307040567.31434953,ok,10884.126623321608,1.1128262797897808
523,307041851.72879004,0.014974585946635562,172182.93192074622,12247389.169581931,0.007029372935596189,307041246.5597693,ok,344365.86384149233,1.1133047227649584
524,307041196.8904002,0.02549408705366181,10083.34156372567,27153.812111483,0.1856708281387414,307040260.7992109,ok,20166.68312745078,1.1132644079472653
525,307040188.69674563,0.035172128663829454,40158.78901977082,3909728.8305196906,0.005135751194083812,307040085.5739713,ok,80317.57803947049,1.113095379011301
526,307040033.81573856,0.13122379045213542,7836.675053062247,195566.98171200277,0.02003578258574023,307039955.3087798,ok,15673.350106121383,1.1131113911949289
527,307040014.93473154,0.03880170686823461,4497.617306893861,2533.7076994151353,0.8875564667408283,307038018.9900687,ok,8995.234613787718,1.1131274149938184
528,307037975.48026645,0.026989482283731783,9012.831453584473,33450.595964804146,0.13471854825946214,307037368.3824819,ok,18025.66290716877,1.1137427293841107
529,307037093.9186825,0.05195337918269976,19590.32126048505,896349.995775461,0.010927830285499604,307036986.87882954,ok,39180.64252094655,1.1136710497175022
530,307036981.810622,0.04435300522353246,6256.199228344898,1655.6127270812808,1.0,307032381.22412074,ok,12512.398456685833,1.113687711450038
531,307032738.8697498,0.04254405399106974,33776.317373658036,2804369.297128154,0.006022087998226028,307032637.16777205,ok,67552.63474726085,1.1135431591771159
532,307032738.8697498,0.04365188391058391,17539.843790779123,148157.33368639165,0.05919330266804798,307032219.7491086,ok,35079.687581558246,1.1135431591771159
533,307032237.2872136,0.04879914835779359,40182.011177080145,4405361.134234891,0.004560580841468156,307032145.66055846,ok,80364.02235416023,1.1135221109982592
534,307033002.8275167,0.012780064804014748,54785.926068768444,1065107.0661678393,0.02571850652811991,307032298.32141805,ok,109571.85213746007,1.113438798358736
535,307032492.17915297,0.03265517779396155,9119.464177254209,35688.44819756628,0.12776493008003775,307031909.60530144,ok,18238.928354508418,1.113538798591513
536,307031690.58675367,0.04228587207402765,33697.67509649154,2947286.362241643,0.005716729044079349,307031594.26651466,ok,67395.35019292342,1.1134415024937656
537,307031690.58675367,0.04224683477378946,9938.30761460222,23819.235923711705,0.20861936223379815,307030653.9250555,ok,19876.615229204435,1.1134415024937656
538,307031026.2933336,0.06474548401651273,9358.871735510857,42576.15912990681,0.10990742150971641,307030511.98860323,ok,18717.743471021713,1.1131830603537018
539,307031362.5393321,0.04252731043275801,11005.756256720459,43557.84179576249,0.12633495833339417,307030667.333453,ok,22011.51251344091,1.1132244616054603
540,307030503.5775264,0.04738321920992365,6796.739601141233,18008.870999352104,0.1887053219878624,307029862.28705895,ok,13593.479202282466,1.1132391225823959
541,307031295.35171974,0.04004022651961016,5624.295338750117,4735.974272505959,0.5937844058192189,307029625.5422868,ok,11248.590677496028,1.1129454248272168
542,307028710.35617554,0.14105330500688443,10138.96977599383,1062284.1805156823,0.004772249253995245,307028686.1633301,ok,20277.93955198766,1.1136181937156184
543,307028630.9508346,0.0466444461271046,4378.377651820908,2492.6019314773393,0.8782745444688572,307026708.2420158,ok,8756.755303641814,1.1135754413790835
544,307026357.6107575,0.022986772873652025,326550.2911507623,135347272.2316669,0.0012063423435376781,307026160.64503574,ok,653100.5823015244,1.1140696331581061
545,307026130.4917646,0.032532081031014896,11715.879743603988,34408.10950102313,0.17024881508319448,307025133.18444264,ok,23431.759487199666,1.1140536054816916
546,307024864.4220255,0.027833142383912702,9266.165428806407,32301.81276112006,0.14343104359702666,307024199.89413667,ok,18532.330857612804,1.1140925968750661
547,307023551.7464486,0.08482603959882497,15180.116376058755,367591.7530201679,0.020648064396626847,307023395.0264383,ok,30360.23275210832,1.1141764517381603
548,307023854.2197639,0.04838507647477874,135850.12492014215,125629827.99484909,0.000540676235446697,307023817.49429685,ok,271700.24984028423,1.1140778859594915
549,307023805.9817779,0.09834289292656047,15303.182239190188,996288.4571762275,0.007680096125254666,307023747.21682256,ok,30606.364478379393,1.1140458809988498
550,307023760.90946734,0.04675735644474593,7113.964137693933,8366.373893631362,0.4251521763275015,307022248.6507996,ok,14227.928275387865,1.1141045338337108
551,307023320.57815915,0.016397473762804628,13768.522527690566,62896.65778714258,0.10945353069702493,307022567.0714576,ok,27537.045055381117,1.1145032826022216
552,307023157.62514323,0.03793292518881741,8922.344635446021,21468.251556219886,0.207803244062067,307022230.5790633,ok,17844.68927088448,1.1144457967788632
553,307023099.5519985,0.0344051580429236,6813.412932861636,12250.10613824216,0.27809607753485693,307022152.16029286,ok,13626.825865723269,1.1147285985248496
554,307022262.8627896,0.028960416152762517,42370.29527740787,3302128.8146727956,0.006415603032979545,307022126.9472921,ok,84740.59055481567,1.1146149239268475
555,307022039.1007755,0.07697037262889353,8677.294358741407,11566.868100203936,0.3750926475330179,307020411.7061182,ok,17354.588717478404,1.1146469295913102
556,307019850.86482215,0.18988304300176007,40134.17809389761,108014830.16210361,0.00018578086931982446,307019847.13674086,ok,80268.3561877952,1.1148808488233115
557,307019850.86482215,0.041122846009348034,4041.7099251262744,642.155451483641,1.000000000000021,307016451.3103485,ok,8083.419850250006,1.1148808488233115
558,307015740.1599009,0.04563989054301035,4765.8591543325765,19886.40766463931,0.11982705058407583,307015454.6204779,ok,9531.718308665151,1.1151696598694958
559,307014971.0289805,0.0448206393609363,6588.248483634343,6357.601761867413,0.5181394439606407,307013264.21327746,ok,13176.496967268686,1.1150465596376762
560,307012479.97372806,0.03932036435922182,222161.05994360082,82806969.92594528,0.0013414393748634966,307012330.9659314,ok,444322.1198872015,1.1148908307353507
561,307012357.85473514,0.025062934971062486,68973.45124166062,1391752.277202727,0.024779356345042188,307011503.2958718,ok,137946.90248331026,1.114874823859612
562,307011693.30081725,0.031824261480855834,11875.354212378645,91565.24626141116,0.06484640569018674,307011308.2637988,ok,23750.708424757286,1.1148930763176201
563,307011362.6230834,0.023000230985268922,23853.565561678108,495305.19369832845,0.024079664280894263,307011075.43015814,ok,47707.13112335621,1.1148534194229702
564,307011447.88013774,0.057863529359611476,7646.38531534369,29896.027658665596,0.1278829649652021,307010958.958925,ok,15292.770630687257,1.1149262867958214
565,307011118.6733308,0.06547535252751036,14560.897395188866,624080.7995540936,0.011665875160390003,307011033.7405251,ok,29121.79479037773,1.1147658462268168
566,307010813.85135686,0.04037019507901825,6373.4190496610745,14789.101846864098,0.21547688005855822,307010127.18913084,ok,12746.8380993157,1.1146927084347311
567,307010016.06018186,0.06435733185055434,6064.984071951365,17011.90268722014,0.1782570763383089,307009475.4970175,ok,12129.96814390273,1.1143747124341807
568,307009460.1982641,0.03300038027391488,7383.970281922174,18035.91705198287,0.20470182527010403,307008704.44216686,ok,14767.940563844342,1.1140618162948188
569,307008678.55910516,0.02900894023180253,5921.3669460740875,9031.360440685079,0.3278225348752064,307007707.98034406,ok,11842.733892148173,1.114454181173853
570,307008136.1267261,0.029060972934632653,31625.492560369443,318178.785075686,0.04969767634389358,307007350.26997936,ok,63250.985120738886,1.1144679845173364
571,307007173.6670771,0.0607603197296329,7638.084066629063,11767.060735434188,0.32455360936603633,307005934.1832009,ok,15276.168133258114,1.1146117502088462
572,307006326.4264849,0.03333329103415255,24609.21757507705,944559.4280531884,0.013026823323228373,307006166.13652015,ok,49218.4351501541,1.114918514498906
573,307006326.4264849,0.03252440761846335,27805.547713562835,1907295.8322816195,0.007289259286090979,307006225.08556145,ok,55611.09542708576,1.114918514498906
574,307006326.4264849,0.1269926235771752,17493.341306820876,910138.8589608131,0.009610259541491606,307006242.36870974,ok,34986.68261362939,1.114918514498906
575,307006050.6499576,0.09672376796419914,5929.086692094552,5936.479591728192,0.4993773330204031,307004570.2242078,ok,11858.173384189104,1.1148605959864746
576,307004117.89480007,0.04379381172924206,200974.20868483558,147551411.3706047,0.0006810311294822146,307004049.4599539,ok,401948.4173696708,1.114944862317703
577,307003996.775807,0.03944704671926045,7745.754459378026,18148.298204223724,0.2134016746973919,307003170.2973203,ok,15491.50891875597,1.1149288737507241
578,307002830.94707483,0.06584854136948697,11375.606372436207,215770.99011993132,0.026360370238170894,307002681.014477,ok,22751.21274486143,1.1147700932558724
579,307002491.75609297,0.03845271110553896,4622.175702784491,1017.2214234510586,1.0000663267852556,306998886.6301821,ok,9244.351405565698,1.11464376357997
580,306998565.7258495,0.032913060846634784,21488.481180663694,669964.6046444906,0.01603702720389708,306998393.42017084,ok,42976.96236132737,1.1148301368728628
581,306998389.6228578,0.054323246743772736,16388.533899944094,669847.4407744701,0.012233034645169245,306998289.3821063,ok,32777.06779986856,1.114809383084812
582,306998389.6228578,0.06664905907607355,9305.52401419601,13957.86268301052,0.3333434432451708,306996838.65514976,ok,18611.048028391953,1.114809383084812
583,306997206.0657931,0.04454570785647525,16417.238556578704,413044.04716632416,0.019873471932604594,306997042.93202823,ok,32834.4771131574,1.115040138765405
584,306996502.599786,0.04303264672310736,4719.920568847879,9215.756766451364,0.2560788380412811,306995898.2638985,ok,9439.841137695757,1.1150937240680845
585,306996276.37856793,0.03567635877575599,14950.64152284871,101832.80630067263,0.0734077851036791,306995727.6318279,ok,29901.283045688568,1.1151612886965498
586,306995453.4876021,0.0463427044093202,4033.672988518846,1348.7935444528944,1.0000000000001243,306992768.60815805,ok,8067.345977037686,1.1151317135547085
587,306993855.1702943,0.03459569619646981,54325.58736448092,2467795.5897769867,0.011006905837243654,306993556.1919819,ok,108651.17472896184,1.1151960639423475
588,306993345.5123544,0.031462938555981326,14193.627233076937,115127.02803798209,0.06164333204360253,306992908.0411161,ok,28387.25446615387,1.1151294722034866
589,306992300.9563736,0.02919459759182814,24164.07584146807,761556.579666866,0.0158649248700854,306992109.2757497,ok,48328.15168293613,1.115134300497914
590,306992068.2809484,0.07638175112786486,11920.273285274525,472738.5514441168,0.012607680554992394,306991993.1374495,ok,23840.546570548533,1.1151458155625908
591,306992012.45650995,0.04320608185422334,5394.69808531718,23292.58948801745,0.11580288417679811,306991700.0957112,ok,10789.396170630256,1.1151787476312762
592,306991887.3665612,0.047187878581006856,3730.4002605578517,3028.6039273179085,0.6158613589102495,306990738.6618743,ok,7460.800521112532,1.115248177909189
593,306990876.3547579,0.017302772625434754,43962.651939356154,735077.7875199614,0.029903401167704534,306990219.0383493,ok,87925.30387871193,1.1149177698448298
594,306990468.6746169,0.03739752863573549,18355.68147457447,445147.0199277097,0.02061754954301993,306990279.45003074,ok,36711.36294914894,1.1149296236147936
595,306990468.6746169,0.02366913548712496,34273.332310918966,749026.5995211053,0.02287858157028858,306990076.61200243,ok,68546.66462180812,1.1149296236147936
596,306989945.5261333,0.04743856172234409,27617.570004231377,2159818.028364253,0.0063934946466642035,306989857.2397403,ok,55235.14000841966,1.1149819682931543
597,306989812.2065655,0.04343523602290835,28259.58768305815,2421756.2218610896,0.005834523604803833,306989729.7659498,ok,56519.17536611629,1.1148937937820786
598,306989986.35541344,0.12008821200529893,67707.31341124413,85115353.04872449,0.0003977385453155844,306989972.8905093,ok,135414.62682248672,1.1150082674399036
599,306989986.35541344,0.015078563755243104,435941.23237174295,135597257.16846004,0.0016074854369294094,306989635.9708223,ok,871882.4647434852,1.1150082674399036
600,306989472.99843454,0.05067163711708006,12697.332576663212,448336.9259241283,0.014160480480713259,306989383.0982695,ok,25394.665153326416,1.1149603118760627
601,306989372.8129921,0.136170532723907,54364.30677726923,113158969.03340043,0.00024021209826161836,306989366.28351,ok,108728.61355444099,1.1149361215121107
602,306989372.8129921,0.046022256062614314,5734.277007509174,5331.553098859969,0.5377679731573262,306987830.9577302,ok,11468.554015018344,1.1149361215121107
603,306988066.96579164,0.030659909526007043,26701.350355751783,634858.1984794356,0.021029381379735538,306987786.20935166,ok,53402.70071150356,1.115143111410231
604,306987931.005248,0.03000542591563163,6975.3401762107915,29746.292674539447,0.11724721888084476,306987522.08562976,ok,13950.680352421581,1.1151191973774228
605,306987210.60950303,0.04268639450200122,4811.20027859103,5578.05349519373,0.43126157563176376,306986173.16659665,ok,9622.40055718206,1.1149725527274885
606,306986119.47307616,0.040809251460005,11040.643589775496,229304.17703162954,0.024074231295517532,306985986.5755725,ok,22081.28717953341,1.1150204894652092
607,306986153.6317847,0.05103347737263651,3047.516907070556,1150.0974219328414,1.0000077147374051,306984256.2065342,ok,6095.033814138916,1.11495831582564
608,306983941.16261286,0.10128578265424439,14251.080748467237,1238011.671589101,0.005755632630738721,306983900.15062016,ok,28502.16149691835,1.1152394720474215
609,306983896.28160584,0.02068554887012172,18054.328754281414,259473.2403475463,0.034790348187926624,306983582.223414,ok,36108.657508530574,1.115255461306865
610,306983631.0280069,0.0965034223971761,67698.87614849895,121879631.29368003,0.00027772842529106596,306983621.62705576,ok,135397.75229688306,1.1152312333554306
611,306983631.0280069,0.11125151587803805,68534.83135184072,120177715.79604195,0.0002851395156659231,306983621.2570126,ok,137069.66270354926,1.1152312333554306
612,306983631.0280069,0.04296657530846041,8711.9275608819,222551.122061236,0.019572868202580376,306983545.76930195,ok,17423.85512176379,1.1152312333554306
613,306983651.2672101,0.048618395382829804,4344.011982690128,3748.7707171552606,0.5793915273093261,306982392.82534146,ok,8688.023965380256,1.11515866291362
614,306981889.5300242,0.09246194689922209,6254.434397302723,12651.304431957939,0.24718535669348268,306981116.52772546,ok,12508.868794605445,1.1150222203525741
615,306980132.4353904,0.05386007371745257,31041.08436688291,2579779.1613079854,0.006016228992086406,306980039.0602545,ok,62082.16873376575,1.1148632328187773
616,306980132.4353904,0.038692926524535966,14137.199064163398,532840.8392633217,0.013265874180842407,306980038.6642384,ok,28274.39812830874,1.1148632328187773
617,306980225.11120856,0.10193527744602338,14471.764295958244,1273860.5075764304,0.0056802782604083325,306980184.0093845,ok,28943.528591916416,1.1149132909487633
618,306980225.11120856,0.1378697111158259,63362.69057379651,89171942.52198678,0.0003552837853575603,306980213.85534024,ok,126725.38114748949,1.1149132909487633
619,306980225.11120856,0.03139761523188473,40484.31276240004,2895740.0183081,0.0069903224230146695,306980083.6120089,ok,80968.62552472588,1.1149132909487633
620,306980058.2192692,0.10248608104752517,81323.77798369674,24112338.28287897,0.0016863519628339178,306979989.64901286,ok,162647.55596739345,1.1148965965490456
621,306980058.2192692,0.1402185936459595,60554.240081318,102422477.10767734,0.00029561011308902916,306980049.2690463,ok,121108.48016252797,1.1148965965490456
622,306980058.2192692,0.1441643462619914,60553.77546337004,99265487.95809962,0.0003050092066687369,306980048.98453975,ok,121107.55092674008,1.1148965965490456
623,306980058.2192692,0.11625430786139138,11972.910730846916,983875.0755722262,0.0060845685738524355,306980021.794271,ok,23945.82146169383,1.1148965965490456
624,306979785.0002059,0.061941553502230566,2816.800905812388,1071.5648865804842,1.000000027514933,306978039.7641681,ok,5633.601811624776,1.114930455883706
625,306977755.07678866,0.024656712544946783,50208.86358528482,3251372.5749896513,0.007721179659861747,306977561.24096054,ok,100417.72717056959,1.114862696257049
626,306977459.29290986,0.05527219686373456,11799.815741736544,566988.4226857645,0.01040569372284716,306977397.9002755,ok,23599.631483472847,1.1148293202517037
627,306977895.995156,0.040044799488356216,4530.234059775887,8034.412804518339,0.2819268918587432,306977257.39775205,ok,9060.468119551773,1.1149612417269639
628,306977169.28542966,0.07436223773439633,100568.61510231129,250890399.6669487,0.0002004234024813501,306977159.20727766,ok,201137.2302046224,1.1149791514510534
629,306977169.28542966,0.05553331621019404,11584.024324775419,378699.4126228218,0.015294484145811062,306977080.69959146,ok,23168.048649539225,1.1149791514510534
630,306977107.92514765,0.11185288334250851,13745.072009699059,2686834.5022486467,0.0025578560938895995,306977090.34618956,ok,27490.144019398114,1.1150029445347815
631,306976939.0384202,0.048680648079395865,16912.947257864296,769267.5544968335,0.010992890028311934,306976846.07733554,ok,33825.89451570399,1.1150287525379676
632,306977712.3628301,0.15031078102154388,51739.21524475285,113376926.39743151,0.000228173478011682,306977706.46007174,ok,103478.43048942271,1.1148955860138923
633,306977712.3628301,0.0690099957091553,8384.896305223792,57200.512108031406,0.07329389192694384,306977405.08198833,ok,16769.79261044758,1.1148955860138923
634,306976871.35121006,0.1444431947462426,57259.29517894714,106939080.16309649,0.00026771922430798454,306976863.68650305,ok,114518.59035789427,1.115032150918438
635,306976871.35121006,0.11593914318419088,16431.637865421424,2104519.1110755806,0.0039038937158958655,306976839.2775262,ok,32863.27573084285,1.115032150918438
636,306976843.5366525,0.06463098265212201,3751.9689743548097,4891.208041690843,0.38354215792646906,306976124.01751405,ok,7503.937948706354,1.1150563512663432
637,306976128.53355867,0.0248373646538527,53785.055229523874,3802630.0962145715,0.007072086144148708,306975938.3472867,ok,107570.1104590433,1.114989462712093
638,306975882.006874,0.14532010877652107,10035.52823127348,347792.7774333725,0.014427453475792794,306975809.6133157,ok,20071.056462540622,1.114890509621131
639,306975698.4591648,0.048877680761770105,163041.99735831743,141812222.84786072,0.0005748517091267671,306975651.5966794,ok,326083.9947163177,1.1149567024020062
640,306975782.1021859,0.034044138444749274,41716.573686399264,3649697.982902128,0.005715072025388184,306975662.8955743,ok,83433.14737272086,1.1149087331035634
641,306975782.1021859,0.1917664450169962,42800.183960955175,50854920.03518416,0.00042080671773098567,306975773.0968835,ok,85600.36792191034,1.1149087331035634
642,306975760.1840223,0.03109244253911826,4684.654122215175,441.79236386244236,1.0000000000000002,306971517.32226396,ok,9369.30824443035,1.1148670784465278
643,306971394.11888087,0.02840264431643336,38812.52913216431,3152898.458139948,0.006155055363733749,306971274.67224807,ok,77625.0582643286,1.1144417686163415
644,306971200.3568668,0.04761883787920743,4887.218823104187,8150.772766399806,0.2998009491352113,306970467.76044583,ok,9774.437646208375,1.114473729830225
645,306970465.23501015,0.030625672563198352,19246.684220887197,694627.3451314517,0.013853963823757141,306970331.9135767,ok,38493.36844177424,1.1144906062775632
646,306970465.23501015,0.09043932996445943,5209.976023152361,36569.86988721635,0.07123317691887114,306970279.67343825,ok,10419.952046304721,1.1144906062775632
647,306970088.235515,0.060482547814040735,3225.8643423489966,3570.137440937072,0.4517843354375578,306969359.538026,ok,6451.728684697993,1.1144409458001805
648,306969436.9946218,0.086973559356995,8565.574223870393,491139.0455890585,0.008720111240185641,306969399.6482418,ok,17131.1484477407,1.114557460853833
649,306969379.45542145,0.058107035730626144,21556.943725661302,2793468.7874536864,0.003858454374446577,306969337.8671796,ok,43113.88745128422,1.1145224765575392
650,306969293.7791535,0.04601069030540536,3782.6823145822696,1089.1818802384767,1.0000001264853835,306966600.2785163,ok,7565.364629164539,1.114531305104765
651,306967134.07705426,0.013502817031500428,601652.1611233824,148026606.26427847,0.0020322433118855204,306966522.725264,ok,1203304.3222467632,1.1146476120581035
652,306966733.9580613,0.02049231275616747,403736.1592248359,155519917.35881212,0.0012980207489865904,306966471.92910534,ok,807472.3184488766,1.1146315786219443
653,306966341.72007537,0.07010527444463431,106374.48611506884,237436575.94391617,0.00022400610708814104,306966329.80580807,ok,212748.97223013765,1.1145995465981944
654,306966341.72007537,0.02686477923067873,38919.70417340853,1835466.754353658,0.010602127246677842,306966135.40424734,ok,77839.40834681703,1.1145995465981944
655,306965987.5039542,0.04476419698166504,2827.785723631317,1340.0282678289645,1.0000042011207844,306964499.7458778,ok,5655.571447260532,1.1146329211998438
656,306964597.47495985,0.13987020429312783,11122.781126021056,2095283.0729270899,0.0026542430637982103,306964582.7136775,ok,22245.562252026204,1.1146575352964136
657,306964531.303801,0.04591520209490554,2760.0631222658153,138.54389116374466,1.0000021078653623,306961909.77933615,ok,5520.12624453163,1.114573516282583
658,306961922.04700804,0.020977688195500877,46998.44726727182,3237387.35020909,0.00725870002306588,306961751.4731929,ok,93996.8945344625,1.1147561857989547
659,306961878.5229799,0.06671091256736547,3802.065792028738,9152.038349139795,0.20771688486128864,306961483.6463488,ok,7604.131584057475,1.1148202828922802
660,306961130.80055255,0.07790119213265918,3320.88726913907,9817.30595437385,0.1691343472727125,306960849.96250224,ok,6641.7745382781395,1.1147409917260394
661,306961176.1114534,0.06940765038792981,18242.31398679393,2802603.492277488,0.0032545299463624133,306961146.4263748,ok,36484.62797355357,1.114829441737573
662,306961100.219514,0.11782581780862145,5829.9031767610795,93458.49475324765,0.03118979816737575,306961009.30276227,ok,11659.806353517863,1.114812736175594
663,306961066.03407156,0.033290574909854126,32112.117515668026,3250332.990133492,0.004939819645117218,306960986.7200371,ok,64224.23503133489,1.1147885151963592
664,306960926.27205753,0.048569687031423295,2499.4515010661676,241.0349410088579,1.0,306958667.8554975,ok,4998.903002132334,1.1148205653186558
665,306958835.49677753,0.032601970391622506,46114.86314901052,3244129.843674345,0.007107431787745617,306958671.61765546,ok,92229.72629802099,1.1147394852344004
666,306958835.49677753,0.043207720995079815,3968.323563496385,2547.081391442999,0.7789942592388477,306957289.84614015,ok,7936.647126992769,1.1147394852344004
667,306957311.7335774,0.06256699453369113,3481.8514620333517,13270.865969927123,0.13118403388006158,306957083.3519173,ok,6963.702924063222,1.1144559090994433
668,306957194.81544733,0.06524341413952085,11970.154004212189,849883.3981548372,0.007042233105270865,306957152.6671399,ok,23940.308008424377,1.114552971645491
669,306957194.81544733,0.0633014195502479,11011.36978584125,686480.7381388799,0.008020159324276317,306957150.65897727,ok,22022.739571663973,1.114552971645491
670,306957113.0008898,0.0731898360491728,2230.082683758889,137.26093929847252,1.0000000000000002,306955020.17914534,ok,4460.165367517778,1.1145771809718479
671,306955020.4491968,0.05681383791709972,2956.3783873988727,2537.657310309231,0.5825015015598418,306954159.4017719,ok,5912.7567747977455,1.1149093100283132
672,306953763.24691874,0.0784527698345908,99718.73433439157,122193415.09819072,0.0004080364488309815,306953742.90247965,ok,199437.46866858006,1.1150943486333436
673,306953763.24691874,0.03155881383550673,5396.488829005112,9756.038844117033,0.2765717170273075,306953016.98882806,ok,10792.97765800749,1.1150943486333436
674,306953085.287773,0.045740012775620946,3642.9478088739997,322.4520395943514,1.0,306949764.79200375,ok,7285.895617747999,1.1150126053323604
675,306949793.6988808,0.052809009509510924,12819.31436641236,647468.0116731941,0.009899573519689833,306949730.2460083,ok,25638.62873282472,1.114912374103766
676,306949895.37469894,0.05602672599033445,6157.312515576157,35898.01519269491,0.0857611832092202,306949631.3454956,ok,12314.625031146408,1.1149624829703537
677,306949687.53050447,0.07197375835585246,103818.25063413593,130823662.77462481,0.00039678697428380293,306949666.9336397,ok,207636.50126827182,1.1149349655954026
678,306949687.53050447,0.10947305733067159,12262.04271131417,1961303.98753892,0.003125992398226041,306949668.3649783,ok,24524.085422628297,1.1149349655954026
679,306949644.63856506,0.05643661443434738,105707.99458480344,136077091.72785679,0.0003884121612336149,306949624.1094298,ok,211415.98916944364,1.1149182609751502
680,306949571.51957214,0.07753242349551284,3962.2617696908255,10144.839653867646,0.19528459319612027,306949184.6352332,ok,7924.523539378859,1.114902248243725
681,306948821.1172125,0.04927895427093385,9710.397923827797,536615.3887656662,0.00904781909643316,306948777.1882506,ok,19420.795847640165,1.1150011335806926
682,306948598.36468756,0.04449815338480276,2702.896687711611,816.4474600397784,1.0000131964033967,306946711.9013398,ok,5405.793375423222,1.1149418259807264
683,306946175.78215414,0.06854987843979071,2740.533853447211,823.8955631896802,1.000000000206122,306944259.1438637,ok,5481.067706893216,1.114579172644003
684,306943989.0031357,0.0758263573563455,6494.37536419276,103472.13960586302,0.031382241581794694,306943887.0991074,ok,12988.750728377729,1.114604267793661
685,306943865.5917365,0.04913360443157249,4503.735876347035,15643.862991472603,0.14394577217922455,306943541.44486725,ok,9007.47175269407,1.1146272607680592
686,306943594.2996619,0.1734405191680307,6571.197233191593,1351023.8802275453,0.0024319323031080854,306943586.30930847,ok,13142.39446637595,1.1146130381828687
687,306943594.2996619,0.1994564267241325,6832.276665781819,1096207.0061753043,0.0031163259435915375,306943583.6538614,ok,13664.553331555879,1.1146130381828687
688,306943594.2996619,0.08689663005060104,1793.4773577265928,1545.13887586872,0.580361217278366,306943073.86731064,ok,3586.9547154531856,1.1146130381828687
689,306942942.68499434,0.05696341463317458,3256.11480020326,1437.6205526556605,1.0000000000049103,306941124.1907468,ok,6512.229600405068,1.1147176497531017
690,306940302.31183124,0.06863482053114603,9163.822728391942,506991.78900448856,0.0090374468848753,306940260.90305066,ok,18327.64545678388,1.1145522324667416
691,306940302.31183124,0.07609564921754294,9153.082634569415,408781.73481094395,0.011195562148590852,306940251.07487845,ok,18306.16526912832,1.1145522324667416
692,306939940.986833,0.05323138166050895,3127.650367874239,2403.304165971849,0.6506979874121506,306938923.40893316,ok,6255.300735748477,1.1145605595329204
693,306937816.1954217,0.16688635094972437,7848.4288656398185,516256.14117216517,0.0076012934662819465,306937786.3663162,ok,15696.857731279637,1.1144703308293353
694,306937816.1954217,0.06911351553727675,3236.8028908754663,2627.3724234974698,0.6159771758901891,306936819.29706985,ok,6473.605781750932,1.1144703308293353
695,306936415.72835946,0.062032102919159664,8960.086457864352,384261.66430864914,0.011658834708355624,306936363.49627596,ok,17920.1729157287,1.1142926003862783
696,306936415.72835946,0.07552830912048673,7253.490224050832,499245.74896489043,0.007264448659893281,306936389.38205576,ok,14506.980448088676,1.1142926003862783
697,306936415.72835946,0.07102328280981086,7712.764839733568,411008.84173592494,0.009382723747691363,306936379.5449885,ok,15425.529679454949,1.1142926003862783
698,306936415.72835946,0.07180132995935776,8093.265732332185,368706.85359050694,0.010975203815062147,306936371.315739,ok,16186.53146465264,1.1142926003862783
699,306936346.62029886,0.09686418398603794,2233.045259674209,1432.8237489450823,0.779246317391895,306935476.5741513,ok,4466.090519348418,1.1143093055209548
700,306935580.393852,0.05781541837934738,1727.6134877200268,2306.8177305777103,0.37445816910887236,306935256.93436027,ok,3455.2269754400527,1.1143609387446451
701,306935456.1035216,0.08004976021223789,1246.8472163862598,201.42299847815207,1.000000002616095,306934410.6793015,ok,2493.6944327725196,1.114351622157768
702,306934444.95308775,0.05728413076395955,1947.6611157905927,3117.042813973842,0.31242129672700375,306934140.707682,ok,3895.3222315811845,1.114320871256485
703,306934061.137408,0.057258080171639754,2703.973227555003,1702.825008461332,0.7939668533522144,306932987.7048505,ok,5407.946455108708,1.1141060040476471
704,306932619.658802,0.03347155733063594,3305.202872015723,10556.99686413557,0.15654086642974296,306932360.9591413,ok,6610.405744026283,1.1138423179140187
705,306932215.1549101,0.06091117591114982,1651.6485395881407,149.71416782499875,1.0000000395920192,306930713.2204848,ok,3303.2970791762764,1.113852710887591
706,306930483.17384195,0.05876649236998251,2041.9856612547437,377.5111707685138,1.0000000000000264,306928818.69935143,ok,4083.971322509484,1.1135327894258484
707,306928909.8801352,0.018437774921106518,6498.587246265131,23348.524181300378,0.13916483962334955,306928457.69270927,ok,12997.174492524904,1.1134473309550241
708,306928634.2278974,0.08979629832908356,1812.7171061027334,485.513008120329,1.0000000006048888,306927307.02379894,ok,3625.434212204546,1.113645670078073
709,306927373.5859398,0.05708716999347712,3687.1206506025583,19043.488683047617,0.09680790930615586,306927195.1147191,ok,7374.241301200789,1.1138360040493414
710,306927478.20521915,0.22004834327090864,34362.58535577496,118046224.88094845,0.00014554715913376386,306927475.7045308,ok,68725.1707115499,1.1139956662019408
711,306927478.20521915,0.06512603564565962,3922.0061634700937,10465.412071678551,0.18737944271128168,306927110.7535546,ok,7844.012326938207,1.1139956662019408
712,306927174.9464219,0.0563832938707539,4029.107936113236,24559.352859690483,0.08202797441634246,306927009.6966406,ok,8058.21587222647,1.11391394670148
713,306927137.2736837,0.22031433395296504,34953.444693108235,112903524.09863582,0.0001547934175312893,306927134.5684021,ok,69906.88938621643,1.1139344237242383
714,306927137.2736837,0.21378801709609443,37006.40211917725,106707361.49150655,0.00017340135489210274,306927134.0652036,ok,74012.80423835448,1.1139344237242383
715,306927114.1546908,0.06431196633065868,2955.297696380896,5428.251852477404,0.27221449710666296,306926711.91725266,ok,5910.595392761792,1.1139184602886019
716,306926462.68122613,0.039414437280985856,1640.656705456536,73.832773992488,1.0001729110626398,306924895.5991422,ok,3281.3134109130715,1.1142884924565646
717,306925086.67459446,0.056858288892920696,1794.13150654215,250.30943851725988,1.000000002851492,306923542.8525228,ok,3588.2630130842995,1.1142591279873084
718,306923480.8436095,0.1377984625139974,3484.0764755212494,12099.54365883422,0.1439755322084989,306923230.03272706,ok,6968.152951042499,1.1145049928752258
719,306923337.63186944,0.09739698419201276,5516.01679577082,181929.8710468471,0.015159733704066774,306923295.82119656,ok,11032.033591534371,1.1145928700156436
720,306923337.63186944,0.056314989659808405,2444.33827170134,1724.3426113230103,0.7087739569997373,306922471.39021486,ok,4888.676543401404,1.1145928700156436
721,306922338.580438,0.36116287274107906,17896.045469816396,113118798.2788643,7.91028800787755e-05,306922337.8726237,ok,35792.09093960419,1.1146585967904263
722,306922326.6622744,0.09235990205590741,1476.5073042312688,2266.9266596283387,0.3256627862132384,306922086.2405332,ok,2953.0146084625376,1.114616906001519
723,306922347.22784024,0.05507527019743893,1754.1086135895455,4344.734712643896,0.20186602055181868,306922170.1803775,ok,3508.2172271775935,1.1144889273754854
724,306922146.97064483,0.06760763415811724,1344.762111676309,2080.8180505126275,0.32313303687100736,306921929.7021123,ok,2689.524223351912,1.1145651745831202
725,306921763.1288981,0.06648766824450779,1257.3049213493082,458.7859935914787,1.000000375878054,306920964.60984266,ok,2514.609842697881,1.1145520160900952
726,306920969.79047287,0.08334308164312809,9826.179259727605,363893.7999718156,0.013501438140040673,306920903.4566971,ok,19652.35851944476,1.11470686742134
727,306920932.68241227,0.05605005270363284,1559.673695369751,3360.6341820340585,0.23205050161480867,306920751.7208806,ok,3119.347390739488,1.1147236079240965
728,306920678.8988813,0.0373783927910848,5283.8777854016635,28241.817819051146,0.09354705527909231,306920431.7532777,ok,10567.755570794921,1.1145929256924498
729,306920189.27661353,0.03885741878832232,2029.4834649345194,3028.809206555619,0.33502992868317066,306919849.3077633,ok,4058.9669298670487,1.1146683599766645
730,306920018.6061917,0.05539259925879658,1246.3219490170425,123.30630776354371,1.0002978073434916,306918895.2928406,ok,2492.6438980340754,1.1145993318273444
731,306919056.20326805,0.05224443766584116,4051.5420766617835,25497.447499986054,0.07944995428785567,306918895.2558516,ok,8103.084153317443,1.1144055987041508
732,306918828.17605877,0.04972679113178585,2287.8770288062005,4988.6784024976605,0.22930692702707983,306918565.86303335,ok,4575.754057612401,1.1144342632727042
733,306918795.4689742,0.07965027619313898,2538.1020457180807,2351.021267296895,0.5397871301768961,306918110.4515645,ok,5076.204091434745,1.1146503525590177
734,306918663.2415476,0.023272739625902296,47102.96799704711,3431611.7322659045,0.006863096945694504,306918501.60542965,ok,94205.93599409175,1.1144265339341084
735,306918399.47953355,0.09481117139001119,4431.718986630303,69946.97339215227,0.03167913328990102,306918329.2830253,ok,8863.43797326056,1.1144584509915898
736,306918285.7057172,0.05176310134351381,1532.6937048898808,142.84615144866768,1.0000000011450014,306916895.85816234,ok,3065.3874097797616,1.1143683951757017
737,306916918.98917764,0.07986620076467905,8266.069206252341,588569.0362232793,0.007022174713177172,306916889.9662866,ok,16532.1384124916,1.1144614869671932
738,306916918.98917764,0.06300977147833757,2323.855271701805,2174.511258295164,0.5343396735328305,306916298.125144,ok,4647.710543402176,1.1144614869671932
739,306915895.3181046,0.04488781859619771,166689.25726615297,18622888.400369998,0.004475386784330437,306915522.31865513,ok,333378.5145323059,1.114642749743453
740,306915558.58983815,0.044762661895571355,4099.941778703392,26650.1628817789,0.07692151445548165,306915400.90297276,ok,8199.883557406753,1.1145427160882972
741,306915506.3681487,0.08916116787619378,1246.948603214908,1263.143132486206,0.493589590579722,306915198.62772346,ok,2493.897206429816,1.1144387243880853
742,306914936.2483176,0.12050960599213487,6667.580070103618,909159.6340937796,0.003666891830690241,306914924.0236702,ok,13335.160140207236,1.1142388463252946
743,306914936.2483176,0.1323788938002612,6586.176118142423,650106.7201015597,0.005065457650640444,306914919.56731945,ok,13172.352236275872,1.1142388463252946
744,306914936.2483176,0.08625404830720429,1582.8553442306172,424.6285022690249,1.0000000000005664,306913778.0214756,ok,3165.710688461216,1.1142388463252946
745,306913621.389622,0.13607040886739888,6828.767001808645,307641.13811895525,0.011098592086160097,306913583.4947723,ok,13657.534003610977,1.113999566626453
746,306913587.2041795,0.08675408681026936,6153.363774391661,179841.92337152807,0.017107701194008246,306913534.56922513,ok,12306.727548779227,1.1139753557233263
747,306912350.29274255,0.05380913208898999,1436.6131966985283,308.9477255322467,1.0000000000155176,306911222.62727135,ok,2873.226393397056,1.1139790533806417
748,306911134.12152314,0.1269255933913422,3948.731409543012,80907.84558632705,0.02440264835212918,306911085.9417711,ok,7897.462819086024,1.113829552167819
749,306911134.12152314,0.05371659442000209,3973.4734158560664,24095.244466404143,0.08245347793412632,306910970.30817187,ok,7946.94683170745,1.113829552167819
750,306910770.7018213,0.08858691944755026,6322.390483218092,21596.517549904755,0.14637523083544493,306910307.9811381,ok,12644.780966433636,1.1138444695017018
751,306910705.3904929,0.03228873688435451,26216.9102942564,944266.8404770048,0.01388215130005661,306910523.41693527,ok,52433.82058851277,1.113847916943735
752,306910797.741616,0.026772756232286237,8732.407563805304,8510.068668114956,0.5130632844669863,306908557.60276306,ok,17464.815127610607,1.1139138766853787
753,306907772.1000642,0.05400320773223895,2617.1271089191778,657.92050371285,1.0000000000170988,306905812.89345896,ok,5234.25421783835,1.1137581352319454
754,306906076.00883436,0.04862020768752811,2455.518716461417,1037.5767301157807,1.0000000018971356,306904658.0668473,ok,4911.037432922834,1.1141847999696575
755,306904774.210853,0.04269645468389227,1660.643375004454,1505.3073465703637,0.5515961171610575,306904316.2086342,ok,3321.2867500083667,1.1138771076951315
756,306905128.5623578,0.01770928348285587,6686.625817956998,18431.46225579288,0.18139162604571532,306904522.11339283,ok,13373.251635913603,1.1142196492136867
757,306903423.84135807,0.017240310831719553,7848.224896034254,31117.19270531078,0.12610753435181823,306902928.98121274,ok,15696.449792068504,1.1140231822355036
758,306902783.67365015,0.05302247099769241,2942.727262669806,2656.307509334687,0.5539131392597797,306901968.66600215,ok,5885.454525339611,1.113988695045851
759,306901899.7248459,0.03954258618848596,6277.281756572122,59338.15400478984,0.052894144263953786,306901733.7091225,ok,12554.563513144243,1.1141349239322746
760,306901891.1950238,0.14240094722653016,4912.647630101109,38506.88730234304,0.06378920725958272,306901734.5080749,ok,9825.295260201106,1.1140775164154313
761,306901731.56107795,0.06295157145523565,1600.8305057078123,487.07201306676984,1.0000000000946823,306900617.80258524,ok,3201.661011415624,1.1140500476873951
762,306900415.3582766,0.06180049469921923,3381.5400279777373,5921.766034006867,0.28551786819663266,306899932.6132266,ok,6763.080055952241,1.114247621271935
763,306899652.4506907,0.0554367735694531,3795.0177876771813,4568.434444064134,0.415352111773009,306898864.3163645,ok,7590.0355753520635,1.1142726979752124
764,306899046.6558802,0.013198093734069523,91052.71577482729,3413219.945248781,0.013338243247636754,306898439.41424453,ok,182105.43154965452,1.1144575873201177
765,306898640.7748732,0.01956890689341276,60635.21204069685,3288395.6871810067,0.00921957358675967,306898361.25947356,ok,121270.42408127249,1.1144735352860557
766,306898237.0128591,0.036321777240521415,3596.9759949549716,941.3878869816944,1.0000000317499527,306895581.42469674,ok,7193.951989909943,1.114505466075146
767,306896042.7595444,0.04784228365003577,7605.777530858353,26337.115935471353,0.14439275639544763,306895493.6499533,ok,15211.555061716706,1.1144412771451861
768,306895808.07045615,0.07274213823145684,2763.8239568545987,2426.6429248706727,0.5694747934539846,306895021.10641766,ok,5527.647913708029,1.1146935008211099
769,306895283.10748243,0.07173816054560665,2535.354049521091,1656.9849187752584,0.7650504300893303,306894313.27062947,ok,5070.708099040783,1.114918825375078
770,306894857.1878876,0.047038975499639375,3993.9135710992978,2689.7476892922878,0.7424327543804221,306893374.58176094,ok,7987.8271421985555,1.1145961107800213
771,306893785.0282888,0.05914037219370221,29133.628368723053,1962382.120523466,0.007423026347425049,306893676.8984433,ok,58267.25673744611,1.1145953221061493
772,306893728.81216747,0.020205558906738433,55656.82634423552,3057853.7866365244,0.009100635646391558,306893475.5559186,ok,111313.6526883783,1.1146287309337275
773,306893429.05015343,0.026774767851153118,6133.442137180542,19961.42822188697,0.15363234706962123,306892957.90259784,ok,12266.884274352566,1.114660697024675
774,306893139.3428481,0.07453952917728886,84201.86532763981,112418026.35449249,0.0003745033961996563,306893123.57590586,ok,168403.73065527956,1.11463832557485
775,306893167.10486215,0.06512235585471784,20564.037874636084,2910507.801843828,0.0035327233724659,306893130.7813335,ok,41128.07574923442,1.1146063335292773
776,306893167.10486215,0.0194004181269227,7990.07481651762,27929.47032391672,0.1430402138646273,306892595.6538569,ok,15980.149633035218,1.1146063335292773
777,306892270.7641167,0.052266615608955624,2856.4133730844123,2503.1337871573087,0.5705674598256905,306891455.87585545,ok,5712.826746168825,1.1145059673691424
778,306891998.6905751,0.025403253135979523,11162.824801391436,68686.6317194175,0.0812590785277635,306891545.15014654,ok,22325.649602775273,1.114489454651924
779,306891830.42577016,0.05052596893761321,3057.239336286587,10756.576923896502,0.142110234413641,306891613.1932708,ok,6114.4786725695885,1.1143136638545315
780,306891700.0635444,0.24490041243555524,6762.001206784702,2041390.5473274726,0.0016562242868316676,306891694.46384907,ok,13524.0024135694,1.1143094107743252
781,306891675.77992225,0.23117445360705283,6360.140438636558,843956.6866884051,0.0037680490829411295,306891663.79726154,ok,12720.280877268504,1.1142931320352982
782,306891782.01790816,0.06258337848453381,2166.5276525197733,837.8807498011322,1.0000002348791963,306890453.37089014,ok,4333.055305038097,1.1143251245393326
783,306890477.74446255,0.04074417500405686,2870.0601501386755,3246.555375912453,0.4420162014535232,306889843.4379198,ok,5740.120300274082,1.114352139489326
784,306889524.2393431,0.055437919765016525,2702.4558475178183,535.4245654321026,1.0,306887357.20806104,ok,5404.9116950356365,1.1142745489335981
785,306887168.00407463,0.06822135906256328,21070.744885812455,1388024.2135697533,0.007590193557078596,306887088.0385586,ok,42141.48977162491,1.1141972776182367
786,306887105.1121353,0.019037111972340013,386149.0295018011,133754611.61182219,0.001443498002979026,306886826.4094588,ok,772298.0590028076,1.1141805696704754
787,306886831.9931423,0.04895680531427532,3778.986636246384,2799.9465696871694,0.6748319195013425,306885556.9027396,ok,7557.973272490515,1.1141645621438503
788,306886022.9956695,0.039119551003191935,4215.885454440629,2086.139411577,1.0000000013093906,306883893.2496266,ok,8431.770908881146,1.1142187620712933
789,306884115.4377023,0.02417874624618745,53347.6005256458,3145907.9655434918,0.00847888767089685,306883889.2735461,ok,106695.20105119568,1.114774559568028
790,306884262.7648263,0.0165845702138442,73078.2523309016,6558734.5675942395,0.0055710634100037135,306884059.20303744,ok,146156.50466166885,1.114723947715511
791,306883899.16648513,0.03686026041159734,6308.49812481716,22004.5755175509,0.14334514473559118,306883447.02019674,ok,12616.996249634318,1.1146725354279425
792,306883625.6144273,0.06892755893929475,3535.8147445027616,3362.3812455656634,0.5257902787147983,306882696.0659174,ok,7071.629489005523,1.114674888519664
793,306882852.9630743,0.10887873095480677,5993.991892840613,103811.11950393199,0.02886970067119632,306882766.44069844,ok,11987.983785676442,1.1143328339049399
794,306882852.9630743,0.04483216657908714,2823.2300029349362,2369.591681893309,0.5957207785012076,306882012.03468674,ok,5646.460005866794,1.1143328339049399
795,306881179.9275676,0.049874951194583086,145245.54980301476,130883260.85483852,0.0005548667906589878,306881139.6316016,ok,290491.09960574034,1.1141873581259478
796,306881114.5818154,0.04756729517019094,6365.672386708652,110323.15811093434,0.02885011857758692,306881022.7566138,ok,12731.344773417302,1.1140861691200463
797,306881114.5818154,0.04500747679215359,7580.020064544533,116067.03629258768,0.032653629775797985,306880990.82423097,ok,15160.04012908014,1.1140861691200463
798,306880861.9130894,1.9772474450666326,4423.3499691430625,32668057.367021136,6.7701454044961e-05,306880861.7633558,ok,8846.699938286125,1.1141350098994813
799,306880861.9130894,0.05126934850865765,2675.4499814751766,15138.464522136073,0.08836596266295785,306880743.70373285,ok,5350.899962946692,1.1141350098994813
800,306880577.2364661,0.12371832593609547,18084.695405800074,3951023.9304745663,0.0022886086903082716,306880556.54207057,ok,36169.39081160015,1.1140167595989396
801,306880533.0609045,0.0888811948434895,1412.7386069901113,933.153275505591,0.7569702877722186,306879998.36032957,ok,2825.4772139802226,1.1139838070431285
802,306879685.07373196,0.17503156660744051,43249.817306676014,112929424.66995372,0.0001914904704113983,306879680.932768,ok,86499.63461334739,1.1140521745220386
803,306879685.07373196,0.035834774480096795,3964.8676230831106,6892.182356204213,0.28763513631600385,306879114.8561123,ok,7929.735246162554,1.1140521745220386
804,306878332.9991822,0.07215476831717958,2915.758704639495,8360.350075276589,0.17438018015908455,306878078.77391815,ok,5831.51740927899,1.114078773303599
805,306877450.47351056,0.10008558895574023,1945.9555949852092,3106.830630211393,0.3131737494896534,306877145.7624055,ok,3891.9111899704076,1.1140642697685017
806,306877196.772826,0.07873515484678016,1639.6240006294704,1868.244013653791,0.4388141989607663,306876837.0276798,ok,3279.2480012589403,1.1141294920576925
807,306876848.7151364,0.17918041301149257,41303.01076964738,128360404.50204094,0.0001608868830301585,306876845.3925801,ok,82606.02153920999,1.1141220149636126
808,306876848.7151364,0.08306466660718917,2179.353308324928,10099.035472331714,0.10789908176358491,306876731.140026,ok,4358.706616649855,1.1141220149636126
809,306876739.8399798,0.07731815854923298,1459.638764842336,1336.088818724577,0.5462356784916811,306876341.1865943,ok,2919.277529683793,1.1141247228853022
810,306875994.5829137,0.055440588801666135,1002.7853547362663,142.85300967675363,1.0014142352638997,306875133.6367355,ok,2005.5707094725326,1.1140752030086052
811,306874964.6299684,0.12848142143891136,1108.6325330535046,672.9822010016148,0.8236715112253351,306874508.05545145,ok,2217.265066107009,1.1144014966857858
812,306874425.86670554,0.09019797018961292,13307.523645338344,2882522.8752086414,0.0023083118888302186,306874410.507748,ok,26615.047290651808,1.114317102168524
813,306874425.86670554,0.04740989623351895,2165.811283741791,7831.353155720439,0.13827822859449052,306874276.1244316,ok,4331.6225674835805,1.114317102168524
814,306874425.86670554,0.18649152759915089,3436.050286887897,110244.70432575153,0.015583743037375477,306874399.09344316,ok,6872.10057377259,1.114317102168524
815,306874389.6959842,0.06719053544510563,2388.7911265185094,7084.798279236517,0.1685856839085568,306874188.3379913,ok,4777.58225303419,1.1142971784995517
816,306874051.4542955,0.0842181005893485,1046.2374543820868,1544.9707170150668,0.3385945904539379,306873874.32912433,ok,2092.474908763049,1.1142967847078467
817,306873831.55872357,0.10012995050214134,13246.181090646805,3059147.098290148,0.002165012120216531,306873817.2196523,ok,26492.3621812936,1.114296813492106
818,306873831.55872357,0.1774870575476174,42219.738988794066,135146525.99792483,0.00015619986779920022,306873828.26136476,ok,84439.4779775034,1.114296813492106
819,306873831.55872357,0.15633881123325438,41988.71519516615,126037557.39451933,0.00016657223474957634,306873828.0616465,ok,83977.43039025758,1.114296813492106
820,306873831.55872357,0.2210722572642538,1794.6522305611252,19463.351348107306,0.046103371368663194,306873790.1889644,ok,3589.304461122247,1.114296813492106
821,306873738.6506275,0.3207867305404728,3168.8632797915893,396521.0339610908,0.003995832513770932,306873732.319504,ok,6337.726559583013,1.1142565841142922
822,306873723.46518505,0.15623387388916457,54794.03001173435,86393707.05044918,0.0003171181784093235,306873714.7770936,ok,109588.06002339014,1.1142323702403987
823,306873723.46518505,0.15310656317831464,43734.59768226619,133772285.20262823,0.0001634665865803978,306873719.8906123,ok,87469.19536445448,1.1142323702403987
824,306873693.34619206,0.08216016710485856,1229.865207380005,796.7240071190695,0.7718263767569659,306873218.72498864,ok,2459.7304147600094,1.1142163789467459
825,306873438.1836202,0.035495077102381645,4093.078919947458,22379.709175908163,0.09144620441166572,306873251.03535444,ok,8186.157839894894,1.113967375523056
826,306873250.7650639,0.16054020218206022,45594.27947135643,119913203.79815584,0.00019011367400417013,306873246.43101585,ok,91188.55894262601,1.1140368457272753
827,306873219.64607096,0.059209168893622856,2482.1364440281427,5216.128669560583,0.2379289892246123,306872924.3599633,ok,4964.272888053432,1.1140208640902811
828,306872702.81207144,0.2536433868884355,2077.11768873123,32893.720508564045,0.03157316437023963,306872670.02148235,ok,4154.235377462459,1.114333002655461
829,306872547.71538913,0.05493831367126449,3559.161939261014,25916.182260881713,0.0686667870952827,306872425.51728153,ok,7118.323878521998,1.1144198278853867
830,306872654.06651217,0.08617753961959643,1453.5973975501254,2783.6241355741977,0.26109800151777346,306872464.3008244,ok,2907.1947951002508,1.1144857992539077
831,306872415.97226375,0.04997827558920728,157819.71197770457,147344711.12586913,0.0005355459003984445,306872373.71241385,ok,315639.4239553968,1.1142956873120013
832,306872415.97226375,0.1265634886581223,9714.110801173472,2788810.691957586,0.0017416224825132754,306872407.5131069,ok,19428.221602332225,1.1142956873120013
833,306872415.97226375,0.09205198673205758,2489.264410313309,8799.045985805682,0.14145081264087633,306872239.91802686,ok,4978.528820626526,1.1142956873120013
834,306872515.06457394,0.043274369826814825,5052.995001757248,15179.858427949323,0.16643748773221817,306872094.5606772,ok,10105.990003511934,1.114414539797857
835,306872017.183267,0.15631152896428535,48667.2044238303,91408854.03100944,0.0002662061839617883,306872010.70551157,ok,97334.4088476581,1.114351419745498
836,306872017.183267,0.13603730434259803,1458.5601742738927,3531.3305854073596,0.20651708173417008,306871866.5744716,ok,2917.1203485477854,1.114351419745498
837,306871781.9288296,0.07268839296105357,1234.0830658488699,11690.349709830514,0.05278212784392237,306871749.36006457,ok,2468.1661316977397,1.1143952675493969
838,306872127.84242225,0.019927623807600957,69093.77586029973,4156555.7001445685,0.008311421865211213,306871840.70866257,ok,138187.55172059947,1.11428489570726
839,306871712.0804082,0.10914499239108177,71733.20581897441,24197579.709641553,0.0014822392710290822,306871658.9175208,ok,143466.41163792118,1.114316786787069
840,306871582.90484667,0.05926234271484416,2759.4675442632624,18886.44192111411,0.07305419294404823,306871482.10950947,ok,5518.935088526496,1.11428380199815
841,306871582.90484667,0.041776492562281525,934.9608847838639,74.07810428074845,1.006700440859106,306870716.75345373,ok,1869.9217695677276,1.11428380199815
842,306870511.9174967,0.3492636855938171,3474.8159125155025,89192.2309139172,0.019479364272596673,306870478.0738942,ok,6949.631825031005,1.114199962476718
843,306870515.7464961,0.05259059313196731,150082.53866111496,148125890.85845298,0.0005066046785991374,306870477.73023796,ok,300165.0773219348,1.1142085147746625
844,306870451.5085101,0.10961578726330355,11684.233025089936,1804443.8891460632,0.003237627142459773,306870432.59391516,ok,23368.466050179864,1.1141766065785994
845,306870451.5085101,0.1143853007148853,10785.016889245264,2656258.4816424535,0.002030114343875248,306870440.5611014,ok,21570.03377849052,1.1141766065785994
846,306870451.5085101,0.11501613051886503,10839.049637045504,2545035.3510586843,0.0021294497211083283,306870439.9679045,ok,21678.099274071632,1.1141766065785994
847,306870499.72463137,0.056293553642195064,10074.840585528511,608874.6059898316,0.008273329587419814,306870458.048393,ok,20149.68117103937,1.1141431366102248
848,306870947.29238886,0.0363398517103517,4949.598799909465,32453.493913712402,0.07625679399989252,306870758.5721208,ok,9899.197599818928,1.1142101099466748
849,306870950.4400323,0.13900286552828361,2822.5780832168457,14566.800125618327,0.09688394358665074,306870813.7087844,ok,5645.156166432753,1.1141258302418686
850,306870745.5428616,0.08398670417405327,2633.790461647025,7655.494450366648,0.17201961798306076,306870519.01104707,ok,5267.580923292464,1.1140800260380868
851,306871104.1484045,0.028594958403587604,49309.83622093597,4464720.999064108,0.0055221632248994125,306870967.99992234,ok,98619.67244178323,1.1143045492622754
852,306870911.25646514,0.03923140271557386,2317.6131801308784,3519.701300915496,0.32923435570058923,306870529.73752403,ok,4635.226360260956,1.114287788281266
853,306870601.83853936,0.1564519931911919,7851.267757986964,2433308.219349998,0.0016132908473231247,306870595.5053501,ok,15702.535515973928,1.1143481105565574
854,306870601.83853936,0.06315538710550626,785.7589185036237,12.222231663770629,1.0000002843923956,306869828.301636,ok,1571.517837007247,1.1143481105565574
855,306869753.59791106,0.06184305757087384,1122.9633135614756,131.10325666128324,1.0000209207869466,306868761.71984655,ok,2245.926627122951,1.1144540701872998
856,306868602.0130779,0.09249234588589685,1773.1099863237453,8578.923062007387,0.10334105886647585,306868510.39554614,ok,3546.21997264591,1.1144957587054796
857,306868457.4415165,0.09936221433068895,1654.3641528647036,3722.0976988263683,0.22223545520934992,306868273.6123312,ok,3308.7283057293835,1.114680029321038
858,306868348.40915716,0.04371262769770974,1456.9536210353367,2241.4206133155367,0.3250067417913573,306868111.64928246,ok,2913.9072420698494,1.1143659533247785
859,306868233.9322573,0.08887722058657506,755.7004157727886,102.01842918221752,1.0000204132122086,306867580.2390095,ok,1511.400831545549,1.11447187473809
860,306867590.48668206,0.057361819029391116,1395.080995067416,2370.4655767001163,0.29426307827036324,306867385.226268,ok,2790.161990134832,1.1145349635924422
861,306867103.2388757,0.07437283717578526,15052.20404344616,3149985.500454713,0.0023892497348437496,306867085.25713843,ok,30104.40808686653,1.1145611894332115
862,306867043.34693617,0.061177295808211615,1778.531474702561,2213.9438499967355,0.40166589471209563,306866686.15921813,ok,3557.062949405122,1.1145444530350037
863,306867436.53508294,0.024645441300979436,12979.894414120652,149716.98399406733,0.04334810275978773,306867155.20818454,ok,25959.78882822724,1.1145204058265472
864,306867009.4448974,0.04085614575962676,2377.5127054196464,2419.551785157606,0.4913126307120512,306866425.39388645,ok,4755.025410839293,1.114546261007864
865,306866707.9206136,0.015507745563770913,90893.36407585954,6216500.952040624,0.0073106531131490425,306866375.67568606,ok,181786.7281515861,1.1146724627839415
866,306866399.0396066,0.04172826636045843,3611.215463581606,19239.80758516743,0.09384749425367447,306866229.5878453,ok,7222.430927163212,1.1146884056525286
867,306866314.26833206,0.11876229289178467,62657.18991504645,125745243.24684684,0.0002491433802869423,306866306.46302,ok,125314.37982997079,1.1146919910108508
868,306866314.26833206,0.086083170821194,13738.24081509633,2911038.8874992775,0.0023596800568504495,306866298.0594056,ok,27476.48163019266,1.1146919910108508
869,306866314.26833206,0.08029129900241716,7188.678849233611,323634.8950116083,0.011106155362164768,306866274.34904003,ok,14377.357698460903,1.1146919910108508
870,306866314.26833206,0.07273607082196533,14523.544264818174,3127346.9770727004,0.002322023167127539,306866297.406329,ok,29047.088529636338,1.1146919910108508
871,306866255.38732505,0.0870337869062161,1320.7117987698202,544.3283290540694,1.0000000000056206,306865479.00385535,ok,2641.4235975396405,1.114707944939278
872,306865275.0792091,0.0886727013441603,1928.3910921621778,12648.177153368744,0.07623197670221458,306865201.5766767,ok,3856.7821843243555,1.114536687295585
873,306865096.4012626,0.0429176702462951,831.7675905465223,37.807289278585785,1.0000000093374184,306864302.4409542,ok,1663.5351810930442,1.114454135116456
874,306864398.4190095,0.08962960157316857,1958.3651145679746,4069.303451390427,0.2406265762631719,306864162.8016632,ok,3916.7302291343785,1.1146777768664133
875,306864247.65631527,0.05089148762672865,1643.9834240036664,182.98025649995293,1.000000000000284,306862786.65314776,ok,3287.966848007331,1.1145313537440318
876,306862720.49489695,0.05065035476168711,1661.5041000960503,36.90139227714002,1.0000000031899001,306861095.8921841,ok,3323.0082001918995,1.1145764141478107
877,306861125.0976084,0.09153418992077283,1107.703065453452,656.3372065057683,0.843852104126994,306860657.7288271,ok,2215.4061309060653,1.1143921824814456
878,306861008.41648066,0.21204946604676744,6305.829048785736,712552.4879318923,0.004424817227912384,306860994.4654101,ok,12611.6580975668,1.114179709718516
879,306861008.41648066,0.10468601387023428,14256.817766269392,1623810.412845622,0.004389926820731875,306860977.1232873,ok,28513.635532538334,1.114179709718516
880,306860948.6019231,0.03725845976808305,31710.124966643663,2894663.218813845,0.005477342711328888,306860861.75831217,ok,63420.24993328731,1.1142039089208708
881,306860771.5469368,0.05577451942550069,3855.3737537887637,4169.432106855749,0.462337994117882,306859880.3040529,ok,7710.747507577527,1.114206272056074
882,306860242.21240616,0.06988869961855261,3398.1555527133582,5413.821932640475,0.31384072056614365,306859708.97261256,ok,6796.311105426716,1.114131550998657
883,306859078.0528718,0.046408236932579526,2252.5067948341707,3371.8480470144586,0.33401665250434576,306858701.86548215,ok,4505.013589666719,1.1140739568283529
884,306858953.5639168,0.055796053030120356,5664.504916081458,6814.941001824722,0.41559456747789664,306857776.4951815,ok,11329.009832162916,1.1140897645937606
885,306857353.92698526,0.027458396900752892,4327.745246068633,1067.2096372370288,1.0000000000000657,306854093.39137644,ok,8655.490492137265,1.1137930498641584
886,306854048.91899675,0.0598948082373391,130930.43908637395,107351296.55413488,0.0006098223463018383,306854008.996843,ok,261860.87817251252,1.11399640848549
887,306854048.91899675,0.06215767314654598,123769.14104624424,128533926.92730463,0.000481464870812843,306854019.12375003,ok,247538.2820922519,1.11399640848549
888,306854048.91899675,0.05057078364829026,134551.2661293604,190641948.29063767,0.0003528899786636521,306854025.1781,ok,269102.5322587208,1.11399640848549
889,306854048.91899675,0.01977004663727411,59701.61919279587,3414731.125798109,0.008741774534128525,306853787.9699496,ok,119403.23838558524,1.11399640848549
890,306853786.0270574,0.05575575879706072,147479.03916562832,100500004.83323239,0.0007337265277267994,306853731.9224158,ok,294958.07833100494,1.1139796731779796
891,306853574.016125,0.04921682500419477,3680.220257243471,1449.114965810821,1.0000000000003395,306851342.9108336,ok,7360.440514485778,1.1139469965940396
892,306851387.48290896,0.05449263303648599,140382.8414421173,117407951.02702664,0.0005978421402218406,306851345.5195198,ok,280765.6828842345,1.1140555010358044
893,306851297.363916,0.01838665411699063,10511.519231154038,47269.08039807239,0.11118810798340276,306850712.98594826,ok,21023.038462307857,1.1140395370970158
894,306850524.24367905,0.04247893443384412,4025.168817094702,10519.582920067103,0.19131789005704353,306850139.20027643,ok,8050.337634189391,1.1142366613964736
895,306850172.92692995,0.09763394936837061,13461.5470633923,2337094.887760182,0.0028799744361884976,306850153.5424742,ok,26923.094126763317,1.1142444147795754
896,306850428.28390884,0.023337234486436882,314592.35011204274,135411989.04708493,0.00116161187914703,306850245.5668034,ok,629184.7002234827,1.1142922923448726
897,306850122.0459229,0.05092265868407314,2883.53358271776,997.3054520553677,1.0000000000000002,306848235.8177922,ok,5767.067165435519,1.1142603623518106
898,306847951.77047324,0.07428488175070894,18051.887310112594,1229171.0656782114,0.00734311432076878,306847885.49193716,ok,36103.774620205666,1.1144517068226865
899,306847893.88946617,0.028067484602960626,7288.599137592486,12113.034349273395,0.30085769293759557,306846797.47390556,ok,14577.198275184972,1.114467647766757
900,306846337.3909577,0.05701478516030822,11965.498837759449,200203.63673728242,0.0298833203850867,306846158.6065401,ok,23930.997675518876,1.1143472476777667
901,306846323.0200728,0.08195118464066951,8017.665754213269,631753.5165887045,0.006345564799944812,306846297.581764,ok,16035.331508426532,1.114298852098102
902,306846262.20551527,0.03543102499179137,2104.3093651030335,1335.031771108981,0.7881120924017526,306845432.9896869,ok,4208.618730206067,1.1143230436322922
903,306845185.6744655,0.07570372428686824,5455.346239060606,41776.0371931046,0.06529276836196715,306845007.5771363,ok,10910.692478121211,1.114231803909158
904,306845011.6059249,0.08636343483930997,5128.797534525964,38301.44408796553,0.066953056949326,306844839.9115882,ok,10257.595069049607,1.114200744241188
905,306844919.117265,0.04612133780472015,4054.0259620187053,10766.514491043617,0.18827012053859882,306844537.49128675,ok,8108.051924033452,1.1143539820208952
906,306844716.75247204,0.025617455822500596,4065.01282892363,9557.949266800802,0.21265088961307357,306844284.53817487,ok,8130.0256578472145,1.1145037950177548
907,306844041.3330596,0.022017227112248437,3611.557851897743,13.24197763595265,1.0,306840443.01718533,ok,7223.115703795484,1.1145046974247546
908,306840122.31172866,0.061186933710548265,1950.9407846698846,675.6074754960212,1.0000000833488134,306838846.9783695,ok,3901.881569339769,1.1145290277862774
909,306838291.5727059,0.024943168296221774,5573.500848535857,34698.21832233544,0.08031393423085592,306838067.7578156,ok,11147.001697071713,1.1149238719718682
910,306837979.3721363,0.07135494845485064,15226.697090173911,3163802.8461873927,0.002406391584817487,306837961.0514384,ok,30453.394180322222,1.1149835591534716
911,306837915.4911293,0.031820613855446274,1870.8037253776029,1702.0556308816726,0.5495718504830884,306837401.42059666,ok,3741.607450755205,1.1149995074981387
912,306838915.57440215,0.01749393671419813,67142.86525913727,2631186.308791285,0.012759048083140372,306838487.234879,ok,134285.73051817753,1.1148647937552072
913,306838915.57440215,0.014087685630486051,83226.89695418,3809500.489946789,0.010923597092822859,306838461.00585735,ok,166453.79390822235,1.1148647937552072
914,306838582.69339514,0.019624925880593537,82763.20160289163,2621837.9351852173,0.015783432013894653,306837929.5497123,ok,165526.40320578325,1.1148807206453526
915,306838032.5786264,0.02554697496605178,44834.13089223241,2949378.471433637,0.007600606589909667,306837862.19533104,ok,89668.26178446479,1.1149146909455325
916,306837770.81661236,0.04664178731679092,1951.7907936481995,3082.7094629200656,0.31657066893994373,306837461.8767538,ok,3903.5815872953294,1.1149465790268982
917,306837409.15118,0.021656091033191945,2075.003189880395,822.6224317956917,1.0000000083239675,306836156.77041835,ok,4150.00637976079,1.1149766956057894
918,306835411.85547155,0.03438365557242399,3883.2704344877493,7609.795083762052,0.25514947457481196,306834916.4482661,ok,7766.540868973182,1.1149295701190418
919,306835034.9728005,0.02647595526344221,19590.440910616002,560798.8197114042,0.01746654969842621,306834863.8840956,ok,39180.88182119461,1.1150162027046973
920,306834834.04584026,0.06089755075458817,2462.8989427060824,1151.8649192186608,1.0,306833523.0118168,ok,4925.797885412158,1.1150011794927526
921,306832936.88748205,0.04008326506643777,2139.0791834469396,2539.8223962765805,0.42110802443959533,306832486.49577755,ok,4278.158366893878,1.1147488872726434
922,306832512.3028411,0.08541907438046598,1766.5034968301165,1030.2951723185229,0.8572802941776717,306831755.1085224,ok,3533.0069936602326,1.114650925365888
923,306831817.26805335,0.027459130374735557,38740.223310911686,3294810.7730985153,0.005878975452432355,306831703.39164245,ok,77480.44662182337,1.1147541540491641
924,306831817.26805335,0.03339093814685769,46063.42345013827,4163682.8330066567,0.005531572083850968,306831689.8664797,ok,92126.84690019312,1.1147541540491641
925,306831651.38704634,0.033429750338409114,84246.28334456842,9919977.240709672,0.004246294184972418,306831472.51979476,ok,168492.56668908746,1.114770105552675
926,306831408.57694334,0.050643418188742365,1831.003701976334,1690.1950430148186,0.5416545592011539,306830912.6911918,ok,3662.007403951108,1.1147117068109509
927,306831199.096105,0.022836601269623617,49707.147429267374,2337976.4899624935,0.010630377944917828,306830934.8932231,ok,99414.29485850505,1.1146386715782022
928,306830629.03954023,0.15964274142230145,7795.669279176856,2269450.4389868653,0.0017175235786724256,306830622.3449173,ok,15591.338558340702,1.114665733873533
929,306830598.1585332,0.06938730967745234,1233.938581749061,1000.1527753504041,0.6168750475729821,306830217.56557256,ok,2467.8771634972886,1.1146816929171184
930,306830351.44230354,0.05479405066562257,2203.240201902323,1244.512072969899,0.8851823336050564,306829376.3076518,ok,4406.480403803065,1.1147155987733584
931,306828928.4656699,0.07393019424206758,13863.207602219354,2938006.3506038506,0.002359288229477455,306828912.11201864,ok,27726.4152044387,1.1145814369030642
932,306828928.4656699,0.0929375190732612,2384.3365521317855,7471.848374741598,0.15955466656630624,306828738.24965805,ok,4768.673104263571,1.1145814369030642
933,306828706.78004014,0.09674573773247319,2598.2530112265626,7690.928783344345,0.16891672543200503,306828487.33584493,ok,5196.50602245311,1.11457606873336
934,306828441.2041764,0.11099625559224131,1511.1411490859925,1534.064238956794,0.4925286408193734,306828069.06402826,ok,3022.282298171984,1.1145152001060517
935,306827817.7430896,0.04914997606547287,10935.648400314478,512688.4019388797,0.010665004668486898,306827759.428719,ok,21871.29680060946,1.1142141430416768
936,306827916.41890776,0.031138272236034426,37788.08853035189,3321867.4082032163,0.005687777970462599,306827808.953779,ok,75576.1770606289,1.114264306234599
937,306827916.41890776,0.031162119995963414,38472.36386353288,3511422.883512777,0.005478172971443087,306827811.0397758,ok,76944.7277270657,1.114264306234599
938,306827747.5269684,0.15286289556531574,7910.379350114957,2686600.588388608,0.0014721911742860726,306827741.7041731,ok,15820.758700215616,1.1142475768155489
939,306827747.5269684,0.06270965692451994,1493.7924581967118,585.1474411642123,1.0000000000098255,306826838.88195133,ok,2987.5849163921353,1.1142475768155489
940,306826907.03435963,0.3161936750665684,24008.842794256285,111619845.15234455,0.00010754737547560549,306826905.7433156,ok,48017.68558851256,1.114085387313394
941,306826907.03435963,0.311150831011444,24967.691269585568,102266706.58420596,0.00012207145464798594,306826905.51043844,ok,49935.38253912758,1.114085387313394
942,306826907.03435963,0.3046227241378844,23640.9142377637,116243924.26026629,0.00010168666615569722,306826905.8323767,ok,47281.8284755248,1.114085387313394
943,306826907.03435963,0.0851672436783415,1525.4917102330746,5144.6157090228435,0.14826099717784585,306826793.94889855,ok,3050.9834204661483,1.114085387313394
944,306826739.8798347,0.06417493551803617,1778.141204010346,2105.6086400338627,0.42223924479663744,306826364.4793352,ok,3556.282408020692,1.1140951367432006
945,306826259.5378182,0.2672734212902779,27477.73486408268,109112191.72244617,0.00012591505325994682,306826257.807888,ok,54955.469728165335,1.1141583154640395
946,306826241.6196546,0.030679012048990203,1629.7543463476477,52.64266717692914,1.000000000000126,306824664.5079754,ok,3259.5086926952945,1.1141166399125702
947,306825003.8974166,0.2698027924714421,27648.34555002357,120379745.50229259,0.0001148380295815504,306825002.3098758,ok,55296.691099993,1.1141572445221533
948,306825003.8974166,0.11001330411934611,2036.1613051834229,1670.448730703798,0.6094653693219132,306824383.4125157,ok,4072.3226103658067,1.1141572445221533
949,306825005.27111036,0.4013269005361017,20748.02926851437,74814337.22022049,0.00013866345702857262,306825003.8326136,ok,41496.05853702874,1.1142137395600624
950,306825005.27111036,0.026284087629621453,3497.953030487378,15297.138694095333,0.11433357245553318,306824805.30437726,ok,6995.906060974756,1.1142137395600624
951,306824996.20722103,0.05960612660076047,19596.733491814233,3080968.5475478317,0.0031802878201095943,306824965.0455946,ok,39193.46698362846,1.1141337777105758
952,306824996.20722103,0.04806504973904258,3267.40360480797,13424.931354782613,0.12169163172830534,306824797.39938295,ok,6534.807209613476,1.1141337777105758
953,306824620.0337462,0.06002581812636758,19279.31291898823,2847759.6951893256,0.00338499645028976,306824587.4035433,ok,38558.62583793876,1.1141042394365552
954,306824620.0337462,0.06091175932559867,19416.244901797323,2919629.2350185253,0.003325121674511888,306824587.75305784,ok,38832.48980359464,1.1141042394365552
955,306824620.0337462,0.06608111953689035,1400.6921281993145,2876.7163289578903,0.24345329327391912,306824449.53219044,ok,2801.3842563986286,1.1141042394365552
956,306824544.10234857,0.06305371220144257,18461.528471269936,2991296.667106316,0.003085873874410629,306824515.61737436,ok,36923.05694250283,1.114259079205322
957,306824544.10234857,0.06157447981808196,18840.049870304836,3073033.605210925,0.0030653829880607024,306824515.2263644,ok,37680.09974057293,1.114259079205322
958,306824460.22134155,0.11059521677227907,1916.6637513276328,18150.992960284995,0.052797765817037115,306824409.6235596,ok,3833.327502652876,1.114275033453084
959,306824442.89339423,0.04773425579928697,2398.1288292328186,5105.317204893265,0.23486580098630283,306824161.2741701,ok,4796.257658465636,1.114282171815347
960,306824460.74028623,0.03314901849248216,1982.5623182074444,886.6506078277322,1.0125908903558332,306823362.33435345,ok,3965.1246364148888,1.1142541457317332
961,306823190.22979,0.026865737628308687,33244.103229471424,1155456.2547307773,0.014385703956060777,306822951.10987633,ok,66488.20645894285,1.1140971420648418
962,306822834.189367,0.07071799909235965,1786.4512189578409,2878.876485889599,0.3102688197485852,306822557.04931134,ok,3572.90243791563,1.114132676868346
963,306822565.55388135,0.0743670091010419,1608.647372123479,13928.866063876863,0.05774509442284562,306822519.10813415,ok,3217.2947442449668,1.1141489270373857
964,306822565.55388135,0.12956543000452297,3691.0306574461742,145457.320752305,0.012687675801933413,306822542.13858116,ok,7382.061314889727,1.1141489270373857
965,306822565.55388135,0.14754651514115025,3639.585438897371,221254.78349341286,0.00822487401499667,306822550.58631545,ok,7279.170877794605,1.1141489270373857
966,306822468.145676,0.1314711436873125,4839.599185640886,105363.87399120127,0.022966122079210147,306822412.5722631,ok,9679.198371278359,1.1142140297215564
967,306822493.4782532,0.09714294928592891,17476.668485067195,5478883.919503396,0.0015949113671540674,306822479.5413846,ok,34953.33697013438,1.1142545792564027
968,306822448.59724617,0.06993624878767846,1967.4455172124815,10878.182401571212,0.09043080197516773,306822359.6384082,ok,3934.8910344249102,1.1142705426441326
969,306822334.29888463,0.07383427157424936,2392.8662358468487,10695.012345324094,0.11186832509328613,306822200.45591563,ok,4785.732471693645,1.1142936834616748
970,306822256.61653405,0.1585555273692386,3016.6636829352774,393565.05228654895,0.0038324841921417462,306822250.8358761,ok,6033.327365866031,1.114265775320363
971,306822228.7920956,0.09087289292649782,1374.642874048884,1413.8656176252343,0.48612925334367,306821894.66503865,ok,2749.285748096582,1.1142988003674503
972,306821519.97753614,0.06279075263360048,1485.060771822169,1395.2331653694066,0.5321908942112121,306821124.80962604,ok,2970.1215436443217,1.1143854437563032
973,306821103.5141708,0.05139871737962146,1247.33094394749,34.51950666423414,1.0000000000005418,306819890.7027336,ok,2494.6618878949794,1.1143183685702844
974,306819794.25687426,0.08817207837726043,2011.5182934855598,14659.656440040939,0.0686072794991075,306819725.2544754,ok,4023.036586968781,1.1143458997047224
975,306819665.91476065,0.05966089913510094,1938.6103426304035,5808.290641022164,0.16688303516860856,306819504.15417165,ok,3877.220685260135,1.1142653934444589
976,306819514.8730706,0.08930198779885973,932.8237970448359,64.67160646437299,1.000000184839658,306818646.7207315,ok,1865.6475940896717,1.1142534593463909
977,306818409.9722468,0.06237647517209244,1770.7051403434855,1820.563691613293,0.48630683686061393,306817979.4192389,ok,3541.410280686945,1.1142866312829494
978,306817568.24140847,0.030518165530327646,45285.8830696955,4119314.555232518,0.005496774094633239,306817443.778274,ok,90571.76613931023,1.1144440280621577
979,306817375.9562739,0.12034966878279033,10846.814551194671,3049126.4445070582,0.0017786757533022278,306817366.30979085,ok,21693.629102389343,1.1144185989947228
980,306817375.9562739,0.09366923775259983,16352.355978782256,2959551.0830846117,0.0027626412789839238,306817353.3684271,ok,32704.711957540963,1.1144185989947228
981,306817375.9562739,0.06989297618613396,1611.4259090643227,-29.44122840245177,1.0000000045459807,306815735.08912885,ok,3222.851818127866,1.1144185989947228
982,306815700.712999,0.12876604647693263,9734.125625654482,2846776.134017962,0.001709675290117678,306815692.39190197,ok,19468.25125130896,1.114107298445374
983,306815700.712999,0.07687890136204792,7512.734499229581,539961.0282623842,0.006956737714391958,306815674.58093727,ok,15025.468998459162,1.114107298445374
984,306815700.712999,0.14173302332652524,965.7175061603234,279.0187053382268,1.0,306815014.0141981,ok,1931.4350123206468,1.114107298445374
985,306814941.01316607,0.18600581054718743,5088.073379717401,432893.9172772306,0.005876813206015709,306814926.0623377,ok,10176.146759434776,1.1141372892931205
986,306814915.1986085,0.12031179031841029,1033.5892356353866,8334.799991786553,0.06200444141754613,306814883.1550469,ok,2067.178471270773,1.1141614866441145
987,306814877.1167721,0.11183727369528783,11449.612132455813,3133972.1542114234,0.0018266933413990062,306814866.659307,ok,22899.224264911623,1.1142031624431707
988,306814877.1167721,0.10384375532574636,11853.815936554638,2266959.230451766,0.0026144748827689277,306814861.62102014,ok,23707.63187308968,1.1142031624431707
989,306814830.2357651,0.07945528582197328,1268.0398984369367,332.64018216816527,1.0000000000000002,306813894.83604884,ok,2536.0797968738734,1.114219125761485
990,306813653.65399617,0.07792372612919785,1195.3799738853536,804.0773606494599,0.7433239837270355,306813209.3766941,ok,2390.759947770707,1.1141638686991353
991,306813872.0751197,0.07362636601074539,116694.54414950967,199458740.53367558,0.0002925280281959054,306813855.0069072,ok,233389.08829901935,1.1142174490060341
992,306813872.0751197,0.1277536430222112,12245.329688455931,869427.0206330892,0.007042183758873327,306813828.9581887,ok,24490.65937690068,1.1142174490060341
993,306813812.3696742,0.011444169457487129,648473.6818148525,133599885.34461187,0.002426924544666182,306813025.4713267,ok,1296947.363628336,1.1142664526832462
994,306813074.8606926,0.027763528115490575,4078.2252871847,14765.356668252356,0.13810114373848725,306812793.25690436,ok,8156.450574369397,1.114016416369263
995,306812623.2756045,0.09598084040314672,1270.036582172254,4473.433307177975,0.1419532264105045,306812533.1327092,ok,2540.073164344508,1.1141418432915877
996,306812562.80432695,0.10129256706766124,1952.7993534417199,8662.952743354092,0.11270980064735074,306812452.75451404,ok,3905.5987068833647,1.1141726466281314
997,306812486.5177472,0.14561146074115616,1532.92941787904,1292.4839277518706,0.5930168201570588,306812031.99128276,ok,3065.85883575808,1.1142020998976214
998,306812492.91149586,0.04519276458041681,16136.46902426241,445660.3697910162,0.018103998154277542,306812346.84419316,ok,32272.93804852482,1.1141111721073358
999,306811687.5376887,0.07931013186160311,7492.53293671983,217554.65777462436,0.017219886288257998,306811623.0274061,ok,14985.065873431058,1.1141495656543299
1000,306811920.9813613,0.01923239562935488,25762.512502293554,812931.9599056955,0.015845429736384177,306811716.8723205,ok,51525.02500454902,1.114077051927847
1001,306811324.98112375,0.07707130546288352,8393.52657395901,283688.463677909,0.014793563448333871,306811262.8960398,ok,16787.05314791802,1.114138599185237
1002,306811265.7956813,0.028167823768803415,3213.134826970724,2462.3246449739986,0.6524596245928111,306810217.5753098,ok,6426.269653941441,1.1141144119997364
1003,306810428.7204003,0.027980870397683225,14056.124470504958,99829.70014861824,0.0704005143237902,306809933.94120425,ok,28112.248941005113,1.1142614213733237
1004,306809757.7168437,0.05212409313402246,2043.6874196975316,26.35631870867246,1.0000001240648277,306807740.3854957,ok,4087.3748393940186,1.1141951910606709
1005,306807744.67368686,0.028031974479059082,40427.641434026984,3276094.839437364,0.006170096321291178,306807619.952466,ok,80855.28286805381,1.1140558255456252
1006,306807548.1168617,0.09198011371143337,85896.82346259688,100445704.47334108,0.00042757838134031123,306807529.7530494,ok,171793.64692519375,1.1140217513011876
1007,306807495.1986981,0.06790805546705021,3180.4809900783184,5301.885352999718,0.29993868014128744,306807018.2240629,ok,6360.961980154764,1.1139800603455567
1008,306807097.7755655,0.04076437717019848,28028.726279514573,2777642.054526727,0.005045417251268233,306807027.0672559,ok,56057.45255897674,1.1140768005742405
1009,306806972.8836261,0.062011174172901404,1216.1419550732926,24.963490822367703,1.000000000000323,306805781.70516187,ok,2432.283910146585,1.11406011375895
1010,306805794.0811014,0.030613094173138972,230625.65649695625,151585686.4245271,0.0007607105325600195,306805706.3614184,ok,461251.3129939124,1.1141454141758391
1011,306805688.78654695,0.038170693852717895,5002.0985843893795,8536.341965708914,0.2929884138008506,306804956.00808203,ok,10004.197168778757,1.11409642335156
1012,306804993.71052766,0.15799528097176296,48141.417523586206,117057678.19822972,0.00020563118227093905,306804988.76083934,ok,96282.8350471724,1.1141534043719457
1013,306804993.71052766,0.14684257873751813,54307.78906191864,90009952.20008641,0.0003016765798363933,306804985.51883364,ok,108615.57812375025,1.1141534043719457
1014,306804993.71052766,0.15122449947487052,53737.96519445679,93773412.31523263,0.0002865309252787399,306804986.0117332,ok,107475.93038891356,1.1141534043719457
1015,306804993.71052766,0.0735966602669436,9819.03999990487,127885.03184163132,0.038390106560963484,306804805.23353165,ok,19638.07999980974,1.1141534043719457
1016,306804742.18143594,0.08258750667221432,7133.111343994128,243560.4284728482,0.014643411880820611,306804689.9548923,ok,14266.222687979252,1.1141627985441875
1017,306804688.3569975,0.06522454285625535,5212.187430142276,17616.84499042685,0.14793192064114274,306804302.83254886,ok,10424.374860284552,1.1141958011258586
1018,306804723.71558017,0.2145457973105475,36155.90252452373,109302790.79122771,0.00016539331824373457,306804720.7256078,ok,72311.80504904744,1.113998916891152
1019,306804700.5965872,0.08939538547605216,1629.4841246421192,4512.783610857465,0.18054091057254398,306804553.5023134,ok,3258.9682492842385,1.1139829429312016
1020,306804610.6122923,0.03367681804278141,3828.4990302596443,3517.1352490409336,0.5442638339403659,306803568.75551206,ok,7656.998060519289,1.1139874328427686
1021,306804417.33225167,0.09041355857271646,83599.22993808288,125201335.55834413,0.00033385917796030794,306804403.3770666,ok,167198.45987600274,1.1141348911271498
1022,306804417.33225167,0.02448370093917015,9908.04346012038,25548.93896753581,0.19390322769783516,306803456.7314481,ok,19816.086920232658,1.1141348911271498
1023,306803460.18531376,0.06373679757420224,3618.5386159810337,5903.466518405366,0.3064757464702677,306802905.688152,ok,7237.077231962066,1.1140837668307029
1024,306803085.42939734,0.043712593284601906,13068.80292624137,486846.6585951761,0.013421888284036032,306802997.7253909,ok,26137.60585246067,1.1141438310806215
1025,306802965.7492564,0.08427259765170331,87954.114471172,131444502.10300845,0.0003345674907051093,306802951.03596264,ok,175908.22894216332,1.1141556236918895
1026,306802965.7492564,0.04680967345363076,22792.39435866475,2699350.8009318956,0.004221828883966498,306802917.6364619,ok,45584.788717329495,1.1141556236918895
1027,306802965.7492564,0.08029669538336241,90128.79652962166,126672352.91271412,0.00035575559487604423,306802949.7173445,ok,180257.59305906843,1.1141556236918895
1028,306802965.7492564,0.08557923488645938,89288.081599977,129994804.16161819,0.0003434294246444193,306802950.41717917,ok,178576.16319976922,1.1141556236918895
1029,306802965.7492564,0.0708872521610624,2034.2447647758504,475.01341190814196,1.0000036508321712,306801406.51394516,ok,4068.4895295509414,1.1141556236918895
1030,306801292.0376264,0.06917004971015693,2825.785610865576,5169.310209290114,0.27332327684525176,306800905.861135,ok,5651.571221729628,1.1142006598495229
1031,306800623.66825247,0.058110670543422796,2797.9620971563536,3010.4679387628726,0.4647055132409338,306799973.5540463,ok,5595.924194312707,1.113901677869091
1032,306800275.18793005,0.07170997104415945,103704.27321388113,124794045.58010997,0.00041550168812865945,306800253.6432798,ok,207408.5464275672,1.1140970207294547
1033,306800205.0689371,0.02382438448664422,6011.630062070583,19090.546959007326,0.15745044065471808,306799731.8020359,ok,12023.260124141167,1.114081019556874
1034,306799966.4388992,0.07423722828490377,16869.889949331846,2289260.8511641813,0.003684571363012832,306799935.3597425,ok,33739.77989863537,1.1140491291900059
1035,306799899.55789214,0.09006270660467458,2561.166320881322,2592.9753109378735,0.4938663145147637,306799267.1210063,ok,5122.332641762642,1.114065118703076
1036,306799520.3160105,0.06676966416189441,23533.088164833087,2773744.2370019583,0.0042421157385205,306799470.4009687,ok,47066.17632962165,1.1142873486284062
1037,306799448.1404489,0.055071490310573554,10308.289018832438,331507.33806500095,0.01554760307720733,306799368.00585586,ok,20616.578037649633,1.1142543207969062
1038,306799448.1404489,0.04738512597409147,2304.873602729007,988.1383609332535,1.0000000001423186,306798131.4052071,ok,4609.747205458012,1.1142543207969062
1039,306797588.04984736,0.10840996610462665,12979.242308356657,553190.6103931178,0.011731256880095204,306797511.91843456,ok,25958.48461670412,1.1141729253102497
1040,306797420.10948104,0.0523449654841943,1976.716872882564,1231.8354642999502,0.8023461453132982,306796627.10389936,ok,3953.4337457638385,1.1143183721610104
1041,306795936.3762271,0.054776841829742164,2014.890693296092,1420.8005166778416,0.7090688205855139,306795222.0281433,ok,4029.7813865906005,1.1142131782751585
1042,306795539.75286233,0.07507448119267623,6988.777292035017,580433.7922199443,0.006020305317946369,306795518.71557575,ok,13977.55458406033,1.1143334205487383
1043,306795539.75286233,0.08509227498661143,8095.917481151692,666917.5471736296,0.006069653974064615,306795515.1831535,ok,16191.83496228977,1.1143334205487383
1044,306795539.75286233,0.050045699798472607,2422.4203001650667,7153.801377684257,0.16931000542743777,306795334.68286526,ok,4844.84060033013,1.1143334205487383
1045,306795116.7848711,0.08508508544683893,8855.649351100314,1142007.6671655476,0.003877228501048488,306795099.617183,ok,17711.298702188247,1.11432168202664
1046,306795116.7848711,0.07423757420950847,7266.48318351039,649777.4441787999,0.005591516948309816,306795096.46953917,ok,14532.96636700956,1.11432168202664
1047,306795056.97031355,0.048222069944344276,736.232005375529,18.536344762467138,1.0001948507329337,306794339.1384219,ok,1472.4640107509222,1.1143458763299057
1048,306794499.30911255,0.057375730783423735,1677.1704796592949,1092.9754577781323,0.7672498351741356,306793855.90472555,ok,3354.3409593176175,1.1143489925648122
1049,306793316.6428467,0.2001775560925546,2791.9330542136786,71984.31285840293,0.019392649199177346,306793289.57135755,ok,5583.86610842596,1.1141624809083481
1050,306793374.57956696,0.049785839317614995,888.1039239320395,16787.586678582913,0.02645120888832268,306793362.83385575,ok,1776.2078478634066,1.114185482149785
1051,306793514.7432398,0.058497848436956525,1777.5740691186952,3175.1407603484286,0.27992051428353537,306793265.953516,ok,3555.14813823738,1.1141021503807238
1052,306794038.56450903,0.016282323838002006,5910.858531220402,22468.00682576616,0.13153945022933386,306793649.80896825,ok,11821.717062440803,1.1142760423393696
1053,306794224.3265231,0.020239046766082486,89841.36225727324,3516683.2420975235,0.01277359319454763,306793650.5280163,ok,179682.72451447163,1.1142440704429566
1054,306793760.1203434,0.03408778435984593,45279.74371171679,3990587.6741009024,0.005673317742845798,306793631.6771567,ok,90559.48742343353,1.1141617827086572
1055,306793812.669355,0.017671034140093436,353705.8441456258,136238095.76956016,0.0012981165148693112,306793583.0936561,ok,707411.6882906362,1.11421080417532
1056,306793448.43136907,0.06568727725432283,6557.75388835242,548099.93746655,0.0059822611170728636,306793428.816271,ok,13115.50777669335,1.114178782169157
1057,306793379.3233084,0.07588343630772922,880.1695672111558,20.79845989682474,1.0000130740801025,306792519.9412375,ok,1760.3391344218167,1.1141954495321302
1058,306792512.6645381,0.04127750627481552,11582.163037273427,498126.6482299456,0.011625721167929627,306792445.3390391,ok,23164.326074546847,1.1144741108432363
1059,306792512.6645381,0.03884083882470172,2153.633247565219,8304.744523558034,0.12966282354959965,306792373.0414542,ok,4307.266495130438,1.1144741108432363
1060,306792412.5240879,0.07463529754827192,7105.4503449790545,512917.3699817673,0.006926505867047973,306792387.9161161,ok,14210.900689958109,1.1144967544356312
1061,306792341.33864546,0.07093437504442326,1219.6323948926965,138.5010824664427,1.0000000816023602,306791260.20725614,ok,2439.2647897853926,1.1144725394421826
1062,306791057.676708,0.05329617427598013,992.0691976529129,73.0903916851696,1.0000000047378481,306790138.697898,ok,1984.138395305172,1.1143699802899096
1063,306789956.652419,0.10740099637951503,562.0073194992781,60.9849410183395,1.0000010631595606,306789455.6295727,ok,1124.014638998061,1.1142657677234116
1064,306789336.20527107,0.09096739629663533,544.2684721541007,275.9750440019098,0.9860827708579589,306789067.8583895,ok,1088.5369443082013,1.1142823850073906
1065,306789488.6057613,0.030412453376170004,3959.6205747294166,15411.565821914171,0.12846263061405197,306789234.27412367,ok,7919.241149458832,1.1143937729181328
1066,306789299.46832955,0.04939405853182944,1458.8675157382463,4888.304093277827,0.14922020888025506,306789190.6220718,ok,2917.735031476492,1.114315958843891
1067,306789299.46832955,0.06116652619692247,1210.4277606713104,6461.328882582511,0.09366709098605099,306789242.77970594,ok,2420.85552134262,1.114315958843891
1068,306789175.3122711,0.036473159642340026,1775.591065598245,2514.7689781908553,0.35303264057194217,306788861.8914699,ok,3551.182131196489,1.1142564586138697
1069,306788691.57888293,0.06427830739922995,678.4156505841686,413.42068552359103,0.8204906942730327,306788413.26201886,ok,1356.8313011683372,1.1142120565593867
1070,306788331.89565045,0.06908309842696396,670.2572156345211,663.591000138663,0.5050228344676654,306788162.648051,ok,1340.5144312683035,1.1142199261071175
1071,306787880.450501,0.0628967499644523,485.962527743309,15.402843153930007,1.000000456234603,306787409.8906087,ok,971.9250554866179,1.1142666691140528
1072,306787401.80383134,0.09859558039027577,290.46346050979776,137.5279382239214,1.00160883097101,306787248.84387684,ok,580.9269210195955,1.114336024141818
1073,306787337.58159816,0.08008125392191211,1013.5284909576393,895.243670423045,0.566062919204276,306787050.72115,ok,2027.0569819152784,1.1143099616344623
1074,306787215.7545974,0.07151279205855046,1885.1526540597183,3111.1280016342557,0.30296931740986865,306786930.182891,ok,3770.3053081181847,1.1143505673764498
1075,306786919.52711296,0.044297731492303566,1585.3113106418577,115.20428961718312,1.000000008804962,306785449.42008,ok,3170.622621283715,1.114295250453166
1076,306786072.4231452,0.034454898792621556,17589.010541145075,326725.0885531912,0.026917140980867105,306785835.70020694,ok,35178.02108226732,1.1139739387661223
1077,306785588.6924318,0.0650034839637033,1439.4685650521478,1859.595056948784,0.387038177928377,306785310.1277865,ok,2878.937130104277,1.1140816879606232
1078,306785560.07004064,0.06533393239808495,7359.106335547681,84687.43859837836,0.043448629792946634,306785400.1984973,ok,14718.21267109536,1.1141997482799608
1079,306785537.1736466,0.11673404286229384,70666.9252160918,107694024.85917348,0.00032809120704932183,306785525.5810482,ok,141333.8504321835,1.1142656266967759
1080,306785537.1736466,0.0548345752163065,1884.8338847803668,10191.687992882637,0.09246917125488144,306785450.029133,ok,3769.667769558007,1.1142656266967759
1081,306785480.75492835,0.08777396299710954,2272.4970030375525,3866.2450250661113,0.29388941832504445,306785146.8235172,ok,4544.994006075105,1.114371361143185
1082,306785409.63083255,0.10133540994647262,5356.16679053479,610252.0532679411,0.004388487315898532,306785397.87809753,ok,10712.33358106958,1.1141708978436373
1083,306785689.1871599,0.056726501166348364,20629.859639655653,2942836.9256236367,0.003505097319533572,306785653.032327,ok,41259.719279272715,1.1142436395006694
1084,306785601.8535329,0.0569725818320015,10115.899330627837,676046.250618329,0.007481662180195201,306785564.0116622,ok,20231.79866123711,1.1142146877551395
1085,306785601.8535329,0.1400810723126335,1711.79996971824,3260.580946524068,0.2624992290933766,306785377.18044674,ok,3423.5999394364794,1.1142146877551395
1086,306785010.81736016,0.2580338003896495,3775.5160160484074,615728.894808846,0.0030658915375577126,306785005.02969885,ok,7551.032032092044,1.1143449569964208
1087,306785010.81736016,0.10103986796801112,1081.6190200470858,730.3153018848633,0.7405151016660518,306784610.3397508,ok,2163.2380400941543,1.1143449569964208
1088,306784514.04230875,0.03918043204033757,12227.496873570342,546929.6387234012,0.011178308879100768,306784445.7009403,ok,24454.993747140674,1.1142234253776602
1089,306784395.2178703,0.03630787047180922,2539.800355376489,6521.125468194155,0.1947363509384996,306784147.92214364,ok,5079.600710752978,1.1142564847828318
1090,306784867.7241711,0.07428720701025,8203.726048268065,691485.3344534519,0.0059319595366055505,306784843.3920856,ok,16407.452096536126,1.1144271456667854
1091,306784800.2706251,0.01571397780108892,5660.115610743907,18835.478541761688,0.15025144166617269,306784375.05035985,ok,11320.231221487807,1.114362675798115
1092,306784258.6293391,0.051898063528385205,3180.2048786952514,31489.40484410688,0.05049642720209135,306784178.33484703,ok,6360.409757390503,1.1143318517899203
1093,306783858.18078715,0.1370759617783389,566.0041942863509,1880.5023108181294,0.15049282072940012,306783815.59100324,ok,1132.0083885727017,1.1142450165844853
1094,306783675.92024857,0.20682292480310252,727.675723807223,1356.7802725327376,0.26816270052661195,306783578.35250497,ok,1455.351447614446,1.114322089349053
1095,306783415.2142225,0.04263079676229602,694.7985168534569,2.891928588458086,1.0008968408010748,306782722.68970007,ok,1389.597033706667,1.1144958197133956
1096,306782845.48069835,0.07820338441789425,1994.616000503595,13243.50208659321,0.07530545876240712,306782770.3779619,ok,3989.232001007189,1.1146233798676253
1097,306782845.48069835,0.10921003173807667,1179.9565213485384,5769.215866890898,0.10226316267001044,306782785.14765555,ok,2359.913042697077,1.1146233798676253
1098,306782798.69005746,0.06633185792654468,107442.74528676886,131973812.4449472,0.00040706085281725317,306782776.8221897,ok,214885.49057353762,1.1145705170409954
1099,306782798.69005746,0.06820885770399521,1674.9872644182255,5669.364384138937,0.14772266791532246,306782674.97326374,ok,3349.9745288364506,1.1145705170409954
final,306782798.69005746,,,,,,loss_plateau,,
