round,old_loss,beta,direction_gain,interaction,step,expected_loss,status,max_gain_sum
0,4920590974.905018,6.299185359079617e-05,907029903.2702972,154744183.99699354,1.000000004846291,4168305252.735854,ok,1814059806.540523
1,4164885255.354151,9.190794015609813e-05,619663041.3903217,118495550.57064827,1.0000004992390046,3663717573.489748,ok,1239326082.7806435
2,3657976286.052807,0.00014388050863269468,383918461.05579287,96726518.76504126,1.000000217247114,3370784302.3839965,ok,767836922.1115495
3,3371234490.0900497,0.00025760613547369846,207383126.24867913,47903616.81356162,1.0000000338297552,3211754976.8803473,ok,414766252.4973582
4,3212554673.062133,0.00031210285487576526,165823359.29534766,34357391.36460811,1.0000000000000018,3081088705.131393,ok,331646718.5906881
5,3081424606.6989603,0.00025952618984465204,199949629.29392147,25001328.558726724,1.0000000000010136,2906476305.9636135,ok,399899258.58758897
6,2906075837.4598265,0.0002748853182275731,181932298.6861241,24193568.78773821,1.000000000000001,2748337107.5614405,ok,363864597.3720812
7,2749640044.963856,0.0002501796053563186,200455922.3595499,19756787.76569518,1.0,2568940910.3700013,ok,400911844.71909976
8,2570247678.9014297,0.00025474620109296105,196427937.33234712,17901739.50437204,1.0000000000000002,2391721481.0734544,ok,392855874.66469425
9,2391425715.636257,0.0002552643890892459,190477066.65118587,10677951.431932822,1.0000000000000004,2211626600.417004,ok,380954133.3023717
10,2210205824.895424,0.00025872889183782744,186991864.08182925,7460593.816151526,1.0000000000000104,2030674554.6297443,ok,373983728.1636568
11,2029320008.916351,0.00026531913294565283,180875569.3351698,6866534.897975251,1.0000000000000357,1855310974.4791505,ok,361751138.6703396
12,1855864434.357704,0.0002719511889599745,173144542.70557913,6831923.013387809,1.0000000000001525,1689551814.6654882,ok,346289085.4111555
13,1688715901.3856354,0.000281425718564492,166173076.45855305,6858821.923860743,1.0,1529401646.850943,ok,332346152.91696334
14,1528818417.001302,0.0002982654370410389,156293590.0992686,7110230.359300686,1.0000000000000002,1379635057.261334,ok,312587180.1983991
15,1379287559.9879363,0.00032140811859923235,142887009.64557853,7015344.58000523,1.0000000000000002,1243415894.9223628,ok,285774019.29115415
16,1243215789.811496,0.000344962723557644,133385576.44407783,7154690.133487899,1.0000000000000002,1116984903.500906,ok,266771152.88815564
17,1116556019.8246102,0.00038148002681132043,119277786.422384,7227801.023329107,1.000000000000002,1004506034.4255551,ok,238555572.844768
18,1004862400.5623693,0.0004169771785031712,108360962.02810332,6921790.986648837,1.000000000000048,903423229.5209104,ok,216721924.0561026
19,903664124.4951204,0.0004618933705424169,96887043.17286694,6995769.060575688,1.000000000002032,813772850.3826606,ok,193774086.34573388
20,814254884.4557621,0.0005230001278090448,84492797.90989251,7021865.20079645,1.0000000000001759,736783951.7466537,ok,168985595.81978503
21,735962167.0817407,0.0005851561411579814,73988414.97724977,8914544.253204558,1.000000000000008,670888296.3576951,ok,147976829.9544994
22,670725876.0936412,0.0006199090980235652,69242557.33632086,30289953.711308155,1.0000000000000027,631773272.4686285,ok,138485114.6726417
23,631195453.8617798,0.0001890684860837336,141558899.32535994,449709419.8430982,0.1573892974876413,620055526.0028088,ok,283117798.6507199
24,619677007.0744072,0.00045633162001530026,10227474.758600539,415464.5739978607,1.0000008492081893,609864988.9101813,ok,20454949.51718889
25,609760600.5501776,0.00047503448895535086,10257812.080308236,428909.6530148558,1.0000018008701597,599931681.1947191,ok,20515624.160616443
26,599923475.8914156,0.0005224567598788151,9223628.350320248,365252.0478154149,1.0000146658305527,591064975.0302681,ok,18447256.700640496
27,591273726.1840892,0.0005778888902028747,8524338.009236999,281416.49135653925,1.0000018902464463,583030789.6170032,ok,17048676.018473998
28,582831259.1314511,0.0006260745901087203,7858789.102002027,206558.11368879426,1.0000017868674584,575179014.838708,ok,15717578.204004053
29,575214546.7249018,0.0006984957965684486,6797895.862567653,118667.27421337925,1.0000054027947018,568535282.6911851,ok,13595791.725135306
30,568650396.9995828,0.0007170079076475711,6313929.352133421,114758.46156860853,1.0000009822746132,562451220.1324542,ok,12627858.704258751
31,562450258.8125813,0.0007630970204976321,6162900.499323932,102124.29319898064,1.00000006878729,556389482.1965768,ok,12325800.998640068
32,556375194.0633506,0.0008080559586060358,5539864.010658931,83481.49347591541,1.0000006296266766,550918808.1632457,ok,11079728.021317804
33,551036752.8862649,0.0008743601432476524,5172146.957135458,69952.62223178355,1.000000103342331,545934558.0313176,ok,10344293.914270915
34,545773225.8759168,0.0008836001436732196,4995436.442834746,54508.149436328924,1.0000001244285253,540832296.9745084,ok,9990872.885669492
35,540810631.8975761,0.0009485583027464419,4798555.377514081,55551.48920097578,1.0000010978751803,536067622.86302537,ok,9597110.7550278
36,535937677.23307997,0.0009724830918337008,4287831.512210469,42439.679167863964,1.0000001449856841,531692284.79066944,ok,8575663.024415819
37,531599964.04377246,0.001004417723518852,4204000.981583294,41877.061258386966,1.00000023618005,527437839.15032744,ok,8408001.963166589
38,527307321.8372526,0.0010586140505165493,3890042.893339236,29525.525240335308,1.0000009606297096,523446800.7889892,ok,7780085.786678471
39,523385770.886501,0.0010510109026706466,3924963.9270582567,35934.52384954622,1.0000000003118568,519496741.4820907,ok,7849927.854116509
40,519408200.06425,0.001068164900708525,3813110.9870940554,32117.520097830213,1.0000000009410224,515627206.593726,ok,7626221.97418811
41,515514809.6306337,0.0011261615919848098,3621048.647656953,31133.153645196588,1.0000001187112675,511924893.7141544,ok,7242097.295313866
42,511952433.593117,0.0011085664153036633,3645675.122734378,30779.00702468625,1.0000000001864355,508337537.4767391,ok,7291350.24546488
43,508314031.0019873,0.0011200900887080667,3565082.599235749,36654.98064502045,1.0000000000026352,504785603.3833874,ok,7130165.198467506
44,504745417.74030775,0.0011704914850884367,3408616.422898799,29319.406715724257,1.0000000000028457,501366120.72411513,ok,6817232.845797598
45,501343882.8062738,0.0011492030439998015,3394781.0357318586,28571.19961384796,1.000000000006098,497977672.97013545,ok,6789562.071463715
46,497924551.30526006,0.0011835154894595237,3283616.669056003,25478.680789273116,1.0000000454405742,494666413.17009944,ok,6567233.338112004
47,494726814.0404432,0.0012404004448417277,3091905.7291614665,20198.157122125667,1.0000000000033031,491655106.46839374,ok,6183811.458322924
48,491609131.405185,0.0012193349682006608,3079213.1730361376,30840.399119659036,1.000000011418908,488560758.59681153,ok,6158426.346068913
49,488495124.98026127,0.0013016668779205819,2607477.92309523,20781.955829052808,1.0000000034424787,485908429.004162,ok,5214955.846190424
50,485876813.9084635,0.0013488674926942408,2810290.0236023227,37200.50430581767,1.0000000574078847,483103724.2321054,ok,5620580.0472046435
51,483061461.12275994,0.0013369995016597883,2791024.1621939195,20154.768255895986,1.000000002414537,480290591.7221802,ok,5582048.324387831
52,480317613.6965865,0.00135889559111407,2846520.3906274824,27095.322257716973,1.0000000185385063,477498188.5764511,ok,5693040.781251862
53,477426949.5785863,0.0013716765680666181,2657158.0839664913,17415.401063848985,1.0000000005543264,474787206.89423,ok,5314316.167932982
54,474799060.02873385,0.0013941763774890014,2676233.1143778907,26750.366735216823,1.000000010608703,472149577.25326735,ok,5352466.228755781
55,472183379.2684691,0.0013860602094258835,2765519.8732376327,36472.73957728698,1.0000000123525314,469454332.1015486,ok,5531039.746475257
56,469399748.327042,0.0014629608996335997,2409685.6879072376,24154.65457851665,1.000000002595882,467014217.2875834,ok,4819371.375814453
57,466980597.5302363,0.0014740478020957147,2428209.5861895187,16778.602025838,1.000000000003271,464569166.5460648,ok,4856419.172379001
58,464588623.7938349,0.0014934830962912982,2433288.68943129,23153.700349564646,1.0000000023679119,462178488.79910105,ok,4866577.37886258
59,462178725.88485754,0.0015034392431318752,2376708.5342927035,16157.306406031683,1.0000000730390985,459818174.48573846,ok,4753417.068585379
60,459800342.39257795,0.0015194693639689492,2430908.6225466616,25468.026842440406,1.0000000000312597,457394901.7967993,ok,4861817.245093323
61,457476570.59333026,0.0015391591007713299,2437268.3815379716,20859.442481159294,1.0000000025929152,455060161.648062,ok,4874536.763075943
62,455155126.44431883,0.001553557590161659,2308582.3312412202,21708.364828152593,1.0,452868252.4779058,ok,4617164.66248244
63,452875727.29984874,0.0015971500786875023,2288422.7888313397,19099.3847766719,1.000000000004781,450606403.8957833,ok,4576845.577662678
64,450591831.28398526,0.0016137015289910328,2175074.3298423546,18475.398478674353,1.000000013456761,448435232.3238494,ok,4350148.659682514
65,448511107.8766469,0.0016646603574259173,2163290.458583865,22312.04181436527,1.000000002534534,446370129.4545075,ok,4326580.917165375
66,446368853.7991984,0.0016802121620608918,2080612.6776284948,11007.981542170564,1.0000003923447995,444299248.2954323,ok,4161225.3552548094
67,444292837.1476836,0.0016852245363589604,2065194.9549242954,22768.105357614328,1.000000077336548,442250410.1419235,ok,4130389.9098485904
68,442269727.6353562,0.0016052489852923764,2026310.5281840554,19887.648174845166,1.0000000040162311,440263304.7473686,ok,4052621.0563681102
69,440287243.25658643,0.0015867756289422471,2012450.532557962,18486.33101226288,1.000000000010427,438293279.05502015,ok,4024901.065115861
70,438273139.6210983,0.0016734148984357592,1877697.305957498,21963.08678757077,1.00000000005576,436417405.4018261,ok,3755394.611914993
71,436439512.2767837,0.001670137648350719,1911838.778196549,15301.61104405465,1.0000000001137195,434542975.10941726,ok,3823677.556393097
72,434555741.62787473,0.0016995002499260578,1905606.5314934852,19694.25290653614,1.000000134397733,432669829.09847236,ok,3811213.06298697
73,432689368.431296,0.0018770368062476428,1737231.9413835562,16675.969556457716,1.0,430968812.4594689,ok,3474463.882767112
74,430963732.3305875,0.0017974903890044661,1726996.4821337815,33176.88214404942,1.0000000012792436,429269912.72847337,ok,3453992.9642658327
75,429283671.86623967,0.0018157657940271325,1816846.3284276198,17638.24978323636,1.0000000000023976,427484463.78759104,ok,3633692.6568535166
76,427474463.685188,0.001997171910778746,1388025.7442678616,11507.399110564676,1.0000000758747758,426097945.2364608,ok,2776051.488535695
77,426057704.60838646,0.0019675331839047188,1525056.6382974605,12040.74881944156,1.000000029856283,424544688.6740949,ok,3050113.2765934253
78,424594915.17621124,0.0019826762496749206,1576431.222739053,17516.209735929962,1.0000008884674907,423035998.79372543,ok,3152862.445478078
79,423046972.41942996,0.001958239351253092,1645720.9889371463,12299.284320825693,1.000000000000017,421413550.7148136,ok,3291441.9778742925
80,421385489.0298574,0.0019675343901692293,1587225.9948946466,16698.165544848616,1.000000011699906,419814961.1823279,ok,3174451.9897892918
81,419840901.3321161,0.0019862163001066607,1482965.0762096802,11247.363168322663,1.0000000205059127,418369183.58912647,ok,2965930.1524193604
82,418354251.72137845,0.0018894927726667262,1566910.5144385714,12205.713197208468,1.0000000153012127,416799546.896535,ok,3133821.028877143
83,416818534.163288,0.0019635737252369717,1492084.092845312,17150.11483978267,1.0000000180182282,415343600.15901583,ok,2984168.1856906237
84,415349221.5399191,0.0021102871550876773,1504290.6378994924,15262.84482182641,1.0000026823301142,413860189.7937174,ok,3008581.2757989774
85,413869960.913483,0.0020976603674904585,1634128.5717721218,34600.750012359786,1.0000002716009753,412270432.6666875,ok,3268257.143544237
86,412246858.30698305,0.002024964411878902,1455409.7241483778,8218.422816172722,1.0000000598003205,410799666.91959983,ok,2910819.4482967556
87,410784423.26469976,0.0020779398562393693,1521517.1446753303,17964.736644090386,1.0000000014890966,409280870.85445637,ok,3043034.2893506605
88,409303729.95368624,0.002153663486347776,1373893.6518903254,11311.152915189938,1.0000000000593745,407941147.4546309,ok,2747787.3037806507
89,407937795.6579247,0.0022314601549723004,1378282.2206854282,32161.642611557996,1.0000000000284357,406591675.0798135,ok,2756564.441370855
90,406587409.56587267,0.002226344722321663,1583542.3680228558,197864.24797851732,1.00000000211704,405201731.4433137,ok,3167084.736043864
91,405178092.75001955,0.0019164260256146711,1509700.8411330022,125014.84348496023,1.0000000075761368,403793406.7428281,ok,3019401.6822646214
92,403821889.7216607,0.0021279566098451872,1444753.8592490517,15319.603920698784,1.0000000000000004,402392455.4663323,ok,2889507.7184981033
93,402412174.4728836,0.002351362878361048,1484999.9100251442,67430.837972098,1.0000000000020506,400994605.40082777,ok,2969999.820048659
94,400996999.562602,0.002281960765060764,1492578.474375024,74480.16530570634,1.0000000397103948,399578901.200177,ok,2985156.948750048
95,399565106.60701406,0.002273162964631571,1317676.9741849652,12624.789207703518,1.0000000002145593,398260054.4217595,ok,2635353.9483699296
96,398249425.5367714,0.002222277406955193,1208812.758289944,8406.529107283386,1.0000000012544135,397049019.3060935,ok,2417625.516579888
97,397083598.4399446,0.00216082574861258,1249302.9434492053,17510.300372233818,1.0000000772128173,395851805.7031095,ok,2498605.886897155
98,395827556.44994134,0.00237628570867228,1375850.515525417,21936.529181080456,1.0000000000266709,394473642.4635615,ok,2751701.0310508334
99,394447600.8603476,0.0023434492225375653,1272527.9586436492,9723.008229001465,1.0000000006485452,393184795.90912026,ok,2545055.917287298
100,393166083.4463774,0.0025176863157184044,1173519.8497596206,17145.054377154753,1.0000000461807932,392009708.59838444,ok,2347039.699519217
101,392000193.34770733,0.002492605712074955,995172.0503707092,7876.9694933606515,1.000000031236349,391012898.2362366,ok,1990344.100741418
102,390988927.8090637,0.002484082400798979,1222802.1270068246,23981.062876620745,1.0000000000726594,389790106.7448481,ok,2445604.2540136483
103,389732557.5979245,0.002490442526182579,1266218.2214270774,19793.468105930107,1.0000026108267743,388486129.6420817,ok,2532436.4428541544
104,388488173.67891496,0.0025217074313393798,1165512.0825592284,8047.448594013262,1.0000000013624475,387330709.0433838,ok,2331024.165118457
105,387343161.3988081,0.002504653691884782,1193993.6732656294,10387.14880637838,1.0000000000012825,386159554.8743473,ok,2387987.3465312473
106,386164082.3437906,0.0025602464534552416,1141242.9014782766,6683.226355960538,1.0000000054398244,385029522.66253287,ok,2282485.802956553
107,385006227.48697364,0.0026060119803244975,1148343.7517680752,13170.603354371095,1.0000000002957088,383871054.3382281,ok,2296687.50353615
108,383896757.70520794,0.0027686156659593565,1166842.9715084622,23356.084733544427,1.0000000923274186,382753270.7150142,ok,2333685.943015777
109,382737476.686731,0.0025585683435875566,1194549.711633802,24405.035207289395,1.0000000548622585,381567331.9474466,ok,2389099.423267604
110,381605583.4781768,0.002725539645341973,1102477.8211315651,8117.356516878423,1.0000000016150687,380511223.01180774,ok,2204955.6422630944
111,380468999.697153,0.0027299286118450897,932410.5592992397,10054.934069180523,1.0000000000083833,379546644.07191527,ok,1864821.118598479
112,379542771.7185267,0.002750151590038477,1028709.8700649161,15621.12473380812,1.0000000009486352,378529682.9722494,ok,2057419.7401297975
113,378547926.5035581,0.0027916068400812405,1041073.0923222031,12350.010568626578,1.000000000014799,377519203.42178947,ok,2082146.1846444062
114,377530747.7933503,0.0030107201240933113,982439.3737315269,17644.7723840367,1.0000000000026903,376565953.1920002,ok,1964878.747463048
115,376554208.5627179,0.0028390509788004357,1068080.3811217733,86393.66193944725,1.0000000221627094,375572521.82369345,ok,2136160.7622435465
116,375514566.10376996,0.002647776960859055,1030532.8119865255,71107.35170768286,1.0000000015965635,374555140.64207286,ok,2061065.6239721486
117,374543831.92854774,0.002858141525019748,1109578.3190126605,20313.41688994142,1.000000002017647,373454567.02426827,ok,2219156.638025311
118,373496758.1691633,0.0029973720177838455,935640.4074650034,11659.063522353757,1.000000006697963,372572776.81911,ok,1871280.8149300045
119,372598061.6504903,0.0029636529701306718,896980.3061569609,8346.547193202548,1.0000000001656317,371709427.8913807,ok,1793960.612313109
120,371735469.1727802,0.0031792439085480393,939073.5258551241,11268.478691563425,1.0000000000002467,370807664.12561643,ok,1878147.0517102429
121,370827134.2383593,0.0031011793887880637,935585.063235293,6974.588633808295,1.0000000000089506,369898523.76374954,ok,1871170.1264705858
122,369875572.1589062,0.0028937131087700013,800951.4823717317,8785.891140436797,1.0000000027115477,369083406.56555074,ok,1601902.964743463
123,369086005.7553278,0.003055919002691916,935629.544046893,13384.302377576787,1.0000000047349864,368163760.509355,ok,1871259.0880937828
124,368118284.1018314,0.003075382706908927,868062.680031881,15231.717604958303,1.000000000001871,367265453.13940287,ok,1736125.3600637512
125,367254864.9832012,0.0032211239230420783,835342.8386805935,22438.785849714433,1.000000000057994,366441960.9303245,ok,1670685.6773611866
126,366446466.1758864,0.0032105449108425564,868562.424630512,29826.255963855187,1.000000000392305,365607730.0069024,ok,1737124.849261024
127,365614706.66728777,0.003212781792841466,780839.7091820419,7898.976488043363,1.0000000000026832,364841765.93459177,ok,1561679.4183640839
128,364864378.1149134,0.0032733465971887038,799580.7085267829,8491.526778457715,1.0000000011039336,364073288.93230116,ok,1599161.4170535658
129,364108264.6674448,0.0031506516364648526,675287.1860161477,6742.388858077793,1.0000001219126453,363439719.78960466,ok,1350574.3720322954
130,363434222.88368756,0.003242909835146154,800869.2423802027,24625.605009146573,1.0,362657979.2463165,ok,1601738.4847604055
131,362684542.150705,0.0031765694841174815,741365.9998745607,27296.332615100284,1.0000000021193631,361970472.48199004,ok,1482731.9997491215
132,361980397.70144796,0.0032092067796658788,842233.78427602,112924.00209206903,1.0000042384731451,361251085.30673146,ok,1684467.56855204
133,361248557.1360949,0.0032016994439743995,730029.9287071024,17899.28003507714,1.000000002150978,360536426.4859296,ok,1460059.8574142046
134,360499773.7615622,0.003594713221966662,705199.2879610998,4852.815271894742,1.0000000019153144,359799427.287541,ok,1410398.5759221995
135,359794147.71580637,0.0034400644221614486,722365.192681611,14691.242389755897,1.0000001063986175,359086473.6917821,ok,1444730.385363222
136,359094728.14808303,0.003611861515296006,632598.018603639,8621.208925143035,1.0000000217372094,358470751.3250284,ok,1265196.037207275
137,358469654.113535,0.0040573168682419645,467462.1278321412,4037.0942941040466,1.0000000000034486,358006229.0799954,ok,934924.25566428
138,358016658.2632192,0.00364355872948757,731179.0492404683,16809.341845914543,1.000000174669679,357302288.43398196,ok,1462358.098480258
139,357313956.5788212,0.003770568865299825,680165.0409451929,88379.47898308784,1.0000000274868548,356722171.0030221,ok,1360330.0818903833
140,356732206.1504724,0.0028557926299742718,974144.8560238738,924781.409596703,0.5266892510570137,356475670.3381522,ok,1948289.7120477455
141,356478295.5124515,0.003638014535430428,705406.1596307096,83987.50803134352,1.0000000891697733,355856876.8129296,ok,1410812.3192614191
142,355855607.0997666,0.0033401969821170684,796086.6852864114,222030.58828238628,1.0000000112812581,355281550.9987913,ok,1592173.370571902
143,355268257.678345,0.0025594842876718706,922895.4254786837,950928.631698734,0.485260089303457,355044335.52005225,ok,1845790.850957367
144,355016559.29026455,0.003903761388719671,621491.639482575,40992.359777118436,1.0000000000089566,354436060.01055425,ok,1242983.27896515
145,354430755.44043535,0.003707010876344707,693281.9317327556,20983.998753818632,1.0000000001037674,353758457.50738883,ok,1386563.8634655112
146,353733411.34904724,0.003748745816382497,610544.7413205523,9107.235050913732,1.0000000145744896,353131973.8341447,ok,1221089.4826411046
147,353125759.11469847,0.003377137976769531,708392.6752230721,2929.133771112978,1.000000004236281,352420295.57027036,ok,1416785.350446144
148,352403903.53665346,0.0036717910444586145,621644.4173336271,10793.948837958595,1.0000000011680164,351793053.0674569,ok,1243288.8346672542
149,351809183.9444219,0.004288782968959031,664431.4404636944,3971.512590835653,1.0000000000160616,351148724.01653844,ok,1328862.8809273886
150,351132760.24501795,0.003911863974984317,620536.4777024568,16144.416654987566,1.000000000174234,350528368.183868,ok,1241072.9554049135
151,350540477.52241975,0.004092757451035012,511813.7977899575,29332.321715903403,1.0,350057996.0463457,ok,1023627.5955799116
152,350060689.43278176,0.0041489987370252526,514025.0454204962,13963.65318874476,1.000000002762389,349560628.0392072,ok,1028050.0908409923
153,349568189.7389249,0.0038027060976533167,581027.0833210432,7173.672376359729,1.0000001422955804,348994336.2473442,ok,1162054.1666415946
154,348998426.1025721,0.004031320004790803,507537.8515448111,18158.86588927252,1.000000003276762,348509047.1153725,ok,1015075.7030896222
155,348531924.65627825,0.0041683563100994156,572512.677917823,53771.128853841365,1.0000000000023437,348013183.1072132,ok,1145025.355835646
156,348019318.79079235,0.004341747927738534,554556.0169353387,22674.317259914333,1.0000000142240166,347487437.0838739,ok,1109112.0338702088
157,347507681.6881848,0.004333727443761982,541005.5024592055,10576.172228280746,1.0000000011452554,346977252.35735846,ok,1082011.004918411
158,346980489.3364221,0.0038952789328343955,605606.2539919177,15248.66058285107,1.0000000000007634,346390131.7430126,ok,1211212.5079833444
159,346394488.7600951,0.0041014915806512646,528062.6665559795,11873.433849135992,1.0000001665545135,345878299.4433922,ok,1056125.3331119576
160,345882924.9607848,0.004332788349056924,580948.6141550576,14709.07938043688,1.0000000000000018,345316685.4260102,ok,1161897.2283101145
161,345327237.1140126,0.004127784979027584,509777.6284252159,3375.79204413733,1.0000000110699292,344820835.272063,ok,1019555.2568499413
162,344822023.78672755,0.004809702349544684,503255.1997182324,16140.682891290457,1.0000000000192093,344334909.26989156,ok,1006510.3994364648
163,344332366.75973105,0.004391337166300377,574049.2707326808,12041.280533889101,1.0000000084658534,343770358.7648763,ok,1148098.5414653616
164,343765335.1746829,0.004600609131608293,497174.33042109245,3565.8944429588246,1.000000033991029,343271726.72204775,ok,994348.6608421835
165,343264910.8247403,0.004290779038644962,483634.01458195504,17703.759473771377,1.000000001464253,342798980.56897575,ok,967268.029163474
166,342804417.0474383,0.004366179182107983,527994.4752203634,25334.006999340254,1.0000000003028349,342301756.5790728,ok,1055988.9504407258
167,342293328.50723594,0.004519895186151146,472408.179216261,5844.206963465778,1.0000000016012776,341826764.53424543,ok,944816.3584321543
168,341847345.3083892,0.006216455082233809,296185.9192594897,10089.8961923546,1.000000000000153,341561249.285322,ok,592371.8385189793
169,341569870.85990256,0.0047142283601218195,469982.83027172065,7523.486983920699,1.000000000121569,341107411.5165594,ok,939965.6605430646
170,341097647.08247554,0.004575609856279712,499498.05356847384,17402.0559985,1.000000000433049,340615551.08470434,ok,998996.1071369476
171,340621837.7050022,0.004578711859804584,500036.1534226625,4437.111739798449,1.00000000559901,340126238.6605693,ok,1000072.306845323
172,340111088.2487551,0.004533351991704051,479342.1553978175,5411.6239728594555,1.0000000002740042,339637157.71720177,ok,958684.3107952015
173,339625662.6919078,0.005074592630994712,418194.20340367325,7892.022736771192,1.0000000004162832,339215360.5110734,ok,836388.4068073465
174,339218051.9165079,0.004813195414205782,435780.97939419653,5004.567867860109,1.0000000000150118,338787275.50497514,ok,871561.9587883931
175,338788765.70550823,0.004581920311234569,453993.16313014436,6778.494091888089,1.00000005472095,338341551.0123689,ok,907986.3262602887
176,338336228.864937,0.0045864920853360275,464830.4716249219,18532.353714594523,1.000000000475166,337889930.74682343,ok,929660.9432498438
177,337885989.85053086,0.005067827473206879,475842.4656828335,11244.09294048457,1.0000000008112402,337421391.47742075,ok,951684.9313652427
178,337412391.99325657,0.005357883018269732,439086.28065358696,2761.3860230444807,1.0,336976067.098626,ok,878172.5613071732
179,336982085.352715,0.005284445681817248,455937.2092600792,5731.557275872459,1.000000000009741,336531879.7007265,ok,911874.4185201584
180,336540066.41190517,0.005386251450980424,418997.3825791717,12390.41937533974,1.0000000265517646,336133459.4382342,ok,837994.7651583434
181,336149528.5015156,0.005051991746914156,434078.1452233542,15490.627817238797,1.0000000793993291,335730940.9521039,ok,868156.2904467083
182,335740761.079482,0.005169827536592808,447031.42395531933,11851.305959364103,1.0000000085729153,335305580.9578569,ok,894062.8479106387
183,335292576.012635,0.005314192673973727,442036.1244835197,17423.175794328363,1.000000000001377,334867963.06394523,ok,884072.2489670394
184,334883558.9430964,0.005562490177421703,325039.59637914615,12714.793563538764,1.000000168851625,334571234.08969116,ok,650079.1927582923
185,334570156.70577,0.005596158247896393,345382.6219615671,9964.320117480413,1.0000009587097496,334234738.09191,ok,690765.2439231316
186,334224618.499311,0.0058284648932913135,370214.3940420735,14147.743147503097,1.0000000006338414,333868551.84819967,ok,740428.788084147
187,333854584.54035676,0.005115330821099613,355803.96517906315,7656.160258934273,1.0000001816924133,333506436.6735719,ok,711607.9303581072
188,333482491.9684182,0.005462510606808676,367297.11112047354,8427.56764727497,1.0000000000000036,333123622.424945,ok,734594.222240947
189,333119708.6933312,0.005835985390830942,378669.35178785294,11118.841449798256,1.0000000000196136,332752158.18298614,ok,757338.7035757024
190,332757180.32714474,0.0056770572901087306,407190.933954693,19661.14712704598,1.000000000006245,332369650.5403148,ok,814381.867909386
191,332372543.41368055,0.006090232960445998,374836.79511934594,6150.877695330362,1.0000000000313378,332003857.4962452,ok,749673.5902386869
192,331999252.2031574,0.005592339010880588,342248.60542445775,6907.162033227618,1.0000000025304772,331663910.7589351,ok,684497.2108486457
193,331670091.09782207,0.006146118396711576,324583.53340535634,7484.413073390009,1.00000001113375,331352991.97404295,ok,649167.0668107056
194,331347315.6913363,0.006472814146981154,362822.6515039152,13382.222157738986,1.000000001528014,330997875.26147664,ok,725645.3030078292
195,331004561.63916993,0.005528694864840364,363331.75536756695,8790.105475012984,1.0000000041483528,330650019.9878431,ok,726663.5107351339
196,330656749.0227924,0.004507658524828835,430465.659957227,712424.6099382783,0.3021131316579033,330591724.35849196,ok,860931.3199140184
197,330563529.8905194,0.006445676501313061,408672.1419565772,314559.0105210475,0.6495953514090045,330430794.12868667,ok,817344.2839131544
198,330407840.7915625,0.005633356479293992,362630.44102522323,49878.95713098784,1.0000000162948777,330095089.3033848,ok,725260.8820501787
199,330092116.4024672,0.005710207652363528,328359.3534577186,6738.014286551064,1.0000000238502873,329770495.05578595,ok,656718.7069151257
200,329762188.98343515,0.0058960662860754205,353759.00769524474,9344.187317066335,1.0000000006127256,329417774.1628517,ok,707518.0153904895
201,329419575.2452548,0.0060529160857080225,364616.7392970202,10130.818844797643,1.0000000017177906,329065089.32421106,ok,729233.4785940403
202,329067424.1334014,0.0060339511308973295,320862.77021540527,9806.225692805576,1.0000000000389115,328756367.58886707,ok,641725.5404308102
203,328760998.5974744,0.005771024589518843,338040.6371594493,38317.376613147324,1.0000000000859388,328461275.33690566,ok,676081.2743188986
204,328455338.4733873,0.0063664171788797574,379910.8860456167,27329.602726770005,1.0000000001605915,328102757.1900162,ok,759821.7720912207
205,328105001.600298,0.006476534514665347,311350.0484213369,11721.694025139072,1.0000000002313802,327805373.2458352,ok,622700.0968426738
206,327809501.5170776,0.005554497694369806,341083.2663787494,546239.8491204459,0.3122101645714432,327756256.6857133,ok,682166.5327574984
207,327778970.3839414,0.004176536582994442,557417.7292590328,1288398.0017352684,0.2163220249132175,327718679.5179835,ok,1114835.458517737
208,327718088.670188,0.006172494779128361,338833.6011375565,47079.776059676784,1.0000000000006557,327426334.84511,ok,677667.202275113
209,327434242.04572076,0.004856539196425037,420718.215346753,255840.52937874902,0.8222274562368446,327261279.01172227,ok,841436.430693506
210,327259588.26707184,0.004237875884723528,440730.1718555304,634861.509924901,0.3471073336196309,327183097.9296726,ok,881460.3437110607
211,327187979.37562084,0.007418679291727,331116.86286996235,121495.17771268291,1.0000000083516425,326978357.68972754,ok,662233.7257399246
212,326996048.6636251,0.0046771077617933,468337.4624826325,516238.1189290995,0.45360604468163485,326889828.3116586,ok,936674.924965265
213,326901361.06070983,0.005883334650356397,381423.17195325263,257288.85001867672,0.7412353312737123,326759998.8951007,ok,762846.3439065053
214,326782933.5244613,0.004312761439411639,453193.3289049523,771471.98889184,0.2937198857705317,326716377.57806236,ok,906386.657809883
215,326701716.325305,0.006177658362288986,285586.6876595949,67097.12670439416,1.0000000003815483,326483226.764292,ok,571173.3753191899
216,326478985.315471,0.005321547978153318,366270.5866379363,103809.6278299155,1.0000048125664707,326216523.5931453,ok,732541.1732756048
217,326204747.78571373,0.005670627626156751,407196.57541391323,251859.60404067097,0.8083800833502423,326040162.9849272,ok,814393.1508278247
218,326027596.69900924,0.005200291509112197,383582.7467736259,443332.9619276958,0.43261248284555176,325944625.35678005,ok,767165.4935472517
219,325929255.332063,0.006210301681954727,337628.1129692359,81168.51301005966,1.0000000047058626,325672795.73127896,ok,675256.2259381321
220,325687890.8121394,0.003870850063061474,555477.0364128435,1245448.80625363,0.2230027575696769,325625954.356696,ok,1110954.072825687
221,325641018.12816894,0.007781528123097235,312348.4646157782,16669.866984361644,1.0000000003772398,325345339.5304323,ok,624696.9292315525
222,325346794.3971645,0.0066907240307097085,297125.01163356274,119458.42912911803,1.0000000005034806,325169127.81463075,ok,594250.0232667949
223,325169560.86781955,0.0035422670303880393,711097.9112423231,2354173.8956121244,0.15102918109994287,325115862.60021114,ok,1422195.822484631
224,325109001.3959921,0.006655176532210725,308700.85730923986,124514.30349974842,1.000000000051381,324924814.8421796,ok,617401.7146184797
225,324920231.60731375,0.005332621858348395,347099.5616101668,72416.98827042957,1.0000000173636774,324645549.03046197,ok,694199.1232203336
226,324650446.60902053,0.005870534416037713,295999.37993031694,42239.69634361601,1.0000000185854554,324396686.92150265,ok,591998.7598606339
227,324407487.3219897,0.0057439029611618805,320890.5706349329,76384.4824935224,1.000000368065828,324162981.1719685,ok,641781.1412698657
228,324154485.3755931,0.005302502000210704,360790.0782416931,392031.3037729941,0.46015467995715054,324071475.7541006,ok,721580.1564830747
229,324094805.1662929,0.00418492177883958,411110.593147972,618549.7288751085,0.33231814190236225,324026495.41207725,ok,822221.1862959438
230,324024398.4476477,0.0065872073385449936,275750.9968097283,11718.23971497998,1.000000000000055,323760365.69055295,ok,551501.9936194567
231,323763300.61004734,0.006866708365753429,303635.095568893,27021.09882687645,1.0000000369026554,323486686.6040947,ok,607270.191137786
232,323479429.10168755,0.0069606860389962895,266997.5267631706,16000.639971537526,1.0000000108270177,323228432.2123516,ok,533995.0535263411
233,323226682.693285,0.007239198636937157,246794.44686266105,4707.822796203958,1.0000000000374032,322984596.0692097,ok,493588.8937253221
234,322997096.7837555,0.006503717599127569,281237.8927547447,7277.908738111881,1.0000000002734097,322723136.7996659,ok,562475.7855092491
235,322725563.91641283,0.007299272108106324,240064.0290711149,5250.8639425832425,1.0000000000009661,322490750.7512841,ok,480128.05814222974
236,322502221.51273304,0.007836160426187344,224820.84311042994,4185.953525523668,1.0000000001745784,322281586.62311035,ok,449641.6862208595
237,322280045.1983324,0.006068501284695513,277092.21094118163,171962.43242148688,0.8056765859825052,322168421.84507567,ok,554184.4218820562
238,322201900.1551844,0.0028004335246960385,608126.0422471106,1227871.5149655535,0.24763423323822725,322126603.7420924,ok,1216252.084493768
239,322110916.21380323,0.006909544466207244,294965.6991349962,73867.4609212027,1.0000000008439092,321889817.9754652,ok,589931.3982699924
240,321887060.3250592,0.0051308980208652506,377151.99276838603,562334.4519891727,0.3353449103414064,321823822.32445914,ok,754303.9855367669
241,321850278.4989085,0.0063967295896075515,277158.3148617738,54957.885329077566,1.0000000000149813,321628078.0693733,ok,554316.6297235476
242,321627211.2192802,0.007843886456080239,239617.79421369292,13551.788838623128,1.0000002750993233,321401145.1554426,ok,479235.5884273858
243,321402737.8501962,0.007178620773085136,257898.65163276298,9255.287757420021,1.0000000000782043,321154094.48630214,ok,515797.30326552596
244,321156818.4929715,0.0075956882816842234,268283.6255294803,27527.045730697057,1.0000000013597359,320916061.9128828,ok,536567.2510589603
245,320922089.78066134,0.007730383974115409,244874.04166134004,66470.13577199902,1.0000000000015548,320743685.87477183,ok,489748.08332242677
246,320730564.0272685,0.006611197337852616,273401.228073855,198088.08123737737,0.6901001472830328,320636226.91338795,ok,546802.4561474967
247,320616232.17268604,0.0067303390253966614,261871.09464473085,230767.38921758515,0.5673918995500242,320541940.4037722,ok,523742.18928946106
248,320520282.7143869,0.007212108195683632,316406.2276445249,192194.9077866247,0.8231389460011082,320390059.5700211,ok,632812.4552890498
249,320413790.32729185,0.004122104577089454,525608.460151731,1442360.103988215,0.182204311772903,320365906.26341987,ok,1051216.920303462
250,320370178.0335889,0.007889149786901337,254104.25292616963,37581.44738133552,1.0000000000002918,320153655.22804403,ok,508208.5058523389
251,320153697.52975374,0.008099647534711091,241171.48502859112,12323.125544899069,1.000000060599957,319924849.15714866,ok,482342.97005718225
252,319931689.744382,0.006724896146017514,280152.88178687065,16360.418105060204,1.000000000395827,319667897.2806023,ok,560305.7635737413
253,319664288.644641,0.007714338927079559,246086.33852064976,23055.7763042745,1.0000000000345874,319441258.08241767,ok,492172.67704129947
254,319439345.168027,0.00754830752295714,242367.83046337368,10548.605569182528,1.0000000000065,319207525.9431313,ok,484735.66092674737
255,319204283.8294296,0.0073821318518172,218179.9365226801,7986.843488191878,1.0000000004803744,318994090.73629797,ok,436359.8730453602
256,318996155.3038471,0.008314985010951056,247576.87126331526,9884.792663994895,1.0000000000325386,318758463.22524035,ok,495153.7425264476
257,318760630.7820922,0.00720228625908319,192296.6941690126,4732.417386207353,1.000000000048326,318573066.5053006,ok,384593.3883380252
258,318574017.1297251,0.007710698058122487,222858.9904195689,444022.83154843125,0.25095442687304786,318546053.40461797,ok,445717.9808391376
259,318529899.0035255,0.008006976707728205,175298.82328621502,42636.04720169408,1.0000001364548925,318397236.2151564,ok,350597.64657243004
260,318400689.586633,0.006906528621381904,259435.75884326405,181748.04863033304,0.7137236432478682,318308106.8691378,ok,518871.5176862424
261,318313189.5465803,0.005669491007661983,315721.1183218611,530472.4221446321,0.2975848556324955,318266212.6348724,ok,631442.236643722
262,318267043.60380185,0.008291926436387547,220202.64307114534,13506.86035227457,1.0000000000021878,318060347.82108253,ok,440405.2861421025
263,318061956.3972304,0.008392275331330827,204555.21258193912,4461.550957623311,1.0,317861862.7356061,ok,409110.42516387755
264,317858139.50841147,0.00748600431140954,222592.01955565397,5304.352401184715,1.0000000002497602,317640851.84120405,ok,445184.03911130794
265,317637099.96884036,0.007937398299205456,222020.83804991355,10416.173354644798,1.000000004387351,317425495.3032624,ok,444041.6760998265
266,317431659.9419692,0.008734591083259613,231853.92794403783,34726.97939353978,1.0000000000002602,317234532.99341863,ok,463707.85588807566
267,317237047.3781539,0.00747916521170547,228061.15657600068,22877.087785990316,1.0000000038038286,317031863.3086704,ok,456122.31315179786
268,317043123.65342784,0.007895756256957959,218537.88659407213,8683.311888452936,1.0000000000000049,316833269.07872224,ok,437075.77318814414
269,316828694.0016311,0.008675357881618398,217849.58499233832,9898.469482218585,1.0000000014723722,316620742.8858294,ok,435699.16998467664
270,316615462.8026973,0.007931532295280349,179343.486753983,4657.589320090641,1.0000000000449636,316440776.90525573,ok,358686.9735078225
271,316440602.44049895,0.008093201304532683,194750.59841565954,15105.559994544281,1.0000000002358438,316260957.40203905,ok,389501.196831319
272,316260113.28772795,0.009126909917043083,250709.28062833913,33177.36125071507,1.0,316042581.3683503,ok,501418.5612566782
273,316033424.1211824,0.007265587069845611,219680.67415696243,7458.934913303947,1.0000000201867412,315821202.37780523,ok,439361.3483137288
274,315827833.1837677,0.0076716760239745555,220497.38142828236,15750.931921543593,1.000000001341082,315623086.7340075,ok,440994.7628565646
275,315622749.18725574,0.008061439862143948,184864.8082033929,9682.711015968383,1.0000000004712564,315447567.0899903,ok,369729.6164067858
276,315447725.2218899,0.00828804884725684,204005.48866033304,6075.785812852098,1.0000000102443658,315249795.51707697,ok,408010.97732066596
277,315246937.71298224,0.009111666539910652,211617.04864957463,12518.840621950567,1.0000000000043456,315047839.5049538,ok,423234.09729914926
278,315042824.869916,0.008415253417772696,203374.2626398705,4928.061088786217,1.0000000075604634,314844378.6669018,ok,406748.5252797409
279,314855062.292012,0.00870834573701903,183188.48024822585,5891.295591754364,1.0000000000047824,314677765.1073547,ok,366376.96049630333
280,314684326.46049786,0.008820310545956405,157891.98922060514,10073.160340035374,1.0,314536507.63161725,ok,315783.97844121023
281,314534407.94285613,0.009904666712687952,199630.53061644122,107204.05954908737,0.9310772906180523,314441472.2160706,ok,399261.06123275694
282,314443344.31403047,0.005067810564122863,435509.1668514795,1320946.365271035,0.16484740724583494,314407448.0355368,ok,871018.3337026007
283,314400688.7986426,0.009275058836111596,193913.90591883528,27095.399226626087,1.0000001902859088,314233870.26536304,ok,387827.81183750596
284,314228067.33620375,0.009542467881756172,187914.05880564652,100283.88140793289,0.9369105790852532,314140038.00137687,ok,375828.117611293
285,314154591.58408797,0.0026075250660420276,535078.9424809887,1586345.2389945635,0.1686514793022373,314109470.6564915,ok,1070157.884961977
286,314114375.14199984,0.008554620506712967,185488.30415921943,11177.329135347794,1.0000000001377813,313940064.16695344,ok,370976.6083183068
287,313930963.95052373,0.008699300311182732,166563.32633464318,4372.695355001908,1.0,313768773.3195441,ok,333126.6526691651
288,313772636.75236624,0.00897362590194086,182656.05839948857,8438.518899709868,1.000000006758509,313598419.21174604,ok,365312.1167989759
289,313595955.0502254,0.008358487034000377,198031.4452426448,4719.5597797226965,1.0000000000130997,313402643.16475993,ok,396062.8904852896
290,313403434.7407476,0.00934982077175096,190555.20720643247,4257.805049112796,1.000000000061292,313217137.3385791,ok,381110.41441286495
291,313213995.0805144,0.0097692750483416,149830.09943101005,7946.877764109227,1.0000000157624649,313072111.8567363,ok,299660.19886202004
292,313069369.9532434,0.00928068156672823,196879.83714241217,75201.95332241985,1.0000000000144509,312947692.0694227,ok,393759.6742848243
293,312938167.6386094,0.00548133088980857,340651.536756317,1125030.0103068184,0.15139664437191966,312912380.88882685,ok,681303.0735121829
294,312903679.301181,0.007755309533914924,227860.55227140296,336234.53530923545,0.33884168391839825,312865074.9745659,ok,455721.10454280593
295,312848016.4965101,0.0066217038796895795,271554.21347583353,761551.9144956318,0.17829002088168944,312823808.7933145,ok,543108.4269516671
296,312827538.3115232,0.00947465956395934,150048.71635377232,42417.64723190629,1.000000035799363,312719907.24006677,ok,300097.43270754465
297,312719900.38338715,0.008383714591062569,225026.95293806304,363903.1240242164,0.3091852447563604,312685112.8766267,ok,450053.9058759092
298,312671055.24182063,0.009996514882136714,136788.7198951537,3460.9948553056565,1.0000000453100355,312537727.5108965,ok,273577.4397903074
299,312537821.1662274,0.011987069785524282,152987.24523075795,65037.46993846819,1.0000000000000078,312449871.3909351,ok,305974.4904615133
300,312456275.55145305,0.003792536188494471,477662.6599193998,1704435.742948973,0.140123399164629,312422809.69367206,ok,955325.3198387994
301,312412919.17436886,0.00814328093729809,223713.50835577148,424611.9401460845,0.26343289861185315,312383452.4253864,ok,447427.0167113942
302,312396472.4908798,0.008409649065802676,210042.9007123317,451530.4699396757,0.23258995205837754,312372045.55677634,ok,420085.80142466334
303,312373694.3383188,0.006942641149134682,285701.05776170734,675699.3163355194,0.21141138584476685,312343494.1100395,ok,571402.1155234145
304,312353982.126294,0.009160280538351244,139559.43327884574,31300.58093247728,1.000000001689144,312245723.27381766,ok,279118.8665575774
305,312252405.033606,0.009458459185648254,222144.71343567106,195779.2512200909,0.5673346691523012,312189389.83485556,ok,444289.4268713421
306,312186029.3351188,0.009412760988287711,190823.64081156696,41541.69766575868,1.0000000003053116,312036747.39194006,ok,381647.2816231338
307,312032178.9857643,0.00970650455385845,179164.70944631132,92354.83445291781,0.9699801342703337,311945285.8813017,ok,358329.41889262095
308,311936438.9936575,0.0040122117583401866,327884.5069854998,634221.1318426266,0.2584938363949531,311894060.9316049,ok,655769.013970998
309,311895705.8393124,0.009402572756589053,189743.10404189207,18930.694220382626,1.0000000000001366,311724893.4294908,ok,379486.20808378415
310,311726921.05991995,0.009353437220004037,184430.62425016658,8621.468199093588,1.0000000037116739,311551111.9032483,ok,368861.24850033235
311,311548261.37438345,0.008594720350176794,180668.91688342788,5535.844653757402,1.0000000000132754,311373128.3021515,ok,361337.83376685577
312,311368822.7597582,0.009316632713224473,127286.34399189331,1460.1345489117984,1.000000000000093,311242996.5503152,ok,254572.6879837866
313,311245921.86102945,0.009331206732937023,146751.92651548237,10113.961143161028,1.0000000186923796,311109283.89329207,ok,293503.85303096473
314,311109092.89923275,0.010660606300421593,136437.50911111018,2960.097790376598,1.0000000000016753,310975615.48791176,ok,272875.01822222024
315,310974924.6702541,0.009151044842443952,163654.1945706118,3299.4315556995953,1.00000000003874,310814569.90723306,ok,327308.3891412236
316,310811600.7999229,0.01035468371920474,165934.43959229958,6220.362551702965,1.0000000000492133,310651886.72287476,ok,331868.87918459915
317,310653798.70993316,0.008239429241508882,168628.0426466391,26620.3095376166,1.000001095917218,310511790.8503691,ok,337256.0852932782
318,310511099.91896963,0.009387602522879278,119910.82034739768,80470.2627082942,0.7450629357460657,310466429.36505175,ok,239821.64069479535
319,310464372.211949,0.008789560121295182,158986.8754255108,5510.049420895181,1.0000000000000064,310310895.38594437,ok,317973.7508510216
320,310314843.6377814,0.011938737662084848,103790.88519017046,3435.682202222968,1.0000000066972323,310214488.4341443,ok,207581.77038025457
321,310215294.90645796,0.01084853247750567,135743.42269491754,7890.394058415128,1.0000000045633697,310087441.877274,ok,271486.84538983507
322,310084334.9692918,0.010288384332710565,155211.09010785323,6578.198818291941,1.0000000048853355,309935702.0773083,ok,310422.18021570524
323,309934888.7205017,0.010288436662918574,153896.060114917,4489.527259937733,1.000000001002012,309785482.18750155,ok,307792.120229834
324,309790607.0266912,0.007795741998443627,152627.8611747226,57735.4885101713,1.0000002088222886,309695714.6462675,ok,305255.7223494402
325,309695527.5274849,0.007113099000361588,358616.0821741656,1653666.9860015227,0.1084305622625024,309676085.0557716,ok,717232.1643483312
326,309674255.4941812,0.010474974544425732,165683.5630942391,89079.40228869475,0.9299768455859203,309597214.5554953,ok,331367.12618847814
327,309590291.3325955,0.009443786764510815,188020.42979211122,95545.49672960036,0.983931405601567,309497791.72971195,ok,376040.85958421964
328,309507253.52998847,0.008319080385600416,306692.6151520464,582354.7994420887,0.26332110205485215,309466874.21128154,ok,613385.230303819
329,309458063.4469351,0.010265823018914304,164294.40335554036,39682.13099837515,1.0000000074404363,309333451.173946,ok,328588.8067110807
330,309336929.52097034,0.009674856000429789,194214.13756894507,102759.18560408172,0.9449964809823806,309245163.6826905,ok,388428.27513789013
331,309252251.40469825,0.006957739000284308,256632.0958353695,450249.61562664073,0.2849886895274729,309215682.78235686,ok,513264.191670739
332,309214397.4971444,0.009303209150849487,175271.3976369901,75224.31642499154,1.0000000030716325,309114350.4158562,ok,350542.7952739801
333,309124457.00381106,0.004669892933171009,325372.15231029637,762081.738688167,0.2134758883413122,309089727.44918305,ok,650744.3046205927
334,309084667.57033753,0.011530145544978504,134650.95095576078,7212.107651924878,1.0000000018760886,308957228.7268082,ok,269301.90191141766
335,308960051.12237465,0.009755699437757075,154506.37829551438,8419.210818421074,1.0000000002321443,308813963.95486563,ok,309012.7565910287
336,308815009.3745562,0.010156584280309883,134201.66199090224,7486.611495432637,1.0,308688294.32406074,ok,268403.3239818045
337,308683864.2725806,0.010748329654949838,150690.35910150048,15776.658573085551,1.0000006539646062,308548950.4941408,ok,301380.71820300096
338,308550484.74439704,0.010564361002633148,188013.68746802094,109926.92878609666,0.8551757496739987,308470092.3713323,ok,376027.3749360419
339,308474405.842472,0.008552647664731086,208475.24076767516,102989.9128548556,1.000000001279996,308368920.514556,ok,416950.4815351621
340,308366035.71742713,0.009570205360176751,219954.2032082008,253042.97795444774,0.4346182711456164,308318237.65966237,ok,439908.4064163991
341,308314815.88806194,0.009893912467393368,131795.9870227219,23788.599415616587,1.000000201189272,308206808.4835109,ok,263591.9740454438
342,308212200.1090742,0.011169688867246527,134161.25992073055,7412.815247882406,1.0000000011696286,308085451.66426176,ok,268322.51984146074
343,308083234.31442326,0.012039863338156273,141027.40060303456,9738.308320958415,1.0000000002400578,307951945.222112,ok,282054.80120594753
344,307949197.2813622,0.010042541844556687,135438.72038475645,4022.545511080273,1.0,307817781.10648847,ok,270877.4407694033
345,307815728.59128255,0.011675598907996612,130202.09958538171,4327.509369430356,1.0000000000001334,307689854.00106657,ok,260404.19917076343
346,307688961.53609174,0.01088681710521191,129674.08323755374,5986.982758379826,1.0000000000020444,307565274.4356123,ok,259348.16647501432
347,307565776.1287432,0.00990090063853624,150438.670458825,95763.30453336936,0.7854713827591636,307506693.49349034,ok,300877.3409174893
348,307511041.1732564,0.006456035672033235,266720.2460745518,822965.3684364674,0.1620482807079035,307489430.39460325,ok,533440.4921491034
349,307508857.14420176,0.008954309032346024,156618.7191811446,143671.14145697508,0.5450597718959688,307466173.862526,ok,313237.4383622892
350,307475072.33405703,0.006289947253942408,240492.99742968957,641395.8143130688,0.18747627600848643,307452528.96827495,ok,480985.9948593704
351,307454778.2167849,0.011037009129206268,112084.74650690393,6247.305430187338,1.0000000077564561,307348940.7749357,ok,224169.49301372125
352,307351270.6902787,0.010933640995556325,133352.52508105885,13126.76182607855,1.000000000013328,307231044.92702234,ok,266705.0501621143
353,307226335.41399163,0.010446623998002917,153662.76556742218,181537.65370154593,0.42322560205622406,307193818.4057562,ok,307325.5311348443
354,307192606.3402755,0.014550765315312035,56844.865926496976,4374.405857298787,1.0000000004324068,307140135.88018554,ok,113689.73185299392
355,307140186.0853279,0.010506337802871807,119093.11978817504,10256.883177360478,1.0000000594106473,307031349.8428604,ok,238186.2395762689
356,307027078.148383,0.013314263054806416,105789.95306461817,11888.747029297396,1.0000000000586187,306933176.9423429,ok,211579.90612923633
357,306929339.43741024,0.009780584931793162,135152.73686663757,28527.92651062393,1.0000000004654428,306822714.62701786,ok,270305.4737332747
358,306832661.8134512,0.007783704828884762,221527.63808250162,470811.4744854831,0.23526151133486464,306806603.34998226,ok,443055.27616500325
359,306806803.2659881,0.010634171388624252,129986.69509858606,22620.063046330048,1.000001625935896,306699436.49614346,ok,259973.39019717212
360,306701427.9003579,0.009780273176665232,187762.6176662172,307954.6257421932,0.30485435510782727,306672807.7744969,ok,375525.23533225525
361,306668565.7520437,0.011991081803243339,114305.02917163348,18763.01421647476,1.000000000029281,306573023.7370863,ok,228610.05834326695
362,306572939.472716,0.010460846651420535,124972.37152640821,28699.065451613853,1.0000000388067312,306476666.16401887,ok,249944.74305281643
363,306472935.82243484,0.012615116048534259,173771.90150173096,137144.41726641843,0.6335361838468405,306417890.4287662,ok,347543.8030034619
364,306421363.3118917,0.008093367207261105,298561.7556904823,1274704.6089121362,0.11711017344845179,306403881.0023947,ok,597123.5113809645
365,306400157.5799911,0.011852266803985205,124249.57708743226,20942.450918678293,1.0000000000182603,306296850.4538208,ok,248499.15417486415
366,306294798.5131127,0.013729375977486536,135655.79689325398,90927.43603216653,0.745956351641018,306244201.861448,ok,271311.59378650796
367,306266534.8110159,0.0044797925788280495,344030.9303500252,925457.5348709313,0.185870727389996,306234562.17138153,ok,688061.8607000326
368,306233418.9908499,0.009112152589760546,138598.83377866657,157986.8683087984,0.43864036062719997,306203021.46963435,ok,277197.66755733313
369,306198285.7141289,0.011152213775617929,120544.12898297416,95996.92523729008,0.6278541145198507,306160443.65044737,ok,241088.2579659483
370,306152028.04330647,0.008631258115123833,241386.31033218082,1205158.421799185,0.10014712836334595,306139940.97040343,ok,482772.62066435505
371,306139285.58217835,0.013374330561397686,127871.55702531736,53917.792887081465,1.0000000064349943,306065331.8179112,ok,255743.1140506347
372,306069700.2187636,0.00450312655568256,457786.7190866448,2452049.092253336,0.09334778829121176,306048333.52989566,ok,915573.4381732896
373,306042239.2594363,0.010786537113779016,135981.18897632562,76827.67154202572,0.8849753366659183,305982069.260189,ok,271962.37795265124
374,305985374.23616683,0.010774681861241423,205432.7574554119,371645.29023829027,0.27638283445445144,305956985.1922692,ok,410865.5149108238
375,305963187.36275864,0.011004524878760254,109602.40542618789,86381.91873376057,0.6344059441652116,305928421.15401006,ok,219204.81085237578
376,305926277.9256671,0.009602297117106988,173410.68535396486,547188.689567597,0.15845602135069584,305912538.9420366,ok,346821.370707752
377,305914374.9471757,0.011174767616135416,109017.83717548827,85875.62203685232,0.6347426346950057,305879775.8125769,ok,218035.67435097654
378,305892652.8347743,0.004594732936352639,241467.1139332496,591925.0667630363,0.20396763669236148,305868027.0964904,ok,482934.2278664992
379,305874139.0894762,0.00945730430591305,126033.26630181227,138211.24832170716,0.4559443165163054,305845407.01374507,ok,252066.53260362372
380,305842986.0699903,0.00871794192028491,262127.81225007182,2409826.0027461965,0.054387290192602175,305835857.8592941,ok,524255.6244997257
381,305836550.5095682,0.013032680844553815,114023.64506522393,4796.028078297067,1.0000000000000293,305727322.8925813,ok,228047.29013044783
382,305723547.6083503,0.011700868240875751,125305.66748513404,3991.1602750739703,1.0000000563663805,305602233.0945271,ok,250611.33497017092
383,305603150.0442503,0.008820003356386196,107262.31108477544,61194.5791956414,0.8764036986172725,305556147.5011719,ok,214524.62216955036
384,305564294.57697827,0.005624064163110772,397031.46101095853,2772078.4261829876,0.0716125953113186,305550078.3503067,ok,794062.9220213976
385,305552201.58048373,0.007306452589313441,212228.84964160458,571652.0939433265,0.18562763251475548,305532503.81102854,ok,424457.69928306044
386,305528921.75781727,0.012499530549232618,110542.84456829104,6427.93681327389,1.000000006932282,305424806.8493851,ok,221085.68913658208
387,305426585.095423,0.012107245252527734,121546.1267439183,20935.593094899672,1.000000000127286,305325974.5617638,ok,243092.2534878366
388,305323755.026197,0.010589851686956074,151933.35454047326,59615.65457807087,1.0000000002770943,305231437.3262256,ok,303866.7090808259
389,305244401.8891526,0.005165512448288377,423957.29887467803,2755570.164050541,0.076927327854988,305228094.9380891,ok,847914.597749356
390,305225161.1463407,0.010093230035996383,140915.63161495165,85423.8139274968,0.8248029743471379,305167047.33029675,ok,281831.2632299033
391,305177883.37572634,0.004467874337901274,464096.9983116111,2051264.486066758,0.11312461202931078,305151632.9792873,ok,928193.9966231987
392,305154568.1834321,0.009758838150057323,156020.17547861717,242719.9075982901,0.32139962688358464,305129495.7703395,ok,312040.35095723433
393,305124600.4071329,0.012237501194265631,122654.14932475059,16603.311261493214,1.0000000000019122,305018549.56906945,ok,245308.29864950117
394,305020758.0603549,0.011736769634846373,111057.35605197707,78839.78782530478,0.7043230272134978,304981647.93375045,ok,222114.7121039541
395,304984488.1899152,0.008683542014502027,199142.06011414935,1107373.1586926607,0.08991642002107578,304975535.1193546,ok,398284.1202282986
396,304973682.1634738,0.014241797815595966,104341.64161308715,13104.428283746041,1.0000000000554674,304882444.9501401,ok,208683.2832260902
397,304883136.2742318,0.011504582818871116,113881.74642533778,17632.170916084877,1.0000001576453996,304786886.6863289,ok,227763.4928506755
398,304786428.25313854,0.009817165995219432,190653.2569758194,1597898.731245819,0.059657490567995665,304780741.30569863,ok,381306.5139516387
399,304780332.1441932,0.012476407353752137,100121.08954028586,635748.4703893064,0.0787426900759791,304776390.2422313,ok,200242.17908057073
400,304776005.826192,0.014043135544743462,118842.22575033555,176885.11940282956,0.33593053545586854,304756044.4599265,ok,237684.4515006667
401,304753408.9193275,0.013076936123824228,108920.45919330796,82916.05934618785,0.6568115999009768,304717638.80879515,ok,217840.91838654585
402,304727510.2707714,0.007988870281859786,210497.46910014472,1198985.960981631,0.0877814569771137,304718271.38350755,ok,420994.93820003094
403,304718604.2066808,0.015024015736300408,101657.94266098067,12525.892819927822,1.0000000001589957,304629472.15682757,ok,203315.8853218733
404,304637627.7681194,0.011134805495801663,133007.68465414998,119093.39632232321,0.5584175477461744,304600490.85557145,ok,266015.3693082999
405,304606344.3257555,0.005237139733430838,291176.2655296424,1554558.9453709703,0.09365237207526984,304592709.6517761,ok,582352.5310588276
406,304589196.26312965,0.01301579948867944,121109.09335746037,179074.202072629,0.33815337987193955,304568719.5385036,ok,242218.18671492068
407,304570169.03082514,0.012117200583426498,110260.69994234244,53504.90609252819,1.000000021232658,304513413.23690635,ok,220521.39988468488
408,304516490.4292055,0.005827636845556261,288153.14232642954,1433689.1396927088,0.10049359179361264,304502011.65707594,ok,576306.284652859
409,304499136.6729212,0.013210819830939066,104973.3283658292,25040.215690832953,1.000000000319009,304419203.5602287,ok,209946.6567315674
410,304417416.96921504,0.011416670834949608,226287.6053293422,265681.91585033055,0.4258618894046579,304369233.33563787,ok,452575.2106586843
411,304362673.1124184,0.011366100042213851,110701.32044423118,20668.887383876296,1.00000001386253,304272640.6783965,ok,221402.64088846234
412,304269038.53814244,0.01358165223079981,119639.6346034405,26527.811753038954,1.0000000000000164,304175926.71529204,ok,239279.269206881
413,304168048.4358311,0.010270342427806898,110244.3317203787,58810.25946867415,0.9372882615753583,304116383.07681775,ok,220488.66344075737
414,304125514.26177675,0.004336920555348876,378379.21452336025,1837586.3408274837,0.10295549278870136,304106036.1525306,ok,756758.4290466973
415,304105842.3604776,0.01378588464342183,81050.69724063565,8721.037188820714,1.0000000777242517,304033512.69548184,ok,162101.39448120544
416,304031652.6448524,0.012562667769862137,93238.48049610002,6513.114713305231,1.0000000001702865,303944927.27905595,ok,186476.9609922
417,303942921.48045033,0.012911962555926266,107534.49754747048,11119.601129823886,1.000000000002642,303846506.5840325,ok,215068.99509494094
418,303844234.86743283,0.014151654340523569,130058.2742879161,54350.43081865896,1.000000000004296,303768527.0239635,ok,260116.5485758315
419,303760004.2205495,0.007007439212681794,163204.8203390096,218922.25238439286,0.3727460743744947,303729587.24249935,ok,326409.6406780192
420,303724918.1065231,0.01287384359122917,102448.97634542569,18426.401270206537,1.0000000000727358,303640895.5314431,ok,204897.95269076707
421,303639472.4371482,0.008462850753460741,181179.53439032647,630610.8645327532,0.14365399058305964,303626458.8555847,ok,362359.0687805058
422,303626024.5373111,0.013083140794106137,100771.03834615492,14762.30908320507,1.0000000021572402,303540015.8078944,ok,201542.0766923098
423,303544455.60901934,0.0132664122283195,117695.68142261668,51447.240082834716,1.0000000000019489,303478207.16767955,ok,235391.3628452333
424,303471075.7995764,0.0068212798441485215,216233.5819257356,661174.2283822299,0.16352239140870545,303453396.2833667,ok,432467.1638514712
425,303449624.2555559,0.013589344515403022,105297.33301666338,10012.54045857292,1.0000000146047552,303354339.4617525,ok,210594.6660333267
426,303351571.432224,0.01393505249062206,93920.9217967997,6001.8607932910745,1.0000000021654336,303263652.3710431,ok,187841.8435935994
427,303268664.67665184,0.013143737276814327,88240.01463077244,5161.211224312066,1.0000000000156988,303185585.87324417,ok,176480.02926154484
428,303187644.9819196,0.013085595567865286,76402.44024392075,10687.031994306059,1.000000021123301,303121929.57250756,ok,152804.88048784138
429,303118252.46207047,0.011930308939825475,104935.79935820008,165012.53748854046,0.3179631104257381,303101569.605491,ok,209871.59871627638
430,303100542.9644223,0.00884407020976452,168417.99015529233,757722.3614467647,0.11113436710097994,303091184.45105016,ok,336835.98031058465
431,303091386.7474487,0.01283417519936124,88898.63160934481,19750.019874756807,1.0000009040118447,303022238.09105724,ok,177797.26321868962
432,303026709.8018566,0.01236456465518323,133614.2288440476,136819.2501857382,0.4882873888822675,302994088.7303967,ok,267228.4576880952
433,303008824.0226792,0.011943934907262341,102247.69490661286,61684.50402455646,0.8287956312813043,302966452.8012556,ok,204495.3898132257
434,302969517.82097167,0.017592866792624003,68170.37787173092,24397.22338435784,1.000000000000267,302925744.6664843,ok,136340.75574341632
435,302929795.32637984,0.011380426897901749,94885.3543463885,11420.298491403166,1.0000000107127274,302846330.26975304,ok,189770.708692777
436,302846096.96252036,0.012387765140336187,75432.73622904785,190.82603349463534,1.0000000142351444,302770855.0512565,ok,150865.47245803443
437,302774930.2099143,0.013857779590870974,83221.9824466526,6616.962844785805,1.0000000034925736,302698325.190068,ok,166443.96489323713
438,302698970.893381,0.013114683512078023,77166.1743605435,14402.23243556676,1.0000000001140226,302636206.9514505,ok,154332.34872103218
439,302638062.39648545,0.00926943609317902,190646.14774815083,1705225.551027751,0.055900566242761,302632733.78267986,ok,381292.2954963015
440,302630270.2961227,0.015631074274231323,80708.00744911894,6051.142221655022,1.0000000005003002,302555613.43086094,ok,161416.01489817505
441,302554790.0055606,0.011577510195011487,118263.55462890235,65506.71941173607,0.9026826231792219,302501412.7777011,ok,236527.1092578047
442,302515820.06616515,0.006866326494778746,246112.88366529043,527171.5482561777,0.23342769965431867,302487095.28402054,ok,492225.76733057975
443,302488465.39812434,0.012126923028716187,94380.28816373565,23210.65400655446,1.0000000000000635,302417295.76396716,ok,188760.5763274713
444,302416804.88329303,0.012132448731570069,112165.50962823755,159980.74291882542,0.35055940978205913,302397144.54586643,ok,224331.01925647468
445,302405114.8921137,0.012124884538768147,99227.95733705066,41861.90160279993,1.000000029185593,302347748.83592695,ok,198455.91467402093
446,302352273.4263704,0.007740691259728549,153482.55767677724,346960.58787486254,0.22118154487928962,302335299.67176086,ok,306965.1153535545
447,302325050.6809108,0.02113470398270262,102983.32453914617,39902.60683065233,1.0,302261969.96320236,ok,205966.64907829225
448,302269589.8380754,0.0055393799330540885,331860.583395261,2191646.3749435255,0.07571033976770372,302257027.1993132,ok,663721.1667900295
449,302255195.73439777,0.010355718534811051,144418.9395773172,227220.57912797312,0.31779458562153134,302232247.95586836,ok,288837.8791544625
450,302227639.6121038,0.01273841587125558,107900.97454957032,33144.41745424349,1.0000000000120481,302152883.055008,ok,215801.94909914065
451,302159791.778737,0.010273122549640022,126149.2051657784,188540.52594906747,0.3345413526635024,302138690.7158702,ok,252298.4103315568
452,302130264.801363,0.013748607831448264,100160.18266920008,25450.04285508361,1.0000001193603771,302055554.65566915,ok,200320.36533840015
453,302054663.26842016,0.014630744631728419,126793.90597353989,95960.46868011578,0.6606569753020245,302012779.62921655,ok,253587.8119469718
454,302015960.11586523,0.012598337773188799,152885.09538156778,345926.11272922583,0.22097940825478937,301999067.88691103,ok,305770.19076313556
455,301998801.7273036,0.013505639985236462,101483.12758915102,109386.5718523763,0.46387379122781425,301975264.0457334,ok,202966.25517830203
456,301968982.65128416,0.009043326170418814,127654.59133951645,301318.46086406446,0.2118267015128323,301955462.325776,ok,255309.1826790329
457,301954202.02535594,0.015884591511029604,73979.59519314622,4800.65583454554,1.0000000000000997,301885023.08599734,ok,147959.19038629244
458,301885613.8693936,0.01467980762477903,76833.81471425112,16330.749410140668,1.0000000000159293,301825110.8040888,ok,153667.62942844434
459,301819156.98087573,0.012808506285936494,99128.0899396241,60608.607667959935,0.8177723738737779,301778624.874162,ok,198256.17987916095
460,301781451.96836776,0.006818404466276373,156555.55908943142,365665.59071989905,0.21406930685112432,301764695.0983588,ok,313111.11817886005
461,301760825.491296,0.014989537550827917,73209.27866674359,21157.933656154186,1.0000000000319165,301708774.14628446,ok,146418.55733348714
462,301708248.1881355,0.0070285685944056885,265666.06335099385,4031488.0214635897,0.032948884126232196,301703871.48796666,ok,531332.1267019873
463,301704261.8343383,0.013492877556703819,98592.50410158327,44375.44832257663,1.0000001269614258,301650044.7773098,ok,197185.0082031665
464,301645502.3828044,0.012660727722054652,125237.70189798946,119726.07585807002,0.5230176509186405,301612751.6184778,ok,250475.40379586967
465,301622847.439092,0.011189420201243583,104095.0063038269,53662.446304744975,0.969905524924071,301572366.27822644,ok,208190.01260765363
466,301573379.63107467,0.007549749433754414,193804.53623421793,725944.7668281741,0.13348435383107463,301560444.6944303,ok,387609.07246831036
467,301560715.8826242,0.016992854438981818,74006.16286553978,68093.68512523799,0.5434142881930062,301540607.8794665,ok,148012.32573107956
468,301542765.7684012,0.014486294802680266,168548.50801226756,451171.9488446766,0.1867896579606428,301527024.20932055,ok,337097.01602453506
469,301519749.65226763,0.01429374861208354,94648.79082767628,8296.389747814392,1.0000000021509612,301433397.2510199,ok,189297.58165535255
470,301436583.1280646,0.012283205948506069,99117.22823554958,26410.710102667494,1.0000000005012366,301363876.60990846,ok,198234.45647109914
471,301365222.21223986,0.010438451563168501,177792.0131648279,592021.1792869869,0.15015680129801726,301351873.8722433,ok,355584.0263296557
472,301346010.5065426,0.012297024185441176,212987.84406287948,2310850.495667693,0.04608429763461161,301341102.80894345,ok,425975.6881257589
473,301341433.8965571,0.014625727492911989,93487.1850169311,22338.198247595887,1.0000000000773255,301270284.909784,ok,186974.37003386216
474,301264132.8800397,0.01260007242700359,153042.93192463342,529359.4366533646,0.14455483488891602,301253071.3321621,ok,306085.8638490712
475,301252195.21927553,0.012688522053025024,99758.09527478632,32261.157120872354,1.00000046207909,301184698.26483995,ok,199516.19054948637
476,301189521.4388087,0.00831889013502153,183992.52210578113,1228968.7656525348,0.0748564679786993,301182634.923639,ok,367985.04421130166
477,301182352.38939995,0.0159161035520789,79668.77083474305,12550.28775099797,1.0000000000203273,301115233.9063151,ok,159337.5416694861
478,301118635.15889114,0.013979197661673366,77156.37542174468,18617.242589476544,1.000001411926724,301060095.9696922,ok,154312.750843425
479,301055870.9630121,0.010425962690440991,185963.39498291316,716909.5234095021,0.12969795274758122,301043811.42720443,ok,371926.7899658161
480,301043540.8413068,0.014402081577323873,142199.91969477283,288133.42261691904,0.24676054309019083,301025996.1766012,ok,284399.83938954567
481,301023576.4127011,0.016666449577765932,41248.53066642684,9679.266190726634,1.000000368424785,300992007.14016056,ok,82497.06133281972
482,300992953.21308744,0.014934403038727742,78081.47979485498,13177.47931589032,1.0000001358360475,300928049.20558214,ok,156162.9595896402
483,300929838.4166266,0.014147285912407026,115740.48617815209,260695.86843400038,0.22198373697558957,300916992.16380596,ok,231480.97235630418
484,300921179.97655755,0.015296257427201492,106806.66853446647,139865.26904202765,0.38181983728345203,300900789.5241573,ok,213613.33706893295
485,300891375.9103055,0.015472014172213078,75804.30434237195,10979.704126858705,1.0000000000135911,300826551.31008923,ok,151608.6086847439
486,300825456.13765085,0.013454815036179324,94705.37421325262,17588.778889194728,1.0000000000906326,300748339.5423214,ok,189410.74842650525
487,300748686.9243604,0.01629787482636468,72697.37955117978,4062.478268486915,1.0000000000000147,300680052.0230777,ok,145394.75910235956
488,300678756.2444176,0.013048510926231702,85171.35695721865,9733.2440173291,1.000000026420392,300603318.1297418,ok,170342.71391435782
489,300604442.7221139,0.01757510632758166,52065.0541739801,3301.992187297542,1.0000000009462002,300555679.6600842,ok,104130.1083479591
490,300559746.43159205,0.01607038661350883,75705.16281964938,5054.04353800656,1.0000000000653295,300489095.31230617,ok,151410.3256392987
491,300492032.45104057,0.01972891350039372,87736.8522219393,104601.94915546296,0.4193844040685218,300473634.7172986,ok,175473.70444378216
492,300473440.35312533,0.010534509899878586,119517.78320476516,263593.40593774646,0.22670859838009755,300459892.49856937,ok,239035.5664095303
493,300456260.4458333,0.014063013007957325,62365.101940494395,3322.162916126019,1.0000000072226478,300397217.5064065,ok,124730.20388094083
494,300394726.497194,0.016275100737339666,60851.70617072994,3254.064687157864,1.000000000048726,300337128.85570776,ok,121703.41234145989
495,300340024.09563214,0.01473700986936098,79040.30154730772,18146.517602345768,1.000000001390803,300279130.3116277,ok,158080.60309455672
496,300282045.3131604,0.012188593422954084,90915.68243459388,46303.91874665349,0.9817277338018459,300237418.08971864,ok,181831.3648691165
497,300244481.1363785,0.007120750077834477,173199.52904507043,499442.0550678441,0.17339301655478637,300229465.34197503,ok,346399.0580901408
498,300231393.89449674,0.015346256979436833,72289.43648279025,33955.82258699279,1.0000000067079513,300193060.2805715,ok,144578.87296557947
499,300202944.8179586,0.0074828174319569426,124515.88094543037,119438.2756798553,0.5212561895953068,300170492.4811357,ok,249031.7618908607
500,300174132.51428086,0.02419833923785948,79471.11665000035,26176.091009870557,1.0000000000000284,300120837.4886407,ok,158942.23329995247
501,300120311.7459299,0.012410260126986367,172735.29919521703,357730.07338394586,0.24143245431007285,300099459.7923146,ok,345470.5983903146
502,300098405.0383499,0.014014910167247631,69661.01055051024,13904.913117275613,1.000000059501563,300042648.93842643,ok,139322.02110102048
503,300041279.53672993,0.014176471924401978,79276.26924192865,10574.612787968264,1.0000000847939041,299972577.87534714,ok,158552.5384838573
504,299969076.9603966,0.016909016273368976,77100.97501849735,4314.574102985551,1.0000000004449852,299896290.55945057,ok,154201.9500369947
505,299896031.65769565,0.014441064601376005,96416.89208370683,435909.9606640876,0.11059266911086453,299890700.1569742,ok,192833.78416741366
506,299888520.6010562,0.018747032947101717,64074.77361787877,4158.666547424675,1.0000000013140549,299828604.49391246,ok,128149.54723575753
507,299828895.528073,0.01371596323474148,59378.34027110145,6124.633639618955,1.000000000790708,299775641.8214043,ok,118756.6805422029
508,299776096.53601974,0.016285039798516122,56000.59258809971,4020.099386673479,1.0000000006257475,299724116.0427883,ok,112001.1851761994
509,299721462.26860845,0.017578710164470976,59692.66366934821,5544.8766369539935,1.0000000064882353,299667314.4812607,ok,119385.32733863877
510,299671183.79597425,0.01503803314176712,86856.7091079378,86260.03466279978,0.5034585799059234,299649319.4182629,ok,173713.41821579548
511,299651347.05819696,0.012417416114682861,115180.42221920184,287334.1001473464,0.20042943416764097,299639804.28477067,ok,230360.84443840364
512,299640648.58533126,0.013454100756806517,134237.27434345658,1724867.3706212617,0.0389123467200574,299638036.84165025,ok,268474.54868691316
513,299637955.0775268,0.01581314201428955,75011.90389882826,13081.831697402891,1.0000000000653104,299576025.0053222,ok,150023.8077976565
514,299578866.53547347,0.014750233698521513,101533.68330287875,129540.44609640453,0.39189954320258,299558971.03342044,ok,203067.3666056506
515,299554241.4141532,0.013236790916674032,96089.77154263706,92597.31438768849,0.5188583069500605,299529312.9260643,ok,192179.5430852741
516,299523004.3055749,0.011654264636537721,75996.2090077562,45187.85620725612,0.8408919495892458,299491052.005398,ok,151992.41801547108
517,299491579.0803382,0.008083486747152688,187303.51998718397,612039.0591893723,0.15301598580592385,299477248.86396027,ok,374607.03997436655
518,299475962.18527573,0.01768786007637108,71429.49029581103,7131.862921073533,1.000000000059037,299411664.5578976,ok,142858.98059157733
519,299412621.8322958,0.0171460665709299,56474.65101256955,5970.031766146806,1.0000000048001292,299362117.21283555,ok,112949.3020251378
520,299362937.0488186,0.016647442765781537,73196.53463259756,36921.40103624671,0.9912480645132967,299326659.0871768,ok,146393.06926519508
521,299328912.1711816,0.009796490041708688,105018.76866464448,94509.54213093538,0.5555987591133889,299299738.02240473,ok,210037.53732928896
522,299303176.95864683,0.01776469957604355,66350.37204167506,14937.676479041791,1.0000000000030331,299251764.2630841,ok,132700.7440833501
523,299252852.89850926,0.01386178819393101,69909.60175866395,24875.69087463284,1.0000008672273102,299207818.9701435,ok,139819.2035173279
524,299207777.3529621,0.011217250178456591,111741.04624850131,615337.5419486375,0.09079654549813604,299202704.5024672,ok,223482.09249700262
525,299201728.32680583,0.017259466762697417,60947.1016128538,3567.9154932612873,1.000000001132148,299144349.14062536,ok,121894.20322565487
526,299144212.2857568,0.01828469604905552,84222.77922195656,17191.133456767082,1.0000000009287933,299077180.6399454,ok,168445.55844391312
527,299081601.11020994,0.011723069935394017,128286.0850229046,825028.3212451782,0.07774647349638142,299076614.2148553,ok,256572.1700458092
528,299074857.0669146,0.016082730900540534,85093.699266241,27703.609811765207,1.00000004774927,299017466.9760426,ok,170187.398532482
529,299018909.39133435,0.007789026464506573,248699.3255878814,2503096.1370812245,0.04967834073642119,299012731.9064156,ok,497398.6511757628
530,299013193.13127756,0.012257501854996588,83008.30183509774,203518.134453667,0.2039334284827464,299004729.04748464,ok,166016.60367019547
531,299006397.2498272,0.015942147765535722,68058.17977998906,13610.490457349635,1.0000000000004876,298951949.56050456,ok,136116.35955997813
532,298951261.1593866,0.013084523310360039,91414.38534385705,89898.36874816235,0.5084318359543409,298928022.1675001,ok,182828.77068763634
533,298917224.58151627,0.01702051181026959,70556.13287049532,38549.92864786071,0.9151266337611077,298884940.6833338,ok,141112.26574099058
534,298882008.13556075,0.007350156713976139,162142.34595839784,452483.07690526405,0.1791695139930564,298867482.65289927,ok,324284.6919167956
535,298867593.4276808,0.012869076838992983,98549.5732487859,159676.5008084246,0.30859134797493754,298852387.6548552,ok,197099.14649757172
536,298850957.04868555,0.019605118309038466,71007.90864671205,46331.29534562702,0.7663061017072786,298823750.1518528,ok,142015.81729337448
537,298829364.3021699,0.015213600788167254,117469.17059342907,606841.3941384502,0.09678737453317877,298823679.5358647,ok,234938.34118669972
538,298825998.66775227,0.017263571455006132,58015.695882652624,14820.404999875525,1.0000000013467891,298782803.3768313,ok,116031.39176530525
539,298783335.9464472,0.005754259003218184,294657.8674995007,2773606.435406075,0.05311818283554724,298775510.1012073,ok,589315.7349984264
540,298776605.1642658,0.0158571575975823,65758.27657935244,19851.195388718606,1.0000000128692146,298730698.0827399,ok,131516.5531587049
541,298729342.51385385,0.010855165492836147,114113.3393364627,278764.74817585933,0.20467677510011784,298717664.33870816,ok,228226.6786729254
542,298714835.0491991,0.01672673530702637,60590.017372093345,3839.0443917039647,1.00000000162097,298658084.07613295,ok,121180.03474418499
543,298658240.24778944,0.015125236360403412,51771.30040257232,3096.1302910135655,1.0000000561510434,298609565.0751186,ok,103542.60080514464
544,298608051.7416919,0.01499015820505841,53359.83527946758,760.063046083349,1.0000000042453838,298555451.9692384,ok,106719.67055893352
545,298554136.8853607,0.015365980160296869,54316.94541792747,3746.8658151394357,1.000000002247464,298503566.8056527,ok,108633.89083585494
546,298504044.14924335,0.017976034977196905,72086.2458485506,47520.82608342434,0.7584700413456711,298476706.5203088,ok,144172.49169710118
547,298476765.9816815,0.013876766686152996,89951.46214592173,92542.11778338018,0.4860028293089068,298454907.64912987,ok,179902.9242918434
548,298452631.5417962,0.017248907416796647,64681.762017069006,7659.533091135024,1.0000004333866788,298395609.29147714,ok,129363.52403413766
549,298396572.62931454,0.019866610981474027,56349.14605052799,11890.573075911536,1.0000000000028888,298352114.05633986,ok,112698.29210105598
550,298353939.7981465,0.010639623652429478,180667.64001987354,2697552.194776087,0.03348732980398736,298350914.75972337,ok,361335.280039747
551,298349642.2014479,0.016711621490112787,60578.231545789204,32514.044202800847,0.9315702342031452,298321425.7627736,ok,121156.4630915784
552,298325651.00078744,0.009761751921160777,179812.40364882047,723143.8101175623,0.12432686357336598,298314473.2446988,ok,359624.8072973736
553,298316836.2594906,0.008898714875152574,141311.60243978025,517021.75515146344,0.1366592421225897,298307180.4912444,ok,282623.2048795605
554,298312905.96655434,0.012074283911324129,112853.17126668914,280510.9169451347,0.20115646923068267,298301555.3938176,ok,225706.34253327092
555,298299060.67407495,0.0134942303430231,86276.28015515023,194480.61876342926,0.2218120260613185,298289492.11582386,ok,172552.5603103002
556,298289765.5740914,0.012831826274869293,88772.00611392218,221526.7238866477,0.20036410180323355,298280872.2124562,ok,177544.01222784436
557,298279482.883638,0.014410410873490806,86913.83217102721,119132.63330325547,0.3647776002306002,298263630.774075,ok,173827.6643420544
558,298263172.3571485,0.018012729143719153,63960.7364674192,17243.993553647244,1.0000000000573142,298216455.6142331,ok,127921.4729347726
559,298215968.5021984,0.010726069101389062,140836.111273284,509717.1841703412,0.13815122939451294,298206240.16124064,ok,281672.222546568
560,298206675.6511934,0.014397952180421005,73885.73322777284,121413.90188583251,0.3042721306216186,298195434.96645755,ok,147771.46645550005
561,298198954.3386786,0.017053494033553596,62226.95722699149,62408.85439305799,0.4985426974438524,298183442.9411237,ok,124453.91445398299
562,298179680.78523004,0.011532653995806589,133685.96958224062,1786899.2020860808,0.03740724978391941,298177180.3730017,ok,267371.9391643128
563,298177444.7230456,0.019784842093021608,71253.1764898059,52947.615439872585,0.672864829679829,298153472.8448141,ok,142506.3529796118
564,298147013.5519811,0.013742850473276329,90058.42598809893,317699.0543925775,0.14173543286158896,298140631.31698596,ok,180116.85197610204
565,298139250.3170092,0.024751811457294545,46487.17185973459,7741.92405367953,1.0000000000000004,298100505.06920314,ok,92974.34371944127
566,298098495.66046524,0.018049800669267806,65806.6752883936,21687.88949143352,1.0000000025067275,298054376.87461203,ok,131613.35057678717
567,298057057.062021,0.019735819962621068,123970.79951723997,405941.5168800176,0.15269539374791455,298047592.17699826,ok,247941.59903440299
568,298043370.84987,0.01708958181685962,49126.60760058145,3137.0760281616695,1.000000001705719,297997381.3182245,ok,98253.2152011617
569,297998318.11368877,0.020012225918454894,61382.13705653651,18424.01048431715,1.0000000000094955,297955359.98711634,ok,122764.2741130729
570,297953947.0067843,0.005462931178362477,338034.9103227027,3214346.0452882284,0.05258222132278097,297945059.6935496,ok,676069.8206454052
571,297945196.3501543,0.02019969000129654,27788.51413997933,29710.33821200737,0.46765731749140205,297938698.5991644,ok,55577.028279958104
572,297938377.6245077,0.01835406978554322,104134.05893488672,681044.7367755445,0.07645170229779394,297934397.0114714,ok,208268.11786977344
573,297936799.1246677,0.018625475412717148,60673.25815561004,6381.101984527437,1.0000000000023181,297882506.9684965,ok,121346.51631122007
574,297882903.03679305,0.02077193155234331,78495.53486323945,76947.21021999663,0.510060953729291,297862884.28310513,ok,156991.0697264789
575,297863467.77941567,0.01603472879001975,121057.8869483179,308544.86248756637,0.1961755026032823,297851593.4835076,ok,242115.77389658074
576,297848744.62872404,0.016990692713826184,60288.28802167288,3086.5556073178013,1.0000000000094882,297791542.8963092,ok,120576.5760433457
577,297792428.62127185,0.02237492098496233,50967.17092723532,5948.1925679934175,1.0000000166799992,297747409.6422609,ok,101934.34185447062
578,297748118.76064205,0.017843333045106612,88542.57773964417,912626.259233426,0.04850976883681653,297745971.17065287,ok,177085.15547928834
579,297746528.26476073,0.02228970867689604,45269.74794522314,5899.691973655486,1.000000210804558,297707158.20173347,ok,90539.49589044627
580,297707181.6080352,0.02120710123970726,59294.65287760814,6324.001566925497,1.0000000003326972,297654210.95670897,ok,118589.30575517188
581,297653036.30526197,0.025337321214130685,50566.54860189938,38393.942404586334,0.6585224834303416,297636386.70068,ok,101133.09720379877
582,297645586.38729274,0.004651638376882616,191785.30412047537,664331.3463159045,0.14434461446387714,297631744.7994012,ok,383570.60824094474
583,297636447.4422128,0.008110696225917834,130267.76647239878,701688.5242614889,0.09282449546221568,297630401.42236394,ok,260535.53294478913
584,297631715.044698,0.015566468413352462,52461.90016930859,6160.148289335258,1.0000000001845755,297585413.2928106,ok,104923.80033861718
585,297585739.82520413,0.017945295251873467,59716.67285100826,9812.261732342546,1.0000000001583138,297535835.4140791,ok,119433.34570196526
586,297534293.3783413,0.01859997242569356,52640.09005001647,5795.619021840425,1.0000000000104368,297487448.9073127,ok,105280.18010003289
587,297487089.14579785,0.016192784457829804,74208.56635343631,67419.32258911307,0.5503508749687406,297466668.77108645,ok,148417.13270687254
588,297464344.3968899,0.011941430478446558,161305.3606042036,2315309.7431695038,0.03483450995705382,297461534.90029484,ok,322610.7212084072
589,297462847.89736986,0.009695188666934076,225120.57949774567,2825019.388353755,0.03984407689834155,297458363.0365294,ok,450241.15899546933
590,297458654.8120504,0.01681206383405794,68770.64805465474,124766.45743409861,0.27559750220117957,297449178.3026361,ok,137541.29610923203
591,297445279.8940687,0.017799536966516743,42025.369223185306,4152.457806404587,1.000000000463701,297407406.98263633,ok,84050.73844637052
592,297409771.61669827,0.017423841676018483,82494.03523021052,342382.49693101266,0.12047057891343144,297404802.5646077,ok,164988.07046042103
593,297404078.4600413,0.017434707107777055,49299.805155444854,15043.567780275724,1.000000320180995,297369822.2165146,ok,98599.61031088971
594,297366627.84080267,0.0176386864069874,63077.4094690503,57919.12505035823,0.5445300616524089,297349454.06796914,ok,126154.8189381006
595,297345122.6101323,0.0106295352568144,92394.93224580713,316714.04763308703,0.14586491021839135,297338384.020884,ok,184789.86449161425
596,297342618.1787944,0.013123898283779887,59134.71228007967,99099.49351023298,0.2983603154034962,297333796.4530908,ok,118269.42456015918
597,297328215.2019935,0.020719537024041387,44887.25653002596,4164.041469916139,1.0000001223921458,297287491.9824589,ok,89774.5130600519
598,297286849.8361576,0.018165177096019725,49603.516342714254,9296.016082592661,1.0000000000039881,297246542.3358973,ok,99207.03268538184
599,297250949.96022254,0.009974439937066046,245361.20417458445,4543911.269996119,0.02699889914166326,297247637.7190202,ok,490722.4083491635
600,297248611.0743873,0.017668288239434716,64048.211223536695,140448.90384564552,0.2280124994564792,297241309.1780239,ok,128096.42244700778
601,297239913.69583076,0.016482036419421708,50780.22421313361,4285.388831854612,1.0000000015004318,297193418.8603862,ok,101560.4484262672
602,297192441.32682556,0.019304939363075698,65014.549346584405,15665.758162272987,1.0000000000132259,297143092.5356408,ok,130029.09869311904
603,297136643.67065203,0.019616764175190142,64899.013077317126,7558.53786385818,1.0000000000000002,297079303.19543856,ok,129798.02615463425
604,297077626.0768752,0.017512366839848175,56388.82273620155,3462.130741067608,1.0000000250589465,297024699.3836405,ok,112777.6454723624
605,297024216.8073656,0.01907110574258959,47082.89948928071,2818.404271152999,1.0000000054993605,296979952.31191957,ok,94165.79897852537
606,296980091.7772583,0.022415806765500732,54099.62965916499,13159.087788062609,1.0000000038971164,296939151.2352789,ok,108199.25931832992
607,296934820.7503684,0.02203989808266993,53125.51050755049,16408.27948740993,1.0,296898103.5193483,ok,106251.02101506284
608,296894047.9517475,0.018887436847217904,43729.5784737092,14734.738829592909,1.000000002058027,296865053.112074,ok,87459.1569474184
609,296866371.0705568,0.017664317459833836,69538.29206785659,73939.38183276825,0.4702385274543829,296850021.27852494,ok,139076.5841357102
610,296845940.31766325,0.019209769626202713,33838.168598080905,16378.599656367638,1.0000000003626166,296828480.7487212,ok,67676.3371961618
611,296825676.1469841,0.013331255205930209,159342.20044268382,1279860.5457829467,0.06224982908009217,296820716.63461274,ok,318684.40088515106
612,296822779.09333295,0.014295496147390951,149593.7103433881,2740876.39056159,0.027289393797276865,296820737.9324974,ok,299187.4206867721
613,296821393.91966504,0.017976870381374202,56529.82519391485,10402.670638870572,1.0000000000000002,296775266.76510996,ok,113059.6503878297
614,296773675.80722076,0.019113210867037426,54616.95739166475,12176.702814555305,1.0000001051528482,296731235.54946136,ok,109233.91478332825
615,296733364.3380269,0.020877154627736788,38886.79929435277,5107.440678097002,1.0000000000000102,296699584.97941065,ok,77773.59858867797
616,296698946.1760148,0.022749376783108972,51807.024311401474,6348.617240987616,1.0000000000000036,296653487.7689443,ok,103614.04862280295
617,296653830.10580087,0.024385851424105622,58089.4412379147,14818.76571796952,1.0000000000001215,296610559.4302809,ok,116178.88247582935
618,296608055.87682605,0.01237125855741806,129447.2102167713,866915.3545640529,0.07465965940923185,296603223.63451296,ok,258894.42043354028
619,296603780.77599216,0.019298009037594762,50213.958760453985,14773.66650411098,1.000000819745556,296568340.46679443,ok,100427.91752086609
620,296569576.2024378,0.016768739129998923,61357.34614974329,57973.23309340086,0.5291868581047591,296553341.45182246,ok,122714.69229948655
621,296551267.0853827,0.01581098591187781,67448.86547565743,110299.77084230226,0.3057525186162462,296540955.75513417,ok,134897.73095131485
622,296536758.25527644,0.024236045015726515,54485.05643709242,12024.696404818562,1.000000000001696,296494297.8952441,ok,108970.1128741448
623,296494598.7447244,0.009546350538251279,137819.07481942244,1151104.5189244766,0.05986384057817459,296490473.55516255,ok,275638.14963865036
624,296490131.4551862,0.019651985126578335,55271.6708074169,25570.005967477893,1.000000849419866,296460429.78683674,ok,110543.3416148338
625,296464328.89224166,0.015951390360406038,91093.62648630596,281541.6976549865,0.1617764388810642,296456960.4909928,ok,182187.25297261184
626,296458056.7145721,0.016272894128963027,61419.79001807782,35000.73819512052,0.8774070660406872,296431111.6356938,ok,122839.58003615565
627,296427280.5430333,0.009640466812347093,136251.00124772202,655106.8819368083,0.10399142873060582,296420196.07489043,ok,272502.00249544403
628,296419354.39079976,0.018876231490169107,49623.39817699437,66097.39595656714,0.37538088648456064,296410040.5532007,ok,99246.79635398874
629,296413307.19717246,0.018246589525127213,46354.419516565176,29883.663974901014,0.7755812599736395,296395331.38762546,ok,92708.83903313034
630,296398087.2876608,0.015047720258299152,66127.0518372653,125182.57536179475,0.2641224293642669,296389354.46887183,ok,132254.1036745306
631,296386417.66561383,0.017406796428398468,48159.14250740326,5059.290492284112,1.0000000486957799,296343317.81174624,ok,96318.28501480652
632,296345008.1460512,0.02130271682256081,101833.52908257447,789274.9868736953,0.06451080471074812,296341723.4645974,ok,203667.05816514895
633,296344693.01914525,0.018829117214516092,69471.44857058773,20377.632824122615,1.000000011077792,296295599.2030807,ok,138942.89714117206
634,296294878.16089696,0.013744452969086997,71527.8587588405,82259.43228463994,0.4347699514344733,296279329.0790576,ok,143055.7175176802
635,296278667.58105874,0.012307129485936114,95537.35410873825,445576.9344920066,0.1072063505909013,296273546.4755192,ok,191074.70821738054
636,296272592.0801313,0.019333745676740368,62013.86679964203,46998.26004661058,0.6597464112303275,296252135.3670975,ok,124027.73359922855
637,296259213.15099144,0.013861000520879855,71392.96318018108,81182.6130700776,0.4397059941797759,296243517.19406515,ok,142785.92636036215
638,296239288.1809529,0.022361028827480197,44886.83041590723,4784.109968345235,1.000000000076364,296199185.4605026,ok,89773.66083181446
639,296202455.44445735,0.01892101476706631,41424.37197096425,468.62399974463915,1.0000000551168045,296161499.6942546,ok,82848.7439419016
640,296159765.5165124,0.01583477122119606,42394.145289063425,30024.312007187247,0.705996948055214,296144800.44791764,ok,84788.29057812522
641,296146552.3914049,0.012148217084478661,78291.47236353067,174040.7471350288,0.22492282310989092,296137747.6219102,ok,156582.94472700442
642,296139310.42394733,0.020786733189196077,47691.79746585302,4459.014598604834,1.0000000000028977,296096077.64107996,ok,95383.59493170604
643,296095862.4688885,0.01953246476892739,33345.8026047658,5770.670568233542,1.0000000000287415,296068287.33685136,ok,66691.60520950331
644,296070329.3463052,0.017633734972815337,50301.23317825397,2063.394546714034,1.000000005640347,296022091.5074132,ok,100602.46635647323
645,296020744.2506043,0.018184579313842538,48367.74083434063,2460.4003863469543,1.0000000000002374,295974836.91015625,ok,96735.48166868112
646,295973497.07975966,0.019053859054589523,40046.40069250298,7261.812338462076,1.0000000000000067,295940712.4914056,ok,80092.80138500597
647,295942752.6239881,0.02053528633863126,108587.273051645,973432.781771686,0.05577543467049254,295939724.372811,ok,217174.54610312928
648,295938955.1233636,0.022570673136560103,30949.057252835235,3415.1062611775133,1.0000000611193864,295911421.17089784,ok,61898.11450567047
649,295911175.23915124,0.01988307608552133,42773.50457516174,19220.43733666143,1.0000000101462898,295887622.17186874,ok,85547.00915032308
650,295886403.22237676,0.015486492597248864,132691.18646755032,912810.4040875857,0.07268277501732899,295881581.04055035,ok,265382.37293510063
651,295883289.38624245,0.010588958861393738,108313.41751414331,703177.0645794891,0.07701717175525088,295879118.38970244,ok,216626.83502812876
652,295879258.4557787,0.028372766084023848,17174.71176186186,11363.648843692466,0.7556864875930629,295872769.1069754,ok,34349.42352372372
653,295871135.04391915,0.018717001330214707,47686.00747560743,17462.122815734736,1.0000000000001987,295840911.15925926,ok,95372.01495121294
654,295846894.75301576,0.014167969302923791,78222.02800373061,117045.92241231783,0.3341510169323873,295833825.7679138,ok,156444.0560074586
655,295830658.2880818,0.019130525140234073,43054.78465373927,6314.069582560362,1.0000008079987794,295793917.5484259,ok,86109.56930747852
656,295794154.1303979,0.021143947585848394,35760.62983919383,2417.7864812819444,1.0000000003960812,295760811.2870277,ok,71521.25967838767
657,295762193.8716482,0.013037314460164809,80484.43130954026,567898.3915585456,0.07086164752875777,295759342.2419467,ok,160968.8626190805
658,295756437.7700183,0.01705827012574166,43714.87314502043,22525.772884478807,0.9703301495848293,295735228.84031934,ok,87429.74629000649
659,295742409.81179166,0.010663843633619859,166574.14396238246,890979.7660819623,0.09347807341062507,295734624.2967629,ok,333148.28792453994
660,295736126.6742666,0.01934929668593295,25835.649342756325,4040.4042726451917,1.0000000000000009,295714331.4291964,ok,51671.298685512644
661,295713864.3824183,0.01348248094031463,94979.01341515433,1104085.6145516778,0.043012521929162745,295711821.7389696,ok,189958.02683030863
662,295710072.67558044,0.02096152047157454,61146.424266580274,27044.426839938373,1.000000009660844,295675970.6780856,ok,122292.84853316053
663,295676390.2383657,0.015988717600248545,160939.59953048936,777513.61293868,0.10349632267029012,295668061.91000396,ok,321879.1990608227
664,295671450.40467507,0.017780098594849927,59219.23435404386,96261.02859132242,0.30759714092324925,295662342.57108754,ok,118438.46870802302
665,295661102.7166731,0.00740829760786781,143438.3847282982,786769.1016609865,0.09115659500702204,295654565.0393005,ok,286876.7694564439
666,295655269.981966,0.01534828752561524,43104.844444950075,35799.7513201463,0.6020271490083345,295642294.8386612,ok,86209.68888986531
667,295643988.55843747,0.010593969317802555,94125.62914095673,297669.4385283769,0.1581042877735393,295636547.7256592,ok,188251.258281834
668,295639053.9727016,0.019806747588994585,47698.696350802595,12927.215871569144,1.00000000001608,295604282.492222,ok,95397.39270155848
669,295607238.93159336,0.013745482081995233,84794.75311681068,128728.9763483032,0.32935379244910923,295593275.194834,ok,169589.50623362063
670,295591682.22019607,0.022216254444758058,39644.453374101584,3956.4210787342245,1.000000053322153,295555994.1862087,ok,79288.90674820317
671,295556351.5264671,0.01882424392586287,40770.48623525173,26745.846973347878,0.7621834948034988,295540814.2306253,ok,81540.97247050305
672,295540825.13161695,0.00532208378502864,134225.84472298814,321232.8751042303,0.20892295765095018,295526803.70138055,ok,268451.68944584706
673,295527810.02083325,0.023306368269426555,44187.86842762269,3994.916050298116,1.0000000002178526,295487617.06844807,ok,88375.73685524537
674,295487941.37588185,0.022800982605692858,31198.496229438217,739.6067412294947,1.0000001001674106,295457482.4834168,ok,62396.992458876186
675,295457963.69250417,0.021007391101734114,44638.009351089764,6305.4696206829,1.0000000001091023,295419631.1527703,ok,89276.0187021438
676,295417319.9386761,0.023375732937318764,74284.9310031619,741952.6713297373,0.050060424251878136,295415460.57109535,ok,148569.8620063238
677,295415468.5552162,0.02246071022450215,27110.01411739226,1759.3818516987762,1.0000000000606613,295390117.9229491,ok,54220.02823478452
678,295388709.67763025,0.019061504637936096,38885.06696270661,2980.302033783301,1.0000000146256198,295352804.9122198,ok,77770.13392541322
679,295353138.7746227,0.019469968506335845,44025.20062912525,18031.115544649572,1.0000007684047254,295327144.68341947,ok,88050.40125825048
680,295331544.46698624,0.009660635548105874,201207.94118593796,3933570.9882045784,0.02557573535462956,295328971.4464587,ok,402415.88237149856
681,295328975.50124294,0.01585537832529584,142210.71344779234,1478535.0230157676,0.04809176354771941,295325555.91924036,ok,284421.42689558456
682,295324295.97971267,0.022943760407684262,54210.089953262264,33175.38998192891,0.8170226481556245,295302150.54408747,ok,108420.17990652451
683,295304486.7787559,0.009685449345404119,77303.35021187527,171980.37208237653,0.22474468823351507,295295800.02008456,ok,154606.70042375047
684,295294089.6652516,0.02001607527226793,44407.160442482396,30708.09625231124,0.7230529707477404,295278035.3006114,ok,88814.32088496478
685,295275018.3787595,0.018107233634123726,43250.0073261245,62273.63055112012,0.347257795501587,295267508.92765975,ok,86500.014652249
686,295264328.55461615,0.01816364784272204,41034.258507681356,13380.249467786132,1.0000001166490078,295236674.5439112,ok,82068.51701532252
687,295237552.18648696,0.013019182721719782,85081.36417419037,204744.3880072378,0.20777459397613063,295228713.31353885,ok,170162.72834832498
688,295229232.6379205,0.021274756236251927,39328.23382327963,9125.02638208897,1.0000015732087277,295199029.3973189,ok,78656.46764653093
689,295199353.52338785,0.024121761339360445,40408.65567955653,5230.76156328105,1.0000000006482856,295164175.62925214,ok,80817.31135911304
690,295164389.1273096,0.022616656071913894,51433.16276827667,22884.52900357604,1.0000000000004996,295135840.49354494,ok,102866.32553655334
691,295133342.41917646,0.011099199135966933,144795.44054705335,532071.5261584418,0.136067646386264,295123491.43177515,ok,289590.8810941067
692,295123663.49097925,0.020655979919381118,50528.636537812665,28302.149674332908,0.8926642873286205,295101110.9363169,ok,101057.27307558076
693,295105289.72059304,0.008936247337917444,133634.0682720709,436600.53589548776,0.15303928566874211,295095064.08941835,ok,267268.13654407766
694,295092745.3226062,0.025182899212217485,47468.76932018517,16118.449672300409,1.00000000000036,295061395.00295836,ok,94937.53864037035
695,295066937.43698955,0.008025262686531979,59274.36620787435,119762.80183509749,0.24746567924107926,295059603.25134194,ok,118548.7324157487
696,295061019.6917222,0.021661986806201912,41379.04193029681,7463.172602452441,1.0000000767991457,295027103.8203628,ok,82758.08386059362
697,295025564.6806115,0.018074960977250674,54724.46681006673,37822.76968757373,0.7234328324195395,295005769.9425979,ok,109448.93362009198
698,295004572.94845325,0.01427084464603947,54087.847522810545,60195.564888201894,0.4492677128561307,294992422.9866783,ok,108175.69504562108
699,294991412.6027367,0.014545509596249962,66640.85912536993,488496.49168146396,0.06821017168002992,294989139.8105158,ok,133281.71825073982
700,294988711.75768995,0.018806723674943297,39289.63051894199,22524.13128473201,0.8721674994314759,294971578.1882883,ok,78579.26103788396
701,294970832.30397743,0.010471300546758384,109253.47536833928,659947.1188047444,0.08277441650644103,294966310.60763997,ok,218506.95073654345
702,294967081.5217836,0.022040229494410295,41363.26253399605,1790.8544776143335,1.000000014401965,294927509.1131831,ok,82726.52506799198
703,294927687.2637695,0.017950868797864665,48160.82503145913,19055.454558385572,1.0000011737990426,294898581.8814999,ok,96321.65006288412
704,294901255.8685164,0.01318786573286039,163392.57631877484,1090764.9489061777,0.07489816045272879,294895136.96681744,ok,326785.1526375495
705,294894306.8154213,0.02791987902861911,28171.924493758324,52686.8905941289,0.26735231644983076,294890540.90078515,ok,56343.848987516634
706,294888461.83087224,0.020667705331771025,34437.93687053176,2157.502179262889,1.0000000005452918,294856181.39616454,ok,68875.87374106313
707,294856514.6727893,0.01574397030271994,69400.01790225692,657192.5746194945,0.05280036672845747,294854682.4995912,ok,138800.03580451309
708,294855064.8388325,0.03280867598810946,59229.629244894524,162718.20960185368,0.1820006174779709,294849674.92428476,ok,118459.25848978905
709,294847149.88747114,0.0206901109682287,36148.28340759434,4322.379155378251,1.000000000001229,294815323.9832189,ok,72296.56681518868
710,294813904.49674785,0.01745391583809116,45112.87336236185,11640.293240297144,1.0000000000132647,294780431.9166255,ok,90225.7467247237
711,294778591.2054717,0.01969895266139678,42725.64404828208,8521.370891761359,1.0000000026806124,294744386.9322463,ok,85451.28809656417
712,294744606.62943554,0.017730271471386137,48724.01536255129,12351.563687921465,1.0000002588281844,294708234.1715436,ok,97448.03072505603
713,294709517.6533705,0.02073467021924345,63168.45672141453,109922.3691506413,0.28733212907213795,294700442.48979056,ok,126336.91344277642
714,294699196.55513096,0.02064241427683999,44241.07464929985,98680.91230407488,0.22416227017123444,294694237.9652668,ok,88482.1492985997
715,294692670.30109066,0.01586332860805585,59882.34654468119,549318.100055754,0.05450607447542993,294691038.32527035,ok,119764.69308936095
716,294691222.5124583,0.023753011456147513,34428.71438658413,7462.489450252571,1.0000000001285598,294664256.2875195,ok,68857.42877316824
717,294664392.43711776,0.020756965301908417,41828.04375751308,13972.38236473722,1.0000000961248967,294636536.77439046,ok,83656.08751499395
718,294636756.6566873,0.020818514015570805,32911.38840937714,10734.58062879775,1.0000000000080003,294614579.8489067,ok,65822.77681875428
719,294615427.385989,0.02313836839431981,29004.50886931571,22675.955873869847,0.6395432463938253,294606152.5671078,ok,58009.01773863142
720,294606284.7963659,0.014657926633070178,78100.28834874489,331374.63758561824,0.11784288761170789,294601683.01461476,ok,156200.57669748977
721,294603310.67188907,0.016791086517524888,39110.6200333722,58941.9299226462,0.3317724757630088,294596822.75827056,ok,78221.2400667433
722,294600037.1975804,0.010680865532135094,62588.09774117101,146091.49150478168,0.21420856579838005,294593333.7442538,ok,125176.19548229419
723,294596515.2147882,0.02711019485861282,44850.01788943657,433413.35797638487,0.05174046561329137,294595354.93438405,ok,89700.03577879089
724,294594843.48113203,0.022445806491494583,34225.96335814915,6631.528481252517,1.0000000101304571,294567249.04604274,ok,68451.9267162983
725,294567343.5954364,0.023764366456870308,57063.67783552469,144789.57583182002,0.1970572726237104,294561721.18907636,ok,114127.35567097613
726,294560994.9707176,0.022599689988604132,33596.5861651248,2559.275220543721,1.0000000000000078,294529957.65977305,ok,67193.17233024958
727,294529787.9032465,0.02155180431058015,38346.02687375987,3888.280135316092,1.000000000023462,294495330.1565074,ok,76692.0537475197
728,294494743.4325612,0.020012054799271376,39063.33974470098,3881.52716158399,1.0000000001518388,294459561.61997336,ok,78126.67948940195
729,294458946.789626,0.013039150113700762,83352.05350371193,660942.1762344358,0.06305548087322166,294456318.8877183,ok,166704.1070072978
730,294457404.4586014,0.013968582249259634,49029.31405914543,109428.3596919708,0.2240247144211872,294451912.56956124,ok,98058.62811824135
731,294450913.43918455,0.018292531786640157,40829.863527836875,21201.57140373435,0.9628971067834454,294431255.9604539,ok,81659.72705567375
732,294433843.5302796,0.013554537625932332,50905.326398776335,30091.969000429915,0.8458291047363677,294412314.9269525,ok,101810.65279755267
733,294411153.3772147,0.023671705325722388,67414.85164921747,462605.14309274545,0.0728643559802596,294408697.30734026,ok,134829.70329843482
734,294408797.32371944,0.027913174763858774,27879.16943035305,5861.267825326515,1.0000000242529012,294386779.42172253,ok,55758.33886070609
735,294386558.6685664,0.022292772798053365,33794.430411890244,3559.024212654813,1.0000002431604176,294356323.25588053,ok,67588.86082375795
736,294356629.4263177,0.023294689637943174,32177.088554959617,6522.477178833213,1.000000000000658,294330974.8149415,ok,64354.1771099192
737,294330435.766478,0.022686844221594716,33547.612813081294,18474.073374980315,0.907964695499025,294315205.7424517,ok,67095.2256261621
738,294308551.23194784,0.02261582582340185,36242.30636250722,6323.189601460084,1.0000000000408082,294278632.1151858,ok,72484.61272501442
739,294280607.1537899,0.02110213941673347,36530.48418782223,6151.904644514921,1.0000000000550526,294250228.5742453,ok,73060.96837561487
740,294250073.6535135,0.01902504115681674,29349.43037286811,40849.85961050653,0.35923538847755887,294244801.97650266,ok,58698.860745702696
741,294244995.4001356,0.02538279516203973,36777.120665687355,20205.941966509356,0.9100570695155947,294228260.7608065,ok,73554.24133134773
742,294229083.8181759,0.007411627843922254,204274.4483047269,2234464.775927531,0.04570992805646984,294224415.13300806,ok,408548.8966094536
743,294224003.1889399,0.024610219727087573,37021.74409514657,5055.886807040034,1.0000000002887444,294192037.33164406,ok,74043.48819026207
744,294193302.8379753,0.02055729314902034,42038.727624596206,20713.216987274336,1.0000000001070053,294171977.327338,ok,84077.4552491924
745,294173764.409887,0.017344972246129856,63152.493758884055,125501.58218355164,0.251600388856137,294165819.8138935,ok,126304.9875177681
746,294162436.17079324,0.0251307456599454,43784.60879231936,24094.461948323882,0.9086031654540685,294142544.7537198,ok,87569.21758459783
747,294143673.57639456,0.018017120856655904,55899.59507084061,35599.39663204171,0.7851199789791864,294121729.6319411,ok,111799.19014168002
748,294119529.176958,0.023263120065395788,89921.00312441481,1153719.045475466,0.03897006098540955,294117777.06347024,ok,179842.00624869444
749,294119049.9101608,0.023117291934277452,41784.45136003667,14460.717417903681,1.0000000000010933,294091726.1762186,ok,83568.90272007331
750,294090764.98189104,0.021513548361462003,44400.686108164016,8877.624942196482,1.0000000000220266,294055241.9207245,ok,88801.37221629336
751,294054571.9265872,0.025924545117241647,37372.69180295672,8231.39907785794,1.0000000005639553,294025430.63385034,ok,74745.38360589118
752,294023259.81884736,0.021579351188012817,32087.724493751994,1152.9631800999955,1.0000000001026952,293992325.0575307,ok,64175.448987502845
753,293992059.1496443,0.02237866834727231,37546.33507291376,14770.200494426785,1.0000000178331947,293969283.0149231,ok,75092.67014582752
754,293970691.02826643,0.014825947489713354,61978.76635209593,147615.201711624,0.20993354896190006,293964185.31707615,ok,123957.53270419186
755,293962506.8604498,0.02491620277748553,30838.25466348522,3040.400012060115,1.0000000011049066,293934709.005771,ok,61676.50932697043
756,293934876.80974716,0.028810995996992564,45174.49133334374,30587.931411177575,0.7384365213535801,293918197.5626301,ok,90348.98266665262
757,293921854.66660655,0.013396300495272975,70558.9859786357,213079.40785883032,0.16556969696804896,293916013.4516431,ok,141117.9719571751
758,293916616.5371239,0.01651866375555888,66584.29979632905,124564.2780322467,0.26726883841887633,293907718.5828922,ok,133168.5995926008
759,293910281.7288334,0.02440381166592722,37065.011298652054,6015.078750299468,1.0000000006245893,293879231.7962694,ok,74130.0225973041
760,293878571.25109243,0.025380949728419658,41656.04351782438,9854.640761372719,1.000000000000289,293846769.848336,ok,83312.08703564874
761,293849826.3566017,0.012692438213279303,96010.69841685458,1202321.5708172985,0.03992721279698479,293847909.6368085,ok,192021.39683370915
762,293848082.064878,0.031326341975265036,66272.12521181561,164772.0466258288,0.20110245205095104,293841418.3214366,ok,132544.25042363122
763,293842021.4693129,0.025325827658198973,39791.883588575045,15695.605221238398,1.0000000006490088,293817925.1909401,ok,79583.76717711674
764,293818466.10372263,0.006105053622730975,123262.83523783964,495350.3447144858,0.12441985410233933,293810797.9317343,ok,246525.6704756792
765,293810018.97704566,0.02276549357692321,33128.58053371387,43868.38760711303,0.37759058790141453,293803764.45694566,ok,66257.16106742775
766,293801062.6965629,0.018807746802686674,32633.523093695174,1626.7429621581073,1.0000000003999188,293770055.91641957,ok,65267.04618739029
767,293772808.00479925,0.01342187200493836,57162.92303436631,257276.3239286931,0.1110924669660035,293769632.8197298,ok,114325.84606866381
768,293768251.2187641,0.023693290681890918,40287.19244409481,6506.667493542266,1.0000000112133545,293734470.6935078,ok,80574.38488818963
769,293730017.92451465,0.022987542155809466,23122.45069206298,3367.37484023493,1.0000000000678557,293710262.8486617,ok,46244.901384125915
770,293710883.2973918,0.02434689575735501,35076.690766886306,24244.416173841717,0.7233973075567802,293698196.1055624,ok,70153.3815337726
771,293699309.9118099,0.01092315417704038,95231.0662597014,514559.6268785654,0.09253647321438188,293694903.7383039,ok,190462.1325193958
772,293694070.26790774,0.034668458557291205,15618.33457969288,1456.306626407612,1.0000000118324028,293679908.23980415,ok,31236.669159385758
773,293680757.0609686,0.026530734646180457,32427.42932850436,8667.28428070352,1.0000000001353948,293656996.9159187,ok,64854.85865698251
774,293657161.0446213,0.027320641653611134,33132.26350180992,10006.619264594621,1.0000000000022893,293634035.40038407,ok,66264.5270036198
775,293635637.52547723,0.020657072003103134,58072.7971914575,313727.32743768586,0.09255297851442702,293632950.1203019,ok,116145.59438284207
776,293631440.69987255,0.024641074336658225,31165.700947036672,22792.20830636804,0.6836919996543098,293620786.82967204,ok,62331.40189404578
777,293618375.74897504,0.01584208118284362,39766.057008960044,14211.719804431892,1.0000001408909958,293592821.41017246,ok,79532.11401792007
778,293593495.53177357,0.019881737671781852,47560.8874991655,11253.93427200826,1.000000601519451,293557188.56347656,ok,95121.77499833045
779,293557785.11773473,0.028999501448013727,41764.38243606355,61908.51299219318,0.33730726532981126,293550741.40292084,ok,83528.7648721271
780,293555954.0126282,0.018083947607974743,45109.587599481776,12006.895541136037,1.0000000051528841,293522851.32046115,ok,90219.17519896355
781,293521598.2678904,0.02214262928177072,24639.45992808549,1855.8902079480226,1.000000013111347,293498814.6978959,ok,49278.919856170716
782,293497558.248993,0.025788982746035898,32261.269683707127,1598.5354438961267,1.0,293466895.51475316,ok,64522.539367414254
783,293466244.12960225,0.02155799370350437,23400.717912924432,920.7966244125864,1.0000000007235552,293443764.20829815,ok,46801.435825848865
784,293442934.3478856,0.02438847039190065,27346.49324619768,1608.1123761109502,1.000002175766954,293417195.91451365,ok,54692.98649239535
785,293415742.7248465,0.025424516947847243,22523.731561027493,1951.8520514345132,1.0000000000000018,293395170.8453369,ok,45047.46312205498
786,293393575.9254059,0.02708449051781775,21698.78922590756,8823.737320065937,1.0000001797325477,293380700.8727719,ok,43397.57845181511
787,293385072.34143865,0.012213143517796392,101835.91044762761,579934.4622116758,0.08779949898067753,293380601.7704809,ok,203671.82089525522
788,293381178.36374915,0.022990598000764095,45173.72640942683,14763.692552227338,1.0000000000103004,293350768.32989174,ok,90347.45281881148
789,293352931.13940245,0.014764891481067367,57209.147253149335,106624.04808081366,0.2682750668488442,293345257.24550056,ok,114418.29450623158
790,293345112.9791596,0.02168978766483785,15974.819267632904,17144.819383557115,0.46587890225760237,293341391.81352746,ok,31949.638535265804
791,293340703.4465835,0.03221167566053111,8971.160466288246,2034.2933333892902,1.0000047005814496,293333766.5564057,ok,17942.320932576484
792,293334676.89652866,0.026577730150984896,32265.414227267473,39755.35856327141,0.40579956254093963,293328130.2510394,ok,64530.828454534945
793,293326575.5361557,0.014154010141476537,43597.48230803097,142456.07084374636,0.15302079458533951,293323239.87546337,ok,87194.96461602401
794,293322881.79919016,0.02658494419145764,17686.41607745652,2004.9365912021476,1.0000001187747,293307200.3180795,ok,35372.832154895914
795,293306262.98063916,0.022554154875452634,35458.99540732762,7047.246670924154,1.0000001740587743,293277851.22818404,ok,70917.99081463288
796,293276247.96566176,0.025243489396474687,75876.08108488441,875368.7658961142,0.0433394953309821,293274603.7501308,ok,151752.16216976882
797,293274133.0709164,0.015740859498574455,60510.55723554708,488192.969307076,0.06197401544048621,293272258.02981216,ok,121021.11447098771
798,293272332.66370666,0.029218664051883513,22258.754802636275,4701.075336466513,1.0000000006315664,293254774.98423237,ok,44517.50960527255
799,293255176.2720537,0.02872778916710841,21016.17144522278,4499.309340874318,1.0000002567544504,293238659.4068638,ok,42032.34289044556
800,293237542.33068573,0.02609390908610398,25291.80841259712,3069.7129649302374,1.0000000000005318,293215320.2352381,ok,50583.616825194236
801,293216368.68309253,0.030128317448732747,23359.202253377804,8458.009457057997,1.000000021262199,293201467.4901592,ok,46718.4045067556
802,293201394.9715127,0.02171121073812594,33375.05038447918,8462.203046306493,1.0000000000000282,293176482.12417454,ok,66750.10076895836
803,293177537.0917934,0.017388251101154932,64592.99704189027,125799.4528475235,0.25673003967744146,293169245.6104467,ok,129185.99408374816
804,293166442.613362,0.02105833163837345,36456.784968292,20306.724119253966,0.8976530324190802,293150079.84157246,ok,72913.56993655265
805,293148659.7324067,0.01505607589461006,126826.81363551313,888413.6544608137,0.07137824424394144,293144133.3947665,ok,253653.62727102626
806,293144902.87150174,0.028182009416451936,49699.34733627447,79201.30170163742,0.3137533491778897,293137106.20316243,ok,99398.69467254893
807,293139412.9167937,0.00686334141133333,124583.10463271204,713509.1793520559,0.08730308469601405,293133974.672126,ok,249166.209265424
808,293135484.3344248,0.030937256256605216,24105.157961950077,3509.886761944608,1.0000000000007236,293114889.0632248,ok,48210.315923900154
809,293114868.3739584,0.02593175821667,38032.24129248642,38974.61280626032,0.48791044418506024,293105590.2100872,ok,76064.48258492305
810,293105049.18255436,0.011382646851439953,110771.78883766098,1734710.0635971646,0.03192804122204726,293103280.8194342,ok,221543.57767532193
811,293102762.69686764,0.03607096348165676,38670.9871194805,233457.80566437772,0.08282221922164913,293101161.2883813,ok,77341.97423891065
812,293099993.3240239,0.02403971781651129,28580.884820123974,6678.468471381136,1.0000000000001819,293078090.9076752,ok,57161.7696402305
813,293078258.6296851,0.02051596248975928,37454.413812770275,19551.39585324844,0.9578450074332486,293060320.86804664,ok,74908.82762550817
814,293066922.0460047,0.01977273273074426,42506.81213177252,20901.580049971366,1.0000000000629092,293045316.8139229,ok,85013.62426351686
815,293043419.2820855,0.021341791688652405,30224.87519561976,2040.7047182615843,1.000000000009647,293015235.11160785,ok,60449.75039123952
816,293016275.1505815,0.022110706694831783,37181.37486603778,34814.76982443828,0.5339885205838452,293006347.9369025,ok,74362.74973207555
817,293011001.71827143,0.01767079992274788,77286.3529448324,261029.1870008448,0.14804159226949257,293005280.9208961,ok,154572.70588966476
818,293005671.57542,0.02895161372363433,34910.09569712206,23092.35645359354,0.755879889678593,292992477.65577793,ok,69820.19139424412
819,292988158.70369655,0.025336086652276282,34343.81722743182,11683.262247331613,1.000000000040673,292965498.148716,ok,68687.63445486364
820,292963692.9277084,0.02007886240878476,34119.35669230444,12666.354758087968,1.0000000008802339,292942239.9257664,ok,68238.71338460888
821,292943300.2664133,0.02040980071312411,30018.325992306553,23391.693832300043,0.6416449832045987,292933669.71227473,ok,60036.65198459095
822,292932221.1957505,0.023797406557580073,27257.709553309567,2460.1116320950573,1.0000000322045905,292907423.59710985,ok,54515.419106619134
823,292907239.2400823,0.026309886828852595,19031.472988656962,1460.7479449248722,1.0000003764081458,292889668.5089747,ok,38062.945977313924
824,292890590.4912032,0.024814952585073678,25394.859028426126,6386.710138339035,1.000000022852202,292871582.3420247,ok,50789.71805685104
825,292874982.9417212,0.016419563224709485,40832.163778243565,25168.388265448484,0.8111795508633847,292858421.83358395,ok,81664.32755645613
826,292858878.4581902,0.028961754251793943,24519.32290531312,10269.980136979599,1.0,292844629.1154219,ok,49038.64581062624
827,292843999.5799909,0.022361056492374114,26924.91733718838,13677.485306282333,0.9842787886169853,292830748.7674808,ok,53849.83467437644
828,292829928.69058484,0.024236023734685943,44501.43746501343,61229.435929914674,0.3633990480979713,292821842.80057794,ok,89002.87492998474
829,292820664.2653216,0.022642248394904457,38151.983696003226,33266.39125783927,0.5734313559937563,292809725.49344933,ok,76303.96739200645
830,292811772.661726,0.015345364269238635,43352.6514011097,62682.44642461234,0.34581173736773,292804276.73387575,ok,86705.3028022194
831,292804500.92642474,0.025900358681621823,25140.582863879026,7438.616834986405,1.0000000000000058,292786798.9603959,ok,50281.16572775805
832,292786417.2545324,0.02094474447856761,36657.86103604103,116078.71007696848,0.15790088041008662,292783523.10026664,ok,73315.72207208206
833,292782502.4609549,0.026788037624546353,21495.64691388935,2115.2263596477997,1.0000006637975074,292763122.0289401,ok,42991.29382776196
834,292764758.7405199,0.028475492761636603,13156.385101423162,2641.822573653366,1.0000000006340277,292754244.1779871,ok,26312.77020284596
835,292753255.4971848,0.023253384935502282,28637.219329765263,7308.2710231633755,1.0000000000179046,292731926.548878,ok,57274.43865953052
836,292732352.85226756,0.020216848263988032,39154.66955778422,233871.34750843028,0.08370984726201405,292730714.03656346,ok,78309.33911556841
837,292730678.43421125,0.0205661226429958,29658.350572876046,27007.584005345518,0.5490744852817244,292722536.11242366,ok,59316.701145728206
838,292722075.27352726,0.01394294088424636,121831.15290725467,2441022.0460645203,0.024954947273760606,292720555.1285287,ok,243662.3058145093
839,292720718.6677881,0.028502863534570048,10252.049656316049,3052.52708823806,1.000000001291367,292713519.1452146,ok,20504.099312632097
840,292713666.15827626,0.03551708245252788,57184.096672725835,539732.9372820604,0.052974436728549935,292712151.5106207,ok,114368.19334545167
841,292711902.40823936,0.030565365120372442,14866.606632369487,933.7213937749002,1.000001119658914,292697969.50844616,ok,29733.213264738944
842,292697807.52785873,0.025437982569610964,32659.986748499985,27183.112480624022,0.6007403819518432,292687997.4414018,ok,65319.973496963925
843,292689093.04799205,0.013940376303731199,54729.980397146406,135792.2661714043,0.20152097737312696,292683578.42842144,ok,109459.9607942341
844,292684096.3117411,0.026753893036083397,26240.618416541685,6477.194283315436,1.00000000336915,292664332.8875631,ok,52481.236833083334
845,292663725.73594207,0.02387473711715235,32156.52694384877,33087.860350792536,0.4859263579290122,292655912.88393134,ok,64313.0538876711
846,292654873.46471757,0.025276083064070035,25667.210170198876,2969.330686940871,1.0000000214555387,292632175.58481103,ok,51334.42034039745
847,292633366.75819415,0.023206567180166796,29510.402139758895,4937.137721147428,1.0000000042665025,292608793.49369174,ok,59020.80427949404
848,292608077.7925802,0.02708978885952943,26910.727595997203,20295.996280573076,0.6629565561596898,292599157.47093475,ok,53821.455191994406
849,292599644.62933135,0.012906246928964476,106975.50203359178,1537759.6039650245,0.03478290812093178,292597784.1698021,ok,213951.004067183
850,292597359.5194923,0.030028544041306914,20726.954031819427,3034.5396347378764,1.0000000465276269,292579667.1044133,ok,41453.90806361962
851,292578412.53813237,0.021416640201274633,30388.373034048207,50321.97297025567,0.3019394038068636,292573824.8145141,ok,60776.746068096414
852,292574263.8523952,0.02676076100246214,26756.278493766946,7479.9185096142655,1.000000000031058,292554987.49241066,ok,53512.55698751141
853,292556538.4011687,0.027229025585621035,42644.64061951963,29177.324367769717,0.7307839485553785,292540956.3917404,ok,85289.28123903926
854,292545883.4400829,0.01613967088882623,54227.74032419128,118058.61434334783,0.22966447906326296,292539656.3472168,ok,108455.48064838254
855,292537609.0614201,0.03035418689223707,23012.08198853617,8301.5809030911,1.000000000000045,292522898.5603347,ok,46024.16397707234
856,292522237.7246057,0.032731668408273476,54695.22220275653,871462.0560589713,0.03138129871661064,292521379.5210525,ok,109390.44440551306
857,292521905.4394127,0.023919425560611607,83113.41996519774,1540143.3513997125,0.026982364949880357,292520784.14109784,ok,166226.83993023328
858,292521544.67367125,0.023143402608610825,31562.059761497603,18462.6699543378,0.8547533980609913,292508055.78475577,ok,63124.11952299519
859,292505714.227823,0.019965737882906,31325.371281823762,35265.74347561751,0.4441331472776393,292498757.9099545,ok,62650.74256362369
860,292503255.58721215,0.018741929092978418,33997.348771223675,92590.63847843527,0.1835895579181139,292500134.8080965,ok,67994.69754242254
861,292500083.36222076,0.02562468962418197,29115.529691206993,4309.474266268673,1.000000000342333,292475277.3067888,ok,58231.05938241398
862,292474605.0686961,0.016764660012365186,42005.27487799628,249594.18211568298,0.08414714341884678,292472837.75675136,ok,84010.54975599251
863,292472333.17343,0.024972071710032726,24818.87694835809,3953.912837850849,1.0000000138221852,292451468.2090858,ok,49637.753896692986
864,292451059.1162628,0.02405493790074373,21034.147510403942,6818.020630539793,1.0000010590128414,292436842.98154825,ok,42068.295020807884
865,292434327.3143915,0.0251351550769968,26051.143058559093,4735.74419594639,1.000000016335011,292413011.91525805,ok,52102.28611711819
866,292412251.2369146,0.025813893234836155,28273.22790289669,22143.54134340027,0.6384080004286066,292403226.30946904,ok,56546.45580579338
867,292402241.2684715,0.018723627832831786,33329.277047905474,34508.20093252805,0.482918207081736,292394193.6111138,ok,66658.55409581095
868,292389216.9722309,0.02339862748153375,28136.709944729995,55240.61146741368,0.25467413554362794,292385634.1260898,ok,56273.419889459954
869,292387059.02511376,0.025441872526527062,27502.724544858873,12498.191952577316,1.000000026265327,292372054.49245566,ok,55005.449089717746
870,292369241.7382875,0.03057431485842902,24292.696540514393,921.1055791458743,1.000000000064373,292345870.1473247,ok,48585.393081028786
871,292346618.9344329,0.029342286510774713,32377.486290754707,5817.716996142863,1.0000000061863044,292320059.16501004,ok,64754.972581485206
872,292320573.5499617,0.022001230007053237,42811.76388991388,206889.63675544088,0.10346522078464618,292318358.78566015,ok,85623.52777982775
873,292319471.79838645,0.019339365829390328,40613.3890904617,57855.4112508403,0.3509904105112711,292312344.34333193,ok,81226.77818087969
874,292309613.279073,0.022252367347726794,34547.55684188934,32504.192424838,0.531432320950234,292300433.4349152,ok,69095.11368377868
875,292299924.6519514,0.038628714069571565,17290.290221716354,5173.671518135612,1.0,292287808.0332478,ok,34580.58044342693
876,292287268.7231673,0.030084569866856963,25895.364304652405,6811.159696681241,1.0000000922525878,292268184.51742715,ok,51790.728609284546
877,292266464.24899364,0.050768321961980396,39827.14002961169,133773.02712617745,0.1488608760869481,292263499.8975152,ok,79654.28005919697
878,292263902.9577187,0.0154075658303833,47480.99975150243,230398.6218110854,0.10304098040663263,292261456.71333617,ok,94961.99950300483
879,292260705.1993714,0.03345834549856257,18940.020820660615,955.1482858927889,1.0000000000116156,292242720.32683647,ok,37880.04164131087
880,292243058.3100719,0.028630650397609193,34187.46820978643,9702.733923774196,1.0000000000001197,292218573.5757859,ok,68374.93641957284
881,292219851.7408955,0.021087225238382287,34503.85236182209,46554.37734200089,0.3705758118978542,292213458.59434426,ok,69007.70472364413
882,292213281.2577003,0.030346229634446883,23035.2357455073,11786.101585478427,0.9772203123503047,292202026.00756514,ok,46070.471491014534
883,292200752.0975983,0.02907963832479216,27666.922871196002,3562.0719524997767,1.0000000000000993,292176647.24667966,ok,55333.845742392
884,292178163.6602312,0.03109188238870737,16558.84145171619,6065.207926604824,1.0000055899393416,292167670.00195163,ok,33117.682903432375
885,292168416.0612727,0.03021373634560294,42734.90621790181,208112.9081445809,0.10267240652899066,292166222.2134406,ok,85469.8124357484
886,292165084.8375633,0.02307979194099698,87580.75468207535,2801653.373752181,0.015630190997678765,292164400.3856016,ok,175161.50936393853
887,292164532.8441257,0.022362105310891594,29186.7811262001,49254.16448950533,0.2962874452211952,292160209.0057186,ok,58373.562252366384
888,292167796.16356677,0.009372846782261569,68817.05810346248,178505.99255349158,0.19275839740461534,292161163.63064975,ok,137634.11620692495
889,292159874.69209,0.02815519945872293,18332.69963940735,7909.0470166174755,1.0000000460994543,292149451.0393513,ok,36665.39927879377
890,292145335.6820205,0.028264943261512274,22800.43763837259,33553.578735730756,0.3397616364255761,292141462.3250189,ok,45600.87527671081
891,292141860.4151336,0.02794583028411123,27504.519101034508,8633.092401109974,1.0000000000030438,292122988.9884336,ok,55009.038202069
892,292118837.9074043,0.03313677586135744,27634.589789981186,13069.25053825878,1.000000000000399,292104272.5681526,ok,55269.17957996236
893,292104117.4185754,0.022926750154265735,28459.323332038613,17159.524354486068,0.8292573484007557,292092317.3670736,ok,56918.64666407719
894,292095149.0911126,0.02151491703527501,41987.22146879514,42106.41298802303,0.4985846393604961,292084681.99927574,ok,83974.44293759027
895,292078026.7294699,0.027311692313536015,24115.595890927634,1598.7319976500826,1.0000000000020575,292055509.86557657,ok,48231.19178185527
896,292055560.6814303,0.028906158481825216,21529.039085682176,10176.872818299116,1.000000000000024,292044208.5151629,ok,43058.07817134726
897,292040775.4715719,0.01897249677194061,100117.00919159503,1822162.625342869,0.027472029060182382,292039400.26287895,ok,200234.01838299158
898,292038212.859108,0.017527695012828956,32900.49002830194,25688.64167980159,0.6403703714348367,292027678.6095981,ok,65800.98005658448
899,292026734.2551471,0.02547207684867254,39088.15839920064,125946.4188685391,0.15517772855455403,292023701.4493302,ok,78176.31679840127
900,292022374.2002716,0.021676856561983676,22015.05286735552,12216.670253449252,0.9010250915604354,292012456.14275885,ok,44030.10573471045
901,292010213.8357455,0.029331983284174565,25180.49497876287,21323.375591397184,0.5904434518548232,292002780.0065582,ok,50360.98995752574
902,292002447.49039066,0.008732447477822796,174502.35449255453,2385458.9295540284,0.03657626470332451,291999256.168236,ok,349004.70898510894
903,291998915.2284575,0.02079476717774828,17428.098346413757,6147.506146567395,1.0000360969145172,291987634.45097715,ok,34856.1966928153
904,291987723.0288346,0.012334584552762392,61544.067665184,106004.33858910977,0.2902903243599251,291978790.2051521,ok,123088.13533033007
905,291977222.4322291,0.03345936312265463,27215.28123738773,40990.949170140026,0.33196695597881865,291972705.1451948,ok,54430.562474775455
906,291971613.19404674,0.02921963026295258,21242.535363669514,3486.939303480344,1.0000001912469851,291953857.5952577,ok,42485.07072732722
907,291953407.7842578,0.03175218042325919,27138.780686327893,17890.340814000054,0.7584757878142402,291943115.7302272,ok,54277.56137265556
908,291941215.22835547,0.013485429238636184,115797.65859954404,2195078.793734442,0.026376651929323203,291939688.0510879,ok,231595.31719908747
909,291937855.7289746,0.02683693344511315,36352.18172737649,140761.60735274747,0.12912676407664986,291935508.7091778,ok,72704.36345469863
910,291936011.7361504,0.010388896889721532,193469.5830191012,2166314.017422821,0.04465409480414673,291931692.1315994,ok,386939.1660379939
911,291932625.7115401,0.024627004557911194,30877.624480236205,4363.650270452141,1.0000000410905447,291906111.73642015,ok,61755.248960472396
912,291905074.8792599,0.027399345585364016,30272.707347408505,2383.7820610103854,1.0000000000000002,291877185.9539735,ok,60545.4146947944
913,291876282.7525267,0.028765855399938176,19972.552476404035,2923.8103696559406,1.0000001834653733,291859234.00782853,ok,39945.10495280802
914,291859371.62041855,0.02906507139897795,17089.097447830733,444.4093091792515,1.0000000000000786,291842726.93227994,ok,34178.194895661465
915,291843995.4576826,0.019476543376434025,32915.75350251244,186044.531018749,0.08846202928479335,291842539.5605075,ok,65831.50700502486
916,291842949.75355923,0.029577956528414415,27302.54156742329,18274.00635724841,0.7470321787590299,291832751.81500286,ok,54605.0831348276
917,291829639.09470266,0.0287367972873105,14400.266028451555,1773.4286460044536,1.000000002549703,291817012.2572925,ok,28800.53205690311
918,291816397.35302114,0.03527361258286587,20922.62385207252,1552.4020010276145,1.000000001705087,291797027.13113976,ok,41845.24770414504
919,291796452.5446211,0.02921607286742706,19768.40743778924,628.3905164590205,1.0000000025729765,291777312.52765214,ok,39536.81487557848
920,291777188.34678084,0.029470152599878018,16460.007808017835,2413.118301890457,1.0000000000000406,291763141.4572747,ok,32920.01561603567
921,291763371.2989953,0.023072706752120305,24285.912112429512,7790.983407873953,1.000000684403771,291746876.36433375,ok,48571.82422485902
922,291745063.7220906,0.02246367058643939,21876.998838044874,15552.391179527589,0.7033323231620707,291737370.3218823,ok,43753.99767608973
923,291737246.78722125,0.025871362144766066,40596.33961339442,445612.5988205814,0.045551157800342926,291736322.18208534,ok,81192.67922673926
924,291737300.40390027,0.030457424325589077,19083.47194817533,841.4987544871242,1.00000000032929,291719058.43070084,ok,38166.94389635066
925,291719791.22188276,0.03297262010927291,19874.728468271533,3480.724656426334,1.0000000002109908,291703397.2180682,ok,39749.456936543065
926,291703725.3161905,0.028292280688879855,20544.153540989268,5843.963995118063,1.0000000031109018,291689025.126617,ok,41088.30708196169
927,291687483.40567964,0.011389570110796334,73259.71651202207,665428.132618496,0.05504705385970165,291685467.03989935,ok,146519.43302404415
928,291685776.5981122,0.024429180698650795,18929.12313452017,4263.477649547111,1.0000000001938196,291671110.9526252,ok,37858.24626904034
929,291670863.3150866,0.03425135539668996,26848.383197677947,55229.84700261062,0.24306045240727236,291667600.42500335,ok,53696.76639532077
930,291669056.2403467,0.030814847512888953,11485.711602302215,1175.7691690548659,1.0000000004300023,291658746.29790956,ok,22971.423204593324
931,291658865.16235965,0.028807507058787256,17592.558672838666,2916.329592212553,1.0000000021152124,291644188.9332542,ok,35185.117345659186
932,291644327.6613135,0.031212828212999248,14966.286715147784,294.24556822668546,1.0000000000491756,291629655.6201659,ok,29932.573430295568
933,291629368.61862475,0.032348169384084434,18419.127060960505,1502.694598510131,1.0000000007850356,291612452.1861502,ok,36838.25412190739
934,291612354.6267325,0.02429950914308438,18418.931576479477,5135.969051901394,1.0000497156827701,291599071.25918734,ok,36837.863152958955
935,291600139.4917732,0.03130950783001474,22110.2398241576,11716.01047150163,0.9435908186468083,291589707.9821251,ok,44220.4796483152
936,291588061.39036036,0.02568693949324348,32126.21399806745,6007.936295559554,1.0000000227745847,291561943.11219984,ok,64252.427996116
937,291561834.46558225,0.024407627897372816,25272.69877601468,5690.703077725488,1.0000000000035942,291542252.4698839,ok,50545.39755200594
938,291543129.30320185,0.018682706200530145,30132.553769750157,40505.623374341645,0.37195519115054126,291537525.3233032,ok,60265.107539500204
939,291536027.48636293,0.03438287122460785,21578.011326224965,8342.869615323765,1.0000000000863172,291522792.3446516,ok,43156.02265243375
940,291525815.84315443,0.008307643438418834,79180.81692858787,362571.98741220246,0.10919323565745914,291521492.8383532,ok,158361.63385717574
941,291521463.7259176,0.03184336750342914,21023.43772918017,4479.195677409669,1.000000000000005,291504919.4838658,ok,42046.87545836034
942,291505435.5544722,0.02342500778283711,30373.547557459497,30030.36204707111,0.5057139755732958,291497755.3907285,ok,60747.09511489904
943,291503259.42778206,0.010136952019630179,66664.80676273667,410449.24203790125,0.08120956251708802,291500552.5178858,ok,133329.6135254733
944,291500169.5675936,0.033544604779862715,19063.564893317685,2687.5845183169886,1.0000000431761629,291483793.5866276,ok,38127.12978662118
945,291484810.1554207,0.027883176311265506,21043.853865883448,2156.5058592580453,1.0000000116103698,291465922.80721986,ok,42087.70773175046
946,291466429.8029903,0.03643018240730581,23561.808950294064,9520.19422745699,1.0,291452388.18826747,ok,47123.61790058813
947,291450592.3927038,0.021801642442330873,31091.879311649696,20316.176347627203,0.7652000745524398,291438696.6385202,ok,62183.75862327212
948,291439724.5190626,0.011875519804663608,84724.6372179129,463208.34577174316,0.09145413504667613,291435850.3098556,ok,169449.27443582576
949,291435856.9543295,0.02420513619198325,29351.385101711472,21332.910438344243,0.6879367254304561,291425761.0064526,ok,58702.77020340515
950,291424512.3149318,0.03247788839533503,20392.185859938465,4555.0868719497685,1.0000000197189878,291408675.2157213,ok,40784.371719858864
951,291407998.86935145,0.024994506318567717,31474.107032504467,62547.93862260716,0.251599874637024,291404039.42865956,ok,62948.214064970605
952,291402792.0613324,0.02209395042647471,27772.72363286025,254916.16402100452,0.054474230262173254,291402035.61246127,ok,55545.447265718
953,291402189.1554468,0.011124803457850338,36953.669718509365,144536.1080666494,0.1278354253923492,291399827.1614027,ok,73907.33943701857
954,291399320.3716012,0.03414912149447272,59110.37122420905,1269593.2443935145,0.023279255574664825,291398632.34888184,ok,118220.74244841796
955,291399051.8241296,0.036395868433315014,15104.286621717121,6135.3871424424215,1.0000000000000102,291390082.9246503,ok,30208.573243426723
956,291388602.6233974,0.03399858203833518,27992.63428808808,30950.499157317437,0.45221620087296643,291382273.26203233,ok,55985.26857615204
957,291384776.4490806,0.012539629106084494,51908.44379385984,122371.4259569558,0.21209380943276193,291379271.71928763,ok,103816.88758768488
958,291379621.2656356,0.02442018093217724,17763.299357607735,520.4964743971304,1.000000762958068,291362378.44999397,ok,35526.59871521547
959,291362746.4403995,0.028215383072724542,21697.653698029375,1145.1321684924737,1.0000000002130158,291342193.91886586,ok,43395.30739605874
960,291339563.11581534,0.024059669332845313,17132.421762681104,5822.190247455057,1.0000903156231586,291328252.3886917,ok,34264.84352536214
961,291328633.76720166,0.026683089976864947,32076.996005360237,65484.91289225101,0.24491897895733464,291324705.63464683,ok,64153.99201072047
962,291322167.6691888,0.01802660137400846,38831.369296676196,226626.23412541527,0.0856727144730889,291320504.2747816,ok,77662.73859332828
963,291319570.93470484,0.02797568050398179,21186.760046027044,5144.455363130925,1.0000000000096305,291303528.6300218,ok,42373.52009203246
964,291302723.78345585,0.017936756404516755,44777.406092581696,134365.36604621296,0.16662555020756306,291298993.2534923,ok,89554.81218516284
965,291296353.1361418,0.033083135261086964,15306.451871245998,608.638613631741,1.0000000007913419,291281655.322873,ok,30612.903742491995
966,291282250.24378496,0.03161525656671534,24463.41633410497,3099.4801636516067,1.0000000000015001,291260886.30761445,ok,48926.832668209936
967,291261252.9484537,0.028971499145852248,15636.44940766567,2813.21962683303,1.000002797856133,291248429.6906664,ok,31272.89881533134
968,291247823.47647655,0.028536603770788475,21798.661586275965,6467.481536269965,1.0000000002162885,291232492.2964246,ok,43597.32317255192
969,291232154.4621391,0.025449731539907646,45495.81519112657,385386.3384891144,0.05902624282102262,291230811.7386217,ok,90991.63038225309
970,291231869.16792417,0.02873655547664861,18567.794567418194,6472.346701442253,1.0000008793108797,291219773.7151137,ok,37135.58913483631
971,291221063.0043905,0.02247084523192256,18376.973451428952,10288.582265602523,0.8930760806990911,291212856.9866779,ok,36753.946902857904
972,291213497.81421226,0.033014523092949145,32540.575116785414,74223.45406318488,0.21920682301502906,291209931.25616705,ok,65081.150233543216
973,291209556.25648504,0.02545174439007068,15326.311651426604,1440.1546177073676,1.0000000000067748,291195670.09945124,ok,30652.623302840682
974,291195377.5905926,0.03225760901927165,15889.727804198681,1856.9107204404563,1.0000000000028724,291181344.77350885,ok,31779.45560839736
975,291180716.0835635,0.030431269457698088,17115.28622998226,2147.8831685609557,1.000000024799865,291165748.6801842,ok,34230.57245996452
976,291167265.35904235,0.030535302650303745,18629.12610713544,10712.10708606553,0.8695360286011556,291159166.0108766,ok,37258.25221425173
977,291160582.4474578,0.01127886680951652,96564.4235964269,1042788.2039846448,0.04630107208129141,291158346.92928904,ok,193128.84719265517
978,291158524.65374047,0.029537190831076626,21004.15038801813,13088.013401164784,0.8024193490720616,291150097.5853994,ok,42008.30077603626
979,291150907.7443353,0.024580638428312537,30262.94478713844,67783.82086280352,0.22323132867053588,291147529.9256481,ok,60525.88957427645
980,291147066.0539658,0.028781258945860932,13821.53341570505,1387.0959989800403,1.0000004397743856,291134631.61169076,ok,27643.06683139934
981,291133906.97875094,0.016241104452989947,26544.108410675646,127999.73205578217,0.10368814053105888,291132530.8241294,ok,53088.21682135128
982,291132850.43613416,0.03170093824797934,10938.453706797447,430.4308265988034,1.0000000001062765,291122342.4132529,ok,21876.907413594872
983,291122402.7732046,0.027089069543192443,13400.914789468621,5.06599993245004,1.00000002113155,291109006.9241321,ok,26801.829578937242
984,291109724.37594074,0.04205813098355348,34619.66543501384,200791.57322047983,0.08620796400902643,291108232.1305048,ok,69239.33087002688
985,291107975.141076,0.02654549878168841,22122.927527437747,6612.860641000598,1.0000000039151937,291092465.0741548,ok,44245.85505487538
986,291091770.15645003,0.018987924606341633,46815.44633887029,377759.1237841433,0.0619646798598851,291090319.7043776,ok,93630.89267774057
987,291090239.56941605,0.03423293983790893,26343.35250505127,189176.9801337593,0.06962621056331739,291089322.47551185,ok,52686.70501010253
988,291089952.66353047,0.02612787526975965,16025.462015616156,7696.0658170634615,1.0000045728143583,291081623.26443595,ok,32050.924031232313
989,291081459.6143201,0.012549656800189683,81057.29766497541,501169.48191201204,0.08086814998763857,291078182.1374675,ok,162114.59532995074
990,291078510.45332724,0.010058893423367835,161545.27199949158,2628286.7361923046,0.030732048709709685,291076028.1447433,ok,323090.54399898305
991,291075346.475948,0.014012477863875656,46374.039024287675,324579.46020141704,0.07143711280361113,291073690.0622195,ok,92748.07804849664
992,291073851.66888595,0.025584246732791402,18598.634541509116,9916.70891915111,0.9377422839139458,291065131.30586964,ok,37197.269083018226
993,291065473.4435308,0.017061276632458006,53223.09740216551,598249.4059087846,0.04448236544532438,291064289.6988964,ok,106446.19480423584
994,291064510.99216104,0.03467913605654159,14021.574846506286,9590.725852610622,0.7309965409286293,291059386.1308055,ok,28043.149693012572
995,291058231.8861028,0.03423179654699155,13282.362551224918,2982.8743390288305,1.000000000000966,291047932.3978906,ok,26564.725102449833
996,291047718.0076809,0.03881098658599978,21826.91420890633,24626.413089442045,0.44316064482537393,291042881.5929932,ok,43653.82841781217
997,291041260.15676725,0.02369874304480874,18790.59288386547,8751.944345678181,1.0000782306899472,291031221.4076229,ok,37581.18576772088
998,291031850.38751215,0.023950157640824473,32148.51447100825,60361.12018172301,0.2663015064516863,291027569.7885952,ok,64297.02894201649
999,291028545.3296147,0.01636400785698526,31133.165713603747,137508.06302288038,0.11320487333322195,291026783.11657417,ok,62266.33142720695
1000,291025971.83142763,0.02751823317689778,17298.743315182775,8060.7075835422875,1.0000003691652832,291016733.7952614,ok,34597.486630348365
1001,291016205.3602273,0.029666494188136407,22966.100945944403,23121.332438184276,0.49664311101760916,291010502.3823164,ok,45932.2018918888
1002,291012211.53412056,0.02814330561633264,20304.48325732105,5588.438820476409,1.00000000011187,290997495.4896827,ok,40608.96651462662
1003,290997489.7436735,0.035405704520551654,13297.1398042461,7651.225392455188,0.8689549138990406,290991712.4361866,ok,26594.27960847979
1004,290993243.2176363,0.02320430851961128,42469.3212998974,323984.74431030726,0.06554216216307546,290991851.45206445,ok,84938.64259973617
1005,290992338.6325945,0.03891594386314698,14129.030960347483,2257.3842006912505,1.0000000035047405,290980466.98580116,ok,28258.06192068376
1006,290980695.0659883,0.025667346611329536,14084.1329343387,8579.57399890888,0.8207944203365967,290974914.97712445,ok,28168.2658686774
1007,290975412.7191748,0.026110576123891515,20100.51275544708,7753.68780684893,1.0000002013376466,290963065.8933014,ok,40201.0255108749
1008,290961763.62385,0.02839662344597205,17895.400380735362,2456.348366333048,1.0000001654921435,290946324.569687,ok,35790.80076145781
1009,290945318.6002351,0.0360648222930381,20822.681897598108,12906.546847941741,0.8066713018950837,290936920.07027745,ok,41645.363795176054
1010,290934625.91599804,0.022483150985673248,30670.159755971592,73965.5136647916,0.20732743028708883,290931446.5332937,ok,61340.31951194267
1011,290930982.0686315,0.030819281140295373,14654.780010336057,1619.4191679455157,1.0000000931064288,290917946.70672613,ok,29309.560020671717
1012,290917190.70411915,0.037344755626255534,12945.08091254542,831.7460677936001,1.0000000000000002,290905077.36927444,ok,25890.161825082007
1013,290904563.97258574,0.042356580222151885,11428.50473941055,1589.1724290308957,1.0000000000000033,290894724.64027536,ok,22857.009478811764
1014,290894847.04989517,0.028500898004409893,19035.392921191145,3739.6316731203315,1.0000444482767918,290879550.77500445,ok,38070.785842381476
1015,290879084.08669454,0.02385056192731833,28774.014882966923,30872.068762072788,0.46602019295701713,290872379.4507106,ok,57548.02976591079
1016,290873640.173317,0.022077454456486855,45440.56106438407,150634.7489850988,0.150830274457055,290870213.26716864,ok,90881.12212871917
1017,290869233.1497849,0.032372178769652316,18826.302091731723,2654.8204008214307,1.0000000000000007,290853061.66809404,ok,37652.604183463445
1018,290852923.2750443,0.03549563163206835,18502.97669683229,5336.405375050004,1.0000000026314764,290839756.7037019,ok,37005.95339366458
1019,290840630.6356088,0.019816689096087515,82848.46185924856,2369776.287942715,0.017480228467298107,290839906.5305881,ok,165696.9237184971
1020,290839644.3848816,0.025065737501558372,29182.156016704088,91531.66453910538,0.15941016785637335,290837318.4186871,ok,58364.31203338351
1021,290836229.6148963,0.033180919943858765,15771.896118589286,26948.295891050257,0.29263253198558015,290833921.92994857,ok,31543.792237178568
1022,290832304.5957268,0.032505634862090745,10554.115977594389,2625.2453239425963,1.000000001602016,290824375.72506464,ok,21108.231955179745
1023,290824472.892228,0.028853801411773863,17235.309877044143,2471.3964181951437,1.0000000000958822,290809708.978768,ok,34470.619754073174
1024,290809484.88408667,0.03370643835050864,16038.321737975957,975.7517512196168,1.0000000000010305,290794422.3140999,ok,32076.643475951914
1025,290794203.77734774,0.018355513544583937,32937.15961035477,213835.2595256684,0.07701526792965838,290792935.44526166,ok,65874.31922064668
1026,290793244.4781168,0.028775154129305775,18768.307055803743,18768.547517626004,0.49999359402153964,290788552.4614675,ok,37536.61411160698
1027,290787821.8035047,0.03690039993860563,60936.27267114347,4253362.820721892,0.007163305276270931,290787603.5509429,ok,121872.54534228695
1028,290787615.34211856,0.03291494514031789,8778.205721246415,5465.6126619143,0.8030395002572226,290784090.7191508,ok,17556.411442483433
1029,290782388.1531944,0.030024427727903702,14623.589362165294,4227.776476487841,1.0,290771992.3403088,ok,29247.178724330588
1030,290773447.6644406,0.09913005604057466,22442.635904323695,224363.27826725377,0.05001405773183347,290772886.4407967,ok,44885.27180864733
1031,290772972.1278697,0.04051166946168352,60653.852644215054,2229755.948043698,0.013601007028915072,290772559.6511317,ok,121307.70528843011
1032,290772252.98075056,0.023246985694818374,30400.67550716325,206761.10265049536,0.0735164281807684,290771135.5062118,ok,60801.35101432649
1033,290771747.34912133,0.03423738531615589,12657.069043223444,7364.071928108394,0.8593797811039755,290766308.7345094,ok,25314.138086446867
1034,290766183.4796939,0.02664128988490632,30194.14802956951,61027.090681484224,0.24738315142008313,290762448.7179469,ok,60388.29605913902
1035,290763479.95687896,0.03627737848714546,18728.032089168075,10273.820938720519,0.9114443497153468,290754945.17736447,ok,37456.064178336135
1036,290755449.37050724,0.01613768618070356,116853.77135441339,2567190.219595492,0.02275907925763792,290754119.6283853,ok,233707.54270882648
1037,290754205.9131558,0.03197550813888122,32170.294129735747,141798.09098336546,0.11343697897001198,290752381.26266646,ok,64340.58825947149
1038,290751931.9429753,0.026833045867664388,16193.360587283796,3070.955771724443,1.0000002815163649,290738809.53533006,ok,32386.721174567592
1039,290738953.91121083,0.027356171584375193,12407.517923402256,1526.4394255970838,1.0000000000105225,290728072.83271295,ok,24815.035846804512
1040,290728121.8708071,0.02355744378332386,16202.898166413117,14472.295739524328,0.5597901831898879,290723586.75914073,ok,32405.796332826227
1041,290723523.9278753,0.024287500243459142,20815.80642419399,19151.591710038578,0.5434484699588465,290717867.7687992,ok,41631.61284838798
1042,290716675.68870926,0.030632590761058322,15491.472068638384,884.4253184500781,1.000000038132254,290702068.6414358,ok,30982.94413727677
1043,290701648.1455798,0.03894110137293875,28995.28686429966,85371.75644863593,0.1698177949621121,290699186.18774,ok,57990.57372859841
1044,290698547.9009506,0.030379789986303654,15971.779149765938,1375.637614835387,1.0000007380069618,290683951.7496588,ok,31943.558299531876
1045,290683946.5215024,0.03127383634088302,31197.353483348896,231953.60826763077,0.06724912303876089,290682897.52417094,ok,62394.70696669743
1046,290682529.52405995,0.028822223216806005,30678.885349518507,386766.6295730749,0.039660719156901954,290681921.15073204,ok,61357.770699036206
1047,290681748.19489765,0.03710386366937212,12450.743503794145,3572.0884963388053,1.0000000262481754,290672869.5397509,ok,24901.487007579424
1048,290671936.6452151,0.03616231166985661,42058.70297772906,558484.4721227397,0.03765431724347539,290671144.79934275,ok,84117.40595542642
1049,290671590.2863868,0.03317391647262817,20697.563481399317,17706.903054263767,0.5844489976019666,290665541.9512721,ok,41395.12696279819
1050,290664534.0842614,0.015201500444047241,37908.33970934627,95524.7189986385,0.1984216237782734,290660773.16710144,ok,75816.67941869254
1051,290661298.66599447,0.05406790414554761,30276.93690033627,752204.1943035141,0.02012547731694749,290660993.99709105,ok,60553.8738006254
1052,290660709.3003874,0.07166479674456379,23959.370688430834,346074.9624573402,0.03461586836317904,290660294.61317647,ok,47918.74137683552
1053,290662476.79746616,0.026744665607818126,20381.80825292971,37179.258448246765,0.2741018662502512,290659683.45162636,ok,40763.61650585942
1054,290660074.8802037,0.03239598720570723,61146.925074986895,3537285.9457969368,0.008643197922356646,290659810.6277158,ok,122293.85014981337
1055,290659848.4188176,0.036326064286568475,12942.684422385828,2968.006031423732,1.0000000021231925,290649873.74041176,ok,25885.368844771656
1056,290649349.73318255,0.03313666383472535,12537.789567644959,2110.3698191003537,1.000000000930248,290638922.31342626,ok,25075.579135289918
1057,290638850.8630122,0.02831515935073952,15860.613012355658,3040.606967214767,1.000000000027357,290626030.8569668,ok,31721.226024711315
1058,290625634.1054928,0.03675529476191531,12988.933160129523,4297.575385808265,1.0000095667622262,290616942.7056846,ok,25977.866320250738
1059,290616469.55317223,0.018647388093907563,91238.01854219414,2253479.423279729,0.020243809994369887,290615546.0506164,ok,182476.03708438817
1060,290615273.07736504,0.027795774137991246,76171.15269391716,2155584.306509492,0.017668330685070736,290614600.1688078,ok,152342.30538767524
1061,290614112.87778556,0.02689069074821987,20470.026192364057,15625.949136536045,0.6550010502882594,290607408.93345785,ok,40940.052384728115
1062,290608534.38515437,0.01831951175808382,26022.0917348654,53529.82393434261,0.24306162268330064,290605371.899233,ok,52044.1834697308
1063,290605285.2431303,0.031454113317896035,23863.198287216197,169781.0572293779,0.07027638617827811,290604446.73346114,ok,47726.396574432365
1064,290603074.7833479,0.02885268952692344,14059.499515901987,544.6238895750794,1.0002038282881922,290589557.26404,ok,28118.9990317915
1065,290589163.2198529,0.01810154654024807,26444.38945990809,123594.11412441637,0.10698077997989357,290587748.6991477,ok,52888.77891981464
1066,290587395.412715,0.03589742399366949,23591.584713984314,20377.277885593077,0.5788698776754617,290580567.1838363,ok,47183.169427958564
1067,290579536.1366763,0.02401047171341896,19890.942072432248,17910.2400937947,0.5552952380388189,290574013.4639699,ok,39781.884144864496
1068,290572198.2455174,0.026952429289213212,15075.404619514722,7152.988101300143,1.000000005737128,290564275.82899475,ok,30150.809239015303
1069,290563156.1372591,0.023115117604445134,15739.604393127318,21029.361565548923,0.37422924952016895,290560211.02708924,ok,31479.208786254636
1070,290559625.2444501,0.01462487290044943,45323.75183779203,427290.61567584664,0.05303621256238372,290558423.3443818,ok,90647.50367547607
1071,290558366.4961816,0.034857395414216105,16972.14819151853,3171.3440518753205,1.0000002431210204,290544565.6894577,ok,33944.29638302558
1072,290545328.90854883,0.012096267734890314,35780.47966009668,124360.8926636782,0.14385744140990314,290542755.2644206,ok,71560.95932019336
1073,290544564.8358462,0.02920916174362171,19788.998045367396,4496.840232353902,1.0000019504168725,290529272.65697783,ok,39577.99609073479
1074,290529094.9063496,0.04742986081062928,29976.75357415282,34205.795960786316,0.4381823713226599,290522527.2638667,ok,59953.50714830564
1075,290524067.4331147,0.05214825072355333,32820.59028673939,833829.5365634991,0.019680635458180357,290523744.4680782,ok,65641.18057347878
1076,290523807.40569293,0.031746294955158356,23977.905351607347,25556.113559917965,0.4691226875203382,290518183.11599314,ok,47955.810703214695
1077,290524536.4908188,0.0075261026641372415,50454.93458655397,85426.26636969499,0.29531276930799405,290517086.4975898,ok,100909.86917306362
1078,290518401.22694683,0.01597492574122983,24801.898712230937,52121.05595013283,0.23792590403349004,290515450.71986043,ok,49603.79742444808
1079,290514971.5193261,0.04145535027960471,15076.889306109053,2584.1648203110744,1.0000000000041969,290502478.7948402,ok,30153.778612207858
1080,290502484.4442455,0.02997562257674508,16618.17406438946,1297.1259467467703,1.0000000374057447,290487163.3956033,ok,33236.34812877892
1081,290487682.48817325,0.05387943333949323,27074.34901080961,41405.855579374336,0.3269386495215457,290483256.66262215,ok,54148.69802161922
1082,290486156.6208143,0.018006084086699584,26280.68170586636,54967.76937197472,0.23905537741600213,290483015.35167235,ok,52561.36341173271
1083,290483923.12988925,0.02878228720591,16288.874007016548,4019.0366440690796,1.000000051387956,290471653.2921023,ok,32577.748014019853
1084,290471660.40563446,0.03793540076228255,24120.236378881098,24132.712418734864,0.4997415118608035,290465633.4639373,ok,48240.472757762196
1085,290465370.72070545,0.037840551690449156,15143.15976895078,1719.4542303579683,1.000000000163209,290451947.0151649,ok,30286.319537901556
1086,290451345.31987196,0.04095216219078504,46184.85317352435,3600362.778110795,0.006413916599504281,290451197.2069738,ok,92369.70634704865
1087,290451808.0129411,0.01825578419257575,82098.9394926591,1956769.3709455975,0.020978184938827325,290450946.8695732,ok,164197.87898512167
1088,290450956.1784313,0.035201674827908466,15260.80978840835,2476.903347683653,1.0000000000000688,290438172.27199054,ok,30521.6195768167
1089,290440062.2721066,0.03475405180854276,13472.690661919325,4971.247190722592,1.000005635738131,290431560.80874026,ok,26945.38132382526
1090,290430873.50252795,0.030712119434383896,18653.368491317688,5457.584940249443,1.000001760708747,290417677.7053522,ok,37306.73698261838
1091,290416575.5699784,0.03323501412839284,20843.509094959947,23467.52523359227,0.4440926106925793,290411947.3457934,ok,41687.018189919894
1092,290412782.67485434,0.03265080590958974,9948.016893041353,1465.5108680800229,1.0000004211763005,290404300.16587394,ok,19896.033786082702
1093,290404908.14459157,0.024258711210862528,16266.49620046476,3791.885081172337,1.00000000015057,290392433.533471,ok,32532.992400929514
1094,290392320.0850941,0.02228177886518253,25806.101750622052,37962.81012471995,0.33988661094688155,290387934.5108612,ok,51612.20350122117
1095,290385433.53258276,0.046592889137019,11233.178111974834,65600.26407985375,0.08561839094352529,290384952.6492652,ok,22466.356223931034
1096,290386181.2918909,0.01147477994748347,66957.81220455837,663379.9932970186,0.05046716277331189,290384491.7064872,ok,133915.6244091167
1097,290383719.6045079,0.025035524473912107,20514.03106217461,8966.778824955049,1.0000011095094667,290372172.3494077,ok,41028.06212433174
1098,290370993.9196323,0.022481594685392216,29701.392818904853,128502.90665309895,0.11556700775292766,290369277.66908526,ok,59402.785637809706
1099,290369539.036482,0.03229902489170088,16492.64610985859,1998.420082012627,1.000000000838167,290355044.81044364,ok,32985.29221971717
final,290369539.036482,,,,,,noise_plateau,
