round,old_loss,beta,direction_gain,interaction,step,expected_loss,status,max_gain_sum
0,4920590974.905018,3.174714946654645e-05,544217941.9621569,53304257.29290225,1.0002335211367799,4429575102.091611,ok,1814059806.540523
1,4422278854.955369,3.939543024820094e-05,435906763.9610438,47197033.77046472,1.0041235475891497,4032161683.430397,ok,1453022546.5356152
2,4026822067.732748,5.001527390897298e-05,340279806.7483476,42829612.281970754,1.0027732672510032,3728666071.747398,ok,1134266022.494492
3,3727126433.7956886,6.593818831776655e-05,253532514.21377265,37314239.15552515,1.001610104569626,3510620201.266514,ok,845108380.7125753
4,3508734396.2363367,9.030081111942225e-05,179333181.08352217,30470059.485464256,1.001304158175138,3359716923.182792,ok,597777270.2779177
5,3360783891.972378,0.00012926915439942301,122564790.94164503,15545072.803881971,1.0002563164832812,3253740728.3964953,ok,408549303.13881665
6,3254051248.33251,0.00015032671744100867,100275016.36741014,2093948.8468311427,1.0000004875119881,3155870133.9683094,ok,334250054.5580338
7,3156589609.6517773,0.00014092700991801107,102394232.33586882,1739656.4247412537,1.0000087294896978,3055934170.264012,ok,341314107.78601086
8,3054115973.054161,0.00013573919996727625,104978453.31220537,1509051.7491223523,1.0000005754906436,2950646512.8138514,ok,349928177.7071314
9,2949342390.0369444,0.0001287301288755153,107733689.56209892,1658901.520800355,1.0000005294644094,2843267546.7111506,ok,359112298.540117
10,2843501110.490618,0.00012406178004598095,110563626.08158013,1738930.8062768143,1.000000019753972,2734676413.099946,ok,368545420.27193373
11,2735972226.5342216,0.00011906120615642879,112394172.39847884,1847054.4843357117,1.0000000646141656,2625425101.5965147,ok,374647241.32825744
12,2626657572.7925906,0.00011576547657838838,113920889.87056065,1905097.3673963775,1.0000000953151114,2514641769.7942133,ok,379736299.56853545
13,2513909820.580426,0.00011524397430132535,113657524.70115927,1950585.1933749674,1.0000000014879646,2402202880.9093285,ok,378858415.6705309
14,2401559157.580763,0.00011365109105351854,112710093.88486119,2061116.610768877,1.0000002613188308,2290910151.9306183,ok,375700312.9493415
15,2289171147.9970055,0.00011386185484493724,112473434.35703166,2092556.8974157227,1.0000001568105552,2178790253.556638,ok,374911447.8567716
16,2176453530.2820187,0.00011483419788996599,109690278.81119853,2209823.403078003,1.0000000233757993,2068973072.4131129,ok,365634262.7039951
17,2068180968.1248126,0.00011769879741514983,108418640.69268481,2199328.4582541487,1.0000016399896607,1961961485.2986898,ok,361395468.97561604
18,1961140409.5019977,0.00011817275144753863,106079100.8296507,2322157.3262547273,1.0000004295386231,1857383422.428444,ok,353597002.76550233
19,1856953852.7774496,0.00012158930163086982,103471786.66020732,2400923.6440292206,1.0000002227032485,1755882967.7871556,ok,344905955.5340244
20,1757745474.343976,0.00012668384141660763,99393884.41574511,2367390.808790004,1.0000011242759277,1660718874.3140733,ok,331312948.0524837
21,1662295756.0703802,0.00012970682354764237,96036618.03691301,2398288.4219460813,1.000001891193744,1568657253.9028268,ok,320122060.12287796
22,1568182046.1392326,0.00013632247410111527,91990177.3529169,2384713.004690322,1.0000002610678718,1478576559.0204701,ok,306633924.50972277
23,1478753958.2185721,0.00014293098557509215,87381627.06325175,2360636.722314495,1.000005369603973,1393732524.0243397,ok,291272090.21083903
24,1392926856.2064574,0.000149420543105767,82918684.69731687,2412114.4164198153,1.0000008517399972,1312420219.4093904,ok,276395615.65772283
25,1313313355.7969348,0.0001587498265159358,79011041.10905795,2338454.594195537,1.0000039139041004,1236640478.3454447,ok,263370137.03019282
26,1237819296.0647922,0.0001685174818945489,73888447.59223557,2275990.0627340074,1.0000005055318044,1166206803.4835017,ok,246294825.30745158
27,1165151565.7241936,0.00017859922466928964,69945008.56572887,2232190.766646761,1.0000019641820466,1097438619.309248,ok,233150028.5524295
28,1097307496.040027,0.00019333657118534501,65188109.86776663,2114663.448687151,1.0000001972920958,1034234037.5942614,ok,217293699.5592215
29,1032960807.199219,0.0002084166894049719,60775871.28576977,2093211.4692940994,1.0000043993087386,974277898.4283291,ok,202586237.61923254
30,974037862.6723254,0.00022107656012071403,57645479.75344795,1969326.027917696,1.0000000710872943,918361705.128922,ok,192151599.17815977
31,918121686.0377816,0.00023820539129687512,53332394.1584284,1857125.5915593223,1.0000002889050426,866646403.135981,ok,177774647.1947612
32,866318813.757225,0.00025559290764060733,49678254.742451064,1837643.7261263332,1.0000173660619804,818477403.8510733,ok,165594182.4748363
33,818464776.738045,0.00027207617709792053,46538508.30660081,1894085.1319854797,1.000001197177363,773820302.3836954,ok,155128361.02200252
34,774884665.2236958,0.0002923338445301172,43822620.43092057,1850713.9666035275,1.0000015317744375,732912697.302766,ok,146075401.43640175
35,733140449.6404169,0.00030907489963956776,40051592.51038534,1968242.6606772519,1.0000067490616227,695056856.0477146,ok,133505308.36795099
36,695360512.6111789,0.00033561990086711783,38174765.89023524,2445109.8667167444,1.0000233875256614,659630078.1458204,ok,127249219.63411646
37,659933605.6359303,0.00035426849891051276,34994637.78088968,2715576.1410737094,1.00004814816738,627653120.5747616,ok,116648792.60296558
38,626885119.7256675,0.0003700147180436514,34386417.13563346,6341191.732173819,1.0000126933113387,598839618.8271729,ok,114621390.45211151
39,598649274.5758125,0.0003344280614357367,40194010.44927923,61614585.5829285,0.3261728539517739,592094177.025808,ok,133980034.8308325
40,591947701.557695,0.00037614587707629406,32972660.68381885,14655948.521424301,1.0002217810558593,573630178.2281547,ok,109908868.94605853
41,573159057.2177712,0.00018841960234852056,61042685.924738765,155681495.87842,0.19604990811628076,567175350.7344131,ok,203475619.74894953
42,567384297.7393974,0.0003670777374461864,8379929.419690539,287469.1355522611,1.000018427874847,559291693.6259567,ok,27933098.065616183
43,559421310.25441,0.00038730630225289683,8077507.426043313,202287.5803224544,1.0000081639730596,551546027.7670904,ok,26925024.753477708
44,551338150.7707415,0.0004146403337768723,7405007.393109106,145595.0026087485,1.0000766245119947,544078193.2883102,ok,24683357.977030344
45,544066064.61008,0.0004272651001651127,7191406.673760582,113847.02529362516,1.0006346758342106,536984085.3073539,ok,23971355.579201937
46,536999667.1983987,0.0004446843970615415,6812402.664116718,91330.007279324,1.0011010428397342,530271295.0216067,ok,22708008.880389057
47,530069790.8863553,0.00046012288659934064,6133749.217604136,85706.25831154796,1.0002096494583597,524020497.9301698,ok,20445830.725347117
48,524068060.2882947,0.00047466437125776414,6227302.072453624,75189.33659170043,1.000162618202995,517914959.3360582,ok,20757673.57482997
49,517896423.32340145,0.0004957446570608244,5973472.385574803,77669.17688644207,1.000437124825699,511998076.87872946,ok,19911574.61858246
50,512028569.3433031,0.0005226741078493843,5690930.708503002,73280.41060126429,1.0000522227294155,506410629.50347275,ok,18969769.028343152
51,506449334.60132337,0.0005239279804381148,5571544.53849545,65780.67572978619,1.0013440984052402,500936258.9846709,ok,18571815.12830378
52,501207792.5419059,0.0005550243022788386,4905041.859714163,53415.07062439576,1.0000603866198874,496355876.00522375,ok,16350139.532379912
53,496293924.01872575,0.0005644163190535034,5057416.813330445,56254.38265227055,1.000005123542774,491292736.25260115,ok,16858056.04443482
54,491200110.7792949,0.000579819892561163,4831311.658277426,55476.308203554705,1.0000122560571791,486424217.57623905,ok,16104372.194258073
55,486374789.495026,0.0006021177155290409,4670680.976035185,55210.85006545461,1.0001668222043183,481758558.61808807,ok,15568936.58678395
56,481918458.931842,0.0006169991889277159,4502276.486059761,52463.08632171206,1.000608158368003,477465971.26611763,ok,15007588.28686587
57,477379941.39479935,0.000640501218517901,4307180.235691302,51878.49239804913,1.0001292293664539,473124096.44664884,ok,14357267.45230434
58,473182702.08311427,0.000651230129670322,4317837.549966581,45986.19035893594,1.0000298373032603,468910724.63512695,ok,14392791.833221938
59,468911884.2018962,0.0006776584535581021,3843878.0281909406,40557.68109546812,1.000009547628009,465108527.9293462,ok,12812926.760636438
60,465132942.4997447,0.0006658078203832857,4015956.6014839234,37557.183592741116,1.0000572607276783,461154317.4264827,ok,13386522.004946407
61,461012734.2956821,0.0006987175048937833,3839031.399342687,42335.12940002446,1.0002569184260381,457215073.4639788,ok,12796771.331142288
62,457171252.90658176,0.0007320756971037994,3552192.5126414504,40912.38673518132,1.0000311911314936,453659864.5360188,ok,11840641.708804835
63,453574851.9901204,0.0007375725616311204,3514582.6132865073,54412.116477911055,1.0000302714005005,450114578.3962858,ok,11715275.377621688
64,450202766.0680226,0.0007404149354845864,3449923.0726759853,46267.28529922479,1.0001697644906058,446798540.3166304,ok,11499743.575586615
65,446839618.58649874,0.0007793258509671309,3245322.819032236,30551.33917957612,1.0000387239770918,443624723.80102414,ok,10817742.730107408
66,443540971.26727474,0.0007907687315769356,3236659.854302493,44876.96388705853,1.0000603649211393,440348998.4142948,ok,10788866.181000326
67,440261749.7367041,0.0007901938115190195,3189925.2958047064,40305.75813370267,1.0000386483958263,437112010.02910364,ok,10633084.31934902
68,437038312.44282496,0.0008215347575815978,3051595.617238481,39296.8696763179,1.0001709541426635,434025505.4494241,ok,10171985.39079493
69,433922325.93270165,0.0008339629160133296,3008375.754349988,63500.36981932011,1.0000782105300374,430977225.19469225,ok,10027919.181159053
70,431065857.9684666,0.0008330750608471302,2938318.925358679,44339.35100993124,1.000001706029325,428171873.5325482,ok,9794396.417862248
71,428200505.1334827,0.0008384875980382688,2864899.5564599144,30833.152937092276,1.0000016794735729,425366434.0220038,ok,9549665.188199716
72,425406398.2255776,0.0009021690490405757,2724776.411947117,37851.84024251095,1.000007820712634,422719452.93623877,ok,9082588.03982372
73,422649632.8750186,0.0009003261468827463,2631293.664077953,42610.68104191033,1.0011178494915636,420058103.8196001,ok,8770978.880253643
74,420079619.6903252,0.0009052192263475686,2669905.236406192,33014.11651164228,1.0000166879428325,417442685.1170893,ok,8899684.12134755
75,417496898.6785062,0.0009363898539868905,2521649.049443058,36784.47032424306,1.0000581222355742,415011891.81162286,ok,8405496.831476854
76,415064003.73593956,0.0009487918391332879,2390810.6822474063,40803.18591424631,1.000326896614946,412713241.37289435,ok,7969368.9408246875
77,412807803.3987537,0.0009542229100148365,2410888.3775941143,37715.25908800664,1.0000912053019284,410434417.2744221,ok,8036294.591974653
78,410378420.64867455,0.0009952312336569714,2398502.2027293835,54940.355616123124,1.000210831380337,408034376.29077524,ok,7995007.342431277
79,408054758.314087,0.0009608943376316379,2383398.8390142526,50835.763161634226,1.000010070604648,405722172.2598659,ok,7944662.7967085
80,405763640.069401,0.0010141930330271557,2361583.5529242386,69424.75363419269,1.0000064953115666,403471466.83276373,ok,7871945.176413976
81,403563918.9127446,0.0010177831592760058,2187066.3873130362,47188.797020231825,1.0000227549015792,401423993.70354867,ok,7290221.291038163
82,401383500.25880295,0.0010547916103343148,2160019.3154163063,39059.37405993424,1.000002124073051,399262535.8953379,ok,7200064.384721018
83,399303044.43492955,0.0010640245825538923,2133687.7000799724,39665.37951526361,1.000024764210671,397208971.2398611,ok,7112292.333599908
84,397190044.1771527,0.0011122582701365287,2036587.2255041508,34898.21000520848,1.0000056672720314,395188344.0153163,ok,6788624.085008679
85,395147087.253483,0.0011125419821274172,1999583.0236591017,44898.21938269526,1.0000064704158258,393192390.0920951,ok,6665276.745525699
86,393147693.3852492,0.001134990715299839,1998304.0043705306,47740.868651589306,1.0002799066529677,391196597.6406587,ok,6661013.347897121
87,391164764.66301984,0.0011806554536249667,1897886.9336467723,40257.047382947094,1.0000070754314025,389307121.91806114,ok,6326289.778818477
88,389286131.0005747,0.0011335094553994243,1828520.7066980402,40003.51912057007,1.000111869308244,387497418.20848334,ok,6095069.022322463
89,387448012.8144615,0.0011759222036470856,1701979.060745872,33339.09505764136,1.000123920960197,385779170.2012312,ok,5673263.535819411
90,385761323.44228727,0.0012167551106832388,1814993.1123319496,37522.30087583355,1.000230408163894,383983451.7344816,ok,6049977.041106354
91,383992594.42926407,0.0012081583504802425,1714049.203396658,46055.20542426553,1.0000237378059729,382324561.9300493,ok,5713497.344655527
92,382301232.51704836,0.0012635603263296935,1740740.1528911274,49975.41695084844,1.0000358065977142,380610409.0300891,ok,5802467.17630361
93,380580156.332199,0.0012672685554385318,1475840.8811506457,27588.092975984488,1.0001969319313275,379131623.7708521,ok,4919469.603835485
94,379092338.6256217,0.0013105031493749403,1606077.4939333936,39940.3757138008,1.0000669949769287,377526099.2600658,ok,5353591.646444643
95,377497643.74559283,0.0012908872596968143,1532425.7237116974,28635.570796342952,1.0000820614872903,375993732.53949136,ok,5108085.745702054
96,375979325.2636451,0.0013413492296384347,1418858.853154676,31201.132603664675,1.0000046058437608,374591661.2954676,ok,4729529.51051225
97,374521260.8768077,0.0013033599903620413,1519217.975425472,83018.82008841264,1.0002043533595986,373084785.1979899,ok,5064059.918084906
98,373076708.3063812,0.0013432140700546506,1524631.4365511478,56189.107747406335,1.0002153638399063,371607961.83190703,ok,5082104.7885037605
99,371609574.3045675,0.0013511927005575998,1415832.6394830504,27441.4373274888,1.0000140743580113,370221163.9479231,ok,4719442.131610168
100,370294525.9841573,0.0014081771841825631,1409123.503665565,35625.71611197586,1.0001560530967115,368920819.4183916,ok,4697078.3455518335
101,368909070.28089464,0.001379813941563317,1412632.2800026822,61521.76110648099,1.000063174225353,367557878.2934732,ok,4708774.266675607
102,367590534.643367,0.001429122672153336,1409595.2903272784,46062.12177011823,1.000126437552407,366226834.8977317,ok,4698650.967754493
103,366295560.5218375,0.0014709705784724458,1317956.484723766,35451.38782603873,1.0002851651589593,365012699.8115535,ok,4393188.282412516
104,365040364.2025789,0.0015450915230323366,1204363.1398704352,19637.54055927384,1.0013289397846876,363854090.3060753,ok,4014543.799565219
105,363845015.98616886,0.0014565350827087237,1298406.4171328084,31762.77607584043,1.000134820946562,362578205.85788214,ok,4328021.390442695
106,362513021.367332,0.001564381725172734,1214965.0946651788,28832.056750180076,1.00007755617889,361326798.57374847,ok,4049883.6488839295
107,361383879.4626752,0.0015761434724837254,1241124.0272291643,42081.946181096304,1.0000596492824334,360184768.36993504,ok,4137080.09076388
108,360151275.7908296,0.001563565733673175,1249779.0833019437,49153.73992874434,1.0000111851773064,358950637.5680485,ok,4165930.277673145
109,358915667.8501437,0.001648983516718581,1146564.0383343452,26446.880737378917,1.0000101753249633,357795539.56409895,ok,3821880.1277787164
110,357784735.78870463,0.0016596763774742026,1106950.0552187199,34025.30510023791,1.0000026019062727,356711808.3354674,ok,3689833.517395733
111,356681488.73980474,0.001603989263988801,1099588.0105724626,54079.568124653495,1.0000313478608542,355635949.2182357,ok,3665293.368574875
112,355643711.8876285,0.0016650821446156365,1151937.2136960907,122503.20846180602,1.0000739764001154,354614210.7915891,ok,3839790.7123203026
113,354658059.4380336,0.001678907040531422,1091374.7654443718,72859.90729523501,1.0000064875409014,353639538.4449123,ok,3637915.884814573
114,353624069.62537783,0.0017235719275880182,1077371.0275145206,41056.58860285299,1.0000252408482617,352587730.06534,ok,3591236.758381688
115,352563938.7735514,0.0017740589103666365,1000220.1502968036,42306.53230771975,1.00007137293521,351605959.80621266,ok,3334067.1676537497
116,351626773.65408623,0.0017693485715771383,1067989.1910485937,54826.81794160823,1.0007378354432699,350612904.2168879,ok,3559963.970159537
117,350642567.5113138,0.0017878199682144695,1010098.3032145698,56513.87149696533,1.0001187411823655,349688876.56117404,ok,3366994.3440463413
118,349644649.2103507,0.0018007014180940139,980132.9287124096,51639.75751702339,1.0001638675687665,348716012.3527049,ok,3267109.762372442
119,348698626.11650944,0.0017845898417291055,960611.5843591217,44507.38922265256,1.0000131007225845,347782510.50283265,ok,3202038.6145304055
120,347798301.0590736,0.0019662726887109887,820205.0237592709,92493.4022053231,1.001239208247889,347069802.4118993,ok,2734016.745864236
121,347069497.99559486,0.001902951679963764,908626.8559840012,75460.3684320784,1.0000003795736803,346236331.22043765,ok,3028756.186613337
122,346262683.28581053,0.0019710264847157006,977044.0143228339,110640.95130229196,1.000267129973002,345396078.3439727,ok,3256813.3810761105
123,345421673.4013389,0.0018717508996203027,758103.6022538305,445135.4975598574,0.8515425150427239,345098894.6772758,ok,2527012.0075127026
124,345001477.3779475,0.0015847582786604605,1114415.2064356497,1270036.845382583,0.4387334156828913,344757011.7829433,ok,3714717.354785499
125,344753719.95062846,0.0017647388904154773,965023.4429439807,829685.4909772212,0.5815597918961772,344473110.5343017,ok,3216744.8098109877
126,344504977.4971851,0.0011452187161734076,1694981.4775464172,5971207.436185614,0.14192954236314098,344384693.524474,ok,5649938.258487968
127,344421467.3801965,0.0019743984009468027,875620.7973084365,59997.64944080952,1.0020915330575595,343604264.0790801,ok,2918735.9910260066
128,343615907.2852959,0.001994352112385189,924355.2167445915,91841.66332431008,1.0000349390629675,342783367.8536059,ok,3081184.055815304
129,342809885.2348118,0.0019877478619389306,885610.8789318702,102715.3625192093,1.000017627660765,342026977.728446,ok,2952036.263106234
130,342006381.7732523,0.002085412645096619,990991.8240612277,291262.807698665,1.000408675324743,341306485.8754747,ok,3303306.080204089
131,341261224.9487272,0.001437306818931741,1313887.424436166,2426678.11723456,0.2707172853096542,341083378.9303543,ok,4379624.74812055
132,341067551.75226283,0.002216842091122294,716393.6589773678,34193.05401671445,1.0005590875259873,340384988.8650517,ok,2387978.8632562393
133,340392868.8465396,0.002242125556188067,779029.9134844908,45091.04767589442,1.0000043321443428,339658926.9965437,ok,2596766.3782799
134,339650007.7512733,0.002219959609015416,774746.593559688,77177.04161964645,1.0003720457723986,338952207.3956052,ok,2582488.64519896
135,338910820.18214715,0.0021863536427611818,796407.7796967144,80819.53499451735,1.0001641266663677,338195127.7571498,ok,2654692.59898726
136,338207598.7400767,0.0020950438129358137,814913.3246633394,209257.8611757781,1.000337651480932,337601809.4562089,ok,2716377.748875747
137,337618754.0037815,0.0012006643399590038,1388186.7386962576,4176131.2935582497,0.16620487253807825,337503392.3037995,ok,4627289.1289874865
138,337483734.93631583,0.0023306864905310075,750332.0133279795,65565.05895431954,1.000010298092514,336798961.60535073,ok,2501106.7110932646
139,336793012.9296342,0.002303918205908537,777593.5386370363,45638.404966328744,1.0000001535207796,336061057.6905996,ok,2591978.4621234545
140,336089707.9608013,0.0023862976788413493,805851.2346674355,119537.60742040195,1.00032161740926,335403212.0608838,ok,2686170.7822246943
141,335419729.82156074,0.0021315595168754343,836643.0083090684,427007.7009724524,0.9796579855629381,335009917.81948304,ok,2788810.0276968945
142,334914747.03379285,0.0012197062265826284,1501895.880602304,3480752.0114141786,0.21574301697984305,334752735.2595575,ok,5006319.602007676
143,334770372.5426156,0.0021905266800988704,798084.4795259404,427390.08937103115,0.9336721877435691,334397797.901614,ok,2660281.5984198004
144,334353168.46512675,0.0008845451914283005,1056942.250964969,2022121.7104535461,0.2613448650249408,334215055.25016797,ok,3523140.8365469305
145,334209204.36819416,0.002395891822317064,671431.0190909798,206318.63471970658,1.0002746286625608,333744020.9272023,ok,2238103.3969682762
146,333710401.8454812,0.001140300256341684,1386591.2494327626,4475655.709163163,0.15490369898135228,333603007.788725,ok,4621970.831442542
147,333620716.38155776,0.002321120624612261,700685.0451079279,410721.12165789906,0.8529936837428436,333321876.4226727,ok,2335616.8170263893
148,333305196.8643104,0.0013213462273188024,990676.6027731813,1657333.1193368095,0.2988767288888807,333157151.7730986,ok,3302255.3425772707
149,333164444.9554815,0.002491102541516926,657837.8926118466,42545.856473178064,1.0000847248246698,332549104.39382863,ok,2192792.9753712476
150,332546253.58971834,0.0026348628118576223,659484.1098640347,146556.51178158078,1.000412248984285,332033174.98043483,ok,2198280.366211967
151,332033600.7900138,0.001644244573019152,1004848.3873659235,2701147.3461283357,0.18600399360038866,331940147.8835073,ok,3349494.624553078
152,331915404.6039658,0.002533418674965923,597434.8910753168,30211.23009845607,1.0000802011264813,331348137.8741814,ok,1991449.6369177229
153,331348578.0381769,0.0025187342188268983,623872.6951181733,39202.82143481933,1.0001020440608883,330763852.5032287,ok,2079575.650392558
154,330816978.02246946,0.0026397004898096174,631215.7012417053,74624.02563384219,1.0002548963236317,330260263.499928,ok,2104052.337470918
155,330249649.9573643,0.0023883800996259566,711674.8822716712,426851.2112289835,0.8336334342622899,329953011.9692712,ok,2372249.6075722375
156,329894462.6914288,0.00204172094059952,660207.4774126487,373041.55781374616,0.8848980275574015,329602354.5441582,ok,2200691.5913754953
157,329587715.674016,0.002191912600862244,785870.4453387307,1483342.9047071757,0.2648984408274323,329483627.7461847,ok,2619568.1511291023
158,329507467.79434437,0.0026430794855675796,568279.4508290226,43211.39885608755,1.0001194131916438,328982342.2029467,ok,1894264.8360955077
159,328979862.95700145,0.002710148696850243,574283.3157230129,40377.940851656254,1.0000026933118853,328445956.2529071,ok,1914277.7190766353
160,328459340.332625,0.0026847739486673787,626750.5609710063,171771.0192384601,1.0000579319455762,328004344.3846482,ok,2089168.5365685613
161,328011833.7431673,0.0013442369898864466,1169399.7023494642,4464962.751806089,0.13095290681612506,327935265.598041,ok,3897999.0078315474
162,327919436.1429157,0.002745391815876118,490887.07110430306,294423.9509578365,0.8336398406232266,327714824.633056,ok,1636290.2370142972
163,327730802.82952076,0.0011700098881438391,1295308.7482459522,5201205.452187763,0.12452005214494186,327650156.87308306,ok,4317695.827486506
164,327638086.3836659,0.0025887762653031983,576836.2768637098,330319.6359617213,0.8731486325120493,327386254.4805025,ok,1922787.5895456988
165,327374322.5839812,0.0012701065100654471,1041628.2113111583,2681620.568484139,0.1942161809826749,327273172.0573789,ok,3472094.0377037786
166,327282898.02058053,0.0028669852391633565,515930.80638006923,78768.06718148281,1.0003992894032772,326845592.19074535,ok,1719769.3546002307
167,326874187.4158765,0.00217148829962275,822314.8552798197,1641119.91463417,0.2505346647576103,326771178.22758013,ok,2741049.5175993987
168,326788303.3262868,0.002533945263281748,621149.4714077314,630259.4023653945,0.492772871833825,326635260.52185494,ok,2070498.2380257715
169,326595850.42105794,0.0023901468601704627,669352.5681268752,1243851.8290382642,0.2690644305457238,326505800.9372692,ok,2231175.227087985
170,326510197.6343641,0.002396986311464555,597218.2650097772,575811.495117036,0.5185883488557224,326355342.4173852,ok,1990727.5500325905
171,326382512.3975568,0.0017930866445980513,835759.1194796867,2528569.6691947887,0.16526321771189922,326313452.27689815,ok,2785863.7315970846
172,326321996.9723724,0.003005844134495311,516320.79349950375,36734.284537713844,1.0003460928553267,325842257.19981986,ok,1721069.311663811
173,325813619.49344826,0.0029148749884012008,594323.458901129,135161.84802715504,1.0002819733606219,325354366.5340189,ok,1981078.196335784
174,325344535.7780532,0.0017643048956760598,944349.748916804,3812083.120901336,0.12386269120668074,325286050.9273826,ok,3147832.4963893467
175,325272744.9240395,0.0029492661039917803,504464.468394068,57646.316658986594,1.000376798910625,324825780.14096534,ok,1681548.2279789913
176,324845438.2305559,0.0028718959329849434,629334.8820926717,799349.7091136783,0.3936542885531793,324721568.04291993,ok,2097782.9403089057
177,324713708.9535642,0.002797287649934296,516453.3331432645,124278.0746467968,1.0004791640798802,324321405.35689414,ok,1721511.1104764123
178,324347816.119042,0.0027276378628105407,643697.8560739292,795836.4711099358,0.4044159066850617,324217655.29299426,ok,2145659.5202464303
179,324196390.80971754,0.002714327667338466,513123.75118641084,138352.18441419167,1.0003417079252421,323821538.47272325,ok,1710412.5039547025
180,323861838.8536081,0.002372591643793891,824515.8044421279,2439799.433127059,0.16897204607211438,323792178.7923604,ok,2748386.014804966
181,323799224.8858506,0.0028496784262862637,503383.92318092776,64242.46226585092,1.0003732825828915,323359943.49062055,ok,1677946.4106019943
182,323366975.3357734,0.003477465807198684,424869.5953626833,319756.5598527912,0.6643641580930878,323225841.2702622,ok,1416231.9845422446
183,323217080.10224044,0.0025238447300973965,610294.0183120046,498584.5114294358,0.6120266517729351,323030321.9999282,ok,2034313.3943733487
184,323035840.25972563,0.0025227996255289932,753008.645195195,1297080.5910903283,0.29027057006620327,322926552.1353729,ok,2510028.817317296
185,322921582.75136137,0.003089123693812346,432918.118882121,81839.52600744014,1.0000001449622902,322570504.1194572,ok,1443060.3962737364
186,322566613.9295601,0.002622222883375301,663350.198379992,2004815.8105197384,0.16543918770473529,322511741.8705683,ok,2211167.327933307
187,322510776.0526166,0.003052479157396364,456886.2759657534,58020.36358663709,1.0001222235194518,322111868.4817617,ok,1522954.253219178
188,322085827.9274648,0.0032301384170095866,462894.79224059475,91976.1254904585,1.000000042474671,321714909.2488666,ok,1542982.6408019825
189,321730373.9048921,0.002735187053879352,514964.0122731977,306217.2444885847,0.8408475053931764,321513870.8023485,ok,1716546.7075763764
190,321523357.8949034,0.0014796507544520116,1052409.3206371074,4846368.852722174,0.108577096855306,321466224.1205343,ok,3508031.0687903576
191,321460469.33629906,0.003493799372457076,490158.84810210834,594612.1098150223,0.41216688998697965,321359455.71228814,ok,1633862.8270070278
192,321360036.2996524,0.0020754255776712876,511843.865629753,458627.07880300214,0.5580174931729331,321217227.3842551,ok,1706146.2187658427
193,321217164.72606885,0.003107288696999128,453126.7819435847,176561.8454751665,1.0000146895781075,320940598.3206353,ok,1510422.6064775893
194,320925427.57023776,0.0025092601911728516,515657.58640608424,360372.3436572197,0.7154511097785147,320740963.6740078,ok,1718858.6213536141
195,320738354.7590816,0.0032419868106025205,367962.4826449221,257498.7050329833,0.71449385075119,320606901.29350317,ok,1226541.6088164067
196,320588935.33065176,0.0032199546570797484,405348.05046501546,105795.0109953362,1.0000008303175683,320289382.1303015,ok,1351160.1682167181
197,320326844.15732586,0.0031281184010502317,501850.4339435626,422174.8738330352,0.5943632189513464,320177703.43765044,ok,1672834.7798118754
198,320191713.1325873,0.001890176367058633,595817.3727834548,1203673.2509042965,0.24749963178787462,320117980.84239894,ok,1986057.909278183
199,320105520.6739333,0.0032849409006823044,462618.0489214562,247826.69323384357,0.9333499206337318,319889628.41431105,ok,1542060.1630704715
200,319882834.84561014,0.0011583895680783276,884785.7374201023,2712497.991900152,0.16309426588741813,319810683.1054541,ok,2949285.7914003404
201,319810717.89367396,0.003402206687808493,393703.48830370733,62008.06279533502,1.0005053815792047,319478886.18897784,ok,1312344.9610123574
202,319487928.8906172,0.0033598584874931867,456392.36162602523,230234.09351577814,0.9911485190066959,319261752.5839614,ok,1521307.8720856193
203,319288931.7660964,0.0009703945813905437,1505402.1109281587,5262884.342182905,0.14302063403351914,319181279.9839062,ok,5018007.036427164
204,319184675.95419776,0.0036394869356949867,404633.1471294671,112353.8938643648,1.00010629435368,318892377.5771523,ok,1348777.1570982237
205,318889494.64058864,0.0026013635595258113,622347.0424542831,1670192.3285700472,0.18630999310933014,318831519.903993,ok,2074490.1415142727
206,318849391.666003,0.0027165765449744597,577842.1188114268,1308243.3262922233,0.2208465761675721,318785584.4392505,ok,1926140.3960365932
207,318784193.4903411,0.0028562409909544235,557464.4736485048,1814179.47579393,0.1536409382551703,318741368.8079535,ok,1858214.91216168
208,318740076.176096,0.0035693619066413185,400661.8074785796,139319.76906917887,1.000448094017358,318478679.4882115,ok,1335539.3582619317
209,318518789.0163221,0.0010973232816714003,958579.8388923442,2525891.7376491013,0.18975077684535163,318427843.38177305,ok,3195266.12963821
210,318418793.015434,0.003340207102439629,458798.8729224275,364440.28984631685,0.629456848906444,318274395.9690183,ok,1529329.5764080912
211,318295653.02709186,0.0011280184177569297,1265885.7396886374,5305528.293245428,0.11929874554625043,318220143.736717,ok,4219619.132291349
212,318213769.4789561,0.0036446353465161255,403101.89028480486,44200.97870033819,1.0002960342337976,317854775.40929174,ok,1343672.967616016
213,317838812.8364847,0.0030010520585110993,510663.72025231266,836988.9018857785,0.305060030725474,317760921.2913894,ok,1702212.400841042
214,317756299.6445282,0.002508317405058482,572183.9606696025,2666277.0157105806,0.10730017123091609,317725601.9260505,ok,1907279.8688986273
215,317727895.16777754,0.003852270039820051,358509.79861659504,36624.08793184586,1.0000044870804,317406008.1771017,ok,1195032.6620553168
216,317397356.5513398,0.0035819152573963228,470448.0254724894,615426.0963105833,0.3822132570366916,317307450.8152987,ok,1568160.0849082964
217,317308365.803082,0.0026859162827141034,520317.76092373655,1232903.6175204597,0.21101315363571072,317253468.8572694,ok,1734392.536411369
218,317269342.34346575,0.003698418876192318,379548.83115417237,124263.5780813206,1.0000004996227467,317014057.02493155,ok,1265162.770513908
219,317050005.2253277,0.001864876424864381,781431.5723932897,2867333.841166778,0.13626449093128773,316996764.5376228,ok,2604771.9079776225
220,317000391.2284444,0.0036348603902141246,378388.0979076802,93839.27351942453,1.0000526947272346,316715832.3549289,ok,1261293.6596922674
221,316718233.3409892,0.00244547060779382,721324.0164573616,2594325.231999961,0.13901958157753685,316668094.2595143,ok,2404413.3881892646
222,316679318.76763844,0.003427815238574035,448181.70461751806,494754.5146604294,0.4529334158023033,316577820.5324522,ok,1493939.0153917265
223,316592903.66196346,0.0021556827019478366,572796.902021921,1458619.5581974385,0.19634897215068994,316536669.6204819,ok,1909323.0067397365
224,316544987.76428187,0.0039037900602211365,335024.8753952093,46706.079890185865,1.0002318128082126,316256612.9623646,ok,1116749.5846500013
225,316267028.1488551,0.0031443996770695436,354953.7364233488,892138.3163581353,0.19893425151400965,316231721.9209163,ok,1183179.1214102288
226,316235505.1621079,0.00392999056868047,385992.89024704817,181368.4062901623,1.0000145606719248,316030880.33956534,ok,1286642.9674901604
227,316010370.80915004,0.0014205915001466504,896320.2271039028,3067491.1361090904,0.14609988869288565,315944894.66644347,ok,2987734.090346342
228,315937889.446174,0.003425790664689433,425083.1908234825,468576.1771171056,0.4535902715315024,315841482.64619946,ok,1416943.9694116071
229,315895516.5070764,0.001713188418878682,739703.9395675367,2484617.935933673,0.14885667709099304,315840461.57183886,ok,2465679.7985566165
230,315839013.54567116,0.0037703659559493313,380191.927473936,180666.92254039788,1.0021065510842386,315639449.6169436,ok,1267306.42491312
231,315670413.8519365,0.0015655679771852528,1010514.5435515682,3095531.3283181163,0.16322150163807378,315587945.00132376,ok,3368381.8118358823
232,315588645.4686596,0.0036373466436649803,424670.0492343677,182961.00380311697,1.0001308916280351,315346928.7367361,ok,1415566.8307812256
233,315326565.9058378,0.0016518727082152327,849505.5969662846,3400210.6992845666,0.12491955235965639,315273505.97638774,ok,2831685.323218883
234,315272555.7612224,0.0037575201555431832,429463.6533818258,252590.3402859057,0.8501189176429275,315090008.1731324,ok,1431545.5112727527
235,315088889.2913633,0.0015850328455296477,1043463.9170675438,5365724.422666034,0.0972342068723951,315038159.0981753,ok,3478213.0568890455
236,315046593.9031136,0.0034841050293166515,444364.91108930996,583879.2529985007,0.3805280876202421,314962047.2382024,ok,1481216.3702977
237,314980294.9179992,0.0026823597262147325,485333.3594030965,1876635.335306344,0.12930944821090404,314948915.82354784,ok,1617777.8646758152
238,314950988.5387285,0.004049334724568426,324425.8556767972,22793.29713935132,1.0000430451653268,314649343.97755116,ok,1081419.5189226572
239,314650524.78715503,0.003957927930251824,361023.4910554319,76139.82318814666,1.0014350249158985,314365341.7234641,ok,1203411.6368514397
240,314364502.7590566,0.003071623521989295,549624.5594078815,1090941.4167780192,0.25190379197039736,314295276.5037192,ok,1832081.864691515
241,314282503.9603525,0.003512396904864178,409903.3187357507,525793.269290033,0.3897951368693194,314202614.8002376,ok,1366344.3957858356
242,314196721.6410956,0.002419164796757135,496302.98535985174,1785511.6636708663,0.1389806057999905,314162233.3963127,ok,1654343.2845316287
243,314166044.8671268,0.0037789291662650767,354701.2448896839,201766.8273088855,0.878988012104365,314010155.7960586,ok,1182337.4829656128
244,314025856.368528,0.001559819553211217,775447.347933249,2501565.165528673,0.15499243406065105,313965762.132557,ok,2584824.4931089105
245,313987451.05081546,0.0035553331327477177,393593.4203813134,236606.91933562956,0.8317453722116147,313823766.2978479,ok,1311978.0679377113
246,313844038.58365476,0.0019162960771519377,627043.2925852248,2229803.9821354966,0.14060502573519976,313799955.8645093,ok,2090144.3086173674
247,313800606.701205,0.003930727764344637,333570.15804949973,81128.34488323875,1.000220698929528,313548127.0832913,ok,1111900.526830917
248,313556758.6085587,0.003303339898168192,496904.1549279926,974110.8789553742,0.2550552332712202,313493389.60598445,ok,1656347.183092005
249,313492227.91244525,0.0038481990067108403,351617.1347284446,259932.3429851698,0.6763628002008696,313373317.53752345,ok,1172057.1157614822
250,313345253.4239988,0.0025485894267875406,613826.1968402307,3206208.5913623134,0.09572461980388756,313315874.28433967,ok,2046087.3227991548
251,313318554.80362993,0.004062004142309501,337356.8753197459,96665.37602987523,1.0000014377620947,313077863.097265,ok,1124522.9177324865
252,313072197.9480115,0.0028138551663669086,574947.3727745046,1369412.3859203733,0.20992484757908997,313011850.07821363,ok,1916491.2425816332
253,312997343.84506595,0.004327242659535367,358104.95417828445,131915.23926901107,1.0000047959668987,312771153.67802244,ok,1193683.1805934394
254,312757286.8606225,0.003158724469983043,551418.762732156,1122254.895462078,0.24567447420450522,312689552.1033222,ok,1838062.54244052
255,312701755.883441,0.004020464427347995,329082.6106605644,150281.66968797875,1.0031189765772124,312522867.4534716,ok,1096942.0355351733
256,312529758.8394964,0.0016885347205951723,761242.5317720445,3993775.7606569445,0.09530361459838523,312493484.25706446,ok,2537475.105906769
257,312499876.5725147,0.0034133812559207434,553409.5142263427,2310651.88070495,0.11975181524477511,312466740.6755635,ok,1844698.3807544755
258,312466311.12102795,0.0039802514661534585,325519.95029901917,120491.37159947043,1.0008072851413674,312261214.37522256,ok,1085066.5009967303
259,312260206.4955192,0.0020226481095044265,816817.3336964223,2821054.3170532915,0.14477164242438656,312201080.50203925,ok,2722724.445654688
260,312206481.3799954,0.0042299943373098215,325195.07800172816,65961.44306348544,1.0000000238488376,311947247.7404478,ok,1083983.5933390937
261,311922396.440688,0.0037188824408287105,370654.3702293543,822608.8248233219,0.22529199726793755,311880643.7090055,ok,1235514.567430287
262,311861457.36398715,0.004212661104387853,304404.3815914475,182235.46748543435,0.8351952169129148,311734338.82223094,ok,1014681.2719714915
263,311758911.2337149,0.0013153120803693558,938476.1001366583,3840935.3326150263,0.12216765173936359,311701585.52303123,ok,3128253.667122177
264,311705083.3403623,0.004402346606154127,287934.09358061326,30518.372856819966,1.002298028965141,311447146.3641266,ok,959780.3119353775
265,311465552.1909428,0.004356710025822836,319849.898309607,75874.08438887383,1.0022966858509346,311221190.7003764,ok,1066166.3276979672
266,311227569.0825582,0.0027176769140208694,628950.3623789988,3459222.411619062,0.09090921131096388,311198980.3918594,ok,2096501.2079299958
267,311200408.617538,0.004250914595612985,283744.0698448452,88107.75824085328,1.0004297080331521,311004726.1163198,ok,945813.5661488529
268,311023134.0498496,0.002954169979501597,631592.757079782,2760905.49896885,0.11438145154111048,310987012.8016808,ok,2105309.1902659396
269,310981150.11113584,0.0045517810247698255,308512.46521089296,93080.0000178473,1.000088170177031,310765706.8588279,ok,1028374.8840363099
270,310762785.36371815,0.003242940844891472,604072.278681456,2263315.103196409,0.13344855911321044,310722479.07612306,ok,2013574.2622699458
271,310719360.18521106,0.004560179841947911,239700.70637991442,37608.929444494395,1.0016437870954207,310516998.1351142,ok,799002.3545991662
272,310519316.8697799,0.004244218339081216,350531.5896986355,425594.1359809494,0.41181440257711416,310447139.89118177,ok,1168438.632328785
273,310433634.4463051,0.004076735831076058,287444.4177043679,202801.9918937711,0.7086824321107581,310331781.0417874,ok,958148.0590139325
274,310332786.6369594,0.0017333323168449717,578081.4917075506,1926607.1215212704,0.1500257850316392,310289423.0721565,ok,1926938.3056902564
275,310285285.7089056,0.004676884077902875,290761.97011828923,140418.24212313752,1.0002351260110616,310134939.65493345,ok,969206.5670609637
276,310143869.3981488,0.0011719504315381912,939476.6713861523,3202512.9815882905,0.14667804264765502,310074969.0985127,ok,3131588.9046173263
277,310077199.6891752,0.004101204627220998,295862.1707329633,152399.56682754742,0.9706791721650875,309933606.0656942,ok,986207.2357758366
278,309951314.995282,0.0015376160476607361,849164.5168730698,3377995.3010800523,0.12569060066506973,309897948.9961874,ok,2830548.389574581
279,309890368.7480055,0.0042372349131961804,362524.15484331327,346321.41380488366,0.5233926352696721,309795497.51162934,ok,1208413.849477711
280,309788150.38607717,0.004173116340427816,293076.5725614214,134760.58159787537,1.0000535542853937,309629833.134007,ok,976921.9085380712
281,309615382.49951833,0.003111340114475078,485947.61649105244,1350649.9966746254,0.17989398352181624,309571672.9732616,ok,1619825.3883035083
282,309572436.2848968,0.004436557885305067,243905.64506511495,36712.36190811383,1.0004442839245196,309365167.2670536,ok,813018.816883689
283,309371469.04633343,0.0044129373038571075,374413.0648565877,698260.1598381685,0.2681042728711338,309321278.17508006,ok,1248043.5495219587
284,309330732.76762116,0.004374205104102574,274395.58990765974,73276.02988864227,1.000096635740981,309129600.8540322,ok,914651.9663583001
285,309138241.0240673,0.0040120088332528895,410293.23025958124,1242227.3680985533,0.16514417601650772,309104362.2553491,ok,1367644.1008643692
286,309094035.5462136,0.0047387887327012285,249242.3740936726,34157.66425519589,1.0003777560074634,308878882.49497104,ok,830807.9136455752
287,308891856.30270964,0.004180900256394891,327889.9285216553,342344.4577659518,0.4788889101073479,308813344.87745714,ok,1092966.428404734
288,308788923.97200024,0.0029253913656023347,517290.3317175091,3251071.9940204807,0.07955688656986572,308768346.96787816,ok,1724301.1057250297
289,308767104.0374425,0.005329039930205142,245138.52705917152,172762.5179403128,0.7094667581305562,308680145.21939975,ok,817128.4235300085
290,308670391.8325995,0.003069817148571586,429099.350045083,1666836.515984103,0.1287166875486112,308642775.709116,ok,1430331.1668169433
291,308649490.7572197,0.0058290316341666655,137859.4874861876,9905.421057183761,1.0005089796246087,308521476.6090016,ok,459531.6249539462
292,308508116.8387904,0.004674089423534535,240247.64905910182,40307.22609146589,1.0004908925795502,308308098.0627841,ok,800825.4968636725
293,308333833.47414243,0.002847848951929804,473107.31539923034,2639623.2807170926,0.08961644619051544,308312634.37600607,ok,1577024.3846640682
294,308312896.2701384,0.004953717569767335,230923.68736556638,28244.028017858756,1.0012890140209867,308109991.8077452,ok,769745.624551888
295,308094787.6178518,0.004740734808211485,318289.47628360055,305492.65698845114,0.5209445611906036,308011882.0320747,ok,1060964.9209453352
296,308014567.1889601,0.003426744345675452,429558.8655662483,1385245.1342048105,0.15504796045099747,307981266.0759602,ok,1431862.8852208278
297,307980707.27177304,0.004968667299781602,222654.28648578856,53741.81308005995,1.0000046588342673,307811794.26180744,ok,742180.9549526266
298,307834043.94658256,0.0025678609941140614,483240.56127143203,1980344.4472196053,0.12200921964608218,307804564.04469156,ok,1610801.8709035711
299,307805453.2780586,0.004485811840097117,295254.21582070866,690746.9112905422,0.21372098158866665,307773902.26764685,ok,984180.7194016373
300,307771192.24038446,0.004535076580886067,239697.8835797276,145893.17947068383,0.8214841997733456,307672738.2283445,ok,798992.9452652596
301,307681628.5960772,0.0024288271552298005,678965.4274152934,3822586.679178313,0.08880968365133854,307651479.2436677,ok,2263218.0913843107
302,307649599.2937912,0.004692915885612644,325057.5880425408,394966.9392191288,0.41149974309900145,307582718.7368052,ok,1083525.2934751362
303,307571316.8068723,0.004993046607448337,242379.06155613123,171075.08531580976,0.7083996512662618,307485466.185532,ok,807930.205187104
304,307481237.5910253,0.0030998050026153946,426402.5610057555,1883676.1630368822,0.11318361652947417,307457106.6990493,ok,1421341.8700191816
305,307460537.6218616,0.004751848698475535,275657.6766462173,412140.1870646499,0.3344222248860393,307414444.5950961,ok,918858.9221540575
306,307411434.388013,0.003368060316242451,369720.1776743547,1526873.7409811828,0.12107097258636762,307389053.1972651,ok,1232400.592247849
307,307387497.690042,0.005127588830486438,215162.12366618315,41765.12628310378,1.0002566333340757,307214066.91428363,ok,717207.0788872772
308,307223766.27861595,0.004244283744438242,380069.5074333992,980878.2762464823,0.19373938471132607,307186949.06235707,ok,1266898.3581113308
309,307202474.90152806,0.004976398455932623,240908.39333874252,58617.610089365095,1.0006027307246763,307020109.59795225,ok,803027.9777958085
310,307017724.52302295,0.0029387588460269174,453791.4548776689,2255119.013205583,0.1006136377327195,306994895.7184993,ok,1512638.182924425
311,306991779.5259231,0.006130888754203232,153553.3775952987,116921.91181465199,0.6566492764791426,306941364.1687736,ok,511844.59198432096
312,306947646.0119753,0.004539943124534341,232941.0663273088,103068.80852383525,1.000290923267108,306817765.96514815,ok,776470.221090526
313,306814342.6637386,0.003519323732900521,512236.0412091069,2054393.304867725,0.12466844590940876,306782412.82814044,ok,1707453.4706957429
314,306787279.9278759,0.004699238156825629,286012.95905355504,500028.6155113147,0.2859965911761735,306746380.56221515,ok,953376.5301785169
315,306746665.5542173,0.002800689610400837,439556.8752510782,2285704.980937294,0.0961534578865095,306725533.0974707,ok,1465189.5841702435
316,306719425.22584873,0.004775318598939336,199538.60675832402,373120.78140138026,0.2673914409281759,306692747.7680578,ok,665128.6891939793
317,306686720.48502547,0.005361049009445325,223350.73694875918,111565.76882934659,1.0002239790070693,306574935.47340685,ok,744502.456495864
318,306574620.3765809,0.0029358366297513117,466818.59671062644,1394914.8841397571,0.16732870299771482,306535564.3014195,ok,1556061.9890354204
319,306540602.4905377,0.004083545908560127,312129.13664576836,539327.2260239794,0.28936897822389057,306495442.24586517,ok,1040430.4554852912
320,306485080.1368098,0.005803455562262493,208230.59830285286,32429.999588425362,1.000001360556873,306309279.3430316,ok,694101.9943428428
321,306305071.42114043,0.005335706337550439,304863.86639670376,249798.9002620816,0.6102185919890953,306212054.62149,ok,1016212.8879890125
322,306218676.1242456,0.0032426851883157687,428322.91955135186,1345278.8845274085,0.15919484222850197,306184582.72444516,ok,1427743.0651711603
323,306183508.7138185,0.00460096046196201,293724.7178309965,335718.7566733721,0.43745651976896766,306119262.81740224,ok,979082.3927693069
324,306115304.95605385,0.003956850857309807,312859.64208619547,877910.292183841,0.17818428880013648,306087431.61964417,ok,1042865.4736206515
325,306091575.04837435,0.005021242411929528,234443.66792052746,131810.6247051562,0.8893200697779428,305987327.3188173,ok,781478.8930684241
326,305992222.281953,0.0024846258717102165,490572.2827340757,1394706.7609360472,0.1758693284044998,305949083.97300386,ok,1635240.942446919
327,305945793.56492054,0.005153810163508217,226991.78607232406,81407.6683745935,1.0003084657171641,305800189.6587344,ok,756639.2869077467
328,305787997.1821643,0.004230370407690741,397421.673384286,1358108.2606169432,0.14631443048720968,305758922.91926205,ok,1324738.911280953
329,305753326.67570883,0.005437272918924731,214447.12511301815,90908.00672029446,1.0000789528337644,305629784.98156404,ok,714823.750376727
330,305629817.8166103,0.0036291160150375007,447917.6616070887,1514162.8725458907,0.14790933978389215,305596692.21380734,ok,1493058.872023629
331,305595213.18466765,0.005629485783537604,207765.58416154538,47988.22066616718,1.0000100779279837,305435434.69457424,ok,692551.9472051512
332,305449021.6678729,0.004394286193322139,509379.2410487851,3450792.094870892,0.07380613306230538,305430224.0118509,ok,1697930.803494506
333,305433297.11829907,0.005913238149215996,203902.10701842225,186281.75947884363,0.5472948816590382,305377499.82853377,ok,679673.6900614074
334,305386191.36163044,0.0027692428548388125,394284.540209829,1750865.8962895726,0.11259701301093221,305363993.7308785,ok,1314281.8006984415
335,305371630.08881545,0.004874461105864471,202264.61621639426,126122.71121326093,0.8018564391403898,305290536.4963538,ok,674215.3873879809
336,305286553.1225755,0.0020750929725509007,555870.9059404456,3095965.7190062376,0.08977342716166646,305261601.90443265,ok,1852903.0197996562
337,305261693.24068004,0.005715664702580774,220733.1442452563,73999.8925091226,1.0001070474716822,305114952.20386964,ok,735777.1474837421
338,305110568.41655993,0.0037909756495609903,386665.2611173006,1380445.623888427,0.14005088444851066,305083492.0106574,ok,1288884.2037234984
339,305083722.16563255,0.004833875585714093,223151.5799402648,190220.7604569227,0.586559478061806,305018276.3285034,ok,743838.5998008824
340,305026864.0010168,0.004488850259490561,357345.3224635542,1510966.8386408256,0.11825055101308525,305005735.86037517,ok,1191151.074878514
341,305004403.64401287,0.005897580181535811,185729.4917418437,27158.228679945118,1.0000326401711548,304845828.091636,ok,619098.3058061455
342,304847607.2749019,0.005137488050533825,337966.52013628324,1212698.1334232765,0.1393448669629973,304824060.32500875,ok,1126555.0671200906
343,304829843.6911346,0.004043144774614794,350855.8795870096,2155558.869596148,0.08138397065739703,304815566.6688299,ok,1169519.5986233654
344,304815782.4399488,0.005636336616333955,192349.78052580668,24978.364476003124,1.0007922105473186,304648298.23429805,ok,641165.9350860219
345,304648902.4042705,0.005250392764985693,200229.0935269324,138404.85749498586,0.723345614998326,304576484.9858717,ok,667430.3117564413
346,304576568.1894113,0.00218091341720061,409740.10609082214,1652560.389711427,0.1239712958878228,304551170.18344665,ok,1365800.3536360739
347,304552550.9567605,0.0061386539002454945,188587.83571652626,52500.95918581237,1.00004685356379,304416460.16404694,ok,628626.1190550873
348,304416706.4000446,0.003073080341775095,541325.9987538474,3620487.246253815,0.07475872195295916,304396471.9801312,ok,1804419.9958446485
349,304395487.35671806,0.0049593301938064506,239382.97788150667,587849.3221431987,0.20360912980962284,304371117.0768092,ok,797943.2596044138
350,304362208.54875636,0.005135883077956472,215118.00876934075,250868.26974612792,0.4287469455324791,304316092.9541619,ok,717060.0292311358
351,304306086.91784966,0.005234515232512348,289550.0190202473,2091607.0346704735,0.06921711732191248,304296066.0090311,ok,965166.7300674893
352,304294634.6548639,0.005893835121084949,172097.2616599173,116788.69561672167,0.7367890391751093,304231234.9668324,ok,573657.5388663909
353,304215502.2766529,0.0036287876821708915,321208.0814052467,1430445.6571283378,0.11227552749192915,304197470.3732657,ok,1070693.6046841554
354,304195389.9474253,0.005754282409551766,211579.70734322653,46920.92014062163,1.0003286225063892,304030692.47397685,ok,705265.6911440884
355,304033558.87162095,0.00510259277425382,173518.9431301643,232120.55187682543,0.3737690215863393,304001130.8688207,ok,578396.4771005476
356,304000360.6649025,0.0049878318021678745,215977.52821825744,268369.60540324415,0.4023882061713659,303956907.259826,ok,719925.0940608537
357,303971273.85277903,0.0034310802381921092,299858.36013725516,1491854.6500188194,0.1004985171087118,303956206.19251084,ok,999527.8671241839
358,303952403.3654722,0.00551224030619485,169953.92085753364,25824.081873914907,1.0000853909255507,303808263.4244388,ok,566513.069525112
359,303817683.3990176,0.005374364808617138,284264.3146669067,449601.629331019,0.3161290975411671,303772751.28838813,ok,947547.7155563555
360,303759632.414788,0.005894612791190941,156429.2778920753,13219.174061556212,1.0000056454271369,303616421.5771036,ok,521430.92630691756
361,303616876.60139203,0.005827548002776082,182210.01928528643,46086.91691043116,1.0003628536827613,303480720.8351236,ok,607366.730950566
362,303462249.49990237,0.005402368486315513,293031.2315847221,428247.6910817111,0.34212820954685635,303412122.3746007,ok,976770.7719484961
363,303396982.93397546,0.0055078925988712585,212905.04490536934,328399.3596607397,0.32415569434318575,303362475.74264526,ok,709683.4830178977
364,303355748.41761005,0.006264562978612698,201536.7357978057,117148.06540662966,0.860179530486725,303269069.5302229,ok,671789.119326017
365,303259423.74254626,0.0028990783768281475,385283.3714923555,1859149.889655302,0.10361815731914693,303239462.56604636,ok,1284277.9049745183
366,303240294.5046085,0.005963817318832815,187509.07338540733,92211.62748188856,1.0002924808819147,303144996.16405034,ok,625030.2446180226
367,303146590.3928267,0.0025230869091297714,712276.0979194902,4842810.604938813,0.07353953685418693,303120400.16565,ok,2374253.659731634
368,303123533.8799805,0.004415371433610136,277738.13681370416,1128993.9802958206,0.1230024879056179,303106452.6390733,ok,925793.7893790138
369,303103897.8445169,0.006451662246231452,176966.52796027967,71303.25436567068,1.000042902248958,302998233.0969314,ok,589888.4265339067
370,303006838.9459417,0.0019317477772485847,664390.8349799816,4449692.93206406,0.07465580716732666,302982038.6289117,ok,2214636.1165976776
371,302986576.5396631,0.005632224846655479,194279.4946365099,170160.21934209822,0.5708722502464607,302931122.1535231,ok,647598.3154550327
372,302922665.44271046,0.003939656929330128,312367.02266583533,1768812.9068671297,0.08829849144958207,302908874.67427045,ok,1041223.4088853914
373,302914207.98140484,0.005372056055262554,200944.300038985,291472.06951349764,0.344705927354181,302879574.6357591,ok,669814.3334632828
374,302886803.6262991,0.004450590264448035,260676.15833005897,689334.5972831815,0.1890781047095567,302862159.5493191,ok,868920.5277663043
375,302861120.73846745,0.006232804817484266,169224.49895631694,93468.34796934792,0.905250293991569,302784525.47475207,ok,564081.6631873434
376,302823481.67983586,0.001626295115723113,704514.1531233045,2796059.2175238067,0.12598341063520518,302779103.13191026,ok,2348380.510411009
377,302772493.9691649,0.005341326011170783,277830.43496376066,534871.2043867884,0.25971713627983,302736415.30669487,ok,926101.4498785496
378,302740789.43860096,0.004617346970159637,265522.60872737307,1090821.9268725743,0.12170758681420896,302724631.38062453,ok,885075.3624239285
379,302727740.6321484,0.006014000798465605,162601.54796476825,41417.39628679762,1.0002640746860891,302606535.4189778,ok,542005.1598825541
380,302610679.7967917,0.004257902106707287,361358.84478801873,2206468.888422829,0.08188623159022104,302595884.6397659,ok,1204529.482626729
381,302597178.7602074,0.006013982938813961,185642.2152547909,76212.79238524857,1.0000514161587346,302487747.6296678,ok,618807.3841826363
382,302466686.41230375,0.004043013542481811,395302.9726434679,1487320.3670621885,0.13289099692229903,302440420.30924326,ok,1317676.5754782264
383,302439942.4048088,0.006415608665477488,177262.46039434453,80577.84148880327,1.0005866843472502,302343248.36404383,ok,590874.8679807454
384,302338104.3111999,0.002833987365213063,511771.15309607814,3538769.935219741,0.07230918687347494,302319601.43322706,ok,1705903.8436521655
385,302320613.3127152,0.008058546504207226,454270.2675358765,11010787.616218394,0.02062841839155797,302315927.8741444,ok,1514234.2251195882
386,302314623.7532241,0.00581794033388806,197944.25441672828,175174.55017846436,0.5649914734048599,302258705.3452466,ok,659814.181388643
387,302260939.7882365,0.002660741243376924,389251.84302716894,1976756.1470777378,0.0984572233663228,302241777.46040916,ok,1297506.1434238392
388,302244594.7051182,0.005078028408889917,210157.97006482934,475568.54128342855,0.22095444906602826,302221377.0358719,ok,700526.5668823395
389,302220686.4398482,0.0063900706913914244,164002.79232583527,323392.1211269315,0.25356646252594406,302199893.635901,ok,546675.9744190591
390,302201825.88367283,0.0043458264279375375,228634.9771476476,542883.3946534815,0.2105746642827265,302177753.51689476,ok,762116.5904921585
391,302172700.0331802,0.0056103157789234885,161825.05477842403,123848.23045104291,0.6533200118769292,302119838.2598252,ok,539416.8492614133
392,302106186.071884,0.0065725477365046105,169116.64120993676,99389.26160745422,0.850779241513416,302034245.6080161,ok,563722.1373664559
393,302060527.80936646,0.0023146065000848987,470321.51446940243,2299606.8636193373,0.10226128689865846,302036479.9677036,ok,1567738.381564675
394,302035166.41026074,0.006392758731763501,188395.40384330938,128852.41695429997,0.7310511059723757,301966303.0760908,ok,627984.6794776979
395,301978614.40856457,0.004043634868503893,432295.32075597346,1804678.8959212636,0.11977070317966251,301952726.2512905,ok,1440984.4025198857
396,301957141.3847175,0.005823000306125599,186176.46648549513,290597.80090183596,0.32033357772790855,301927322.0979185,ok,620588.2216183167
397,301944454.03918105,0.0029634371446171934,380010.6787706991,1261873.7783127623,0.15057396599476344,301915844.18166965,ok,1266702.262568997
398,301919435.75638604,0.006847093747392773,173239.17909172323,132907.1127730008,0.6517302779257862,301862983.1472175,ok,577463.9303053378
399,301862578.3061101,0.003936572467776239,386817.9459455557,1911747.543528861,0.1011686786926728,301843011.3758671,ok,1289393.153151852
400,301842255.95321566,0.0058089225398878066,203616.50867251237,276787.9046791445,0.3678204596919558,301804808.79430526,ok,678721.6955750412
401,301805979.10930854,0.004994219337109662,314152.1662174763,1074654.9332547577,0.14616420419995568,301783020.2086221,ok,1047173.8873907579
402,301786059.4697908,0.006583886304823169,177906.899303369,208682.78403872924,0.4262615627898452,301748142.03332675,ok,593022.9976778966
403,301728095.0538988,0.006337492432859049,186349.44100064726,336900.72888672416,0.276564318540408,301702326.2508185,ok,621164.8033354909
404,301731629.9166307,0.002908986514122765,387811.7524754312,2812513.188976375,0.06894398824429633,301718261.2721789,ok,1292705.841583629
405,301719995.03273845,0.006577296395669133,135350.10648868553,8087.191800968982,1.0009306901835202,301592621.2093803,ok,451167.02162895165
406,301591558.25823,0.0067945618763770805,171938.42719073617,89021.32811822431,0.9657147945624572,301508536.516784,ok,573128.0906357871
407,301534861.8896096,0.0016342942122973356,574490.5017402538,2007866.7030614514,0.14305992047786634,301493768.6068625,ok,1914968.3391341793
408,301489206.00886154,0.005802379296201881,232081.4176492592,620560.6463808832,0.18699334142662824,301467507.1689769,ok,773604.725496986
409,301472904.4812803,0.005740586067367701,170129.18072938366,354615.65427556966,0.23987827198003125,301452499.334337,ok,567097.2690975412
410,301451950.91431344,0.0050927126306317995,238380.5869353732,2563993.006938665,0.046486200681957565,301446410.21041197,ok,794601.956451244
411,301446955.4508104,0.006268146360245087,180646.85811994533,169400.03330517252,0.5331960525489147,301398795.3549829,ok,602156.1937327262
412,301411625.1986634,0.0032642804204239158,287435.91255634045,800852.7930321513,0.179456146658404,301385834.1280241,ok,958119.7085211348
413,301389137.16486645,0.006595994441988235,141766.10752263595,31955.901978964586,1.0000300686456982,301279324.6183782,ok,472553.69174211985
414,301290366.0715327,0.004595922230273533,268041.180477525,1134577.1380361328,0.11812382406254193,301274535.04691064,ok,893470.6015917489
415,301267388.2222477,0.0070860775917172365,150736.28486328814,52754.46259620699,1.001220630407296,301169351.2726911,ok,502454.2828776272
416,301166774.46024185,0.0042939778304831805,340718.3156419062,1582105.917429543,0.10767873120513742,301148430.4022785,ok,1135727.718806354
417,301150571.0222568,0.006546896203645733,171013.33670838692,84574.37959030026,1.0017790111166216,301064129.01570237,ok,570044.4556942551
418,301060303.15758693,0.0033449213662636586,417023.91576478555,2342448.9569856566,0.08901451502734689,301041742.56677866,ok,1390079.719214989
419,301047133.9452446,0.003672168553740666,315838.167108702,1895801.378688646,0.08329938216607163,301033979.3831523,ok,1052793.8903623298
420,301030539.2826993,0.006300969068862323,182847.1651022386,237638.7921725821,0.38471657642799373,300995367.11501545,ok,609490.5503407952
421,300999098.7176745,0.0034525343184480944,319105.6720346819,2214094.444150312,0.07206234424140451,300987600.96628076,ok,1063685.5734489397
422,300991809.99396485,0.006300502967940237,172854.61149688278,412269.96228179074,0.20963764924830355,300973691.5767569,ok,576182.0383225363
423,300970356.1450778,0.004309798158257102,338449.3683833733,2289409.5451340764,0.07391630062491777,300957847.68244797,ok,1128164.5612779108
424,300958952.4320193,0.007041786918761164,171503.03203584722,369887.58976626827,0.23183128710025103,300939072.5476901,ok,571676.773452824
425,300946359.62398404,0.004191480950804415,257521.39747774307,1385892.2416931882,0.09290816043645683,300934396.7043277,ok,858404.6582586134
426,300937608.2138847,0.006948565508720989,176060.01221682533,200554.4428415542,0.43893321365091764,300898968.9204058,ok,586866.7073889973
427,300894336.8445557,0.004053702175415832,437678.15254174534,3238262.7148310766,0.06757916066185765,300879547.88346124,ok,1458927.1751380335
428,300878747.3766575,0.010152633531150508,285413.3788644819,3736311.959215789,0.03819453273441159,300873296.7613365,ok,951377.9295482731
429,300886348.04463065,0.005756503083162248,192440.40072237284,501109.11093700613,0.19201447002483688,300867872.3738526,ok,641468.0024079095
430,300871165.8361843,0.005783133819757271,186426.03138858388,412083.3863575216,0.22619940230597108,300850081.10774714,ok,621420.104628613
431,300851213.3510668,0.005552171272948685,200180.8084628021,1206466.2053734695,0.0829616310723079,300842909.6878771,ok,667269.3615426718
432,300837801.3739824,0.008341725619823711,119381.5137246431,30360.944953858314,1.0007663899181845,300748735.86689997,ok,397938.37908214366
433,300739327.8063125,0.004574597393995885,259373.72893888448,893303.4761742172,0.14517671533626716,300720500.2933065,ok,864579.0964629326
434,300719118.9283857,0.00661674052078388,164558.5029056604,55605.19985987426,1.0002460974697338,300610152.49987435,ok,548528.3430188664
435,300601372.72407967,0.004671945208637257,299825.92433185555,2295562.169380828,0.06530555528642605,300591582.5748408,ok,999419.7477728517
436,300591995.5375527,0.007006470260032072,157243.88259747488,99112.5687195438,0.7932590418598862,300529627.9717289,ok,524146.27532458084
437,300532597.98363936,0.003464284457754702,294039.65902588,1236944.6181642534,0.11885724498412206,300515123.6117454,ok,980132.1967529324
438,300513728.1364243,0.006758099686979717,162443.01856101042,98157.30286316981,0.8274627247422139,300446520.3650474,ok,541476.7285363364
439,300452182.95545864,0.0036066567505716753,474081.6536968992,2512642.228108676,0.094339267324531,300429820.69752777,ok,1580272.178988439
440,300437540.1306085,0.005806351776397047,199184.5964008317,391373.92866509483,0.2544684019707369,300412197.0376369,ok,663948.654669439
441,300400660.4209008,0.006930866717169256,172174.82820863847,373212.9946176003,0.2306656395834387,300380803.0124664,ok,573916.0940283516
442,300373297.7629572,0.005033075447816442,249538.6725855695,1468904.148050369,0.08494042069279144,300362699.80304295,ok,831795.5752852313
443,300357832.3096201,0.006650344324846405,135706.34455637593,53622.918330390756,1.0007486899779705,300275727.60535467,ok,452354.48185458616
444,300273442.21765244,0.0032409215689433155,407782.26502775034,2732060.9526220514,0.07462905698285902,300258226.0147058,ok,1359274.216758086
445,300259146.2349131,0.006365718542420031,160778.62320532268,213842.16532663678,0.37592825287692605,300228925.62145233,ok,535928.7440177422
446,300209581.6241361,0.006382831262700638,114167.8736415231,101380.6398289545,0.5630654621737579,300177439.6308674,ok,380559.578805077
447,300171963.6071725,0.004584968246342502,252784.12999130084,1780054.37935775,0.07100460888237196,300162989.1880317,ok,842613.7666376693
448,300164064.2080339,0.0068506029095176165,126143.40964688489,22730.54719621736,1.0003114457432853,300060626.21962446,ok,420478.0321562829
449,300054810.56645554,0.005727063170593569,162815.72276352657,429388.16052083427,0.1895903726898714,300039376.4196763,ok,542719.0758784219
450,300037943.47178996,0.0070796229508291045,122151.65004170279,37619.8475695941,1.0015287097202445,299953340.04247224,ok,407172.16680567595
451,299957448.0037446,0.005338815253753134,605191.4364567188,10149283.40541942,0.029814490948866613,299948426.26644236,ok,2017304.7881890628
452,299944621.53672326,0.007243343360733581,184580.73439912903,348687.2215304059,0.26467952222194263,299920194.1664272,ok,615269.1146637633
453,299921441.161433,0.006548190185932497,98371.60423187246,49951.555331541625,0.984670082632605,299873009.3735992,ok,327905.3474395749
454,299881200.66948605,0.0037246613152154967,294379.22593584075,1789560.9110825085,0.08224900983050927,299869094.4695621,ok,981264.0864520951
455,299869696.334477,0.006503975911375613,197636.90973759652,449570.5557745541,0.21980633206404357,299847975.41237205,ok,658789.6991248752
456,299854287.6621547,0.006372182096455478,160471.68408222464,87303.3323760921,0.9190467288862022,299780547.1739873,ok,534905.6136074155
457,299766998.5150459,0.004557360007349777,310057.9053359197,2427118.944854629,0.06387365275056399,299757096.2495569,ok,1033526.3511197323
458,299757825.30097675,0.006180856584638031,163320.60766523075,153308.48129870355,0.5326535305865425,299714328.6518315,ok,544402.0255504405
459,299729260.8488992,0.0048259027497679985,156143.04804349085,207905.311541302,0.3755148122140973,299699943.8352169,ok,520476.826811636
460,299689334.3510943,0.007752568758962709,140804.6736491553,78101.11597795358,0.9014254910832625,299625871.8900488,ok,469348.9121635421
461,299632765.8917688,0.0019857880579642784,509909.5986021919,1989364.114609619,0.12815894155762772,299600091.1545453,ok,1699698.6620073062
462,299602106.1107979,0.004385776381276329,303333.7792870808,2651268.854709658,0.057205397850965796,299593429.94603497,ok,1011112.5976236023
463,299593561.6771824,0.006669219414686205,160470.50945405746,140855.35779804352,0.5696287026729145,299547857.3731236,ok,534901.698179838
464,299539921.5183891,0.003549722151362775,320303.9272820522,3121558.637353728,0.051305127420830196,299531704.90148777,ok,1067679.7576068405
465,299533320.38216114,0.007665644784838449,107480.03145295903,12744.532657624399,1.0000495843254376,299438580.8179304,ok,358266.77150986344
466,299436852.58040774,0.007215286102960941,142612.51800710076,86033.80560735679,0.8288167482556759,299377752.7586902,ok,475375.06002366915
467,299398008.3971276,0.002150456683163267,524955.8036855294,2577892.2183750533,0.10181880373889907,299371283.2111541,ok,1749852.6789501957
468,299374301.3655667,0.0042562603506100475,261480.0679051731,1257531.1578660875,0.10396564183303429,299360708.8940235,ok,871600.226350577
469,299357244.2750379,0.007193882248220917,154496.21915313546,192327.4456268057,0.4016489135225183,299326217.65575475,ok,514987.3971771182
470,299310815.0503665,0.00708369285661618,142679.57544255513,49916.60892344819,1.000292478235054,299218039.5564904,ok,475598.5848085171
471,299214071.5618491,0.005118087509205684,271836.6209706654,1190259.260074938,0.11419218908389368,299198550.75243825,ok,906122.0699022177
472,299199302.3724354,0.007238580769051971,139488.50278837723,51944.82749580447,1.0000114904222168,299111758.2881039,ok,464961.675961256
473,299111205.0754354,0.005990504148950398,203099.01093709763,452063.0548126555,0.22463571041131217,299088393.43013257,ok,676996.7031231803
474,299084494.3827191,0.004879645890382757,155304.42211469813,582000.9887184978,0.1334228163913101,299074133.80602086,ok,517681.4070485772
475,299072948.9918316,0.006687587997012547,154920.617960145,111609.15394584536,0.6940318624550953,299019189.0693238,ok,516402.0598668323
476,299022521.7215544,0.0038300698625807093,277010.0191263247,1774272.625503785,0.07806298061090548,299011709.60767835,ok,923366.7304210821
477,299010852.9953083,0.008106620436147342,151959.82709493017,144767.93280474652,0.5248393900183806,298970975.7438284,ok,506532.75698310055
478,298963266.2297689,0.004152748531788782,222912.73559784138,1030121.2152753444,0.10819733264995339,298951206.9480662,ok,743042.4519928043
479,298953079.937364,0.007322324032979586,108296.23913109653,27011.245156317917,1.0000382322724866,298871792.86841995,ok,360987.4637700992
480,298864155.8013514,0.006430150913162946,161368.56369200393,414305.41180989874,0.19474590373688724,298848442.86796594,ok,537895.2123066798
481,298849878.2001681,0.00677833901843188,125432.1993169215,211507.39518599224,0.2965196540920491,298831281.64399135,ok,418107.331056405
482,298833712.13451576,0.0047996619831591324,256991.761296633,2691713.1694023265,0.04773758293007423,298827578.0517571,ok,856639.2043213372
483,298826375.405911,0.007383255009489456,97450.32300982403,7725.919599984084,1.0004061236900377,298736617.70224863,ok,324834.41003274673
484,298739422.58696723,0.0074377103005640295,173403.51551221887,1213064.6546445417,0.07147331959937059,298733225.72452533,ok,578011.7183740627
485,298730269.43865484,0.007376909351466959,129849.38052120652,124759.72476073189,0.5203978317932159,298696482.7706134,ok,432831.26840402174
486,298686286.3885142,0.004035885763842819,251665.20818447857,1591124.0096188146,0.0790840961053595,298676335.03075904,ok,838884.0272815935
487,298679411.4465173,0.0069832186729030295,120769.22268118395,58894.81053978161,1.0005686197098664,298617535.35915804,ok,402564.0756036624
488,298625868.54461586,0.003098698343784244,436431.19116302376,2341454.7324803723,0.09319658951952048,298605531.59532773,ok,1454770.6372100792
489,298604632.3896875,0.007308172117974757,176558.27049118155,471695.3572910609,0.18715286016927637,298588110.697033,ok,588527.5683039385
490,298587327.26665395,0.007189122158217319,123415.07710914635,44251.65030090054,1.0000022265800617,298508163.762112,ok,411383.59036382113
491,298504510.97257876,0.0035691136524073847,282622.4649062528,1721355.3142461663,0.0820930061815918,298492910.3086994,ok,942074.8830208424
492,298491589.5024167,0.006731266762012578,207137.38599242904,1849037.79668699,0.05601220980002872,298485788.3910559,ok,690457.9533080969
493,298489973.9334077,0.004993294788150996,180910.82439757147,1084502.2337618717,0.08340730833261463,298482429.29095215,ok,603036.0813252191
494,298484043.61991817,0.007357994358571321,123168.03464484606,63204.4180417497,0.9743625403170976,298424038.46035695,ok,410560.1154828202
495,298440931.56049126,0.0029853242565326767,526343.7414924136,3139753.42278961,0.08381927983133901,298418872.68381345,ok,1754479.1383063858
496,298416885.8858459,0.005713867048423211,206584.00553757278,959288.5396857694,0.10767563511456248,298405763.8538455,ok,688613.3517919092
497,298401660.5914526,0.007956334082393424,123858.63683161527,80126.00680331005,0.7728990983892298,298353795.4770852,ok,412862.12277204933
498,298365993.2054391,0.0031808787403608493,437430.4163533595,1844489.2368149546,0.11857765489288243,298340058.4689641,ok,1458101.3878445313
499,298345566.37418175,0.00642033357731734,158657.14627141308,284949.22852410394,0.2783954655592132,298323481.6591315,ok,528857.1542380436
500,298330213.21770054,0.004843562244521488,209731.8034976506,1399163.0755187517,0.07494902029911371,298322353.6211017,ok,699106.0116583187
501,298321937.47783756,0.008299816697660108,101515.64100583486,14289.310512509179,1.0000031185820508,298234710.91988426,ok,338385.4700192214
502,298236971.38266253,0.0077860810033210485,130866.26360449262,48224.26187912833,1.002102339009822,298154257.2363231,ok,436220.87868164206
503,298152568.92904776,0.005799011321892797,195130.7178621065,669139.549131787,0.14580719232280465,298138343.19799405,ok,650435.7262070216
504,298135267.87917465,0.00791336430596456,151432.36180233548,213078.47838569255,0.3553441036129147,298108362.5807434,ok,504774.5393407545
505,298107407.2875736,0.004808674080602188,177962.37978070322,1027811.8399009986,0.08657342369097684,298099703.8813207,ok,593207.9326018787
506,298098327.2743601,0.008380303018939635,102326.0495283811,27536.36774557228,1.0000128192545084,298023536.9868296,ok,341086.8317612703
507,298033875.6467865,0.0036367869257045615,270715.69321565673,1706552.7870318198,0.07931653074925044,298023139.53198385,ok,902385.6440521892
508,298022911.60682636,0.007169962453538272,117289.06856877032,262557.56087256747,0.22335877165178394,298009812.8356845,ok,390963.5618959011
509,298016449.8930843,0.0069207974679636255,186101.85153196973,1699643.6012462436,0.05474731625957135,298011355.60462314,ok,620339.5051060998
510,298011417.38482416,0.008008108891535796,122347.76765281221,90764.68883474046,0.6739832925311767,297970187.20918596,ok,407825.89217604056
511,297963572.2546718,0.003716609015383804,216690.88756836875,1226461.6516356824,0.08833985444199452,297954001.03393847,ok,722302.9585612292
512,297951237.9021696,0.008135936675285569,102194.85030407652,27346.41857817651,1.0026908817176112,297876261.8461561,ok,340649.5010135883
513,297875241.1759326,0.007730708590898417,209446.9909518576,893294.7219134348,0.11723286045126446,297862964.1410015,ok,698156.6365061919
514,297862905.48345214,0.008760329861193303,127213.86361365445,79647.37821867864,0.7986067241559288,297812108.5600083,ok,424046.21204527235
515,297810231.208855,0.004615130504169537,296191.6469445205,1339991.9662881454,0.11051993384892758,297793863.66824156,ok,987305.4898143102
516,297804836.36435646,0.008011235943299834,146623.9851308252,286124.23163744266,0.25622434054557325,297786052.04740727,ok,488746.6171027506
517,297777402.72963494,0.007803034161478084,122294.7368957903,206114.15407543263,0.29666748856809094,297759262.293405,ok,407649.12298596767
518,297763488.61600053,0.003476347647160584,272351.1603432839,1830563.2870909488,0.07438998756937065,297753358.51628435,ok,907837.2011435844
519,297751642.5037213,0.008164781839255526,103690.48968270446,147739.0256802113,0.35092450760825994,297733448.7367035,ok,345634.96560901485
520,297726616.98575544,0.007024439483939661,186865.3467009183,795503.6641926562,0.11745096541482618,297715643.2280692,ok,622884.4890026179
521,297714479.53432286,0.008051306945326669,125142.35994111435,260220.02400654813,0.24045490046139817,297699433.9874713,ok,417141.1998037145
522,297694562.1064279,0.007110483006247095,121010.08786340969,313013.56332251953,0.19329847336155945,297682866.5738053,ok,403366.9595446987
523,297680989.50609505,0.009359602588833733,76616.30941507577,25314.129254046704,1.000019057464654,297629686.83067685,ok,255387.69805025254
524,297626696.1162492,0.005740498647867914,134939.11334011238,398109.4243375801,0.16947490449973582,297615261.71957594,ok,449797.0444670289
525,297615948.7197986,0.008349369474624177,93216.7896703282,60647.27456746259,0.7685159006332267,297580129.4272648,ok,310722.6322344273
526,297576752.18933284,0.004116514404468259,298365.95599715813,1420276.9986879071,0.10503794551090992,297561082.31581867,ok,994553.1866571938
527,297560634.82789785,0.007765573315279436,119167.54677331855,228286.41971390945,0.26100445861532273,297545083.1973828,ok,397225.15591106185
528,297550182.3183007,0.005995483377936035,132176.4637961671,251875.09882810214,0.2623849368419979,297532841.76174814,ok,440588.21265364246
529,297537122.1469554,0.006633144399090345,187233.30764171807,1246732.1008966705,0.07508963132779559,297530092.5069338,ok,624111.0254723928
530,297529344.27406836,0.009360877828027742,80927.18156615946,22294.74210795029,1.0002672034802675,297470702.1266427,ok,269757.2718871981
531,297465281.476231,0.00510392918323206,136376.68040574616,426106.27436866355,0.16002660440497785,297454369.52768826,ok,454588.93468553154
532,297456180.36716664,0.008490507855861912,120992.73982007014,258550.94467591186,0.2339823974956502,297442025.2814953,ok,403309.13273356715
533,297439668.754384,0.007824068181854322,103965.31530371238,110830.25356193415,0.46902949313210085,297415287.3548139,ok,346551.0510121254
534,297426669.80964476,0.0026597485843808184,370910.17428102845,2626048.554266469,0.07062134736207007,297413572.7215157,ok,1236367.2476034048
535,297415467.02362025,0.007621869171194798,138252.61183290082,370657.67297532235,0.18649635757318506,297402575.21935433,ok,460842.03944271547
536,297403230.2363157,0.007225350908632088,111475.48485103527,103194.3825971225,0.5401238034740841,297373124.95487976,ok,371584.94950345095
537,297374798.1698101,0.005138662317187586,285907.75542256446,1805515.7369044672,0.07917620145276316,297363479.62478995,ok,953025.8514078822
538,297363189.9368141,0.007885518384247024,122360.05906409908,169656.05555324786,0.36061211804401355,297341127.67678255,ok,407866.8635469969
539,297350135.3207137,0.003948816039941414,206154.71218398277,1056569.417049576,0.0975585270864932,297340079.24567735,ok,687182.3739461553
540,297342694.3998479,0.005752839578223949,126644.38440654584,456255.22358631255,0.13878677750917603,297333906.1168472,ok,422147.9480215608
541,297336998.2774048,0.008621600751607847,99592.32417462577,27431.57834677241,1.0002941076712226,297264824.3787585,ok,331974.41391541925
542,297255190.0708783,0.005486492749131545,190663.25860245537,858649.907038133,0.11102502721984685,297244605.8741402,ok,635544.1953415177
543,297243697.9950579,0.007481513423969537,136807.40355954182,392146.3327729565,0.17443412334388714,297231766.0553044,ok,456024.6785318061
544,297228822.11751723,0.008947857473825272,78821.37318338393,17133.11729866136,1.0003016973466934,297167120.4210249,ok,262737.91061127954
545,297168650.95600784,0.004801919218664915,209222.84178272114,1527162.2977947616,0.06850052613426913,297161485.0186371,ok,697409.4726090599
546,297171675.04072535,0.0058897461383667915,155077.46610933717,413307.55194124026,0.1876054107661024,297157128.3548603,ok,516924.88703112374
547,297156195.6754416,0.009025558785251674,93559.13929762713,149705.5540066353,0.312477182020516,297141578.1273416,ok,311863.7976585453
548,297139496.682266,0.0074856518962610015,84907.07323398639,125821.98531930227,0.3374095275102961,297125172.45453495,ok,283023.57744662126
549,297125043.64542675,0.008962386512547235,91587.71311441423,260431.6322129354,0.1758383041571729,297116991.33134896,ok,305292.3770480469
550,297114867.63056,0.006209087397272722,135212.03532407928,849756.1467816563,0.07955931583206413,297109488.94204867,ok,450706.78441359755
551,297108741.02199835,0.00866824746714014,84168.69548575462,11899.492772733847,1.0000781475169271,297036467.1016151,ok,280562.31828584836
552,297033837.6540909,0.007713355271727786,133625.22058552306,181992.68740326609,0.3671170047877566,297009309.60871816,ok,445417.40195174346
553,297008028.0898424,0.00656431573254878,107293.24797651221,214862.41104668574,0.2496789630485886,296994633.65639395,ok,357644.15992146806
554,296997757.6570575,0.003223844527920795,332094.8375192243,3123082.0148476684,0.05316780602308688,296988929.28010625,ok,1106982.7917296584
555,296991596.0089614,0.008255641908945474,88934.40565323627,7409.499220831594,1.0000121170821452,296910070.2044676,ok,296448.01884411747
556,296908647.4117104,0.00907151763531228,79527.60428080175,17252.812419886013,1.0000013783052868,296846372.55779546,ok,265092.01426933915
557,296845172.30853266,0.00854417036201626,129654.50203510525,117900.3179150635,0.5498479746615679,296809527.1758578,ok,432181.6734503445
558,296803770.9814776,0.00555164467218854,208473.8924073149,1315176.7798060004,0.07925698491957353,296795509.47540426,ok,694912.9746910265
559,296788843.63912725,0.008529281381567196,104124.05559599292,85495.19886435704,0.6089468003998191,296757140.63387734,ok,347080.1853197728
560,296747052.11070645,0.004257123572119129,192569.10608965112,1021797.5455708592,0.09423055815918326,296737979.1635309,ok,641897.0202988371
561,296736753.27484965,0.009698768588427753,90257.73486302793,33563.85025033796,1.0000804274164385,296680057.5301652,ok,300859.116209896
562,296679948.56205153,0.00474644510728343,234913.1727002323,1937772.361702095,0.06061423347319546,296672829.0211035,ok,783043.9090007744
563,296674304.9380546,0.009039240314687823,132054.8621645812,636818.541494299,0.10368327361724863,296667458.99785143,ok,440182.87388193735
564,296663173.49964607,0.008545542928745804,103980.33204461756,41861.77743443592,1.0002425244789037,296601050.0347338,ok,346601.1068153918
565,296601546.77026325,0.003956645417187486,278623.8386931098,1748456.6770178708,0.07967707817854672,296590446.80357426,ok,928746.1289770326
566,296591896.68415827,0.008088867524073756,119455.15524621026,138723.27534705625,0.4305519565745502,296566180.8587512,ok,398183.85082069016
567,296570861.65615624,0.005172498154261337,245693.64003056244,1405350.7919165785,0.08741363417723352,296560123.16917163,ok,818978.8001018746
568,296564858.01082134,0.009023298607260295,121952.15373930015,257288.378892632,0.2369950680714412,296550406.9813329,ok,406507.17913100054
569,296547070.1723505,0.007064249992433561,115290.24353316781,404452.738023641,0.14252622456771313,296538854.2307804,ok,384300.81177722604
570,296542787.9874791,0.009659633532803906,60258.744678587354,9204.620847260063,1.0035006599432397,296491587.4755681,ok,200862.48226195754
571,296492019.58959705,0.007795561212360263,178877.54377591072,1289343.143490221,0.06936770272485163,296485815.4274567,ok,596258.4792525494
572,296483032.24582237,0.00979122404035554,99450.98060292503,43666.02474279113,1.0006827866522163,296427239.03567487,ok,331503.2686764167
573,296434169.9704676,0.004332598426370625,227963.08763644306,906087.121306189,0.12579534697933797,296419831.6226138,ok,759876.9587876025
574,296418287.4045623,0.008249125216970658,136557.65440123872,153145.48123906308,0.44584291125139225,296387845.77346635,ok,455192.1813374624
575,296377587.6441248,0.0071288531307367505,152980.01691876393,768909.4964448337,0.09947855867698967,296369978.5283301,ok,509933.3897292129
576,296364893.161961,0.008425813318306679,83623.54987207359,21046.358315291483,1.000232643025318,296302306.30968463,ok,278745.16624024534
577,296307355.71054095,0.006178293025784097,223948.96151210336,988898.7138991512,0.11323149598864879,296294676.67257243,ok,746496.5383736779
578,296294987.4556874,0.008877131761601839,97710.15668733488,145548.09469456374,0.3356627817505342,296278588.6241879,ok,325700.5222908832
579,296288020.30459875,0.002580165288999794,454459.38588010345,4221207.424346028,0.053830496845403274,296275788.4173298,ok,1514864.6195986518
580,296272570.3843744,0.009333689447641283,80886.06997333834,78893.1479097702,0.5126305142865349,296251838.05054986,ok,269620.2332444611
581,296255251.70707303,0.007021207988759291,72068.7899673427,88027.39558589469,0.409354323660638,296240500.871686,ok,240229.29989101365
582,296241889.62176234,0.00944562459322017,68742.24919202433,6435.498576048412,1.0013051932244728,296179509.9593298,ok,229140.8306399318
583,296179583.3285623,0.00864862929097028,124257.76985270795,94662.0063817502,0.6563233476776565,296138806.69082,ok,414192.5661756932
584,296139106.98563343,0.003940617088992475,354192.43511455157,3522765.294114151,0.050271932068017354,296130204.01661485,ok,1180641.4503818385
585,296134478.7307272,0.006056825888412332,114358.92489434077,589963.9417050043,0.09692026648598373,296128936.8819893,ok,381196.4163142062
586,296132621.08735174,0.008198147443895316,116093.76007050081,423098.1249594539,0.1371948411277245,296124657.35486734,ok,386979.2002350027
587,296122888.3208552,0.009176747727235915,82223.51795397143,23200.45159378548,1.0003272218954957,296063853.5350353,ok,274078.393179724
588,296066878.8488766,0.005524436419080207,171889.1388941612,612616.8863836688,0.1402908920033513,296054821.608566,ok,572963.7963138706
589,296052455.1849103,0.008286547232331189,82171.16535616621,27052.558831303704,1.0000093178969518,295997336.3168713,ok,273903.88452055404
590,295996441.75660735,0.004902862076004055,205507.6203209556,1026121.9661507744,0.10013800849223761,295986152.19469285,ok,685025.4010693779
591,295982872.31523466,0.008543989298544974,128024.23071770155,133014.46306831136,0.4812417678668258,295952067.01167446,ok,426747.4357256718
592,295957512.6850747,0.005318495637702117,209934.5909223691,1024454.814536766,0.10246161565324699,295946757.566391,ok,699781.969741196
593,295946587.92196286,0.006943594169432456,137721.816210019,376253.3867335957,0.18301737747218239,295933985.1791511,ok,459072.72070006223
594,295940784.08501065,0.0042575543216316,197827.34006434307,1903948.9565672432,0.051951849702163024,295935645.33689165,ok,659424.4668811435
595,295935189.3178778,0.009474927269112855,92903.18707735953,129950.65233593411,0.3574556395345998,295918584.93380207,ok,309677.29025785817
596,295913636.00858116,0.007233687288556944,109074.35408076445,420005.5079331837,0.12984871867218045,295906554.42602247,ok,363581.1802692148
597,295905199.15224683,0.009186466942024012,70968.57075184381,8401.67208684127,1.000042321215708,295842629.96125865,ok,236561.90250614562
598,295842811.9080104,0.008445100702461279,100234.8771748391,73869.89225325233,0.6784555528468771,295808809.4535063,ok,334116.2572494637
599,295819619.6772294,0.003956300563652253,217511.21049007348,771941.6968137223,0.14088577634028315,295804297.5593531,ok,725037.3683002449
600,295802889.4344464,0.009379845218558124,88915.08015575582,133269.31882370537,0.33359171090750706,295788058.76758903,ok,296383.6005189965
601,295786128.8139088,0.007629877913264169,107596.40895053299,221617.4381284239,0.24275257817975163,295773069.161071,ok,358654.6965017766
602,295770542.81363106,0.007624296676957729,115130.13470939858,280036.9525516597,0.20556239749852298,295758709.60037345,ok,383767.1156979872
603,295757170.06821734,0.009285937833982821,90611.67819187148,63265.89820807668,0.7161178514675998,295724725.74806505,ok,302038.9273062382
604,295730287.48607266,0.004047012170249124,239661.85459977092,1149796.3240470383,0.10421926457209925,295717798.7949565,ok,798872.848665401
605,295717854.9277392,0.008137236097949332,128980.72058835097,259917.34156842387,0.24811872845813268,295701853.6615452,ok,429935.7352945033
606,295702700.56042343,0.006071549127176599,143405.1362150496,553063.4092716185,0.1296461977152976,295693404.59510183,ok,478017.120716832
607,295693580.75131685,0.00892423923897608,80754.87952296817,13481.123517271135,1.0001573028688442,295626298.5339093,ok,269182.93174306105
608,295623758.1145715,0.00873671511057886,80104.1416829533,90206.35112553954,0.44400499900208207,295605974.7948975,ok,267013.8056098442
609,295596874.6281493,0.013894753013551479,240864.0147691068,10358893.50567573,0.011625952841253522,295595474.49131083,ok,802880.0492303555
610,295594224.90015125,0.008889674053619494,83065.44761964296,125639.81348494522,0.3305697665238745,295580495.43733835,ok,276884.82539880276
611,295575707.8103483,0.006468677357742851,147168.30428772897,812065.4119314468,0.09061357750584302,295569040.0870748,ok,490561.0142924155
612,295570683.0180815,0.012469138579428904,61561.12995287884,151461.45429647577,0.2032237516760436,295564427.67618823,ok,205203.7665094483
613,295566146.2772918,0.00816831633957714,91304.18935992483,220642.90112860437,0.20690488770066318,295556700.6357687,ok,304347.29786641605
614,295555023.07205003,0.009786703360586957,62912.519613333396,10864.248495080548,1.0005166500850242,295502953.52610296,ok,209708.3987109816
615,295498961.07182896,0.008656979217411636,84778.855723513,60121.06604874084,0.7050678014822775,295469073.6511204,ok,282596.18574487395
616,295466627.3450221,0.004249987384452779,165217.87479952053,711938.8193217472,0.11603375902224364,295457041.91948676,ok,550726.249331735
617,295459142.98722684,0.008149196214242514,104510.8236333772,260283.00287551506,0.20076382721648817,295448651.99075776,ok,348369.4121110138
618,295450149.52377367,0.00810471916417485,104150.4491129758,208305.57879033685,0.2499943825743741,295437131.01016325,ok,347168.1637099192
619,295435927.39526314,0.00779805749708042,95133.53691935711,165266.68880404034,0.28781824579349635,295422236.81140697,ok,317111.78973119037
620,295425995.6126692,0.008769496747121767,86383.59804938178,80379.392288797,0.537349161206719,295402786.53569233,ok,287945.32683107106
621,295403245.0622999,0.0032768993118838306,278636.54756790976,2294603.541896124,0.06071561872898991,295394786.2671069,ok,928788.4918930322
622,295393666.5118884,0.008746366571806762,98339.52682634426,229138.77506466256,0.21458508451612568,295383115.4140507,ok,327798.42275448074
623,295382393.5493986,0.008676720879327825,104667.56998516535,237822.45467829396,0.22005401072567088,295370877.2901145,ok,348891.899950551
624,295381642.9780854,0.004761472011582081,182068.69718478536,1199420.766499967,0.07589859300005306,295374733.5991126,ok,606895.6572826124
625,295375884.2477197,0.008836100521893344,115773.87985400314,305409.85161348357,0.18953854835128675,295364912.4411574,ok,385912.93284641125
626,295366249.54218733,0.0067841652606894925,113856.7944734092,514236.97782511456,0.11070459669678835,295359947.30693066,ok,379522.6482444472
627,295357980.2601023,0.009431801451143368,66322.30006027262,7210.940019429204,1.0003187054941605,295298852.35984486,ok,221074.33353411357
628,295301618.0363781,0.009418498236603639,77061.1669208912,19043.343346416004,1.0000044755383848,295243600.0383722,ok,256870.55640296807
629,295246222.8338326,0.009341187144886751,110560.52389244761,198576.01942110123,0.27838337230940374,295230833.7280899,ok,368535.0796412491
630,295230404.397218,0.007827095490776828,106734.12097672588,270491.0132822274,0.1972969816660058,295219875.23726326,ok,355780.40325575287
631,295218560.43987083,0.009100096556534277,73525.13835452677,32998.59395585238,1.0013669085025285,295178023.66710854,ok,245083.79451508925
632,295167821.61635,0.005980909323686018,179438.09441934188,906551.7817839206,0.09896737176239509,295158942.3580506,ok,598126.9813978062
633,295158531.95038533,0.009830614490041002,91621.7758158481,82810.32740050745,0.5532025937581709,295133189.2483723,ok,305405.9193861603
634,295136832.78167874,0.004430913294213815,238698.47967539483,1763649.286912199,0.06767175351889508,295128756.2093378,ok,795661.5989179827
635,295126479.22243047,0.009143385487671919,100330.91217052413,173793.613469844,0.2886495946755062,295111998.9838648,ok,334436.3739015235
636,295109975.7178497,0.007709577473741031,102208.20790630141,252420.7266324649,0.20245605277715728,295099629.38268256,ok,340694.0263543345
637,295100174.94439244,0.010073828443469957,71440.54985891485,30206.612310807446,1.0006805866992028,295058933.51578516,ok,238135.16619638284
638,295051675.62905383,0.003410101060012503,159200.50480114078,576969.4122184643,0.13796269042149928,295040693.7640744,ok,530668.3493371358
639,295037454.45719814,0.008783372855312294,89278.55130330179,39586.89606429866,1.0008408573872762,294987754.3332873,ok,297595.17101081094
640,294981081.44236916,0.004600333215140207,230549.2300877422,1241353.2976881233,0.09286205245400864,294970376.80502033,ok,768497.4336258074
641,294969255.9711716,0.009271677594006713,86054.18394646213,58176.72838978709,0.7395928434639247,294937433.4418732,ok,286847.27982154046
642,294943083.273842,0.004140512488943388,175591.40475894077,598825.3095052494,0.14661321254441861,294930211.2638686,ok,585304.6825294374
643,294930887.40713197,0.00932657360273643,99552.34744221014,433765.5438898645,0.11475363689501239,294925175.41016674,ok,331841.158140448
644,294930335.46952564,0.005573266161940617,126205.54289931958,538922.6339970117,0.1170905942132126,294922946.7285201,ok,420685.1429977319
645,294919910.0898538,0.00904974700120178,74445.02150485321,39838.25050723714,0.9343409983745307,294885131.57199544,ok,248150.0716826748
646,294884982.0461155,0.0027430244303274054,459979.4621286929,4737734.344839511,0.04854424379341962,294873817.3685407,ok,1533264.8737606767
647,294874692.38452965,0.006587965686458882,170804.5081377774,1512215.663694784,0.05647491698388183,294869869.2993209,ok,569348.3604588901
648,294869697.8942696,0.009807546895094417,84525.58857695875,313910.3786409639,0.13463331308589063,294864007.91425425,ok,281751.9619230323
649,294861776.5330372,0.010087485991873419,69502.82849053424,35039.38539748314,0.9917815010466278,294827310.7232535,ok,231676.09496844368
650,294831640.2042253,0.003613069028260135,315575.06887342164,2056638.4933954722,0.07672108391601992,294819534.5735549,ok,1051916.8962447387
651,294820090.8015445,0.006872133287352684,117709.2491494843,306781.4504328183,0.19184544727755842,294808799.80976856,ok,392364.1638313213
652,294806082.65119964,0.008900588694332136,97405.40739902106,293958.24112221587,0.1656789873064383,294798013.6365716,ok,324684.6913300701
653,294798155.795691,0.009738512802233111,81764.64138967995,45101.71864475152,0.9064470694975931,294761098.1359029,ok,272548.8046322665
654,294753600.5443908,0.00484974314880045,321410.1087411702,4741127.074354774,0.033895960148348406,294748153.2922722,ok,1071367.0291361555
655,294748109.12609416,0.006670003855282946,119884.25621146339,314117.1258906996,0.19082731619857363,294736670.5306605,ok,399614.1873715424
656,294736837.5224253,0.008819290070297536,101324.41724371158,346852.7778220765,0.14606257138826706,294729437.6699618,ok,337748.0574790386
657,294730885.92788965,0.009366120124866055,78432.73807136981,92156.77676204211,0.425539720610514,294714197.80516684,ok,261442.46023789927
658,294717384.4664932,0.006857451037211888,112179.5051789782,215950.8147784798,0.25973392435229015,294702816.0549372,ok,373931.68392992736
659,294710639.6885017,0.005434299669687098,131671.2682608673,605682.2662560825,0.10869665136043186,294703483.57553154,ok,438904.2275359162
660,294700577.5491438,0.01078098748208579,40872.937511420794,18974.09565287053,1.000096098890419,294678678.4263956,ok,136243.12503806932
661,294680473.8104925,0.007280761989944343,101617.25386965318,262001.07216763686,0.19392526341387478,294670620.73413044,ok,338724.17956549884
662,294677735.8251026,0.005159321982520855,164476.18379990017,1379018.6597023332,0.05963522779140749,294672831.537759,ok,548253.9459992
663,294671563.60262364,0.010334244937182541,82094.2659934929,111965.54440849664,0.3666050409846579,294656515.516749,ok,273647.5533114565
664,294657454.27577615,0.005100486628477985,128094.42643039294,524398.6630110249,0.12213458525513049,294649631.89595336,ok,426981.421434643
665,294645585.5556109,0.008386489439823645,127187.82603694676,1840764.535630757,0.034547554446816994,294643388.5414384,ok,423959.42012280325
666,294645017.70020247,0.010820602002906724,59574.96421597701,19726.7075849169,1.0000080890731669,294605169.28080803,ok,198583.21405325638
667,294602214.05657125,0.005130999054588365,209563.7030826068,1401349.0646894325,0.07477212793125544,294594379.29456294,ok,698545.6769416033
668,294592610.07650626,0.01009403877813701,85576.26317888418,79123.53300825247,0.5407763021019214,294569471.2689315,ok,285254.2105962796
669,294571987.53994405,0.00558416354775312,161972.52781868065,649748.7345822392,0.12464243421945416,294561893.21487206,ok,539908.4260622688
670,294568027.13430184,0.008849328444086459,95999.5886699411,124977.44312627875,0.38406766160571043,294549591.9655341,ok,319998.62889958
671,294549696.47138494,0.005600089778321997,157838.05742918194,734433.7883544045,0.10745560725279188,294541216.17923063,ok,526126.8580972732
672,294542301.2599275,0.009344305099801144,83667.31328227265,68895.41749392689,0.60720521281149,294516899.64554405,ok,278891.0442742421
673,294533885.34852976,0.003669314562884429,219444.56651295285,1280419.6037569174,0.08569244248880367,294524482.97808206,ok,731481.8883765094
674,294525446.6050794,0.0076692114333575005,99387.80295777084,195265.5096350524,0.2544940044545624,294512799.8050951,ok,331292.67652572267
675,294512030.382945,0.009998351539122298,90496.88363983454,123297.25778158341,0.36698660322254073,294495424.81098044,ok,301656.278799271
676,294488873.07221735,0.00882104426848595,102322.27525968161,292828.9630630249,0.17471337908207363,294479934.5369844,ok,341074.250865391
677,294478577.4064076,0.007812874076586785,98639.75790357296,184701.92865201485,0.267024168679402,294465407.80673116,ok,328799.19301190984
678,294462813.35401696,0.00999972259870488,82327.27181679924,121765.31125712984,0.3380571649135363,294448897.69196427,ok,274424.2393893307
679,294450285.6236394,0.005290061255794192,132879.40797460102,542848.201569933,0.12239094427347265,294442154.0055312,ok,442931.35991504806
680,294437773.474141,0.009955085529365769,61542.092733231024,28082.207305789838,1.0002703143142342,294404312.1371021,ok,205140.3091107701
681,294405750.51655126,0.005229574121502519,255282.7396883726,1681929.3529769573,0.07588985210244738,294396063.8318716,ok,850942.4656272648
682,294394227.9503585,0.010014351034904972,87087.55890225279,54113.107512262904,0.8046808149256383,294359189.10642487,ok,290291.8630075018
683,294357602.90690196,0.006554454031065267,136372.8990863295,610282.8332283205,0.11172926032093496,294349984.4853306,ok,454576.3302877649
684,294353584.3577323,0.006667656057466787,160931.5112355587,1943782.8595765338,0.04139647349051599,294350253.35921293,ok,536438.3707851955
685,294351851.28795063,0.01032090990746172,93327.3660607861,171072.75217683736,0.2727709844882658,294339122.7891906,ok,311091.22020238265
686,294347253.35337234,0.004335113655582942,221913.89936504766,1007376.3273172914,0.11014448788766895,294335032.05697197,ok,739712.9978828828
687,294335811.5899769,0.006963014069686822,148319.66700065794,1239180.3194138715,0.05984587742275179,294331373.4296716,ok,494398.89000219293
688,294328962.97163385,0.010729110674396398,72500.21685224587,37319.42718808165,0.971346860267453,294293751.5426298,ok,241667.38950748625
689,294281688.2453105,0.006600486783406841,185763.29923266204,1469560.7595627822,0.06320368110806442,294275817.78314734,ok,619210.9974418479
690,294275076.7870175,0.009880564057938482,79917.34950339525,103312.6740078168,0.38677417979399403,294259621.8033648,ok,266391.16501116677
691,294259536.25427043,0.00969249683474815,69148.54928021196,25872.278594142255,1.0000023648328749,294216259.942427,ok,230495.1642673732
692,294213282.7546575,0.006909148689581133,118909.21082667432,478713.25345826946,0.1241966980939665,294205898.68897873,ok,396364.0360889144
693,294203014.7701908,0.010639706366499503,80416.09579209347,75514.87131650701,0.5324520481207196,294181605.91273755,ok,268053.6526401439
694,294180141.6039402,0.005666141976980056,165325.0808709081,1224375.7589670955,0.06751402894907818,294174560.72279227,ok,551083.6029030269
695,294176185.87691337,0.010134665897783897,87235.8134876269,199146.35645454074,0.2190243774496077,294166632.49204314,ok,290786.04495855514
696,294168544.6194835,0.010038505452362886,78625.61874685122,38681.6271941337,1.0004204339287097,294128600.1040275,ok,262085.39582283737
697,294124635.82705814,0.00363421504466022,370360.00563960045,3860914.269983684,0.0479627336611602,294115754.08790356,ok,1234533.35213083
698,294116609.5516339,0.006036626743287551,117888.60383886262,629086.5447293131,0.09369823979432622,294111086.57429814,ok,392962.0127959547
699,294111023.15104663,0.010185679479753082,63193.23568258008,18477.779865421395,1.0004299475347644,294066296.4178211,ok,210644.1189419336
700,294062974.069319,0.008985354163361757,98570.20977729419,160476.41026623282,0.3071174436596778,294047837.7538951,ok,328567.36592406104
701,294047399.1052968,0.0067392735821468295,96130.09598501924,403555.6073840818,0.11910390318716096,294041674.37047404,ok,320433.65328339743
702,294043996.5515265,0.011663940735528467,67553.4454884101,34931.483698858545,0.9669421154678515,294011336.41578263,ok,225178.1516280337
703,294009067.8484671,0.0033769095149720333,448466.5100384664,5135704.531681018,0.04366163466686765,293999277.45800626,ok,1494888.366794888
704,293997880.97524273,0.006611808901128337,234513.1994425786,2970364.2983376146,0.039475494567084844,293993252.21297747,ok,781710.6648079347
705,293992561.63910323,0.010399502663648658,101224.51926899313,407520.3899238622,0.12419564980282961,293986275.81662995,ok,337415.0642299771
706,293984319.79150647,0.010832553479722062,71793.41876476308,25034.28454715912,1.000258138756361,293937555.0509314,ok,239311.3958825436
707,293933588.2035007,0.0063375796169348585,157394.2252907811,544815.8974099346,0.14444716650068062,293922220.6285673,ok,524647.4176359335
708,293926189.6575182,0.006049031935803083,123455.1569378631,776503.0220511901,0.07949431839411723,293921282.66574174,ok,411517.1897925516
709,293922045.67190945,0.009156340094820215,83552.88907901745,161507.77076260737,0.2586652291852504,293911239.5583081,ok,278509.6302633915
710,293907508.04727423,0.009644386628578713,79684.12314808014,194147.70302341692,0.2052152096243681,293899331.85025644,ok,265613.7438269338
711,293894954.8548185,0.009896702772238806,66649.13321895538,48978.676735749235,0.6803892802018944,293872281.17693007,ok,222163.7773965148
712,293875698.4303682,0.004468039061129916,255348.05893894035,1943706.0981439317,0.0656858717433606,293867312.05044353,ok,851160.196462543
713,293869766.4153643,0.009392162959391085,101835.3300182426,257939.3361643778,0.19740170602235266,293859715.18142486,ok,339451.1000608045
714,293859662.59214115,0.010674949788239817,62705.36340554146,17225.780105395195,1.0028547088937234,293814102.4928369,ok,209017.87801847127
715,293806873.3041305,0.010269487745947435,86809.51860239278,243784.9236575865,0.17804529767460725,293799145.2908402,ok,289365.06200797594
716,293791896.2892304,0.010272009728910602,73873.49010477692,58059.630143860115,0.6361863649642034,293768397.63566196,ok,246244.96701577352
717,293768857.0328679,0.0033673879803631157,313428.09363260167,2048157.6262247802,0.07651464165146334,293756866.113734,ok,1044760.312108041
718,293759272.4706631,0.008082446356022222,95333.21706928933,421881.4319899746,0.11298579392272802,293753886.8210542,ok,317777.39023096435
719,293754021.9710501,0.010342121371995442,62692.251336594585,33220.08481048947,0.943589573811068,293724444.0936901,ok,208974.17112184849
720,293733858.7063167,0.0032500281795689936,1422281.7627979487,78691543.67762344,0.009037068637416918,293727432.07736063,ok,4740939.209326491
721,293726125.0018207,0.006509942188933094,150457.11779848346,909281.254648125,0.08273409191565682,293719901.035314,ok,501523.7259945921
722,293718386.7614193,0.01066523189727617,68865.8974018811,57891.85573399443,0.5947805311191868,293697906.71390295,ok,229552.99133944116
723,293694179.1733054,0.005284189399429638,99184.55363342034,318573.63763771387,0.1556697446293631,293686459.1562378,ok,330615.1787780614
724,293686260.81120455,0.010467953415413577,71107.20328097574,184223.9179574603,0.1929912360711906,293679399.2776772,ok,237024.01093658578
725,293675603.9760926,0.00977482062895699,76183.09218631755,396087.9922640556,0.09616940386257583,293671940.73481256,ok,253943.6406210585
726,293670792.3935431,0.01091778258826056,46437.10379564474,11021.549060513335,1.0001526685147724,293635373.1148682,ok,154790.34598548245
727,293632008.6075083,0.005549927405141311,155460.26359590807,1197820.5293806447,0.06489297009974093,293626964.4683897,ok,518200.87865263334
728,293628486.3596945,0.010506629006777492,65612.59025813795,26235.56742280987,1.000080815869111,293589108.27499235,ok,218708.63419379317
729,293588428.12648153,0.005829466432165089,256407.6478206678,2910845.5791784143,0.04404349884699806,293582781.58151096,ok,854692.1594022254
730,293584059.0055463,0.009633152632034665,78902.02603321677,77597.01356497758,0.508408909107993,293564001.75905526,ok,263006.7534440559
731,293564668.66279215,0.0047481876138409825,232580.23868157945,1687957.2952678443,0.06889399374427707,293556656.9720378,ok,775267.4622713019
732,293554340.45942295,0.01046764523830409,70476.29619762168,70568.88949044069,0.49934395104211216,293536744.5033239,ok,234920.98732540561
733,293552264.50890774,0.002263053293985656,325730.4369135503,1534348.5779906514,0.10614616573638033,293534976.99043673,ok,1085768.1230441157
734,293535520.7231299,0.01087462378571345,55748.43281568599,13685.646173645458,1.0000315658055292,293493457.0407542,ok,185828.10938562
735,293501084.59048325,0.0037203257689621076,204541.96454229034,1207847.0262319692,0.08467213152827173,293492425.08842087,ok,681806.5484737412
736,293491682.7498505,0.0108651765423677,58390.157468785226,18907.377974006304,1.0002795042502552,293452194.2209206,ok,194633.8582292759
737,293456543.94305813,0.0065701816688985715,154667.8711424865,794946.0787036848,0.09728198885810137,293449020.74399954,ok,515559.57047495485
738,293446636.8948644,0.010925536167850797,50908.651762726135,15257.912956436223,1.000363241979998,293410978.75054085,ok,169695.5058757538
739,293406436.27346104,0.010096435163266401,106858.03657191359,435724.4878666115,0.12262110524830783,293399884.7481865,ok,356193.4552394655
740,293401995.99940485,0.008300590394940568,61256.89732028512,272654.17807701003,0.11233441891908835,293398555.3704222,ok,204189.6577342837
741,293397346.7491998,0.01155234178111231,47329.836836991526,15540.110789525159,1.0004366975604944,293365549.9299486,ok,157766.12278997176
742,293370060.57563883,0.007326686670539596,46385.98101683315,52833.724825354904,0.438980794654975,293359879.29823506,ok,154619.93672277717
743,293359074.38518184,0.01222216213942257,52275.19827897534,13215.074478646738,1.0000012719231204,293320014.2285086,ok,174250.6609299178
744,293317340.4368564,0.01016367541944301,66415.21078994212,27771.48549913335,1.0001459252604938,293278695.1256225,ok,221384.03596647375
745,293279332.14691085,0.007275121131925628,235147.9573750043,2958812.035081508,0.039736886728008486,293274660.1230376,ok,783826.5245827725
746,293272885.90050024,0.009041811710026711,106314.39934342868,361007.5851447855,0.14724676671376624,293265058.67472106,ok,354381.3311447623
747,293266772.24598384,0.007279784378229946,106651.99360131941,660018.6947417076,0.08079467631068897,293262463.78933334,ok,355506.64533773134
748,293261145.9920425,0.010349558451664343,69083.44177392998,99634.59752154115,0.3466840008009971,293249170.93005085,ok,230278.13924643316
749,293249196.4948187,0.007613382256123521,109427.66046976701,515837.0691718034,0.10606804649136345,293243393.1057296,ok,364758.86823226034
750,293244533.1456517,0.010734544901980113,61571.1788330733,44461.50310724934,0.6924100011256061,293223216.89564914,ok,205237.26277691103
751,293216927.3302858,0.004462708533678025,278555.2397486329,3358055.9150711168,0.04147567026779744,293211150.6976482,ok,928517.4658287716
752,293209476.4213131,0.009203173000896446,88533.90335397089,178278.50205498346,0.24830224153068622,293198484.837986,ok,295113.011179704
753,293196985.35838807,0.009153812059463461,95552.43077373655,460657.48897201254,0.10371309819250749,293192030.3390704,ok,318508.10257912177
754,293191324.6273733,0.011275350196023702,67753.49442442761,100959.05595652337,0.33554936594100443,293179957.30632603,ok,225844.98141475773
755,293183699.29203904,0.004485416565577715,109048.37187072713,573945.3177561318,0.09499892106190296,293178519.5532034,ok,363494.5729020447
756,293178955.86173517,0.012232622475049743,56257.00128144436,15186.801878060596,1.0001476650788725,293137881.840589,ok,187523.33760481214
757,293133497.07247496,0.008875171532790285,62612.655048035274,92579.19662457219,0.3381572606529659,293122910.61051834,ok,208708.8501599977
758,293130461.3127715,0.007102204936787949,102676.25417569876,766140.701117779,0.06700874527739932,293127021.20929044,ok,342254.18058566254
759,293124811.34822255,0.012988277461324436,48860.59205320999,25429.190219719778,0.9607185999835669,293101340.70842665,ok,162868.64017736661
760,293113791.8558477,0.0025726228680117017,260202.76168488755,1153739.85428668,0.11276491867647342,293099120.9842173,ok,867342.538948784
761,293095821.92464805,0.009480357839230073,93193.53965920671,336116.6335598923,0.13863273987986174,293089362.08677703,ok,310645.13219718233
762,293086322.32321966,0.01080162548018709,56908.408672721125,17839.838848706062,1.000249198856523,293047248.46432805,ok,189694.69557573693
763,293048991.9087099,0.005137167785023662,214608.3292411895,1228485.814584713,0.08734668593374739,293039619.2455434,ok,715361.0974701039
764,293039867.71442664,0.01079341118661418,66785.0683509979,74527.67360681892,0.44805550152639806,293024906.0057794,ok,222616.8945033263
765,293020860.6758511,0.011302922225040167,60770.44337126716,28589.182597713567,1.0000009124896814,292988679.41179985,ok,202568.14457088502
766,292985898.2305119,0.0054516054819209745,230087.94738707604,2097261.9118567966,0.054854366563918865,292979587.56620795,ok,766959.8246235868
767,292976939.3990382,0.008486076056395276,76507.62455422402,423727.1908732252,0.09027934270226513,292973485.87000996,ok,255025.41518074667
768,292975325.50679696,0.010755155080895109,58437.76756324632,26004.26998177492,1.0031991442892694,292942871.70733005,ok,194792.5585441528
769,292945436.1582249,0.005487000921174251,211552.06203213634,1090682.2557403625,0.09698152735075596,292935177.83717984,ok,705173.5401071211
770,292936914.97950983,0.01078216088045257,101404.26545419788,364912.89676701854,0.13894310992102346,292929870.2675091,ok,338014.21818065963
771,292932045.306041,0.01300852069521649,62116.84112016986,37830.02697878876,0.8209991649622492,292906546.3686961,ok,207056.13706723286
772,292902715.66093546,0.003948483172744162,152979.74033729304,797580.6503030597,0.09590236440613545,292895380.1015332,ok,509932.46779051225
773,292895926.8184268,0.009823912831430982,133120.86039247818,3184208.6907067196,0.020903287648984567,292894535.4866084,ok,443736.20130826044
774,292896523.49475515,0.010741358738695842,60825.787295083006,50669.80165338904,0.6002173415949684,292878269.1485798,ok,202752.62431694334
775,292876989.4144822,0.005376474555889312,237340.27523054596,3456323.323136706,0.03433421197053309,292872914.9688227,ok,791134.2507678142
776,292872697.0967127,0.008696333375708819,108211.57414094894,1121528.6039227298,0.04824289534946378,292870086.8768892,ok,360705.24713649385
777,292867239.5185314,0.011381031527603822,56601.843032856355,103674.14122016028,0.272979560605464,292859513.9454111,ok,188672.8101095211
778,292855081.7711901,0.00930676517188119,70943.6715550038,196624.48275172003,0.1804039623198531,292848682.5114651,ok,236478.9051831781
779,292846762.5569083,0.010847015247572681,47712.141166511676,14620.585266585029,1.0003158550228721,292813665.16831815,ok,159040.47055493275
780,292820111.303894,0.006550704265419325,110966.89246256907,378982.89796170045,0.1464009234445498,292811988.47612983,ok,369889.64154164714
781,292809842.74861884,0.010494728816755023,68460.44799956187,117139.55313467704,0.2922174712449684,292799840.0791215,ok,228201.4933317171
782,292796212.5670633,0.008471246989138054,65804.43981551973,145532.65515569324,0.22608135522959108,292788773.9885965,ok,219348.13271826942
783,292787159.71371806,0.012779426723119896,24071.568849557374,3510.0404163387147,1.0002771255773701,292766593.46015096,ok,80238.56283180922
784,292767871.6012442,0.009020294359989911,85815.3506718637,372343.5186844421,0.11523679930708217,292762927.0580728,ok,286051.1689062124
785,292768123.2481561,0.0056215210912465416,122109.96353604225,874976.779070481,0.06977897382931923,292763862.89418113,ok,407033.21178680746
786,292762723.9069787,0.0131707377515631,48485.74361268631,15183.613954232262,1.0016444510269884,292729392.0233683,ok,161619.14537561662
787,292734024.53432155,0.0056460383820642005,185034.61701143422,1542007.7267041164,0.059997953903553634,292728473.6851105,ok,616782.0567047804
788,292729473.5885435,0.01231151840577167,51257.57017086258,47785.56139549727,0.5363290570830509,292715728.12640446,ok,170858.56723609555
789,292710648.3888067,0.009277321942274834,77356.56928526863,456313.2691999286,0.0847625682909691,292707369.91806334,ok,257855.23095071703
790,292707134.6989349,0.012451775321675953,49736.5552951567,14840.944544863189,1.0013602220730007,292672211.8368438,ok,165788.5176505216
791,292674411.44172823,0.007074370313237878,186004.30512694473,3203285.436618628,0.02903336415178941,292671711.276366,ok,620014.3504225763
792,292670789.5011194,0.010680627166970744,70537.28237850286,64335.76805818282,0.548196473808408,292651455.3563834,ok,235124.27459486036
793,292650351.9553156,0.008079818408612514,123255.22618557706,759663.5811553427,0.08112487503884482,292645352.4229045,ok,410850.7539519236
794,292646552.6227127,0.008299025444489233,83284.23571763845,588586.8507553862,0.07074931729340567,292643606.4713035,ok,277614.1190587915
795,292642173.962737,0.011084390552990932,49023.20192969851,23486.777387722468,1.0018592936805855,292616633.8084922,ok,163410.6730989947
796,292624329.2448644,0.004844815863321992,351741.159686254,3726915.2757558445,0.04718931524609429,292616030.03262967,ok,1172470.532287513
797,292614766.7975279,0.008204506091710442,135805.0672878011,1355968.8854345854,0.050076763835283665,292611366.45838684,ok,452683.5576260036
798,292611817.78747076,0.010743164993756504,71800.05902269091,225465.00292952,0.15922661630358548,292606101.54724646,ok,239333.5300756364
799,292606998.00130254,0.012221779775806452,54470.27058727059,32378.334012418236,0.8411530773383726,292584089.0834386,ok,181567.56862423295
800,292581372.30133295,0.00868696153912107,83172.14147384182,328930.1628063084,0.1264282678794921,292576114.64644176,ok,277240.4715793044
801,292578842.4802655,0.00929908836816458,69540.40648079464,241328.05308771148,0.14407858015479028,292573832.83875096,ok,231801.354935982
802,292575067.4573125,0.01255819828503541,51453.691272272714,45546.63693407891,0.5648462184677133,292560535.74584186,ok,171512.30424090876
803,292559337.1389025,0.004538307985994929,150088.50669239226,1058953.398776941,0.07086643608006732,292554019.02011955,ok,500295.0223079738
804,292553326.8493726,0.012095743939961833,50949.684620813714,10841.041977197789,1.000008474424987,292513217.9587037,ok,169832.28206937906
805,292507578.69053644,0.012350825882486509,86124.81972374799,704041.9251414847,0.06116455330869699,292504944.79747283,ok,287082.7324124931
806,292501972.19810975,0.011644665597503845,59615.86070337963,44217.42283066063,0.6741218380330573,292481878.0213131,ok,198719.53567780985
807,292485962.6953495,0.004071835312360234,306944.05001068814,2843676.279719222,0.0539695837039853,292477679.8740498,ok,1023146.8333689373
808,292477792.8422369,0.008270278322573666,92706.06224937105,325210.0187132605,0.14253260495506215,292471186.02396315,ok,309020.2074979033
809,292472999.9628926,0.009219572575055214,87752.47695558176,331534.47676966275,0.1323429131875005,292467193.2536727,ok,292508.25651841523
810,292466815.54786587,0.013261136281277326,49998.21866299496,28551.34725982455,0.8755842273921157,292444926.72203636,ok,166660.72887664894
811,292438746.1819793,0.009546392349657672,79279.04839735005,83872.73052448366,0.4726151628878194,292420011.9417934,ok,264263.49465783354
812,292412446.220778,0.01055055688391938,60283.45876220373,112538.27375031252,0.26783536282044806,292404373.19975317,ok,200944.8625406788
813,292400063.971945,0.011710216621411754,44254.43387538011,19824.877440689907,1.0047947498316714,292375612.79299295,ok,147514.7795846003
814,292374715.74412596,0.005196216861648943,123962.28588507799,742562.1497612859,0.08346930012856742,292369542.2215034,ok,413207.61961660156
815,292370369.7204951,0.009935658409809657,65406.234142726666,254166.8914268975,0.1286678878109082,292366161.8794967,ok,218020.7804755915
816,292365905.72889817,0.01243797729314346,40853.984903679404,7698.130681264891,1.000877693073951,292332727.53653836,ok,136179.94967893136
817,292324557.4542346,0.012893886468014976,64063.664477851125,98546.49574629575,0.32504283380497173,292314145.7367117,ok,213545.5482595032
818,292311574.44394016,0.010379937433216158,51185.326532912666,95493.81296036954,0.26800336559057947,292304715.5240503,ok,170617.75510957825
819,292303981.56242764,0.01398324530140637,53430.23246704642,118732.13290387561,0.22500325379610178,292297970.5743495,ok,178100.77489015475
820,292300048.7604431,0.011837150854300711,58522.313020478396,324310.2297101982,0.09022582030911207,292297408.6485937,ok,195074.376734928
821,292296414.6044428,0.012709992272023329,55666.281789930596,47189.020815739146,0.5898223869413708,292279997.994844,ok,185554.27263310197
822,292280553.37562567,0.005115982857745678,160205.88627476784,1275361.5395776252,0.0628080278819702,292275522.2677397,ok,534019.6209158927
823,292275838.8113246,0.010923122333439525,50620.83707328142,15634.83131103574,1.00000092683158,292240852.78762704,ok,168736.12357750582
824,292241915.16737795,0.01147732240909796,79359.25019794896,185111.01577007037,0.21435582822505408,292233409.60847616,ok,264530.8339931632
825,292232094.32320005,0.01295070326726498,42455.36195036631,25974.422624517774,0.8172532372344602,292214745.93220407,ok,141517.87316788768
826,292211354.13970315,0.0068310333270224215,97718.77164677775,549289.9488719729,0.08895008168951021,292207008.0933429,ok,325729.23882259236
827,292206744.10831356,0.01199227817854673,51304.00654903362,40633.785893308996,0.6312973972415606,292190550.0654123,ok,171013.35516335603
828,292187731.056423,0.005030719909884224,247712.9215997825,4227097.868954651,0.02930058982299376,292184101.98906815,ok,825709.7386650866
829,292184503.81742084,0.013484439178911739,43561.40153878316,13279.005242160158,1.000414604204951,292154214.3737294,ok,145204.6717959433
830,292157930.22099024,0.006886985190443484,115045.74258049372,583801.722312094,0.09853152036351097,292152262.4050264,ok,383485.80860136234
831,292150291.66592956,0.012093202127125679,48165.74472146307,14399.347262988409,1.000572367604678,292116514.18811625,ok,160552.482404773
832,292115838.2141768,0.010566595693790135,77377.61912894218,145402.92516294116,0.2660799947533085,292105543.8959309,ok,257925.39709628967
833,292109707.8578851,0.007525664378030353,85160.39132771491,410432.0120982708,0.1037448210878404,292105290.3831041,ok,283867.97109219263
834,292105803.41389894,0.012692447052330684,58864.315304568445,53056.03294361972,0.5547372470075262,292089476.2997894,ok,196214.38434856146
835,292090057.0937264,0.006875651301947194,82244.95273761018,363533.4077469332,0.11311883720307683,292085405.3670166,ok,274149.8424587005
836,292085298.48798645,0.011397421766841505,66231.03641294599,214377.21703795818,0.15447312295601578,292080183.0304708,ok,220770.12137648667
837,292077946.654818,0.013685490245609484,51194.607849334105,34869.34571232408,0.7340918907927786,292059155.8815807,ok,170648.69283111364
838,292058667.2745244,0.0080214364497248,125743.37965271938,742169.2821253926,0.08471340884159263,292053341.19935954,ok,419144.5988423979
839,292053252.2245953,0.014470068744328884,52445.75610234753,45768.97071540727,0.5729400867288091,292038228.0865704,ok,174819.18700782506
840,292039035.93977034,0.005507993728465279,112522.23859480133,606885.1726221974,0.09270471884213383,292033820.26852417,ok,375074.1286490232
841,292032756.49653614,0.01239331804655349,46613.04658851898,21064.03450486838,1.0020289880644344,292007198.4712028,ok,155376.82196172993
842,292010605.94932115,0.00528016288385439,169333.314650796,938320.1504839547,0.09023216359760548,292002966.2936461,ok,564444.3821693199
843,292003007.39470786,0.008280173475997516,73476.02755389991,533864.804989534,0.06881520084035167,292000479.2609113,ok,244920.091846333
844,292000979.8105272,0.01280120563566212,50675.32702659589,109781.87653731427,0.23080005837471554,291995131.8763092,ok,168917.75675518732
845,291992090.95413077,0.00988698544411944,46702.592951742525,113301.19762005926,0.20609929079634956,291987278.26848793,ok,155675.30983914176
846,291986924.3958158,0.010968833607460138,60056.37631366311,140314.5537718116,0.21400622636526567,291980498.17658377,ok,200187.9210455437
847,291978854.00117743,0.011757912885709095,49733.190074992206,67873.46793260497,0.36636694418189175,291969743.7027413,ok,165777.3002499715
848,291968240.9325077,0.006276518346971063,79914.11534791674,390402.5988651732,0.10234833935559345,291964151.39400923,ok,266380.38449286605
849,291964988.41493857,0.010780744626889525,55342.68178362914,146561.06064349777,0.18880418011659783,291959763.95010877,ok,184475.60594543046
850,291961812.3273915,0.00853578632994449,86734.50174975811,670277.6703002552,0.06470042610169666,291959006.4477811,ok,289115.00583252707
851,291959061.8775001,0.01321075451923368,26064.685669736988,1955.2810046341456,1.0000290759501762,291934951.82868445,ok,86882.28556573777
852,291937159.4437477,0.010520456666054686,44672.64922299519,31064.712713330217,0.7190256294214119,291921099.0538849,ok,148908.83074331726
853,291919472.33519346,0.006569780667637941,172751.3859224462,2430298.3665234935,0.03554118874909268,291916402.4403866,ok,575837.9530748207
854,291919598.6836028,0.011060538091102728,69043.2590841972,226678.91446451566,0.15229307773794998,291914341.2783913,ok,230144.196947324
855,291913948.3605082,0.011781648722208538,41919.35142239872,8714.636692556574,1.000471689361941,291880732.096008,ok,139731.17140799572
856,291876141.05987936,0.010153670477568037,74966.62154031325,261350.7488006904,0.14342147838551594,291870765.1480339,ok,249888.73846754478
857,291869544.97239804,0.011944155340295306,49563.91413069652,39044.37135250687,0.634712666817137,291853815.5503401,ok,165213.04710232047
858,291848856.4055197,0.008028556398013245,103613.80267318638,557046.2290965427,0.09300287593835312,291844038.214702,ok,345379.3422439546
859,291845023.52210623,0.014214775503474794,52989.77413391276,110142.42384524558,0.24055115315223802,291838650.1464696,ok,176632.58044637585
860,291843038.0063448,0.008678581937271173,64137.802478820624,165456.66048001897,0.19382055183739821,291836822.39420974,ok,213792.67492940152
861,291833899.91766834,0.012518432538921903,37023.44877849146,8921.131685152737,1.0041265443276475,291805718.6004755,ok,123411.49592830484
862,291803878.7712962,0.012069162799606473,77058.91728857197,712839.1642832658,0.05405070396633717,291801796.226933,ok,256863.05762837964
863,291801655.4345118,0.014249115714691786,36847.59830443135,27239.699493364365,0.6763583848163869,291789194.34347504,ok,122825.3276814355
864,291786252.3692347,0.005577597854395806,196896.78000425894,2760688.99689193,0.035660804282179465,291782741.6204669,ok,656322.6000136717
865,291782110.45796233,0.010293740625722867,66929.98461086463,258733.00649040446,0.12934179817012803,291777782.03568184,ok,223099.94870270576
866,291778144.9380389,0.01281054855022713,28163.2361780002,20438.237599202617,0.6889839703962285,291768442.92889833,ok,93877.45392666718
867,291771810.5689903,0.00751990434827149,87180.94248052724,336752.86509233277,0.12944350518981254,291766168.06560004,ok,290603.14160153596
868,291767011.0584092,0.012147665896187794,36137.00320227589,5220.13375966206,1.001061082329795,291736066.9284918,ok,120456.67734084693
869,291735764.5550034,0.011336232316578789,58740.68804802453,88853.67579710881,0.3305473156909952,291726056.26662534,ok,195802.29349341508
870,291723457.5250415,0.011954022795941191,65898.4277055691,151004.77750142344,0.21819981061509103,291716268.01281893,ok,219661.42568523032
871,291716390.24018955,0.011569501123382436,37827.221571777016,6776.3478558535435,1.0015650826956133,291685301.3914318,ok,126090.73857258963
872,291680643.1962501,0.011688502039577883,60523.30688775429,196369.06839688215,0.15410600911297914,291675979.69360864,ok,201744.3562925143
873,291674115.25707287,0.011167209536895291,46155.9153025046,56660.00301966378,0.40730597284372055,291664715.4670805,ok,153853.05100822987
874,291667116.55515563,0.012655704512593282,83297.88074168921,1394740.6921934048,0.02986142198615172,291665872.85857195,ok,277659.6024722974
875,291665396.05118227,0.013395486910604557,36062.306981526526,4802.93558657384,1.0002825822806567,291634129.20405084,ok,120207.68993842177
876,291635162.6263702,0.01143130558560658,46940.87451955979,58498.59120874935,0.4012137177120521,291625745.9649809,ok,156469.58173175907
877,291627398.16360503,0.01202887613315399,58128.91332324511,155717.3611155607,0.1866487876072681,291621973.31800663,ok,193763.0444108158
878,291625177.27455187,0.012608255786622011,42831.28308004867,33039.79952346675,0.648177103036407,291611296.1460588,ok,142770.94360016222
879,291611365.7832211,0.006725687465934183,69395.072987898,476085.0541216967,0.07288096148693556,291608836.9934002,ok,231316.90995965997
880,291610040.15951645,0.011127883740603712,54851.98498135155,220972.92860767833,0.12411471696321981,291606636.1902211,ok,182839.9499377003
881,291605512.4113171,0.015145096877978135,50356.386070513385,30749.625204477285,0.8188130056164272,291584896.17940193,ok,167854.62023504463
882,291588719.34027815,0.0037642786823141442,278017.4198915039,2574932.793499453,0.0539853740247848,291581214.90307903,ok,926724.7329707679
883,291581531.4229249,0.008167316899446784,112728.33367044175,918279.0194615738,0.0613802184746305,291578071.7780504,ok,375761.1122345392
884,291578681.7972019,0.010029539170033522,66986.04869760342,208009.41386096703,0.16101686806919402,291573288.855319,ok,223286.8289920113
885,291572163.9900942,0.014392312002856298,32790.76788740169,39632.63397256104,0.41368393418040056,291565381.4831619,ok,109302.55962460024
886,291563518.8238472,0.011529524892487182,42879.18409262184,362708.32663828915,0.05910973217797548,291562251.53530335,ok,142930.61364196765
887,291562634.28161854,0.014652947296099943,56780.47671863898,200260.10521100025,0.1417668203529937,291558609.48779726,ok,189268.25572865165
888,291558016.8783837,0.012910553579998024,36848.964141989556,35913.179577018214,0.5130284282259733,291548564.595306,ok,122829.88047329852
889,291552064.14265126,0.004182736773121513,128947.00618625079,672998.5621442077,0.095800357860661,291545887.55798244,ok,429823.35395416926
890,291547136.6397497,0.011972077452513274,53614.93459041776,115689.14250702443,0.23171982015149936,291540924.81824934,ok,178716.44863472588
891,291537105.4189861,0.010505916933256003,37793.20974105267,121663.29807419672,0.1553188609025064,291534170.41984266,ok,125977.3658035089
892,291537701.20853066,0.010691906105120783,43226.52401876267,285223.8387081227,0.0757764922710362,291536063.4313491,ok,144088.41339587557
893,291536711.1836308,0.013363672616292972,41503.737671654955,65878.29039886931,0.3150031476254528,291530174.2796284,ok,138345.79223884986
894,291531734.5714903,0.007136303053818095,116196.2678429597,1486669.0002941422,0.03907940093590769,291529464.1312212,ok,387320.89280986565
895,291530101.46354234,0.013063180801164422,35476.8330093937,13616.717299654945,1.0001617132864105,291508240.01512164,ok,118256.11003131232
896,291509524.59189117,0.011262997850931876,52616.2590702751,60851.293459068795,0.43233476298796397,291498150.67294395,ok,175387.53023414232
897,291497261.3780157,0.012006491773076711,64413.39574279158,145211.14860214628,0.22179218456316077,291490118.1841372,ok,214711.31914263862
898,291490121.39896476,0.013783627470642767,79307.3335953443,461339.604441718,0.08595331165131234,291486713.03498435,ok,264357.7786511477
899,291486775.5812523,0.013064119046657182,37979.35759948048,13757.119903103774,1.000171195671291,291462551.5523762,ok,126597.85866493467
900,291459604.2343335,0.010118373579047149,75092.08020424888,184630.76819832087,0.20335743857055513,291451968.9677899,ok,250306.9340139732
901,291452190.51183426,0.010185602044700794,61700.84234529051,277891.45560942,0.11101608397778849,291448765.61888665,ok,205669.47448430146
902,291448373.1374518,0.015454535196849377,44203.43202934645,32561.90905589516,0.6787598348958543,291433371.3803388,ok,147344.77343115484
903,291435029.44584715,0.009722503335924887,116116.68671696426,1523000.2042054264,0.03812103452000001,291432816.20173585,ok,387055.6223898809
904,291432597.73597676,0.015756607516208377,30950.724341069323,54858.51701776433,0.2820958897872397,291428232.19991547,ok,103169.08113683583
905,291429220.7515582,0.013369222789939713,40956.40781069257,7779.226693396821,1.001730704998099,291395999.63737565,ok,136521.35936897522
906,291396962.0250664,0.01346736354617658,69519.93981420378,146665.84152237294,0.23700112818566196,291388723.8729827,ok,231733.1327140126
907,291391109.3162403,0.012037250565954713,34619.04780966279,19193.35322823196,0.9018499112166812,291375498.72364354,ok,115396.8260321385
908,291370494.9462922,0.011964918752104502,65863.97637682359,248604.32644779736,0.1324674781769212,291366132.5288655,ok,219546.5879227453
909,291366332.6849055,0.011736006629702336,46385.135734294476,53603.499893310254,0.43266890992768336,291356297.98184806,ok,154617.11911431167
910,291356286.12087035,0.005553567956273555,139981.101635238,1338370.876234222,0.05229533312511374,291352625.94169974,ok,466603.6721170999
911,291352090.6353675,0.009608237366289582,69544.38924596632,272360.1374077145,0.12766991144129983,291347651.2723594,ok,231814.6308197402
912,291348344.9340527,0.01381204399167969,42133.35675941028,34340.05214138162,0.6134725216191111,291335421.10574496,ok,140444.52253129275
913,291333286.2867197,0.010529964137750808,66368.99073801858,236710.60763609796,0.14019014906178082,291328634.14736736,ok,221229.9691267286
914,291328040.81036824,0.012361182504474457,40693.29199196097,12560.147395424068,1.0000410984424608,291299907.02576697,ok,135644.3066398699
915,291296510.9035759,0.013384085521006978,70590.20722020586,182624.90007971972,0.1932655601437474,291289689.57560635,ok,235300.69073401956
916,291285780.50097555,0.011214513914999447,43636.567721451116,31661.430990989906,0.6891123735668968,291270745.25159717,ok,145455.22573808656
917,291267432.6416419,0.011367243943739794,96291.59219334858,1555713.2844932938,0.030947730906826895,291265942.63850003,ok,320971.97397782665
918,291265971.4410255,0.013604097782032287,42536.843767489176,46523.742913993934,0.45715199490854447,291256248.5395328,ok,141789.47922496393
919,291254678.25404716,0.007229862952789897,173595.47521311935,2583990.7377343155,0.03359057613444285,291251762.6680338,ok,578651.5840437311
920,291250306.93104434,0.010270659354006296,54824.45580275461,322782.66339274094,0.08492472183372465,291247978.955215,ok,182748.18600918204
921,291247189.5706115,0.014851649483393929,26719.018873376288,45390.61583778817,0.2943231588756328,291243257.55759305,ok,89063.39624458608
922,291241547.384684,0.01457607021115186,35652.71742800488,15252.300996873057,1.0000582506216114,291221146.6684237,ok,118842.39142661307
923,291220833.8064623,0.004190178133440457,222706.52187897946,2159866.850112258,0.05155561368688176,291215092.9207585,ok,742355.0729299316
924,291214490.9757883,0.01446096716417182,37069.7573870297,21757.268402305734,0.851893645415093,291198701.23041075,ok,123565.85795676567
925,291201816.6922337,0.005773135866473557,111347.34579008157,467427.234705933,0.11910660903202636,291195185.5898428,ok,371157.81930027186
926,291198253.7098818,0.012865738582338334,38435.21877555521,28160.893066034354,0.6824218728686735,291185139.19289136,ok,128117.39591851713
927,291185461.58824,0.0037364659953255013,274496.0522627418,3405593.5335356453,0.040300765426014205,291179930.38773376,ok,914986.8408747826
928,291181704.7807194,0.013610575870981023,34812.19821315885,11641.40677750641,1.000000885263972,291158533.9790772,ok,116040.66071052951
929,291154638.8770941,0.007360360921761775,72626.68553657937,379851.4041213448,0.09559881146757396,291151167.36468506,ok,242088.95178843316
930,291150257.2764194,0.011424795803630986,60167.443454149296,678137.4069054689,0.04436228030002814,291148922.6939237,ok,200558.14484697895
931,291148817.6196305,0.013492712375093469,32241.159940061214,90542.5069535822,0.17804432981179805,291145947.44177353,ok,107470.53313344983
932,291143229.82953846,0.015553801470177592,24403.94927366325,4795.518729351341,1.000225386874406,291123618.0606019,ok,81346.49757887708
933,291124608.58972085,0.009940141658996118,60812.51250137946,325011.9804412797,0.0935542628594987,291121763.954831,ok,202708.37500449634
934,291121212.78666866,0.014494433733076134,28111.25048163223,16975.590877148177,0.8279903387479256,291109574.8647642,ok,93704.16827210742
935,291111316.3792027,0.006822865218018709,81045.44018015057,595182.1904905118,0.06808456425196292,291108557.4074631,ok,270151.46726716857
936,291108315.53237456,0.014809131507896684,32904.76001396022,17676.64747806318,0.9307409692588828,291093002.62826025,ok,109682.53337986732
937,291093328.60726833,0.004281444533682769,149117.59023592412,906592.6365062628,0.0822406802301962,291087196.84124064,ok,497058.6341193118
938,291084885.74917316,0.014216766416780626,41089.31226466071,24064.509040576166,0.8537326108622935,291067346.10625404,ok,136964.37421545704
939,291064003.22122586,0.009416707939765985,85243.19730013878,544376.9681134152,0.07829427243731155,291060666.1941694,ok,284143.9910002232
940,291059989.1326324,0.015145903168570575,36473.728515088784,15418.555423931584,1.0000055236187586,291038933.92840713,ok,121579.09505029595
941,291034863.6770194,0.006670268034359862,114470.22992664369,349056.3060820369,0.16397100973695106,291025478.7774265,ok,381567.4330888123
942,291025610.1963756,0.010497215880246309,65888.88028910519,296413.20947091014,0.11114363021593256,291021948.63170254,ok,219629.6009635425
943,291024423.93223333,0.00975775903271288,49121.77892217153,121615.4115387424,0.20195540310498827,291019463.72790164,ok,163739.26307379728
944,291022093.98221356,0.007506044504212425,119956.41294662564,1264420.5313056277,0.047435331037672994,291019248.89613444,ok,399854.7098217484
945,291019542.08678794,0.012847130764498395,36745.93785844266,25096.866007105382,0.7320822019777133,291006091.56323737,ok,122486.45952814192
946,291012812.6757996,0.002876377923377177,267509.08138244244,1927186.5769041507,0.06940404333143793,291003529.5698617,ok,891696.9379414748
947,291001202.6553541,0.01471259089466106,37767.10252644706,61116.49704826598,0.30897633495438204,290995368.0848939,ok,125890.34175482353
948,290994481.7958403,0.01316598758325624,34698.15017042988,22918.034979458927,0.7570053497503011,290981348.4531876,ok,115660.50056809961
949,290984799.9328895,0.0036633283728012495,204524.6276968,1533257.4254895526,0.06669611517827721,290977979.4338267,ok,681748.7589892929
950,290975342.6235554,0.015864714102291542,42109.543250971234,533156.1806823147,0.03949081411480676,290974511.153483,ok,140365.14416977204
951,290974391.81093514,0.014092217500706024,35514.2811320263,10132.878029149055,1.0002605245556155,290949006.4359048,ok,118380.93710675434
952,290947281.3893186,0.01393234321002166,95355.00702079372,1226087.4976482189,0.03888588995634322,290945427.4071637,ok,317850.0234026458
953,290944359.8631679,0.014434538917486849,50071.31476485889,54427.89747049871,0.45997840346486657,290932844.0014554,ok,166904.3825495289
954,290931624.2163237,0.011824764847275113,50991.03827609717,105952.9665987847,0.24063053594896722,290925489.21588916,ok,169970.12758699057
955,290923967.35979253,0.016104170076941378,22496.510430125825,3207.946209194754,1.0005292886694812,290904670.28518134,ok,74988.36810041942
956,290900505.5349323,0.015011819721408429,66919.35535770052,510526.3697456848,0.06553956790815324,290898312.60211486,ok,223064.51785900173
957,290898671.43192136,0.01400277375150941,32813.1770498833,4747.312502101471,1.0000044287357706,290870605.46410197,ok,109377.25683294435
958,290869172.6793313,0.012986478764320524,54921.979822912515,76820.50540992603,0.35746952932579906,290859356.21219283,ok,183073.2660762519
959,290856135.3692948,0.00881978352493658,46898.52286945643,213016.2539650482,0.11008202894496388,290853554.0270188,ok,156328.40956485472
960,290853695.720929,0.013910531767950698,29966.038019418655,8119.144768948685,1.001552753243506,290831827.5314482,ok,99886.79339806217
961,290832846.3842712,0.006637818513202733,113709.58000034219,818295.7682871597,0.06947951120311718,290828896.1412524,ok,379031.933334474
962,290829149.7578351,0.01746582099397037,25729.111214509205,35972.75555361442,0.35761940972470246,290824549.14305246,ok,85763.70404836402
963,290826685.1243266,0.00969468623933146,62309.92029438181,203533.7015288455,0.15307027737013626,290821916.2259354,ok,207699.73431447358
964,290822884.5053519,0.012894930009304252,32402.65771961192,12107.77494373409,1.0035765455007166,290802560.4958911,ok,108008.85906537199
965,290798851.4201156,0.012033391791009639,31882.197435598973,26327.273602302932,0.605497514045855,290789199.1244708,ok,106273.99145199658
966,290792252.17474943,0.005961853965998878,112700.17417483528,802971.014139272,0.07017698783040249,290788297.69537365,ok,375667.2472491393
967,290789171.3194262,0.01431061994695796,21934.044535099656,14581.077790029536,0.7521407145258507,290780922.5754617,ok,73113.4817836198
968,290783423.9642101,0.005185036417303623,107642.7068763313,752933.2448060014,0.07148223804626014,290779576.69341165,ok,358809.0229211043
969,290778964.5679022,0.01461643618855879,34462.68388738459,63501.10555255011,0.2713549912833023,290774288.7572593,ok,114875.61295786063
970,290775700.93652564,0.009130592111851734,139469.12175537954,3233831.419009318,0.021564068079669072,290774197.17570734,ok,464897.0725179318
971,290773808.18076867,0.012169777807255536,39275.45118068572,257168.54112406008,0.07636130572000822,290772308.6184012,ok,130918.17060228571
972,290770960.75251853,0.015923815908561,34032.99439059729,9282.018712173449,1.0000001704980033,290746209.77420264,ok,113443.31463532349
973,290747094.99747545,0.007148825566981373,174620.22685680617,3398600.9979341165,0.02569001582753482,290744851.99927956,ok,582067.4228560205
974,290745702.8045464,0.012520443582700921,55457.750625994435,157977.7626736253,0.17552391452893143,290740835.72380596,ok,184859.1687533148
975,290741127.4056832,0.00993146252774183,30063.174824765414,254557.79445558597,0.05904980220515443,290740239.7934197,ok,100210.58274921801
976,290740325.67722327,0.013476628809382857,33834.55629064413,20162.053150103464,0.8390652489295343,290726130.9770251,ok,112781.8543021471
977,290724523.4536711,0.005592173890409426,173842.03122547345,1777583.7175777683,0.04889840897686664,290720273.154301,ok,579473.4374177658
978,290719238.2962379,0.014025645670646038,77806.3616613079,421080.5497696498,0.0923889285599531,290715644.0730434,ok,259354.53887102625
979,290715031.1711497,0.015133449737603086,21021.094508891638,4640.875105022117,1.0016278010443704,290698631.85472596,ok,70070.31502963879
980,290697601.5881547,0.017073216592963097,26977.16558600012,20963.137293381107,0.6434429448334024,290688922.4547207,ok,89923.88528661132
981,290685334.79807144,0.015831574826415885,62049.087779840454,501674.5370908831,0.061841974419961115,290683416.1790218,ok,206830.29259931552
982,290684151.98117083,0.014784428234020154,58383.04617706394,153317.4305855771,0.19039924538937636,290678593.93720305,ok,194610.15392354646
983,290679438.3823925,0.013712125683710668,58985.00244320878,247829.82207019418,0.11900303593508238,290675928.6852099,ok,196616.6748105858
984,290677173.9634936,0.015073508799393065,27979.0453331186,6848.739887493985,1.0024217851602226,290656009.1113326,ok,93263.48444372862
985,290655309.77620953,0.014292982544474048,35051.73897233278,41087.690345359835,0.4265479353756287,290647834.15276456,ok,116839.12990777595
986,290648202.46015203,0.01189575179799912,82759.11537923219,819686.8395072509,0.050482154519512754,290646113.5309268,ok,275863.717930774
987,290645586.59872216,0.014908860092663047,26782.615155272597,74764.63406625479,0.17911286191502274,290643188.0432971,ok,89275.3838508383
988,290645226.45568794,0.009046579030130222,51765.712137247254,256382.888387516,0.10095391401278844,290642613.48006195,ok,172552.37379082417
989,290643146.7500754,0.019643178680473616,30248.819054180003,128063.67393446308,0.11810069992861487,290641360.5467242,ok,100829.39684726667
990,290641493.78933716,0.006471748026542782,140172.31996132105,2770690.385287634,0.025295558230835905,290639720.92079616,ok,467241.06653773563
991,290639337.0210201,0.01433916160798312,34590.392967003914,27838.36791460205,0.6212719271674728,290628592.00097007,ok,115301.30989001304
992,290625189.7536295,0.006271603997324358,117147.42050757215,1086080.0880721963,0.05393129926334902,290622030.7973329,ok,390491.4016919072
993,290622198.2552407,0.016429578840428564,30043.94320418707,169302.71739789075,0.08872847307458921,290620865.37863785,ok,100146.47734729025
994,290620463.020247,0.012326985679760035,39259.72762206696,86769.60495245967,0.22622972435783836,290616022.16156787,ok,130865.7587402232
995,290616053.23708415,0.007578415419979059,75312.34657473605,436306.84822542436,0.08630662901699954,290612803.2597061,ok,251041.15524912017
996,290613768.6735774,0.013725587936217304,23866.360998627297,2143.800866119694,1.0000077467598416,290592045.9617731,ok,79554.53666205192
997,290593162.3759177,0.017511793869426875,31027.80756989993,24776.74428118055,0.6261477944353537,290583448.3792796,ok,103426.02523294082
998,290584971.43304557,0.005244643278442284,89254.98962380346,400049.89357726404,0.11155482235688322,290579993.0207896,ok,297516.6320793448
999,290578895.20206654,0.016228145294595334,30274.45660638553,13787.09454645477,1.0011557855165578,290562404.7374939,ok,100914.85535461844
1000,290565782.36273247,0.006892923309710066,117664.83367483756,905862.7403160029,0.0649462818361373,290561961.41600746,ok,392216.1122491725
1001,290563728.16331834,0.011534710462415656,61353.58854318111,248578.31590762606,0.1234089713721865,290559942.37169224,ok,204511.96181059466
1002,290557933.56313294,0.014151333988137928,32983.26444350082,28491.35613324775,0.5788293173769161,290548387.7229116,ok,109944.2148116694
1003,290545929.8270268,0.009659155304407446,59370.00190124699,158688.85742924653,0.1870641797509881,290540376.8266731,ok,197900.00633731997
1004,290542189.61392903,0.009196881680822505,68914.80773034725,442456.5910641985,0.07787747896871991,290539506.1581842,ok,229716.0257678242
1005,290540127.10104626,0.012924765201454972,50104.82975039545,162766.55128278545,0.15391623572384017,290536271.1276529,ok,167016.09916798485
1006,290534759.47751987,0.016267413412974992,21546.90642597418,7195.171481249412,1.0000248248276076,290520407.5649191,ok,71823.02141991392
1007,290518846.12587005,0.011326833004792008,51157.923408044466,155450.992311709,0.16454678946488496,290514637.1898438,ok,170526.4113601481
1008,290513438.7914855,0.014830994037956824,20363.522108411627,13397.774959659073,0.7599591040201279,290505701.0694774,ok,67878.40702803875
1009,290510119.27639693,0.0060367938656882185,125587.29541647229,1034197.4583734617,0.060717271348737514,290506306.61745006,ok,418624.3180545948
1010,290505962.9441612,0.015724651836744964,29070.632971331626,8648.702417458819,1.004110729868663,290485492.76319337,ok,96902.1099044384
1011,290482707.692349,0.012008175632923368,82197.46727322284,1941055.8842805428,0.021173390199347487,290481837.49282503,ok,273991.5575774094
1012,290481152.05944717,0.013489014569857327,45299.121416699556,111477.01457289592,0.20317695800454907,290476550.1906023,ok,150997.0713888799
1013,290476046.2203031,0.013700046682242863,28250.39942765929,12433.697341080264,1.0004801305189863,290460227.89679897,ok,94167.99809219764
1014,290459851.1860716,0.005403360933090638,83159.91267547273,430411.06478510506,0.09660522170473554,290455834.3451711,ok,277199.70891803404
1015,290456081.699303,0.014574260082270236,38235.1402308694,43804.43295777791,0.43643003286589027,290447738.21754915,ok,127450.46743623132
1016,290457341.73481053,0.004181645743496034,114931.15694101522,544840.8206987042,0.10547223388440997,290451280.7118778,ok,383103.85647005064
1017,290449909.8090614,0.017566859699082497,24994.16221718044,13180.188639470689,0.94817164233638,290438060.4311423,ok,83313.87405726813
1018,290442565.29188144,0.008275603335858816,133501.96773902717,2445301.329944837,0.02729765164402843,290440743.1467769,ok,445006.55912963353
1019,290438640.2719457,0.010950838024608809,43084.068160701405,58904.797002801206,0.36570933398389055,290430762.1490095,ok,143613.5605355908
1020,290429440.4374691,0.014512407150408205,23974.13522572758,4890.028643143952,1.001659337683415,290410332.79158235,ok,79913.78408575807
1021,290410618.5327229,0.016870396439493163,39033.4375889161,37506.35722374463,0.5203576203903468,290400462.8593732,ok,130111.4586297203
1022,290398662.0006872,0.016138439217791144,54098.60633374568,176778.70965341773,0.15301222200288803,290394523.12670594,ok,180328.68777915224
1023,290394564.8673058,0.014207256224631794,30437.616859918966,20203.673034520234,0.7532693883907371,290383101.00478774,ok,101458.72286639654
1024,290382354.98932844,0.004407490601764466,114194.52297558959,555191.1456107179,0.10284252899060019,290376482.96255857,ok,380648.4099186319
1025,290375680.93641204,0.01565205079315077,34354.933807893685,21522.32778610534,0.7981230968444079,290361971.20333076,ok,114516.44602631229
1026,290362287.45065457,0.007927141334902512,99766.18963101687,521405.7475751755,0.09567039689817836,290357515.11517507,ok,332553.96543671243
1027,290359027.880584,0.010380269594327841,41939.893671131234,39731.59257408501,0.5277902413920176,290347960.14728165,ok,139799.6455703432
1028,290347695.64984375,0.015052146126751688,66096.85724721504,604494.6299469032,0.05467116991016179,290345888.8535872,ok,220322.85749071682
1029,290344693.09412086,0.013414512404282566,57187.29026863823,410002.8892234409,0.06974010643797274,290342698.97026575,ok,190624.30089546074
1030,290341546.0224561,0.015124962545076233,27397.767116794035,16121.198957979492,0.8497434709480151,290329905.4855931,ok,91325.89038931324
1031,290331058.4374212,0.009250513937180812,42803.88878100032,80151.787518975,0.26701768049070024,290325343.7398721,ok,142679.62927000105
1032,290325364.43591523,0.016572136194666656,31288.249245492916,29354.49420157242,0.53293797247266,290317027.08785766,ok,104294.16415157121
1033,290315345.1527077,0.013401344626383234,77527.07942146252,330021.9781358469,0.1174574491362361,290310792.08621377,ok,258423.5980713899
1034,290312485.6407482,0.01032673528000768,61322.02201365706,489117.82861224056,0.06268634920510278,290310563.61390525,ok,204406.7400454115
1035,290312641.32341665,0.009900872474169058,57580.79445991189,364667.8333122153,0.0789496484196528,290310368.3316775,ok,191935.98153288945
1036,290309435.23958623,0.011033540177709028,84478.75198082897,1632719.4594012697,0.02587056566711343,290308342.4830359,ok,281595.83993581065
1037,290309018.2809588,0.01434783350495411,28805.444250780296,114141.07655746076,0.1261835139441632,290307200.89487064,ok,96018.14750260097
1038,290305509.5258268,0.016180673285073974,24159.052609159757,11042.554341148098,1.0000015250311571,290292393.024396,ok,80530.17536386584
1039,290292651.4888486,0.005730977843673065,95843.6302543644,604228.6325317523,0.07931073197638296,290288850.77461326,ok,319478.7675145479
1040,290288042.57430506,0.017026166148532133,89415.41031588397,1165703.8301554553,0.03835254204490336,290286327.9201632,ok,298051.36771945015
1041,290286014.2038805,0.011758496665699471,84047.0715578528,2547237.241340196,0.01649769212577006,290285320.9125252,ok,280156.9051925217
1042,290285083.8068311,0.020414468456576764,17492.631641382286,10292.030747797646,0.8498143889205476,290277651.06179667,ok,58308.77213794084
1043,290279821.27225965,0.006208560633502869,168611.6610131202,2329416.1782745235,0.03619182836147736,290276770.0901121,ok,562038.8700432471
1044,290276994.501256,0.011889080966885079,52443.387263696364,283894.2117571635,0.0923643122892467,290274572.55255663,ok,174811.29087898682
1045,290274940.9263942,0.012833995598647159,39092.60181820489,117895.01991085027,0.16579411856313306,290271700.2646638,ok,130308.6727273496
1046,290270392.8051725,0.01507409108550171,22855.385646611216,3133.4327009476588,1.0001256573268635,290250668.7678072,ok,76184.61882203739
1047,290248577.7087347,0.010867430395247029,44843.19917266968,429796.6234936065,0.05216792864513598,290247408.0203273,ok,149477.3305754326
1048,290247153.27501184,0.01684817386784332,24482.59207210319,16879.587960623514,0.7252129651865871,290238275.72841585,ok,81608.64024034396
1049,290238293.62972456,0.0058821388743845945,172589.52397363636,2923743.5183384675,0.029515161451596335,290235746.6258921,ok,575298.413245445
1050,290236023.848801,0.019948231365935556,18710.456805467897,12836.815240024822,0.7287811055786341,290229205.9351027,ok,62368.189351525536
1051,290227336.85787386,0.010584075892831807,44220.56248871348,256766.01909067464,0.08611062056676858,290225432.927835,ok,147401.87496237736
1052,290225357.1750974,0.018711197087568292,24853.690347813586,45314.69023790652,0.27423436216080593,290221949.3071374,ok,82845.63449270844
1053,290220858.05206597,0.012414790698195873,31057.342462664965,69114.65192016808,0.2246798732238297,290217369.0721824,ok,103524.47487554987
1054,290215993.5609836,0.015090928500791209,30954.13185754663,59716.490088003135,0.25917574703344143,290211982.2808596,ok,103180.43952515544
1055,290212004.78833437,0.010291938803689593,50726.03309035151,128156.53969801283,0.19790653371994119,290206985.28164524,ok,169086.77696783838
1056,290207700.42400706,0.012658693741249515,33358.528172607475,51038.6281390019,0.32679687316199707,290202249.69265705,ok,111195.0939086915
1057,290200442.4699817,0.010652721433528087,37643.09498576483,107782.3312934322,0.1746255371081338,290197155.7471415,ok,125476.98328588276
1058,290197253.06404495,0.015377966837509827,38621.489086279966,237174.56099354205,0.08141996537169005,290195680.783893,ok,128738.29695426655
1059,290195561.2694715,0.01587796893397484,27949.97330215762,35753.98130163521,0.3908651887794007,290190098.933676,ok,93166.57767385678
1060,290187676.1353131,0.012538519386168599,64707.78079134649,892462.7276900702,0.03625237154655599,290186503.23005754,ok,215692.60263782163
1061,290185591.8659635,0.01644439464234967,29204.137627038508,64441.1589676959,0.22659537859707357,290182283.1046524,ok,97347.12542339515
1062,290179849.9046803,0.012190143973519807,35619.0174817447,312120.0110369944,0.057059810685324674,290178833.6974831,ok,118730.05827248146
1063,290178977.0732973,0.015344842650142744,23906.640935151223,3337.647448481383,1.00023466911492,290158404.03632975,ok,79688.80311717073
1064,290156187.0201304,0.015376392262314551,13661.32504345198,2880.1721145888614,1.0056037784862928,290145361.6822993,ok,45537.750144839934
1065,290145269.17128295,0.015690599777937294,23288.340677077926,11100.448150651742,1.0044520919676234,290133076.6573775,ok,77627.80225688296
1066,290135379.8557216,0.005345855170014579,122500.83297970088,569792.2575627342,0.10749604908962239,290128795.6779438,ok,408336.1099323354
1067,290128467.11829054,0.012943225812006619,37262.503744432186,83802.3174801995,0.22232382626671648,290124324.9470862,ok,124208.34581477393
1068,290125112.3755859,0.015385930975547059,33480.47306776859,43741.82408028289,0.38270549721839653,290118705.79503965,ok,111601.57689248401
1069,290118220.0515089,0.013604011250139247,40881.47533756288,156857.4725444658,0.1303140828243737,290115556.3355273,ok,136271.5844585429
1070,290114088.1779755,0.015056336443699662,24879.48907374357,4503.768675583498,1.000014405767305,290093712.22893065,ok,82931.63024581189
1071,290093674.8480667,0.01427751524480872,36705.625567564886,63603.242855095705,0.2885515259905033,290088379.11593175,ok,122352.0852251431
1072,290087520.7320442,0.013122995645805711,40008.15674387574,134857.57755119627,0.1483348487729114,290084553.4301041,ok,133360.5224795858
1073,290083381.0043942,0.01462911867113784,19941.526005552332,1608.1383102272061,1.000510068561129,290065039.08609337,ok,66471.7533518411
1074,290064883.8253416,0.01722499223409654,23376.25311257664,7565.556545740672,1.0010840542409478,290049064.1994866,ok,77920.84370858858
1075,290048113.71607834,0.00803791079291635,91633.78084102001,950750.4327899134,0.048190238826464074,290045905.78918666,ok,305445.93613673333
1076,290046036.7722102,0.015817377062243485,38997.848873879295,165537.0263134457,0.11779192166964673,290043739.95643026,ok,129992.82957959766
1077,290044223.4074468,0.012752090035150446,36602.97241300435,78650.23616895305,0.2326946122219863,290039964.7502109,ok,122009.9080433478
1078,290038624.8577718,0.015945108601088546,28252.297845062738,12949.130777514347,1.000805446783041,290023319.803054,ok,94174.32615020905
1079,290024755.98173505,0.006421537503524787,76667.95118092999,312288.6794942724,0.12275172975384165,290020050.41992295,ok,255559.8372697666
1080,290019422.85657746,0.015110346092819318,65858.1384867551,234333.39236801013,0.14052230845386268,290014795.5877521,ok,219527.12828918314
1081,290016242.6359683,0.013276585185272338,52351.42712782216,376733.58886601526,0.06948070025479049,290014423.9290603,ok,174504.7570927405
1082,290011997.0591547,0.01467416378717714,25184.198734613543,5711.840743231013,1.0004296325262667,289992518.79025185,ok,83947.32911537848
1083,289993313.7730093,0.015502393128771351,33664.25907299588,23421.044038413715,0.7186754573746135,289981216.934616,ok,112214.19690998626
1084,289984894.77647203,0.010180172072345848,70698.78287227536,435665.95199151203,0.08113875154702561,289982026.570983,ok,235662.60957425117
1085,289981864.0958569,0.00972550951455839,26730.21855335775,40534.500537994696,0.3297218196669574,289977457.32770616,ok,89100.72851119249
1086,289977921.63724506,0.014965654348616235,28074.507357302125,34182.95906200542,0.4106506301338189,289972157.23017657,ok,93581.69119094587
1087,289978680.1983792,0.00855643102501447,113455.58655960015,931376.014745889,0.06090750929985817,289975225.04978245,ok,378185.28853177093
1088,289975949.9482613,0.012120458189268296,39014.05897314049,198330.0343771251,0.09835640652125122,289974031.3069391,ok,130046.86324380164
1089,289974103.63406676,0.02324601451968326,27116.18347723889,44173.19896430963,0.30693026668894635,289969942.24535364,ok,90387.27825742851
1090,289972572.4220106,0.007763585276012454,116163.19989083006,961605.8091694728,0.060400633390078416,289969064.2565856,ok,387210.6663027667
1091,289968796.60657126,0.013577748482545457,27503.183652068394,32672.403384593355,0.42089318205831006,289963008.6553292,ok,91677.27884017181
1092,289961024.6814125,0.01644322683315728,28446.642600002197,16744.715081681203,0.8494215178114006,289948943.0862456,ok,94822.14200000695
1093,289947024.5530771,0.0059416149283822335,87961.80403140164,592170.7626011814,0.07427064082412548,289943758.0633004,ok,293206.01343800547
1094,289944172.6336492,0.013769098955884001,43055.73347010279,45351.03278042065,0.4746940789481997,289933953.48277766,ok,143519.1115670093
1095,289930592.4413666,0.01374637624291202,43243.850346859734,51182.95006540397,0.42244390262382997,289921458.39091414,ok,144146.16782278556
1096,289926644.9493427,0.008942111849789628,30758.731484613298,41001.99445432978,0.3750882352671163,289920876.3301869,ok,102529.104948711
1097,289920590.8647352,0.016588663380903527,15601.022275761927,3921.6703909341104,1.0011044640363091,289908902.94955397,ok,52003.40758587309
1098,289908155.1141457,0.014709708240918338,45577.69794596391,263963.95823177096,0.08633318399087057,289906187.68025434,ok,151925.65981987971
1099,289905930.45035756,0.014792557217821157,69700.5353991569,1382898.8126783266,0.02520088048386003,289905052.19292647,ok,232335.1179971896
final,289905930.45035756,,,,,,noise_plateau,
