round,old_loss,beta,direction_gain,interaction,step,expected_loss,status,max_gain_sum
0,4920590974.905018,4.83395175331035e-05,907029903.2708952,150678031.94396526,1.000000449746456,4164238831.1784554,ok,1814059806.540523
1,4164812117.34835,6.990368349594476e-05,621577335.5404878,120743133.5846911,1.0000008379128356,3663977596.9094534,ok,1243154671.0809674
2,3664643021.9121957,0.00010998648829158994,382515146.6507069,97954156.38705325,1.0000071383631004,3380080699.5861964,ok,765030293.3008958
3,3378897732.661153,0.00019854742188982002,206818058.8247444,48466636.1485305,1.0000001460878747,3220546293.932105,ok,413636117.6494888
4,3219465657.507425,0.00023621501730377995,165358872.73299628,36460884.80807382,1.0000000000018645,3090567669.58233,ok,330717745.46598744
5,3087930548.3171797,0.0002038806906061598,196280804.00093004,21583540.36109948,1.00000000064962,2913233284.5778832,ok,392561608.0016324
6,2912152658.0876017,0.0002135400204283575,178451800.64118508,16148237.138812529,1.0000000000000075,2749849094.585228,ok,356903601.28237015
7,2749730434.1181154,0.00020136670716738758,191956923.2933812,8605940.560710365,1.0000000000008276,2566379451.3853,ok,383913846.5867624
8,2568107256.3368654,0.00020023975201717082,187141645.7563347,7094267.7258505,1.0000000000032752,2388059878.3058147,ok,374283291.51250505
9,2387772432.258447,0.00019562899413526593,189066820.50421578,6407551.476179118,1.0000000000125995,2205113163.22819,ok,378133641.00842977
10,2203825051.611401,0.0001960781604753587,185097159.76815483,6487661.787061866,1.0000000000332767,2025215553.6245806,ok,370194319.53630954
11,2025778095.6660898,0.00020023713797736814,181328739.96531725,6686535.001170229,1.0000000000014464,1851135890.7016997,ok,362657479.93048596
12,1851177693.8298306,0.00020430592856983675,174229455.8051145,6875487.071334358,1.000000000010807,1683823725.0943162,ok,348458911.61022323
13,1683639047.1742485,0.00021118860808477246,167393600.96330547,6884372.306817829,1.0000000000297204,1523129818.513195,ok,334787201.9264721
14,1523116196.4011889,0.00022378233816096858,157702581.61885402,7241419.110484974,1.0000000000001674,1372655033.8927958,ok,315405163.23757744
15,1373735265.9754884,0.00023794093976597973,146778973.48554328,7406306.17328211,1.0000000000957718,1234362598.6505885,ok,293557946.9710865
16,1234077312.1925824,0.0002577452072014702,132916415.5321945,7233365.067751505,1.0000000000759541,1108394261.7191427,ok,265832831.064389
17,1107653974.6517236,0.00027888565984502864,121147721.85592419,7207793.939339335,1.0000000000645488,993714046.7282493,ok,242295443.71174732
18,993964794.5203147,0.0003099389009429275,109396277.01853459,7047073.8869341295,1.0000000000167906,891615591.387114,ok,218792554.03697217
19,891708055.5424365,0.0003524875952152455,96092518.28577772,6933038.725751372,1.0000000000520888,802548575.9781271,ok,192185036.57155538
20,802214764.9506662,0.0003966911269511529,82617703.2303504,6960876.970815263,1.0000000000582745,726557938.6871278,ok,165235406.46070078
21,726317331.4857117,0.00044294677899775134,74417566.38703163,9002377.909996774,1.0000000001698932,660902142.9990927,ok,148835132.77406284
22,661341413.6804875,0.00048136791195899564,68349486.95673588,20034935.72445107,1.0000000106497196,613026862.1470327,ok,136698973.91347063
23,613092214.3615406,0.00034572189812242973,97792673.79693826,253735306.9805213,0.1927060820992594,603669592.8488312,ok,195585347.59387648
24,604000529.6438938,0.000412129530280725,20685230.376926903,2121310.284172704,1.000001086397094,585436591.6879386,ok,41370460.7538538
25,585289714.2601999,0.0004745928204926602,17890975.660880733,974437.9402560585,1.0000024434275325,568373137.5862155,ok,35781951.32176147
26,568278594.4544312,0.0005448011053974328,15840713.866393225,589497.6868910996,1.000001068914192,553027362.6028107,ok,31681427.732768163
27,553374844.843824,0.0005851766404889261,14264194.267498415,443177.19696450426,1.0000000000065703,539553827.7732022,ok,28528388.534996107
28,539461354.6030847,0.000656162383483999,12269191.090317149,391930.5646923448,1.0000007534523507,527584085.42381126,ok,24538382.180620324
29,527511877.01481795,0.0007034691118299819,11382357.936432784,325324.5063654925,1.000000059279155,516454842.948584,ok,22764715.872865215
30,516289169.339468,0.0007519418684986962,10095266.00813154,289629.9531308334,1.0000001829634213,506483531.5433863,ok,20190532.016262915
31,506629995.89346915,0.0008122513283718122,9235527.534453254,213688.1373839882,1.0000016199763284,497608142.22740394,ok,18471055.0689063
32,497691020.4858029,0.0008592235529137799,8808604.649045233,241230.07390396827,1.0000001287507,489123644.8386647,ok,17617209.298090447
33,489280523.7099047,0.0008841748976989999,8297551.789451444,293055.55168148514,1.000000056661623,481276027.03519195,ok,16595103.578902887
34,481249324.1935968,0.0009570079660941478,7859199.725617577,286082.90441253677,1.0000001805736431,473676206.0565455,ok,15718399.451235093
35,473736552.2278735,0.0009813606368903863,7299305.193319052,353591.9449416369,1.00000004527192,466790838.6810581,ok,14598610.386638105
36,466772914.816847,0.001038348388259214,6949730.285772819,245556.77804628646,1.0000006561630659,460068737.07121485,ok,13899460.57154562
37,460032664.6468298,0.0010816970927038736,6502840.462637527,228302.4209567589,1.0000000007843821,453758126.60040647,ok,13005680.92526826
38,453779834.4694115,0.0011087570513213805,6043432.263726035,193064.112987287,1.0000008047088236,447929461.7661904,ok,12086864.52745207
39,447892447.5705008,0.001147478029240537,5847175.653991564,230483.8986177833,1.0000002611654333,442275754.40843576,ok,11694351.307983128
40,442182780.23401344,0.0012515659633154748,4998029.570218261,275219.487548595,1.0000011646811284,437459964.9713193,ok,9996059.140431438
41,437466271.09198964,0.0012172893927038795,5319625.107859993,408056.77902327833,1.00000099352396,432554698.2888067,ok,10639250.215719987
42,432596818.616331,0.0012451964147377145,5245347.064957517,1039859.635920113,1.0000000512646443,428391331.0250088,ok,10490694.129915034
43,428514152.20647526,0.0009438126754992034,6547951.748460606,10909612.558925591,0.3001001049805139,427531631.7029151,ok,13095903.496921211
44,427510450.7339213,0.0013613601352084382,4781166.349956632,812506.1358960853,1.0000003759015972,423541789.3334575,ok,9562332.69990813
45,423438314.6510982,0.001202997315334534,5491835.501475299,4709431.849248932,0.5830677327193031,421837258.6139419,ok,10983671.002950594
46,421673023.31340903,0.0012278218905408022,5277357.718368449,4454811.917530928,0.592321047000949,420110078.2888378,ok,10554715.436736898
47,419914511.5083293,0.00120081021009953,5317818.500336632,6009214.181491749,0.44247203874970864,418738018.5115568,ok,10635637.00067326
48,418658119.5262164,0.0012042685652640735,5058236.616935068,4379608.0897739865,0.57747594228187,417197614.54789174,ok,10116473.233870136
49,417153695.21409607,0.0010977182286352081,5540079.906687207,9116343.317481363,0.30385428201588416,416312006.71291757,ok,11080159.813374413
50,416330861.0482081,0.0014175709550044138,4448891.883596614,1694022.6863485596,1.000000174071958,413575991.6662965,ok,8897783.767193228
51,413742858.3780912,0.0006715136530785142,7426980.882771861,13718584.132837499,0.2706905031472695,412737651.7820799,ok,14853961.765539303
52,412830355.21850157,0.0015698503540213396,3922085.251114441,285956.87305392727,1.0000005744380946,409194224.91597503,ok,7844170.502228882
53,409103722.4221835,0.0014929661185067854,4191405.1750341244,1019080.4743501634,1.0000002189291655,405931397.2500917,ok,8382810.350068249
54,405873647.74914765,0.0011721248384912511,5633228.505748069,7001442.566307827,0.40229056029511373,404740550.4232238,ok,11266457.011491656
55,404634777.5542598,0.0013619238044771228,4511344.043314192,6631946.388886788,0.340122173701064,403867573.48309714,ok,9022688.086628385
56,403859907.095346,0.0014230037056929528,4064757.8532074667,3378918.230964031,0.6014880466710436,402637455.4646877,ok,8129515.706414933
57,402753051.0773849,0.0009816578718716239,5335160.331342552,12331572.270698104,0.21632117195711503,402175997.0096573,ok,10670320.662685104
58,402216861.2010038,0.0017895708386367905,3282478.3178017847,125154.91163233534,1.0000000323130294,399059537.6968558,ok,6564956.635603569
59,399144102.3384041,0.0016946771079101868,3639462.4190309625,659377.9332402296,1.0000000065927377,396164017.8373136,ok,7278924.838061925
60,396110545.5579629,0.0014169962165565095,4375819.026426863,3835472.5624881643,0.5704406634561039,394862473.00366354,ok,8751638.052849662
61,395109125.46150076,0.0010537407314039804,5251277.721174322,13532774.263615137,0.19402073879607812,394599697.0699579,ok,10502555.442348644
62,394540824.7543224,0.0019170063385148927,2559584.835608035,119289.65632470528,1.0000000845901649,392100529.37870485,ok,5119169.67121607
63,392079583.06163263,0.0019244414691687787,3008782.273184779,115631.4811751037,1.0000000089653915,389186432.2447214,ok,6017564.546369556
64,389273059.4978571,0.0017550463907050223,3142643.2578046387,197200.4655529915,1.0000000022007764,386327616.6995572,ok,6285286.515606276
65,386273420.1850619,0.0018676826849177743,3287368.4370830404,586898.7171036788,1.0000007047374169,383572948.97557026,ok,6574736.874166075
66,383506476.66040933,0.0015550119256651019,3873270.642053463,3903296.8835271704,0.49615373332215323,382545607.8157984,ok,7746541.284103708
67,382480107.19816774,0.0014538687184067413,3891348.909204618,9978322.847476227,0.19499012853592124,382100719.8861758,ok,7782697.818409234
68,382071476.7693512,0.002021561068658617,2929604.1416151337,512329.9953585443,1.0000000370143611,379654202.5525843,ok,5859208.283230267
69,379672093.1998756,0.0016542340802417122,3537978.7842933675,4121963.4736416014,0.42916183111730666,378912910.4731148,ok,7075957.568583537
70,378839131.454035,0.0017058529611513262,3446646.3420925695,3774077.0421833983,0.456621089549698,378052225.75002563,ok,6893292.684182253
71,378047488.3518012,0.0012738110198257816,4353501.161980188,15532163.074087044,0.1401447158780903,377742428.2600909,ok,8707002.32395699
72,377712662.0971725,0.002126448852491461,2590435.3018389065,341941.70598136284,1.0000002420085854,375464168.03991306,ok,5180870.603675252
73,375444532.39572847,0.0017767759716843345,3158312.560485231,3863237.86929884,0.4087649618451336,374799028.63908756,ok,6316625.120970462
74,374781993.1868038,0.0016938968192157548,2930106.5799513794,3858698.0213667857,0.37967554907464734,374225748.2745087,ok,5860213.159902759
75,374279385.8673161,0.0019298837457391918,3053912.1392261107,4320399.070805887,0.35342940422589975,373739714.69335365,ok,6107824.278449722
76,373734045.4207807,0.0016981405298116922,3016800.347446706,3282355.7317065946,0.45954804933318144,373040863.0633323,ok,6033600.694893412
77,373096044.208025,0.00118450633854489,4376877.735209304,16881233.074079834,0.12963738241164827,372812340.7216608,ok,8753755.470418599
78,372815141.29301053,0.0022197048240795315,2258090.616162681,108518.82535188203,1.0000002206866814,370665569.0517666,ok,4516181.232325362
79,370616917.28862053,0.0022262581500135615,2357352.383007155,133769.7299895383,1.00000000590704,368393334.6232583,ok,4714704.76601431
80,368367511.9877261,0.0022663340648105255,2368582.7269711364,207910.89919377147,1.0000006874871858,366206838.8174507,ok,4737165.453942273
81,366254525.7071118,0.0021161260561930106,2487303.0500129415,716015.7393707051,1.0000002862943684,364483238.0943513,ok,4974606.100025883
82,364521348.93543553,0.001100571973912613,4786451.536059836,19859206.203532506,0.12050963887993756,364232942.16237205,ok,9572903.072119495
83,364211140.2796488,0.0023552816750578103,2139249.5845858753,159575.47115412948,1.0000001997067465,362231465.80273104,ok,4278499.169171685
84,362192241.1605748,0.0024678897491600955,2252332.9330978664,436857.4906340216,1.0000001939993994,360376765.4506599,ok,4504665.866195733
85,360327107.25810856,0.002217666908987854,2637580.9047222547,1846071.4047696835,0.7143767293907356,359384994.0479991,ok,5275161.8094445085
86,359410304.65315723,0.001188948954429807,4147935.94010139,12202801.416309789,0.16995834802971638,359057816.48310083,ok,8295871.880202771
87,359140975.73011476,0.0023835912626986528,2353453.843553776,2709078.535742182,0.43436427045276144,358629847.59921503,ok,4706907.687107552
88,358564137.30969435,0.002074189967723944,2680153.848991618,5012136.38413398,0.2673664126015904,358205845.7497817,ok,5360307.697980784
89,358210709.15609306,0.002363532429865272,2283156.669046562,3548356.751374883,0.32172028195331637,357843440.2524384,ok,4566313.338093124
90,357842661.2006552,0.001782750337302346,2736666.5666952,7785245.095164472,0.17575982086902972,357602163.1878849,ok,5473333.133388318
91,357610181.17390287,0.0026653684262133927,1792736.05455246,145675.20644686086,1.0000005033667145,355963119.57004976,ok,3585472.109103137
92,355947409.03641176,0.0026060184710866518,2116934.466646668,904110.4636576981,1.0000001353310621,354734584.99164426,ok,4233868.933293336
93,354802732.4078497,0.0008116165159869541,4708987.488980473,14424764.369217861,0.16322580280858354,354418418.27619755,ok,9417974.977960944
94,354394232.36439335,0.0025774322076152654,1865943.3560651443,590695.322950048,1.0000000473495578,353118984.29886496,ok,3731886.712128465
95,353096712.86787707,0.001520769268260706,3662512.601616042,18593793.122825556,0.09848750541168434,352916357.0030411,ok,7325025.203228697
96,352922579.32548773,0.002800163531193611,1929780.2361680183,700512.6789123081,1.000000414347455,351693311.5491439,ok,3859560.472336036
97,351699270.0752328,0.0009650135409481825,4537013.066831077,17234096.602906715,0.13162897862792128,351400668.87722856,ok,9074026.133662153
98,351390769.6389268,0.002853892764548211,1881785.0817475028,461820.9438653882,1.0000000764414934,349970805.4278028,ok,3763570.163493272
99,349919135.89613426,0.0020714662861117234,2846307.779460404,11416242.361123288,0.12466044822038733,349741724.89435387,ok,5692615.558920804
100,349768547.37382656,0.0028454148546378003,1730605.8036591378,752846.509226772,1.0000000117214547,348790788.0767579,ok,3461211.6073182756
101,348802959.3774761,0.0014443966197481217,4136325.5563585446,14615733.63177352,0.1415024952071677,348510309.1838692,ok,8272651.112717088
102,348519611.02250886,0.002980102411348356,1818128.9877819382,1384750.2720282194,0.6564826252458346,347922825.97704154,ok,3636257.9755638763
103,347933002.28550404,0.001529730084174701,2126173.5440515084,5752963.633405916,0.18478941286065056,347736555.10508144,ok,4252347.088103016
104,347740560.5191146,0.00301974838209922,1617539.5711325076,809628.0295104126,0.9989399527772306,346932648.06771344,ok,3235079.142263515
105,346747446.81604254,0.0010558003594313616,3754586.1061373735,12917949.137374705,0.1453243880359639,346474630.35194117,ok,7509172.212274747
106,346442273.95486695,0.0030956211974771763,1638833.0263001267,888715.3030946144,0.9220236337742309,345686752.5638377,ok,3277666.0526002534
107,345624400.1833579,0.001564841561872246,3052205.516419826,9020093.380489843,0.16918924160040535,345366200.0150921,ok,6104411.032839652
108,345354497.69751203,0.002708686355369634,1785058.8797969208,1313381.0322641525,0.6795662629296684,344747964.80148554,ok,3570117.759592185
109,344851935.1165384,0.0013999709670396274,3012232.1418316397,11254506.897180358,0.13382337268753675,344650381.5842696,ok,6024464.283663269
110,344661686.7489231,0.003471245076188125,1490836.2795828423,644862.2679057429,1.0000000514220913,343815712.72690445,ok,2981672.5591656845
111,343739307.66257215,0.0014733033364109675,3194873.515612116,12371942.711023424,0.12911769760966796,343533050.30632716,ok,6389747.031224232
112,343515981.61933357,0.0032727273606090903,1385637.9018540734,375962.5609071743,1.000000019532419,342506306.2660087,ok,2771275.8037081463
113,342476301.8137007,0.0024456946326390835,2274691.9519695034,5125674.764127171,0.22189195146454546,342223933.89559907,ok,4549383.903939005
114,342143060.24239767,0.003487377316153314,1414411.409481862,1156134.9966407735,0.6116982072126212,341710463.78067714,ok,2828822.818963724
115,341670747.7313713,0.0017241802322887378,2644940.0710043483,6377569.882788347,0.20736268826645535,341396516.7896577,ok,5289880.142008697
116,341382782.0843372,0.003542099624935984,1406127.370705233,532168.5747784014,1.0000001107805743,340508823.2505466,ok,2812254.741410466
117,340428367.6169817,0.0017846718041779406,2852238.213244084,12670562.098085104,0.11255373641533793,340267852.5829581,ok,5704476.426488167
118,340310640.2656522,0.003170189369602324,1752075.2280438826,3096775.0768986554,0.2828870655014673,340062820.5557526,ok,3504150.456086166
119,340021272.0076721,0.002676038053965063,1850090.2733283257,6714490.106136683,0.13776848607144737,339893829.9396461,ok,3700180.546656651
120,339868557.00456303,0.0033191296006102266,1367378.0108986513,1367797.40803005,0.4998466888703924,339526817.3189721,ok,2734756.021797302
121,339589992.01227903,0.001459691783150303,2382313.9825047604,7090208.360546881,0.1680002802005813,339389877.3039857,ok,4764627.965009519
122,339379541.53500354,0.003486492432985895,1234866.615227378,140070.37503540918,1.000000003936808,338284745.291053,ok,2469733.230454756
123,338297599.88033706,0.003141842542068408,1539972.2288026344,2445578.597480953,0.3148482388562096,338055171.1082741,ok,3079944.457603965
124,338090006.6440271,0.0021099692255576318,2180144.3903739536,12044228.076446697,0.09050577490463559,337991348.81529975,ok,4360288.780747906
125,337993200.1879957,0.003880844920526812,1162430.6594802886,152920.50322329695,1.000000001058436,336983690.03083205,ok,2324861.318959576
126,336990610.64588314,0.003317618168698537,1498482.0908235237,1726152.4665648208,0.43405264594199516,336665400.5876738,ok,2996964.18164563
127,336672687.89866126,0.002205142945582903,2336303.3406188423,8501493.249403961,0.13740546937343273,336512177.470103,ok,4672606.681237685
128,336521242.67170143,0.003933900279458584,1173364.2560399882,554730.9745016831,1.0000005894412336,335902609.3524967,ok,2346728.5120799765
129,335896125.5501187,0.0015505518883579047,4869891.949955806,33083034.728051607,0.07360104642737855,335716910.97836614,ok,9739783.899911612
130,335712372.5251539,0.002739998268116618,2013031.4745632573,10101409.971399266,0.09964111348132959,335612082.17635465,ok,4026062.9491264434
131,335583413.7337179,0.004104050202550036,1200226.1507917973,291587.7042553626,1.0000000791861785,334674775.23831964,ok,2400452.301582613
132,334657204.961694,0.0026403056627211435,2189775.3833707087,9198476.329569295,0.11902924489415094,334526881.30650884,ok,4379550.766741417
133,334552305.7288606,0.0035918227570595155,1289093.1181383587,819237.9620735261,0.78676353990946,334045199.99641085,ok,2578186.2362767174
134,334011920.31822425,0.0020247517385867425,2671724.3895332455,8586173.286742298,0.15558295298201064,333804082.9331854,ok,5343448.779066491
135,333745081.8361302,0.003795080814725317,1252740.8262229252,1202211.8946544293,0.5210149857080811,333418733.46429497,ok,2505481.6524458504
136,333420619.40934753,0.0019900576936389704,2107977.7132326025,8686914.958146371,0.1213306290776908,333292738.27833337,ok,4215955.426465203
137,333266718.48501086,0.00395588374202807,1091995.635962755,658098.1270220059,0.8296601913336248,332813725.83087665,ok,2183991.2719255034
138,332793867.5840296,0.00107395756810083,3427731.1424881644,18361451.84603534,0.09334041695696003,332633894.65700155,ok,6855462.284976083
139,332630889.3251138,0.00407276221917168,1077327.5692685407,352124.88843310904,1.0000003887787619,331905686.49923366,ok,2154655.1385370814
140,331858217.48339957,0.0023400490518230036,2244957.792955367,8102360.709671985,0.1385372654586648,331702712.3265465,ok,4489915.585908913
141,331702798.46470916,0.0042118760546096985,959790.9041909561,375423.995409166,1.0000000805372928,331118431.5390997,ok,1919581.8083819123
142,331160635.9326607,0.002153874960475925,2983566.627261229,14369165.875936436,0.10381836541596715,331005761.42748475,ok,5967133.254522458
143,331022538.20800066,0.0038473238172219274,1391523.168251432,2407305.9224334206,0.28902084178084303,330821448.6092779,ok,2783046.336502864
144,330828908.6768304,0.00354606159695752,1229830.8320910903,2009510.243979884,0.3060026281964555,330640742.943402,ok,2459661.66418218
145,330624979.4776614,0.0029981631090406713,1484790.6995493588,6372477.270692968,0.11650027426366143,330538490.2158005,ok,2969581.399097356
146,330523120.1632344,0.004184189256767858,908185.4095430155,183632.4194685188,1.0000028899050164,329798565.6099524,ok,1816370.8190852166
147,329807644.02114475,0.002277782261245076,2040017.0753165688,10834767.841033977,0.09414216830703626,329711618.2057179,ok,4080034.1506331377
148,329715472.8725123,0.004497989389391546,934760.3335359624,324775.1662046616,1.0000000003724783,329105487.7050748,ok,1869520.6670719245
149,329142736.4156399,0.002811151392673609,1826925.8865012997,3987198.078788378,0.22909896252965473,328933463.0030319,ok,3653851.7730025984
150,328930450.5760252,0.003954208208837539,1210320.145150434,1633085.9734180134,0.3705622866312605,328706201.0757538,ok,2420640.2903008675
151,328715255.81101274,0.0030553395802255436,1320326.9307220285,4117408.065010324,0.1603347190605357,328609408.6872601,ok,2640653.8614430763
152,328620330.7331186,0.004220911220052047,961235.085924181,723905.3686212266,0.6639231642631551,328301237.6131948,ok,1922470.1718483618
153,328320124.93978024,0.0017164005901266898,2367300.3092522374,12893023.716924764,0.09180547407760778,328211459.37619275,ok,4734600.618504439
154,328254483.5099938,0.00433341382746466,982729.7341950452,363219.2566842752,1.0000000002714708,327634973.0324134,ok,1965459.46839009
155,327616185.71121323,0.001894385845011404,2795256.4924795497,23327723.578974884,0.05991275751824526,327532449.94899565,ok,5590512.984959098
156,327554864.5007744,0.004023423746185513,1363478.0469834476,4011590.345710392,0.16994233327456024,327439008.1804379,ok,2726956.093966818
157,327429837.7994267,0.004614127223366933,998831.9229197681,340727.8356657553,1.0000000009020877,326771733.71188635,ok,1997663.845839536
158,326787675.8854331,0.0020248826844206373,1937377.7303824732,7059902.430791813,0.13720995080134443,326654762.1338984,ok,3874755.460763811
159,326656251.59503675,0.0048926377916102895,1046977.1011610937,789227.965563086,0.6632919427874764,326309025.8572952,ok,2093954.2023221871
160,326331980.8513455,0.002724825202041912,1941971.6093388083,4617963.274174347,0.21026278188472783,326127818.67488515,ok,3883943.218677616
161,326107994.794173,0.004811273970422424,1077416.2783917075,885211.1660474028,0.6085645548296281,325780156.1152602,ok,2154832.556782446
162,325770915.8888408,0.002519634623885087,1863624.0664225523,6604095.463610255,0.14109608777549126,325639440.8564126,ok,3727248.132845104
163,325626639.38786185,0.004692614385648036,1008348.2378740378,429647.043047764,1.0000000054959248,325047938.1922164,ok,2016696.4757480754
164,325038095.16757995,0.0020587195427467313,2562133.7354262127,13452403.227185417,0.09522959177466894,324916099.6927316,ok,5124267.470852425
165,324903691.3673588,0.0047305503503700785,1098454.90499112,2180298.1461129077,0.25190474682315217,324765338.3649896,ok,2196909.8099822397
166,324782273.5901861,0.0030302454848337235,1232126.1811724012,5004933.223531138,0.12309117086512268,324706441.6630391,ok,2464252.3623448024
167,324714981.4112513,0.00493617827538706,703320.0464989974,51203.26593424053,1.0000000051900961,324062864.6275677,ok,1406640.0929979945
168,324053922.8610355,0.004418764160928004,959528.3568397916,723372.8273373346,0.6632322369446214,323735727.79177624,ok,1919056.7136787253
169,323712279.2006144,0.0026894209426530586,1675565.5976738231,5969511.665163046,0.1403436069529867,323594701.74078244,ok,3351131.1953476463
170,323588616.1399126,0.004942517756469773,804109.1520702457,200320.94217262152,1.0000004517030556,322984827.7477676,ok,1608218.3041404914
171,322982799.5006189,0.0036244797560573685,1228673.9058724812,5160574.973925774,0.11904428402653351,322909666.19790554,ok,2457347.8117449554
172,322892275.7313965,0.0044419130309474005,900780.5174144371,701821.0453688262,0.641745159509325,322603239.962981,ok,1801561.0348280591
173,322597021.27718806,0.0014581653524632088,2424373.4503407637,14698776.428775957,0.0824685463476586,322497054.00006133,ok,4848746.900678599
174,322514106.4427931,0.00514034608493378,889785.1460715104,678605.9235612238,0.6555978331297561,322222435.8359353,ok,1779570.2921430208
175,322246980.593161,0.00258330834743574,1534549.6135442741,7288925.886991066,0.10526582636016828,322166212.7765808,ok,3069099.227088539
176,322146698.08191985,0.004849555907476645,922620.6877575724,748678.2501182551,0.616166348903446,321862454.17162067,ok,1845241.3755151448
177,321860653.9868698,0.0024489373655668892,1926077.8189758975,13881592.65901899,0.06937524628071075,321793842.92534614,ok,3852155.637951794
178,321787784.38742316,0.0047173838664002045,917656.6044199385,1350602.805994144,0.3397211231708034,321631910.7212539,ok,1835313.208839877
179,321646159.85912395,0.004711702596183208,837108.2281389537,556741.4001355949,0.7517926886118719,321331493.93637806,ok,1674216.4562779074
180,321345981.2475263,0.0020635414838998715,2055809.9460107568,13607918.82349178,0.07553726520111757,321268336.1169788,ok,4111619.892019778
181,321278363.0243372,0.0051417024130982585,810318.2418900498,569633.4952254388,0.7112628108090424,320990188.40914893,ok,1620636.4837800995
182,320987613.7920709,0.0023028962678405046,1975431.726744555,7406444.499988608,0.13335897722230913,320855893.01474535,ok,3950863.4534873096
183,320871504.6117857,0.005707711800599309,838317.6519422951,652724.3491563889,0.6421682085445224,320602334.13941616,ok,1676635.30388459
184,320596270.9752213,0.0030528637554986444,1819537.8061641073,8426748.22304215,0.10796203695683897,320498050.4712845,ok,3639075.6123281536
185,320504710.8224866,0.005579172355268505,822097.109549332,719075.445180425,0.571634809017194,320269741.16038114,ok,1644194.219098664
186,320266983.78977865,0.002750431786787905,1588114.4975563623,6760999.026030271,0.11744673320037628,320173724.3599356,ok,3176228.995111394
187,320162046.8068975,0.005964272009454402,710737.7136656417,311247.43312650465,1.0000000036500565,319762556.52603626,ok,1421475.4273312788
188,319805160.0526786,0.0016508573139984647,2342131.306093961,8369716.269572205,0.1399170073786547,319641308.0510603,ok,4684262.612187922
189,319653214.9024471,0.0055635652257922455,616953.822451605,539158.9454742773,0.5721446594091976,319476721.4851382,ok,1233907.6449026582
190,319467769.4639871,0.0024526804422714864,1617947.6014364227,11702899.336769681,0.06912593003141307,319411848.3976414,ok,3235895.2028728435
191,319410202.99121577,0.005301688809965355,738872.3381059424,1189168.5769477445,0.31066761787568264,319295431.136619,ok,1477744.6762113334
192,319271230.77818245,0.004137631829057908,834713.4481694094,4564932.733010523,0.09142669749910258,319233073.2312203,ok,1669426.8963388174
193,319240606.30557406,0.006144468450959881,669315.1354439416,219617.74516017575,1.0000000009001646,318790908.9150832,ok,1338630.270887883
194,318741220.44822186,0.0041234707103808225,1831337.9922820134,11499643.42863211,0.0796258598645894,318668309.5170528,ok,3662675.9845629684
195,318660233.22897005,0.0057098048388359275,721621.86104113,402286.77673824586,0.8968998022903752,318336621.97672194,ok,1443243.7220822596
196,318334415.7103524,0.0026851995367967534,2087115.2466285299,10269911.08804031,0.10161311177557575,318228376.57293034,ok,4174230.4932551514
197,318234466.6215468,0.0052510575675709555,933872.1513045796,975742.328203023,0.47854444985719047,318011016.9541053,ok,1867744.302609159
198,317996684.9857179,0.004704256361773445,915499.4109687187,1689692.5047444722,0.2709071054047101,317872677.3380053,ok,1830998.8219366428
199,317882588.52766514,0.005490400012473677,836466.1754150824,1296321.4920766677,0.3226306824841301,317747653.70114064,ok,1672932.3508301647
200,317760370.5863032,0.0030248001987967046,1390449.5941372481,8125880.068108747,0.08555686168654392,317700889.33449936,ok,2780899.1882744925
201,317699294.8187158,0.005683731870642183,690051.0735167577,543609.6098892246,0.6346935934938444,317480309.32094353,ok,1380102.1470335154
202,317458248.58292216,0.0018947519066594865,1432627.79018701,5847379.271358112,0.1225016989409572,317370498.91379815,ok,2865255.58037402
203,317364510.54534996,0.005961255264197353,610240.0617631585,792565.7032883151,0.38497758560035045,317247046.17254287,ok,1220480.123526317
204,317204926.296087,0.005557917741942352,787027.1726534315,1007580.3698182409,0.3905530497757736,317051238.36481893,ok,1574054.3453068628
205,317095249.90631473,0.004230475845935635,881560.0272700612,1924175.6002363423,0.2290747339176791,316994278.3419751,ok,1763120.0545394537
206,317020407.33904123,0.0037677988724138098,914851.793955701,1824156.90845981,0.25076017027727554,316905703.1432258,ok,1829703.5879107371
207,316888569.072237,0.005427917370066343,727682.1030351715,1926031.0418433945,0.18890715861430527,316819836.8930076,ok,1455364.2060703337
208,316819885.79866505,0.0057513075675313845,632737.8490188717,613921.8380051671,0.5153244353343448,316656853.1612849,ok,1265475.698037743
209,316655839.7458747,0.0031159990236892727,1302740.9739713748,8546312.392214108,0.07621655482417203,316606194.5314425,ok,2605481.9479427496
210,316602919.6161614,0.005734024342296052,689442.7161710918,535495.2590520981,0.6437430626290719,316381007.63335377,ok,1378885.4323421833
211,316372728.4335234,0.0029248748443755877,1522665.3399773287,9640364.556499558,0.07897343150528181,316312603.38005733,ok,3045330.6799546564
212,316312961.20611626,0.005725124448531687,823520.9926838803,1210310.7874655544,0.34021054807268575,316172875.9419811,ok,1647041.9853677605
213,316128485.4262569,0.005377070055753021,650305.0851213746,265594.22270987974,1.0000000238818192,315743774.56100065,ok,1300610.1702427492
214,315727937.7167107,0.0024643558907909797,1730379.999469763,12908910.771405596,0.06702269579950583,315669950.35054964,ok,3460759.998938008
215,315664853.46422166,0.0076094888153413615,435182.9636150955,612842.6616304755,0.3550527654661686,315587597.006864,ok,870365.927230191
216,315552084.8450585,0.004616533305862559,853652.6399584573,4851288.102410892,0.08798205980945832,315514531.7862458,ok,1707305.2799159517
217,315519023.1292852,0.005285215668400046,669527.3960103045,1834448.5409731169,0.182487374558662,315457932.9809387,ok,1339054.7920200727
218,315427663.45047134,0.005490043290765242,693818.0165058614,2980646.8358220854,0.11638715599704738,315387287.69761103,ok,1387636.0330117173
219,315388821.12548274,0.00543025996311707,734326.2664828517,2667519.835285011,0.13764213798327626,315338284.00683475,ok,1468652.5329657034
220,315315914.88737893,0.00642891403932356,598024.0450636612,635852.2442112198,0.47025393910932495,315175303.3059423,ok,1196048.0901273224
221,315190813.81091326,0.0020164753768698515,1282033.2043102293,6087078.531749729,0.10530775951248564,315123309.78872997,ok,2564066.408619282
222,315122414.8028062,0.006673747333649691,538331.4068420234,59727.458316396616,1.0000000004238536,314643810.854103,ok,1076662.813683636
223,314649844.64246416,0.006009379702560471,868563.5150472552,4052250.5510420795,0.1071705098323566,314603302.4450995,ok,1737127.03009451
224,314613909.18339646,0.004177306458728404,806127.3193945212,4426647.5567272715,0.0910539306624301,314577208.6528739,ok,1612254.6387890424
225,314591014.4452573,0.006366392382204481,563320.4637566475,643474.7640962607,0.4377176038502557,314467726.8034596,ok,1126640.927513295
226,314473859.8310048,0.003154499854885986,721821.9611413655,3363934.3615645296,0.10728835398643953,314435138.2859638,ok,1443643.9222827307
227,314431848.00209373,0.006242087944783352,586339.0483821805,621086.9299812757,0.4720265554451913,314293464.2014283,ok,1172678.096764361
228,314308896.1269125,0.0021632523413565178,1001387.6582788645,3917427.260233744,0.12781190201590545,314244901.4962826,ok,2002775.3165569603
229,314239051.3336005,0.0062180978014810245,566102.604913479,268557.3608082688,1.0000000013623687,313941506.08945584,ok,1132205.209826958
230,313957402.1352656,0.0018293142005349472,2056069.2495452305,9063256.369898565,0.11342883648166303,313840793.3639147,ok,4112138.499090461
231,313816320.8362342,0.005120242427347331,855183.8151828174,3622168.3092391235,0.11804860268385185,313765844.20902413,ok,1710367.6303656348
232,313762410.1371239,0.006602694965351426,647564.4824071196,740398.8822293951,0.4373078471277912,313620817.62228495,ok,1295128.9648142392
233,313667610.1678481,0.0030976469248554213,1234384.8617834514,3754644.962787105,0.16438103655840167,313566155.4363021,ok,2468769.723566903
234,313589904.9990046,0.006600995016872469,574381.3247370605,663881.9067147437,0.4325929950248367,313465668.33022743,ok,1148762.6494741107
235,313467103.0875142,0.0031194943437245558,1558770.4005267115,13073776.65767791,0.05961438845642524,313420640.51542854,ok,3117540.801053423
236,313421754.6222956,0.006585380278710257,538228.0157399032,617412.9600149543,0.43587359724913033,313304454.9316152,ok,1076456.0314798048
237,313316035.5449008,0.0030635968141342657,1373871.295823105,10162928.145189444,0.06759229604872381,313269603.9872207,ok,2747742.5916450405
238,313311997.22692716,0.006001474613265787,591536.7906814301,1078750.9505590694,0.2741767181641242,313230904.418956,ok,1183073.58136286
239,313205303.8644652,0.0043590655613253565,1978593.0556408272,136037732.59990418,0.007272221529375229,313198109.4809566,ok,3957186.1112783435
240,313198433.87924016,0.004961432895915789,753279.0005108828,5222788.811161314,0.07211463336418032,313171272.65976876,ok,1506558.0010210504
241,313172380.7246521,0.005625246948198586,688130.3326457483,2623368.791226656,0.13115394506236897,313127255.22073036,ok,1376260.6652914966
242,313124884.85590833,0.006110526301890022,622038.0153957994,2942451.3467057976,0.10570064583942876,313092009.94592637,ok,1244076.0307915988
243,313106664.72857475,0.004050085582759704,815355.7677241266,4161674.9729559426,0.09796004890129587,313066728.5831356,ok,1630711.5354482532
244,313080793.8348332,0.0067504829993548605,544069.9209129979,526071.3937117317,0.5171065442983664,312940122.7765032,ok,1088139.8418255206
245,312928913.10502326,0.002782841941299405,1513440.6254693684,11806597.42720529,0.06409300540653783,312880412.6259279,ok,3026881.250938736
246,312870927.7365648,0.0070567981758211705,590460.8413690559,895356.71193509,0.3297349723848734,312773579.94195324,ok,1180921.6827375882
247,312762850.30611306,0.0061532976999577275,584288.3517748837,381318.26068911684,0.766142632035193,312539026.1982649,ok,1168576.7035497671
248,312512016.67513376,0.0028950122837264496,1662036.3688143538,12422254.59472136,0.0668975328166519,312456423.60887116,ok,3324072.7376287077
249,312446440.42951465,0.006475843727307258,827211.5094576568,3145162.1334048267,0.13150538420131472,312392049.04583114,ok,1654423.0189153026
250,312392035.0282545,0.006186818389205065,621518.7380930821,1646517.4334989407,0.18873736938585595,312333383.12242866,ok,1243037.476186164
251,312341091.5546173,0.005648788158784471,653183.1303277037,2026188.4746684877,0.1611851855081185,312288449.83260095,ok,1306366.2606554073
252,312316383.48115766,0.003682747697150073,900442.8210428965,5823379.829030417,0.0773127331102511,312281575.6334055,ok,1800885.6420851024
253,312285139.96024454,0.006606040529100319,478008.3986812804,83085.92862302513,1.000000074396702,311890217.4669867,ok,956016.7973621797
254,311893231.33248174,0.004269870643481439,1288392.553861699,11491610.880923029,0.056057961203704314,311857119.002582,ok,2576785.10772172
255,311845868.58130825,0.007412659986848408,555864.8863019905,689994.6903189984,0.40280374189908835,311733916.3532119,ok,1111729.772603521
256,311755914.0056963,0.005315914791374155,775409.0891216851,2583792.03355696,0.15005253500496002,311697737.955952,ok,1550818.1782427982
257,311700493.3009421,0.006874562197620797,454664.4774707825,224123.02330825172,1.0000000000393134,311469951.84677935,ok,909328.9549412128
258,311446426.0233937,0.0029017920219911912,1572807.908432232,10579550.865023479,0.07433245175048088,311387970.68941057,ok,3145615.8168628495
259,311380952.10623175,0.005690901629733845,802836.3939742736,4365477.111762134,0.09195288091319381,311344040.5465678,ok,1605672.7879477662
260,311354045.2591232,0.0064445627818212154,577753.6039275515,1034071.712764626,0.2793585767774788,311273345.04686254,ok,1155507.207855103
261,311296249.3498712,0.002702549518095732,1123638.723767139,7314568.002866126,0.07680827653299926,311253096.9729621,ok,2247277.4475334277
262,311259248.679572,0.007635151613081997,428942.28019517055,102562.66918132734,1.0000000037707977,310932869.0677142,ok,857884.5603903411
263,310922543.60346466,0.004731704828649565,981054.2333026782,4287437.787937052,0.11441031705030563,310866422.24052685,ok,1962108.4666053564
264,310872538.4314159,0.007358129795267235,559429.677038236,282129.087265804,0.9914427513657554,310595217.18231666,ok,1118859.354076472
265,310592562.045132,0.003380990530706033,1746912.9355250844,8141659.178513075,0.10728236697351694,310498855.5678221,ok,3493825.8710501683
266,310501880.7850147,0.00677093095790321,642121.4353254738,1359034.8422211087,0.2362417119034405,310426032.85144913,ok,1284242.8706509476
267,310399088.25166476,0.007446720747114682,474843.96073992003,153980.18577584,1.0000000002358234,310078224.4766613,ok,949687.9214798401
268,310101402.18401873,0.002862501130129404,1552768.4903199826,7435200.90509879,0.10442007621173696,310020332.0819695,ok,3105536.980638382
269,310023523.4988247,0.006716569672171206,575338.822775472,601244.4540137992,0.4784566568012512,309885886.1539881,ok,1150677.645550944
270,309853592.8096789,0.003036260019779441,1118315.5752221637,8209244.396897623,0.06811318564500218,309815506.7914865,ok,2236631.1504443274
271,309823290.08103204,0.0073475563338849725,457543.9894429032,947612.2020255778,0.24141942688415977,309768060.07717925,ok,915087.9788853442
272,309736278.98398334,0.005782602863668582,606686.048421704,1880944.3353479106,0.16127166472193546,309687358.34948707,ok,1213372.096843408
273,309689662.7075186,0.006427267811142313,479747.8491456838,990860.8080655389,0.24208639863468678,309631592.4929924,ok,959495.6982913676
274,309635277.95243865,0.00720640153275045,442207.9907085514,548934.3010680892,0.402787719630678,309546219.9783487,ok,884415.9814171029
275,309537878.60164976,0.003955746649736059,1094030.7893946208,8848967.029181492,0.06181686437449728,309504063.825185,ok,2188061.5787892416
276,309498738.1490894,0.007264731003200925,509300.40681224404,505949.43176748045,0.5033115711120154,309370569.7551291,ok,1018600.8136244881
277,309369158.6010474,0.004360234853246901,1119733.860443144,6945324.430473279,0.0806106231359189,309324027.3789291,ok,2239467.720886288
278,309318558.90501106,0.006354751711068487,572635.3335888571,2137950.89522784,0.13392153553831546,309280214.8034222,ok,1145270.667177714
279,309284847.1067731,0.005735507268803968,592354.8213809575,3733309.3070784793,0.07933374556694686,309261350.2434307,ok,1184709.6427614156
280,309259596.46912175,0.007171989245615942,529565.7715893234,1466162.4897034827,0.18059586686616946,309211777.7743304,ok,1059131.5431786468
281,309216359.4779728,0.005181737635468415,574853.1904306164,3683890.720746315,0.07802256282919239,309193933.7183888,ok,1149706.3808612328
282,309185502.3573332,0.007484344879345968,380074.166922999,45527.80729284943,1.000000136000911,308850955.95839626,ok,760148.3338456799
283,308854219.0619104,0.007039250195819952,571620.7947032127,1245051.9595082349,0.22955700376110766,308788609.28345054,ok,1143241.5894064251
284,308846516.17518187,0.0025365357196299064,1026486.1575361688,6052826.29364466,0.08479395473598487,308802996.2647922,ok,2052972.315072337
285,308797495.02499425,0.007367862681821031,435986.8832521979,853559.0270095923,0.25539351670830507,308741820.913318,ok,871973.7665043958
286,308741778.1570697,0.004165780222228709,821209.2536870078,7491357.285963959,0.05481044504616347,308719272.7347344,ok,1642418.5073740156
287,308721690.28360784,0.007438625592773,405913.11819348333,104928.76118880945,1.0000000033852339,308420705.9259395,ok,811826.2363866334
288,308410854.5268119,0.003700103590789852,947063.582872066,5329376.832935204,0.0888531260371076,308368779.74686486,ok,1894127.1657440993
289,308371997.42028236,0.008278153372077912,480115.87284585426,2096389.1143877683,0.11451019983617589,308344508.3380103,ok,960231.7456917053
290,308349426.0613093,0.006703627636884585,454850.1327650157,1435685.767197373,0.15840866544666543,308313399.9600545,ok,909700.2655300314
291,308306350.43776333,0.007533815546572532,431676.1209285111,862823.6619565631,0.25015315409270894,308252357.866165,ok,863352.241857022
292,308278215.39580005,0.002412274310499474,999835.4978609051,6330046.6592654465,0.07897536556049085,308238734.2088281,ok,1999670.9957218098
293,308236888.68125385,0.0083226514151285,364687.3559590884,175410.44722836625,1.0000000000000244,308047611.7725231,ok,729374.7119178495
294,308033409.008903,0.0020140983903830802,1979765.4384765984,13518505.484702682,0.07322427174797053,307960925.56767094,ok,3959530.8769531967
295,307958678.9704296,0.006063201535158414,638205.7277836597,2730625.1347416895,0.11686073633172508,307921388.3747896,ok,1276411.455567317
296,307917969.1606778,0.008525865039716272,411873.44653730624,207138.26114792682,0.9941993436045327,307713227.00558007,ok,823746.8930742848
297,307735637.2424231,0.0017142776725724454,1965837.4329236285,9977342.311638897,0.09851508405351667,307638804.9224531,ok,3931674.865847256
298,307642713.4035458,0.005573810745886903,857650.9045020381,7606552.788779823,0.056375793892282644,307618538.0282339,ok,1715301.8090040763
299,307629890.1999096,0.00855174252271378,488406.34049858665,580917.5326152478,0.4203749354059064,307527233.3079902,ok,976812.6809967284
300,307513908.8498939,0.003262860844629414,1061146.9936347425,7752003.602183121,0.068443401737836,307477594.5948998,ok,2122293.987269485
301,307471674.9163307,0.007968448980135913,527536.4177497237,2194067.37995363,0.12021882795615711,307439965.0114077,ok,1055072.8354994473
302,307426384.4141167,0.008377743628843656,345698.18489649653,73923.96770432855,1.000000438148328,307154610.1102368,ok,691396.369792993
303,307158586.50138366,0.006236476148176895,745396.6895901901,2915831.997135488,0.12781886787758476,307110948.6208921,ok,1490793.3791797399
304,307117042.94216156,0.007241022090558759,520702.53835278086,1361560.736562081,0.1912153179694159,307067259.7914422,ok,1041405.0767051602
305,307066874.5912981,0.006552671252016887,570001.7552784604,3429351.0853098733,0.08310635760219277,307043189.2064441,ok,1140003.5105564126
306,307042294.4963003,0.008005500921366092,392423.18082166,141630.3424701791,1.0000000560831754,306791501.6518266,ok,784846.3616430146
307,306776621.9057199,0.0036713416097344485,1339333.307274878,11876342.339202045,0.05638660746810647,306738861.6749868,ok,2678666.6145482
308,306726733.42434406,0.006824069163950663,579453.4144584241,2324588.9673827323,0.12463567163678703,306690623.14159745,ok,1158906.8289168482
309,306691045.11090535,0.008243504094474972,410254.6164521142,366536.94366275345,0.5596361070080631,306576248.4626887,ok,820509.2329042284
310,306581320.01594067,0.0041339766393598334,1187605.8293336171,14278348.049067667,0.04158764813872023,306556625.1492617,ok,2375211.6586672342
311,306560222.54455984,0.008066553406197096,448003.6560471701,579176.9588428563,0.3867588732658161,306473587.849944,ok,896007.31209434
312,306469615.85164636,0.00628630156292504,601596.116790805,2429209.9187432057,0.12382546937360837,306432369.3908789,ok,1203192.2335816096
313,306424736.536989,0.00796746402623625,384686.9668260969,122759.84094352054,1.0000000005295329,306162809.4110327,ok,769373.9336521938
314,306165618.77092737,0.004099135370226486,1182906.782818801,8134740.541183346,0.07270709968130869,306122615.9102413,ok,2365813.56563759
315,306121179.6454972,0.007753305830117368,473434.20510983944,845021.3900286154,0.2801314917565621,306054867.73043424,ok,946868.4102196789
316,306062526.79097104,0.004209228496028642,962556.4195412869,7889610.168991368,0.0610015196520377,306033168.08879966,ok,1925112.8390825724
317,306034628.3987873,0.009631720857827089,275657.4205186178,36498.00704602123,1.000000003151552,305795468.984676,ok,551314.8410370551
318,305801469.3944943,0.007571078165581321,608062.1097633075,2645380.5193931065,0.11492904429167092,305766527.39592177,ok,1216124.2195260627
319,305764215.9224691,0.006680024426726613,439673.2202225118,977132.2755292163,0.2249814233105667,305714756.7690305,ok,879346.440444676
320,305700628.36070377,0.007453653780829828,395238.4935940642,1396831.548798208,0.14147679222097884,305672669.8235858,ok,790476.9871881284
321,305662041.57073003,0.007655550693268081,381213.7711984163,479135.33911622164,0.3978142917840037,305586215.42752624,ok,762427.5423968326
322,305574141.6145141,0.003998806591548357,673421.912399472,5777399.44785346,0.05828071249683763,305554517.8600813,ok,1346843.824798944
323,305556333.08342564,0.008365820412337521,387404.83834865264,1095758.9662303624,0.176774660435317,305522091.4040506,ok,774809.676696998
324,305529120.4892271,0.007260506079910567,463346.66338204965,3747101.194757245,0.06182734856885383,305514796.7413946,ok,926693.3267636471
325,305516892.9155266,0.009049713473704372,371604.49391916336,599555.3863304232,0.3099000546000992,305459312.789049,ok,743208.9878383267
326,305453423.6139425,0.0058726934655785835,443061.67712042824,1290467.7683714454,0.17166708382014326,305415394.06091064,ok,886123.3542408565
327,305420250.08201504,0.008707309447667556,313180.4983425592,161509.76299931903,0.9695404554085058,305268429.50052094,ok,626360.9966851184
328,305262527.93692595,0.0034281779271112933,1082836.9088960963,4725502.860201472,0.11457372272650888,305200495.609047,ok,2165673.817791718
329,305208996.1129144,0.012318585351914386,794693.5242916683,46464399.63258858,0.008551638787712828,305205598.14693105,ok,1589387.0485824477
330,305206022.94321966,0.008281766138031001,343614.7939049095,629565.1695226671,0.2728985103841088,305159136.96051836,ok,687229.587809819
331,305162254.73991776,0.007661229510503962,439746.64809627424,1282805.7872671266,0.1714003212571659,305124568.38154006,ok,879493.2961921132
332,305119568.47259706,0.009301573485246045,271017.2548241974,84329.42986556434,1.0000000004562777,304932880.64759177,ok,542034.5096483947
333,304932689.4237399,0.0034420113411837007,1006661.6221150607,10087560.85850442,0.04989618581911129,304907575.13606286,ok,2013323.244230121
334,304905606.1713004,0.008344511493845916,468558.9706023741,1001536.2650970622,0.23392012198228512,304850803.4855208,ok,937117.9412047482
335,304846900.1787931,0.008637562911402892,310660.9467782951,138543.7061320543,1.0000011307305183,304674782.9001844,ok,621321.8935565902
336,304680038.295707,0.004070964720599048,883042.4756655791,5560966.526159006,0.07939649263412325,304644983.05799955,ok,1766084.9513311582
337,304650057.3387194,0.0075649618730959985,604071.9110014903,2566387.057615243,0.11768916719109597,304614510.97865474,ok,1208143.8220029804
338,304623905.0114371,0.008412910810211251,375306.31603518734,749576.14932732,0.2503456896087158,304576926.85218596,ok,750612.6320703747
339,304579095.4158769,0.003637228714790191,726811.1200341979,5021089.465159761,0.07237583845870313,304552793.63377017,ok,1453622.2400683956
340,304553374.7802086,0.00854698501905543,337721.0943212512,1498292.2724472252,0.11270200765623546,304534343.85752964,ok,675442.1886425024
341,304527404.8533133,0.009115486179727997,336918.92335991655,237124.46537401952,0.7104263215279999,304407726.8176254,ok,673837.8467195481
342,304432392.65053815,0.0023947148087267093,1581265.4477605864,10113670.841004994,0.07817465451562275,304370585.21050006,ok,3162530.895521172
343,304365658.1697431,0.007280899677614641,584618.7531316311,4991987.825914842,0.058555707016822764,304348541.78753066,ok,1169237.506263262
344,304345716.7419267,0.008239605763757329,311889.54670500214,182679.29310500028,0.8536532559432843,304212593.978407,ok,623779.0934100043
345,304241231.84491634,0.0027886100843815976,1423140.1310168416,15282924.68169443,0.04655980974379365,304208101.2780469,ok,2846280.2620336832
346,304208140.69236636,0.006307557097586835,700123.3402876194,4820590.710061525,0.07261800289602721,304182719.91299003,ok,1400246.6805752383
347,304189931.44720066,0.008659589405071161,412828.55353485135,1141181.5700881737,0.1808776816746848,304152595.7113544,ok,825657.1070697026
348,304140737.72313756,0.0068703525070695284,433451.73071319907,2955504.3259961833,0.07332957135278421,304124845.30832994,ok,866903.4614263976
349,304126782.8785346,0.009738493351029347,277545.727229218,54940.542007302574,1.0000000023899769,303904177.69291204,ok,555091.4544582274
350,303900661.874089,0.006908737482824615,638496.1124227047,2477719.9613841474,0.12884751351521115,303859527.55585164,ok,1276992.2248454092
351,303861761.04223007,0.008312416020284645,497378.0725541223,1515549.7142967735,0.1640916387836573,303820953.25071985,ok,994756.1451082444
352,303829433.8921122,0.00870588604400503,414999.5895562685,1552624.8630548124,0.13364451369783897,303801702.6829467,ok,829999.1791125366
353,303798353.59048915,0.008403065579181345,358999.7047853209,1214756.6938450187,0.14776609447979006,303771829.59834135,ok,717999.4095706417
354,303753609.2440563,0.009194403207058267,296681.013748326,59226.23143628752,1.0000000367146475,303516154.4552007,ok,593362.0274966429
355,303520848.0745087,0.0063898607460149215,686141.5067421312,4582290.718560282,0.07486883186644595,303495162.76795626,ok,1372283.0134842617
356,303487313.8093212,0.00923962439873103,290609.57185701234,165114.09029092483,0.8800265663123275,303359441.73749185,ok,581219.1437140247
357,303375522.5531446,0.004196719307469388,730582.5560435515,4694831.245549372,0.07780711572286358,303347100.292403,ok,1461165.1120861862
358,303347949.8889444,0.008959706839444501,528377.2246521609,1310655.0715234187,0.2015699004765648,303294697.4166508,ok,1056754.4493038503
359,303309583.52017504,0.008242927773379526,386358.8567876747,621686.9630424294,0.3107342438844951,303249556.0565591,ok,772717.7135753493
360,303250604.51350534,0.010140503790605488,261055.43762066175,111950.78964191908,1.0000000008364787,303101499.8654955,ok,522110.8752413235
361,303093558.6694532,0.006723580415804398,533220.5742099173,1199394.6239916733,0.2222873787925279,303034294.5675735,ok,1066441.1484198347
362,303037771.2538437,0.00887963039183457,285179.04952510935,126703.61481392829,1.0000000000003897,302879295.81913257,ok,570358.0990502187
363,302911099.5931713,0.0019326879248892665,1839476.1745086384,13600386.683946,0.0676258777509602,302848901.4977197,ok,3678952.349017277
364,302850938.50065446,0.006809039884410875,508890.4212621257,3873201.543344135,0.06569376981384088,302834223.03555703,ok,1017780.8425242514
365,302835139.565546,0.010173429952056421,291838.32861724065,132482.45400680965,1.0000000000054516,302675783.69093543,ok,583676.6572344808
366,302660789.3469392,0.004540418621231035,1106712.6309974445,17086163.774660513,0.03238622330890756,302642868.2257361,ok,2213425.2619935563
367,302640314.6531845,0.009290782485873842,585896.3605474726,3068553.3000705955,0.09546784807909209,302612347.520815,ok,1171792.721094945
368,302610899.29288304,0.009333158798941196,397021.17352035694,6544750.541799202,0.030331268623969034,302604878.2149513,ok,794042.3470402841
369,302600283.1940315,0.009746062769342666,378316.92838273564,622914.2564118574,0.30366693689267615,302542842.0226231,ok,756633.8567654684
370,302529709.18781435,0.0064718174619846835,329904.9774262414,1722344.8688997664,0.09577204408458122,302513911.3507934,ok,659809.9548524828
371,302509500.5624094,0.009572224171044835,276101.86419484083,86272.79675187981,1.0000000000921536,302319671.4949569,ok,552203.7283894778
372,302315911.4694438,0.004474290531651622,1034317.5958792398,8172343.969838911,0.06328157501057972,302283184.8461796,ok,2068635.191757404
373,302277182.636997,0.009437397316464903,425525.82509794785,929672.018328302,0.228858036333669,302228490.1346264,ok,851051.6501958955
374,302233002.4519029,0.007764688767637607,409118.16955333797,1717908.1580519297,0.11907451735291515,302208644.677613,ok,818236.339106301
375,302209927.21617246,0.009802133290978505,245505.78607390358,150311.15489057466,0.816658571523284,302109680.01389456,ok,491011.57214760134
376,302110082.6386744,0.002873146312013111,1284883.220037863,14348130.311747532,0.04477528403076548,302081317.1331126,ok,2569766.4400745314
377,302081978.4996444,0.008822721899688604,399320.976669644,1404897.6042941895,0.14211746658585128,302053603.25686496,ok,798641.9533392879
378,302067007.74482685,0.010081248893026732,269846.15205025894,88189.9953878416,1.0000000219040643,301885351.58611715,ok,539692.3041005178
379,301895977.12769085,0.00605306811862329,796993.2130879017,9166479.037998835,0.04347324691323878,301878653.1863205,ok,1593986.426175803
380,301884935.7702419,0.0092059035915453,397052.7247918737,1583294.6907851102,0.12538813118705866,301860042.92066973,ok,794105.4495837472
381,301864790.8092815,0.008394953358582922,450935.3303709781,4843398.015359409,0.04655154593334779,301854294.94090915,ok,901870.6607419562
382,301854636.03051776,0.01090035741081002,285252.80543414835,260814.75014547096,0.54684945018456,301776640.8606101,ok,570505.6108680712
383,301746672.18529063,0.006995762652994242,540813.7768818743,4414034.975670983,0.06126070362635318,301730106.8690393,ok,1081627.5537637486
384,301727964.7657609,0.010753829360332649,311958.3947120298,253598.2231044796,0.6150642360445611,301632027.53990024,ok,623916.7894237997
385,301636600.5263423,0.00532353521920479,790194.6009357193,3595375.136213754,0.10989042464256786,301593183.1162187,ok,1580389.2018707253
386,301583477.8754042,0.009599278936042621,300010.70884773484,298686.4735782469,0.5022167647125491,301508142.6716159,ok,600021.4176952393
387,301514392.49959785,0.005613547460916692,578630.8766275232,5827884.09136018,0.049643306863750236,301500029.9245132,ok,1157261.7532550464
388,301501329.90015465,0.008817084007251993,360665.7820338294,2443497.7061221707,0.07380112965323912,301488021.12908393,ok,721331.5640676472
389,301478245.9583348,0.011329158680133726,239523.5635704998,76194.52008448254,1.0000000000146296,301314916.9148475,ok,479047.12714099954
390,301290741.1727228,0.008854891738006857,556675.2913804589,4684910.752449997,0.05941151505280467,301274204.7114961,ok,1113350.5827609175
391,301271121.87532955,0.010342954872335062,292736.126061472,190217.87602262665,0.7694758562719171,301158495.1846981,ok,585472.2521229439
392,301170771.11079794,0.0038215090439981795,1174736.6738809405,9357558.693769721,0.06276939917369058,301133902.35319453,ok,2349473.3477618806
393,301134801.7717266,0.00808613739756201,482810.21399220463,1611184.572611826,0.1498308208132668,301098631.84639686,ok,965620.4279843979
394,301087414.09706545,0.011466640351847355,260043.50202766323,336329.79075110046,0.3865900511621752,301037148.98168886,ok,520087.0040550891
395,301027902.67993975,0.006815999746054762,471803.8058320853,3325318.1000768226,0.07094115384347524,301011167.526753,ok,943607.6116641705
396,301011823.19331515,0.009979327226565573,350584.0401947674,735659.3558230759,0.2382787885586831,300970054.8231224,ok,701168.0803895348
397,300983500.2153568,0.005055221338101076,684156.2151625426,5972009.123230678,0.05728023861360368,300963905.8997301,ok,1368312.430325085
398,300959712.04176074,0.010964978499779633,232919.06834176782,56505.18336676384,1.0000000119312669,300783298.15535504,ok,465838.1366835344
399,300779781.08125883,0.009336797364507916,493562.79432051245,1845749.4726159933,0.13370254242060883,300746785.78103644,ok,987125.588640623
400,300737294.9990473,0.012107168873995506,221802.13572823725,70187.81718429814,1.000000032847891,300585680.67782867,ok,443604.27145647444
401,300594820.640749,0.005993705739812345,723533.5539557511,4772395.583896886,0.07580402140144384,300567397.2642446,ok,1447067.1079114843
402,300568788.25148,0.010446692748377845,323311.90473915136,2765355.177495516,0.058457573076013236,300559338.2368311,ok,646623.8094783025
403,300554744.89694875,0.011061506353720047,300966.7196860737,633786.911671467,0.23743525950413152,300519014.84135336,ok,601933.4393721474
404,300511674.9452413,0.012610890583851984,247618.3629289913,230524.6015778791,0.5370757854782309,300445180.0318568,ok,495236.7258579821
405,300428520.06574905,0.007926455179034717,508580.07882725826,3239822.374982425,0.07848888302557283,300408561.12459093,ok,1017160.1576540456
406,300404472.5794517,0.010777453683306872,290307.2602727429,402919.9994298469,0.36025422004807783,300352180.3716398,ok,580614.5205454858
407,300350985.2652168,0.008142760288109405,524830.5867409825,3402792.318186328,0.07711763423468564,300330748.4186051,ok,1049661.173481965
408,300333020.23324525,0.011272196443385622,249664.51239133326,209225.161650136,0.5966407444072609,300258540.22298265,ok,499329.02478266647
409,300274487.69670635,0.0026891942635860616,908247.1002709003,7546725.263661738,0.060174914849769605,300247160.8507457,ok,1816494.2005406013
410,300250598.6878276,0.0059525570226260476,523163.64444872417,7309638.574546639,0.03578587635443877,300241237.7530809,ok,1046327.2888974482
411,300239058.8379396,0.011686675744794242,258209.66513939155,465721.19559435366,0.2772148525577242,300203269.0608143,ok,516419.3302785536
412,300200464.0614507,0.007248750527066732,513225.7076611945,3052967.581942463,0.08405357965423475,300178894.83250093,ok,1026451.4153223889
413,300177566.55574036,0.01191300502450462,246663.5974784548,115115.31462220395,1.0000000159396887,300046018.27262217,ok,493327.19495672523
414,300051030.69127053,0.0028142345474129016,1357630.3939870745,12469902.059529932,0.05443628937524518,300014078.5107747,ok,2715260.7879741485
415,300013302.2378559,0.006832102481473209,456455.52222048317,2085837.5269892819,0.10941780371535828,299988330.0574883,ok,912911.0444409661
416,299991068.2177805,0.011055137555763036,257770.0120547884,368538.49339184863,0.34971925141712995,299945994.6499537,ok,515540.0241095768
417,299943809.8500206,0.005951394934859366,401055.0040036421,2140540.8370863,0.09368076447201946,299925024.2803354,ok,802110.0080072716
418,299923244.64507586,0.012785955474901845,248932.64666338437,1090563.9002135117,0.11413024336063576,299909039.2733038,ok,497865.29332655773
419,299909199.21040803,0.00878270021924898,344062.6785762307,2133366.654450812,0.0806384307775735,299895326.8731633,ok,688125.3571524614
420,299897041.3105637,0.011628823356533492,238920.04935101903,1801391.5656590862,0.06631541245825803,299889119.26975507,ok,477840.09870180837
421,299889838.1401376,0.011383189222821314,221672.78160954444,246715.33272370396,0.4492480851560924,299840045.1038029,ok,443345.5632190888
422,299847925.1265765,0.004600246334817523,683577.0407944274,4710987.219531427,0.07255135802113453,299823127.9052656,ok,1367154.0815888536
423,299823425.7607618,0.011204059259057462,188670.5212376518,227786.04099340193,0.4141397787477171,299784357.77680105,ok,377341.0424753036
424,299780106.7133424,0.005945006722928746,390189.9658974751,3367766.038862956,0.057930087986339626,299768804.84381455,ok,780379.931794948
425,299765182.1481144,0.012654385711616681,182458.58829433314,38440.688420154096,1.0000000025592257,299621164.24797004,ok,364917.1765886643
426,299620293.6383607,0.007465189530381522,527135.9632087873,5032775.454922793,0.05237030421188083,299606490.5029835,ok,1054271.9264170078
427,299605200.1823656,0.011927879759680678,274929.8293126338,901756.7726111035,0.15244123341405805,299584244.86122423,ok,549859.6586249986
428,299577757.19819987,0.011588268246967098,242493.44162156188,1005397.9607046284,0.12059574969279405,299563135.35900587,ok,484986.88324312377
429,299579750.17355627,0.007480621859651375,273622.37569369964,1093349.9930969044,0.1251302773225738,299562630.9516801,ok,547244.751387255
430,299562739.7438187,0.012935313185004158,228049.31360344056,205436.56969873403,0.5550358291560927,299499451.97388655,ok,456098.6272066829
431,299508668.1996181,0.0034361445917584555,624815.0533499988,3197466.311314959,0.09770471249985482,299478144.51204157,ok,1249630.106699997
432,299475220.5614343,0.008183753704661192,403952.7205946171,5770627.918660235,0.03500075956104987,299468151.2354105,ok,807905.4411887676
433,299467971.4960617,0.011160469212190412,272039.47521475144,660370.5342509339,0.2059748740329011,299439954.847742,ok,544078.9504292408
434,299444931.0934617,0.006569896807803137,364546.23387058306,2390623.166697989,0.07624502241691794,299431033.67557496,ok,729092.4677411661
435,299433346.2616682,0.012163512277762733,221618.90559281365,218221.07536765188,0.5077852934677304,299377078.85116094,ok,443237.81118562724
436,299387136.6856534,0.0046868458717248705,565093.0195984652,2337923.7981532034,0.12085360096955453,299352989.9225028,ok,1130186.03919693
437,299358750.6975399,0.013283155377407383,136981.87233586799,90386.0234067623,0.7577602552521389,299306850.9882669,ok,273963.74467173597
438,299316420.28651893,0.004989632565880315,798716.4197309734,8904095.635162357,0.04485106924148674,299298508.6437961,ok,1597432.8394619469
439,299295779.01193607,0.009466290689714218,367849.58720745426,2282356.076615173,0.080585494738619,299280957.3414488,ok,735699.1744145819
440,299281679.2903401,0.01285263459019901,200144.39320401294,157654.90659989385,0.6347547232131237,299218157.9908847,ok,400288.7864080259
441,299206811.04066837,0.0057924625994815295,556868.6669175957,3663128.204582288,0.07600998870596398,299185647.2501268,ok,1113737.333834685
442,299191952.9570639,0.008770347786563134,298728.5253453313,1466922.8338481048,0.10182148592018701,299176744.4658952,ok,597457.0506906626
443,299174532.9873967,0.0132829718367772,220257.50822251177,439703.5304989598,0.25046138243712923,299146949.98739594,ok,440515.01644484396
444,299140129.4354392,0.005908707533333955,330647.14500970254,2007993.9410966362,0.08233270485595302,299126517.8985384,ok,661294.290019405
445,299124372.3423088,0.013392916914327918,117757.00389945926,24862.853745319437,1.0000000958633417,299031478.18563294,ok,235514.00779891788
446,299038381.441355,0.010851044886212987,368431.1985038163,1387169.0553967748,0.13279967465769094,299013917.6697075,ok,736862.3970076325
447,299013832.6568232,0.009552268708023183,345446.7520734411,2303021.09555215,0.07499860785917381,299000878.6440757,ok,690893.5041468793
448,299005689.4944454,0.011900972027144562,199631.07435174152,98936.3912311315,1.0000000191827947,298904994.81129104,ok,399262.148703483
449,298887365.00570834,0.0036362006356641125,1022824.1784200406,12827916.667662708,0.03986711969366117,298866976.478735,ok,2045648.3568390105
450,298867554.05583894,0.012718870589409228,496458.28985222534,5457781.871118881,0.04548169032545525,298856264.17473966,ok,992916.5797044507
451,298856276.7660744,0.013474682179946905,241252.61091642035,443522.05477242504,0.27197363504302974,298823469.59129715,ok,482505.2218326536
452,298831681.45654106,0.0032121120104442453,768381.8318323669,7443115.287400535,0.05161695084402755,298811850.6929195,ok,1536763.6636647335
453,298810746.8456488,0.01227888659485975,204036.04227278774,90118.6289889463,1.0000000009201575,298696829.43234307,ok,408072.08454541996
454,298682881.14916193,0.004317445359090813,910902.8728928403,7502224.650085982,0.06070885073285566,298655231.21589065,ok,1821805.7457856806
455,298652214.0918568,0.010719925222155546,334266.78664339235,1550494.751652243,0.10779358855848752,298634198.1836227,ok,668533.5732864961
456,298640218.97991747,0.008574961883113706,222465.26367633548,1843965.0578351442,0.06032252691857259,298633509.14648914,ok,444930.5273526705
457,298635831.55567425,0.015602687775331824,104705.66734688767,87962.88094695847,0.5951696114297637,298604672.7399996,ok,209411.3346936933
458,298614491.5377864,0.0037680007332404927,488997.2640113842,3080037.4494181206,0.07938170753471932,298595082.81888795,ok,977994.5280223411
459,298595689.37838274,0.012150627392999517,257512.37215748965,664176.6450925905,0.19385834631507615,298570728.91707164,ok,515024.7443149793
460,298580459.03572166,0.0070074874875103,424636.6416023524,4794654.86181599,0.04428229495558727,298571057.09321547,ok,849273.2832042677
461,298572650.52287275,0.010551509416986977,335618.06483422784,2558929.900185236,0.06557781532232147,298561645.9731355,ok,671236.1296680544
462,298564891.88368505,0.010539939469322508,314925.2066935368,2268757.3768879212,0.06940477855889621,298553963.22656846,ok,629850.4133870734
463,298566895.3338762,0.005446474450794194,425765.5742340678,5114391.092391843,0.04162426831880688,298558034.24362475,ok,851531.1484676055
464,298558738.9075879,0.014130757144246428,169318.8544941333,400835.5922871404,0.21120736001512683,298540858.2134586,ok,338637.70898811426
465,298538964.28493226,0.013894608764661413,185167.0772326021,551414.0383051672,0.16790203401579495,298523419.3204822,ok,370334.1544652042
466,298522015.4443821,0.011273809206871916,172554.6519300528,550541.1880311684,0.1567136625573269,298508494.6086345,ok,345109.3038601056
467,298509447.834587,0.012356225236914941,222749.01638979738,695350.4252384306,0.16017033160900013,298491608.9426766,ok,445498.03277938894
468,298506692.9914765,0.00518174821074211,322768.75285762385,1461152.757112735,0.11045003723478608,298488868.0810908,ok,645537.5057152477
469,298491243.29534835,0.01352198025996362,185077.9339751195,114764.11243258306,0.80634063232895,298416625.3661925,ok,370155.867950239
470,298431801.43251526,0.004082618111388599,750034.5527213247,4232099.137612047,0.08861259251414065,298398570.17941934,ok,1500069.1054426492
471,298406169.86805177,0.0184142083581932,610293.7577077012,47227901.91207729,0.006461156784435035,298404198.2662252,ok,1220587.5154149344
472,298403088.80605614,0.011085017869369093,309742.14187350124,1586900.0588858093,0.09759346221556532,298387974.4020464,ok,619484.2837470025
473,298384225.40907824,0.011991360136109129,183725.45191614976,31553.18681949477,1.0000005814800965,298232053.073844,ok,367450.9038322988
474,298232673.7244799,0.011254135134954601,404259.37009955314,1445935.4999637478,0.13979163320552287,298204417.6856875,ok,808518.7401991063
475,298198282.42993784,0.012721277205690044,165369.42086618478,71968.57573384095,1.0000000001755238,298104881.58480173,ok,330738.84173236525
476,298097578.0551726,0.005400197222137694,869732.7649534706,11677190.390285352,0.037240669025874175,298081383.3401523,ok,1739465.5299069409
477,298079140.8827212,0.012679696683205312,277650.9521976869,1311830.7834788992,0.10582574966771731,298064449.57264006,ok,555301.9043953737
478,298070026.3465922,0.01060669980214347,181440.6779681418,296474.2877584515,0.3059973249956303,298042266.1655404,ok,362881.3559362836
479,298032131.5847955,0.00999747653307724,245911.9621097477,1236422.3176213766,0.09944497062412783,298019904.2308714,ok,491823.9242194954
480,298016987.5861677,0.012078931670230882,193482.69676631186,1418174.9149120678,0.06821538539846071,298010388.3378038,ok,386965.3935326237
481,298014919.1101658,0.006194855109060461,494834.5834076115,9090593.148488713,0.027216847972669222,298008185.19135165,ok,989669.1668151916
482,298011823.421344,0.012723021990982908,192893.28627669145,71431.0314959574,1.0000000005486323,297890361.1665358,ok,385786.57255323447
483,297886945.3366453,0.004540464698195752,1013676.2272868122,11843335.1468275,0.042795218353604884,297865255.088902,ok,2027352.4545735766
484,297859162.3244729,0.008046091639153999,436890.4623406441,3526594.2210484613,0.0619422642578306,297845631.3322379,ok,873780.924681288
485,297843806.3732397,0.012572121732030758,170867.18033497944,145279.6905241448,0.5880628590222049,297793566.05194926,ok,341734.36066995887
486,297806413.9243487,0.004759486981539319,476010.6230547715,2580683.0104467575,0.09222570558411326,297784463.71656036,ok,952021.246109543
487,297786469.41610646,0.013900414045832058,141217.53544060056,85977.54625137572,0.8212466021519017,297728482.20553404,ok,282435.0708812011
488,297715298.28252333,0.008971571694630129,312000.04533786204,1387193.9519464765,0.11245725404874757,297697754.94834244,ok,624000.0906757241
489,297693913.5455784,0.014053669934958492,163159.21287218767,97759.87618203828,0.8344896661303536,297625836.2070405,ok,326318.4257442661
490,297639178.1520688,0.005318692883778336,793188.2358053463,8951061.284593184,0.044306938059434586,297621606.2810521,ok,1586376.4716106919
491,297623111.6392269,0.02223544438136387,501955.6547743784,39779073.03557772,0.006309293008480085,297621528.14657533,ok,1003911.3095482835
492,297621777.49850106,0.009789431407128176,262745.338503491,1408013.5526373887,0.09330355450461948,297609519.9614951,ok,525490.677006982
493,297606751.677965,0.013532714201390298,180426.94700115,194791.54929998168,0.46312827134838896,297564971.2679303,ok,360853.89400215383
494,297575606.15722424,0.0028232361891293266,891987.7660072017,9099770.029192146,0.04901155540995524,297553747.30331486,ok,1783975.532014403
495,297553980.90993416,0.0077754728389458246,322917.35192881204,3358540.7024980346,0.048074056641420296,297546218.9364006,ok,645834.7038576239
496,297547372.317544,0.01355954704156768,210830.13187411253,456078.88465987274,0.23113340582665,297523007.37432855,ok,421660.2637480469
497,297521242.6887693,0.008308769827935197,290825.35496975906,3481367.113046232,0.04176884332018692,297515168.96942663,ok,581650.7099395181
498,297514402.2989814,0.013298445021075444,165021.7305624097,112179.18226782749,0.7355274268643748,297453713.2945528,ok,330043.4611248194
499,297442937.40031046,0.006337404399977376,711919.5538449012,9085314.188200938,0.039179688181255654,297428991.0072456,ok,1423839.107689802
500,297428869.79949164,0.009557336680487269,285862.9775280341,1229925.0757896395,0.1162115413186871,297412259.5108794,ok,571725.9550560655
501,297415587.8203049,0.009770355799741252,242914.1671999683,1565492.9766513412,0.07758392111077127,297406164.70351255,ok,485828.3343999366
502,297405580.5366576,0.013585938726334169,160172.38810629467,70745.88354482077,1.000000000014457,297316154.03209585,ok,320344.77621258935
503,297304285.5177308,0.006853627824391988,654137.5324892575,5293743.15241271,0.06178402631709886,297284077.89246964,ok,1308275.064977828
504,297289056.26356155,0.010214422714570676,243599.06513782195,2105373.355852302,0.05785174977651591,297282009.94748044,ok,487198.1302756437
505,297287235.77637863,0.01408133403849222,183829.91526104123,148894.8043973946,0.6173147411188579,297230495.318104,ok,367659.83052208245
506,297226798.61495984,0.009656166009927676,349469.8760058984,1538299.934057069,0.11358964148305473,297206950.5359975,ok,698939.7520117967
507,297201163.04986763,0.011340871626680047,202960.10818085668,562614.0923554244,0.18037239996171228,297182858.8489631,ok,405920.21636171336
508,297186478.20434105,0.00834015970049265,286447.39130238874,1885609.980240098,0.07595616121683735,297175599.4822241,ok,572894.7826047775
509,297173236.3487285,0.013739862859351066,151112.2181157171,123606.29417796992,0.6112642528468001,297127051.6001772,ok,302224.43623130786
510,297142481.94819576,0.0026474638112974104,979107.8914667566,9062479.758764122,0.054019866390315696,297116036.30945635,ok,1958215.7829335132
511,297115588.5267848,0.01119500001961954,192033.44504513143,442988.25148958265,0.21674778552185522,297094777.114805,ok,384066.89009026287
512,297093801.1695537,0.012000185382219369,201657.9004836143,509112.8900582819,0.1980483154340573,297073832.16581136,ok,403315.80096722854
513,297068109.35761034,0.012599376071958443,157813.87044670468,39284.4205106084,1.0000000297096046,296949579.9053199,ok,315627.7408934093
514,296946483.0805473,0.008486468532487912,390572.85570294515,3384274.904976006,0.05770406758751684,296935214.2593156,ok,781145.7114058902
515,296933523.0043036,0.01497543613855731,223011.85946536824,1068127.6047350047,0.10439382826394417,296921882.4734246,ok,446023.71893056773
516,296931246.35252285,0.011753315098394468,212940.6275328236,268542.31971923856,0.39647499089799587,296889033.5358414,ok,425881.2550654921
517,296893561.6323753,0.007364745174761012,596152.0378463063,13774048.463554265,0.021640407300137915,296887111.14591944,ok,1192304.0756918679
518,296887114.0325475,0.01093511551682986,313355.5799938131,3736682.8989513773,0.04192964568678679,296880544.5883259,ok,626711.1599873046
519,296878245.64726603,0.012880575358198022,149512.2116116771,43742.49215316401,1.0000000140958454,296772475.92693317,ok,299024.4232233542
520,296774311.7272067,0.008839856317850139,487373.49454462284,7376981.624174385,0.03303339491503536,296766261.9266485,ok,974746.9890885919
521,296761916.5775211,0.012144250879001095,230489.03071813012,281413.3350840089,0.40952044907417656,296714721.59183794,ok,460978.0614362601
522,296725273.05842596,0.005667975091750024,565804.0147154543,11627839.107679822,0.024329714638971853,296718390.13331616,ok,1131608.0294309086
523,296718343.31754154,0.016159411964766085,141128.3232155859,326744.6778432152,0.21596116598922044,296703104.1989237,ok,282256.64643117174
524,296697370.5402565,0.015782022873954683,85578.42919641573,175885.3551890864,0.2432790072385908,296686960.82260853,ok,171156.85839283146
525,296686051.12061256,0.01276028173334132,166555.9044160226,221531.47332642123,0.3759192811637345,296654745.3326818,ok,333111.8088319142
526,296648262.3638893,0.009461284490551782,270681.9886457439,1153713.3705969115,0.11730902819722792,296632385.64337,ok,541363.9772914879
527,296628454.36006355,0.014947156495079708,124058.27972323232,162411.75531418214,0.3819251860286966,296604763.86928266,ok,248116.55944634037
528,296604437.9789673,0.005240722356660955,375595.18942007585,4204932.581025858,0.04466126176610941,296596050.7014309,ok,751190.3788401517
529,296594390.9600324,0.012637647436109133,174258.32342114046,565559.261065443,0.15405841210420596,296580967.97973126,ok,348516.6468421255
530,296575747.10954255,0.012797850469767965,170345.69710578077,935314.2600888296,0.091063348638351,296567990.98474026,ok,340691.39421143435
531,296566076.96899325,0.014603049240346798,148397.73331237744,157170.07422634697,0.4720928396924464,296531048.21533155,ok,296795.46662475256
532,296541361.72216964,0.0034630836512610534,555704.573818188,2757432.991832734,0.10076483734403238,296513363.98167354,ok,1111409.1476361223
533,296515082.7956981,0.010857172966909138,201648.14488634776,707903.1673358947,0.14242636153559352,296500722.78990483,ok,403296.2897726954
534,296502601.05248284,0.012953206572713047,240488.84870660322,2092017.701410595,0.05747772797152902,296495689.6761698,ok,480977.6974132064
535,296499739.5141039,0.011335429787922421,229691.9225707529,1447526.7012250938,0.07933944236619483,296490627.6995775,ok,459383.8451415058
536,296493728.2752617,0.009009339172497221,177604.60332355392,2522607.283531948,0.03520258672108615,296490602.2045364,ok,355209.20664710784
537,296490783.6798671,0.01571479260564059,145511.16800471602,93541.2765810787,0.7777912239555093,296434195.0251363,ok,291022.3360093411
538,296435378.34948087,0.005759156498024052,668106.0149558256,5757146.208015019,0.05802406181952594,296415995.23712397,ok,1336212.029911074
539,296415855.1226723,0.010612154507054605,371010.02720417886,2120610.7448607734,0.08747716385557999,296399627.6702014,ok,742020.0544080056
540,296396403.71046543,0.014541421172938721,157163.14728827763,352120.4631108579,0.22316673376462937,296378866.9173412,ok,314326.2945763948
541,296381867.34984565,0.004732593594302642,482152.68420129793,6431825.990053363,0.03748178860458394,296372831.3773534,ok,964305.3684025888
542,296373710.28172666,0.013791775907956756,222991.21378450526,1542680.3776490472,0.07227395156355414,296365652.0536346,ok,445982.42756901047
543,296361735.2264299,0.014977000090334312,133433.5508480561,81094.82028250977,0.8227008234509556,296306847.2803505,ok,266867.1016961122
544,296331197.7774275,0.0035120287619316054,392286.07728605653,1170127.2990251859,0.167625384696547,296298319.2251194,ok,784572.1545718596
545,296295734.5949569,0.012239517162582888,208480.79375760167,1256239.5535291266,0.08297812036403451,296287084.92275786,ok,416961.587514983
546,296284627.58866614,0.013253086602611661,126153.59835742138,14547.221314023958,1.0000000016010109,296173021.2114674,ok,252307.19671475035
547,296176190.52096045,0.011271968540894012,228250.63487525217,802539.3968932012,0.14220525232708725,296159961.3013973,ok,456501.2697503474
548,296156588.1371128,0.012044253499647365,164697.91680861518,1330796.1751709422,0.06187946729988894,296151492.427434,ok,329395.83361723024
549,296153047.17662144,0.01336841486455686,135023.72027692906,13047.453827724657,1.0000000492995413,296031070.9048021,ok,270047.44055385806
550,296031533.19444346,0.013334904207909287,182676.57666116278,622062.2920351746,0.1468314178500578,296018121.8640639,ok,365353.1533223255
551,296015118.2953896,0.011354681004597106,166968.76152298815,363610.696857215,0.22959825297515177,295995950.427416,ok,333937.52304585685
552,295995077.16456854,0.01365825167396266,156778.0661043254,468605.0998596409,0.16728164733085962,295981964.1179869,ok,313556.1322086508
553,295988235.64277345,0.006618609060720964,219429.54280431382,1115724.4511539242,0.09833500672023972,295977446.8399903,ok,438859.08560862765
554,295975036.94063514,0.017973544186102128,70255.68182538761,19458.761087526073,1.0000000000258376,295924240.0198965,ok,140511.36365077522
555,295928461.0386715,0.013145540432725195,100896.72877921516,199368.98293219536,0.25304018532694666,295915695.57519686,ok,201793.45755838035
556,295919062.8703731,0.013770549043223194,150776.33423732687,304437.60595234064,0.24763092878369752,295900394.4285302,ok,301552.66847452894
557,295915040.8567189,0.004474027819380176,678846.4439798457,10587742.482554857,0.03205812972398805,295904159.583037,ok,1357692.8879596915
558,295903883.1787282,0.010942861175394714,265180.48667702865,1187890.3816628854,0.11161824810207316,295889083.68805134,ok,530360.9733540573
559,295889177.9848544,0.011928091521290518,172807.3450516137,655075.7653486272,0.1318987468263665,295877781.448727,ok,345614.69010310713
560,295881675.76903725,0.011243565342032144,161976.69231468806,547086.537541541,0.14803571391334863,295869686.6013952,ok,323953.3846292515
561,295870370.7221771,0.011761897677897183,228600.1609040882,3085487.0469558258,0.037044420771370205,295866136.54190266,ok,457200.3218081711
562,295862720.175434,0.015227742425410798,139304.0957114517,49700.735383550564,1.0000000000119251,295773116.8151056,ok,278608.1914229034
563,295772821.33931404,0.00825842262862981,545673.8433174684,6082291.858751932,0.04485758460704967,295760582.53401685,ok,1091347.6866349368
564,295756415.6762127,0.013123425196269927,204898.6484223732,334267.87009989336,0.30648869776377374,295725016.1162484,ok,409797.29684473807
565,295724329.6334075,0.007436083571556176,281396.3107905307,2099961.7128458126,0.06700034316558798,295714902.80871326,ok,562792.6215807933
566,295719044.0433824,0.014829225688492974,140100.04909604738,98345.56673958118,0.7122845174456718,295669148.4954502,ok,280200.0981920947
567,295670030.2252683,0.004635866382829339,459678.2813754845,3571408.1353863515,0.06435532763966179,295655238.85206497,ok,919356.562750969
568,295650864.02186185,0.016931293540928587,214101.94116943335,700902.256956358,0.15273309441116875,295634513.79586476,ok,428203.8823387236
569,295635536.7828135,0.015569454038710712,132393.84040952192,1495780.9156303853,0.04425575932479576,295632607.1878449,ok,264787.68081890664
570,295631996.645726,0.016454212482304255,167461.1532893397,428471.6087086289,0.19541686063406988,295615634.2792991,ok,334922.3065786794
571,295610646.02759063,0.012001765748811701,143364.17440136644,187469.90468562135,0.382365837977519,295583237.24625015,ok,286728.3488027329
572,295582811.965168,0.010034383281325792,1042085.1288976973,175827905.26290897,0.0029633667287894544,295581267.92496824,ok,2084170.2577933178
573,295581273.5983752,0.01633245246579496,130264.16182307112,51695.71020198136,1.000000000091031,295502705.14675164,ok,260528.32364613988
574,295496452.02092177,0.008697136755869691,461592.6753163046,2719525.365732554,0.08486640373585304,295476865.1657493,ok,923185.350632225
575,295476856.44589907,0.010443614767869673,232368.6627417978,1514851.0390952404,0.07669686878274917,295467945.47148126,ok,464737.32548359554
576,295470019.120751,0.012598281360598243,181820.1439809086,709940.0603702514,0.1280531654222223,295458377.79826385,ok,363640.28796166944
577,295457617.52274084,0.01787354551337676,99002.82433510108,265899.79385791335,0.18616566582974559,295448402.0593851,ok,198005.64867019828
578,295451745.5987681,0.014649143799183827,126455.8612286202,65768.27411240347,0.9613743323452322,295390959.8891882,ok,252911.72245714004
579,295388922.90148246,0.006314415868219388,549564.8602388074,3492557.682091855,0.07867656174394913,295367303.964653,ok,1099129.7204775987
580,295366746.6558994,0.016988327064487573,158097.3698575194,351049.3301337525,0.22517828163535178,295348946.6088616,ok,316194.7397150388
581,295349433.88133323,0.014937217309324716,130770.27040478674,155848.3144803946,0.41954342220761515,295322001.9779489,ok,261540.5408095735
582,295324823.6796162,0.010470538024530011,231062.49227408651,2248992.1711692074,0.05137023046059818,295318888.81287676,ok,462124.98454817286
583,295320753.00547934,0.01669455736787561,157710.12954521988,510032.667451552,0.15460787083819563,295308561.39181,ok,315420.25909043977
584,295307356.1163279,0.013419047821147145,170112.7916103821,850407.4385501108,0.10001840523667885,295298848.9112643,ok,340225.5832206173
585,295302820.8920994,0.008714973825915724,288117.5494336037,3526851.3989581703,0.04084628424076975,295296936.6264399,ok,576235.0988672073
586,295295335.1833135,0.013530802569741924,197269.6629116675,1652661.3711864112,0.05968242083677786,295289448.41779333,ok,394539.32582333486
587,295285763.97427964,0.014152905595644357,160724.59452325216,204561.89425451885,0.3928507680009951,295254193.5840821,ok,321449.18904637557
588,295256037.88307184,0.0085973977082766,300380.2631197109,2391063.6486428566,0.06281310480593097,295246603.9745974,ok,600760.5262394218
589,295251159.11196226,0.010437542486947376,223913.71609338513,2328088.8928259504,0.0480895976058688,295245775.1517096,ok,447827.4321866018
590,295246273.41181505,0.017504838163646157,118919.7674415242,153557.43377363044,0.3872159247491463,295223249.59795463,ok,237839.5348830484
591,295219811.0224132,0.008436142139984839,370471.8407810273,4803804.0243139295,0.03856025754859321,295212668.2776157,ok,740943.6815620546
592,295211539.34447813,0.015583124555061672,133125.39354463702,69263.05895959662,0.9610129522455352,295147571.7307435,ok,266250.78708927403
593,295142340.3981164,0.004877328205263574,547468.9198955602,4120344.068817608,0.06643485480238842,295124154.8890154,ok,1094937.8397907983
594,295124961.77996457,0.010060315822913241,299700.64119583345,2405718.339601728,0.06228922070017755,295115627.72027284,ok,599401.2823916669
595,295111713.3325429,0.01642160734026694,152205.6767305482,214060.74449460206,0.35551982473457755,295084657.26478547,ok,304411.35346109635
596,295086411.6946008,0.011070701199445896,237449.86207745955,2129957.506567794,0.05574051626506048,295079793.90565115,ok,474899.72415491904
597,295077718.3801979,0.015498594782570017,126861.89621363202,106678.25947553232,0.5946005157814231,295040002.3057371,ok,253723.79242726404
598,295037884.12647074,0.01091635263071296,342722.38284038205,2429114.898811808,0.07054470395945935,295025795.5019519,ok,685444.7656807641
599,295027516.878407,0.012517798276833388,234070.00529895947,1748155.5693545484,0.06694770459856227,295019681.653622,ok,468140.0105976991
600,295019215.420645,0.0159318481350597,136666.48535168052,75471.17281726151,0.9054217673454693,294957345.015293,ok,273332.9707032505
601,294962729.336825,0.006139726688029283,702526.1057848989,5484185.254996451,0.06405018002855134,294940230.8750498,ok,1405052.211569036
602,294940722.131606,0.014019771739276678,242202.09129986804,1027004.5994574082,0.11791675101933788,294926442.2897579,ok,484404.1825997343
603,294930300.2981632,0.014495479999662142,209586.74026617105,832192.0838787162,0.12592449767685862,294917104.2456693,ok,419173.4805323419
604,294919242.7061344,0.012376320321864606,163131.64010790066,831533.8574048856,0.09809079850158739,294911241.8497148,ok,326263.2802156988
605,294908702.7027385,0.01803277729029849,121492.0773593004,62860.045521699,0.9663696259761846,294849999.5760602,ok,242984.1547186008
606,294854453.60882014,0.005401719568532794,728754.0254908901,7745217.9294572575,0.047045417709889875,294837311.34005165,ok,1457508.0509808722
607,294834492.89368844,0.013598525835604188,267604.2188191244,945241.9844633334,0.14155328646931517,294815552.765365,ok,535208.4376382488
608,294822957.26034963,0.005665252989412679,407217.9004919616,4780427.812471092,0.0425922026716541,294814285.106675,ok,814435.8009836021
609,294815095.1431772,0.017690482169290523,111951.91395570688,78748.51335637088,0.7108192217488369,294775306.3570016,ok,223903.82791131848
610,294775704.2882849,0.010910381812392383,496618.0492840011,7333185.592254627,0.03386100372316592,294767296.29547703,ok,993236.0985680019
611,294767759.3812127,0.011930826492681219,265282.01268000866,1529462.1224229885,0.08672395634739433,294756256.228369,ok,530564.0253600172
612,294759295.8176033,0.012483581445320696,283815.99304400117,5407015.831511269,0.02624516016671937,294755571.4195056,ok,567631.9860880022
613,294754933.01272666,0.01693460421916373,147365.73435882773,299365.48925248213,0.24613013131006028,294736797.4389525,ok,294731.46871765546
614,294738580.64091116,0.008274031349317926,250677.61418762762,2435102.774867216,0.05147167026683234,294732129.2431608,ok,501355.2283752552
615,294734848.1864813,0.014933068013051373,134778.29136450848,101159.38545386244,0.6661680019101105,294689955.6939517,ok,269556.58272901695
616,294681798.1790771,0.0059275934238971085,335725.47285897477,3200787.2787944395,0.05244420256903547,294672994.75172395,ok,671450.9457179495
617,294671628.8994088,0.014205663074132468,126848.39975243696,514200.6536343165,0.12334523386530698,294663805.82664233,ok,253696.79950477355
618,294663412.17789626,0.013976090398251309,134382.83450089482,197094.53243860428,0.340909595101923,294640505.9790471,ok,268765.66900178965
619,294637706.66836303,0.005651913552701401,412200.30878383195,6484149.427889403,0.0317852259088054,294631155.7283959,ok,824400.6175676633
620,294631935.16846764,0.015317442652408498,97389.04734292408,22708.264317753812,1.0000000000807479,294557254.3854383,ok,194778.09468584816
621,294548461.71634,0.01238720977959993,272323.7919224935,3015455.487787075,0.0451546695060555,294542313.3709285,ok,544647.5838446758
622,294540775.4722311,0.039743341805996334,273894.56465827674,12306013.554502916,0.011128484600037495,294539251.45650864,ok,547789.1293165535
623,294539569.2172273,0.017632831096395348,131825.612744822,124501.46422502279,0.529413905151194,294504674.0610062,ok,263651.22548954707
624,294509375.6258082,0.006404549766423649,454093.46928237384,3896096.651991838,0.05827543691071208,294496144.3781478,ok,908186.9385647385
625,294491096.30388147,0.013018075152908887,151817.4131654196,596125.6517891152,0.12733675585824847,294481430.3354438,ok,303634.8263307193
626,294480714.0955448,0.017686036325234907,77778.6450616144,11940.748404024758,1.0000000000079103,294414876.1988868,ok,155557.29012316678
627,294413516.1306331,0.01555992300128407,170196.0813860257,439028.16455569887,0.19383275963430038,294397021.3425661,ok,340392.1627720514
628,294381706.9139693,0.015154928355445785,132273.11760889555,424967.9690095131,0.15562716163901585,294371414.26904196,ok,264546.23521779105
629,294374304.93724066,0.01066777625230996,173242.2048789743,1270462.1850053025,0.06818077976805395,294368399.042932,ok,346484.4097578126
630,294363553.9646438,0.017693363669272804,90741.53837174512,27188.94320100051,1.000000000000003,294300001.36947304,ok,181483.07674343206
631,294301304.0240033,0.007176634675884093,582009.0514366344,10172883.91754683,0.028605902522526018,294292979.576907,ok,1164018.1028723887
632,294298146.0271566,0.0134828090935101,197793.96334846015,1955272.9114915952,0.050579630645414986,294293143.8543515,ok,395587.92669692024
633,294291952.04181623,0.016121006477298375,110606.57153076047,66407.92700413769,0.8327813901182979,294245896.4946185,ok,221213.14306144003
634,294249006.64205265,0.007944952790682115,480061.25580787007,4532749.433222292,0.052954753277261866,294236295.879373,ok,960122.511615321
635,294229870.9746717,0.017397995840041237,134247.46845041597,257206.73006287502,0.2609719201702046,294212353.564862,ok,268494.93690082943
636,294213849.7822458,0.015362487559854782,155463.2356886845,398700.86723311426,0.1949622492265455,294198695.0511949,ok,310926.471377369
637,294190439.35227346,0.015437378746764745,132637.79147151214,139688.25356205367,0.4747635827968545,294158953.5557268,ok,265275.5829430242
638,294144961.0274472,0.017482389637152203,171230.68922681836,1188820.56126998,0.072017045635507,294138795.2632671,ok,342461.37845363666
639,294139963.2388668,0.017810929913801305,85638.85219117808,20338.43140679507,1.0000000000007234,294074662.81808233,ok,171277.70438235617
640,294081575.3515708,0.006418131213658204,513702.47823257814,4614792.272860263,0.05565824503669195,294067279.4623661,ok,1027404.9564647223
641,294066120.0564192,0.016081945187152343,148955.1768916201,491489.03837813466,0.1515345870003098,294054834.12581325,ok,297910.35378324013
642,294054976.58433247,0.016295638976341325,95062.7894799322,61486.55156177176,0.7730372501410203,294018233.0456473,ok,190125.5789598644
643,294012920.5476842,0.006289561973041307,414275.60724204744,3970580.985887967,0.05216813467782729,294002114.554848,ok,828551.2144838803
644,294001466.4175994,0.012883901735006637,212538.52358187208,2643946.9889590694,0.040193416220033445,293997195.0929288,ok,425077.0471637441
645,293997501.8238661,0.017773713461571663,133939.5131353151,290722.583465557,0.2303562240309814,293982074.923619,ok,267879.02627062966
646,293980366.12788117,0.012942669755780345,218380.18592505858,1282315.8629165755,0.08515069969904361,293971068.5150652,ok,436760.37184991984
647,293971722.04168963,0.014948319688751306,154329.23686696426,795778.111364574,0.09696750555398262,293964239.5811231,ok,308658.47373381763
648,293962006.5489388,0.016035136064114875,92440.26271370749,182836.76297177275,0.25279451793832863,293950322.3531134,ok,184880.5254274115
649,293947462.91971195,0.008226634809496534,307220.5959789947,6506574.470322448,0.02360847458061674,293943836.41489655,ok,614441.1919579885
650,293944901.36846066,0.011421809381486037,149243.4824649824,1288993.6345118429,0.057891473809140524,293940581.40588254,ok,298486.96492996195
651,293940842.83803916,0.01658557041670598,93760.49130958536,14406.255764694884,1.0000000003418226,293861488.60247207,ok,187520.98261908878
652,293859739.84191823,0.013200691467974042,213121.0722791481,724813.8620607008,0.1470177954883677,293844073.5468089,ok,426242.14455809083
653,293858229.28380346,0.007382043121990678,308985.5392589935,2391121.0367500973,0.06461102020978256,293848247.34834266,ok,617971.078517987
654,293850245.68137103,0.015537188164372068,138453.26572812846,518280.62900984345,0.13356978630731237,293840999.0948126,ok,276906.5314562558
655,293840285.8202022,0.020043372054638645,137368.14934670698,1981085.1072505596,0.03466992630552677,293837904.5483949,ok,274736.2986932356
656,293836908.82877797,0.015112683947785503,126730.17936869388,296721.66064004484,0.21355060344318974,293823377.1756387,ok,253460.35873738775
657,293821176.5224798,0.007438979513416521,317628.9371003069,5250190.833807061,0.03024927542205025,293816372.4998796,ok,635257.8742006136
658,293817722.37170076,0.019247590139542598,75777.29703128204,31348.113233257332,1.0000000005019676,293773293.1878962,ok,151554.59406256408
659,293775028.3802111,0.0075909509664097066,439962.71285146405,6569951.554156728,0.033482949548775974,293767662.75555223,ok,879925.4257029278
660,293766977.37710667,0.01693193249400715,187249.92606285893,650245.4840261003,0.14398402654292244,293753496.87794447,ok,374499.8521257178
661,293750803.40851766,0.016059748643369547,114044.42769361864,74328.12758634247,0.7671687112065358,293707057.7502107,ok,228088.8553871325
662,293702622.2984805,0.010773798051319559,494133.723244727,10311620.106031941,0.02396004304676022,293696702.5658406,ok,988267.4464889009
663,293701969.9346079,0.010842844651679133,295420.92678945884,1990060.9319872397,0.07422409084089117,293691006.2597548,ok,590841.8535789154
664,293691586.9582137,0.02044172251469518,153562.5198722753,267896.5045477893,0.28660791997172497,293669580.8410106,ok,307125.03974455054
665,293678960.724549,0.012153674589364833,130620.63259138417,239910.8421270875,0.2722274479829277,293661181.4638168,ok,261241.26518276834
666,293666454.7641599,0.009876871795369929,290010.86144274974,6828836.843585486,0.021234279576848064,293663375.6783038,ok,580021.7228854992
667,293662910.51470757,0.016869399652682936,93021.505111497,54633.33745060518,0.8513254859782192,293623314.7256848,ok,186043.01022292612
668,293622069.4060529,0.01159600077350025,317414.4592065592,5145710.488401858,0.03084262706986659,293617174.45815694,ok,634828.9184131173
669,293616325.4558828,0.015310958303694834,159918.66859552255,611259.566295711,0.13081076960860044,293605865.91382587,ok,319837.33719092514
670,293605151.82941306,0.021188856876900832,98635.69084267225,93876.67228394844,0.5253471839326027,293579242.8382034,ok,197271.38168534444
671,293584177.9694649,0.007707170444384393,322495.9095821122,2755486.410009578,0.058518871370697716,293574741.92113966,ok,644991.8191642244
672,293576323.5486557,0.01532927393222361,122976.4420249367,459729.9627054933,0.13374856111316416,293568099.58756983,ok,245952.88404987255
673,293566991.4092956,0.00875980917511873,219658.5124154042,2937262.400855123,0.03739170738566891,293562884.7058851,ok,439317.02483080665
674,293562053.6574378,0.01744754291462437,106140.6992509013,672369.6946068285,0.07893031177808185,293557864.79819566,ok,212281.39850166193
675,293557437.48426515,0.016593056638444764,119277.16442547666,694568.6025024252,0.08586420693056031,293552316.664701,ok,238554.32885085902
676,293554547.707592,0.020014607214400532,80370.20874493293,18258.02370041899,1.000000000012965,293492435.52254695,ok,160740.41748986585
677,293487329.43719685,0.010621204017628273,167065.58158732334,1438671.4072030452,0.05806245288217671,293482479.3184673,ok,334131.1631744876
678,293484458.4002207,0.013734389104927013,186036.41490240814,1105477.9866903552,0.08414297577257727,293476631.57144475,ok,372072.82980462763
679,293473228.7935972,0.017269079831112446,113138.82957381674,197004.9954942683,0.28714710835113927,293456985.04972005,ok,226277.65914763344
680,293453196.9483727,0.012203046044646287,207000.14684082233,2116142.436889698,0.04890978585190862,293448134.78194606,ok,414000.2936816441
681,293445683.66374135,0.01845514102230337,89868.13139948354,67401.82693063885,0.6666594623018458,293415727.9436629,ok,179736.26279896704
682,293416904.94962126,0.003301396665474138,630965.8695894135,6900845.093896026,0.04571656521804257,293402482.1534576,ok,1261931.7391777753
683,293402313.34898955,0.016458112392889857,113978.45514976948,4203072.330453016,0.013558945241549608,293401540.6351735,ok,227956.91029934588
684,293401867.7105776,0.022511713442380607,109363.5283133143,171665.11389890223,0.3185374297357853,293384449.52196974,ok,218727.0566266286
685,293385613.62647,0.008169750673503397,342794.74091107043,3067110.283845001,0.05588236306934079,293376035.53638506,ok,685589.4818217689
686,293375212.80253035,0.016714041131897468,114571.99569698631,195978.0904124566,0.29230817448995816,293358467.6370754,ok,229143.9913939726
687,293360943.7007869,0.010773864181931506,205251.42217294086,1307047.0757843514,0.07851722634005767,293352885.81460124,ok,410502.8443458817
688,293353599.9960671,0.015677394272393563,91237.46911571649,30785.64028910009,1.0000000654092642,293293148.1653001,ok,182474.93823136383
689,293291746.0589271,0.0075576977457113195,395328.1678188151,11563015.758094227,0.017094509602396824,293288367.0883467,ok,790656.33563763
690,293287989.3129211,0.012823835270534831,179017.96534368256,2264976.509393228,0.03951872449918702,293284452.03209466,ok,358035.93068736506
691,293285004.3157109,0.02070297887968868,140342.70416859744,273916.9777397208,0.25617744713500884,293267027.99787194,ok,280685.40833718964
692,293264198.1057269,0.013104278452314117,187606.41417523925,773517.3341775603,0.12126839689682659,293252822.74117965,ok,375212.8283504785
693,293246734.2696188,0.016725101973892764,89027.91424643483,21329.517739240047,1.0000000368409925,293179035.87140334,ok,178055.82849286962
694,293177859.73621076,0.014755954605773372,169533.97174477892,423687.15215530596,0.20006975770017552,293160900.42588633,ok,339067.9434894338
695,293155510.278903,0.020643803164468646,98450.80262839945,43129.9510692516,1.0000000142367742,293100189.42717034,ok,196901.6052567989
696,293101639.6167289,0.013606399862996424,319520.714538733,1984564.9239433557,0.08050145164912048,293088778.67605275,ok,639041.4290774659
697,293092535.5229554,0.016875314412776194,230469.61539287498,2105910.27768713,0.05471971380613474,293086229.9072578,ok,460939.2307855466
698,293086312.57789785,0.019923628191401463,107585.43036792695,128589.70199224068,0.41832832917840823,293063809.561233,ok,215170.8607358539
699,293064956.8394232,0.008146199665156343,241542.5733040143,1982956.386309334,0.060904661083739674,293057601.30514103,ok,483085.14660802804
700,293055458.95569384,0.015146067953508284,118332.84045483732,261255.10144409517,0.22646991350742837,293042059.5416224,ok,236665.68090967461
701,293040302.4673781,0.010831819317502787,193981.86506538463,1953789.3077054385,0.04964247278361863,293035487.5976496,ok,387963.7301307688
702,293035609.21515214,0.020986818935721168,64578.50268830181,385648.5771654602,0.08372713723327804,293032905.7285737,ok,129157.00537653192
703,293033825.07059556,0.016169218330589614,100292.25677791469,124446.13537380981,0.40295448499327846,293013618.4632562,ok,200584.51355575715
704,293014989.3872294,0.007993693222138805,190636.90309696752,882571.9631590558,0.10800076993982825,293004694.92107266,ok,381273.8061938529
705,293007671.817939,0.013575716563219486,131021.59308751955,849659.0497103069,0.07710245252621721,293002620.7748585,ok,262043.1861749287
706,293000626.534992,0.016730887099447787,115244.05331069915,527311.8868691929,0.10927503834110139,292994329.8858199,ok,230488.10662139827
707,292992762.23817426,0.020468667011813057,88927.97291519583,45281.05216043846,0.9819556820379185,292949100.57402617,ok,177855.94583039163
708,292940958.4638817,0.009490576703095279,434830.14127923956,3053724.5921478933,0.07119668590895975,292925479.23138547,ok,869660.2825584791
709,292927235.8954017,0.018669001469923032,171620.48798141663,1307863.6600584555,0.06561100106327061,292921605.79939204,ok,343240.97596283327
710,292926477.22495186,0.019816551138074075,124032.41647374224,1651347.9832052062,0.03755489991667287,292924148.2124583,ok,248064.83294738657
711,292926890.1044983,0.01952448444586597,132481.14787609375,578265.3198469843,0.11455048688649509,292919302.2145021,ok,264962.29575218743
712,292919898.3699252,0.018449840513901163,105189.83159052474,135793.51204500065,0.3873153805598085,292899527.5500985,ok,210379.6631810495
713,292898514.0761798,0.013745259149567283,133503.51510763774,241927.13220434746,0.275916789264612,292880096.1455578,ok,267007.030215178
714,292880558.20013964,0.018515723012315802,84831.47811993487,74300.26003914732,0.5708693218249765,292856344.35594773,ok,169662.95623986973
715,292861519.06121325,0.004029810862188715,659422.5746988809,9641319.084209982,0.03419773627131824,292850243.68156284,ok,1318845.1493977613
716,292853257.9973459,0.009356945008316781,289504.8407434052,3151909.828156286,0.04592530505746598,292846610.19828254,ok,579009.6814868103
717,292847971.4460752,0.016934346605673584,141929.53663750165,689753.3219778787,0.10288427189485397,292840670.2875565,ok,283859.07327500323
718,292840781.11196643,0.01702648438759448,147222.79596154537,943492.1187913683,0.07802015142963813,292835037.939549,ok,294445.59192309045
719,292834878.4171995,0.01689768215499647,89937.89382841323,36645.323663656825,1.0000000013576686,292781585.8470121,ok,179875.7876568257
720,292777030.9811299,0.007733523804022229,442760.88627022103,13489848.44224318,0.016410891796372024,292773397.93063176,ok,885521.772540442
721,292771767.8433303,0.01569314617907809,261517.6496546516,3763416.726248529,0.03474471054861617,292767224.66581,ok,523035.29930895986
722,292769165.40976787,0.016090098476585525,217288.19175351018,1200074.5292357146,0.090531123884403,292759329.7376647,ok,434576.3835070203
723,292755242.55058956,0.016753153415454667,103234.49442085788,273079.0469482259,0.189019435168218,292745485.8876769,ok,206468.9888416309
724,292746019.08278704,0.011241095430695406,146567.99983096746,788429.404430498,0.09294934905227002,292739207.38269895,ok,293135.99966193485
725,292742588.7057959,0.015562348674041486,108938.2662580386,157974.80540404216,0.3447963299572172,292723807.948597,ok,217876.53251607713
726,292721403.8309649,0.00559692243540085,436812.4158254516,7276000.913468249,0.030017342013858844,292714847.8571241,ok,873624.8316509029
727,292714477.46309525,0.01633349340204712,126831.18099576002,922440.2173969302,0.06874764272186107,292710117.79073673,ok,253662.36199135473
728,292708447.5943211,0.023118243450085972,167723.96273565103,3253177.0282099224,0.025778486888545074,292706285.75933397,ok,335447.92547107395
729,292706444.5415172,0.018395494477055952,106634.4202611334,374863.89883297845,0.14223084777316025,292698861.18951946,ok,213268.8405222668
730,292701470.8267945,0.00857403797579149,269046.55209031224,5597610.002673473,0.024032270197621216,292698237.92707676,ok,538093.1041806244
731,292698549.5708023,0.018737033788404626,92404.92079392767,91811.49232016076,0.503231776647838,292675299.02457124,ok,184809.84158776255
732,292686851.79322743,0.004064206805669596,481564.62736784574,3448878.647900163,0.06981466681366777,292670041.656223,ok,963129.2547352968
733,292670359.86139876,0.01233800745069897,191484.9081454023,1791527.9062544396,0.05344178772680722,292665243.2134918,ok,382969.8162905881
734,292664260.8785832,0.012084056187686952,162583.5567789219,1926016.4900646328,0.0422072078867471,292660829.7795932,ok,325167.1135578438
735,292660658.3274118,0.015840927859899278,78970.12901999634,54709.61393323052,0.7217207666313838,292632161.1363831,ok,157940.25803999268
736,292627665.0038005,0.011187132047512848,204172.41643569645,1534722.999444804,0.06651767664573906,292620874.46641225,ok,408344.83287139266
737,292622844.2938676,0.017451760193750835,91975.81427907478,57323.51652470819,0.8022520237347127,292585950.40229756,ok,183951.62855814735
738,292590435.60837203,0.0037088903484995455,697844.750888745,8381723.497077916,0.04162895322972844,292575910.3351239,ok,1395689.50177749
739,292575407.2937197,0.009941681104713546,394067.2764066156,7567865.740958902,0.02603556206565872,292570277.41220325,ok,788134.5528132311
740,292570964.28732234,0.018934411357750185,111271.6806914273,245088.54243692,0.22700302426431462,292558334.7833064,ok,222543.3613828546
741,292558631.85982263,0.017967038164600043,94668.01549187994,89906.4109426731,0.5264808955183573,292533711.40903604,ok,189336.03098375988
742,292532803.0592434,0.009693863004393885,237001.51097193616,2375805.9940693355,0.049878128004466074,292526892.4633926,ok,474003.0219436338
743,292526703.93711865,0.01565788597946272,135287.8464428695,1629086.190240632,0.041522617788223394,292523895.18434906,ok,270575.6928855541
744,292524742.9138951,0.016945771954876367,190982.25919294986,2480937.522547124,0.03848993726308605,292521067.46630776,ok,381964.51838589215
745,292524344.90091836,0.01609357922227601,104594.63823428437,234629.9487980824,0.22289276959331464,292512688.2066181,ok,209189.27646848623
746,292515863.6071911,0.008604928411234258,259369.19370072839,3988249.5807913975,0.0325166703395304,292511646.6959072,ok,518738.3874014567
747,292512124.4482494,0.017190548869953668,104053.23832918478,566078.995816022,0.09190699451689469,292507342.83804715,ok,208106.47665836947
748,292507711.5672794,0.01766650336227598,89045.78218049146,87745.54553995682,0.5074091318968582,292485120.24576175,ok,178091.56436098288
749,292481203.3870836,0.009029579253726867,232834.831633484,2236642.671292757,0.05205007367111256,292475143.85201377,ok,465669.6632669679
750,292476632.89203185,0.019305096555625196,72685.23178315916,23143.34999914956,1.0000000015169894,292427091.0102078,ok,145370.46356631827
751,292429779.03229535,0.010814080107269529,219384.6589196423,1353604.8118962916,0.08103718935968543,292420889.87422156,ok,438769.31783916295
752,292421607.759007,0.01648347056083132,117995.0075398881,173625.3563585318,0.33979774041825866,292401560.5405356,ok,235990.01507967975
753,292400949.9600957,0.011251192811876615,178578.46340233507,1148872.5005523793,0.07771900855685654,292394010.4895331,ok,357156.92680454394
754,292394528.4041548,0.01837319870814302,87143.9220920698,518258.038427686,0.08407387404588151,292390865.1405899,ok,174287.8441840498
755,292392222.230062,0.018971750184159378,70614.61582758318,27514.542155710158,1.000000002288688,292349122.1563544,ok,141229.23165516637
756,292348804.3942489,0.011036389157969685,302482.35123786057,3418141.9351198096,0.04424660487763774,292342112.48571,ok,604964.7024757131
757,292341578.6278077,0.016599164273601606,120059.35401216817,294220.5363099893,0.20402952750666295,292329330.8011718,ok,240118.7080242327
758,292326661.0217301,0.01504257506286822,117682.19249751905,440164.60411128815,0.13367975457172962,292318795.15842485,ok,235364.38499494674
759,292321333.4463491,0.017930258722520902,86993.18923964573,219073.13116741786,0.19854828562514285,292312697.2720568,ok,173986.3784792095
760,292310032.8316362,0.015773881940268908,90404.33912727171,1661452.214880878,0.027206421682658348,292308803.0423501,ok,180808.67825441595
761,292309340.05155766,0.017156371402225926,88477.94870939518,226894.79537261475,0.19497571234301236,292300714.5260196,ok,176955.89741879032
762,292299335.655686,0.010700408258281509,203571.8466879971,3658650.9746133457,0.027820615863680606,292296503.9086124,ok,407143.6933757603
763,292297330.03612274,0.01891888506412231,91476.07665153014,161778.38312514004,0.2827203328542691,292284398.96270317,ok,182952.15330306024
764,292281229.7442037,0.008432622228887469,152517.88792831483,1170892.1121342396,0.0651289244960039,292276263.08120006,ok,305035.77585662954
765,292274660.827622,0.02203702575948864,70352.56954512483,45313.49221430857,0.7762872171978582,292247353.9274046,ok,140705.13909024966
766,292252139.4546669,0.012780107391063618,978484.4351537137,391389630.6947501,0.0012500132328708098,292251527.89542085,ok,1956968.8703054844
767,292251571.3035648,0.014338993134456041,139730.0644468112,465559.22821972275,0.15006690446361956,292241086.8744488,ok,279460.12889350415
768,292250376.2370843,0.009076720732661055,253218.96494208358,2009052.0940156437,0.06301951196197102,292242397.3692893,ok,506437.9298839149
769,292243264.2197674,0.018372103718483863,50303.679254575734,31541.029630500656,0.7974324212601371,292223207.32739425,ok,100607.35850915147
770,292220271.8816052,0.01375828108143009,227612.16066601334,4408011.225653891,0.02581801055103359,292217333.6350224,ok,455224.3213320178
771,292219842.4291289,0.018725805036598972,109416.63413517417,371064.4177940445,0.1474361713063859,292211776.4443218,ok,218833.26827034826
772,292208155.1274359,0.01783372101419458,85081.97118290594,139063.42625877043,0.3059106677861678,292195141.3861253,ok,170163.94236581185
773,292194054.72803503,0.007755032689961571,172125.36135332045,1564138.9480024646,0.055022401166193974,292189319.35269344,ok,344250.72270664066
774,292189318.6416977,0.018276896527832733,67182.28976375333,10466.779926226875,1.0000000000637739,292132603.1318572,ok,134364.57952750666
775,292129515.9684411,0.018077688493449477,163608.77519406402,1698678.2172497995,0.048157671515606564,292125576.4596147,ok,327217.5503881275
776,292126992.30514574,0.017895032928121595,113792.3704622015,516459.227496061,0.11016587990294877,292120724.2868366,ok,227584.74092432426
777,292120453.49052113,0.02306429529162078,53877.4079941439,22163.786839246015,1.0000003606435928,292088739.86592215,ok,107754.81598828778
778,292090128.92413884,0.008650057856345086,289842.08374718874,2645080.223482424,0.05478890227487928,292082188.85933805,ok,579684.1674943764
779,292081062.80447936,0.012739992974931945,184081.69408775537,1722417.4653334613,0.05343701448478898,292076144.4164027,ok,368163.38817550894
780,292073011.61283684,0.02178409000127051,76517.62141708785,91801.52851994758,0.4167557046746848,292057067.03522,ok,153035.2428341757
781,292051128.76989555,0.012467034956513565,130442.75648186645,732400.6470815723,0.0890515027544331,292045320.7081515,ok,260885.51296359213
782,292046533.9576887,0.02029852713322712,92384.1605141197,397014.8747583665,0.11634848766100653,292041159.5790089,ok,184768.3210282394
783,292038849.76211834,0.015512952166683079,108996.41404721382,1795489.1456211866,0.030352846830913105,292037195.586388,ok,217992.82809426836
784,292039907.04747146,0.01067444605048442,202735.68090446555,3886585.9168770686,0.0260814613700045,292037263.2260565,ok,405471.36180868576
785,292037967.95975673,0.014156893807724476,113127.16996167816,1380255.8263985303,0.040980508032651554,292035649.9553081,ok,226254.3399233563
786,292035734.31043464,0.018891351886508773,61324.15616798195,21985.688090198662,1.0000000191643819,291996395.8420243,ok,122648.3123359639
787,291995245.4733446,0.010984255748577221,295996.6253823547,3880284.7931292844,0.03814109545599178,291989600.65557295,ok,591993.2507647093
788,291990128.360498,0.014618635769718375,127078.64020081036,417750.6909275825,0.15209865951225868,291980464.1150844,ok,254157.2804015341
789,291977983.8029518,0.02584330340586777,96083.24037768581,1117715.3887475699,0.042981979735176444,291975918.87900645,ok,192166.48075526278
790,291973355.9812169,0.022522230194777646,79477.7557147103,66324.50650834685,0.5991582892871441,291949546.10314167,ok,158955.5114294206
791,291943090.4869237,0.009563884838925037,352778.0448674529,5455857.203902502,0.0323302124380304,291937387.79235667,ok,705556.0897349056
792,291935689.2542588,0.018725025942530178,89147.75680282037,209233.82405135606,0.21303380848437586,291926193.51118404,ok,178295.51360564074
793,291927809.02657807,0.016088019372494027,103414.54936837466,433645.900568465,0.11923847225675241,291921643.53014016,ok,206829.09873674932
794,291923001.75836754,0.016614354528506424,107957.66530625781,578997.6067755423,0.09322807559385071,291917969.4156765,ok,215915.33061251557
795,291920304.6272153,0.014800165309216207,91417.1520490624,432240.26378958387,0.10574807544255595,291915471.0332695,ok,182834.30409812476
796,291916225.8153913,0.019317576503453154,77353.27333372175,104613.90278776981,0.3697083813546671,291901926.73865294,ok,154706.54666737726
797,291899207.1428055,0.00598398736794202,394154.853465521,5785899.903003971,0.03406167234770865,291892494.356069,ok,788309.7069307145
798,291891727.22284174,0.018754020967186688,82827.93448710968,235703.5096479181,0.17570365119050163,291884450.6375868,ok,165655.86897421922
799,291885781.50648683,0.0112914841922803,142503.39441466948,1874368.7891109472,0.038013702330762206,291883072.96567863,ok,285006.7888291985
800,291882852.5080911,0.02049543815722038,64849.55763025687,50971.0014506125,0.6361416862987455,291862225.7546178,ok,129699.11526051375
801,291859457.3380271,0.005451934084124511,399416.3228121001,5824495.172406814,0.03428763446352486,291852609.8175894,ok,798832.6456241952
802,291851492.5770145,0.01811641462446891,77020.83576331713,123473.79947655906,0.3118914137648254,291839481.5083367,ok,154041.67152663425
803,291840185.59642255,0.006721922173741123,311328.32893455465,4123554.3087755004,0.03774999740781932,291834309.27461743,ok,622656.6578688348
804,291836440.61198276,0.021397191164074243,57766.61182268203,16781.34085510471,1.000000046442953,291795455.3398911,ok,115533.22364531837
805,291801773.164533,0.01314434683808236,379958.23887729726,7148914.734777562,0.02657453984091472,291796724.55685455,ok,759916.4777545943
806,291793079.72182816,0.017659648466177562,140246.51287002637,564085.2573788684,0.12431322307704779,291784362.4738081,ok,280493.02573991776
807,291787654.3662167,0.02012523099616453,87126.13067559752,60557.74340612342,0.7193640794315627,291756316.66182274,ok,174252.26135113506
808,291751941.5973133,0.014044829943371912,148874.41731156674,744478.5016954263,0.09998570608320452,291744498.940447,ok,297748.8346230392
809,291739545.7439517,0.02028664880630773,83153.59279653232,388740.8581968007,0.10695247366361949,291735099.00272983,ok,166307.1855930644
810,291734204.6138262,0.02146959279928359,52288.039999537374,464272.61293049,0.05631178594564853,291732732.3973682,ok,104576.07999907475
811,291732626.6952118,0.023764220385450185,31786.961089717042,8492.532875341472,1.000000119146531,291709332.2652339,ok,63573.92217940781
812,291709767.7760078,0.017853470895806828,122586.24787270454,769729.090894371,0.07962947569661681,291704887.0366849,ok,245172.49574529036
813,291707939.7593844,0.022677463733356135,92667.45914582741,399143.9454501813,0.11608275686270379,291702561.21231985,ok,185334.91829157155
814,291700286.6366995,0.022942115330431816,72513.21430701786,48111.1809145621,0.7536004409847051,291672963.64156,ok,145026.42861403566
815,291675716.170562,0.01300947055352245,164766.74743928836,852472.9525380768,0.09664045466118694,291667754.6038692,ok,329533.4948785767
816,291666760.6581,0.020164868331022948,82427.56932740966,33625.75735849559,1.0000001847926558,291617958.8433266,ok,164855.13865481675
817,291625403.5789442,0.00973620012856924,374181.4396579164,3140966.8866161723,0.05956469029525963,291614259.57816046,ok,748362.8793158327
818,291612781.36378574,0.017277915186767395,127675.41486758973,273910.1370082341,0.2330607699702469,291597903.2985381,ok,255350.82973506508
819,291603475.2268309,0.017726705815976632,68905.36722546506,80826.53385721026,0.42625462170130063,291588789.611211,ok,137810.73445088518
820,291585155.30454123,0.013156733758053747,112898.18764771699,778984.3235230738,0.07246499335000603,291581064.72133267,ok,225796.37529533415
821,291579668.7646802,0.018855698980793846,81413.5516516942,522943.8346357834,0.07784158284263605,291576500.08481747,ok,162827.10330338625
822,291577489.7030034,0.01814246029484576,91242.70183800832,696304.60137481,0.06551924377481873,291574500.6265912,ok,182485.40367601663
823,291572799.31886023,0.022556025771958595,46254.22897946482,5624.48977431823,1.0000000607504824,291532169.57752854,ok,92508.45795892963
824,291534362.14282835,0.02407050496873027,98004.36351487684,149134.44837211646,0.3285772153404117,291518261.1424009,ok,196008.72702975367
825,291515721.67400086,0.012282172885430476,166751.5979698679,1980312.101584354,0.04210235291610293,291512211.35668737,ok,333503.1959397354
826,291512575.0313524,0.022411957425924584,42787.60325380106,63403.54125881239,0.33742281901213256,291505356.2744981,ok,85575.20650760211
827,291504908.5416645,0.010116662803375033,144740.15441730403,1621720.9858152028,0.04462547987086274,291501678.9922408,ok,289480.3088346024
828,291501962.0532731,0.023981866093226608,65479.20275066105,49408.182593257385,0.6626352085210764,291480267.64068884,ok,130958.40550132154
829,291473903.9640534,0.015985795681166003,219706.38499887174,2945569.645643956,0.03729437959882966,291469807.0573922,ok,439412.7699977435
830,291472836.81782544,0.01578564387989535,137899.781010605,947413.2953294449,0.07277699272873987,291467818.8521455,ok,275799.56202107324
831,291466623.48345995,0.023998399386851603,88881.04034108114,362540.01808295574,0.1225810061066742,291461175.9197855,ok,177762.08068216228
832,291458358.7769201,0.021365220071381086,76587.35227059372,120461.99645494606,0.3178901002991351,291446185.5963726,ok,153174.70454118744
833,291447005.32588834,0.007692240613051421,141221.47915717025,1168571.600240607,0.06042482939346334,291442738.68399596,ok,282442.9583143405
834,291442661.47987455,0.022574958487629956,90540.06044514196,261269.39240136306,0.17326955065990657,291434817.5620795,ok,181080.1208902028
835,291433337.2794335,0.014285654481984896,215731.33842575815,6208604.930747686,0.017373575934696992,291431463.2670387,ok,431462.6768511939
836,291431611.90830004,0.01896342533737482,64430.94852725815,38663.68767157663,0.8332230111436598,291404769.2338287,ok,128861.89705451629
837,291399287.90929765,0.008027972016023153,362673.5140735675,11320244.131423071,0.016018802680537937,291396383.111568,ok,725347.028147135
838,291395803.3888676,0.019320060791876335,119489.72984707485,758602.1272016481,0.07875652174075215,291391098.0911144,ok,238979.45969403387
839,291395880.7985421,0.01575763610340379,94131.56700912994,426163.0777265749,0.11044078186135649,291390682.81661296,ok,188263.13401825985
840,291386294.04970264,0.0201644003222018,64305.95158749517,98980.34898991231,0.3248420128022027,291375849.4123282,ok,128611.90317495394
841,291378375.26322865,0.009152823629834309,194091.71523337477,1764908.1993200544,0.05498634866905548,291373039.06586486,ok,388183.4304666488
842,291373272.4023564,0.02094447683108664,49712.91510564438,12759.459034273103,1.0000007449799382,291336318.928261,ok,99425.83021128876
843,291340831.34490186,0.009399227400982275,267488.44804299873,5821792.58628548,0.02297303142275516,291337758.8346408,ok,534976.8960856571
844,291337555.5019122,0.020767822091961,541768.3782489867,175650248.8781157,0.0015421793641320757,291337137.74990565,ok,1083536.756496905
845,291337093.99356234,0.017589021179409168,118057.04460583511,789460.6843507807,0.07477069279448682,291332680.3900551,ok,236114.0892116702
846,291337821.16581285,0.02022954732790335,67754.68669186007,135086.6974432304,0.250782230871895,291329325.3300726,ok,135509.37338372014
847,291329293.7257883,0.024997894482411027,84649.77006916187,393539.5627591921,0.10754925054505803,291324741.71612346,ok,169299.54013832373
848,291323945.1466731,0.026800971379878,39004.089349736634,37175.58386034023,0.5245928281350692,291313714.51390266,ok,78008.17869947325
849,291311949.0937634,0.012062115603545706,129276.55623040782,1157177.9326131046,0.05585854715466245,291308338.4934573,ok,258553.11246070208
850,291307133.68147624,0.018632294636672715,71077.28856777136,85127.63818825936,0.417474806540411,291292297.1928291,ok,142154.5771355427
851,291293236.3695986,0.0071215336026341156,192727.06414838257,1519522.1731687963,0.06341699632670429,291287125.28383905,ok,385454.1282967579
852,291285967.8816739,0.017096587391810504,92559.10534695258,488509.6495924674,0.0947362098416774,291281583.5322604,ok,185118.2106939051
853,291280884.2854678,0.01832484142772148,64363.24880347757,533192.4151526834,0.060356493241794054,291278941.9154721,ok,128726.49760695462
854,291278042.8383099,0.010967700513589052,67025.08697306605,435154.50627707026,0.0770129758582691,291275461.9376074,ok,134050.1739460726
855,291275124.52980334,0.020922749566055207,63619.00403444351,46746.26679271777,0.6804714942964624,291253479.07043284,ok,127238.00806884753
856,291257836.25296867,0.0041777718141554985,447465.19106626255,3616226.154698354,0.06186908283997902,291243994.1224816,ok,894930.3821321029
857,291244466.0879613,0.028978344895346154,76355.75490802093,81620.07544930746,0.46775106790635046,291226608.3450118,ok,152711.50981604186
858,291223669.90942323,0.014893278853840624,121867.90066552817,1183582.5777702406,0.05148263541320283,291220532.8690739,ok,243735.80133105628
859,291220800.9899361,0.015483674184932699,165311.90433238045,1831765.9987685583,0.04512364145952996,291217071.25238603,ok,330623.8086645743
860,291216722.80688673,0.021121106709080385,77996.46038848152,64984.0154668331,0.6001203513523243,291193319.17528045,ok,155992.92077696056
861,291188189.84305596,0.013533484936586154,165314.9692947334,1932099.039200809,0.042781184075096394,291184653.65799004,ok,330629.9385894668
862,291182475.7649093,0.021618137361308354,76024.15574644008,137467.59848930794,0.2765166358542051,291171964.793014,ok,152048.31149288017
863,291174252.62306094,0.011317985785840416,107142.53062438662,651340.0903624414,0.08224776288894381,291169846.5063339,ok,214285.06124877324
864,291169838.64641845,0.025453001823396736,64303.904947030635,49897.269804182084,0.6443629601317493,291149121.1191486,ok,128607.80989405872
865,291151450.60855114,0.0054190162232381715,424036.332760416,6379374.418582993,0.03323494632367137,291144404.1961718,ok,848072.6655208318
866,291146418.6866703,0.022219859962986532,93217.65641710564,435125.80947678664,0.10711575179738754,291141426.1469964,ok,186435.31283421128
867,291139719.13559496,0.01847501798194143,147152.61041181968,3877617.4216571697,0.01897461693744549,291138323.053388,ok,294305.2208234218
868,291137765.088534,0.02170987843356492,66035.99292303805,48486.82116472151,0.6809684707799027,291115280.87397534,ok,132071.98584601952
869,291115045.0323902,0.014953965876586822,228521.4753327132,2570207.80976827,0.04445583630712661,291109965.4757402,ok,457042.9506654264
870,291111299.5489593,0.018415725526122424,98788.3532963063,419358.65105476865,0.11778504276451,291105481.65375054,ok,197576.7065926126
871,291105155.4191018,0.011504291064099448,122550.8157817098,576276.3932766282,0.10632989413717152,291098640.0114675,ok,245101.63156332637
872,291096616.37847507,0.02443982237860028,48481.03889489444,105779.3998811644,0.22916106042083537,291091061.39533335,ok,96962.07778978886
873,291088039.9690879,0.017533920827110947,79730.56329486503,296002.2829750005,0.13467896681999383,291082670.95414364,ok,159461.12658972666
874,291084130.3958178,0.021850982277877747,74967.800862416,124220.98297981065,0.30175176151439864,291072819.56283426,ok,149935.601724832
875,291070643.7365742,0.01948047553852791,137318.60360026616,1236423.639563287,0.05553056379962454,291066831.0468351,ok,274637.2072005316
876,291064663.6437632,0.022901942478658878,71866.98011281755,255125.62192784098,0.1408462614804408,291059602.5460268,ok,143733.9602256351
877,291055066.4434771,0.030735515742802248,33218.842415242485,49180.073677180946,0.33772664345006553,291049456.999403,ok,66437.68483048497
878,291046708.73653585,0.021305468192793782,64564.619551397656,330896.070246332,0.09756026945761735,291043559.26569545,ok,129129.2391027953
879,291041416.1662692,0.02534485555938871,68007.91261359339,89213.20120028731,0.38115386343391505,291028455.4269508,ok,136015.82522718678
880,291030113.56150955,0.008921373524165612,259707.64700673913,3957537.558829519,0.03281177286963642,291025852.8273465,ok,519415.2940131943
881,291025034.27007604,0.016280068142667168,103800.20245196065,1099414.1980138845,0.04720705019067334,291022584.2193926,ok,207600.40490382543
882,291022353.7606941,0.02157483955474021,68242.51584491706,206058.20484636963,0.16559038718161329,291016703.6083836,ok,136485.03168977823
883,291016121.1516175,0.008207584940009267,171400.20424363544,2272407.8005167623,0.03771334621467541,291012889.1139956,ok,342800.4084872707
884,291012603.61054605,0.022438160832277253,75443.1352876072,379134.48570199776,0.09949389745952313,291008850.54476285,ok,150886.27057514188
885,291009908.7793483,0.025106972653374308,46758.909723889476,12788.417692794621,1.0000000016594313,290975938.28728205,ok,93517.81944777895
886,290980735.03698623,0.012708827779062307,284747.0251224718,4195357.981093157,0.03393596284342309,290975903.45475405,ok,569494.0502449436
887,290981897.7107701,0.02063334795514471,127054.84027617653,557272.1698833195,0.1139971159000987,290974655.76809376,ok,254109.68055235306
888,290976666.2218892,0.021129141400450486,101783.65768214788,233021.32574493872,0.21839987682835216,290965551.4527387,ok,203567.31536429573
889,290972475.13436276,0.008467296839200236,171604.09621827802,1616090.8978167986,0.053092340427787994,290967919.7028151,ok,343208.19243642077
890,290968202.7809403,0.01048629595579898,149848.78159331362,1764528.1318349729,0.04246143172494577,290965021.38403594,ok,299697.56318662706
891,290965010.25056744,0.022773899629969944,71422.25142459336,66026.42242797259,0.540861134059679,290945695.49061614,ok,142844.5028491867
892,290955266.09164226,0.009517448180217363,316711.153200708,4721200.6850667605,0.03354137795947447,290949954.6273955,ok,633422.306401416
893,290952796.9100518,0.01350724185984813,185577.98686009273,4951987.659635516,0.018737727112364405,290951058.25521386,ok,371155.97372018534
894,290951587.5846809,0.018635134621363816,118431.08792377284,779732.6118443045,0.07594339785509761,290947090.55506665,ok,236862.17584743662
895,290943481.6016489,0.029631819333663476,56579.600262173466,62808.84100674387,0.4504111153404219,290930739.5612191,ok,113159.20052434693
896,290933225.7193028,0.008520940853668675,285981.31995055854,3049820.151521322,0.046884948249801606,290926521.60960966,ok,571962.6399011171
897,290925489.9657494,0.016439800886338528,107698.69010155254,1086810.119268024,0.0495480710899566,290922821.8345727,ok,215397.38020300085
898,290925156.16399956,0.020199813883109968,66037.69193395598,47913.15620697855,0.6891394468847117,290902401.5747531,ok,132075.38386791197
899,290903918.6214714,0.015577432436833868,764871.4912576698,162988006.99408203,0.0023464042090085855,290903021.2726282,ok,1529742.9825153395
900,290903199.384577,0.013829731681280938,265128.96059039014,3998392.954920154,0.03315444024381598,290898804.28343654,ok,530257.9211807802
901,290896888.2587694,0.02462395223976605,71846.26695882405,153641.50306955003,0.23381139055343944,290888489.0209775,ok,143692.5339175985
902,290889793.4926586,0.02316871708112767,76279.76422830821,219325.17643187026,0.17389650716182886,290883161.1003754,ok,152559.52845661642
903,290886516.34216005,0.013207303638927867,80908.08038202618,204497.27655400825,0.1978219019475747,290878513.64698803,ok,161816.1607640523
904,290880622.9722395,0.026388503485419476,63430.258231381966,168951.3456468247,0.1877175289387051,290874669.48657197,ok,126860.51646271991
905,290874482.07356,0.018730132254783947,58645.45825320789,41665.62207961709,0.7037631424432443,290853845.81756485,ok,117290.91650641349
906,290863114.4179439,0.004652130356198184,767295.5526118487,19157285.02334379,0.020026208089425863,290855431.40774256,ok,1534591.105222362
907,290856898.5747128,0.010579881621805325,215055.68714691506,2744353.151646347,0.03918148927332884,290852685.4736632,ok,430111.3742938301
908,290855542.2894385,0.02174959562379635,76698.93835028585,227211.97011823367,0.16878278532238913,290849069.5592154,ok,153397.87670057168
909,290851447.47053987,0.01892211013812252,155968.7545154336,1940996.6198455307,0.040177492562518215,290848314.2538026,ok,311937.5090307186
910,290850511.017054,0.012671306575596597,127095.41552548503,2277327.8107036534,0.02790450609001583,290848737.7496558,ok,254190.83105096925
911,290849274.2501433,0.028311689523190853,79896.52301817827,338671.3055266623,0.1179558493949354,290844562.1190252,ok,159793.04603635558
912,290843067.23557574,0.021908535490704248,55242.11700142308,40059.05263080226,0.6895085302010642,290824022.2801263,ok,110484.23400280441
913,290819923.04620373,0.006591893636372557,196373.28358106542,1377149.483256769,0.07129701095216971,290812922.6321286,ok,392746.5671621307
914,290813895.88338935,0.018508887283194334,73194.82941955936,118616.74676734528,0.30853497256641005,290802604.30104584,ok,146389.65883911873
915,290802585.4137108,0.016864730849033092,124506.13077537178,1860186.665079059,0.0334660314238088,290800502.05066824,ok,249012.2615506297
916,290800414.448837,0.026671562187430647,54491.55968048784,16441.844090116392,1.0000000005373884,290762364.733235,ok,108983.11936093881
917,290760260.56894135,0.011438685634941192,364532.4994528218,5541376.817692739,0.032891870688970946,290754265.49102443,ok,729064.9989052595
918,290754442.54163134,0.019982721315108865,127867.00075865859,577681.3753721407,0.11067260103053092,290747366.85485137,ok,255734.00151720367
919,290748273.1378516,0.02243275494026732,63398.857942024195,56851.18986245185,0.5575860249839454,290730597.97925735,ok,126797.71588399958
920,290732700.8387375,0.007890828697447675,244159.6487064626,2535941.6031611175,0.048139840523557645,290726823.93546194,ok,488319.29741270776
921,290729399.1703974,0.016876936964657585,151733.59706884195,2115290.414963781,0.03586590191007886,290726678.13924295,ok,303467.1941375021
922,290726190.9733987,0.021556950607066937,77125.20408602888,189103.44303916098,0.2039233206083329,290718327.15953875,ok,154250.4081720577
923,290720968.7489707,0.023333071840138716,59203.334529740365,53650.901128496225,0.5517459472669977,290704636.14902496,ok,118406.66905948073
924,290702572.18553233,0.011961166311892011,174726.5763093086,1951296.8780411072,0.044771909973205966,290698660.7642601,ok,349453.15261861373
925,290700554.89908975,0.020041760150202904,93602.53591513188,365305.40419358225,0.12811545468614274,290694558.9333655,ok,187205.07183026377
926,290694610.47241384,0.0164441508637856,101986.10787616334,1998836.6050717598,0.025511366866453288,290693309.5699072,ok,203972.2157522063
927,290692887.95529133,0.029090101599443287,58594.40275803588,136564.84727312688,0.21452959501667468,290686602.83854437,ok,117188.80551607173
928,290683247.77950966,0.020782593191143856,64541.89983658107,67159.81245750452,0.4805098277889032,290667741.2709219,ok,129083.79967316214
929,290667672.3821201,0.016670546478209928,149310.5296285767,1571100.3899420148,0.04751781954369172,290664124.92671865,ok,298621.0592571534
930,290663946.51756155,0.014410391266335636,114117.51956340851,1611948.166903113,0.03539739115267334,290661926.78632283,ok,228235.03912681536
931,290661970.65083635,0.026847913440970265,60398.887575226356,45726.6837143173,0.6604337191012509,290642025.9198609,ok,120797.77515041617
932,290640397.4466902,0.017770038561874625,122471.19750769404,921668.4932337294,0.0664399393094129,290636328.9572254,ok,244942.39501525427
933,290634564.1158672,0.014722425054297501,118733.64548427136,1112513.911342822,0.05336276889381004,290631396.13782525,ok,237467.2909685427
934,290633091.665079,0.021857683811931084,59640.6460118422,539557.4554776695,0.0552681140871665,290631443.55206496,ok,119281.29202361881
935,290628526.2968042,0.030288704014125537,76586.01413849708,559556.6679490826,0.06843454695947444,290625905.7322137,ok,153172.0282769936
936,290625850.3231359,0.02250555124437517,44850.47487753675,30661.050125217054,0.7313916955611651,290609448.6907022,ok,89700.94975507348
937,290610767.6588492,0.004504758799319406,386847.57091097196,4153148.311060534,0.046572809581677074,290601759.36972064,ok,773695.1418219438
938,290603342.55898684,0.015600175503530067,136037.40486196475,4827762.817072086,0.014089072932591575,290602384.2385275,ok,272074.8097239295
939,290602941.6003594,0.024766047327213707,49896.506424544714,51060.515381188656,0.4886016724669334,290590751.84211475,ok,99793.01284905295
940,290588915.50963664,0.011945103510990464,151117.97408065115,2256196.300179041,0.03348954478576602,290586385.0735562,ok,302235.9481613022
941,290585559.43832713,0.026303791443075642,58575.87558505113,246888.10056862023,0.11862838964320703,290582085.0574308,ok,117151.75117010073
942,290581707.08693784,0.020510184524639694,57651.514622405106,73004.09541991143,0.3948512360217602,290570325.20103425,ok,115303.0292448102
943,290567244.1878192,0.02724470111738477,90114.17878380057,665795.4362316704,0.0676740736567954,290564194.99103296,ok,180228.3575675404
944,290563264.70500493,0.028901959938377544,46827.89442032482,48158.64771172366,0.48618365179848183,290551881.2266473,ok,93655.78884064962
945,290546879.9080491,0.0067161658119540574,143234.7293512475,1107141.5021101395,0.06468673113520333,290542247.21483576,ok,286469.4587023175
946,290541600.8329633,0.02633891171627803,82380.6529084188,873050.7458934367,0.047179762056164636,290539657.48316216,ok,164761.3058167527
947,290539106.3309469,0.026416115241010237,32650.285383834176,235356.30747773463,0.0693635231911577,290537973.96153325,ok,65300.570767627374
948,290538080.05018854,0.03132758518248221,45134.56895029031,28179.35313988711,0.8008446596739575,290520007.1609333,ok,90269.13790057911
949,290523067.6723729,0.008379168771917543,290676.82371604635,3315939.5019251113,0.043830236279535584,290516697.45544064,ok,581353.6474317901
950,290516541.3373939,0.017858227532791586,163757.10268336302,2485026.834953671,0.03294875942183055,290513843.54070395,ok,327514.20536672487
951,290512871.92372507,0.023188775215371764,72471.70732700241,108025.22634380478,0.3354388126730301,290500717.01199603,ok,144943.41465395564
952,290495619.25025016,0.014150942652763246,106139.54957400128,728336.2194604079,0.07286439060564322,290491752.3534507,ok,212279.09914800254
953,290491592.9306841,0.016808615224578063,79499.13289604406,332047.0778507877,0.11971063472476733,290486834.4848545,ok,158998.26579208812
954,290485522.91388816,0.02456372792087899,56125.87139287464,49509.77419509768,0.5668160712236905,290469616.3909297,ok,112251.74278574927
955,290477549.08764,0.013552093560862476,106447.22460559574,412997.3116310533,0.1288715708405013,290470690.0771167,ok,212894.44921119147
956,290475354.69063246,0.017897798253161876,62932.03793515898,117212.24631616357,0.2684533396169571,290466907.5327562,ok,125864.07587027218
957,290469247.9347034,0.017305756788769448,83324.78210100357,642773.0951865957,0.06481663803679785,290466547.51858294,ok,166649.56420200714
958,290464503.36784226,0.02044790869853481,56481.012836472146,115866.37191268278,0.2437334142085522,290457620.212794,ok,112962.02567288803
959,290462533.7672044,0.0044470280095912935,440742.90996149497,5333672.688315758,0.04131701884585186,290453428.6756459,ok,881485.8199229897
960,290453221.7031966,0.024556532274041806,44171.0670767727,22466.350049117435,0.9830494713249585,290431510.53112775,ok,88342.13415354538
961,290432611.8837836,0.007408376440243028,270154.3839029343,2438399.003725345,0.0553958526660725,290425129.1675597,ok,540308.7678058685
962,290424834.8284836,0.016630918550781706,117000.05660975058,1070275.9034164604,0.054658829670121103,290421637.2854008,ok,234000.11321950116
963,290418006.58756065,0.029206503132989368,49090.34384848401,54028.08896730251,0.4543039073452441,290406855.620049,ok,98180.68769696624
964,290407719.2613482,0.010101742981169436,294994.88728105434,8575575.148100408,0.017199714432354966,290405182.34743804,ok,589989.7745616841
965,290408427.7578186,0.01776109383494689,159300.22967852166,2207028.3530867742,0.036089302943417695,290405553.2406947,ok,318600.4593570433
966,290404363.70866853,0.0246730137464977,83415.81789619674,661322.8746696371,0.06306739195878185,290401733.2996271,ok,166831.63579239347
967,290401212.05224645,0.023214920115608682,57312.52683984731,60811.348195526305,0.47123216751888763,290387708.2991221,ok,114625.05367969463
968,290392210.90130776,0.011217881177391564,167579.2269211916,1525285.1278918872,0.05493373791456442,290387608.024642,ok,335158.45384226454
969,290388546.4584397,0.017239871407549633,62408.32620426426,119742.62965720432,0.26059360138876597,290380414.8531986,ok,124816.65240852852
970,290376129.64856374,0.02338528211384102,45423.40743015375,18552.497436853806,1.0000005042317412,290349258.734376,ok,90846.8148603075
971,290346094.77061456,0.008435292562690556,176769.2160516365,2229287.2958570425,0.03964702449526097,290342590.58389515,ok,353538.43210305565
972,290342882.94329596,0.019734053105554043,120380.28589669077,1316193.8770195257,0.045730453544309005,290340130.42076004,ok,240760.57179325377
973,290342477.17738914,0.017423566820843776,97450.40536019386,843256.9739428064,0.057782152043490485,290339661.7303195,ok,194900.81072038773
974,290337525.1774021,0.02141752691061285,60983.20518502404,68828.91079901208,0.44300574044460506,290324017.22241825,ok,121966.41037004677
975,290328475.24831825,0.00530803125070661,235095.87171235532,1885261.7654268579,0.062350989136812335,290321146.0182466,ok,470191.7434247106
976,290320301.36891824,0.024696068281506788,51558.22949784959,56810.284713410714,0.45377548940252616,290308603.4385067,ok,103116.45899569918
977,290301951.14790154,0.019898960390252195,154546.93490266352,4643969.082136984,0.01663953098838749,290300665.35364527,ok,309093.86980532703
978,290300981.64207333,0.024411715303288745,125749.70200188874,2487039.4547091187,0.025281002632223278,290299392.1027997,ok,251499.40400377693
979,290299578.9642981,0.023203816645596228,45736.225348523156,37452.80016351335,0.610584858126036,290285616.0409653,ok,91472.4506970463
980,290285625.67661685,0.00906783162845641,166939.73875609564,2182635.8514714376,0.038242691432827006,290282433.5641583,ok,333879.4775121912
981,290281380.5144037,0.018634133628854507,77033.58934120266,661583.3221059834,0.05821911372855175,290279138.1007543,ok,154067.17868240533
982,290280906.1245388,0.0207771062819539,58712.576864212526,73057.3311762458,0.4018253604321547,290269110.0233586,ok,117425.15372842389
983,290267867.0106255,0.016358579512211955,81601.33111291661,623869.502326285,0.06539935900748595,290265198.673251,ok,163202.6622258319
984,290265691.5682634,0.013208924209640076,112200.5621970701,2083223.0131440854,0.026929560946941638,290264180.81232446,ok,224401.1243941402
985,290264144.9954383,0.025214822879304107,39969.08253889167,21479.193795276235,0.9304139373164412,290245551.09971035,ok,79938.16507778334
986,290247424.3586379,0.007141777166578283,270285.8189101812,3242107.0307854842,0.04168366687831053,290241791.10661924,ok,540571.6378203622
987,290241386.2402008,0.027162717576533647,78580.46541276446,711057.1291643165,0.0552560843494514,290239215.21578825,ok,157160.9308254303
988,290238387.82373846,0.031788385760396456,36268.1042853857,88984.28197868471,0.20378938548986303,290234692.2963959,ok,72536.20857077138
989,290233715.73940355,0.02360126091553433,53964.285909899845,78069.06033182258,0.3456189025494321,290224390.200767,ok,107928.57181979968
990,290229814.3482963,0.007520929656849072,162801.17144856323,1437281.5478657119,0.056635101066424484,290225204.21789694,ok,325602.34289698454
991,290223640.3786831,0.016202758832476603,62858.349151596616,298460.0237072728,0.10530446987642068,290220330.74611574,ok,125716.69830319309
992,290219611.1055158,0.02909290768139259,39501.21313814316,15225.024449114395,1.000000000053061,290195334.91682625,ok,79002.42627628632
993,290199648.4345271,0.009319775020171828,439101.02329259075,5040299.62201491,0.04355901992162281,290190085.0294165,ok,878202.0465848658
994,290186610.81912667,0.02036249673263599,102072.3347876584,666262.5303892328,0.07660068676534114,290182701.4136544,ok,204144.66957531677
995,290182609.06201094,0.026375781589182964,57805.77983642931,231564.85221074297,0.12481553069163821,290179001.53246725,ok,115611.55967279983
996,290178159.4055676,0.02294278934768053,57844.8818682358,344469.4078617419,0.08396229178565072,290175731.01114273,ok,115689.76373641628
997,290177749.9665693,0.00785575729512823,186802.1242295008,1914130.006633602,0.048795568634868065,290173192.4086323,ok,373604.24845881684
998,290174404.75091857,0.014221673129574468,71080.32605877884,286527.9294949519,0.12403734285880696,290169996.44353163,ok,142160.65211755765
999,290168304.17591953,0.027076272087299593,39481.75276191376,23686.04238763624,0.8334392068495716,290151851.3555661,ok,78963.50552382751
final,290168304.17591953,,,,,,noise_plateau,
