行数 17412，查询数 9248，初始损失 4572640879.000000
轮 0 模式 batch 损失 4572640879.0 步长 1.0000 预测降 735325128.89 ok 连败 0
轮 200 模式 batch 损失 4066605.0 步长 0.0267 预测降 6572.08 ok 连败 0
轮 400 模式 batch 损失 490285.0 步长 0.0370 预测降 2982.70 ok 连败 0
轮 600 模式 batch 损失 188208.0 步长 0.0684 预测降 1131.98 ok 连败 0
轮 800 模式 batch 损失 99301.0 步长 0.0226 预测降 219.81 ok 连败 0
轮 1000 模式 batch 损失 66288.0 步长 0.0808 预测降 185.24 ok 连败 0
轮 1200 模式 batch 损失 50967.0 步长 0.0001 预测降 0.42 ok 连败 0
轮 1400 模式 batch 损失 41647.0 步长 0.0678 预测降 19.52 ok 连败 0
轮 1600 模式 batch 损失 36444.0 步长 0.1050 预测降 16.49 ok 连败 0
轮 1800 模式 batch 损失 32928.0 步长 0.0137 预测降 29.95 ok 连败 0
轮 2000 模式 batch 损失 28902.0 步长 0.0156 预测降 11.16 ok 连败 0
轮 2200 模式 batch 损失 25366.0 步长 0.0772 预测降 2.61 ok 连败 0
轮 2400 模式 batch 损失 22479.0 步长 0.0001 预测降 0.24 ok 连败 0
轮 2600 模式 batch 损失 20857.0 步长 0.0092 预测降 7.12 ok 连败 0
轮 2800 模式 batch 损失 19067.0 步长 0.0023 预测降 2.23 ok 连败 0
轮 2829 模式 batch 损失 18694.0 步长 0.0000 预测降 0.00 no_positive_direction 连败 0
轮 2882 模式 batch 损失 18272.0 步长 0.0000 预测降 0.00 no_positive_direction 连败 0
轮 2930 模式 batch 损失 18044.0 步长 0.0000 预测降 0.00 no_positive_direction 连败 0
轮 2978 模式 batch 损失 17606.0 步长 0.0000 预测降 0.00 no_positive_direction 连败 0
轮 2994 模式 batch 损失 17594.0 步长 0.0000 预测降 0.00 no_positive_direction 连败 0
轮 3000 模式 batch 损失 17519.0 步长 0.0044 预测降 0.92 ok 连败 0
轮 3038 模式 batch 损失 17388.0 步长 0.0000 预测降 0.00 no_positive_direction 连败 0
轮 3116 模式 batch 损失 16968.0 步长 0.0000 预测降 0.00 no_positive_direction 连败 0
轮 3169 模式 batch 损失 16602.0 步长 0.0000 预测降 0.00 no_positive_direction 连败 0
轮 3177 模式 batch 损失 16570.0 步长 0.0000 预测降 0.00 no_positive_direction 连败 0
轮 3200 模式 batch 损失 16455.0 步长 0.0068 预测降 5.60 ok 连败 0
轮 3340 模式 batch 损失 15948.0 步长 0.0000 预测降 0.00 no_positive_direction 连败 0
轮 3369 模式 batch 损失 15854.0 步长 0.0000 预测降 0.00 no_positive_direction 连败 0
轮 3400 模式 batch 损失 15672.0 步长 0.0000 预测降 0.00 no_positive_direction 连败 0
轮 3499 模式 batch 损失 15250.0 步长 0.0000 预测降 0.00 no_positive_direction 连败 0
轮 3533 模式 batch 损失 15136.0 步长 0.0000 预测降 0.00 no_positive_direction 连败 0
轮 3570 模式 batch 损失 14986.0 步长 0.0000 预测降 0.00 no_positive_direction 连败 0
轮 3573 模式 batch 损失 14958.0 步长 0.0000 预测降 0.00 no_positive_direction 连败 0
轮 3577 模式 batch 损失 14898.0 步长 0.0000 预测降 0.00 no_positive_direction 连败 0
轮 3586 模式 batch 损失 14816.0 步长 0.0000 预测降 0.00 no_positive_direction 连败 0
轮 3588 模式 batch 损失 14816.0 步长 0.0000 预测降 0.00 no_positive_direction 连败 0
轮 3596 模式 batch 损失 14738.0 步长 0.0000 预测降 0.00 no_positive_direction 连败 0
轮 3600 模式 batch 损失 14765.0 步长 0.0077 预测降 6.83 ok 连败 0
轮 3617 模式 batch 损失 14754.0 步长 0.0000 预测降 0.00 no_positive_direction 连败 0
轮 3619 模式 batch 损失 14754.0 步长 0.0000 预测降 0.00 no_positive_direction 连败 0
轮 3626 模式 batch 损失 14712.0 步长 0.0000 预测降 0.00 no_positive_direction 连败 0
轮 3629 模式 batch 损失 14684.0 步长 0.0000 预测降 0.00 no_positive_direction 连败 0
轮 3630 模式 batch 损失 14684.0 步长 0.0000 预测降 0.00 no_positive_direction 连败 1
轮 3642 模式 batch 损失 14648.0 步长 0.0000 预测降 0.00 no_positive_direction 连败 0
轮 3645 模式 batch 损失 14604.0 步长 0.0000 预测降 0.00 no_positive_direction 连败 0
轮 3646 模式 batch 损失 14604.0 步长 0.0000 预测降 0.00 no_positive_direction 连败 1
轮 3653 模式 batch 损失 14584.0 步长 0.0000 预测降 0.00 no_positive_direction 连败 0
轮 3655 模式 batch 损失 14584.0 步长 0.0000 预测降 0.00 no_positive_direction 连败 0
轮 3657 模式 batch 损失 14584.0 步长 0.0000 预测降 0.00 no_positive_direction 连败 0
轮 3667 模式 batch 损失 14486.0 步长 0.0000 预测降 0.00 no_positive_direction 连败 0
轮 3668 模式 batch 损失 14486.0 步长 0.0000 预测降 0.00 no_positive_direction 连败 1
轮 3669 模式 batch 损失 14486.0 步长 0.0000 预测降 0.00 no_positive_direction 连败 2
轮 3679 模式 batch 损失 14440.0 步长 0.0000 预测降 0.00 no_positive_direction 连败 0
轮 3682 模式 batch 损失 14424.0 步长 0.0000 预测降 0.00 no_positive_direction 连败 0
轮 3684 模式 batch 损失 14424.0 步长 0.0000 预测降 0.00 no_positive_direction 连败 0
轮 3696 模式 batch 损失 14350.0 步长 0.0000 预测降 0.00 no_positive_direction 连败 0
轮 3713 模式 batch 损失 14294.0 步长 0.0000 预测降 0.00 no_positive_direction 连败 0
轮 3714 模式 batch 损失 14294.0 步长 0.0000 预测降 0.00 no_positive_direction 连败 1
轮 3715 模式 batch 损失 14294.0 步长 0.0000 预测降 0.00 no_positive_direction 连败 2
轮 3716 模式 batch 损失 14294.0 步长 0.0000 预测降 0.00 no_positive_direction 连败 3
轮 3720 模式 batch 损失 14260.0 步长 0.0000 预测降 0.00 no_positive_direction 连败 0
轮 3721 模式 batch 损失 14260.0 步长 0.0000 预测降 0.00 no_positive_direction 连败 1
轮 3722 模式 batch 损失 14260.0 步长 0.0000 预测降 0.00 no_positive_direction 连败 2
轮 3723 模式 batch 损失 14260.0 步长 0.0000 预测降 0.00 no_positive_direction 连败 3
轮 3724 模式 batch 损失 14260.0 步长 0.0000 预测降 0.00 no_positive_direction 连败 4
轮 3725 模式 batch 损失 14260.0 步长 0.0000 预测降 0.00 no_positive_direction 连败 5
轮 3726 模式 rescue 损失 14260.0 步长 1.0879 预测降 616.12 ok 连败 6
轮 3727 模式 batch 损失 13650.0 步长 0.0000 预测降 0.00 no_positive_direction 连败 0
轮 3728 模式 batch 损失 13650.0 步长 0.0000 预测降 0.00 no_positive_direction 连败 1
轮 3729 模式 batch 损失 13650.0 步长 0.0000 预测降 0.00 no_positive_direction 连败 2
轮 3730 模式 batch 损失 13650.0 步长 0.0000 预测降 0.00 no_positive_direction 连败 3
轮 3738 模式 batch 损失 13638.0 步长 0.0000 预测降 0.00 no_positive_direction 连败 0
轮 3739 模式 batch 损失 13638.0 步长 0.0000 预测降 0.00 no_positive_direction 连败 1
轮 3740 模式 batch 损失 13638.0 步长 0.0000 预测降 0.00 no_positive_direction 连败 2
轮 3741 模式 batch 损失 13638.0 步长 0.0000 预测降 0.00 no_positive_direction 连败 3
轮 3742 模式 batch 损失 13638.0 步长 0.0000 预测降 0.00 no_positive_direction 连败 4
轮 3743 模式 batch 损失 13638.0 步长 0.0000 预测降 0.00 no_positive_direction 连败 5
轮 3744 模式 rescue 损失 13638.0 步长 1.0103 预测降 603.03 ok 连败 6
轮 3754 模式 batch 损失 12954.0 步长 0.0000 预测降 0.00 no_positive_direction 连败 0
轮 3755 模式 batch 损失 12954.0 步长 0.0000 预测降 0.00 no_positive_direction 连败 1
轮 3756 模式 batch 损失 12954.0 步长 0.0000 预测降 0.00 no_positive_direction 连败 2
轮 3757 模式 batch 损失 12954.0 步长 0.0000 预测降 0.00 no_positive_direction 连败 3
轮 3758 模式 batch 损失 12954.0 步长 0.0000 预测降 0.00 no_positive_direction 连败 4
轮 3762 模式 batch 损失 12924.0 步长 0.0000 预测降 0.00 no_positive_direction 连败 0
轮 3763 模式 batch 损失 12924.0 步长 0.0000 预测降 0.00 no_positive_direction 连败 1
轮 3764 模式 batch 损失 12924.0 步长 0.0000 预测降 0.00 no_positive_direction 连败 2
轮 3765 模式 batch 损失 12924.0 步长 0.0000 预测降 0.00 no_positive_direction 连败 3
轮 3766 模式 batch 损失 12924.0 步长 0.0000 预测降 0.00 no_positive_direction 连败 4
轮 3767 模式 batch 损失 12924.0 步长 0.0000 预测降 0.00 no_positive_direction 连败 5
轮 3768 模式 rescue 损失 12924.0 步长 1.1602 预测降 578.05 ok 连败 6
轮 3769 模式 batch 损失 12242.0 步长 0.0000 预测降 0.00 no_positive_direction 连败 0
轮 3772 模式 batch 损失 12224.0 步长 0.0000 预测降 0.00 no_positive_direction 连败 0
轮 3773 模式 batch 损失 12224.0 步长 0.0000 预测降 0.00 no_positive_direction 连败 1
轮 3774 模式 batch 损失 12224.0 步长 0.0000 预测降 0.00 no_positive_direction 连败 2
轮 3782 模式 batch 损失 12212.0 步长 0.0000 预测降 0.00 no_positive_direction 连败 0
轮 3783 模式 batch 损失 12212.0 步长 0.0000 预测降 0.00 no_positive_direction 连败 1
轮 3784 模式 batch 损失 12212.0 步长 0.0000 预测降 0.00 no_positive_direction 连败 2
轮 3785 模式 batch 损失 12212.0 步长 0.0000 预测降 0.00 no_positive_direction 连败 3
轮 3786 模式 batch 损失 12212.0 步长 0.0000 预测降 0.00 no_positive_direction 连败 4
轮 3787 模式 batch 损失 12212.0 步长 0.0000 预测降 0.00 no_positive_direction 连败 5
轮 3788 模式 rescue 损失 12212.0 步长 1.0212 预测降 463.96 ok 连败 6
轮 3789 模式 batch 损失 11864.0 步长 0.0000 预测降 0.00 no_positive_direction 连败 0
轮 3790 模式 batch 损失 11864.0 步长 0.0000 预测降 0.00 no_positive_direction 连败 1
轮 3800 模式 batch 损失 11863.0 步长 0.0125 预测降 2.68 ok 连败 0
轮 3805 模式 batch 损失 11844.0 步长 0.0000 预测降 0.00 no_positive_direction 连败 0
轮 3806 模式 batch 损失 11844.0 步长 0.0000 预测降 0.00 no_positive_direction 连败 1
轮 3807 模式 batch 损失 11844.0 步长 0.0000 预测降 0.00 no_positive_direction 连败 2
轮 3808 模式 batch 损失 11844.0 步长 0.0000 预测降 0.00 no_positive_direction 连败 3
轮 3809 模式 batch 损失 11844.0 步长 0.0000 预测降 0.00 no_positive_direction 连败 4
轮 3810 模式 batch 损失 11844.0 步长 0.0000 预测降 0.00 no_positive_direction 连败 5
轮 3811 模式 rescue 损失 11844.0 步长 1.1152 预测降 454.65 ok 连败 6
轮 3812 模式 batch 损失 11332.0 步长 0.0000 预测降 0.00 no_positive_direction 连败 0
轮 3813 模式 batch 损失 11332.0 步长 0.0000 预测降 0.00 no_positive_direction 连败 1
轮 3814 模式 batch 损失 11332.0 步长 0.0000 预测降 0.00 no_positive_direction 连败 2
轮 3815 模式 batch 损失 11332.0 步长 0.0000 预测降 0.00 no_positive_direction 连败 3
轮 3822 模式 batch 损失 11316.0 步长 0.0000 预测降 0.00 no_positive_direction 连败 0
轮 3823 模式 batch 损失 11316.0 步长 0.0000 预测降 0.00 no_positive_direction 连败 1
轮 3824 模式 batch 损失 11316.0 步长 0.0000 预测降 0.00 no_positive_direction 连败 2
轮 3825 模式 batch 损失 11316.0 步长 0.0000 预测降 0.00 no_positive_direction 连败 3
轮 3826 模式 batch 损失 11316.0 步长 0.0000 预测降 0.00 no_positive_direction 连败 4
轮 3827 模式 batch 损失 11316.0 步长 0.0000 预测降 0.00 no_positive_direction 连败 5
轮 3828 模式 rescue 损失 11316.0 步长 1.0322 预测降 432.86 ok 连败 6
轮 3836 模式 batch 损失 10794.0 步长 0.0000 预测降 0.00 no_positive_direction 连败 0
轮 3846 模式 batch 损失 10756.0 步长 0.0000 预测降 0.00 no_positive_direction 连败 0
轮 3847 模式 batch 损失 10756.0 步长 0.0000 预测降 0.00 no_positive_direction 连败 1
轮 3850 模式 batch 损失 10734.0 步长 0.0000 预测降 0.00 no_positive_direction 连败 0
轮 3854 模式 batch 损失 10694.0 步长 0.0000 预测降 0.00 no_positive_direction 连败 0
轮 3855 模式 batch 损失 10694.0 步长 0.0000 预测降 0.00 no_positive_direction 连败 1
轮 3856 模式 batch 损失 10694.0 步长 0.0000 预测降 0.00 no_positive_direction 连败 2
轮 3868 模式 batch 损失 10682.0 步长 0.0000 预测降 0.00 no_positive_direction 连败 0
轮 3869 模式 batch 损失 10682.0 步长 0.0000 预测降 0.00 no_positive_direction 连败 1
轮 3873 模式 batch 损失 10662.0 步长 0.0000 预测降 0.00 no_positive_direction 连败 0
轮 3879 模式 batch 损失 10628.0 步长 0.0000 预测降 0.00 no_positive_direction 连败 0
轮 3885 模式 batch 损失 10590.0 步长 0.0000 预测降 0.00 no_positive_direction 连败 0
轮 3890 模式 batch 损失 10574.0 步长 0.0000 预测降 0.00 no_positive_direction 连败 0
轮 3891 模式 batch 损失 10574.0 步长 0.0000 预测降 0.00 no_positive_direction 连败 1
轮 3897 模式 batch 损失 10544.0 步长 0.0000 预测降 0.00 no_positive_direction 连败 0
轮 3898 模式 batch 损失 10544.0 步长 0.0000 预测降 0.00 no_positive_direction 连败 1
轮 3899 模式 batch 损失 10544.0 步长 0.0000 预测降 0.00 no_positive_direction 连败 2
轮 3902 模式 batch 损失 10524.0 步长 0.0000 预测降 0.00 no_positive_direction 连败 0
轮 3905 模式 batch 损失 10496.0 步长 0.0000 预测降 0.00 no_positive_direction 连败 0
轮 3910 模式 batch 损失 10480.0 步长 0.0000 预测降 0.00 no_positive_direction 连败 0
轮 3913 模式 batch 损失 10460.0 步长 0.0000 预测降 0.00 no_positive_direction 连败 0
轮 3914 模式 batch 损失 10460.0 步长 0.0000 预测降 0.00 no_positive_direction 连败 1
轮 3918 模式 batch 损失 10432.0 步长 0.0000 预测降 0.00 no_positive_direction 连败 0
轮 3922 模式 batch 损失 10400.0 步长 0.0000 预测降 0.00 no_positive_direction 连败 0
轮 3923 模式 batch 损失 10400.0 步长 0.0000 预测降 0.00 no_positive_direction 连败 1
轮 3925 模式 batch 损失 10400.0 步长 0.0000 预测降 0.00 no_positive_direction 连败 0
轮 3926 模式 batch 损失 10400.0 步长 0.0000 预测降 0.00 no_positive_direction 连败 1
轮 3932 模式 batch 损失 10384.0 步长 0.0000 预测降 0.00 no_positive_direction 连败 0
轮 3954 模式 batch 损失 10348.0 步长 0.0000 预测降 0.00 no_positive_direction 连败 0
轮 3961 模式 batch 损失 10336.0 步长 0.0000 预测降 0.00 no_positive_direction 连败 0
轮 3973 模式 batch 损失 10320.0 步长 0.0000 预测降 0.00 no_positive_direction 连败 0
轮 3974 模式 batch 损失 10320.0 步长 0.0000 预测降 0.00 no_positive_direction 连败 1
轮 3975 模式 batch 损失 10320.0 步长 0.0000 预测降 0.00 no_positive_direction 连败 2
轮 3976 模式 batch 损失 10320.0 步长 0.0000 预测降 0.00 no_positive_direction 连败 3
轮 3977 模式 batch 损失 10320.0 步长 0.0000 预测降 0.00 no_positive_direction 连败 4
轮 3978 模式 batch 损失 10320.0 步长 0.0000 预测降 0.00 no_positive_direction 连败 5
轮 3979 模式 rescue 损失 10320.0 步长 1.0144 预测降 380.41 ok 连败 6
轮 3988 模式 batch 损失 9800.0 步长 0.0000 预测降 0.00 no_positive_direction 连败 0
轮 3993 模式 batch 损失 9786.0 步长 0.0000 预测降 0.00 no_positive_direction 连败 0
轮 3997 模式 batch 损失 9784.0 步长 0.0000 预测降 0.00 no_positive_direction 连败 0
轮 3999 模式 batch 损失 9774.0 步长 0.0000 预测降 0.00 no_positive_direction 连败 0
轮 4000 模式 batch 损失 9774.0 步长 0.0300 预测降 0.27 ok 连败 1
轮 4017 模式 batch 损失 9756.0 步长 0.0000 预测降 0.00 no_positive_direction 连败 0
轮 4018 模式 batch 损失 9756.0 步长 0.0000 预测降 0.00 no_positive_direction 连败 1
轮 4019 模式 batch 损失 9756.0 步长 0.0000 预测降 0.00 no_positive_direction 连败 2
轮 4020 模式 batch 损失 9756.0 步长 0.0000 预测降 0.00 no_positive_direction 连败 3
轮 4022 模式 batch 损失 9756.0 步长 0.0000 预测降 0.00 no_positive_direction 连败 0
轮 4025 模式 batch 损失 9746.0 步长 0.0000 预测降 0.00 no_positive_direction 连败 0
轮 4032 模式 batch 损失 9728.0 步长 0.0000 预测降 0.00 no_positive_direction 连败 0
轮 4034 模式 batch 损失 9728.0 步长 0.0000 预测降 0.00 no_positive_direction 连败 0
轮 4036 模式 batch 损失 9728.0 步长 0.0000 预测降 0.00 no_positive_direction 连败 0
轮 4037 模式 batch 损失 9728.0 步长 0.0000 预测降 0.00 no_positive_direction 连败 1
轮 4039 模式 batch 损失 9728.0 步长 0.0000 预测降 0.00 no_positive_direction 连败 0
轮 4041 模式 batch 损失 9728.0 步长 0.0000 预测降 0.00 no_positive_direction 连败 0
轮 4043 模式 batch 损失 9728.0 步长 0.0000 预测降 0.00 no_positive_direction 连败 0
轮 4045 模式 batch 损失 9728.0 步长 0.0000 预测降 0.00 no_positive_direction 连败 0
轮 4047 模式 batch 损失 9728.0 步长 0.0000 预测降 0.00 no_positive_direction 连败 0
轮 4049 模式 batch 损失 9728.0 步长 0.0000 预测降 0.00 no_positive_direction 连败 0
轮 4050 模式 batch 损失 9728.0 步长 0.0000 预测降 0.00 no_positive_direction 连败 1
轮 4052 模式 batch 损失 9728.0 步长 0.0000 预测降 0.00 no_positive_direction 连败 0
轮 4054 模式 batch 损失 9728.0 步长 0.0000 预测降 0.00 no_positive_direction 连败 0
轮 4055 模式 batch 损失 9728.0 步长 0.0000 预测降 0.00 no_positive_direction 连败 1
轮 4057 模式 batch 损失 9728.0 步长 0.0000 预测降 0.00 no_positive_direction 连败 0
轮 4059 模式 batch 损失 9728.0 步长 0.0000 预测降 0.00 no_positive_direction 连败 0
轮 4061 模式 batch 损失 9728.0 步长 0.0000 预测降 0.00 no_positive_direction 连败 0
轮 4063 模式 batch 损失 9728.0 步长 0.0000 预测降 0.00 no_positive_direction 连败 0
轮 4065 模式 batch 损失 9724.0 步长 0.0000 预测降 0.00 no_positive_direction 连败 0
轮 4141 模式 batch 损失 9720.0 步长 0.0000 预测降 0.00 no_positive_direction 连败 0
轮 4143 模式 batch 损失 9720.0 步长 0.0000 预测降 0.00 no_positive_direction 连败 0
轮 4145 模式 batch 损失 9716.0 步长 0.0000 预测降 0.00 no_positive_direction 连败 0
轮 4200 模式 batch 损失 9716.0 步长 0.0123 预测降 0.15 ok 连败 0
轮 4211 模式 batch 损失 9706.0 步长 0.0000 预测降 0.00 no_positive_direction 连败 0
轮 4214 模式 batch 损失 9704.0 步长 0.0000 预测降 0.00 no_positive_direction 连败 0
轮 4227 模式 batch 损失 9688.0 步长 0.0000 预测降 0.00 no_positive_direction 连败 0
轮 4228 模式 batch 损失 9688.0 步长 0.0000 预测降 0.00 no_positive_direction 连败 1
轮 4230 模式 batch 损失 9688.0 步长 0.0000 预测降 0.00 no_positive_direction 连败 0
轮 4232 模式 batch 损失 9688.0 步长 0.0000 预测降 0.00 no_positive_direction 连败 0
轮 4233 模式 batch 损失 9688.0 步长 0.0000 预测降 0.00 no_positive_direction 连败 1
轮 4235 模式 batch 损失 9688.0 步长 0.0000 预测降 0.00 no_positive_direction 连败 0
轮 4237 模式 batch 损失 9688.0 步长 0.0000 预测降 0.00 no_positive_direction 连败 0
轮 4239 模式 batch 损失 9684.0 步长 0.0000 预测降 0.00 no_positive_direction 连败 0
轮 4243 模式 batch 损失 9680.0 步长 0.0000 预测降 0.00 no_positive_direction 连败 0
轮 4244 模式 batch 损失 9680.0 步长 0.0000 预测降 0.00 no_positive_direction 连败 1
轮 4245 模式 batch 损失 9680.0 步长 0.0000 预测降 0.00 no_positive_direction 连败 2
轮 4246 模式 batch 损失 9680.0 步长 0.0000 预测降 0.00 no_positive_direction 连败 3
轮 4248 模式 batch 损失 9676.0 步长 0.0000 预测降 0.00 no_positive_direction 连败 0
轮 4269 模式 batch 损失 9670.0 步长 0.0000 预测降 0.00 no_positive_direction 连败 0
轮 4270 模式 batch 损失 9670.0 步长 0.0000 预测降 0.00 no_positive_direction 连败 1
轮 4273 模式 batch 损失 9662.0 步长 0.0000 预测降 0.00 no_positive_direction 连败 0
轮 4274 模式 batch 损失 9662.0 步长 0.0000 预测降 0.00 no_positive_direction 连败 1
轮 4276 模式 batch 损失 9662.0 步长 0.0000 预测降 0.00 no_positive_direction 连败 0
轮 4278 模式 batch 损失 9662.0 步长 0.0000 预测降 0.00 no_positive_direction 连败 0
轮 4280 模式 batch 损失 9662.0 步长 0.0000 预测降 0.00 no_positive_direction 连败 0
轮 4282 模式 batch 损失 9662.0 步长 0.0000 预测降 0.00 no_positive_direction 连败 0
轮 4285 模式 batch 损失 9660.0 步长 0.0000 预测降 0.00 no_positive_direction 连败 0
轮 4289 模式 batch 损失 9632.0 步长 0.0000 预测降 0.00 no_positive_direction 连败 0
轮 4290 模式 batch 损失 9632.0 步长 0.0000 预测降 0.00 no_positive_direction 连败 1
轮 4291 模式 batch 损失 9632.0 步长 0.0000 预测降 0.00 no_positive_direction 连败 2
轮 4292 模式 batch 损失 9632.0 步长 0.0000 预测降 0.00 no_positive_direction 连败 3
轮 4293 模式 batch 损失 9632.0 步长 0.0000 预测降 0.00 no_positive_direction 连败 4
轮 4294 模式 batch 损失 9632.0 步长 0.0000 预测降 0.00 no_positive_direction 连败 5
轮 4295 模式 rescue 损失 9632.0 步长 1.0019 预测降 381.73 ok 连败 6
轮 4296 模式 batch 损失 9216.0 步长 0.0000 预测降 0.00 no_positive_direction 连败 0
轮 4301 模式 batch 损失 9188.0 步长 0.0000 预测降 0.00 no_positive_direction 连败 0
轮 4306 模式 batch 损失 9160.0 步长 0.0000 预测降 0.00 no_positive_direction 连败 0
轮 4308 模式 batch 损失 9160.0 步长 0.0000 预测降 0.00 no_positive_direction 连败 0
轮 4313 模式 batch 损失 9144.0 步长 0.0000 预测降 0.00 no_positive_direction 连败 0
轮 4330 模式 batch 损失 9138.0 步长 0.0000 预测降 0.00 no_positive_direction 连败 0
轮 4331 模式 batch 损失 9138.0 步长 0.0000 预测降 0.00 no_positive_direction 连败 1
轮 4332 模式 batch 损失 9138.0 步长 0.0000 预测降 0.00 no_positive_direction 连败 2
轮 4333 模式 batch 损失 9138.0 步长 0.0000 预测降 0.00 no_positive_direction 连败 3
轮 4334 模式 batch 损失 9138.0 步长 0.0000 预测降 0.00 no_positive_direction 连败 4
轮 4335 模式 batch 损失 9138.0 步长 0.0000 预测降 0.00 no_positive_direction 连败 5
轮 4336 模式 rescue 损失 9138.0 步长 1.0011 预测降 327.30 ok 连败 6
轮 4337 模式 batch 损失 8784.0 步长 0.0000 预测降 0.00 no_positive_direction 连败 0
轮 4338 模式 batch 损失 8784.0 步长 0.0000 预测降 0.00 no_positive_direction 连败 1
轮 4339 模式 batch 损失 8784.0 步长 0.0000 预测降 0.00 no_positive_direction 连败 2
轮 4340 模式 batch 损失 8784.0 步长 0.0000 预测降 0.00 no_positive_direction 连败 3
轮 4352 模式 batch 损失 8762.0 步长 0.0000 预测降 0.00 no_positive_direction 连败 0
轮 4354 模式 batch 损失 8762.0 步长 0.0000 预测降 0.00 no_positive_direction 连败 0
轮 4356 模式 batch 损失 8762.0 步长 0.0000 预测降 0.00 no_positive_direction 连败 0
轮 4358 模式 batch 损失 8762.0 步长 0.0000 预测降 0.00 no_positive_direction 连败 0
轮 4371 模式 batch 损失 8736.0 步长 0.0000 预测降 0.00 no_positive_direction 连败 0
轮 4372 模式 batch 损失 8736.0 步长 0.0000 预测降 0.00 no_positive_direction 连败 1
轮 4373 模式 batch 损失 8736.0 步长 0.0000 预测降 0.00 no_positive_direction 连败 2
轮 4374 模式 batch 损失 8736.0 步长 0.0000 预测降 0.00 no_positive_direction 连败 3
轮 4375 模式 batch 损失 8736.0 步长 0.0000 预测降 0.00 no_positive_direction 连败 4
轮 4376 模式 batch 损失 8736.0 步长 0.0000 预测降 0.00 no_positive_direction 连败 5
轮 4377 模式 rescue 损失 8736.0 步长 1.0132 预测降 296.54 ok 连败 6
轮 4378 模式 batch 损失 8488.0 步长 0.0000 预测降 0.00 no_positive_direction 连败 0
轮 4379 模式 batch 损失 8488.0 步长 0.0000 预测降 0.00 no_positive_direction 连败 1
轮 4380 模式 batch 损失 8488.0 步长 0.0000 预测降 0.00 no_positive_direction 连败 2
轮 4381 模式 batch 损失 8488.0 步长 0.0000 预测降 0.00 no_positive_direction 连败 3
轮 4382 模式 batch 损失 8488.0 步长 0.0000 预测降 0.00 no_positive_direction 连败 4
轮 4383 模式 batch 损失 8488.0 步长 0.0000 预测降 0.00 no_positive_direction 连败 5
轮 4384 模式 rescue 损失 8488.0 步长 1.0383 预测降 330.79 ok 连败 6
轮 4385 模式 batch 损失 8178.0 步长 0.0000 预测降 0.00 no_positive_direction 连败 0
轮 4386 模式 batch 损失 8178.0 步长 0.0000 预测降 0.00 no_positive_direction 连败 1
轮 4387 模式 batch 损失 8178.0 步长 0.0000 预测降 0.00 no_positive_direction 连败 2
轮 4388 模式 batch 损失 8178.0 步长 0.0000 预测降 0.00 no_positive_direction 连败 3
轮 4389 模式 batch 损失 8178.0 步长 0.0000 预测降 0.00 no_positive_direction 连败 4
轮 4390 模式 batch 损失 8178.0 步长 0.0000 预测降 0.00 no_positive_direction 连败 5
轮 4391 模式 rescue 损失 8178.0 步长 1.0394 预测降 256.23 ok 连败 6
轮 4392 模式 batch 损失 7934.0 步长 0.0000 预测降 0.00 no_positive_direction 连败 0
轮 4393 模式 batch 损失 7934.0 步长 0.0000 预测降 0.00 no_positive_direction 连败 1
轮 4394 模式 batch 损失 7934.0 步长 0.0000 预测降 0.00 no_positive_direction 连败 2
轮 4395 模式 batch 损失 7934.0 步长 0.0000 预测降 0.00 no_positive_direction 连败 3
轮 4396 模式 batch 损失 7934.0 步长 0.0000 预测降 0.00 no_positive_direction 连败 4
轮 4397 模式 batch 损失 7934.0 步长 0.0000 预测降 0.00 no_positive_direction 连败 5
轮 4398 模式 rescue 损失 7934.0 步长 1.0275 预测降 299.49 ok 连败 6
轮 4399 模式 batch 损失 7634.0 步长 0.0000 预测降 0.00 no_positive_direction 连败 0
轮 4400 模式 batch 损失 7634.0 步长 0.0000 预测降 0.00 no_positive_direction 连败 1
轮 4401 模式 batch 损失 7634.0 步长 0.0000 预测降 0.00 no_positive_direction 连败 2
轮 4402 模式 batch 损失 7634.0 步长 0.0000 预测降 0.00 no_positive_direction 连败 3
轮 4403 模式 batch 损失 7634.0 步长 0.0000 预测降 0.00 no_positive_direction 连败 4
轮 4404 模式 batch 损失 7634.0 步长 0.0000 预测降 0.00 no_positive_direction 连败 5
轮 4405 模式 rescue 损失 7634.0 步长 1.0057 预测降 276.52 ok 连败 6
轮 4406 模式 batch 损失 7378.0 步长 0.0000 预测降 0.00 no_positive_direction 连败 0
轮 4407 模式 batch 损失 7378.0 步长 0.0000 预测降 0.00 no_positive_direction 连败 1
轮 4413 模式 batch 损失 7356.0 步长 0.0000 预测降 0.00 no_positive_direction 连败 0
轮 4414 模式 batch 损失 7356.0 步长 0.0000 预测降 0.00 no_positive_direction 连败 1
轮 4415 模式 batch 损失 7356.0 步长 0.0000 预测降 0.00 no_positive_direction 连败 2
轮 4416 模式 batch 损失 7356.0 步长 0.0000 预测降 0.00 no_positive_direction 连败 3
轮 4417 模式 batch 损失 7356.0 步长 0.0000 预测降 0.00 no_positive_direction 连败 4
轮 4418 模式 batch 损失 7356.0 步长 0.0000 预测降 0.00 no_positive_direction 连败 5
轮 4419 模式 rescue 损失 7356.0 步长 1.0218 预测降 297.55 ok 连败 6
轮 4420 模式 batch 损失 6966.0 步长 0.0000 预测降 0.00 no_positive_direction 连败 0
轮 4421 模式 batch 损失 6966.0 步长 0.0000 预测降 0.00 no_positive_direction 连败 1
轮 4422 模式 batch 损失 6966.0 步长 0.0000 预测降 0.00 no_positive_direction 连败 2
轮 4423 模式 batch 损失 6966.0 步长 0.0000 预测降 0.00 no_positive_direction 连败 3
轮 4424 模式 batch 损失 6966.0 步长 0.0000 预测降 0.00 no_positive_direction 连败 4
轮 4425 模式 batch 损失 6966.0 步长 0.0000 预测降 0.00 no_positive_direction 连败 5
轮 4426 模式 rescue 损失 6966.0 步长 1.0088 预测降 229.03 ok 连败 6
轮 4427 模式 batch 损失 6640.0 步长 0.0000 预测降 0.00 no_positive_direction 连败 0
轮 4428 模式 batch 损失 6640.0 步长 0.0000 预测降 0.00 no_positive_direction 连败 1
轮 4429 模式 batch 损失 6640.0 步长 0.0000 预测降 0.00 no_positive_direction 连败 2
轮 4430 模式 batch 损失 6640.0 步长 0.0000 预测降 0.00 no_positive_direction 连败 3
轮 4431 模式 batch 损失 6640.0 步长 0.0000 预测降 0.00 no_positive_direction 连败 4
轮 4432 模式 batch 损失 6640.0 步长 0.0000 预测降 0.00 no_positive_direction 连败 5
轮 4433 模式 rescue 损失 6640.0 步长 1.0160 预测降 263.01 ok 连败 6
轮 4434 模式 batch 损失 6346.0 步长 0.0000 预测降 0.00 no_positive_direction 连败 0
轮 4435 模式 batch 损失 6346.0 步长 0.0000 预测降 0.00 no_positive_direction 连败 1
轮 4436 模式 batch 损失 6346.0 步长 0.0000 预测降 0.00 no_positive_direction 连败 2
轮 4437 模式 batch 损失 6346.0 步长 0.0000 预测降 0.00 no_positive_direction 连败 3
轮 4438 模式 batch 损失 6346.0 步长 0.0000 预测降 0.00 no_positive_direction 连败 4
轮 4439 模式 batch 损失 6346.0 步长 0.0000 预测降 0.00 no_positive_direction 连败 5
轮 4440 模式 rescue 损失 6346.0 步长 1.0482 预测降 196.89 ok 连败 6
轮 4441 模式 batch 损失 6152.0 步长 0.0000 预测降 0.00 no_positive_direction 连败 0
轮 4442 模式 batch 损失 6152.0 步长 0.0000 预测降 0.00 no_positive_direction 连败 1
轮 4443 模式 batch 损失 6152.0 步长 0.0000 预测降 0.00 no_positive_direction 连败 2
轮 4444 模式 batch 损失 6152.0 步长 0.0000 预测降 0.00 no_positive_direction 连败 3
轮 4445 模式 batch 损失 6152.0 步长 0.0000 预测降 0.00 no_positive_direction 连败 4
轮 4446 模式 batch 损失 6152.0 步长 0.0000 预测降 0.00 no_positive_direction 连败 5
轮 4447 模式 rescue 损失 6152.0 步长 1.0190 预测降 201.61 ok 连败 6
轮 4448 模式 batch 损失 5962.0 步长 0.0000 预测降 0.00 no_positive_direction 连败 0
轮 4449 模式 batch 损失 5962.0 步长 0.0000 预测降 0.00 no_positive_direction 连败 1
轮 4450 模式 batch 损失 5962.0 步长 0.0000 预测降 0.00 no_positive_direction 连败 2
轮 4451 模式 batch 损失 5962.0 步长 0.0000 预测降 0.00 no_positive_direction 连败 3
轮 4452 模式 batch 损失 5962.0 步长 0.0000 预测降 0.00 no_positive_direction 连败 4
轮 4453 模式 batch 损失 5962.0 步长 0.0000 预测降 0.00 no_positive_direction 连败 5
轮 4454 模式 rescue 损失 5962.0 步长 1.0028 预测降 175.05 ok 连败 6
轮 4455 模式 batch 损失 5806.0 步长 0.0000 预测降 0.00 no_positive_direction 连败 0
轮 4457 模式 batch 损失 5806.0 步长 0.0000 预测降 0.00 no_positive_direction 连败 0
轮 4459 模式 batch 损失 5806.0 步长 0.0000 预测降 0.00 no_positive_direction 连败 0
轮 4463 模式 batch 损失 5770.0 步长 0.0000 预测降 0.00 no_positive_direction 连败 0
轮 4464 模式 batch 损失 5770.0 步长 0.0000 预测降 0.00 no_positive_direction 连败 1
轮 4465 模式 batch 损失 5770.0 步长 0.0000 预测降 0.00 no_positive_direction 连败 2
轮 4466 模式 batch 损失 5770.0 步长 0.0000 预测降 0.00 no_positive_direction 连败 3
轮 4467 模式 batch 损失 5770.0 步长 0.0000 预测降 0.00 no_positive_direction 连败 4
轮 4468 模式 batch 损失 5770.0 步长 0.0000 预测降 0.00 no_positive_direction 连败 5
轮 4469 模式 rescue 损失 5770.0 步长 1.0296 预测降 198.12 ok 连败 6
轮 4470 模式 batch 损失 5560.0 步长 0.0000 预测降 0.00 no_positive_direction 连败 0
轮 4471 模式 batch 损失 5560.0 步长 0.0000 预测降 0.00 no_positive_direction 连败 1
轮 4472 模式 batch 损失 5560.0 步长 0.0000 预测降 0.00 no_positive_direction 连败 2
轮 4473 模式 batch 损失 5560.0 步长 0.0000 预测降 0.00 no_positive_direction 连败 3
轮 4474 模式 batch 损失 5560.0 步长 0.0000 预测降 0.00 no_positive_direction 连败 4
轮 4475 模式 batch 损失 5560.0 步长 0.0000 预测降 0.00 no_positive_direction 连败 5
轮 4476 模式 rescue 损失 5560.0 步长 1.0011 预测降 169.39 ok 连败 6
轮 4477 模式 batch 损失 5394.0 步长 0.0000 预测降 0.00 no_positive_direction 连败 0
轮 4478 模式 batch 损失 5394.0 步长 0.0000 预测降 0.00 no_positive_direction 连败 1
轮 4479 模式 batch 损失 5394.0 步长 0.0000 预测降 0.00 no_positive_direction 连败 2
轮 4480 模式 batch 损失 5394.0 步长 0.0000 预测降 0.00 no_positive_direction 连败 3
轮 4481 模式 batch 损失 5394.0 步长 0.0000 预测降 0.00 no_positive_direction 连败 4
轮 4482 模式 batch 损失 5394.0 步长 0.0000 预测降 0.00 no_positive_direction 连败 5
轮 4483 模式 rescue 损失 5394.0 步长 1.0174 预测降 161.88 ok 连败 6
轮 4484 模式 batch 损失 5230.0 步长 0.0000 预测降 0.00 no_positive_direction 连败 0
轮 4485 模式 batch 损失 5230.0 步长 0.0000 预测降 0.00 no_positive_direction 连败 1
轮 4486 模式 batch 损失 5230.0 步长 0.0000 预测降 0.00 no_positive_direction 连败 2
轮 4487 模式 batch 损失 5230.0 步长 0.0000 预测降 0.00 no_positive_direction 连败 3
轮 4488 模式 batch 损失 5230.0 步长 0.0000 预测降 0.00 no_positive_direction 连败 4
轮 4489 模式 batch 损失 5230.0 步长 0.0000 预测降 0.00 no_positive_direction 连败 5
轮 4490 模式 rescue 损失 5230.0 步长 1.0003 预测降 115.55 ok 连败 6
轮 4491 模式 batch 损失 5098.0 步长 0.0000 预测降 0.00 no_positive_direction 连败 0
轮 4492 模式 batch 损失 5098.0 步长 0.0000 预测降 0.00 no_positive_direction 连败 1
轮 4493 模式 batch 损失 5098.0 步长 0.0000 预测降 0.00 no_positive_direction 连败 2
轮 4494 模式 batch 损失 5098.0 步长 0.0000 预测降 0.00 no_positive_direction 连败 3
轮 4495 模式 batch 损失 5098.0 步长 0.0000 预测降 0.00 no_positive_direction 连败 4
轮 4496 模式 batch 损失 5098.0 步长 0.0000 预测降 0.00 no_positive_direction 连败 5
轮 4497 模式 rescue 损失 5098.0 步长 1.0001 预测降 129.42 ok 连败 6
轮 4498 模式 batch 损失 4982.0 步长 0.0000 预测降 0.00 no_positive_direction 连败 0
轮 4499 模式 batch 损失 4982.0 步长 0.0000 预测降 0.00 no_positive_direction 连败 1
轮 4500 模式 batch 损失 4982.0 步长 0.0000 预测降 0.00 no_positive_direction 连败 2
轮 4501 模式 batch 损失 4982.0 步长 0.0000 预测降 0.00 no_positive_direction 连败 3
轮 4502 模式 batch 损失 4982.0 步长 0.0000 预测降 0.00 no_positive_direction 连败 4
轮 4503 模式 batch 损失 4982.0 步长 0.0000 预测降 0.00 no_positive_direction 连败 5
轮 4504 模式 rescue 损失 4982.0 步长 0.2114 预测降 20.08 ok 连败 6
轮 4505 模式 batch 损失 4952.0 步长 0.0000 预测降 0.00 no_positive_direction 连败 0
轮 4506 模式 batch 损失 4952.0 步长 0.0000 预测降 0.00 no_positive_direction 连败 1
轮 4507 模式 batch 损失 4952.0 步长 0.0000 预测降 0.00 no_positive_direction 连败 2
轮 4508 模式 batch 损失 4952.0 步长 0.0000 预测降 0.00 no_positive_direction 连败 3
轮 4509 模式 batch 损失 4952.0 步长 0.0000 预测降 0.00 no_positive_direction 连败 4
轮 4510 模式 batch 损失 4952.0 步长 0.0000 预测降 0.00 no_positive_direction 连败 5
轮 4511 模式 rescue 损失 4952.0 步长 1.0216 预测降 135.58 ok 连败 6
轮 4512 模式 batch 损失 4810.0 步长 0.0000 预测降 0.00 no_positive_direction 连败 0
轮 4513 模式 batch 损失 4810.0 步长 0.0000 预测降 0.00 no_positive_direction 连败 1
轮 4514 模式 batch 损失 4810.0 步长 0.0000 预测降 0.00 no_positive_direction 连败 2
轮 4515 模式 batch 损失 4810.0 步长 0.0000 预测降 0.00 no_positive_direction 连败 3
轮 4516 模式 batch 损失 4810.0 步长 0.0000 预测降 0.00 no_positive_direction 连败 4
轮 4517 模式 batch 损失 4810.0 步长 0.0000 预测降 0.00 no_positive_direction 连败 5
轮 4518 模式 rescue 损失 4810.0 步长 1.0006 预测降 140.25 ok 连败 6
轮 4519 模式 batch 损失 4658.0 步长 0.0000 预测降 0.00 no_positive_direction 连败 0
轮 4520 模式 batch 损失 4658.0 步长 0.0000 预测降 0.00 no_positive_direction 连败 1
轮 4521 模式 batch 损失 4658.0 步长 0.0000 预测降 0.00 no_positive_direction 连败 2
轮 4522 模式 batch 损失 4658.0 步长 0.0000 预测降 0.00 no_positive_direction 连败 3
轮 4523 模式 batch 损失 4658.0 步长 0.0000 预测降 0.00 no_positive_direction 连败 4
轮 4524 模式 batch 损失 4658.0 步长 0.0000 预测降 0.00 no_positive_direction 连败 5
轮 4525 模式 rescue 损失 4658.0 步长 1.0230 预测降 103.04 ok 连败 6
轮 4526 模式 batch 损失 4562.0 步长 0.0000 预测降 0.00 no_positive_direction 连败 0
轮 4527 模式 batch 损失 4562.0 步长 0.0000 预测降 0.00 no_positive_direction 连败 1
轮 4528 模式 batch 损失 4562.0 步长 0.0000 预测降 0.00 no_positive_direction 连败 2
轮 4529 模式 batch 损失 4562.0 步长 0.0000 预测降 0.00 no_positive_direction 连败 3
轮 4530 模式 batch 损失 4562.0 步长 0.0000 预测降 0.00 no_positive_direction 连败 4
轮 4531 模式 batch 损失 4562.0 步长 0.0000 预测降 0.00 no_positive_direction 连败 5
轮 4532 模式 rescue 损失 4562.0 步长 1.0050 预测降 108.46 ok 连败 6
轮 4533 模式 batch 损失 4460.0 步长 0.0000 预测降 0.00 no_positive_direction 连败 0
轮 4534 模式 batch 损失 4460.0 步长 0.0000 预测降 0.00 no_positive_direction 连败 1
轮 4535 模式 batch 损失 4460.0 步长 0.0000 预测降 0.00 no_positive_direction 连败 2
轮 4536 模式 batch 损失 4460.0 步长 0.0000 预测降 0.00 no_positive_direction 连败 3
轮 4537 模式 batch 损失 4460.0 步长 0.0000 预测降 0.00 no_positive_direction 连败 4
轮 4538 模式 batch 损失 4460.0 步长 0.0000 预测降 0.00 no_positive_direction 连败 5
轮 4539 模式 rescue 损失 4460.0 步长 1.0011 预测降 108.25 ok 连败 6
轮 4540 模式 batch 损失 4354.0 步长 0.0000 预测降 0.00 no_positive_direction 连败 0
轮 4541 模式 batch 损失 4354.0 步长 0.0000 预测降 0.00 no_positive_direction 连败 1
轮 4542 模式 batch 损失 4354.0 步长 0.0000 预测降 0.00 no_positive_direction 连败 2
轮 4543 模式 batch 损失 4354.0 步长 0.0000 预测降 0.00 no_positive_direction 连败 3
轮 4544 模式 batch 损失 4354.0 步长 0.0000 预测降 0.00 no_positive_direction 连败 4
轮 4545 模式 batch 损失 4354.0 步长 0.0000 预测降 0.00 no_positive_direction 连败 5
轮 4546 模式 rescue 损失 4354.0 步长 0.8462 预测降 61.35 ok 连败 6
轮 4547 模式 batch 损失 4278.0 步长 0.0000 预测降 0.00 no_positive_direction 连败 0
轮 4548 模式 batch 损失 4278.0 步长 0.0000 预测降 0.00 no_positive_direction 连败 1
轮 4549 模式 batch 损失 4278.0 步长 0.0000 预测降 0.00 no_positive_direction 连败 2
轮 4550 模式 batch 损失 4278.0 步长 0.0000 预测降 0.00 no_positive_direction 连败 3
轮 4551 模式 batch 损失 4278.0 步长 0.0000 预测降 0.00 no_positive_direction 连败 4
轮 4552 模式 batch 损失 4278.0 步长 0.0000 预测降 0.00 no_positive_direction 连败 5
轮 4553 模式 rescue 损失 4278.0 步长 1.0004 预测降 90.29 ok 连败 6
轮 4554 模式 batch 损失 4202.0 步长 0.0000 预测降 0.00 no_positive_direction 连败 0
轮 4555 模式 batch 损失 4202.0 步长 0.0000 预测降 0.00 no_positive_direction 连败 1
轮 4556 模式 batch 损失 4202.0 步长 0.0000 预测降 0.00 no_positive_direction 连败 2
轮 4557 模式 batch 损失 4202.0 步长 0.0000 预测降 0.00 no_positive_direction 连败 3
轮 4558 模式 batch 损失 4202.0 步长 0.0000 预测降 0.00 no_positive_direction 连败 4
轮 4559 模式 batch 损失 4202.0 步长 0.0000 预测降 0.00 no_positive_direction 连败 5
轮 4560 模式 rescue 损失 4202.0 步长 0.8204 预测降 52.51 ok 连败 6
轮 4561 模式 batch 损失 4158.0 步长 0.0000 预测降 0.00 no_positive_direction 连败 0
轮 4563 模式 batch 损失 4158.0 步长 0.0000 预测降 0.00 no_positive_direction 连败 0
轮 4565 模式 batch 损失 4158.0 步长 0.0000 预测降 0.00 no_positive_direction 连败 0
轮 4569 模式 batch 损失 4134.0 步长 0.0000 预测降 0.00 no_positive_direction 连败 0
轮 4570 模式 batch 损失 4134.0 步长 0.0000 预测降 0.00 no_positive_direction 连败 1
轮 4571 模式 batch 损失 4134.0 步长 0.0000 预测降 0.00 no_positive_direction 连败 2
轮 4572 模式 batch 损失 4134.0 步长 0.0000 预测降 0.00 no_positive_direction 连败 3
轮 4573 模式 batch 损失 4134.0 步长 0.0000 预测降 0.00 no_positive_direction 连败 4
轮 4574 模式 batch 损失 4134.0 步长 0.0000 预测降 0.00 no_positive_direction 连败 5
轮 4575 模式 rescue 损失 4134.0 步长 0.9973 预测降 71.81 ok 连败 6
轮 4576 模式 batch 损失 4068.0 步长 0.0000 预测降 0.00 no_positive_direction 连败 0
轮 4577 模式 batch 损失 4068.0 步长 0.0000 预测降 0.00 no_positive_direction 连败 1
轮 4578 模式 batch 损失 4068.0 步长 0.0000 预测降 0.00 no_positive_direction 连败 2
轮 4579 模式 batch 损失 4068.0 步长 0.0000 预测降 0.00 no_positive_direction 连败 3
轮 4580 模式 batch 损失 4068.0 步长 0.0000 预测降 0.00 no_positive_direction 连败 4
轮 4581 模式 batch 损失 4068.0 步长 0.0000 预测降 0.00 no_positive_direction 连败 5
轮 4582 模式 rescue 损失 4068.0 步长 0.1509 预测降 13.13 ok 连败 6
轮 4583 模式 batch 损失 4056.0 步长 0.0000 预测降 0.00 no_positive_direction 连败 0
轮 4584 模式 batch 损失 4056.0 步长 0.0000 预测降 0.00 no_positive_direction 连败 1
轮 4585 模式 batch 损失 4056.0 步长 0.0000 预测降 0.00 no_positive_direction 连败 2
轮 4586 模式 batch 损失 4056.0 步长 0.0000 预测降 0.00 no_positive_direction 连败 3
轮 4587 模式 batch 损失 4056.0 步长 0.0000 预测降 0.00 no_positive_direction 连败 4
轮 4588 模式 batch 损失 4056.0 步长 0.0000 预测降 0.00 no_positive_direction 连败 5
轮 4589 模式 rescue 损失 4056.0 步长 1.0640 预测降 84.06 ok 连败 6
轮 4590 模式 batch 损失 3992.0 步长 0.0000 预测降 0.00 no_positive_direction 连败 0
轮 4591 模式 batch 损失 3992.0 步长 0.0000 预测降 0.00 no_positive_direction 连败 1
轮 4592 模式 batch 损失 3992.0 步长 0.0000 预测降 0.00 no_positive_direction 连败 2
轮 4593 模式 batch 损失 3992.0 步长 0.0000 预测降 0.00 no_positive_direction 连败 3
轮 4594 模式 batch 损失 3992.0 步长 0.0000 预测降 0.00 no_positive_direction 连败 4
轮 4595 模式 batch 损失 3992.0 步长 0.0000 预测降 0.00 no_positive_direction 连败 5
轮 4596 模式 rescue 损失 3992.0 步长 0.9469 预测降 60.13 ok 连败 6
轮 4597 模式 batch 损失 3946.0 步长 0.0000 预测降 0.00 no_positive_direction 连败 0
轮 4598 模式 batch 损失 3946.0 步长 0.0000 预测降 0.00 no_positive_direction 连败 1
轮 4599 模式 batch 损失 3946.0 步长 0.0000 预测降 0.00 no_positive_direction 连败 2
轮 4600 模式 batch 损失 3946.0 步长 0.0000 预测降 0.00 no_positive_direction 连败 3
轮 4601 模式 batch 损失 3946.0 步长 0.0000 预测降 0.00 no_positive_direction 连败 4
轮 4602 模式 batch 损失 3946.0 步长 0.0000 预测降 0.00 no_positive_direction 连败 5
轮 4603 模式 rescue 损失 3946.0 步长 0.2317 预测降 14.60 ok 连败 6
轮 4604 模式 batch 损失 3932.0 步长 0.0000 预测降 0.00 no_positive_direction 连败 0
轮 4605 模式 batch 损失 3932.0 步长 0.0000 预测降 0.00 no_positive_direction 连败 1
轮 4606 模式 batch 损失 3932.0 步长 0.0000 预测降 0.00 no_positive_direction 连败 2
轮 4607 模式 batch 损失 3932.0 步长 0.0000 预测降 0.00 no_positive_direction 连败 3
轮 4608 模式 batch 损失 3932.0 步长 0.0000 预测降 0.00 no_positive_direction 连败 4
轮 4609 模式 batch 损失 3932.0 步长 0.0000 预测降 0.00 no_positive_direction 连败 5
轮 4610 模式 rescue 损失 3932.0 步长 0.9769 预测降 67.89 ok 连败 6
轮 4611 模式 batch 损失 3872.0 步长 0.0000 预测降 0.00 no_positive_direction 连败 0
轮 4613 模式 batch 损失 3872.0 步长 0.0000 预测降 0.00 no_positive_direction 连败 0
轮 4614 模式 batch 损失 3872.0 步长 0.0000 预测降 0.00 no_positive_direction 连败 1
轮 4616 模式 batch 损失 3872.0 步长 0.0000 预测降 0.00 no_positive_direction 连败 0
轮 4618 模式 batch 损失 3872.0 步长 0.0000 预测降 0.00 no_positive_direction 连败 0
轮 4621 模式 batch 损失 3856.0 步长 0.0000 预测降 0.00 no_positive_direction 连败 0
轮 4622 模式 batch 损失 3856.0 步长 0.0000 预测降 0.00 no_positive_direction 连败 1
轮 4623 模式 batch 损失 3856.0 步长 0.0000 预测降 0.00 no_positive_direction 连败 2
轮 4624 模式 batch 损失 3856.0 步长 0.0000 预测降 0.00 no_positive_direction 连败 3
轮 4625 模式 batch 损失 3856.0 步长 0.0000 预测降 0.00 no_positive_direction 连败 4
轮 4626 模式 batch 损失 3856.0 步长 0.0000 预测降 0.00 no_positive_direction 连败 5
轮 4627 模式 rescue 损失 3856.0 步长 1.0000 预测降 105.62 ok 连败 6
轮 4628 模式 batch 损失 3740.0 步长 0.0000 预测降 0.00 no_positive_direction 连败 0
轮 4629 模式 batch 损失 3740.0 步长 0.0000 预测降 0.00 no_positive_direction 连败 1
轮 4630 模式 batch 损失 3740.0 步长 0.0000 预测降 0.00 no_positive_direction 连败 2
轮 4631 模式 batch 损失 3740.0 步长 0.0000 预测降 0.00 no_positive_direction 连败 3
轮 4632 模式 batch 损失 3740.0 步长 0.0000 预测降 0.00 no_positive_direction 连败 4
轮 4633 模式 batch 损失 3740.0 步长 0.0000 预测降 0.00 no_positive_direction 连败 5
轮 4634 模式 rescue 损失 3740.0 步长 1.0002 预测降 68.68 ok 连败 6
轮 4635 模式 batch 损失 3668.0 步长 0.0000 预测降 0.00 no_positive_direction 连败 0
轮 4636 模式 batch 损失 3668.0 步长 0.0000 预测降 0.00 no_positive_direction 连败 1
轮 4637 模式 batch 损失 3668.0 步长 0.0000 预测降 0.00 no_positive_direction 连败 2
轮 4638 模式 batch 损失 3668.0 步长 0.0000 预测降 0.00 no_positive_direction 连败 3
轮 4639 模式 batch 损失 3668.0 步长 0.0000 预测降 0.00 no_positive_direction 连败 4
轮 4640 模式 batch 损失 3668.0 步长 0.0000 预测降 0.00 no_positive_direction 连败 5
轮 4641 模式 rescue 损失 3668.0 步长 1.0000 预测降 67.55 ok 连败 6
轮 4642 模式 batch 损失 3604.0 步长 0.0000 预测降 0.00 no_positive_direction 连败 0
轮 4643 模式 batch 损失 3604.0 步长 0.0000 预测降 0.00 no_positive_direction 连败 1
轮 4644 模式 batch 损失 3604.0 步长 0.0000 预测降 0.00 no_positive_direction 连败 2
轮 4645 模式 batch 损失 3604.0 步长 0.0000 预测降 0.00 no_positive_direction 连败 3
轮 4646 模式 batch 损失 3604.0 步长 0.0000 预测降 0.00 no_positive_direction 连败 4
轮 4647 模式 batch 损失 3604.0 步长 0.0000 预测降 0.00 no_positive_direction 连败 5
轮 4648 模式 rescue 损失 3604.0 步长 1.0037 预测降 96.96 ok 连败 6
轮 4649 模式 batch 损失 3532.0 步长 0.0000 预测降 0.00 no_positive_direction 连败 0
轮 4650 模式 batch 损失 3532.0 步长 0.0000 预测降 0.00 no_positive_direction 连败 1
轮 4651 模式 batch 损失 3532.0 步长 0.0000 预测降 0.00 no_positive_direction 连败 2
轮 4652 模式 batch 损失 3532.0 步长 0.0000 预测降 0.00 no_positive_direction 连败 3
轮 4653 模式 batch 损失 3532.0 步长 0.0000 预测降 0.00 no_positive_direction 连败 4
轮 4654 模式 batch 损失 3532.0 步长 0.0000 预测降 0.00 no_positive_direction 连败 5
轮 4655 模式 rescue 损失 3532.0 步长 0.6734 预测降 23.23 ok 连败 6
轮 4656 模式 batch 损失 3550.0 步长 0.0000 预测降 0.00 no_positive_direction 连败 0
轮 4657 模式 batch 损失 3550.0 步长 0.0000 预测降 0.00 no_positive_direction 连败 1
轮 4658 模式 batch 损失 3550.0 步长 0.0000 预测降 0.00 no_positive_direction 连败 2
轮 4659 模式 batch 损失 3550.0 步长 0.0000 预测降 0.00 no_positive_direction 连败 3
轮 4660 模式 batch 损失 3550.0 步长 0.0000 预测降 0.00 no_positive_direction 连败 4
轮 4661 模式 batch 损失 3550.0 步长 0.0000 预测降 0.00 no_positive_direction 连败 5
轮 4662 模式 rescue 损失 3550.0 步长 0.4546 预测降 27.28 ok 连败 6
轮 4663 模式 batch 损失 3492.0 步长 0.0000 预测降 0.00 no_positive_direction 连败 0
轮 4664 模式 batch 损失 3492.0 步长 0.0000 预测降 0.00 no_positive_direction 连败 1
轮 4665 模式 batch 损失 3492.0 步长 0.0000 预测降 0.00 no_positive_direction 连败 2
轮 4666 模式 batch 损失 3492.0 步长 0.0000 预测降 0.00 no_positive_direction 连败 3
轮 4667 模式 batch 损失 3492.0 步长 0.0000 预测降 0.00 no_positive_direction 连败 4
轮 4668 模式 batch 损失 3492.0 步长 0.0000 预测降 0.00 no_positive_direction 连败 5
轮 4669 模式 rescue 损失 3492.0 步长 1.0000 预测降 85.24 ok 连败 6
轮 4670 模式 batch 损失 3404.0 步长 0.0000 预测降 0.00 no_positive_direction 连败 0
轮 4671 模式 batch 损失 3404.0 步长 0.0000 预测降 0.00 no_positive_direction 连败 1
轮 4672 模式 batch 损失 3404.0 步长 0.0000 预测降 0.00 no_positive_direction 连败 2
轮 4673 模式 batch 损失 3404.0 步长 0.0000 预测降 0.00 no_positive_direction 连败 3
轮 4674 模式 batch 损失 3404.0 步长 0.0000 预测降 0.00 no_positive_direction 连败 4
轮 4675 模式 batch 损失 3404.0 步长 0.0000 预测降 0.00 no_positive_direction 连败 5
轮 4676 模式 rescue 损失 3404.0 步长 1.0085 预测降 69.15 ok 连败 6
轮 4677 模式 batch 损失 3338.0 步长 0.0000 预测降 0.00 no_positive_direction 连败 0
轮 4678 模式 batch 损失 3338.0 步长 0.0000 预测降 0.00 no_positive_direction 连败 1
轮 4679 模式 batch 损失 3338.0 步长 0.0000 预测降 0.00 no_positive_direction 连败 2
轮 4680 模式 batch 损失 3338.0 步长 0.0000 预测降 0.00 no_positive_direction 连败 3
轮 4681 模式 batch 损失 3338.0 步长 0.0000 预测降 0.00 no_positive_direction 连败 4
轮 4682 模式 batch 损失 3338.0 步长 0.0000 预测降 0.00 no_positive_direction 连败 5
轮 4683 模式 rescue 损失 3338.0 步长 1.0005 预测降 51.00 ok 连败 6
轮 4684 模式 batch 损失 3288.0 步长 0.0000 预测降 0.00 no_positive_direction 连败 0
轮 4685 模式 batch 损失 3288.0 步长 0.0000 预测降 0.00 no_positive_direction 连败 1
轮 4686 模式 batch 损失 3288.0 步长 0.0000 预测降 0.00 no_positive_direction 连败 2
轮 4687 模式 batch 损失 3288.0 步长 0.0000 预测降 0.00 no_positive_direction 连败 3
轮 4688 模式 batch 损失 3288.0 步长 0.0000 预测降 0.00 no_positive_direction 连败 4
轮 4689 模式 batch 损失 3288.0 步长 0.0000 预测降 0.00 no_positive_direction 连败 5
轮 4690 模式 rescue 损失 3288.0 步长 1.0029 预测降 57.70 ok 连败 6
轮 4691 模式 batch 损失 3222.0 步长 0.0000 预测降 0.00 no_positive_direction 连败 0
轮 4692 模式 batch 损失 3222.0 步长 0.0000 预测降 0.00 no_positive_direction 连败 1
轮 4693 模式 batch 损失 3222.0 步长 0.0000 预测降 0.00 no_positive_direction 连败 2
轮 4694 模式 batch 损失 3222.0 步长 0.0000 预测降 0.00 no_positive_direction 连败 3
轮 4695 模式 batch 损失 3222.0 步长 0.0000 预测降 0.00 no_positive_direction 连败 4
轮 4696 模式 batch 损失 3222.0 步长 0.0000 预测降 0.00 no_positive_direction 连败 5
轮 4697 模式 rescue 损失 3222.0 步长 1.0041 预测降 64.56 ok 连败 6
轮 4698 模式 batch 损失 3146.0 步长 0.0000 预测降 0.00 no_positive_direction 连败 0
轮 4699 模式 batch 损失 3146.0 步长 0.0000 预测降 0.00 no_positive_direction 连败 1
轮 4700 模式 batch 损失 3146.0 步长 0.0000 预测降 0.00 no_positive_direction 连败 2
轮 4701 模式 batch 损失 3146.0 步长 0.0000 预测降 0.00 no_positive_direction 连败 3
轮 4702 模式 batch 损失 3146.0 步长 0.0000 预测降 0.00 no_positive_direction 连败 4
轮 4703 模式 batch 损失 3146.0 步长 0.0000 预测降 0.00 no_positive_direction 连败 5
轮 4704 模式 rescue 损失 3146.0 步长 1.0021 预测降 51.30 ok 连败 6
轮 4705 模式 batch 损失 3086.0 步长 0.0000 预测降 0.00 no_positive_direction 连败 0
轮 4706 模式 batch 损失 3086.0 步长 0.0000 预测降 0.00 no_positive_direction 连败 1
轮 4707 模式 batch 损失 3086.0 步长 0.0000 预测降 0.00 no_positive_direction 连败 2
轮 4708 模式 batch 损失 3086.0 步长 0.0000 预测降 0.00 no_positive_direction 连败 3
轮 4709 模式 batch 损失 3086.0 步长 0.0000 预测降 0.00 no_positive_direction 连败 4
轮 4710 模式 batch 损失 3086.0 步长 0.0000 预测降 0.00 no_positive_direction 连败 5
轮 4711 模式 rescue 损失 3086.0 步长 1.0021 预测降 69.95 ok 连败 6
轮 4712 模式 batch 损失 3014.0 步长 0.0000 预测降 0.00 no_positive_direction 连败 0
轮 4713 模式 batch 损失 3014.0 步长 0.0000 预测降 0.00 no_positive_direction 连败 1
轮 4714 模式 batch 损失 3014.0 步长 0.0000 预测降 0.00 no_positive_direction 连败 2
轮 4715 模式 batch 损失 3014.0 步长 0.0000 预测降 0.00 no_positive_direction 连败 3
轮 4716 模式 batch 损失 3014.0 步长 0.0000 预测降 0.00 no_positive_direction 连败 4
轮 4717 模式 batch 损失 3014.0 步长 0.0000 预测降 0.00 no_positive_direction 连败 5
轮 4718 模式 rescue 损失 3014.0 步长 1.0337 预测降 43.12 ok 连败 6
轮 4719 模式 batch 损失 2974.0 步长 0.0000 预测降 0.00 no_positive_direction 连败 0
轮 4720 模式 batch 损失 2974.0 步长 0.0000 预测降 0.00 no_positive_direction 连败 1
轮 4721 模式 batch 损失 2974.0 步长 0.0000 预测降 0.00 no_positive_direction 连败 2
轮 4722 模式 batch 损失 2974.0 步长 0.0000 预测降 0.00 no_positive_direction 连败 3
轮 4723 模式 batch 损失 2974.0 步长 0.0000 预测降 0.00 no_positive_direction 连败 4
轮 4724 模式 batch 损失 2974.0 步长 0.0000 预测降 0.00 no_positive_direction 连败 5
轮 4725 模式 rescue 损失 2974.0 步长 1.0033 预测降 40.39 ok 连败 6
轮 4726 模式 batch 损失 2924.0 步长 0.0000 预测降 0.00 no_positive_direction 连败 0
轮 4727 模式 batch 损失 2924.0 步长 0.0000 预测降 0.00 no_positive_direction 连败 1
轮 4728 模式 batch 损失 2924.0 步长 0.0000 预测降 0.00 no_positive_direction 连败 2
轮 4729 模式 batch 损失 2924.0 步长 0.0000 预测降 0.00 no_positive_direction 连败 3
轮 4730 模式 batch 损失 2924.0 步长 0.0000 预测降 0.00 no_positive_direction 连败 4
轮 4731 模式 batch 损失 2924.0 步长 0.0000 预测降 0.00 no_positive_direction 连败 5
轮 4732 模式 rescue 损失 2924.0 步长 1.0001 预测降 48.85 ok 连败 6
轮 4733 模式 batch 损失 2868.0 步长 0.0000 预测降 0.00 no_positive_direction 连败 0
轮 4734 模式 batch 损失 2868.0 步长 0.0000 预测降 0.00 no_positive_direction 连败 1
轮 4735 模式 batch 损失 2868.0 步长 0.0000 预测降 0.00 no_positive_direction 连败 2
轮 4736 模式 batch 损失 2868.0 步长 0.0000 预测降 0.00 no_positive_direction 连败 3
轮 4737 模式 batch 损失 2868.0 步长 0.0000 预测降 0.00 no_positive_direction 连败 4
轮 4738 模式 batch 损失 2868.0 步长 0.0000 预测降 0.00 no_positive_direction 连败 5
轮 4739 模式 rescue 损失 2868.0 步长 1.0000 预测降 26.53 ok 连败 6
轮 4740 模式 batch 损失 2836.0 步长 0.0000 预测降 0.00 no_positive_direction 连败 0
轮 4741 模式 batch 损失 2836.0 步长 0.0000 预测降 0.00 no_positive_direction 连败 1
轮 4742 模式 batch 损失 2836.0 步长 0.0000 预测降 0.00 no_positive_direction 连败 2
轮 4743 模式 batch 损失 2836.0 步长 0.0000 预测降 0.00 no_positive_direction 连败 3
轮 4744 模式 batch 损失 2836.0 步长 0.0000 预测降 0.00 no_positive_direction 连败 4
轮 4745 模式 batch 损失 2836.0 步长 0.0000 预测降 0.00 no_positive_direction 连败 5
轮 4746 模式 rescue 损失 2836.0 步长 1.0000 预测降 58.43 ok 连败 6
轮 4747 模式 batch 损失 2774.0 步长 0.0000 预测降 0.00 no_positive_direction 连败 0
轮 4748 模式 batch 损失 2774.0 步长 0.0000 预测降 0.00 no_positive_direction 连败 1
轮 4749 模式 batch 损失 2774.0 步长 0.0000 预测降 0.00 no_positive_direction 连败 2
轮 4750 模式 batch 损失 2774.0 步长 0.0000 预测降 0.00 no_positive_direction 连败 3
轮 4751 模式 batch 损失 2774.0 步长 0.0000 预测降 0.00 no_positive_direction 连败 4
轮 4752 模式 batch 损失 2774.0 步长 0.0000 预测降 0.00 no_positive_direction 连败 5
轮 4753 模式 rescue 损失 2774.0 步长 1.0237 预测降 40.98 ok 连败 6
轮 4754 模式 batch 损失 2734.0 步长 0.0000 预测降 0.00 no_positive_direction 连败 0
轮 4755 模式 batch 损失 2734.0 步长 0.0000 预测降 0.00 no_positive_direction 连败 1
轮 4756 模式 batch 损失 2734.0 步长 0.0000 预测降 0.00 no_positive_direction 连败 2
轮 4757 模式 batch 损失 2734.0 步长 0.0000 预测降 0.00 no_positive_direction 连败 3
轮 4758 模式 batch 损失 2734.0 步长 0.0000 预测降 0.00 no_positive_direction 连败 4
轮 4759 模式 batch 损失 2734.0 步长 0.0000 预测降 0.00 no_positive_direction 连败 5
轮 4760 模式 rescue 损失 2734.0 步长 1.0153 预测降 26.66 ok 连败 6
轮 4761 模式 batch 损失 2698.0 步长 0.0000 预测降 0.00 no_positive_direction 连败 0
轮 4762 模式 batch 损失 2698.0 步长 0.0000 预测降 0.00 no_positive_direction 连败 1
轮 4763 模式 batch 损失 2698.0 步长 0.0000 预测降 0.00 no_positive_direction 连败 2
轮 4764 模式 batch 损失 2698.0 步长 0.0000 预测降 0.00 no_positive_direction 连败 3
轮 4765 模式 batch 损失 2698.0 步长 0.0000 预测降 0.00 no_positive_direction 连败 4
轮 4766 模式 batch 损失 2698.0 步长 0.0000 预测降 0.00 no_positive_direction 连败 5
轮 4767 模式 rescue 损失 2698.0 步长 1.0173 预测降 34.54 ok 连败 6
轮 4768 模式 batch 损失 2662.0 步长 0.0000 预测降 0.00 no_positive_direction 连败 0
轮 4769 模式 batch 损失 2662.0 步长 0.0000 预测降 0.00 no_positive_direction 连败 1
轮 4770 模式 batch 损失 2662.0 步长 0.0000 预测降 0.00 no_positive_direction 连败 2
轮 4771 模式 batch 损失 2662.0 步长 0.0000 预测降 0.00 no_positive_direction 连败 3
轮 4772 模式 batch 损失 2662.0 步长 0.0000 预测降 0.00 no_positive_direction 连败 4
轮 4773 模式 batch 损失 2662.0 步长 0.0000 预测降 0.00 no_positive_direction 连败 5
轮 4774 模式 rescue 损失 2662.0 步长 1.0013 预测降 40.82 ok 连败 6
轮 4775 模式 batch 损失 2630.0 步长 0.0000 预测降 0.00 no_positive_direction 连败 0
轮 4776 模式 batch 损失 2630.0 步长 0.0000 预测降 0.00 no_positive_direction 连败 1
轮 4777 模式 batch 损失 2630.0 步长 0.0000 预测降 0.00 no_positive_direction 连败 2
轮 4778 模式 batch 损失 2630.0 步长 0.0000 预测降 0.00 no_positive_direction 连败 3
轮 4779 模式 batch 损失 2630.0 步长 0.0000 预测降 0.00 no_positive_direction 连败 4
轮 4780 模式 batch 损失 2630.0 步长 0.0000 预测降 0.00 no_positive_direction 连败 5
轮 4781 模式 rescue 损失 2630.0 步长 1.0000 预测降 40.00 ok 连败 6
轮 4782 模式 batch 损失 2596.0 步长 0.0000 预测降 0.00 no_positive_direction 连败 0
轮 4783 模式 batch 损失 2596.0 步长 0.0000 预测降 0.00 no_positive_direction 连败 1
轮 4784 模式 batch 损失 2596.0 步长 0.0000 预测降 0.00 no_positive_direction 连败 2
轮 4785 模式 batch 损失 2596.0 步长 0.0000 预测降 0.00 no_positive_direction 连败 3
轮 4786 模式 batch 损失 2596.0 步长 0.0000 预测降 0.00 no_positive_direction 连败 4
轮 4787 模式 batch 损失 2596.0 步长 0.0000 预测降 0.00 no_positive_direction 连败 5
轮 4788 模式 rescue 损失 2596.0 步长 1.0051 预测降 26.62 ok 连败 6
轮 4789 模式 batch 损失 2572.0 步长 0.0000 预测降 0.00 no_positive_direction 连败 0
轮 4790 模式 batch 损失 2572.0 步长 0.0000 预测降 0.00 no_positive_direction 连败 1
轮 4791 模式 batch 损失 2572.0 步长 0.0000 预测降 0.00 no_positive_direction 连败 2
轮 4792 模式 batch 损失 2572.0 步长 0.0000 预测降 0.00 no_positive_direction 连败 3
轮 4793 模式 batch 损失 2572.0 步长 0.0000 预测降 0.00 no_positive_direction 连败 4
轮 4794 模式 batch 损失 2572.0 步长 0.0000 预测降 0.00 no_positive_direction 连败 5
轮 4795 模式 rescue 损失 2572.0 步长 1.0001 预测降 42.78 ok 连败 6
轮 4796 模式 batch 损失 2542.0 步长 0.0000 预测降 0.00 no_positive_direction 连败 0
轮 4797 模式 batch 损失 2542.0 步长 0.0000 预测降 0.00 no_positive_direction 连败 1
轮 4798 模式 batch 损失 2542.0 步长 0.0000 预测降 0.00 no_positive_direction 连败 2
轮 4799 模式 batch 损失 2542.0 步长 0.0000 预测降 0.00 no_positive_direction 连败 3
轮 4800 模式 batch 损失 2542.0 步长 0.0000 预测降 0.00 no_positive_direction 连败 4
轮 4801 模式 batch 损失 2542.0 步长 0.0000 预测降 0.00 no_positive_direction 连败 5
轮 4802 模式 rescue 损失 2542.0 步长 1.0001 预测降 44.57 ok 连败 6
轮 4803 模式 batch 损失 2492.0 步长 0.0000 预测降 0.00 no_positive_direction 连败 0
轮 4804 模式 batch 损失 2492.0 步长 0.0000 预测降 0.00 no_positive_direction 连败 1
轮 4805 模式 batch 损失 2492.0 步长 0.0000 预测降 0.00 no_positive_direction 连败 2
轮 4806 模式 batch 损失 2492.0 步长 0.0000 预测降 0.00 no_positive_direction 连败 3
轮 4807 模式 batch 损失 2492.0 步长 0.0000 预测降 0.00 no_positive_direction 连败 4
轮 4808 模式 batch 损失 2492.0 步长 0.0000 预测降 0.00 no_positive_direction 连败 5
轮 4809 模式 rescue 损失 2492.0 步长 1.0361 预测降 30.04 ok 连败 6
轮 4810 模式 batch 损失 2466.0 步长 0.0000 预测降 0.00 no_positive_direction 连败 0
轮 4811 模式 batch 损失 2466.0 步长 0.0000 预测降 0.00 no_positive_direction 连败 1
轮 4812 模式 batch 损失 2466.0 步长 0.0000 预测降 0.00 no_positive_direction 连败 2
轮 4813 模式 batch 损失 2466.0 步长 0.0000 预测降 0.00 no_positive_direction 连败 3
轮 4814 模式 batch 损失 2466.0 步长 0.0000 预测降 0.00 no_positive_direction 连败 4
轮 4815 模式 batch 损失 2466.0 步长 0.0000 预测降 0.00 no_positive_direction 连败 5
轮 4816 模式 rescue 损失 2466.0 步长 1.0001 预测降 36.03 ok 连败 6
轮 4817 模式 batch 损失 2432.0 步长 0.0000 预测降 0.00 no_positive_direction 连败 0
轮 4818 模式 batch 损失 2432.0 步长 0.0000 预测降 0.00 no_positive_direction 连败 1
轮 4819 模式 batch 损失 2432.0 步长 0.0000 预测降 0.00 no_positive_direction 连败 2
轮 4820 模式 batch 损失 2432.0 步长 0.0000 预测降 0.00 no_positive_direction 连败 3
轮 4821 模式 batch 损失 2432.0 步长 0.0000 预测降 0.00 no_positive_direction 连败 4
轮 4822 模式 batch 损失 2432.0 步长 0.0000 预测降 0.00 no_positive_direction 连败 5
轮 4823 模式 rescue 损失 2432.0 步长 1.0000 预测降 31.28 ok 连败 6
轮 4824 模式 batch 损失 2402.0 步长 0.0000 预测降 0.00 no_positive_direction 连败 0
轮 4825 模式 batch 损失 2402.0 步长 0.0000 预测降 0.00 no_positive_direction 连败 1
轮 4826 模式 batch 损失 2402.0 步长 0.0000 预测降 0.00 no_positive_direction 连败 2
轮 4827 模式 batch 损失 2402.0 步长 0.0000 预测降 0.00 no_positive_direction 连败 3
轮 4828 模式 batch 损失 2402.0 步长 0.0000 预测降 0.00 no_positive_direction 连败 4
轮 4829 模式 batch 损失 2402.0 步长 0.0000 预测降 0.00 no_positive_direction 连败 5
轮 4830 模式 rescue 损失 2402.0 步长 1.0014 预测降 10.51 ok 连败 6
轮 4831 模式 batch 损失 2382.0 步长 0.0000 预测降 0.00 no_positive_direction 连败 0
轮 4832 模式 batch 损失 2382.0 步长 0.0000 预测降 0.00 no_positive_direction 连败 1
轮 4833 模式 batch 损失 2382.0 步长 0.0000 预测降 0.00 no_positive_direction 连败 2
轮 4834 模式 batch 损失 2382.0 步长 0.0000 预测降 0.00 no_positive_direction 连败 3
轮 4835 模式 batch 损失 2382.0 步长 0.0000 预测降 0.00 no_positive_direction 连败 4
轮 4836 模式 batch 损失 2382.0 步长 0.0000 预测降 0.00 no_positive_direction 连败 5
轮 4837 模式 rescue 损失 2382.0 步长 1.0016 预测降 20.42 ok 连败 6
轮 4838 模式 batch 损失 2360.0 步长 0.0000 预测降 0.00 no_positive_direction 连败 0
轮 4839 模式 batch 损失 2360.0 步长 0.0000 预测降 0.00 no_positive_direction 连败 1
轮 4840 模式 batch 损失 2360.0 步长 0.0000 预测降 0.00 no_positive_direction 连败 2
轮 4841 模式 batch 损失 2360.0 步长 0.0000 预测降 0.00 no_positive_direction 连败 3
轮 4842 模式 batch 损失 2360.0 步长 0.0000 预测降 0.00 no_positive_direction 连败 4
轮 4843 模式 batch 损失 2360.0 步长 0.0000 预测降 0.00 no_positive_direction 连败 5
轮 4844 模式 rescue 损失 2360.0 步长 1.0000 预测降 31.84 ok 连败 6
轮 4845 模式 batch 损失 2334.0 步长 0.0000 预测降 0.00 no_positive_direction 连败 0
轮 4846 模式 batch 损失 2334.0 步长 0.0000 预测降 0.00 no_positive_direction 连败 1
轮 4847 模式 batch 损失 2334.0 步长 0.0000 预测降 0.00 no_positive_direction 连败 2
轮 4848 模式 batch 损失 2334.0 步长 0.0000 预测降 0.00 no_positive_direction 连败 3
轮 4849 模式 batch 损失 2334.0 步长 0.0000 预测降 0.00 no_positive_direction 连败 4
轮 4850 模式 batch 损失 2334.0 步长 0.0000 预测降 0.00 no_positive_direction 连败 5
轮 4851 模式 rescue 损失 2334.0 步长 1.0000 预测降 34.98 ok 连败 6
轮 4852 模式 batch 损失 2292.0 步长 0.0000 预测降 0.00 no_positive_direction 连败 0
轮 4853 模式 batch 损失 2292.0 步长 0.0000 预测降 0.00 no_positive_direction 连败 1
轮 4854 模式 batch 损失 2292.0 步长 0.0000 预测降 0.00 no_positive_direction 连败 2
轮 4855 模式 batch 损失 2292.0 步长 0.0000 预测降 0.00 no_positive_direction 连败 3
轮 4856 模式 batch 损失 2292.0 步长 0.0000 预测降 0.00 no_positive_direction 连败 4
轮 4857 模式 batch 损失 2292.0 步长 0.0000 预测降 0.00 no_positive_direction 连败 5
轮 4858 模式 rescue 损失 2292.0 步长 1.0000 预测降 27.27 ok 连败 6
轮 4859 模式 batch 损失 2262.0 步长 0.0000 预测降 0.00 no_positive_direction 连败 0
轮 4860 模式 batch 损失 2262.0 步长 0.0000 预测降 0.00 no_positive_direction 连败 1
轮 4861 模式 batch 损失 2262.0 步长 0.0000 预测降 0.00 no_positive_direction 连败 2
轮 4862 模式 batch 损失 2262.0 步长 0.0000 预测降 0.00 no_positive_direction 连败 3
轮 4863 模式 batch 损失 2262.0 步长 0.0000 预测降 0.00 no_positive_direction 连败 4
轮 4864 模式 batch 损失 2262.0 步长 0.0000 预测降 0.00 no_positive_direction 连败 5
轮 4865 模式 rescue 损失 2262.0 步长 1.0085 预测降 22.38 ok 连败 6
轮 4866 模式 batch 损失 2246.0 步长 0.0000 预测降 0.00 no_positive_direction 连败 0
轮 4867 模式 batch 损失 2246.0 步长 0.0000 预测降 0.00 no_positive_direction 连败 1
轮 4868 模式 batch 损失 2246.0 步长 0.0000 预测降 0.00 no_positive_direction 连败 2
轮 4869 模式 batch 损失 2246.0 步长 0.0000 预测降 0.00 no_positive_direction 连败 3
轮 4870 模式 batch 损失 2246.0 步长 0.0000 预测降 0.00 no_positive_direction 连败 4
轮 4871 模式 batch 损失 2246.0 步长 0.0000 预测降 0.00 no_positive_direction 连败 5
轮 4872 模式 rescue 损失 2246.0 步长 1.0008 预测降 18.79 ok 连败 6
轮 4873 模式 batch 损失 2228.0 步长 0.0000 预测降 0.00 no_positive_direction 连败 0
轮 4874 模式 batch 损失 2228.0 步长 0.0000 预测降 0.00 no_positive_direction 连败 1
轮 4875 模式 batch 损失 2228.0 步长 0.0000 预测降 0.00 no_positive_direction 连败 2
轮 4876 模式 batch 损失 2228.0 步长 0.0000 预测降 0.00 no_positive_direction 连败 3
轮 4877 模式 batch 损失 2228.0 步长 0.0000 预测降 0.00 no_positive_direction 连败 4
轮 4878 模式 batch 损失 2228.0 步长 0.0000 预测降 0.00 no_positive_direction 连败 5
轮 4879 模式 rescue 损失 2228.0 步长 1.0020 预测降 16.35 ok 连败 6
轮 4880 模式 batch 损失 2204.0 步长 0.0000 预测降 0.00 no_positive_direction 连败 0
轮 4881 模式 batch 损失 2204.0 步长 0.0000 预测降 0.00 no_positive_direction 连败 1
轮 4882 模式 batch 损失 2204.0 步长 0.0000 预测降 0.00 no_positive_direction 连败 2
轮 4883 模式 batch 损失 2204.0 步长 0.0000 预测降 0.00 no_positive_direction 连败 3
轮 4884 模式 batch 损失 2204.0 步长 0.0000 预测降 0.00 no_positive_direction 连败 4
轮 4885 模式 batch 损失 2204.0 步长 0.0000 预测降 0.00 no_positive_direction 连败 5
轮 4886 模式 rescue 损失 2204.0 步长 1.0105 预测降 16.65 ok 连败 6
轮 4887 模式 batch 损失 2180.0 步长 0.0000 预测降 0.00 no_positive_direction 连败 0
轮 4888 模式 batch 损失 2180.0 步长 0.0000 预测降 0.00 no_positive_direction 连败 1
轮 4889 模式 batch 损失 2180.0 步长 0.0000 预测降 0.00 no_positive_direction 连败 2
轮 4890 模式 batch 损失 2180.0 步长 0.0000 预测降 0.00 no_positive_direction 连败 3
轮 4891 模式 batch 损失 2180.0 步长 0.0000 预测降 0.00 no_positive_direction 连败 4
轮 4892 模式 batch 损失 2180.0 步长 0.0000 预测降 0.00 no_positive_direction 连败 5
轮 4893 模式 rescue 损失 2180.0 步长 1.0062 预测降 13.38 ok 连败 6
轮 4894 模式 batch 损失 2164.0 步长 0.0000 预测降 0.00 no_positive_direction 连败 0
轮 4895 模式 batch 损失 2164.0 步长 0.0000 预测降 0.00 no_positive_direction 连败 1
轮 4896 模式 batch 损失 2164.0 步长 0.0000 预测降 0.00 no_positive_direction 连败 2
轮 4897 模式 batch 损失 2164.0 步长 0.0000 预测降 0.00 no_positive_direction 连败 3
轮 4898 模式 batch 损失 2164.0 步长 0.0000 预测降 0.00 no_positive_direction 连败 4
轮 4899 模式 batch 损失 2164.0 步长 0.0000 预测降 0.00 no_positive_direction 连败 5
轮 4900 模式 rescue 损失 2164.0 步长 1.0015 预测降 23.03 ok 连败 6
轮 4901 模式 batch 损失 2138.0 步长 0.0000 预测降 0.00 no_positive_direction 连败 0
轮 4902 模式 batch 损失 2138.0 步长 0.0000 预测降 0.00 no_positive_direction 连败 1
轮 4903 模式 batch 损失 2138.0 步长 0.0000 预测降 0.00 no_positive_direction 连败 2
轮 4904 模式 batch 损失 2138.0 步长 0.0000 预测降 0.00 no_positive_direction 连败 3
轮 4905 模式 batch 损失 2138.0 步长 0.0000 预测降 0.00 no_positive_direction 连败 4
轮 4906 模式 batch 损失 2138.0 步长 0.0000 预测降 0.00 no_positive_direction 连败 5
轮 4907 模式 rescue 损失 2138.0 步长 1.0902 预测降 9.71 ok 连败 6
轮 4908 模式 batch 损失 2128.0 步长 0.0000 预测降 0.00 no_positive_direction 连败 0
轮 4909 模式 batch 损失 2128.0 步长 0.0000 预测降 0.00 no_positive_direction 连败 1
轮 4910 模式 batch 损失 2128.0 步长 0.0000 预测降 0.00 no_positive_direction 连败 2
轮 4911 模式 batch 损失 2128.0 步长 0.0000 预测降 0.00 no_positive_direction 连败 3
轮 4912 模式 batch 损失 2128.0 步长 0.0000 预测降 0.00 no_positive_direction 连败 4
轮 4913 模式 batch 损失 2128.0 步长 0.0000 预测降 0.00 no_positive_direction 连败 5
轮 4914 模式 rescue 损失 2128.0 步长 1.0185 预测降 13.24 ok 连败 6
轮 4915 模式 batch 损失 2112.0 步长 0.0000 预测降 0.00 no_positive_direction 连败 0
轮 4916 模式 batch 损失 2112.0 步长 0.0000 预测降 0.00 no_positive_direction 连败 1
轮 4917 模式 batch 损失 2112.0 步长 0.0000 预测降 0.00 no_positive_direction 连败 2
轮 4918 模式 batch 损失 2112.0 步长 0.0000 预测降 0.00 no_positive_direction 连败 3
轮 4919 模式 batch 损失 2112.0 步长 0.0000 预测降 0.00 no_positive_direction 连败 4
轮 4920 模式 batch 损失 2112.0 步长 0.0000 预测降 0.00 no_positive_direction 连败 5
轮 4921 模式 rescue 损失 2112.0 步长 1.0053 预测降 21.01 ok 连败 6
轮 4922 模式 batch 损失 2098.0 步长 0.0000 预测降 0.00 no_positive_direction 连败 0
轮 4923 模式 batch 损失 2098.0 步长 0.0000 预测降 0.00 no_positive_direction 连败 1
轮 4924 模式 batch 损失 2098.0 步长 0.0000 预测降 0.00 no_positive_direction 连败 2
轮 4925 模式 batch 损失 2098.0 步长 0.0000 预测降 0.00 no_positive_direction 连败 3
轮 4926 模式 batch 损失 2098.0 步长 0.0000 预测降 0.00 no_positive_direction 连败 4
轮 4927 模式 batch 损失 2098.0 步长 0.0000 预测降 0.00 no_positive_direction 连败 5
轮 4928 模式 rescue 损失 2098.0 步长 1.0003 预测降 15.59 ok 连败 6
轮 4929 模式 batch 损失 2080.0 步长 0.0000 预测降 0.00 no_positive_direction 连败 0
轮 4930 模式 batch 损失 2080.0 步长 0.0000 预测降 0.00 no_positive_direction 连败 1
轮 4931 模式 batch 损失 2080.0 步长 0.0000 预测降 0.00 no_positive_direction 连败 2
轮 4932 模式 batch 损失 2080.0 步长 0.0000 预测降 0.00 no_positive_direction 连败 3
轮 4933 模式 batch 损失 2080.0 步长 0.0000 预测降 0.00 no_positive_direction 连败 4
轮 4934 模式 batch 损失 2080.0 步长 0.0000 预测降 0.00 no_positive_direction 连败 5
轮 4935 模式 rescue 损失 2080.0 步长 1.2502 预测降 13.75 ok 连败 6
轮 4936 模式 batch 损失 2068.0 步长 0.0000 预测降 0.00 no_positive_direction 连败 0
轮 4937 模式 batch 损失 2068.0 步长 0.0000 预测降 0.00 no_positive_direction 连败 1
轮 4938 模式 batch 损失 2068.0 步长 0.0000 预测降 0.00 no_positive_direction 连败 2
轮 4939 模式 batch 损失 2068.0 步长 0.0000 预测降 0.00 no_positive_direction 连败 3
轮 4940 模式 batch 损失 2068.0 步长 0.0000 预测降 0.00 no_positive_direction 连败 4
轮 4941 模式 batch 损失 2068.0 步长 0.0000 预测降 0.00 no_positive_direction 连败 5
轮 4942 模式 rescue 损失 2068.0 步长 1.0805 预测降 9.64 ok 连败 6
轮 4943 模式 batch 损失 2060.0 步长 0.0000 预测降 0.00 no_positive_direction 连败 0
轮 4944 模式 batch 损失 2060.0 步长 0.0000 预测降 0.00 no_positive_direction 连败 1
轮 4945 模式 batch 损失 2060.0 步长 0.0000 预测降 0.00 no_positive_direction 连败 2
轮 4946 模式 batch 损失 2060.0 步长 0.0000 预测降 0.00 no_positive_direction 连败 3
轮 4947 模式 batch 损失 2060.0 步长 0.0000 预测降 0.00 no_positive_direction 连败 4
轮 4948 模式 batch 损失 2060.0 步长 0.0000 预测降 0.00 no_positive_direction 连败 5
轮 4949 模式 rescue 损失 2060.0 步长 1.0952 预测降 17.52 ok 连败 6
轮 4950 模式 batch 损失 2040.0 步长 0.0000 预测降 0.00 no_positive_direction 连败 0
轮 4951 模式 batch 损失 2040.0 步长 0.0000 预测降 0.00 no_positive_direction 连败 1
轮 4952 模式 batch 损失 2040.0 步长 0.0000 预测降 0.00 no_positive_direction 连败 2
轮 4953 模式 batch 损失 2040.0 步长 0.0000 预测降 0.00 no_positive_direction 连败 3
轮 4954 模式 batch 损失 2040.0 步长 0.0000 预测降 0.00 no_positive_direction 连败 4
轮 4955 模式 batch 损失 2040.0 步长 0.0000 预测降 0.00 no_positive_direction 连败 5
轮 4956 模式 rescue 损失 2040.0 步长 1.0750 预测降 32.25 ok 连败 6
轮 4957 模式 batch 损失 2008.0 步长 0.0000 预测降 0.00 no_positive_direction 连败 0
轮 4958 模式 batch 损失 2008.0 步长 0.0000 预测降 0.00 no_positive_direction 连败 1
轮 4959 模式 batch 损失 2008.0 步长 0.0000 预测降 0.00 no_positive_direction 连败 2
轮 4960 模式 batch 损失 2008.0 步长 0.0000 预测降 0.00 no_positive_direction 连败 3
轮 4961 模式 batch 损失 2008.0 步长 0.0000 预测降 0.00 no_positive_direction 连败 4
轮 4962 模式 batch 损失 2008.0 步长 0.0000 预测降 0.00 no_positive_direction 连败 5
轮 4963 模式 rescue 损失 2008.0 步长 1.0006 预测降 11.77 ok 连败 6
轮 4964 模式 batch 损失 1996.0 步长 0.0000 预测降 0.00 no_positive_direction 连败 0
轮 4965 模式 batch 损失 1996.0 步长 0.0000 预测降 0.00 no_positive_direction 连败 1
轮 4966 模式 batch 损失 1996.0 步长 0.0000 预测降 0.00 no_positive_direction 连败 2
轮 4967 模式 batch 损失 1996.0 步长 0.0000 预测降 0.00 no_positive_direction 连败 3
轮 4968 模式 batch 损失 1996.0 步长 0.0000 预测降 0.00 no_positive_direction 连败 4
轮 4969 模式 batch 损失 1996.0 步长 0.0000 预测降 0.00 no_positive_direction 连败 5
轮 4970 模式 rescue 损失 1996.0 步长 1.1588 预测降 8.11 ok 连败 6
轮 4971 模式 batch 损失 1988.0 步长 0.0000 预测降 0.00 no_positive_direction 连败 0
轮 4972 模式 batch 损失 1988.0 步长 0.0000 预测降 0.00 no_positive_direction 连败 1
轮 4973 模式 batch 损失 1988.0 步长 0.0000 预测降 0.00 no_positive_direction 连败 2
轮 4974 模式 batch 损失 1988.0 步长 0.0000 预测降 0.00 no_positive_direction 连败 3
轮 4975 模式 batch 损失 1988.0 步长 0.0000 预测降 0.00 no_positive_direction 连败 4
轮 4976 模式 batch 损失 1988.0 步长 0.0000 预测降 0.00 no_positive_direction 连败 5
轮 4977 模式 rescue 损失 1988.0 步长 1.0164 预测降 12.20 ok 连败 6
轮 4978 模式 batch 损失 1974.0 步长 0.0000 预测降 0.00 no_positive_direction 连败 0
轮 4979 模式 batch 损失 1974.0 步长 0.0000 预测降 0.00 no_positive_direction 连败 1
轮 4980 模式 batch 损失 1974.0 步长 0.0000 预测降 0.00 no_positive_direction 连败 2
轮 4981 模式 batch 损失 1974.0 步长 0.0000 预测降 0.00 no_positive_direction 连败 3
轮 4982 模式 batch 损失 1974.0 步长 0.0000 预测降 0.00 no_positive_direction 连败 4
轮 4983 模式 batch 损失 1974.0 步长 0.0000 预测降 0.00 no_positive_direction 连败 5
轮 4984 模式 rescue 损失 1974.0 步长 1.0536 预测降 16.86 ok 连败 6
轮 4985 模式 batch 损失 1958.0 步长 0.0000 预测降 0.00 no_positive_direction 连败 0
轮 4986 模式 batch 损失 1958.0 步长 0.0000 预测降 0.00 no_positive_direction 连败 1
轮 4987 模式 batch 损失 1958.0 步长 0.0000 预测降 0.00 no_positive_direction 连败 2
轮 4988 模式 batch 损失 1958.0 步长 0.0000 预测降 0.00 no_positive_direction 连败 3
轮 4989 模式 batch 损失 1958.0 步长 0.0000 预测降 0.00 no_positive_direction 连败 4
轮 4990 模式 batch 损失 1958.0 步长 0.0000 预测降 0.00 no_positive_direction 连败 5
轮 4991 模式 rescue 损失 1958.0 步长 1.0033 预测降 17.06 ok 连败 6
轮 4992 模式 batch 损失 1934.0 步长 0.0000 预测降 0.00 no_positive_direction 连败 0
轮 4993 模式 batch 损失 1934.0 步长 0.0000 预测降 0.00 no_positive_direction 连败 1
轮 4994 模式 batch 损失 1934.0 步长 0.0000 预测降 0.00 no_positive_direction 连败 2
轮 4995 模式 batch 损失 1934.0 步长 0.0000 预测降 0.00 no_positive_direction 连败 3
轮 4996 模式 batch 损失 1934.0 步长 0.0000 预测降 0.00 no_positive_direction 连败 4
轮 4997 模式 batch 损失 1934.0 步长 0.0000 预测降 0.00 no_positive_direction 连败 5
轮 4998 模式 rescue 损失 1934.0 步长 1.0167 预测降 7.12 ok 连败 6
轮 4999 模式 batch 损失 1928.0 步长 0.0000 预测降 0.00 no_positive_direction 连败 0
轮 5000 模式 batch 损失 1928.0 步长 0.0000 预测降 0.00 no_positive_direction 连败 1
轮 5001 模式 batch 损失 1928.0 步长 0.0000 预测降 0.00 no_positive_direction 连败 2
轮 5002 模式 batch 损失 1928.0 步长 0.0000 预测降 0.00 no_positive_direction 连败 3
轮 5003 模式 batch 损失 1928.0 步长 0.0000 预测降 0.00 no_positive_direction 连败 4
轮 5004 模式 batch 损失 1928.0 步长 0.0000 预测降 0.00 no_positive_direction 连败 5
轮 5005 模式 rescue 损失 1928.0 步长 0.8569 预测降 6.86 ok 连败 6
轮 5006 模式 batch 损失 1912.0 步长 0.0000 预测降 0.00 no_positive_direction 连败 0
轮 5007 模式 batch 损失 1912.0 步长 0.0000 预测降 0.00 no_positive_direction 连败 1
轮 5008 模式 batch 损失 1912.0 步长 0.0000 预测降 0.00 no_positive_direction 连败 2
轮 5009 模式 batch 损失 1912.0 步长 0.0000 预测降 0.00 no_positive_direction 连败 3
轮 5010 模式 batch 损失 1912.0 步长 0.0000 预测降 0.00 no_positive_direction 连败 4
轮 5011 模式 batch 损失 1912.0 步长 0.0000 预测降 0.00 no_positive_direction 连败 5
轮 5012 模式 rescue 损失 1912.0 步长 1.1426 预测降 22.81 ok 连败 6
轮 5013 模式 batch 损失 1888.0 步长 0.0000 预测降 0.00 no_positive_direction 连败 0
轮 5014 模式 batch 损失 1888.0 步长 0.0000 预测降 0.00 no_positive_direction 连败 1
轮 5015 模式 batch 损失 1888.0 步长 0.0000 预测降 0.00 no_positive_direction 连败 2
轮 5016 模式 batch 损失 1888.0 步长 0.0000 预测降 0.00 no_positive_direction 连败 3
轮 5017 模式 batch 损失 1888.0 步长 0.0000 预测降 0.00 no_positive_direction 连败 4
轮 5018 模式 batch 损失 1888.0 步长 0.0000 预测降 0.00 no_positive_direction 连败 5
轮 5019 模式 rescue 损失 1888.0 步长 1.0789 预测降 12.26 ok 连败 6
轮 5020 模式 batch 损失 1874.0 步长 0.0000 预测降 0.00 no_positive_direction 连败 0
轮 5021 模式 batch 损失 1874.0 步长 0.0000 预测降 0.00 no_positive_direction 连败 1
轮 5022 模式 batch 损失 1874.0 步长 0.0000 预测降 0.00 no_positive_direction 连败 2
轮 5023 模式 batch 损失 1874.0 步长 0.0000 预测降 0.00 no_positive_direction 连败 3
轮 5024 模式 batch 损失 1874.0 步长 0.0000 预测降 0.00 no_positive_direction 连败 4
轮 5025 模式 batch 损失 1874.0 步长 0.0000 预测降 0.00 no_positive_direction 连败 5
轮 5026 模式 rescue 损失 1874.0 步长 1.2838 预测降 17.97 ok 连败 6
轮 5027 模式 batch 损失 1858.0 步长 0.0000 预测降 0.00 no_positive_direction 连败 0
轮 5028 模式 batch 损失 1858.0 步长 0.0000 预测降 0.00 no_positive_direction 连败 1
轮 5029 模式 batch 损失 1858.0 步长 0.0000 预测降 0.00 no_positive_direction 连败 2
轮 5030 模式 batch 损失 1858.0 步长 0.0000 预测降 0.00 no_positive_direction 连败 3
轮 5031 模式 batch 损失 1858.0 步长 0.0000 预测降 0.00 no_positive_direction 连败 4
轮 5032 模式 batch 损失 1858.0 步长 0.0000 预测降 0.00 no_positive_direction 连败 5
轮 5033 模式 rescue 损失 1858.0 步长 1.0006 预测降 10.05 ok 连败 6
轮 5034 模式 batch 损失 1848.0 步长 0.0000 预测降 0.00 no_positive_direction 连败 0
轮 5035 模式 batch 损失 1848.0 步长 0.0000 预测降 0.00 no_positive_direction 连败 1
轮 5036 模式 batch 损失 1848.0 步长 0.0000 预测降 0.00 no_positive_direction 连败 2
轮 5037 模式 batch 损失 1848.0 步长 0.0000 预测降 0.00 no_positive_direction 连败 3
轮 5038 模式 batch 损失 1848.0 步长 0.0000 预测降 0.00 no_positive_direction 连败 4
轮 5039 模式 batch 损失 1848.0 步长 0.0000 预测降 0.00 no_positive_direction 连败 5
轮 5040 模式 rescue 损失 1848.0 步长 1.0244 预测降 24.81 ok 连败 6
轮 5041 模式 batch 损失 1840.0 步长 0.0000 预测降 0.00 no_positive_direction 连败 0
轮 5042 模式 batch 损失 1840.0 步长 0.0000 预测降 0.00 no_positive_direction 连败 1
轮 5043 模式 batch 损失 1840.0 步长 0.0000 预测降 0.00 no_positive_direction 连败 2
轮 5044 模式 batch 损失 1840.0 步长 0.0000 预测降 0.00 no_positive_direction 连败 3
轮 5045 模式 batch 损失 1840.0 步长 0.0000 预测降 0.00 no_positive_direction 连败 4
轮 5046 模式 batch 损失 1840.0 步长 0.0000 预测降 0.00 no_positive_direction 连败 5
轮 5047 模式 rescue 损失 1840.0 步长 1.0164 预测降 6.10 ok 连败 6
轮 5048 模式 batch 损失 1834.0 步长 0.0000 预测降 0.00 no_positive_direction 连败 0
轮 5049 模式 batch 损失 1834.0 步长 0.0000 预测降 0.00 no_positive_direction 连败 1
轮 5050 模式 batch 损失 1834.0 步长 0.0000 预测降 0.00 no_positive_direction 连败 2
轮 5051 模式 batch 损失 1834.0 步长 0.0000 预测降 0.00 no_positive_direction 连败 3
轮 5052 模式 batch 损失 1834.0 步长 0.0000 预测降 0.00 no_positive_direction 连败 4
轮 5053 模式 batch 损失 1834.0 步长 0.0000 预测降 0.00 no_positive_direction 连败 5
轮 5054 模式 rescue 损失 1834.0 步长 1.0116 预测降 13.27 ok 连败 6
轮 5055 模式 batch 损失 1820.0 步长 0.0000 预测降 0.00 no_positive_direction 连败 0
轮 5056 模式 batch 损失 1820.0 步长 0.0000 预测降 0.00 no_positive_direction 连败 1
轮 5057 模式 batch 损失 1820.0 步长 0.0000 预测降 0.00 no_positive_direction 连败 2
轮 5058 模式 batch 损失 1820.0 步长 0.0000 预测降 0.00 no_positive_direction 连败 3
轮 5059 模式 batch 损失 1820.0 步长 0.0000 预测降 0.00 no_positive_direction 连败 4
轮 5060 模式 batch 损失 1820.0 步长 0.0000 预测降 0.00 no_positive_direction 连败 5
轮 5061 模式 rescue 损失 1820.0 步长 1.1442 预测降 12.59 ok 连败 6
轮 5062 模式 batch 损失 1812.0 步长 0.0000 预测降 0.00 no_positive_direction 连败 0
轮 5063 模式 batch 损失 1812.0 步长 0.0000 预测降 0.00 no_positive_direction 连败 1
轮 5064 模式 batch 损失 1812.0 步长 0.0000 预测降 0.00 no_positive_direction 连败 2
轮 5065 模式 batch 损失 1812.0 步长 0.0000 预测降 0.00 no_positive_direction 连败 3
轮 5066 模式 batch 损失 1812.0 步长 0.0000 预测降 0.00 no_positive_direction 连败 4
轮 5067 模式 batch 损失 1812.0 步长 0.0000 预测降 0.00 no_positive_direction 连败 5
轮 5068 模式 rescue 损失 1812.0 步长 1.0002 预测降 13.09 ok 连败 6
轮 5069 模式 batch 损失 1794.0 步长 0.0000 预测降 0.00 no_positive_direction 连败 0
轮 5070 模式 batch 损失 1794.0 步长 0.0000 预测降 0.00 no_positive_direction 连败 1
轮 5071 模式 batch 损失 1794.0 步长 0.0000 预测降 0.00 no_positive_direction 连败 2
轮 5072 模式 batch 损失 1794.0 步长 0.0000 预测降 0.00 no_positive_direction 连败 3
轮 5073 模式 batch 损失 1794.0 步长 0.0000 预测降 0.00 no_positive_direction 连败 4
轮 5074 模式 batch 损失 1794.0 步长 0.0000 预测降 0.00 no_positive_direction 连败 5
轮 5075 模式 rescue 损失 1794.0 步长 1.0332 预测降 6.20 ok 连败 6
轮 5076 模式 batch 损失 1788.0 步长 0.0000 预测降 0.00 no_positive_direction 连败 0
轮 5077 模式 batch 损失 1788.0 步长 0.0000 预测降 0.00 no_positive_direction 连败 1
轮 5078 模式 batch 损失 1788.0 步长 0.0000 预测降 0.00 no_positive_direction 连败 2
轮 5079 模式 batch 损失 1788.0 步长 0.0000 预测降 0.00 no_positive_direction 连败 3
轮 5080 模式 batch 损失 1788.0 步长 0.0000 预测降 0.00 no_positive_direction 连败 4
轮 5081 模式 batch 损失 1788.0 步长 0.0000 预测降 0.00 no_positive_direction 连败 5
轮 5082 模式 rescue 损失 1788.0 步长 1.5900 预测降 12.72 ok 连败 6
轮 5083 模式 batch 损失 1774.0 步长 0.0000 预测降 0.00 no_positive_direction 连败 0
轮 5084 模式 batch 损失 1774.0 步长 0.0000 预测降 0.00 no_positive_direction 连败 1
轮 5085 模式 batch 损失 1774.0 步长 0.0000 预测降 0.00 no_positive_direction 连败 2
轮 5086 模式 batch 损失 1774.0 步长 0.0000 预测降 0.00 no_positive_direction 连败 3
轮 5087 模式 batch 损失 1774.0 步长 0.0000 预测降 0.00 no_positive_direction 连败 4
轮 5088 模式 batch 损失 1774.0 步长 0.0000 预测降 0.00 no_positive_direction 连败 5
轮 5089 模式 rescue 损失 1774.0 步长 1.0113 预测降 17.14 ok 连败 6
轮 5090 模式 batch 损失 1758.0 步长 0.0000 预测降 0.00 no_positive_direction 连败 0
轮 5091 模式 batch 损失 1758.0 步长 0.0000 预测降 0.00 no_positive_direction 连败 1
轮 5092 模式 batch 损失 1758.0 步长 0.0000 预测降 0.00 no_positive_direction 连败 2
轮 5093 模式 batch 损失 1758.0 步长 0.0000 预测降 0.00 no_positive_direction 连败 3
轮 5094 模式 batch 损失 1758.0 步长 0.0000 预测降 0.00 no_positive_direction 连败 4
轮 5095 模式 batch 损失 1758.0 步长 0.0000 预测降 0.00 no_positive_direction 连败 5
轮 5096 模式 rescue 损失 1758.0 步长 1.9607 预测降 3.92 ok 连败 6
轮 5097 模式 batch 损失 1754.0 步长 0.0000 预测降 0.00 no_positive_direction 连败 0
轮 5098 模式 batch 损失 1754.0 步长 0.0000 预测降 0.00 no_positive_direction 连败 1
轮 5099 模式 batch 损失 1754.0 步长 0.0000 预测降 0.00 no_positive_direction 连败 2
轮 5100 模式 batch 损失 1754.0 步长 0.0000 预测降 0.00 no_positive_direction 连败 3
轮 5101 模式 batch 损失 1754.0 步长 0.0000 预测降 0.00 no_positive_direction 连败 4
轮 5102 模式 batch 损失 1754.0 步长 0.0000 预测降 0.00 no_positive_direction 连败 5
轮 5103 模式 rescue 损失 1754.0 步长 1.3969 预测降 4.19 ok 连败 6
轮 5104 模式 batch 损失 1750.0 步长 0.0000 预测降 0.00 no_positive_direction 连败 0
轮 5105 模式 batch 损失 1750.0 步长 0.0000 预测降 0.00 no_positive_direction 连败 1
轮 5106 模式 batch 损失 1750.0 步长 0.0000 预测降 0.00 no_positive_direction 连败 2
轮 5107 模式 batch 损失 1750.0 步长 0.0000 预测降 0.00 no_positive_direction 连败 3
轮 5108 模式 batch 损失 1750.0 步长 0.0000 预测降 0.00 no_positive_direction 连败 4
轮 5109 模式 batch 损失 1750.0 步长 0.0000 预测降 0.00 no_positive_direction 连败 5
轮 5110 模式 rescue 损失 1750.0 步长 1.4621 预测降 4.63 ok 连败 6
轮 5111 模式 batch 损失 1742.0 步长 0.0000 预测降 0.00 no_positive_direction 连败 0
轮 5112 模式 batch 损失 1742.0 步长 0.0000 预测降 0.00 no_positive_direction 连败 1
轮 5113 模式 batch 损失 1742.0 步长 0.0000 预测降 0.00 no_positive_direction 连败 2
轮 5114 模式 batch 损失 1742.0 步长 0.0000 预测降 0.00 no_positive_direction 连败 3
轮 5115 模式 batch 损失 1742.0 步长 0.0000 预测降 0.00 no_positive_direction 连败 4
轮 5116 模式 batch 损失 1742.0 步长 0.0000 预测降 0.00 no_positive_direction 连败 5
轮 5117 模式 rescue 损失 1742.0 步长 1.0022 预测降 14.03 ok 连败 6
轮 5118 模式 batch 损失 1726.0 步长 0.0000 预测降 0.00 no_positive_direction 连败 0
轮 5119 模式 batch 损失 1726.0 步长 0.0000 预测降 0.00 no_positive_direction 连败 1
轮 5120 模式 batch 损失 1726.0 步长 0.0000 预测降 0.00 no_positive_direction 连败 2
轮 5121 模式 batch 损失 1726.0 步长 0.0000 预测降 0.00 no_positive_direction 连败 3
轮 5122 模式 batch 损失 1726.0 步长 0.0000 预测降 0.00 no_positive_direction 连败 4
轮 5123 模式 batch 损失 1726.0 步长 0.0000 预测降 0.00 no_positive_direction 连败 5
轮 5124 模式 rescue 损失 1726.0 步长 1.1926 预测降 14.31 ok 连败 6
轮 5125 模式 batch 损失 1710.0 步长 0.0000 预测降 0.00 no_positive_direction 连败 0
轮 5126 模式 batch 损失 1710.0 步长 0.0000 预测降 0.00 no_positive_direction 连败 1
轮 5127 模式 batch 损失 1710.0 步长 0.0000 预测降 0.00 no_positive_direction 连败 2
轮 5128 模式 batch 损失 1710.0 步长 0.0000 预测降 0.00 no_positive_direction 连败 3
轮 5129 模式 batch 损失 1710.0 步长 0.0000 预测降 0.00 no_positive_direction 连败 4
轮 5130 模式 batch 损失 1710.0 步长 0.0000 预测降 0.00 no_positive_direction 连败 5
轮 5131 模式 rescue 损失 1710.0 步长 1.0221 预测降 8.18 ok 连败 6
轮 5132 模式 batch 损失 1704.0 步长 0.0000 预测降 0.00 no_positive_direction 连败 0
轮 5133 模式 batch 损失 1704.0 步长 0.0000 预测降 0.00 no_positive_direction 连败 1
轮 5134 模式 batch 损失 1704.0 步长 0.0000 预测降 0.00 no_positive_direction 连败 2
轮 5135 模式 batch 损失 1704.0 步长 0.0000 预测降 0.00 no_positive_direction 连败 3
轮 5136 模式 batch 损失 1704.0 步长 0.0000 预测降 0.00 no_positive_direction 连败 4
轮 5137 模式 batch 损失 1704.0 步长 0.0000 预测降 0.00 no_positive_direction 连败 5
轮 5138 模式 rescue 损失 1704.0 步长 1.4429 预测降 8.66 ok 连败 6
轮 5139 模式 batch 损失 1696.0 步长 0.0000 预测降 0.00 no_positive_direction 连败 0
轮 5140 模式 batch 损失 1696.0 步长 0.0000 预测降 0.00 no_positive_direction 连败 1
轮 5141 模式 batch 损失 1696.0 步长 0.0000 预测降 0.00 no_positive_direction 连败 2
轮 5142 模式 batch 损失 1696.0 步长 0.0000 预测降 0.00 no_positive_direction 连败 3
轮 5143 模式 batch 损失 1696.0 步长 0.0000 预测降 0.00 no_positive_direction 连败 4
轮 5144 模式 batch 损失 1696.0 步长 0.0000 预测降 0.00 no_positive_direction 连败 5
轮 5145 模式 rescue 损失 1696.0 步长 1.0156 预测降 7.27 ok 连败 6
轮 5146 模式 batch 损失 1690.0 步长 0.0000 预测降 0.00 no_positive_direction 连败 0
轮 5147 模式 batch 损失 1690.0 步长 0.0000 预测降 0.00 no_positive_direction 连败 1
轮 5148 模式 batch 损失 1690.0 步长 0.0000 预测降 0.00 no_positive_direction 连败 2
轮 5149 模式 batch 损失 1690.0 步长 0.0000 预测降 0.00 no_positive_direction 连败 3
轮 5150 模式 batch 损失 1690.0 步长 0.0000 预测降 0.00 no_positive_direction 连败 4
轮 5151 模式 batch 损失 1690.0 步长 0.0000 预测降 0.00 no_positive_direction 连败 5
轮 5152 模式 rescue 损失 1690.0 步长 1.0001 预测降 20.00 ok 连败 6
轮 5153 模式 batch 损失 1670.0 步长 0.0000 预测降 0.00 no_positive_direction 连败 0
轮 5154 模式 batch 损失 1670.0 步长 0.0000 预测降 0.00 no_positive_direction 连败 1
轮 5155 模式 batch 损失 1670.0 步长 0.0000 预测降 0.00 no_positive_direction 连败 2
轮 5156 模式 batch 损失 1670.0 步长 0.0000 预测降 0.00 no_positive_direction 连败 3
轮 5157 模式 batch 损失 1670.0 步长 0.0000 预测降 0.00 no_positive_direction 连败 4
轮 5158 模式 batch 损失 1670.0 步长 0.0000 预测降 0.00 no_positive_direction 连败 5
轮 5159 模式 rescue 损失 1670.0 步长 1.1038 预测降 7.73 ok 连败 6
轮 5160 模式 batch 损失 1662.0 步长 0.0000 预测降 0.00 no_positive_direction 连败 0
轮 5161 模式 batch 损失 1662.0 步长 0.0000 预测降 0.00 no_positive_direction 连败 1
轮 5162 模式 batch 损失 1662.0 步长 0.0000 预测降 0.00 no_positive_direction 连败 2
轮 5163 模式 batch 损失 1662.0 步长 0.0000 预测降 0.00 no_positive_direction 连败 3
轮 5164 模式 batch 损失 1662.0 步长 0.0000 预测降 0.00 no_positive_direction 连败 4
轮 5165 模式 batch 损失 1662.0 步长 0.0000 预测降 0.00 no_positive_direction 连败 5
轮 5166 模式 rescue 损失 1662.0 步长 1.9244 预测降 3.85 ok 连败 6
轮 5167 模式 batch 损失 1658.0 步长 0.0000 预测降 0.00 no_positive_direction 连败 0
轮 5168 模式 batch 损失 1658.0 步长 0.0000 预测降 0.00 no_positive_direction 连败 1
轮 5169 模式 batch 损失 1658.0 步长 0.0000 预测降 0.00 no_positive_direction 连败 2
轮 5170 模式 batch 损失 1658.0 步长 0.0000 预测降 0.00 no_positive_direction 连败 3
轮 5171 模式 batch 损失 1658.0 步长 0.0000 预测降 0.00 no_positive_direction 连败 4
轮 5172 模式 batch 损失 1658.0 步长 0.0000 预测降 0.00 no_positive_direction 连败 5
轮 5173 模式 rescue 损失 1658.0 步长 1.0005 预测降 9.83 ok 连败 6
轮 5174 模式 batch 损失 1650.0 步长 0.0000 预测降 0.00 no_positive_direction 连败 0
轮 5175 模式 batch 损失 1650.0 步长 0.0000 预测降 0.00 no_positive_direction 连败 1
轮 5176 模式 batch 损失 1650.0 步长 0.0000 预测降 0.00 no_positive_direction 连败 2
轮 5177 模式 batch 损失 1650.0 步长 0.0000 预测降 0.00 no_positive_direction 连败 3
轮 5178 模式 batch 损失 1650.0 步长 0.0000 预测降 0.00 no_positive_direction 连败 4
轮 5179 模式 batch 损失 1650.0 步长 0.0000 预测降 0.00 no_positive_direction 连败 5
轮 5180 模式 rescue 损失 1650.0 步长 1.0587 预测降 5.29 ok 连败 6
轮 5181 模式 batch 损失 1646.0 步长 0.0000 预测降 0.00 no_positive_direction 连败 0
轮 5182 模式 batch 损失 1646.0 步长 0.0000 预测降 0.00 no_positive_direction 连败 1
轮 5183 模式 batch 损失 1646.0 步长 0.0000 预测降 0.00 no_positive_direction 连败 2
轮 5184 模式 batch 损失 1646.0 步长 0.0000 预测降 0.00 no_positive_direction 连败 3
轮 5185 模式 batch 损失 1646.0 步长 0.0000 预测降 0.00 no_positive_direction 连败 4
轮 5186 模式 batch 损失 1646.0 步长 0.0000 预测降 0.00 no_positive_direction 连败 5
轮 5187 模式 rescue 损失 1646.0 步长 1.0060 预测降 7.04 ok 连败 6
轮 5188 模式 batch 损失 1640.0 步长 0.0000 预测降 0.00 no_positive_direction 连败 0
轮 5189 模式 batch 损失 1640.0 步长 0.0000 预测降 0.00 no_positive_direction 连败 1
轮 5190 模式 batch 损失 1640.0 步长 0.0000 预测降 0.00 no_positive_direction 连败 2
轮 5191 模式 batch 损失 1640.0 步长 0.0000 预测降 0.00 no_positive_direction 连败 3
轮 5192 模式 batch 损失 1640.0 步长 0.0000 预测降 0.00 no_positive_direction 连败 4
轮 5193 模式 batch 损失 1640.0 步长 0.0000 预测降 0.00 no_positive_direction 连败 5
轮 5194 模式 rescue 损失 1640.0 步长 1.0179 预测降 11.20 ok 连败 6
轮 5195 模式 batch 损失 1632.0 步长 0.0000 预测降 0.00 no_positive_direction 连败 0
轮 5196 模式 batch 损失 1632.0 步长 0.0000 预测降 0.00 no_positive_direction 连败 1
轮 5197 模式 batch 损失 1632.0 步长 0.0000 预测降 0.00 no_positive_direction 连败 2
轮 5198 模式 batch 损失 1632.0 步长 0.0000 预测降 0.00 no_positive_direction 连败 3
轮 5199 模式 batch 损失 1632.0 步长 0.0000 预测降 0.00 no_positive_direction 连败 4
轮 5200 模式 batch 损失 1632.0 步长 0.0000 预测降 0.00 no_positive_direction 连败 5
轮 5201 模式 rescue 损失 1632.0 步长 1.0378 预测降 1.04 ok 连败 6
轮 5202 模式 batch 损失 1630.0 步长 0.0000 预测降 0.00 no_positive_direction 连败 0
轮 5203 模式 batch 损失 1630.0 步长 0.0000 预测降 0.00 no_positive_direction 连败 1
轮 5204 模式 batch 损失 1630.0 步长 0.0000 预测降 0.00 no_positive_direction 连败 2
轮 5205 模式 batch 损失 1630.0 步长 0.0000 预测降 0.00 no_positive_direction 连败 3
轮 5206 模式 batch 损失 1630.0 步长 0.0000 预测降 0.00 no_positive_direction 连败 4
轮 5207 模式 batch 损失 1630.0 步长 0.0000 预测降 0.00 no_positive_direction 连败 5
轮 5208 模式 rescue 损失 1630.0 步长 1.3909 预测降 8.35 ok 连败 6
轮 5209 模式 batch 损失 1622.0 步长 0.0000 预测降 0.00 no_positive_direction 连败 0
轮 5210 模式 batch 损失 1622.0 步长 0.0000 预测降 0.00 no_positive_direction 连败 1
轮 5211 模式 batch 损失 1622.0 步长 0.0000 预测降 0.00 no_positive_direction 连败 2
轮 5212 模式 batch 损失 1622.0 步长 0.0000 预测降 0.00 no_positive_direction 连败 3
轮 5213 模式 batch 损失 1622.0 步长 0.0000 预测降 0.00 no_positive_direction 连败 4
轮 5214 模式 batch 损失 1622.0 步长 0.0000 预测降 0.00 no_positive_direction 连败 5
轮 5215 模式 rescue 损失 1622.0 步长 1.8255 预测降 9.13 ok 连败 6
轮 5216 模式 batch 损失 1612.0 步长 0.0000 预测降 0.00 no_positive_direction 连败 0
轮 5217 模式 batch 损失 1612.0 步长 0.0000 预测降 0.00 no_positive_direction 连败 1
轮 5218 模式 batch 损失 1612.0 步长 0.0000 预测降 0.00 no_positive_direction 连败 2
轮 5219 模式 batch 损失 1612.0 步长 0.0000 预测降 0.00 no_positive_direction 连败 3
轮 5220 模式 batch 损失 1612.0 步长 0.0000 预测降 0.00 no_positive_direction 连败 4
轮 5221 模式 batch 损失 1612.0 步长 0.0000 预测降 0.00 no_positive_direction 连败 5
轮 5222 模式 rescue 损失 1612.0 步长 1.4588 预测降 7.29 ok 连败 6
轮 5223 模式 batch 损失 1606.0 步长 0.0000 预测降 0.00 no_positive_direction 连败 0
轮 5224 模式 batch 损失 1606.0 步长 0.0000 预测降 0.00 no_positive_direction 连败 1
轮 5225 模式 batch 损失 1606.0 步长 0.0000 预测降 0.00 no_positive_direction 连败 2
轮 5226 模式 batch 损失 1606.0 步长 0.0000 预测降 0.00 no_positive_direction 连败 3
轮 5227 模式 batch 损失 1606.0 步长 0.0000 预测降 0.00 no_positive_direction 连败 4
轮 5228 模式 batch 损失 1606.0 步长 0.0000 预测降 0.00 no_positive_direction 连败 5
轮 5229 模式 rescue 损失 1606.0 步长 1.0246 预测降 6.15 ok 连败 6
轮 5230 模式 batch 损失 1598.0 步长 0.0000 预测降 0.00 no_positive_direction 连败 0
轮 5231 模式 batch 损失 1598.0 步长 0.0000 预测降 0.00 no_positive_direction 连败 1
轮 5232 模式 batch 损失 1598.0 步长 0.0000 预测降 0.00 no_positive_direction 连败 2
轮 5233 模式 batch 损失 1598.0 步长 0.0000 预测降 0.00 no_positive_direction 连败 3
轮 5234 模式 batch 损失 1598.0 步长 0.0000 预测降 0.00 no_positive_direction 连败 4
轮 5235 模式 batch 损失 1598.0 步长 0.0000 预测降 0.00 no_positive_direction 连败 5
轮 5236 模式 rescue 损失 1598.0 步长 1.9961 预测降 3.99 ok 连败 6
轮 5237 模式 batch 损失 1594.0 步长 0.0000 预测降 0.00 no_positive_direction 连败 0
轮 5238 模式 batch 损失 1594.0 步长 0.0000 预测降 0.00 no_positive_direction 连败 1
轮 5239 模式 batch 损失 1594.0 步长 0.0000 预测降 0.00 no_positive_direction 连败 2
轮 5240 模式 batch 损失 1594.0 步长 0.0000 预测降 0.00 no_positive_direction 连败 3
轮 5241 模式 batch 损失 1594.0 步长 0.0000 预测降 0.00 no_positive_direction 连败 4
轮 5242 模式 batch 损失 1594.0 步长 0.0000 预测降 0.00 no_positive_direction 连败 5
轮 5243 模式 rescue 损失 1594.0 步长 1.3914 预测降 4.17 ok 连败 6
轮 5244 模式 batch 损失 1590.0 步长 0.0000 预测降 0.00 no_positive_direction 连败 0
轮 5245 模式 batch 损失 1590.0 步长 0.0000 预测降 0.00 no_positive_direction 连败 1
轮 5246 模式 batch 损失 1590.0 步长 0.0000 预测降 0.00 no_positive_direction 连败 2
轮 5247 模式 batch 损失 1590.0 步长 0.0000 预测降 0.00 no_positive_direction 连败 3
轮 5248 模式 batch 损失 1590.0 步长 0.0000 预测降 0.00 no_positive_direction 连败 4
轮 5249 模式 batch 损失 1590.0 步长 0.0000 预测降 0.00 no_positive_direction 连败 5
轮 5250 模式 rescue 损失 1590.0 步长 1.5877 预测降 9.53 ok 连败 6
轮 5251 模式 batch 损失 1580.0 步长 0.0000 预测降 0.00 no_positive_direction 连败 0
轮 5252 模式 batch 损失 1580.0 步长 0.0000 预测降 0.00 no_positive_direction 连败 1
轮 5253 模式 batch 损失 1580.0 步长 0.0000 预测降 0.00 no_positive_direction 连败 2
轮 5254 模式 batch 损失 1580.0 步长 0.0000 预测降 0.00 no_positive_direction 连败 3
轮 5255 模式 batch 损失 1580.0 步长 0.0000 预测降 0.00 no_positive_direction 连败 4
轮 5256 模式 batch 损失 1580.0 步长 0.0000 预测降 0.00 no_positive_direction 连败 5
轮 5257 模式 rescue 损失 1580.0 步长 0.0000 预测降 0.00 no_positive_direction 连败 6
轮 5258 模式 batch 损失 1580.0 步长 0.0000 预测降 0.00 no_positive_direction 连败 7
轮 5259 模式 batch 损失 1580.0 步长 0.0000 预测降 0.00 no_positive_direction 连败 8
轮 5260 模式 batch 损失 1580.0 步长 0.0000 预测降 0.00 no_positive_direction 连败 9
轮 5261 模式 rescue 损失 1580.0 步长 1.4451 预测降 4.34 ok 连败 10
轮 5262 模式 batch 损失 1576.0 步长 0.0000 预测降 0.00 no_positive_direction 连败 0
轮 5263 模式 batch 损失 1576.0 步长 0.0000 预测降 0.00 no_positive_direction 连败 1
轮 5264 模式 batch 损失 1576.0 步长 0.0000 预测降 0.00 no_positive_direction 连败 2
轮 5265 模式 batch 损失 1576.0 步长 0.0000 预测降 0.00 no_positive_direction 连败 3
轮 5266 模式 batch 损失 1576.0 步长 0.0000 预测降 0.00 no_positive_direction 连败 4
轮 5267 模式 batch 损失 1576.0 步长 0.0000 预测降 0.00 no_positive_direction 连败 5
轮 5268 模式 rescue 损失 1576.0 步长 1.0054 预测降 10.04 ok 连败 6
轮 5269 模式 batch 损失 1564.0 步长 0.0000 预测降 0.00 no_positive_direction 连败 0
轮 5270 模式 batch 损失 1564.0 步长 0.0000 预测降 0.00 no_positive_direction 连败 1
轮 5271 模式 batch 损失 1564.0 步长 0.0000 预测降 0.00 no_positive_direction 连败 2
轮 5272 模式 batch 损失 1564.0 步长 0.0000 预测降 0.00 no_positive_direction 连败 3
轮 5273 模式 batch 损失 1564.0 步长 0.0000 预测降 0.00 no_positive_direction 连败 4
轮 5274 模式 batch 损失 1564.0 步长 0.0000 预测降 0.00 no_positive_direction 连败 5
轮 5275 模式 rescue 损失 1564.0 步长 2.0000 预测降 2.00 ok 连败 6
轮 5276 模式 batch 损失 1562.0 步长 0.0000 预测降 0.00 no_positive_direction 连败 0
轮 5277 模式 batch 损失 1562.0 步长 0.0000 预测降 0.00 no_positive_direction 连败 1
轮 5278 模式 batch 损失 1562.0 步长 0.0000 预测降 0.00 no_positive_direction 连败 2
轮 5279 模式 batch 损失 1562.0 步长 0.0000 预测降 0.00 no_positive_direction 连败 3
轮 5280 模式 batch 损失 1562.0 步长 0.0000 预测降 0.00 no_positive_direction 连败 4
轮 5281 模式 batch 损失 1562.0 步长 0.0000 预测降 0.00 no_positive_direction 连败 5
轮 5282 模式 rescue 损失 1562.0 步长 1.9904 预测降 7.96 ok 连败 6
轮 5283 模式 batch 损失 1554.0 步长 0.0000 预测降 0.00 no_positive_direction 连败 0
轮 5284 模式 batch 损失 1554.0 步长 0.0000 预测降 0.00 no_positive_direction 连败 1
轮 5285 模式 batch 损失 1554.0 步长 0.0000 预测降 0.00 no_positive_direction 连败 2
轮 5286 模式 batch 损失 1554.0 步长 0.0000 预测降 0.00 no_positive_direction 连败 3
轮 5287 模式 batch 损失 1554.0 步长 0.0000 预测降 0.00 no_positive_direction 连败 4
轮 5288 模式 batch 损失 1554.0 步长 0.0000 预测降 0.00 no_positive_direction 连败 5
轮 5289 模式 rescue 损失 1554.0 步长 1.8004 预测降 5.40 ok 连败 6
轮 5290 模式 batch 损失 1550.0 步长 0.0000 预测降 0.00 no_positive_direction 连败 0
轮 5291 模式 batch 损失 1550.0 步长 0.0000 预测降 0.00 no_positive_direction 连败 1
轮 5292 模式 batch 损失 1550.0 步长 0.0000 预测降 0.00 no_positive_direction 连败 2
轮 5293 模式 batch 损失 1550.0 步长 0.0000 预测降 0.00 no_positive_direction 连败 3
轮 5294 模式 batch 损失 1550.0 步长 0.0000 预测降 0.00 no_positive_direction 连败 4
轮 5295 模式 batch 损失 1550.0 步长 0.0000 预测降 0.00 no_positive_direction 连败 5
轮 5296 模式 rescue 损失 1550.0 步长 2.0000 预测降 2.00 ok 连败 6
轮 5297 模式 batch 损失 1548.0 步长 0.0000 预测降 0.00 no_positive_direction 连败 0
轮 5298 模式 batch 损失 1548.0 步长 0.0000 预测降 0.00 no_positive_direction 连败 1
轮 5299 模式 batch 损失 1548.0 步长 0.0000 预测降 0.00 no_positive_direction 连败 2
轮 5300 模式 batch 损失 1548.0 步长 0.0000 预测降 0.00 no_positive_direction 连败 3
轮 5301 模式 batch 损失 1548.0 步长 0.0000 预测降 0.00 no_positive_direction 连败 4
轮 5302 模式 batch 损失 1548.0 步长 0.0000 预测降 0.00 no_positive_direction 连败 5
轮 5303 模式 rescue 损失 1548.0 步长 0.0000 预测降 0.00 no_positive_direction 连败 6
轮 5304 模式 batch 损失 1548.0 步长 0.0000 预测降 0.00 no_positive_direction 连败 7
轮 5305 模式 batch 损失 1548.0 步长 0.0000 预测降 0.00 no_positive_direction 连败 8
轮 5306 模式 batch 损失 1548.0 步长 0.0000 预测降 0.00 no_positive_direction 连败 9
轮 5307 模式 rescue 损失 1548.0 步长 1.0414 预测降 4.86 ok 连败 10
轮 5308 模式 batch 损失 1546.0 步长 0.0000 预测降 0.00 no_positive_direction 连败 0
轮 5309 模式 batch 损失 1546.0 步长 0.0000 预测降 0.00 no_positive_direction 连败 1
轮 5310 模式 batch 损失 1546.0 步长 0.0000 预测降 0.00 no_positive_direction 连败 2
轮 5311 模式 batch 损失 1546.0 步长 0.0000 预测降 0.00 no_positive_direction 连败 3
轮 5312 模式 batch 损失 1546.0 步长 0.0000 预测降 0.00 no_positive_direction 连败 4
轮 5313 模式 batch 损失 1546.0 步长 0.0000 预测降 0.00 no_positive_direction 连败 5
轮 5314 模式 rescue 损失 1546.0 步长 1.1250 预测降 10.12 ok 连败 6
轮 5315 模式 batch 损失 1536.0 步长 0.0000 预测降 0.00 no_positive_direction 连败 0
轮 5316 模式 batch 损失 1536.0 步长 0.0000 预测降 0.00 no_positive_direction 连败 1
轮 5317 模式 batch 损失 1536.0 步长 0.0000 预测降 0.00 no_positive_direction 连败 2
轮 5318 模式 batch 损失 1536.0 步长 0.0000 预测降 0.00 no_positive_direction 连败 3
轮 5319 模式 batch 损失 1536.0 步长 0.0000 预测降 0.00 no_positive_direction 连败 4
轮 5320 模式 batch 损失 1536.0 步长 0.0000 预测降 0.00 no_positive_direction 连败 5
轮 5321 模式 rescue 损失 1536.0 步长 0.0000 预测降 0.00 no_positive_direction 连败 6
轮 5322 模式 batch 损失 1536.0 步长 0.0000 预测降 0.00 no_positive_direction 连败 7
轮 5323 模式 batch 损失 1536.0 步长 0.0000 预测降 0.00 no_positive_direction 连败 8
轮 5324 模式 batch 损失 1536.0 步长 0.0000 预测降 0.00 no_positive_direction 连败 9
轮 5325 模式 rescue 损失 1536.0 步长 1.6364 预测降 6.55 ok 连败 10
轮 5326 模式 batch 损失 1528.0 步长 0.0000 预测降 0.00 no_positive_direction 连败 0
轮 5327 模式 batch 损失 1528.0 步长 0.0000 预测降 0.00 no_positive_direction 连败 1
轮 5328 模式 batch 损失 1528.0 步长 0.0000 预测降 0.00 no_positive_direction 连败 2
轮 5329 模式 batch 损失 1528.0 步长 0.0000 预测降 0.00 no_positive_direction 连败 3
轮 5330 模式 batch 损失 1528.0 步长 0.0000 预测降 0.00 no_positive_direction 连败 4
轮 5331 模式 batch 损失 1528.0 步长 0.0000 预测降 0.00 no_positive_direction 连败 5
轮 5332 模式 rescue 损失 1528.0 步长 1.9535 预测降 3.91 ok 连败 6
轮 5333 模式 batch 损失 1524.0 步长 0.0000 预测降 0.00 no_positive_direction 连败 0
轮 5334 模式 batch 损失 1524.0 步长 0.0000 预测降 0.00 no_positive_direction 连败 1
轮 5335 模式 batch 损失 1524.0 步长 0.0000 预测降 0.00 no_positive_direction 连败 2
轮 5336 模式 batch 损失 1524.0 步长 0.0000 预测降 0.00 no_positive_direction 连败 3
轮 5337 模式 batch 损失 1524.0 步长 0.0000 预测降 0.00 no_positive_direction 连败 4
轮 5338 模式 batch 损失 1524.0 步长 0.0000 预测降 0.00 no_positive_direction 连败 5
轮 5339 模式 rescue 损失 1524.0 步长 1.7718 预测降 3.54 ok 连败 6
轮 5340 模式 batch 损失 1522.0 步长 0.0000 预测降 0.00 no_positive_direction 连败 0
轮 5341 模式 batch 损失 1522.0 步长 0.0000 预测降 0.00 no_positive_direction 连败 1
轮 5342 模式 batch 损失 1522.0 步长 0.0000 预测降 0.00 no_positive_direction 连败 2
轮 5343 模式 batch 损失 1522.0 步长 0.0000 预测降 0.00 no_positive_direction 连败 3
轮 5344 模式 batch 损失 1522.0 步长 0.0000 预测降 0.00 no_positive_direction 连败 4
轮 5345 模式 batch 损失 1522.0 步长 0.0000 预测降 0.00 no_positive_direction 连败 5
轮 5346 模式 rescue 损失 1522.0 步长 1.1426 预测降 13.71 ok 连败 6
轮 5347 模式 batch 损失 1510.0 步长 0.0000 预测降 0.00 no_positive_direction 连败 0
轮 5348 模式 batch 损失 1510.0 步长 0.0000 预测降 0.00 no_positive_direction 连败 1
轮 5349 模式 batch 损失 1510.0 步长 0.0000 预测降 0.00 no_positive_direction 连败 2
轮 5350 模式 batch 损失 1510.0 步长 0.0000 预测降 0.00 no_positive_direction 连败 3
轮 5351 模式 batch 损失 1510.0 步长 0.0000 预测降 0.00 no_positive_direction 连败 4
轮 5352 模式 batch 损失 1510.0 步长 0.0000 预测降 0.00 no_positive_direction 连败 5
轮 5353 模式 rescue 损失 1510.0 步长 1.2238 预测降 12.24 ok 连败 6
轮 5354 模式 batch 损失 1494.0 步长 0.0000 预测降 0.00 no_positive_direction 连败 0
轮 5355 模式 batch 损失 1494.0 步长 0.0000 预测降 0.00 no_positive_direction 连败 1
轮 5356 模式 batch 损失 1494.0 步长 0.0000 预测降 0.00 no_positive_direction 连败 2
轮 5357 模式 batch 损失 1494.0 步长 0.0000 预测降 0.00 no_positive_direction 连败 3
轮 5358 模式 batch 损失 1494.0 步长 0.0000 预测降 0.00 no_positive_direction 连败 4
轮 5359 模式 batch 损失 1494.0 步长 0.0000 预测降 0.00 no_positive_direction 连败 5
轮 5360 模式 rescue 损失 1494.0 步长 1.0698 预测降 9.63 ok 连败 6
轮 5361 模式 batch 损失 1482.0 步长 0.0000 预测降 0.00 no_positive_direction 连败 0
轮 5362 模式 batch 损失 1482.0 步长 0.0000 预测降 0.00 no_positive_direction 连败 1
轮 5363 模式 batch 损失 1482.0 步长 0.0000 预测降 0.00 no_positive_direction 连败 2
轮 5364 模式 batch 损失 1482.0 步长 0.0000 预测降 0.00 no_positive_direction 连败 3
轮 5365 模式 batch 损失 1482.0 步长 0.0000 预测降 0.00 no_positive_direction 连败 4
轮 5366 模式 batch 损失 1482.0 步长 0.0000 预测降 0.00 no_positive_direction 连败 5
轮 5367 模式 rescue 损失 1482.0 步长 1.0212 预测降 7.15 ok 连败 6
轮 5368 模式 batch 损失 1476.0 步长 0.0000 预测降 0.00 no_positive_direction 连败 0
轮 5369 模式 batch 损失 1476.0 步长 0.0000 预测降 0.00 no_positive_direction 连败 1
轮 5370 模式 batch 损失 1476.0 步长 0.0000 预测降 0.00 no_positive_direction 连败 2
轮 5371 模式 batch 损失 1476.0 步长 0.0000 预测降 0.00 no_positive_direction 连败 3
轮 5372 模式 batch 损失 1476.0 步长 0.0000 预测降 0.00 no_positive_direction 连败 4
轮 5373 模式 batch 损失 1476.0 步长 0.0000 预测降 0.00 no_positive_direction 连败 5
轮 5374 模式 rescue 损失 1476.0 步长 1.0983 预测降 7.57 ok 连败 6
轮 5375 模式 batch 损失 1470.0 步长 0.0000 预测降 0.00 no_positive_direction 连败 0
轮 5376 模式 batch 损失 1470.0 步长 0.0000 预测降 0.00 no_positive_direction 连败 1
轮 5377 模式 batch 损失 1470.0 步长 0.0000 预测降 0.00 no_positive_direction 连败 2
轮 5378 模式 batch 损失 1470.0 步长 0.0000 预测降 0.00 no_positive_direction 连败 3
轮 5379 模式 batch 损失 1470.0 步长 0.0000 预测降 0.00 no_positive_direction 连败 4
轮 5380 模式 batch 损失 1470.0 步长 0.0000 预测降 0.00 no_positive_direction 连败 5
轮 5381 模式 rescue 损失 1470.0 步长 1.1282 预测降 7.90 ok 连败 6
轮 5382 模式 batch 损失 1460.0 步长 0.0000 预测降 0.00 no_positive_direction 连败 0
轮 5383 模式 batch 损失 1460.0 步长 0.0000 预测降 0.00 no_positive_direction 连败 1
轮 5384 模式 batch 损失 1460.0 步长 0.0000 预测降 0.00 no_positive_direction 连败 2
轮 5385 模式 batch 损失 1460.0 步长 0.0000 预测降 0.00 no_positive_direction 连败 3
轮 5386 模式 batch 损失 1460.0 步长 0.0000 预测降 0.00 no_positive_direction 连败 4
轮 5387 模式 batch 损失 1460.0 步长 0.0000 预测降 0.00 no_positive_direction 连败 5
轮 5388 模式 rescue 损失 1460.0 步长 1.6556 预测降 3.31 ok 连败 6
轮 5389 模式 batch 损失 1456.0 步长 0.0000 预测降 0.00 no_positive_direction 连败 0
轮 5390 模式 batch 损失 1456.0 步长 0.0000 预测降 0.00 no_positive_direction 连败 1
轮 5391 模式 batch 损失 1456.0 步长 0.0000 预测降 0.00 no_positive_direction 连败 2
轮 5392 模式 batch 损失 1456.0 步长 0.0000 预测降 0.00 no_positive_direction 连败 3
轮 5393 模式 batch 损失 1456.0 步长 0.0000 预测降 0.00 no_positive_direction 连败 4
轮 5394 模式 batch 损失 1456.0 步长 0.0000 预测降 0.00 no_positive_direction 连败 5
轮 5395 模式 rescue 损失 1456.0 步长 1.2099 预测降 7.26 ok 连败 6
轮 5396 模式 batch 损失 1448.0 步长 0.0000 预测降 0.00 no_positive_direction 连败 0
轮 5397 模式 batch 损失 1448.0 步长 0.0000 预测降 0.00 no_positive_direction 连败 1
轮 5398 模式 batch 损失 1448.0 步长 0.0000 预测降 0.00 no_positive_direction 连败 2
轮 5399 模式 batch 损失 1448.0 步长 0.0000 预测降 0.00 no_positive_direction 连败 3
轮 5400 模式 batch 损失 1448.0 步长 0.0000 预测降 0.00 no_positive_direction 连败 4
轮 5401 模式 batch 损失 1448.0 步长 0.0000 预测降 0.00 no_positive_direction 连败 5
轮 5402 模式 rescue 损失 1448.0 步长 1.0002 预测降 8.27 ok 连败 6
轮 5403 模式 batch 损失 1438.0 步长 0.0000 预测降 0.00 no_positive_direction 连败 0
轮 5404 模式 batch 损失 1438.0 步长 0.0000 预测降 0.00 no_positive_direction 连败 1
轮 5405 模式 batch 损失 1438.0 步长 0.0000 预测降 0.00 no_positive_direction 连败 2
轮 5406 模式 batch 损失 1438.0 步长 0.0000 预测降 0.00 no_positive_direction 连败 3
轮 5407 模式 batch 损失 1438.0 步长 0.0000 预测降 0.00 no_positive_direction 连败 4
轮 5408 模式 batch 损失 1438.0 步长 0.0000 预测降 0.00 no_positive_direction 连败 5
轮 5409 模式 rescue 损失 1438.0 步长 0.0000 预测降 0.00 no_positive_direction 连败 6
轮 5410 模式 batch 损失 1438.0 步长 0.0000 预测降 0.00 no_positive_direction 连败 7
轮 5411 模式 batch 损失 1438.0 步长 0.0000 预测降 0.00 no_positive_direction 连败 8
轮 5412 模式 batch 损失 1438.0 步长 0.0000 预测降 0.00 no_positive_direction 连败 9
轮 5413 模式 rescue 损失 1438.0 步长 1.7127 预测降 6.85 ok 连败 10
轮 5414 模式 batch 损失 1430.0 步长 0.0000 预测降 0.00 no_positive_direction 连败 0
轮 5415 模式 batch 损失 1430.0 步长 0.0000 预测降 0.00 no_positive_direction 连败 1
轮 5416 模式 batch 损失 1430.0 步长 0.0000 预测降 0.00 no_positive_direction 连败 2
轮 5417 模式 batch 损失 1430.0 步长 0.0000 预测降 0.00 no_positive_direction 连败 3
轮 5418 模式 batch 损失 1430.0 步长 0.0000 预测降 0.00 no_positive_direction 连败 4
轮 5419 模式 batch 损失 1430.0 步长 0.0000 预测降 0.00 no_positive_direction 连败 5
轮 5420 模式 rescue 损失 1430.0 步长 1.5832 预测降 3.17 ok 连败 6
轮 5421 模式 batch 损失 1428.0 步长 0.0000 预测降 0.00 no_positive_direction 连败 0
轮 5422 模式 batch 损失 1428.0 步长 0.0000 预测降 0.00 no_positive_direction 连败 1
轮 5423 模式 batch 损失 1428.0 步长 0.0000 预测降 0.00 no_positive_direction 连败 2
轮 5424 模式 batch 损失 1428.0 步长 0.0000 预测降 0.00 no_positive_direction 连败 3
轮 5425 模式 batch 损失 1428.0 步长 0.0000 预测降 0.00 no_positive_direction 连败 4
轮 5426 模式 batch 损失 1428.0 步长 0.0000 预测降 0.00 no_positive_direction 连败 5
轮 5427 模式 rescue 损失 1428.0 步长 1.9999 预测降 4.00 ok 连败 6
轮 5428 模式 batch 损失 1424.0 步长 0.0000 预测降 0.00 no_positive_direction 连败 0
轮 5429 模式 batch 损失 1424.0 步长 0.0000 预测降 0.00 no_positive_direction 连败 1
轮 5430 模式 batch 损失 1424.0 步长 0.0000 预测降 0.00 no_positive_direction 连败 2
轮 5431 模式 batch 损失 1424.0 步长 0.0000 预测降 0.00 no_positive_direction 连败 3
轮 5432 模式 batch 损失 1424.0 步长 0.0000 预测降 0.00 no_positive_direction 连败 4
轮 5433 模式 batch 损失 1424.0 步长 0.0000 预测降 0.00 no_positive_direction 连败 5
轮 5434 模式 rescue 损失 1424.0 步长 1.3987 预测降 4.20 ok 连败 6
轮 5435 模式 batch 损失 1418.0 步长 0.0000 预测降 0.00 no_positive_direction 连败 0
轮 5436 模式 batch 损失 1418.0 步长 0.0000 预测降 0.00 no_positive_direction 连败 1
轮 5437 模式 batch 损失 1418.0 步长 0.0000 预测降 0.00 no_positive_direction 连败 2
轮 5438 模式 batch 损失 1418.0 步长 0.0000 预测降 0.00 no_positive_direction 连败 3
轮 5439 模式 batch 损失 1418.0 步长 0.0000 预测降 0.00 no_positive_direction 连败 4
轮 5440 模式 batch 损失 1418.0 步长 0.0000 预测降 0.00 no_positive_direction 连败 5
轮 5441 模式 rescue 损失 1418.0 步长 1.9507 预测降 3.90 ok 连败 6
轮 5442 模式 batch 损失 1414.0 步长 0.0000 预测降 0.00 no_positive_direction 连败 0
轮 5443 模式 batch 损失 1414.0 步长 0.0000 预测降 0.00 no_positive_direction 连败 1
轮 5444 模式 batch 损失 1414.0 步长 0.0000 预测降 0.00 no_positive_direction 连败 2
轮 5445 模式 batch 损失 1414.0 步长 0.0000 预测降 0.00 no_positive_direction 连败 3
轮 5446 模式 batch 损失 1414.0 步长 0.0000 预测降 0.00 no_positive_direction 连败 4
轮 5447 模式 batch 损失 1414.0 步长 0.0000 预测降 0.00 no_positive_direction 连败 5
轮 5448 模式 rescue 损失 1414.0 步长 1.9899 预测降 3.98 ok 连败 6
轮 5449 模式 batch 损失 1410.0 步长 0.0000 预测降 0.00 no_positive_direction 连败 0
轮 5450 模式 batch 损失 1410.0 步长 0.0000 预测降 0.00 no_positive_direction 连败 1
轮 5451 模式 batch 损失 1410.0 步长 0.0000 预测降 0.00 no_positive_direction 连败 2
轮 5452 模式 batch 损失 1410.0 步长 0.0000 预测降 0.00 no_positive_direction 连败 3
轮 5453 模式 batch 损失 1410.0 步长 0.0000 预测降 0.00 no_positive_direction 连败 4
轮 5454 模式 batch 损失 1410.0 步长 0.0000 预测降 0.00 no_positive_direction 连败 5
轮 5455 模式 rescue 损失 1410.0 步长 1.9892 预测降 3.98 ok 连败 6
轮 5456 模式 batch 损失 1406.0 步长 0.0000 预测降 0.00 no_positive_direction 连败 0
轮 5457 模式 batch 损失 1406.0 步长 0.0000 预测降 0.00 no_positive_direction 连败 1
轮 5458 模式 batch 损失 1406.0 步长 0.0000 预测降 0.00 no_positive_direction 连败 2
轮 5459 模式 batch 损失 1406.0 步长 0.0000 预测降 0.00 no_positive_direction 连败 3
轮 5460 模式 batch 损失 1406.0 步长 0.0000 预测降 0.00 no_positive_direction 连败 4
轮 5461 模式 batch 损失 1406.0 步长 0.0000 预测降 0.00 no_positive_direction 连败 5
轮 5462 模式 rescue 损失 1406.0 步长 1.6568 预测降 3.31 ok 连败 6
轮 5463 模式 batch 损失 1402.0 步长 0.0000 预测降 0.00 no_positive_direction 连败 0
轮 5464 模式 batch 损失 1402.0 步长 0.0000 预测降 0.00 no_positive_direction 连败 1
轮 5465 模式 batch 损失 1402.0 步长 0.0000 预测降 0.00 no_positive_direction 连败 2
轮 5466 模式 batch 损失 1402.0 步长 0.0000 预测降 0.00 no_positive_direction 连败 3
轮 5467 模式 batch 损失 1402.0 步长 0.0000 预测降 0.00 no_positive_direction 连败 4
轮 5468 模式 batch 损失 1402.0 步长 0.0000 预测降 0.00 no_positive_direction 连败 5
轮 5469 模式 rescue 损失 1402.0 步长 1.1637 预测降 8.14 ok 连败 6
轮 5470 模式 batch 损失 1394.0 步长 0.0000 预测降 0.00 no_positive_direction 连败 0
轮 5471 模式 batch 损失 1394.0 步长 0.0000 预测降 0.00 no_positive_direction 连败 1
轮 5472 模式 batch 损失 1394.0 步长 0.0000 预测降 0.00 no_positive_direction 连败 2
轮 5473 模式 batch 损失 1394.0 步长 0.0000 预测降 0.00 no_positive_direction 连败 3
轮 5474 模式 batch 损失 1394.0 步长 0.0000 预测降 0.00 no_positive_direction 连败 4
轮 5475 模式 batch 损失 1394.0 步长 0.0000 预测降 0.00 no_positive_direction 连败 5
轮 5476 模式 rescue 损失 1394.0 步长 1.6926 预测降 5.08 ok 连败 6
轮 5477 模式 batch 损失 1388.0 步长 0.0000 预测降 0.00 no_positive_direction 连败 0
轮 5478 模式 batch 损失 1388.0 步长 0.0000 预测降 0.00 no_positive_direction 连败 1
轮 5479 模式 batch 损失 1388.0 步长 0.0000 预测降 0.00 no_positive_direction 连败 2
轮 5480 模式 batch 损失 1388.0 步长 0.0000 预测降 0.00 no_positive_direction 连败 3
轮 5481 模式 batch 损失 1388.0 步长 0.0000 预测降 0.00 no_positive_direction 连败 4
轮 5482 模式 batch 损失 1388.0 步长 0.0000 预测降 0.00 no_positive_direction 连败 5
轮 5483 模式 rescue 损失 1388.0 步长 1.7591 预测降 5.28 ok 连败 6
轮 5484 模式 batch 损失 1382.0 步长 0.0000 预测降 0.00 no_positive_direction 连败 0
轮 5485 模式 batch 损失 1382.0 步长 0.0000 预测降 0.00 no_positive_direction 连败 1
轮 5486 模式 batch 损失 1382.0 步长 0.0000 预测降 0.00 no_positive_direction 连败 2
轮 5487 模式 batch 损失 1382.0 步长 0.0000 预测降 0.00 no_positive_direction 连败 3
轮 5488 模式 batch 损失 1382.0 步长 0.0000 预测降 0.00 no_positive_direction 连败 4
轮 5489 模式 batch 损失 1382.0 步长 0.0000 预测降 0.00 no_positive_direction 连败 5
轮 5490 模式 rescue 损失 1382.0 步长 1.5972 预测降 4.79 ok 连败 6
轮 5491 模式 batch 损失 1378.0 步长 0.0000 预测降 0.00 no_positive_direction 连败 0
轮 5492 模式 batch 损失 1378.0 步长 0.0000 预测降 0.00 no_positive_direction 连败 1
轮 5493 模式 batch 损失 1378.0 步长 0.0000 预测降 0.00 no_positive_direction 连败 2
轮 5494 模式 batch 损失 1378.0 步长 0.0000 预测降 0.00 no_positive_direction 连败 3
轮 5495 模式 batch 损失 1378.0 步长 0.0000 预测降 0.00 no_positive_direction 连败 4
轮 5496 模式 batch 损失 1378.0 步长 0.0000 预测降 0.00 no_positive_direction 连败 5
轮 5497 模式 rescue 损失 1378.0 步长 1.6500 预测降 6.60 ok 连败 6
轮 5498 模式 batch 损失 1372.0 步长 0.0000 预测降 0.00 no_positive_direction 连败 0
轮 5499 模式 batch 损失 1372.0 步长 0.0000 预测降 0.00 no_positive_direction 连败 1
轮 5500 模式 batch 损失 1372.0 步长 0.0000 预测降 0.00 no_positive_direction 连败 2
轮 5501 模式 batch 损失 1372.0 步长 0.0000 预测降 0.00 no_positive_direction 连败 3
轮 5502 模式 batch 损失 1372.0 步长 0.0000 预测降 0.00 no_positive_direction 连败 4
轮 5503 模式 batch 损失 1372.0 步长 0.0000 预测降 0.00 no_positive_direction 连败 5
轮 5504 模式 rescue 损失 1372.0 步长 2.0000 预测降 2.00 ok 连败 6
轮 5505 模式 batch 损失 1370.0 步长 0.0000 预测降 0.00 no_positive_direction 连败 0
轮 5506 模式 batch 损失 1370.0 步长 0.0000 预测降 0.00 no_positive_direction 连败 1
轮 5507 模式 batch 损失 1370.0 步长 0.0000 预测降 0.00 no_positive_direction 连败 2
轮 5508 模式 batch 损失 1370.0 步长 0.0000 预测降 0.00 no_positive_direction 连败 3
轮 5509 模式 batch 损失 1370.0 步长 0.0000 预测降 0.00 no_positive_direction 连败 4
轮 5510 模式 batch 损失 1370.0 步长 0.0000 预测降 0.00 no_positive_direction 连败 5
轮 5511 模式 rescue 损失 1370.0 步长 1.3930 预测降 4.18 ok 连败 6
轮 5512 模式 batch 损失 1366.0 步长 0.0000 预测降 0.00 no_positive_direction 连败 0
轮 5513 模式 batch 损失 1366.0 步长 0.0000 预测降 0.00 no_positive_direction 连败 1
轮 5514 模式 batch 损失 1366.0 步长 0.0000 预测降 0.00 no_positive_direction 连败 2
轮 5515 模式 batch 损失 1366.0 步长 0.0000 预测降 0.00 no_positive_direction 连败 3
轮 5516 模式 batch 损失 1366.0 步长 0.0000 预测降 0.00 no_positive_direction 连败 4
轮 5517 模式 batch 损失 1366.0 步长 0.0000 预测降 0.00 no_positive_direction 连败 5
轮 5518 模式 rescue 损失 1366.0 步长 1.7577 预测降 5.27 ok 连败 6
轮 5519 模式 batch 损失 1360.0 步长 0.0000 预测降 0.00 no_positive_direction 连败 0
轮 5520 模式 batch 损失 1360.0 步长 0.0000 预测降 0.00 no_positive_direction 连败 1
轮 5521 模式 batch 损失 1360.0 步长 0.0000 预测降 0.00 no_positive_direction 连败 2
轮 5522 模式 batch 损失 1360.0 步长 0.0000 预测降 0.00 no_positive_direction 连败 3
轮 5523 模式 batch 损失 1360.0 步长 0.0000 预测降 0.00 no_positive_direction 连败 4
轮 5524 模式 batch 损失 1360.0 步长 0.0000 预测降 0.00 no_positive_direction 连败 5
轮 5525 模式 rescue 损失 1360.0 步长 1.0579 预测降 5.29 ok 连败 6
轮 5526 模式 batch 损失 1356.0 步长 0.0000 预测降 0.00 no_positive_direction 连败 0
轮 5527 模式 batch 损失 1356.0 步长 0.0000 预测降 0.00 no_positive_direction 连败 1
轮 5528 模式 batch 损失 1356.0 步长 0.0000 预测降 0.00 no_positive_direction 连败 2
轮 5529 模式 batch 损失 1356.0 步长 0.0000 预测降 0.00 no_positive_direction 连败 3
轮 5530 模式 batch 损失 1356.0 步长 0.0000 预测降 0.00 no_positive_direction 连败 4
轮 5531 模式 batch 损失 1356.0 步长 0.0000 预测降 0.00 no_positive_direction 连败 5
轮 5532 模式 rescue 损失 1356.0 步长 1.9999 预测降 2.00 ok 连败 6
轮 5533 模式 batch 损失 1354.0 步长 0.0000 预测降 0.00 no_positive_direction 连败 0
轮 5534 模式 batch 损失 1354.0 步长 0.0000 预测降 0.00 no_positive_direction 连败 1
轮 5535 模式 batch 损失 1354.0 步长 0.0000 预测降 0.00 no_positive_direction 连败 2
轮 5536 模式 batch 损失 1354.0 步长 0.0000 预测降 0.00 no_positive_direction 连败 3
轮 5537 模式 batch 损失 1354.0 步长 0.0000 预测降 0.00 no_positive_direction 连败 4
轮 5538 模式 batch 损失 1354.0 步长 0.0000 预测降 0.00 no_positive_direction 连败 5
轮 5539 模式 rescue 损失 1354.0 步长 0.0000 预测降 0.00 no_positive_direction 连败 6
轮 5540 模式 batch 损失 1354.0 步长 0.0000 预测降 0.00 no_positive_direction 连败 7
轮 5541 模式 batch 损失 1354.0 步长 0.0000 预测降 0.00 no_positive_direction 连败 8
轮 5542 模式 batch 损失 1354.0 步长 0.0000 预测降 0.00 no_positive_direction 连败 9
轮 5543 模式 rescue 损失 1354.0 步长 1.3879 预测降 4.16 ok 连败 10
轮 5544 模式 batch 损失 1350.0 步长 0.0000 预测降 0.00 no_positive_direction 连败 0
轮 5545 模式 batch 损失 1350.0 步长 0.0000 预测降 0.00 no_positive_direction 连败 1
轮 5546 模式 batch 损失 1350.0 步长 0.0000 预测降 0.00 no_positive_direction 连败 2
轮 5547 模式 batch 损失 1350.0 步长 0.0000 预测降 0.00 no_positive_direction 连败 3
轮 5548 模式 batch 损失 1350.0 步长 0.0000 预测降 0.00 no_positive_direction 连败 4
轮 5549 模式 batch 损失 1350.0 步长 0.0000 预测降 0.00 no_positive_direction 连败 5
轮 5550 模式 rescue 损失 1350.0 步长 1.3913 预测降 4.17 ok 连败 6
轮 5551 模式 batch 损失 1346.0 步长 0.0000 预测降 0.00 no_positive_direction 连败 0
轮 5552 模式 batch 损失 1346.0 步长 0.0000 预测降 0.00 no_positive_direction 连败 1
轮 5553 模式 batch 损失 1346.0 步长 0.0000 预测降 0.00 no_positive_direction 连败 2
轮 5554 模式 batch 损失 1346.0 步长 0.0000 预测降 0.00 no_positive_direction 连败 3
轮 5555 模式 batch 损失 1346.0 步长 0.0000 预测降 0.00 no_positive_direction 连败 4
轮 5556 模式 batch 损失 1346.0 步长 0.0000 预测降 0.00 no_positive_direction 连败 5
轮 5557 模式 rescue 损失 1346.0 步长 1.3833 预测降 4.15 ok 连败 6
轮 5558 模式 batch 损失 1342.0 步长 0.0000 预测降 0.00 no_positive_direction 连败 0
轮 5559 模式 batch 损失 1342.0 步长 0.0000 预测降 0.00 no_positive_direction 连败 1
轮 5560 模式 batch 损失 1342.0 步长 0.0000 预测降 0.00 no_positive_direction 连败 2
轮 5561 模式 batch 损失 1342.0 步长 0.0000 预测降 0.00 no_positive_direction 连败 3
轮 5562 模式 batch 损失 1342.0 步长 0.0000 预测降 0.00 no_positive_direction 连败 4
轮 5563 模式 batch 损失 1342.0 步长 0.0000 预测降 0.00 no_positive_direction 连败 5
轮 5564 模式 rescue 损失 1342.0 步长 2.0000 预测降 2.00 ok 连败 6
轮 5565 模式 batch 损失 1340.0 步长 0.0000 预测降 0.00 no_positive_direction 连败 0
轮 5566 模式 batch 损失 1340.0 步长 0.0000 预测降 0.00 no_positive_direction 连败 1
轮 5567 模式 batch 损失 1340.0 步长 0.0000 预测降 0.00 no_positive_direction 连败 2
轮 5568 模式 batch 损失 1340.0 步长 0.0000 预测降 0.00 no_positive_direction 连败 3
轮 5569 模式 batch 损失 1340.0 步长 0.0000 预测降 0.00 no_positive_direction 连败 4
轮 5570 模式 batch 损失 1340.0 步长 0.0000 预测降 0.00 no_positive_direction 连败 5
轮 5571 模式 rescue 损失 1340.0 步长 1.1921 预测降 4.77 ok 连败 6
轮 5572 模式 batch 损失 1336.0 步长 0.0000 预测降 0.00 no_positive_direction 连败 0
轮 5573 模式 batch 损失 1336.0 步长 0.0000 预测降 0.00 no_positive_direction 连败 1
轮 5574 模式 batch 损失 1336.0 步长 0.0000 预测降 0.00 no_positive_direction 连败 2
轮 5575 模式 batch 损失 1336.0 步长 0.0000 预测降 0.00 no_positive_direction 连败 3
轮 5576 模式 batch 损失 1336.0 步长 0.0000 预测降 0.00 no_positive_direction 连败 4
轮 5577 模式 batch 损失 1336.0 步长 0.0000 预测降 0.00 no_positive_direction 连败 5
轮 5578 模式 rescue 损失 1336.0 步长 1.6083 预测降 4.82 ok 连败 6
轮 5579 模式 batch 损失 1330.0 步长 0.0000 预测降 0.00 no_positive_direction 连败 0
轮 5580 模式 batch 损失 1330.0 步长 0.0000 预测降 0.00 no_positive_direction 连败 1
轮 5581 模式 batch 损失 1330.0 步长 0.0000 预测降 0.00 no_positive_direction 连败 2
轮 5582 模式 batch 损失 1330.0 步长 0.0000 预测降 0.00 no_positive_direction 连败 3
轮 5583 模式 batch 损失 1330.0 步长 0.0000 预测降 0.00 no_positive_direction 连败 4
轮 5584 模式 batch 损失 1330.0 步长 0.0000 预测降 0.00 no_positive_direction 连败 5
轮 5585 模式 rescue 损失 1330.0 步长 1.0357 预测降 5.70 ok 连败 6
轮 5586 模式 batch 损失 1322.0 步长 0.0000 预测降 0.00 no_positive_direction 连败 0
轮 5587 模式 batch 损失 1322.0 步长 0.0000 预测降 0.00 no_positive_direction 连败 1
轮 5588 模式 batch 损失 1322.0 步长 0.0000 预测降 0.00 no_positive_direction 连败 2
轮 5589 模式 batch 损失 1322.0 步长 0.0000 预测降 0.00 no_positive_direction 连败 3
轮 5590 模式 batch 损失 1322.0 步长 0.0000 预测降 0.00 no_positive_direction 连败 4
轮 5591 模式 batch 损失 1322.0 步长 0.0000 预测降 0.00 no_positive_direction 连败 5
轮 5592 模式 rescue 损失 1322.0 步长 1.3823 预测降 4.15 ok 连败 6
轮 5593 模式 batch 损失 1318.0 步长 0.0000 预测降 0.00 no_positive_direction 连败 0
轮 5594 模式 batch 损失 1318.0 步长 0.0000 预测降 0.00 no_positive_direction 连败 1
轮 5595 模式 batch 损失 1318.0 步长 0.0000 预测降 0.00 no_positive_direction 连败 2
轮 5596 模式 batch 损失 1318.0 步长 0.0000 预测降 0.00 no_positive_direction 连败 3
轮 5597 模式 batch 损失 1318.0 步长 0.0000 预测降 0.00 no_positive_direction 连败 4
轮 5598 模式 batch 损失 1318.0 步长 0.0000 预测降 0.00 no_positive_direction 连败 5
轮 5599 模式 rescue 损失 1318.0 步长 1.5755 预测降 4.73 ok 连败 6
轮 5600 模式 batch 损失 1312.0 步长 0.0000 预测降 0.00 no_positive_direction 连败 0
轮 5601 模式 batch 损失 1312.0 步长 0.0000 预测降 0.00 no_positive_direction 连败 1
轮 5602 模式 batch 损失 1312.0 步长 0.0000 预测降 0.00 no_positive_direction 连败 2
轮 5603 模式 batch 损失 1312.0 步长 0.0000 预测降 0.00 no_positive_direction 连败 3
轮 5604 模式 batch 损失 1312.0 步长 0.0000 预测降 0.00 no_positive_direction 连败 4
轮 5605 模式 batch 损失 1312.0 步长 0.0000 预测降 0.00 no_positive_direction 连败 5
轮 5606 模式 rescue 损失 1312.0 步长 1.1193 预测降 5.60 ok 连败 6
轮 5607 模式 batch 损失 1306.0 步长 0.0000 预测降 0.00 no_positive_direction 连败 0
轮 5608 模式 batch 损失 1306.0 步长 0.0000 预测降 0.00 no_positive_direction 连败 1
轮 5609 模式 batch 损失 1306.0 步长 0.0000 预测降 0.00 no_positive_direction 连败 2
轮 5610 模式 batch 损失 1306.0 步长 0.0000 预测降 0.00 no_positive_direction 连败 3
轮 5611 模式 batch 损失 1306.0 步长 0.0000 预测降 0.00 no_positive_direction 连败 4
轮 5612 模式 batch 损失 1306.0 步长 0.0000 预测降 0.00 no_positive_direction 连败 5
轮 5613 模式 rescue 损失 1306.0 步长 2.0000 预测降 2.00 ok 连败 6
轮 5614 模式 batch 损失 1304.0 步长 0.0000 预测降 0.00 no_positive_direction 连败 0
轮 5615 模式 batch 损失 1304.0 步长 0.0000 预测降 0.00 no_positive_direction 连败 1
轮 5616 模式 batch 损失 1304.0 步长 0.0000 预测降 0.00 no_positive_direction 连败 2
轮 5617 模式 batch 损失 1304.0 步长 0.0000 预测降 0.00 no_positive_direction 连败 3
轮 5618 模式 batch 损失 1304.0 步长 0.0000 预测降 0.00 no_positive_direction 连败 4
轮 5619 模式 batch 损失 1304.0 步长 0.0000 预测降 0.00 no_positive_direction 连败 5
轮 5620 模式 rescue 损失 1304.0 步长 1.5122 预测降 6.05 ok 连败 6
轮 5621 模式 batch 损失 1298.0 步长 0.0000 预测降 0.00 no_positive_direction 连败 0
轮 5622 模式 batch 损失 1298.0 步长 0.0000 预测降 0.00 no_positive_direction 连败 1
轮 5623 模式 batch 损失 1298.0 步长 0.0000 预测降 0.00 no_positive_direction 连败 2
轮 5624 模式 batch 损失 1298.0 步长 0.0000 预测降 0.00 no_positive_direction 连败 3
轮 5625 模式 batch 损失 1298.0 步长 0.0000 预测降 0.00 no_positive_direction 连败 4
轮 5626 模式 batch 损失 1298.0 步长 0.0000 预测降 0.00 no_positive_direction 连败 5
轮 5627 模式 rescue 损失 1298.0 步长 1.3489 预测降 8.00 ok 连败 6
轮 5628 模式 batch 损失 1290.0 步长 0.0000 预测降 0.00 no_positive_direction 连败 0
轮 5629 模式 batch 损失 1290.0 步长 0.0000 预测降 0.00 no_positive_direction 连败 1
轮 5630 模式 batch 损失 1290.0 步长 0.0000 预测降 0.00 no_positive_direction 连败 2
轮 5631 模式 batch 损失 1290.0 步长 0.0000 预测降 0.00 no_positive_direction 连败 3
轮 5632 模式 batch 损失 1290.0 步长 0.0000 预测降 0.00 no_positive_direction 连败 4
轮 5633 模式 batch 损失 1290.0 步长 0.0000 预测降 0.00 no_positive_direction 连败 5
轮 5634 模式 rescue 损失 1290.0 步长 1.4983 预测降 7.49 ok 连败 6
轮 5635 模式 batch 损失 1282.0 步长 0.0000 预测降 0.00 no_positive_direction 连败 0
轮 5636 模式 batch 损失 1282.0 步长 0.0000 预测降 0.00 no_positive_direction 连败 1
轮 5637 模式 batch 损失 1282.0 步长 0.0000 预测降 0.00 no_positive_direction 连败 2
轮 5638 模式 batch 损失 1282.0 步长 0.0000 预测降 0.00 no_positive_direction 连败 3
轮 5639 模式 batch 损失 1282.0 步长 0.0000 预测降 0.00 no_positive_direction 连败 4
轮 5640 模式 batch 损失 1282.0 步长 0.0000 预测降 0.00 no_positive_direction 连败 5
轮 5641 模式 rescue 损失 1282.0 步长 0.0000 预测降 0.00 no_positive_direction 连败 6
轮 5642 模式 batch 损失 1282.0 步长 0.0000 预测降 0.00 no_positive_direction 连败 7
轮 5643 模式 batch 损失 1282.0 步长 0.0000 预测降 0.00 no_positive_direction 连败 8
轮 5644 模式 batch 损失 1282.0 步长 0.0000 预测降 0.00 no_positive_direction 连败 9
轮 5645 模式 rescue 损失 1282.0 步长 2.0000 预测降 2.00 ok 连败 10
轮 5646 模式 batch 损失 1280.0 步长 0.0000 预测降 0.00 no_positive_direction 连败 0
轮 5647 模式 batch 损失 1280.0 步长 0.0000 预测降 0.00 no_positive_direction 连败 1
轮 5648 模式 batch 损失 1280.0 步长 0.0000 预测降 0.00 no_positive_direction 连败 2
轮 5649 模式 batch 损失 1280.0 步长 0.0000 预测降 0.00 no_positive_direction 连败 3
轮 5650 模式 batch 损失 1280.0 步长 0.0000 预测降 0.00 no_positive_direction 连败 4
轮 5651 模式 batch 损失 1280.0 步长 0.0000 预测降 0.00 no_positive_direction 连败 5
轮 5652 模式 rescue 损失 1280.0 步长 1.4653 预测降 4.40 ok 连败 6
轮 5653 模式 batch 损失 1274.0 步长 0.0000 预测降 0.00 no_positive_direction 连败 0
轮 5654 模式 batch 损失 1274.0 步长 0.0000 预测降 0.00 no_positive_direction 连败 1
轮 5655 模式 batch 损失 1274.0 步长 0.0000 预测降 0.00 no_positive_direction 连败 2
轮 5656 模式 batch 损失 1274.0 步长 0.0000 预测降 0.00 no_positive_direction 连败 3
轮 5657 模式 batch 损失 1274.0 步长 0.0000 预测降 0.00 no_positive_direction 连败 4
轮 5658 模式 batch 损失 1274.0 步长 0.0000 预测降 0.00 no_positive_direction 连败 5
轮 5659 模式 rescue 损失 1274.0 步长 1.6642 预测降 3.33 ok 连败 6
轮 5660 模式 batch 损失 1270.0 步长 0.0000 预测降 0.00 no_positive_direction 连败 0
轮 5661 模式 batch 损失 1270.0 步长 0.0000 预测降 0.00 no_positive_direction 连败 1
轮 5662 模式 batch 损失 1270.0 步长 0.0000 预测降 0.00 no_positive_direction 连败 2
轮 5663 模式 batch 损失 1270.0 步长 0.0000 预测降 0.00 no_positive_direction 连败 3
轮 5664 模式 batch 损失 1270.0 步长 0.0000 预测降 0.00 no_positive_direction 连败 4
轮 5665 模式 batch 损失 1270.0 步长 0.0000 预测降 0.00 no_positive_direction 连败 5
轮 5666 模式 rescue 损失 1270.0 步长 2.0000 预测降 2.00 ok 连败 6
轮 5667 模式 batch 损失 1268.0 步长 0.0000 预测降 0.00 no_positive_direction 连败 0
轮 5668 模式 batch 损失 1268.0 步长 0.0000 预测降 0.00 no_positive_direction 连败 1
轮 5669 模式 batch 损失 1268.0 步长 0.0000 预测降 0.00 no_positive_direction 连败 2
轮 5670 模式 batch 损失 1268.0 步长 0.0000 预测降 0.00 no_positive_direction 连败 3
轮 5671 模式 batch 损失 1268.0 步长 0.0000 预测降 0.00 no_positive_direction 连败 4
轮 5672 模式 batch 损失 1268.0 步长 0.0000 预测降 0.00 no_positive_direction 连败 5
轮 5673 模式 rescue 损失 1268.0 步长 1.6297 预测降 3.26 ok 连败 6
轮 5674 模式 batch 损失 1264.0 步长 0.0000 预测降 0.00 no_positive_direction 连败 0
轮 5675 模式 batch 损失 1264.0 步长 0.0000 预测降 0.00 no_positive_direction 连败 1
轮 5676 模式 batch 损失 1264.0 步长 0.0000 预测降 0.00 no_positive_direction 连败 2
轮 5677 模式 batch 损失 1264.0 步长 0.0000 预测降 0.00 no_positive_direction 连败 3
轮 5678 模式 batch 损失 1264.0 步长 0.0000 预测降 0.00 no_positive_direction 连败 4
轮 5679 模式 batch 损失 1264.0 步长 0.0000 预测降 0.00 no_positive_direction 连败 5
轮 5680 模式 rescue 损失 1264.0 步长 0.0000 预测降 0.00 no_positive_direction 连败 6
轮 5681 模式 batch 损失 1264.0 步长 0.0000 预测降 0.00 no_positive_direction 连败 7
轮 5682 模式 batch 损失 1264.0 步长 0.0000 预测降 0.00 no_positive_direction 连败 8
轮 5683 模式 batch 损失 1264.0 步长 0.0000 预测降 0.00 no_positive_direction 连败 9
轮 5684 模式 rescue 损失 1264.0 步长 1.4862 预测降 4.46 ok 连败 10
轮 5685 模式 batch 损失 1260.0 步长 0.0000 预测降 0.00 no_positive_direction 连败 0
轮 5686 模式 batch 损失 1260.0 步长 0.0000 预测降 0.00 no_positive_direction 连败 1
轮 5687 模式 batch 损失 1260.0 步长 0.0000 预测降 0.00 no_positive_direction 连败 2
轮 5688 模式 batch 损失 1260.0 步长 0.0000 预测降 0.00 no_positive_direction 连败 3
轮 5689 模式 batch 损失 1260.0 步长 0.0000 预测降 0.00 no_positive_direction 连败 4
轮 5690 模式 batch 损失 1260.0 步长 0.0000 预测降 0.00 no_positive_direction 连败 5
轮 5691 模式 rescue 损失 1260.0 步长 1.1295 预测降 3.36 ok 连败 6
轮 5692 模式 batch 损失 1256.0 步长 0.0000 预测降 0.00 no_positive_direction 连败 0
轮 5693 模式 batch 损失 1256.0 步长 0.0000 预测降 0.00 no_positive_direction 连败 1
轮 5694 模式 batch 损失 1256.0 步长 0.0000 预测降 0.00 no_positive_direction 连败 2
轮 5695 模式 batch 损失 1256.0 步长 0.0000 预测降 0.00 no_positive_direction 连败 3
轮 5696 模式 batch 损失 1256.0 步长 0.0000 预测降 0.00 no_positive_direction 连败 4
轮 5697 模式 batch 损失 1256.0 步长 0.0000 预测降 0.00 no_positive_direction 连败 5
轮 5698 模式 rescue 损失 1256.0 步长 1.4671 预测降 4.40 ok 连败 6
轮 5699 模式 batch 损失 1252.0 步长 0.0000 预测降 0.00 no_positive_direction 连败 0
轮 5700 模式 batch 损失 1252.0 步长 0.0000 预测降 0.00 no_positive_direction 连败 1
轮 5701 模式 batch 损失 1252.0 步长 0.0000 预测降 0.00 no_positive_direction 连败 2
轮 5702 模式 batch 损失 1252.0 步长 0.0000 预测降 0.00 no_positive_direction 连败 3
轮 5703 模式 batch 损失 1252.0 步长 0.0000 预测降 0.00 no_positive_direction 连败 4
轮 5704 模式 batch 损失 1252.0 步长 0.0000 预测降 0.00 no_positive_direction 连败 5
轮 5705 模式 rescue 损失 1252.0 步长 2.0000 预测降 2.00 ok 连败 6
轮 5706 模式 batch 损失 1250.0 步长 0.0000 预测降 0.00 no_positive_direction 连败 0
轮 5707 模式 batch 损失 1250.0 步长 0.0000 预测降 0.00 no_positive_direction 连败 1
轮 5708 模式 batch 损失 1250.0 步长 0.0000 预测降 0.00 no_positive_direction 连败 2
轮 5709 模式 batch 损失 1250.0 步长 0.0000 预测降 0.00 no_positive_direction 连败 3
轮 5710 模式 batch 损失 1250.0 步长 0.0000 预测降 0.00 no_positive_direction 连败 4
轮 5711 模式 batch 损失 1250.0 步长 0.0000 预测降 0.00 no_positive_direction 连败 5
轮 5712 模式 rescue 损失 1250.0 步长 1.0003 预测降 1.00 ok 连败 6
轮 5713 模式 batch 损失 1250.0 步长 0.0000 预测降 0.00 no_positive_direction 连败 0
轮 5714 模式 batch 损失 1250.0 步长 0.0000 预测降 0.00 no_positive_direction 连败 1
轮 5715 模式 batch 损失 1250.0 步长 0.0000 预测降 0.00 no_positive_direction 连败 2
轮 5716 模式 batch 损失 1250.0 步长 0.0000 预测降 0.00 no_positive_direction 连败 3
轮 5717 模式 batch 损失 1250.0 步长 0.0000 预测降 0.00 no_positive_direction 连败 4
轮 5718 模式 batch 损失 1250.0 步长 0.0000 预测降 0.00 no_positive_direction 连败 5
轮 5719 模式 rescue 损失 1250.0 步长 1.7515 预测降 5.25 ok 连败 6
轮 5720 模式 batch 损失 1246.0 步长 0.0000 预测降 0.00 no_positive_direction 连败 0
轮 5721 模式 batch 损失 1246.0 步长 0.0000 预测降 0.00 no_positive_direction 连败 1
轮 5722 模式 batch 损失 1246.0 步长 0.0000 预测降 0.00 no_positive_direction 连败 2
轮 5723 模式 batch 损失 1246.0 步长 0.0000 预测降 0.00 no_positive_direction 连败 3
轮 5724 模式 batch 损失 1246.0 步长 0.0000 预测降 0.00 no_positive_direction 连败 4
轮 5725 模式 batch 损失 1246.0 步长 0.0000 预测降 0.00 no_positive_direction 连败 5
轮 5726 模式 rescue 损失 1246.0 步长 0.8867 预测降 2.22 ok 连败 6
轮 5727 模式 batch 损失 1242.0 步长 0.0000 预测降 0.00 no_positive_direction 连败 0
轮 5728 模式 batch 损失 1242.0 步长 0.0000 预测降 0.00 no_positive_direction 连败 1
轮 5729 模式 batch 损失 1242.0 步长 0.0000 预测降 0.00 no_positive_direction 连败 2
轮 5730 模式 batch 损失 1242.0 步长 0.0000 预测降 0.00 no_positive_direction 连败 3
轮 5731 模式 batch 损失 1242.0 步长 0.0000 预测降 0.00 no_positive_direction 连败 4
轮 5732 模式 batch 损失 1242.0 步长 0.0000 预测降 0.00 no_positive_direction 连败 5
轮 5733 模式 rescue 损失 1242.0 步长 2.0000 预测降 2.00 ok 连败 6
轮 5734 模式 batch 损失 1240.0 步长 0.0000 预测降 0.00 no_positive_direction 连败 0
轮 5735 模式 batch 损失 1240.0 步长 0.0000 预测降 0.00 no_positive_direction 连败 1
轮 5736 模式 batch 损失 1240.0 步长 0.0000 预测降 0.00 no_positive_direction 连败 2
轮 5737 模式 batch 损失 1240.0 步长 0.0000 预测降 0.00 no_positive_direction 连败 3
轮 5738 模式 batch 损失 1240.0 步长 0.0000 预测降 0.00 no_positive_direction 连败 4
轮 5739 模式 batch 损失 1240.0 步长 0.0000 预测降 0.00 no_positive_direction 连败 5
轮 5740 模式 rescue 损失 1240.0 步长 2.0000 预测降 2.00 ok 连败 6
轮 5741 模式 batch 损失 1238.0 步长 0.0000 预测降 0.00 no_positive_direction 连败 0
轮 5742 模式 batch 损失 1238.0 步长 0.0000 预测降 0.00 no_positive_direction 连败 1
轮 5743 模式 batch 损失 1238.0 步长 0.0000 预测降 0.00 no_positive_direction 连败 2
轮 5744 模式 batch 损失 1238.0 步长 0.0000 预测降 0.00 no_positive_direction 连败 3
轮 5745 模式 batch 损失 1238.0 步长 0.0000 预测降 0.00 no_positive_direction 连败 4
轮 5746 模式 batch 损失 1238.0 步长 0.0000 预测降 0.00 no_positive_direction 连败 5
轮 5747 模式 rescue 损失 1238.0 步长 2.0000 预测降 2.00 ok 连败 6
轮 5748 模式 batch 损失 1236.0 步长 0.0000 预测降 0.00 no_positive_direction 连败 0
轮 5749 模式 batch 损失 1236.0 步长 0.0000 预测降 0.00 no_positive_direction 连败 1
轮 5750 模式 batch 损失 1236.0 步长 0.0000 预测降 0.00 no_positive_direction 连败 2
轮 5751 模式 batch 损失 1236.0 步长 0.0000 预测降 0.00 no_positive_direction 连败 3
轮 5752 模式 batch 损失 1236.0 步长 0.0000 预测降 0.00 no_positive_direction 连败 4
轮 5753 模式 batch 损失 1236.0 步长 0.0000 预测降 0.00 no_positive_direction 连败 5
轮 5754 模式 rescue 损失 1236.0 步长 1.9995 预测降 8.00 ok 连败 6
轮 5755 模式 batch 损失 1228.0 步长 0.0000 预测降 0.00 no_positive_direction 连败 0
轮 5756 模式 batch 损失 1228.0 步长 0.0000 预测降 0.00 no_positive_direction 连败 1
轮 5757 模式 batch 损失 1228.0 步长 0.0000 预测降 0.00 no_positive_direction 连败 2
轮 5758 模式 batch 损失 1228.0 步长 0.0000 预测降 0.00 no_positive_direction 连败 3
轮 5759 模式 batch 损失 1228.0 步长 0.0000 预测降 0.00 no_positive_direction 连败 4
轮 5760 模式 batch 损失 1228.0 步长 0.0000 预测降 0.00 no_positive_direction 连败 5
轮 5761 模式 rescue 损失 1228.0 步长 1.9999 预测降 4.00 ok 连败 6
轮 5762 模式 batch 损失 1224.0 步长 0.0000 预测降 0.00 no_positive_direction 连败 0
轮 5763 模式 batch 损失 1224.0 步长 0.0000 预测降 0.00 no_positive_direction 连败 1
轮 5764 模式 batch 损失 1224.0 步长 0.0000 预测降 0.00 no_positive_direction 连败 2
轮 5765 模式 batch 损失 1224.0 步长 0.0000 预测降 0.00 no_positive_direction 连败 3
轮 5766 模式 batch 损失 1224.0 步长 0.0000 预测降 0.00 no_positive_direction 连败 4
轮 5767 模式 batch 损失 1224.0 步长 0.0000 预测降 0.00 no_positive_direction 连败 5
轮 5768 模式 rescue 损失 1224.0 步长 1.2940 预测降 7.76 ok 连败 6
轮 5769 模式 batch 损失 1220.0 步长 0.0000 预测降 0.00 no_positive_direction 连败 0
轮 5770 模式 batch 损失 1220.0 步长 0.0000 预测降 0.00 no_positive_direction 连败 1
轮 5771 模式 batch 损失 1220.0 步长 0.0000 预测降 0.00 no_positive_direction 连败 2
轮 5772 模式 batch 损失 1220.0 步长 0.0000 预测降 0.00 no_positive_direction 连败 3
轮 5773 模式 batch 损失 1220.0 步长 0.0000 预测降 0.00 no_positive_direction 连败 4
轮 5774 模式 batch 损失 1220.0 步长 0.0000 预测降 0.00 no_positive_direction 连败 5
轮 5775 模式 rescue 损失 1220.0 步长 1.4231 预测降 4.27 ok 连败 6
轮 5776 模式 batch 损失 1218.0 步长 0.0000 预测降 0.00 no_positive_direction 连败 0
轮 5777 模式 batch 损失 1218.0 步长 0.0000 预测降 0.00 no_positive_direction 连败 1
轮 5778 模式 batch 损失 1218.0 步长 0.0000 预测降 0.00 no_positive_direction 连败 2
轮 5779 模式 batch 损失 1218.0 步长 0.0000 预测降 0.00 no_positive_direction 连败 3
轮 5780 模式 batch 损失 1218.0 步长 0.0000 预测降 0.00 no_positive_direction 连败 4
轮 5781 模式 batch 损失 1218.0 步长 0.0000 预测降 0.00 no_positive_direction 连败 5
轮 5782 模式 rescue 损失 1218.0 步长 2.0000 预测降 2.00 ok 连败 6
轮 5783 模式 batch 损失 1216.0 步长 0.0000 预测降 0.00 no_positive_direction 连败 0
轮 5784 模式 batch 损失 1216.0 步长 0.0000 预测降 0.00 no_positive_direction 连败 1
轮 5785 模式 batch 损失 1216.0 步长 0.0000 预测降 0.00 no_positive_direction 连败 2
轮 5786 模式 batch 损失 1216.0 步长 0.0000 预测降 0.00 no_positive_direction 连败 3
轮 5787 模式 batch 损失 1216.0 步长 0.0000 预测降 0.00 no_positive_direction 连败 4
轮 5788 模式 batch 损失 1216.0 步长 0.0000 预测降 0.00 no_positive_direction 连败 5
轮 5789 模式 rescue 损失 1216.0 步长 1.6866 预测降 5.06 ok 连败 6
轮 5790 模式 batch 损失 1212.0 步长 0.0000 预测降 0.00 no_positive_direction 连败 0
轮 5791 模式 batch 损失 1212.0 步长 0.0000 预测降 0.00 no_positive_direction 连败 1
轮 5792 模式 batch 损失 1212.0 步长 0.0000 预测降 0.00 no_positive_direction 连败 2
轮 5793 模式 batch 损失 1212.0 步长 0.0000 预测降 0.00 no_positive_direction 连败 3
轮 5794 模式 batch 损失 1212.0 步长 0.0000 预测降 0.00 no_positive_direction 连败 4
轮 5795 模式 batch 损失 1212.0 步长 0.0000 预测降 0.00 no_positive_direction 连败 5
轮 5796 模式 rescue 损失 1212.0 步长 0.0000 预测降 0.00 no_positive_direction 连败 6
轮 5797 模式 batch 损失 1212.0 步长 0.0000 预测降 0.00 no_positive_direction 连败 7
轮 5798 模式 batch 损失 1212.0 步长 0.0000 预测降 0.00 no_positive_direction 连败 8
轮 5799 模式 batch 损失 1212.0 步长 0.0000 预测降 0.00 no_positive_direction 连败 9
轮 5800 模式 rescue 损失 1212.0 步长 1.6846 预测降 3.37 ok 连败 10
轮 5801 模式 batch 损失 1208.0 步长 0.0000 预测降 0.00 no_positive_direction 连败 0
轮 5802 模式 batch 损失 1208.0 步长 0.0000 预测降 0.00 no_positive_direction 连败 1
轮 5803 模式 batch 损失 1208.0 步长 0.0000 预测降 0.00 no_positive_direction 连败 2
轮 5804 模式 batch 损失 1208.0 步长 0.0000 预测降 0.00 no_positive_direction 连败 3
轮 5805 模式 batch 损失 1208.0 步长 0.0000 预测降 0.00 no_positive_direction 连败 4
轮 5806 模式 batch 损失 1208.0 步长 0.0000 预测降 0.00 no_positive_direction 连败 5
轮 5807 模式 rescue 损失 1208.0 步长 1.2016 预测降 12.02 ok 连败 6
轮 5808 模式 batch 损失 1196.0 步长 0.0000 预测降 0.00 no_positive_direction 连败 0
轮 5809 模式 batch 损失 1196.0 步长 0.0000 预测降 0.00 no_positive_direction 连败 1
轮 5810 模式 batch 损失 1196.0 步长 0.0000 预测降 0.00 no_positive_direction 连败 2
轮 5811 模式 batch 损失 1196.0 步长 0.0000 预测降 0.00 no_positive_direction 连败 3
轮 5812 模式 batch 损失 1196.0 步长 0.0000 预测降 0.00 no_positive_direction 连败 4
轮 5813 模式 batch 损失 1196.0 步长 0.0000 预测降 0.00 no_positive_direction 连败 5
轮 5814 模式 rescue 损失 1196.0 步长 2.0000 预测降 4.00 ok 连败 6
轮 5815 模式 batch 损失 1192.0 步长 0.0000 预测降 0.00 no_positive_direction 连败 0
轮 5816 模式 batch 损失 1192.0 步长 0.0000 预测降 0.00 no_positive_direction 连败 1
轮 5817 模式 batch 损失 1192.0 步长 0.0000 预测降 0.00 no_positive_direction 连败 2
轮 5818 模式 batch 损失 1192.0 步长 0.0000 预测降 0.00 no_positive_direction 连败 3
轮 5819 模式 batch 损失 1192.0 步长 0.0000 预测降 0.00 no_positive_direction 连败 4
轮 5820 模式 batch 损失 1192.0 步长 0.0000 预测降 0.00 no_positive_direction 连败 5
轮 5821 模式 rescue 损失 1192.0 步长 1.9682 预测降 3.94 ok 连败 6
轮 5822 模式 batch 损失 1190.0 步长 0.0000 预测降 0.00 no_positive_direction 连败 0
轮 5823 模式 batch 损失 1190.0 步长 0.0000 预测降 0.00 no_positive_direction 连败 1
轮 5824 模式 batch 损失 1190.0 步长 0.0000 预测降 0.00 no_positive_direction 连败 2
轮 5825 模式 batch 损失 1190.0 步长 0.0000 预测降 0.00 no_positive_direction 连败 3
轮 5826 模式 batch 损失 1190.0 步长 0.0000 预测降 0.00 no_positive_direction 连败 4
轮 5827 模式 batch 损失 1190.0 步长 0.0000 预测降 0.00 no_positive_direction 连败 5
轮 5828 模式 rescue 损失 1190.0 步长 1.6667 预测降 3.33 ok 连败 6
轮 5829 模式 batch 损失 1186.0 步长 0.0000 预测降 0.00 no_positive_direction 连败 0
轮 5830 模式 batch 损失 1186.0 步长 0.0000 预测降 0.00 no_positive_direction 连败 1
轮 5831 模式 batch 损失 1186.0 步长 0.0000 预测降 0.00 no_positive_direction 连败 2
轮 5832 模式 batch 损失 1186.0 步长 0.0000 预测降 0.00 no_positive_direction 连败 3
轮 5833 模式 batch 损失 1186.0 步长 0.0000 预测降 0.00 no_positive_direction 连败 4
轮 5834 模式 batch 损失 1186.0 步长 0.0000 预测降 0.00 no_positive_direction 连败 5
轮 5835 模式 rescue 损失 1186.0 步长 0.0000 预测降 0.00 no_positive_direction 连败 6
轮 5836 模式 batch 损失 1186.0 步长 0.0000 预测降 0.00 no_positive_direction 连败 7
轮 5837 模式 batch 损失 1186.0 步长 0.0000 预测降 0.00 no_positive_direction 连败 8
轮 5838 模式 batch 损失 1186.0 步长 0.0000 预测降 0.00 no_positive_direction 连败 9
轮 5839 模式 rescue 损失 1186.0 步长 1.6752 预测降 5.03 ok 连败 10
轮 5840 模式 batch 损失 1180.0 步长 0.0000 预测降 0.00 no_positive_direction 连败 0
轮 5841 模式 batch 损失 1180.0 步长 0.0000 预测降 0.00 no_positive_direction 连败 1
轮 5842 模式 batch 损失 1180.0 步长 0.0000 预测降 0.00 no_positive_direction 连败 2
轮 5843 模式 batch 损失 1180.0 步长 0.0000 预测降 0.00 no_positive_direction 连败 3
轮 5844 模式 batch 损失 1180.0 步长 0.0000 预测降 0.00 no_positive_direction 连败 4
轮 5845 模式 batch 损失 1180.0 步长 0.0000 预测降 0.00 no_positive_direction 连败 5
轮 5846 模式 rescue 损失 1180.0 步长 2.0000 预测降 2.00 ok 连败 6
轮 5847 模式 batch 损失 1178.0 步长 0.0000 预测降 0.00 no_positive_direction 连败 0
轮 5848 模式 batch 损失 1178.0 步长 0.0000 预测降 0.00 no_positive_direction 连败 1
轮 5849 模式 batch 损失 1178.0 步长 0.0000 预测降 0.00 no_positive_direction 连败 2
轮 5850 模式 batch 损失 1178.0 步长 0.0000 预测降 0.00 no_positive_direction 连败 3
轮 5851 模式 batch 损失 1178.0 步长 0.0000 预测降 0.00 no_positive_direction 连败 4
轮 5852 模式 batch 损失 1178.0 步长 0.0000 预测降 0.00 no_positive_direction 连败 5
轮 5853 模式 rescue 损失 1178.0 步长 2.0000 预测降 4.00 ok 连败 6
轮 5854 模式 batch 损失 1174.0 步长 0.0000 预测降 0.00 no_positive_direction 连败 0
轮 5855 模式 batch 损失 1174.0 步长 0.0000 预测降 0.00 no_positive_direction 连败 1
轮 5856 模式 batch 损失 1174.0 步长 0.0000 预测降 0.00 no_positive_direction 连败 2
轮 5857 模式 batch 损失 1174.0 步长 0.0000 预测降 0.00 no_positive_direction 连败 3
轮 5858 模式 batch 损失 1174.0 步长 0.0000 预测降 0.00 no_positive_direction 连败 4
轮 5859 模式 batch 损失 1174.0 步长 0.0000 预测降 0.00 no_positive_direction 连败 5
轮 5860 模式 rescue 损失 1174.0 步长 2.0000 预测降 2.00 ok 连败 6
轮 5861 模式 batch 损失 1172.0 步长 0.0000 预测降 0.00 no_positive_direction 连败 0
轮 5862 模式 batch 损失 1172.0 步长 0.0000 预测降 0.00 no_positive_direction 连败 1
轮 5863 模式 batch 损失 1172.0 步长 0.0000 预测降 0.00 no_positive_direction 连败 2
轮 5864 模式 batch 损失 1172.0 步长 0.0000 预测降 0.00 no_positive_direction 连败 3
轮 5865 模式 batch 损失 1172.0 步长 0.0000 预测降 0.00 no_positive_direction 连败 4
轮 5866 模式 batch 损失 1172.0 步长 0.0000 预测降 0.00 no_positive_direction 连败 5
轮 5867 模式 rescue 损失 1172.0 步长 2.0000 预测降 2.00 ok 连败 6
轮 5868 模式 batch 损失 1170.0 步长 0.0000 预测降 0.00 no_positive_direction 连败 0
轮 5869 模式 batch 损失 1170.0 步长 0.0000 预测降 0.00 no_positive_direction 连败 1
轮 5870 模式 batch 损失 1170.0 步长 0.0000 预测降 0.00 no_positive_direction 连败 2
轮 5871 模式 batch 损失 1170.0 步长 0.0000 预测降 0.00 no_positive_direction 连败 3
轮 5872 模式 batch 损失 1170.0 步长 0.0000 预测降 0.00 no_positive_direction 连败 4
轮 5873 模式 batch 损失 1170.0 步长 0.0000 预测降 0.00 no_positive_direction 连败 5
轮 5874 模式 rescue 损失 1170.0 步长 1.8096 预测降 3.62 ok 连败 6
轮 5875 模式 batch 损失 1168.0 步长 0.0000 预测降 0.00 no_positive_direction 连败 0
轮 5876 模式 batch 损失 1168.0 步长 0.0000 预测降 0.00 no_positive_direction 连败 1
轮 5877 模式 batch 损失 1168.0 步长 0.0000 预测降 0.00 no_positive_direction 连败 2
轮 5878 模式 batch 损失 1168.0 步长 0.0000 预测降 0.00 no_positive_direction 连败 3
轮 5879 模式 batch 损失 1168.0 步长 0.0000 预测降 0.00 no_positive_direction 连败 4
轮 5880 模式 batch 损失 1168.0 步长 0.0000 预测降 0.00 no_positive_direction 连败 5
轮 5881 模式 rescue 损失 1168.0 步长 1.6651 预测降 3.33 ok 连败 6
轮 5882 模式 batch 损失 1164.0 步长 0.0000 预测降 0.00 no_positive_direction 连败 0
轮 5883 模式 batch 损失 1164.0 步长 0.0000 预测降 0.00 no_positive_direction 连败 1
轮 5884 模式 batch 损失 1164.0 步长 0.0000 预测降 0.00 no_positive_direction 连败 2
轮 5885 模式 batch 损失 1164.0 步长 0.0000 预测降 0.00 no_positive_direction 连败 3
轮 5886 模式 batch 损失 1164.0 步长 0.0000 预测降 0.00 no_positive_direction 连败 4
轮 5887 模式 batch 损失 1164.0 步长 0.0000 预测降 0.00 no_positive_direction 连败 5
轮 5888 模式 rescue 损失 1164.0 步长 0.0000 预测降 0.00 no_positive_direction 连败 6
轮 5889 模式 batch 损失 1164.0 步长 0.0000 预测降 0.00 no_positive_direction 连败 7
轮 5890 模式 batch 损失 1164.0 步长 0.0000 预测降 0.00 no_positive_direction 连败 8
轮 5891 模式 batch 损失 1164.0 步长 0.0000 预测降 0.00 no_positive_direction 连败 9
轮 5892 模式 rescue 损失 1164.0 步长 2.0000 预测降 2.00 ok 连败 10
轮 5893 模式 batch 损失 1162.0 步长 0.0000 预测降 0.00 no_positive_direction 连败 0
轮 5894 模式 batch 损失 1162.0 步长 0.0000 预测降 0.00 no_positive_direction 连败 1
轮 5895 模式 batch 损失 1162.0 步长 0.0000 预测降 0.00 no_positive_direction 连败 2
轮 5896 模式 batch 损失 1162.0 步长 0.0000 预测降 0.00 no_positive_direction 连败 3
轮 5897 模式 batch 损失 1162.0 步长 0.0000 预测降 0.00 no_positive_direction 连败 4
轮 5898 模式 batch 损失 1162.0 步长 0.0000 预测降 0.00 no_positive_direction 连败 5
轮 5899 模式 rescue 损失 1162.0 步长 0.0000 预测降 0.00 no_positive_direction 连败 6
轮 5900 模式 batch 损失 1162.0 步长 0.0000 预测降 0.00 no_positive_direction 连败 7
轮 5901 模式 batch 损失 1162.0 步长 0.0000 预测降 0.00 no_positive_direction 连败 8
轮 5902 模式 batch 损失 1162.0 步长 0.0000 预测降 0.00 no_positive_direction 连败 9
轮 5903 模式 rescue 损失 1162.0 步长 1.8659 预测降 5.60 ok 连败 10
轮 5904 模式 batch 损失 1156.0 步长 0.0000 预测降 0.00 no_positive_direction 连败 0
轮 5905 模式 batch 损失 1156.0 步长 0.0000 预测降 0.00 no_positive_direction 连败 1
轮 5906 模式 batch 损失 1156.0 步长 0.0000 预测降 0.00 no_positive_direction 连败 2
轮 5907 模式 batch 损失 1156.0 步长 0.0000 预测降 0.00 no_positive_direction 连败 3
轮 5908 模式 batch 损失 1156.0 步长 0.0000 预测降 0.00 no_positive_direction 连败 4
轮 5909 模式 batch 损失 1156.0 步长 0.0000 预测降 0.00 no_positive_direction 连败 5
轮 5910 模式 rescue 损失 1156.0 步长 2.0000 预测降 2.00 ok 连败 6
轮 5911 模式 batch 损失 1154.0 步长 0.0000 预测降 0.00 no_positive_direction 连败 0
轮 5912 模式 batch 损失 1154.0 步长 0.0000 预测降 0.00 no_positive_direction 连败 1
轮 5913 模式 batch 损失 1154.0 步长 0.0000 预测降 0.00 no_positive_direction 连败 2
轮 5914 模式 batch 损失 1154.0 步长 0.0000 预测降 0.00 no_positive_direction 连败 3
轮 5915 模式 batch 损失 1154.0 步长 0.0000 预测降 0.00 no_positive_direction 连败 4
轮 5916 模式 batch 损失 1154.0 步长 0.0000 预测降 0.00 no_positive_direction 连败 5
轮 5917 模式 rescue 损失 1154.0 步长 1.9661 预测降 3.93 ok 连败 6
轮 5918 模式 batch 损失 1150.0 步长 0.0000 预测降 0.00 no_positive_direction 连败 0
轮 5919 模式 batch 损失 1150.0 步长 0.0000 预测降 0.00 no_positive_direction 连败 1
轮 5920 模式 batch 损失 1150.0 步长 0.0000 预测降 0.00 no_positive_direction 连败 2
轮 5921 模式 batch 损失 1150.0 步长 0.0000 预测降 0.00 no_positive_direction 连败 3
轮 5922 模式 batch 损失 1150.0 步长 0.0000 预测降 0.00 no_positive_direction 连败 4
轮 5923 模式 batch 损失 1150.0 步长 0.0000 预测降 0.00 no_positive_direction 连败 5
轮 5924 模式 rescue 损失 1150.0 步长 2.0000 预测降 4.00 ok 连败 6
轮 5925 模式 batch 损失 1146.0 步长 0.0000 预测降 0.00 no_positive_direction 连败 0
轮 5926 模式 batch 损失 1146.0 步长 0.0000 预测降 0.00 no_positive_direction 连败 1
轮 5927 模式 batch 损失 1146.0 步长 0.0000 预测降 0.00 no_positive_direction 连败 2
轮 5928 模式 batch 损失 1146.0 步长 0.0000 预测降 0.00 no_positive_direction 连败 3
轮 5929 模式 batch 损失 1146.0 步长 0.0000 预测降 0.00 no_positive_direction 连败 4
轮 5930 模式 batch 损失 1146.0 步长 0.0000 预测降 0.00 no_positive_direction 连败 5
轮 5931 模式 rescue 损失 1146.0 步长 2.0000 预测降 2.00 ok 连败 6
轮 5932 模式 batch 损失 1144.0 步长 0.0000 预测降 0.00 no_positive_direction 连败 0
轮 5933 模式 batch 损失 1144.0 步长 0.0000 预测降 0.00 no_positive_direction 连败 1
轮 5934 模式 batch 损失 1144.0 步长 0.0000 预测降 0.00 no_positive_direction 连败 2
轮 5935 模式 batch 损失 1144.0 步长 0.0000 预测降 0.00 no_positive_direction 连败 3
轮 5936 模式 batch 损失 1144.0 步长 0.0000 预测降 0.00 no_positive_direction 连败 4
轮 5937 模式 batch 损失 1144.0 步长 0.0000 预测降 0.00 no_positive_direction 连败 5
轮 5938 模式 rescue 损失 1144.0 步长 0.0000 预测降 0.00 no_positive_direction 连败 6
轮 5939 模式 batch 损失 1144.0 步长 0.0000 预测降 0.00 no_positive_direction 连败 7
轮 5940 模式 batch 损失 1144.0 步长 0.0000 预测降 0.00 no_positive_direction 连败 8
轮 5941 模式 batch 损失 1144.0 步长 0.0000 预测降 0.00 no_positive_direction 连败 9
轮 5942 模式 rescue 损失 1144.0 步长 1.0889 预测降 5.44 ok 连败 10
轮 5943 模式 batch 损失 1138.0 步长 0.0000 预测降 0.00 no_positive_direction 连败 0
轮 5944 模式 batch 损失 1138.0 步长 0.0000 预测降 0.00 no_positive_direction 连败 1
轮 5945 模式 batch 损失 1138.0 步长 0.0000 预测降 0.00 no_positive_direction 连败 2
轮 5946 模式 batch 损失 1138.0 步长 0.0000 预测降 0.00 no_positive_direction 连败 3
轮 5947 模式 batch 损失 1138.0 步长 0.0000 预测降 0.00 no_positive_direction 连败 4
轮 5948 模式 batch 损失 1138.0 步长 0.0000 预测降 0.00 no_positive_direction 连败 5
轮 5949 模式 rescue 损失 1138.0 步长 2.0000 预测降 2.00 ok 连败 6
轮 5950 模式 batch 损失 1136.0 步长 0.0000 预测降 0.00 no_positive_direction 连败 0
轮 5951 模式 batch 损失 1136.0 步长 0.0000 预测降 0.00 no_positive_direction 连败 1
轮 5952 模式 batch 损失 1136.0 步长 0.0000 预测降 0.00 no_positive_direction 连败 2
轮 5953 模式 batch 损失 1136.0 步长 0.0000 预测降 0.00 no_positive_direction 连败 3
轮 5954 模式 batch 损失 1136.0 步长 0.0000 预测降 0.00 no_positive_direction 连败 4
轮 5955 模式 batch 损失 1136.0 步长 0.0000 预测降 0.00 no_positive_direction 连败 5
轮 5956 模式 rescue 损失 1136.0 步长 1.6455 预测降 3.29 ok 连败 6
轮 5957 模式 batch 损失 1132.0 步长 0.0000 预测降 0.00 no_positive_direction 连败 0
轮 5958 模式 batch 损失 1132.0 步长 0.0000 预测降 0.00 no_positive_direction 连败 1
轮 5959 模式 batch 损失 1132.0 步长 0.0000 预测降 0.00 no_positive_direction 连败 2
轮 5960 模式 batch 损失 1132.0 步长 0.0000 预测降 0.00 no_positive_direction 连败 3
轮 5961 模式 batch 损失 1132.0 步长 0.0000 预测降 0.00 no_positive_direction 连败 4
轮 5962 模式 batch 损失 1132.0 步长 0.0000 预测降 0.00 no_positive_direction 连败 5
轮 5963 模式 rescue 损失 1132.0 步长 2.0000 预测降 2.00 ok 连败 6
轮 5964 模式 batch 损失 1130.0 步长 0.0000 预测降 0.00 no_positive_direction 连败 0
轮 5965 模式 batch 损失 1130.0 步长 0.0000 预测降 0.00 no_positive_direction 连败 1
轮 5966 模式 batch 损失 1130.0 步长 0.0000 预测降 0.00 no_positive_direction 连败 2
轮 5967 模式 batch 损失 1130.0 步长 0.0000 预测降 0.00 no_positive_direction 连败 3
轮 5968 模式 batch 损失 1130.0 步长 0.0000 预测降 0.00 no_positive_direction 连败 4
轮 5969 模式 batch 损失 1130.0 步长 0.0000 预测降 0.00 no_positive_direction 连败 5
轮 5970 模式 rescue 损失 1130.0 步长 2.0000 预测降 4.00 ok 连败 6
轮 5971 模式 batch 损失 1126.0 步长 0.0000 预测降 0.00 no_positive_direction 连败 0
轮 5972 模式 batch 损失 1126.0 步长 0.0000 预测降 0.00 no_positive_direction 连败 1
轮 5973 模式 batch 损失 1126.0 步长 0.0000 预测降 0.00 no_positive_direction 连败 2
轮 5974 模式 batch 损失 1126.0 步长 0.0000 预测降 0.00 no_positive_direction 连败 3
轮 5975 模式 batch 损失 1126.0 步长 0.0000 预测降 0.00 no_positive_direction 连败 4
轮 5976 模式 batch 损失 1126.0 步长 0.0000 预测降 0.00 no_positive_direction 连败 5
轮 5977 模式 rescue 损失 1126.0 步长 1.8733 预测降 3.75 ok 连败 6
轮 5978 模式 batch 损失 1122.0 步长 0.0000 预测降 0.00 no_positive_direction 连败 0
轮 5979 模式 batch 损失 1122.0 步长 0.0000 预测降 0.00 no_positive_direction 连败 1
轮 5980 模式 batch 损失 1122.0 步长 0.0000 预测降 0.00 no_positive_direction 连败 2
轮 5981 模式 batch 损失 1122.0 步长 0.0000 预测降 0.00 no_positive_direction 连败 3
轮 5982 模式 batch 损失 1122.0 步长 0.0000 预测降 0.00 no_positive_direction 连败 4
轮 5983 模式 batch 损失 1122.0 步长 0.0000 预测降 0.00 no_positive_direction 连败 5
轮 5984 模式 rescue 损失 1122.0 步长 1.5614 预测降 4.68 ok 连败 6
轮 5985 模式 batch 损失 1116.0 步长 0.0000 预测降 0.00 no_positive_direction 连败 0
轮 5986 模式 batch 损失 1116.0 步长 0.0000 预测降 0.00 no_positive_direction 连败 1
轮 5987 模式 batch 损失 1116.0 步长 0.0000 预测降 0.00 no_positive_direction 连败 2
轮 5988 模式 batch 损失 1116.0 步长 0.0000 预测降 0.00 no_positive_direction 连败 3
轮 5989 模式 batch 损失 1116.0 步长 0.0000 预测降 0.00 no_positive_direction 连败 4
轮 5990 模式 batch 损失 1116.0 步长 0.0000 预测降 0.00 no_positive_direction 连败 5
轮 5991 模式 rescue 损失 1116.0 步长 2.0000 预测降 2.00 ok 连败 6
轮 5992 模式 batch 损失 1114.0 步长 0.0000 预测降 0.00 no_positive_direction 连败 0
轮 5993 模式 batch 损失 1114.0 步长 0.0000 预测降 0.00 no_positive_direction 连败 1
轮 5994 模式 batch 损失 1114.0 步长 0.0000 预测降 0.00 no_positive_direction 连败 2
轮 5995 模式 batch 损失 1114.0 步长 0.0000 预测降 0.00 no_positive_direction 连败 3
轮 5996 模式 batch 损失 1114.0 步长 0.0000 预测降 0.00 no_positive_direction 连败 4
轮 5997 模式 batch 损失 1114.0 步长 0.0000 预测降 0.00 no_positive_direction 连败 5
轮 5998 模式 rescue 损失 1114.0 步长 1.9689 预测降 3.94 ok 连败 6
轮 5999 模式 batch 损失 1110.0 步长 0.0000 预测降 0.00 no_positive_direction 连败 0
轮 6000 模式 batch 损失 1110.0 步长 0.0000 预测降 0.00 no_positive_direction 连败 1
轮 6001 模式 batch 损失 1110.0 步长 0.0000 预测降 0.00 no_positive_direction 连败 2
轮 6002 模式 batch 损失 1110.0 步长 0.0000 预测降 0.00 no_positive_direction 连败 3
轮 6003 模式 batch 损失 1110.0 步长 0.0000 预测降 0.00 no_positive_direction 连败 4
轮 6004 模式 batch 损失 1110.0 步长 0.0000 预测降 0.00 no_positive_direction 连败 5
轮 6005 模式 rescue 损失 1110.0 步长 1.5833 预测降 3.17 ok 连败 6
轮 6006 模式 batch 损失 1108.0 步长 0.0000 预测降 0.00 no_positive_direction 连败 0
轮 6007 模式 batch 损失 1108.0 步长 0.0000 预测降 0.00 no_positive_direction 连败 1
轮 6008 模式 batch 损失 1108.0 步长 0.0000 预测降 0.00 no_positive_direction 连败 2
轮 6009 模式 batch 损失 1108.0 步长 0.0000 预测降 0.00 no_positive_direction 连败 3
轮 6010 模式 batch 损失 1108.0 步长 0.0000 预测降 0.00 no_positive_direction 连败 4
轮 6011 模式 batch 损失 1108.0 步长 0.0000 预测降 0.00 no_positive_direction 连败 5
轮 6012 模式 rescue 损失 1108.0 步长 1.5715 预测降 4.71 ok 连败 6
轮 6013 模式 batch 损失 1104.0 步长 0.0000 预测降 0.00 no_positive_direction 连败 0
轮 6014 模式 batch 损失 1104.0 步长 0.0000 预测降 0.00 no_positive_direction 连败 1
轮 6015 模式 batch 损失 1104.0 步长 0.0000 预测降 0.00 no_positive_direction 连败 2
轮 6016 模式 batch 损失 1104.0 步长 0.0000 预测降 0.00 no_positive_direction 连败 3
轮 6017 模式 batch 损失 1104.0 步长 0.0000 预测降 0.00 no_positive_direction 连败 4
轮 6018 模式 batch 损失 1104.0 步长 0.0000 预测降 0.00 no_positive_direction 连败 5
轮 6019 模式 rescue 损失 1104.0 步长 2.0000 预测降 2.00 ok 连败 6
轮 6020 模式 batch 损失 1102.0 步长 0.0000 预测降 0.00 no_positive_direction 连败 0
轮 6021 模式 batch 损失 1102.0 步长 0.0000 预测降 0.00 no_positive_direction 连败 1
轮 6022 模式 batch 损失 1102.0 步长 0.0000 预测降 0.00 no_positive_direction 连败 2
轮 6023 模式 batch 损失 1102.0 步长 0.0000 预测降 0.00 no_positive_direction 连败 3
轮 6024 模式 batch 损失 1102.0 步长 0.0000 预测降 0.00 no_positive_direction 连败 4
轮 6025 模式 batch 损失 1102.0 步长 0.0000 预测降 0.00 no_positive_direction 连败 5
轮 6026 模式 rescue 损失 1102.0 步长 0.0000 预测降 0.00 no_positive_direction 连败 6
轮 6027 模式 batch 损失 1102.0 步长 0.0000 预测降 0.00 no_positive_direction 连败 7
轮 6028 模式 batch 损失 1102.0 步长 0.0000 预测降 0.00 no_positive_direction 连败 8
轮 6029 模式 batch 损失 1102.0 步长 0.0000 预测降 0.00 no_positive_direction 连败 9
轮 6030 模式 rescue 损失 1102.0 步长 2.0000 预测降 2.00 ok 连败 10
轮 6031 模式 batch 损失 1100.0 步长 0.0000 预测降 0.00 no_positive_direction 连败 0
轮 6032 模式 batch 损失 1100.0 步长 0.0000 预测降 0.00 no_positive_direction 连败 1
轮 6033 模式 batch 损失 1100.0 步长 0.0000 预测降 0.00 no_positive_direction 连败 2
轮 6034 模式 batch 损失 1100.0 步长 0.0000 预测降 0.00 no_positive_direction 连败 3
轮 6035 模式 batch 损失 1100.0 步长 0.0000 预测降 0.00 no_positive_direction 连败 4
轮 6036 模式 batch 损失 1100.0 步长 0.0000 预测降 0.00 no_positive_direction 连败 5
轮 6037 模式 rescue 损失 1100.0 步长 0.0000 预测降 0.00 no_positive_direction 连败 6
轮 6038 模式 batch 损失 1100.0 步长 0.0000 预测降 0.00 no_positive_direction 连败 7
轮 6039 模式 batch 损失 1100.0 步长 0.0000 预测降 0.00 no_positive_direction 连败 8
轮 6040 模式 batch 损失 1100.0 步长 0.0000 预测降 0.00 no_positive_direction 连败 9
轮 6041 模式 rescue 损失 1100.0 步长 0.0000 预测降 0.00 no_positive_direction 连败 10
轮 6042 模式 batch 损失 1100.0 步长 0.0000 预测降 0.00 no_positive_direction 连败 11
轮 6043 模式 batch 损失 1100.0 步长 0.0000 预测降 0.00 no_positive_direction 连败 12
轮 6044 模式 batch 损失 1100.0 步长 0.0000 预测降 0.00 no_positive_direction 连败 13
轮 6045 模式 rescue 损失 1100.0 步长 0.0000 预测降 0.00 no_positive_direction 连败 14
轮 6046 模式 batch 损失 1100.0 步长 0.0000 预测降 0.00 no_positive_direction 连败 15
轮 6047 模式 batch 损失 1100.0 步长 0.0000 预测降 0.00 no_positive_direction 连败 16
轮 6048 模式 batch 损失 1100.0 步长 0.0000 预测降 0.00 no_positive_direction 连败 17
轮 6049 模式 rescue 损失 1100.0 步长 0.0000 预测降 0.00 no_positive_direction 连败 18
轮 6050 模式 batch 损失 1100.0 步长 0.0000 预测降 0.00 no_positive_direction 连败 19
轮 6051 模式 batch 损失 1100.0 步长 0.0000 预测降 0.00 no_positive_direction 连败 20
轮 6052 模式 batch 损失 1100.0 步长 0.0000 预测降 0.00 no_positive_direction 连败 21
轮 6053 模式 rescue 损失 1100.0 步长 2.0000 预测降 4.00 ok 连败 22
轮 6054 模式 batch 损失 1096.0 步长 0.0000 预测降 0.00 no_positive_direction 连败 0
轮 6055 模式 batch 损失 1096.0 步长 0.0000 预测降 0.00 no_positive_direction 连败 1
轮 6056 模式 batch 损失 1096.0 步长 0.0000 预测降 0.00 no_positive_direction 连败 2
轮 6057 模式 batch 损失 1096.0 步长 0.0000 预测降 0.00 no_positive_direction 连败 3
轮 6058 模式 batch 损失 1096.0 步长 0.0000 预测降 0.00 no_positive_direction 连败 4
轮 6059 模式 batch 损失 1096.0 步长 0.0000 预测降 0.00 no_positive_direction 连败 5
轮 6060 模式 rescue 损失 1096.0 步长 2.0000 预测降 2.00 ok 连败 6
轮 6061 模式 batch 损失 1094.0 步长 0.0000 预测降 0.00 no_positive_direction 连败 0
轮 6062 模式 batch 损失 1094.0 步长 0.0000 预测降 0.00 no_positive_direction 连败 1
轮 6063 模式 batch 损失 1094.0 步长 0.0000 预测降 0.00 no_positive_direction 连败 2
轮 6064 模式 batch 损失 1094.0 步长 0.0000 预测降 0.00 no_positive_direction 连败 3
轮 6065 模式 batch 损失 1094.0 步长 0.0000 预测降 0.00 no_positive_direction 连败 4
轮 6066 模式 batch 损失 1094.0 步长 0.0000 预测降 0.00 no_positive_direction 连败 5
轮 6067 模式 rescue 损失 1094.0 步长 0.0000 预测降 0.00 no_positive_direction 连败 6
轮 6068 模式 batch 损失 1094.0 步长 0.0000 预测降 0.00 no_positive_direction 连败 7
轮 6069 模式 batch 损失 1094.0 步长 0.0000 预测降 0.00 no_positive_direction 连败 8
轮 6070 模式 batch 损失 1094.0 步长 0.0000 预测降 0.00 no_positive_direction 连败 9
轮 6071 模式 rescue 损失 1094.0 步长 0.0000 预测降 0.00 no_positive_direction 连败 10
轮 6072 模式 batch 损失 1094.0 步长 0.0000 预测降 0.00 no_positive_direction 连败 11
轮 6073 模式 batch 损失 1094.0 步长 0.0000 预测降 0.00 no_positive_direction 连败 12
轮 6074 模式 batch 损失 1094.0 步长 0.0000 预测降 0.00 no_positive_direction 连败 13
轮 6075 模式 rescue 损失 1094.0 步长 2.0000 预测降 2.00 ok 连败 14
轮 6076 模式 batch 损失 1092.0 步长 0.0000 预测降 0.00 no_positive_direction 连败 0
轮 6077 模式 batch 损失 1092.0 步长 0.0000 预测降 0.00 no_positive_direction 连败 1
轮 6078 模式 batch 损失 1092.0 步长 0.0000 预测降 0.00 no_positive_direction 连败 2
轮 6079 模式 batch 损失 1092.0 步长 0.0000 预测降 0.00 no_positive_direction 连败 3
轮 6080 模式 batch 损失 1092.0 步长 0.0000 预测降 0.00 no_positive_direction 连败 4
轮 6081 模式 batch 损失 1092.0 步长 0.0000 预测降 0.00 no_positive_direction 连败 5
轮 6082 模式 rescue 损失 1092.0 步长 1.6990 预测降 3.40 ok 连败 6
轮 6083 模式 batch 损失 1088.0 步长 0.0000 预测降 0.00 no_positive_direction 连败 0
轮 6084 模式 batch 损失 1088.0 步长 0.0000 预测降 0.00 no_positive_direction 连败 1
轮 6085 模式 batch 损失 1088.0 步长 0.0000 预测降 0.00 no_positive_direction 连败 2
轮 6086 模式 batch 损失 1088.0 步长 0.0000 预测降 0.00 no_positive_direction 连败 3
轮 6087 模式 batch 损失 1088.0 步长 0.0000 预测降 0.00 no_positive_direction 连败 4
轮 6088 模式 batch 损失 1088.0 步长 0.0000 预测降 0.00 no_positive_direction 连败 5
轮 6089 模式 rescue 损失 1088.0 步长 2.0000 预测降 2.00 ok 连败 6
轮 6090 模式 batch 损失 1086.0 步长 0.0000 预测降 0.00 no_positive_direction 连败 0
轮 6091 模式 batch 损失 1086.0 步长 0.0000 预测降 0.00 no_positive_direction 连败 1
轮 6092 模式 batch 损失 1086.0 步长 0.0000 预测降 0.00 no_positive_direction 连败 2
轮 6093 模式 batch 损失 1086.0 步长 0.0000 预测降 0.00 no_positive_direction 连败 3
轮 6094 模式 batch 损失 1086.0 步长 0.0000 预测降 0.00 no_positive_direction 连败 4
轮 6095 模式 batch 损失 1086.0 步长 0.0000 预测降 0.00 no_positive_direction 连败 5
轮 6096 模式 rescue 损失 1086.0 步长 0.0000 预测降 0.00 no_positive_direction 连败 6
轮 6097 模式 batch 损失 1086.0 步长 0.0000 预测降 0.00 no_positive_direction 连败 7
轮 6098 模式 batch 损失 1086.0 步长 0.0000 预测降 0.00 no_positive_direction 连败 8
轮 6099 模式 batch 损失 1086.0 步长 0.0000 预测降 0.00 no_positive_direction 连败 9
轮 6100 模式 rescue 损失 1086.0 步长 0.0000 预测降 0.00 no_positive_direction 连败 10
轮 6101 模式 batch 损失 1086.0 步长 0.0000 预测降 0.00 no_positive_direction 连败 11
轮 6102 模式 batch 损失 1086.0 步长 0.0000 预测降 0.00 no_positive_direction 连败 12
轮 6103 模式 batch 损失 1086.0 步长 0.0000 预测降 0.00 no_positive_direction 连败 13
轮 6104 模式 rescue 损失 1086.0 步长 1.3777 预测降 4.13 ok 连败 14
轮 6105 模式 batch 损失 1082.0 步长 0.0000 预测降 0.00 no_positive_direction 连败 0
轮 6106 模式 batch 损失 1082.0 步长 0.0000 预测降 0.00 no_positive_direction 连败 1
轮 6107 模式 batch 损失 1082.0 步长 0.0000 预测降 0.00 no_positive_direction 连败 2
轮 6108 模式 batch 损失 1082.0 步长 0.0000 预测降 0.00 no_positive_direction 连败 3
轮 6109 模式 batch 损失 1082.0 步长 0.0000 预测降 0.00 no_positive_direction 连败 4
轮 6110 模式 batch 损失 1082.0 步长 0.0000 预测降 0.00 no_positive_direction 连败 5
轮 6111 模式 rescue 损失 1082.0 步长 0.0000 预测降 0.00 no_positive_direction 连败 6
轮 6112 模式 batch 损失 1082.0 步长 0.0000 预测降 0.00 no_positive_direction 连败 7
轮 6113 模式 batch 损失 1082.0 步长 0.0000 预测降 0.00 no_positive_direction 连败 8
轮 6114 模式 batch 损失 1082.0 步长 0.0000 预测降 0.00 no_positive_direction 连败 9
轮 6115 模式 rescue 损失 1082.0 步长 0.0000 预测降 0.00 no_positive_direction 连败 10
轮 6116 模式 batch 损失 1082.0 步长 0.0000 预测降 0.00 no_positive_direction 连败 11
轮 6117 模式 batch 损失 1082.0 步长 0.0000 预测降 0.00 no_positive_direction 连败 12
轮 6118 模式 batch 损失 1082.0 步长 0.0000 预测降 0.00 no_positive_direction 连败 13
轮 6119 模式 rescue 损失 1082.0 步长 0.0000 预测降 0.00 no_positive_direction 连败 14
轮 6120 模式 batch 损失 1082.0 步长 0.0000 预测降 0.00 no_positive_direction 连败 15
轮 6121 模式 batch 损失 1082.0 步长 0.0000 预测降 0.00 no_positive_direction 连败 16
轮 6122 模式 batch 损失 1082.0 步长 0.0000 预测降 0.00 no_positive_direction 连败 17
轮 6123 模式 rescue 损失 1082.0 步长 0.0000 预测降 0.00 no_positive_direction 连败 18
轮 6124 模式 batch 损失 1082.0 步长 0.0000 预测降 0.00 no_positive_direction 连败 19
轮 6125 模式 batch 损失 1082.0 步长 0.0000 预测降 0.00 no_positive_direction 连败 20
轮 6126 模式 batch 损失 1082.0 步长 0.0000 预测降 0.00 no_positive_direction 连败 21
轮 6127 模式 rescue 损失 1082.0 步长 1.9893 预测降 3.98 ok 连败 22
轮 6128 模式 batch 损失 1078.0 步长 0.0000 预测降 0.00 no_positive_direction 连败 0
轮 6129 模式 batch 损失 1078.0 步长 0.0000 预测降 0.00 no_positive_direction 连败 1
轮 6130 模式 batch 损失 1078.0 步长 0.0000 预测降 0.00 no_positive_direction 连败 2
轮 6131 模式 batch 损失 1078.0 步长 0.0000 预测降 0.00 no_positive_direction 连败 3
轮 6132 模式 batch 损失 1078.0 步长 0.0000 预测降 0.00 no_positive_direction 连败 4
轮 6133 模式 batch 损失 1078.0 步长 0.0000 预测降 0.00 no_positive_direction 连败 5
轮 6134 模式 rescue 损失 1078.0 步长 2.0000 预测降 2.00 ok 连败 6
轮 6135 模式 batch 损失 1076.0 步长 0.0000 预测降 0.00 no_positive_direction 连败 0
轮 6136 模式 batch 损失 1076.0 步长 0.0000 预测降 0.00 no_positive_direction 连败 1
轮 6137 模式 batch 损失 1076.0 步长 0.0000 预测降 0.00 no_positive_direction 连败 2
轮 6138 模式 batch 损失 1076.0 步长 0.0000 预测降 0.00 no_positive_direction 连败 3
轮 6139 模式 batch 损失 1076.0 步长 0.0000 预测降 0.00 no_positive_direction 连败 4
轮 6140 模式 batch 损失 1076.0 步长 0.0000 预测降 0.00 no_positive_direction 连败 5
轮 6141 模式 rescue 损失 1076.0 步长 0.0000 预测降 0.00 no_positive_direction 连败 6
轮 6142 模式 batch 损失 1076.0 步长 0.0000 预测降 0.00 no_positive_direction 连败 7
轮 6143 模式 batch 损失 1076.0 步长 0.0000 预测降 0.00 no_positive_direction 连败 8
轮 6144 模式 batch 损失 1076.0 步长 0.0000 预测降 0.00 no_positive_direction 连败 9
轮 6145 模式 rescue 损失 1076.0 步长 0.0000 预测降 0.00 no_positive_direction 连败 10
轮 6146 模式 batch 损失 1076.0 步长 0.0000 预测降 0.00 no_positive_direction 连败 11
轮 6147 模式 batch 损失 1076.0 步长 0.0000 预测降 0.00 no_positive_direction 连败 12
轮 6148 模式 batch 损失 1076.0 步长 0.0000 预测降 0.00 no_positive_direction 连败 13
轮 6149 模式 rescue 损失 1076.0 步长 2.0000 预测降 2.00 ok 连败 14
轮 6150 模式 batch 损失 1074.0 步长 0.0000 预测降 0.00 no_positive_direction 连败 0
轮 6151 模式 batch 损失 1074.0 步长 0.0000 预测降 0.00 no_positive_direction 连败 1
轮 6152 模式 batch 损失 1074.0 步长 0.0000 预测降 0.00 no_positive_direction 连败 2
轮 6153 模式 batch 损失 1074.0 步长 0.0000 预测降 0.00 no_positive_direction 连败 3
轮 6154 模式 batch 损失 1074.0 步长 0.0000 预测降 0.00 no_positive_direction 连败 4
轮 6155 模式 batch 损失 1074.0 步长 0.0000 预测降 0.00 no_positive_direction 连败 5
轮 6156 模式 rescue 损失 1074.0 步长 2.0000 预测降 2.00 ok 连败 6
轮 6157 模式 batch 损失 1072.0 步长 0.0000 预测降 0.00 no_positive_direction 连败 0
轮 6158 模式 batch 损失 1072.0 步长 0.0000 预测降 0.00 no_positive_direction 连败 1
轮 6159 模式 batch 损失 1072.0 步长 0.0000 预测降 0.00 no_positive_direction 连败 2
轮 6160 模式 batch 损失 1072.0 步长 0.0000 预测降 0.00 no_positive_direction 连败 3
轮 6161 模式 batch 损失 1072.0 步长 0.0000 预测降 0.00 no_positive_direction 连败 4
轮 6162 模式 batch 损失 1072.0 步长 0.0000 预测降 0.00 no_positive_direction 连败 5
轮 6163 模式 rescue 损失 1072.0 步长 2.0000 预测降 2.00 ok 连败 6
轮 6164 模式 batch 损失 1070.0 步长 0.0000 预测降 0.00 no_positive_direction 连败 0
轮 6165 模式 batch 损失 1070.0 步长 0.0000 预测降 0.00 no_positive_direction 连败 1
轮 6166 模式 batch 损失 1070.0 步长 0.0000 预测降 0.00 no_positive_direction 连败 2
轮 6167 模式 batch 损失 1070.0 步长 0.0000 预测降 0.00 no_positive_direction 连败 3
轮 6168 模式 batch 损失 1070.0 步长 0.0000 预测降 0.00 no_positive_direction 连败 4
轮 6169 模式 batch 损失 1070.0 步长 0.0000 预测降 0.00 no_positive_direction 连败 5
轮 6170 模式 rescue 损失 1070.0 步长 0.0000 预测降 0.00 no_positive_direction 连败 6
轮 6171 模式 batch 损失 1070.0 步长 0.0000 预测降 0.00 no_positive_direction 连败 7
轮 6172 模式 batch 损失 1070.0 步长 0.0000 预测降 0.00 no_positive_direction 连败 8
轮 6173 模式 batch 损失 1070.0 步长 0.0000 预测降 0.00 no_positive_direction 连败 9
轮 6174 模式 rescue 损失 1070.0 步长 0.0000 预测降 0.00 no_positive_direction 连败 10
轮 6175 模式 batch 损失 1070.0 步长 0.0000 预测降 0.00 no_positive_direction 连败 11
轮 6176 模式 batch 损失 1070.0 步长 0.0000 预测降 0.00 no_positive_direction 连败 12
轮 6177 模式 batch 损失 1070.0 步长 0.0000 预测降 0.00 no_positive_direction 连败 13
轮 6178 模式 rescue 损失 1070.0 步长 2.0000 预测降 2.00 ok 连败 14
轮 6179 模式 batch 损失 1068.0 步长 0.0000 预测降 0.00 no_positive_direction 连败 0
轮 6180 模式 batch 损失 1068.0 步长 0.0000 预测降 0.00 no_positive_direction 连败 1
轮 6181 模式 batch 损失 1068.0 步长 0.0000 预测降 0.00 no_positive_direction 连败 2
轮 6182 模式 batch 损失 1068.0 步长 0.0000 预测降 0.00 no_positive_direction 连败 3
轮 6183 模式 batch 损失 1068.0 步长 0.0000 预测降 0.00 no_positive_direction 连败 4
轮 6184 模式 batch 损失 1068.0 步长 0.0000 预测降 0.00 no_positive_direction 连败 5
轮 6185 模式 rescue 损失 1068.0 步长 0.0000 预测降 0.00 no_positive_direction 连败 6
轮 6186 模式 batch 损失 1068.0 步长 0.0000 预测降 0.00 no_positive_direction 连败 7
轮 6187 模式 batch 损失 1068.0 步长 0.0000 预测降 0.00 no_positive_direction 连败 8
轮 6188 模式 batch 损失 1068.0 步长 0.0000 预测降 0.00 no_positive_direction 连败 9
轮 6189 模式 rescue 损失 1068.0 步长 1.3954 预测降 3.81 ok 连败 10
轮 6190 模式 batch 损失 1064.0 步长 0.0000 预测降 0.00 no_positive_direction 连败 0
轮 6191 模式 batch 损失 1064.0 步长 0.0000 预测降 0.00 no_positive_direction 连败 1
轮 6192 模式 batch 损失 1064.0 步长 0.0000 预测降 0.00 no_positive_direction 连败 2
轮 6193 模式 batch 损失 1064.0 步长 0.0000 预测降 0.00 no_positive_direction 连败 3
轮 6194 模式 batch 损失 1064.0 步长 0.0000 预测降 0.00 no_positive_direction 连败 4
轮 6195 模式 batch 损失 1064.0 步长 0.0000 预测降 0.00 no_positive_direction 连败 5
轮 6196 模式 rescue 损失 1064.0 步长 0.0000 预测降 0.00 no_positive_direction 连败 6
轮 6197 模式 batch 损失 1064.0 步长 0.0000 预测降 0.00 no_positive_direction 连败 7
轮 6198 模式 batch 损失 1064.0 步长 0.0000 预测降 0.00 no_positive_direction 连败 8
轮 6199 模式 batch 损失 1064.0 步长 0.0000 预测降 0.00 no_positive_direction 连败 9
轮 6200 模式 rescue 损失 1064.0 步长 2.0000 预测降 2.00 ok 连败 10
轮 6201 模式 batch 损失 1062.0 步长 0.0000 预测降 0.00 no_positive_direction 连败 0
轮 6202 模式 batch 损失 1062.0 步长 0.0000 预测降 0.00 no_positive_direction 连败 1
轮 6203 模式 batch 损失 1062.0 步长 0.0000 预测降 0.00 no_positive_direction 连败 2
轮 6204 模式 batch 损失 1062.0 步长 0.0000 预测降 0.00 no_positive_direction 连败 3
轮 6205 模式 batch 损失 1062.0 步长 0.0000 预测降 0.00 no_positive_direction 连败 4
轮 6206 模式 batch 损失 1062.0 步长 0.0000 预测降 0.00 no_positive_direction 连败 5
轮 6207 模式 rescue 损失 1062.0 步长 1.4553 预测降 4.37 ok 连败 6
轮 6208 模式 batch 损失 1058.0 步长 0.0000 预测降 0.00 no_positive_direction 连败 0
轮 6209 模式 batch 损失 1058.0 步长 0.0000 预测降 0.00 no_positive_direction 连败 1
轮 6210 模式 batch 损失 1058.0 步长 0.0000 预测降 0.00 no_positive_direction 连败 2
轮 6211 模式 batch 损失 1058.0 步长 0.0000 预测降 0.00 no_positive_direction 连败 3
轮 6212 模式 batch 损失 1058.0 步长 0.0000 预测降 0.00 no_positive_direction 连败 4
轮 6213 模式 batch 损失 1058.0 步长 0.0000 预测降 0.00 no_positive_direction 连败 5
轮 6214 模式 rescue 损失 1058.0 步长 2.0000 预测降 2.00 ok 连败 6
轮 6215 模式 batch 损失 1056.0 步长 0.0000 预测降 0.00 no_positive_direction 连败 0
轮 6216 模式 batch 损失 1056.0 步长 0.0000 预测降 0.00 no_positive_direction 连败 1
轮 6217 模式 batch 损失 1056.0 步长 0.0000 预测降 0.00 no_positive_direction 连败 2
轮 6218 模式 batch 损失 1056.0 步长 0.0000 预测降 0.00 no_positive_direction 连败 3
轮 6219 模式 batch 损失 1056.0 步长 0.0000 预测降 0.00 no_positive_direction 连败 4
轮 6220 模式 batch 损失 1056.0 步长 0.0000 预测降 0.00 no_positive_direction 连败 5
轮 6221 模式 rescue 损失 1056.0 步长 2.0000 预测降 2.00 ok 连败 6
轮 6222 模式 batch 损失 1054.0 步长 0.0000 预测降 0.00 no_positive_direction 连败 0
轮 6223 模式 batch 损失 1054.0 步长 0.0000 预测降 0.00 no_positive_direction 连败 1
轮 6224 模式 batch 损失 1054.0 步长 0.0000 预测降 0.00 no_positive_direction 连败 2
轮 6225 模式 batch 损失 1054.0 步长 0.0000 预测降 0.00 no_positive_direction 连败 3
轮 6226 模式 batch 损失 1054.0 步长 0.0000 预测降 0.00 no_positive_direction 连败 4
轮 6227 模式 batch 损失 1054.0 步长 0.0000 预测降 0.00 no_positive_direction 连败 5
轮 6228 模式 rescue 损失 1054.0 步长 1.9260 预测降 5.78 ok 连败 6
轮 6229 模式 batch 损失 1048.0 步长 0.0000 预测降 0.00 no_positive_direction 连败 0
轮 6230 模式 batch 损失 1048.0 步长 0.0000 预测降 0.00 no_positive_direction 连败 1
轮 6231 模式 batch 损失 1048.0 步长 0.0000 预测降 0.00 no_positive_direction 连败 2
轮 6232 模式 batch 损失 1048.0 步长 0.0000 预测降 0.00 no_positive_direction 连败 3
轮 6233 模式 batch 损失 1048.0 步长 0.0000 预测降 0.00 no_positive_direction 连败 4
轮 6234 模式 batch 损失 1048.0 步长 0.0000 预测降 0.00 no_positive_direction 连败 5
轮 6235 模式 rescue 损失 1048.0 步长 0.0000 预测降 0.00 no_positive_direction 连败 6
轮 6236 模式 batch 损失 1048.0 步长 0.0000 预测降 0.00 no_positive_direction 连败 7
轮 6237 模式 batch 损失 1048.0 步长 0.0000 预测降 0.00 no_positive_direction 连败 8
轮 6238 模式 batch 损失 1048.0 步长 0.0000 预测降 0.00 no_positive_direction 连败 9
轮 6239 模式 rescue 损失 1048.0 步长 0.0000 预测降 0.00 no_positive_direction 连败 10
轮 6240 模式 batch 损失 1048.0 步长 0.0000 预测降 0.00 no_positive_direction 连败 11
轮 6241 模式 batch 损失 1048.0 步长 0.0000 预测降 0.00 no_positive_direction 连败 12
轮 6242 模式 batch 损失 1048.0 步长 0.0000 预测降 0.00 no_positive_direction 连败 13
轮 6243 模式 rescue 损失 1048.0 步长 0.0000 预测降 0.00 no_positive_direction 连败 14
轮 6244 模式 batch 损失 1048.0 步长 0.0000 预测降 0.00 no_positive_direction 连败 15
轮 6245 模式 batch 损失 1048.0 步长 0.0000 预测降 0.00 no_positive_direction 连败 16
轮 6246 模式 batch 损失 1048.0 步长 0.0000 预测降 0.00 no_positive_direction 连败 17
轮 6247 模式 rescue 损失 1048.0 步长 0.0000 预测降 0.00 no_positive_direction 连败 18
轮 6248 模式 batch 损失 1048.0 步长 0.0000 预测降 0.00 no_positive_direction 连败 19
轮 6249 模式 batch 损失 1048.0 步长 0.0000 预测降 0.00 no_positive_direction 连败 20
轮 6250 模式 batch 损失 1048.0 步长 0.0000 预测降 0.00 no_positive_direction 连败 21
轮 6251 模式 rescue 损失 1048.0 步长 0.0000 预测降 0.00 no_positive_direction 连败 22
轮 6252 模式 batch 损失 1048.0 步长 0.0000 预测降 0.00 no_positive_direction 连败 23
轮 6253 模式 batch 损失 1048.0 步长 0.0000 预测降 0.00 no_positive_direction 连败 24
轮 6254 模式 batch 损失 1048.0 步长 0.0000 预测降 0.00 no_positive_direction 连败 25
轮 6255 模式 rescue 损失 1048.0 步长 1.9912 预测降 3.98 ok 连败 26
轮 6256 模式 batch 损失 1044.0 步长 0.0000 预测降 0.00 no_positive_direction 连败 0
轮 6257 模式 batch 损失 1044.0 步长 0.0000 预测降 0.00 no_positive_direction 连败 1
轮 6258 模式 batch 损失 1044.0 步长 0.0000 预测降 0.00 no_positive_direction 连败 2
轮 6259 模式 batch 损失 1044.0 步长 0.0000 预测降 0.00 no_positive_direction 连败 3
轮 6260 模式 batch 损失 1044.0 步长 0.0000 预测降 0.00 no_positive_direction 连败 4
轮 6261 模式 batch 损失 1044.0 步长 0.0000 预测降 0.00 no_positive_direction 连败 5
轮 6262 模式 rescue 损失 1044.0 步长 1.8000 预测降 3.60 ok 连败 6
轮 6263 模式 batch 损失 1040.0 步长 0.0000 预测降 0.00 no_positive_direction 连败 0
轮 6264 模式 batch 损失 1040.0 步长 0.0000 预测降 0.00 no_positive_direction 连败 1
轮 6265 模式 batch 损失 1040.0 步长 0.0000 预测降 0.00 no_positive_direction 连败 2
轮 6266 模式 batch 损失 1040.0 步长 0.0000 预测降 0.00 no_positive_direction 连败 3
轮 6267 模式 batch 损失 1040.0 步长 0.0000 预测降 0.00 no_positive_direction 连败 4
轮 6268 模式 batch 损失 1040.0 步长 0.0000 预测降 0.00 no_positive_direction 连败 5
轮 6269 模式 rescue 损失 1040.0 步长 1.3999 预测降 4.20 ok 连败 6
轮 6270 模式 batch 损失 1036.0 步长 0.0000 预测降 0.00 no_positive_direction 连败 0
轮 6271 模式 batch 损失 1036.0 步长 0.0000 预测降 0.00 no_positive_direction 连败 1
轮 6272 模式 batch 损失 1036.0 步长 0.0000 预测降 0.00 no_positive_direction 连败 2
轮 6273 模式 batch 损失 1036.0 步长 0.0000 预测降 0.00 no_positive_direction 连败 3
轮 6274 模式 batch 损失 1036.0 步长 0.0000 预测降 0.00 no_positive_direction 连败 4
轮 6275 模式 batch 损失 1036.0 步长 0.0000 预测降 0.00 no_positive_direction 连败 5
轮 6276 模式 rescue 损失 1036.0 步长 0.0000 预测降 0.00 no_positive_direction 连败 6
轮 6277 模式 batch 损失 1036.0 步长 0.0000 预测降 0.00 no_positive_direction 连败 7
轮 6278 模式 batch 损失 1036.0 步长 0.0000 预测降 0.00 no_positive_direction 连败 8
轮 6279 模式 batch 损失 1036.0 步长 0.0000 预测降 0.00 no_positive_direction 连败 9
轮 6280 模式 rescue 损失 1036.0 步长 2.0000 预测降 2.00 ok 连败 10
轮 6281 模式 batch 损失 1034.0 步长 0.0000 预测降 0.00 no_positive_direction 连败 0
轮 6282 模式 batch 损失 1034.0 步长 0.0000 预测降 0.00 no_positive_direction 连败 1
轮 6283 模式 batch 损失 1034.0 步长 0.0000 预测降 0.00 no_positive_direction 连败 2
轮 6284 模式 batch 损失 1034.0 步长 0.0000 预测降 0.00 no_positive_direction 连败 3
轮 6285 模式 batch 损失 1034.0 步长 0.0000 预测降 0.00 no_positive_direction 连败 4
轮 6286 模式 batch 损失 1034.0 步长 0.0000 预测降 0.00 no_positive_direction 连败 5
轮 6287 模式 rescue 损失 1034.0 步长 0.0000 预测降 0.00 no_positive_direction 连败 6
轮 6288 模式 batch 损失 1034.0 步长 0.0000 预测降 0.00 no_positive_direction 连败 7
轮 6289 模式 batch 损失 1034.0 步长 0.0000 预测降 0.00 no_positive_direction 连败 8
轮 6290 模式 batch 损失 1034.0 步长 0.0000 预测降 0.00 no_positive_direction 连败 9
轮 6291 模式 rescue 损失 1034.0 步长 0.0000 预测降 0.00 no_positive_direction 连败 10
轮 6292 模式 batch 损失 1034.0 步长 0.0000 预测降 0.00 no_positive_direction 连败 11
轮 6293 模式 batch 损失 1034.0 步长 0.0000 预测降 0.00 no_positive_direction 连败 12
轮 6294 模式 batch 损失 1034.0 步长 0.0000 预测降 0.00 no_positive_direction 连败 13
轮 6295 模式 rescue 损失 1034.0 步长 1.7465 预测降 5.24 ok 连败 14
轮 6296 模式 batch 损失 1028.0 步长 0.0000 预测降 0.00 no_positive_direction 连败 0
轮 6297 模式 batch 损失 1028.0 步长 0.0000 预测降 0.00 no_positive_direction 连败 1
轮 6298 模式 batch 损失 1028.0 步长 0.0000 预测降 0.00 no_positive_direction 连败 2
轮 6299 模式 batch 损失 1028.0 步长 0.0000 预测降 0.00 no_positive_direction 连败 3
轮 6300 模式 batch 损失 1028.0 步长 0.0000 预测降 0.00 no_positive_direction 连败 4
轮 6301 模式 batch 损失 1028.0 步长 0.0000 预测降 0.00 no_positive_direction 连败 5
轮 6302 模式 rescue 损失 1028.0 步长 2.0000 预测降 2.00 ok 连败 6
轮 6303 模式 batch 损失 1026.0 步长 0.0000 预测降 0.00 no_positive_direction 连败 0
轮 6304 模式 batch 损失 1026.0 步长 0.0000 预测降 0.00 no_positive_direction 连败 1
轮 6305 模式 batch 损失 1026.0 步长 0.0000 预测降 0.00 no_positive_direction 连败 2
轮 6306 模式 batch 损失 1026.0 步长 0.0000 预测降 0.00 no_positive_direction 连败 3
轮 6307 模式 batch 损失 1026.0 步长 0.0000 预测降 0.00 no_positive_direction 连败 4
轮 6308 模式 batch 损失 1026.0 步长 0.0000 预测降 0.00 no_positive_direction 连败 5
轮 6309 模式 rescue 损失 1026.0 步长 0.0000 预测降 0.00 no_positive_direction 连败 6
轮 6310 模式 batch 损失 1026.0 步长 0.0000 预测降 0.00 no_positive_direction 连败 7
轮 6311 模式 batch 损失 1026.0 步长 0.0000 预测降 0.00 no_positive_direction 连败 8
轮 6312 模式 batch 损失 1026.0 步长 0.0000 预测降 0.00 no_positive_direction 连败 9
轮 6313 模式 rescue 损失 1026.0 步长 2.0000 预测降 8.00 ok 连败 10
轮 6314 模式 batch 损失 1018.0 步长 0.0000 预测降 0.00 no_positive_direction 连败 0
轮 6315 模式 batch 损失 1018.0 步长 0.0000 预测降 0.00 no_positive_direction 连败 1
轮 6316 模式 batch 损失 1018.0 步长 0.0000 预测降 0.00 no_positive_direction 连败 2
轮 6317 模式 batch 损失 1018.0 步长 0.0000 预测降 0.00 no_positive_direction 连败 3
轮 6318 模式 batch 损失 1018.0 步长 0.0000 预测降 0.00 no_positive_direction 连败 4
轮 6319 模式 batch 损失 1018.0 步长 0.0000 预测降 0.00 no_positive_direction 连败 5
轮 6320 模式 rescue 损失 1018.0 步长 0.0000 预测降 0.00 no_positive_direction 连败 6
轮 6321 模式 batch 损失 1018.0 步长 0.0000 预测降 0.00 no_positive_direction 连败 7
轮 6322 模式 batch 损失 1018.0 步长 0.0000 预测降 0.00 no_positive_direction 连败 8
轮 6323 模式 batch 损失 1018.0 步长 0.0000 预测降 0.00 no_positive_direction 连败 9
轮 6324 模式 rescue 损失 1018.0 步长 2.0000 预测降 2.00 ok 连败 10
轮 6325 模式 batch 损失 1016.0 步长 0.0000 预测降 0.00 no_positive_direction 连败 0
轮 6326 模式 batch 损失 1016.0 步长 0.0000 预测降 0.00 no_positive_direction 连败 1
轮 6327 模式 batch 损失 1016.0 步长 0.0000 预测降 0.00 no_positive_direction 连败 2
轮 6328 模式 batch 损失 1016.0 步长 0.0000 预测降 0.00 no_positive_direction 连败 3
轮 6329 模式 batch 损失 1016.0 步长 0.0000 预测降 0.00 no_positive_direction 连败 4
轮 6330 模式 batch 损失 1016.0 步长 0.0000 预测降 0.00 no_positive_direction 连败 5
轮 6331 模式 rescue 损失 1016.0 步长 0.0000 预测降 0.00 no_positive_direction 连败 6
轮 6332 模式 batch 损失 1016.0 步长 0.0000 预测降 0.00 no_positive_direction 连败 7
轮 6333 模式 batch 损失 1016.0 步长 0.0000 预测降 0.00 no_positive_direction 连败 8
轮 6334 模式 batch 损失 1016.0 步长 0.0000 预测降 0.00 no_positive_direction 连败 9
轮 6335 模式 rescue 损失 1016.0 步长 2.0000 预测降 2.00 ok 连败 10
轮 6336 模式 batch 损失 1014.0 步长 0.0000 预测降 0.00 no_positive_direction 连败 0
轮 6337 模式 batch 损失 1014.0 步长 0.0000 预测降 0.00 no_positive_direction 连败 1
轮 6338 模式 batch 损失 1014.0 步长 0.0000 预测降 0.00 no_positive_direction 连败 2
轮 6339 模式 batch 损失 1014.0 步长 0.0000 预测降 0.00 no_positive_direction 连败 3
轮 6340 模式 batch 损失 1014.0 步长 0.0000 预测降 0.00 no_positive_direction 连败 4
轮 6341 模式 batch 损失 1014.0 步长 0.0000 预测降 0.00 no_positive_direction 连败 5
轮 6342 模式 rescue 损失 1014.0 步长 0.0000 预测降 0.00 no_positive_direction 连败 6
轮 6343 模式 batch 损失 1014.0 步长 0.0000 预测降 0.00 no_positive_direction 连败 7
轮 6344 模式 batch 损失 1014.0 步长 0.0000 预测降 0.00 no_positive_direction 连败 8
轮 6345 模式 batch 损失 1014.0 步长 0.0000 预测降 0.00 no_positive_direction 连败 9
轮 6346 模式 rescue 损失 1014.0 步长 0.0000 预测降 0.00 no_positive_direction 连败 10
轮 6347 模式 batch 损失 1014.0 步长 0.0000 预测降 0.00 no_positive_direction 连败 11
轮 6348 模式 batch 损失 1014.0 步长 0.0000 预测降 0.00 no_positive_direction 连败 12
轮 6349 模式 batch 损失 1014.0 步长 0.0000 预测降 0.00 no_positive_direction 连败 13
轮 6350 模式 rescue 损失 1014.0 步长 1.9342 预测降 3.87 ok 连败 14
轮 6351 模式 batch 损失 1010.0 步长 0.0000 预测降 0.00 no_positive_direction 连败 0
轮 6352 模式 batch 损失 1010.0 步长 0.0000 预测降 0.00 no_positive_direction 连败 1
轮 6353 模式 batch 损失 1010.0 步长 0.0000 预测降 0.00 no_positive_direction 连败 2
轮 6354 模式 batch 损失 1010.0 步长 0.0000 预测降 0.00 no_positive_direction 连败 3
轮 6355 模式 batch 损失 1010.0 步长 0.0000 预测降 0.00 no_positive_direction 连败 4
轮 6356 模式 batch 损失 1010.0 步长 0.0000 预测降 0.00 no_positive_direction 连败 5
轮 6357 模式 rescue 损失 1010.0 步长 0.0000 预测降 0.00 no_positive_direction 连败 6
轮 6358 模式 batch 损失 1010.0 步长 0.0000 预测降 0.00 no_positive_direction 连败 7
轮 6359 模式 batch 损失 1010.0 步长 0.0000 预测降 0.00 no_positive_direction 连败 8
轮 6360 模式 batch 损失 1010.0 步长 0.0000 预测降 0.00 no_positive_direction 连败 9
轮 6361 模式 rescue 损失 1010.0 步长 0.0000 预测降 0.00 no_positive_direction 连败 10
轮 6362 模式 batch 损失 1010.0 步长 0.0000 预测降 0.00 no_positive_direction 连败 11
轮 6363 模式 batch 损失 1010.0 步长 0.0000 预测降 0.00 no_positive_direction 连败 12
轮 6364 模式 batch 损失 1010.0 步长 0.0000 预测降 0.00 no_positive_direction 连败 13
轮 6365 模式 rescue 损失 1010.0 步长 2.0000 预测降 2.00 ok 连败 14
轮 6366 模式 batch 损失 1008.0 步长 0.0000 预测降 0.00 no_positive_direction 连败 0
轮 6367 模式 batch 损失 1008.0 步长 0.0000 预测降 0.00 no_positive_direction 连败 1
轮 6368 模式 batch 损失 1008.0 步长 0.0000 预测降 0.00 no_positive_direction 连败 2
轮 6369 模式 batch 损失 1008.0 步长 0.0000 预测降 0.00 no_positive_direction 连败 3
轮 6370 模式 batch 损失 1008.0 步长 0.0000 预测降 0.00 no_positive_direction 连败 4
轮 6371 模式 batch 损失 1008.0 步长 0.0000 预测降 0.00 no_positive_direction 连败 5
轮 6372 模式 rescue 损失 1008.0 步长 0.0000 预测降 0.00 no_positive_direction 连败 6
轮 6373 模式 batch 损失 1008.0 步长 0.0000 预测降 0.00 no_positive_direction 连败 7
轮 6374 模式 batch 损失 1008.0 步长 0.0000 预测降 0.00 no_positive_direction 连败 8
轮 6375 模式 batch 损失 1008.0 步长 0.0000 预测降 0.00 no_positive_direction 连败 9
轮 6376 模式 rescue 损失 1008.0 步长 0.0000 预测降 0.00 no_positive_direction 连败 10
轮 6377 模式 batch 损失 1008.0 步长 0.0000 预测降 0.00 no_positive_direction 连败 11
轮 6378 模式 batch 损失 1008.0 步长 0.0000 预测降 0.00 no_positive_direction 连败 12
轮 6379 模式 batch 损失 1008.0 步长 0.0000 预测降 0.00 no_positive_direction 连败 13
轮 6380 模式 rescue 损失 1008.0 步长 2.0000 预测降 2.00 ok 连败 14
轮 6381 模式 batch 损失 1006.0 步长 0.0000 预测降 0.00 no_positive_direction 连败 0
轮 6382 模式 batch 损失 1006.0 步长 0.0000 预测降 0.00 no_positive_direction 连败 1
轮 6383 模式 batch 损失 1006.0 步长 0.0000 预测降 0.00 no_positive_direction 连败 2
轮 6384 模式 batch 损失 1006.0 步长 0.0000 预测降 0.00 no_positive_direction 连败 3
轮 6385 模式 batch 损失 1006.0 步长 0.0000 预测降 0.00 no_positive_direction 连败 4
轮 6386 模式 batch 损失 1006.0 步长 0.0000 预测降 0.00 no_positive_direction 连败 5
轮 6387 模式 rescue 损失 1006.0 步长 0.0000 预测降 0.00 no_positive_direction 连败 6
轮 6388 模式 batch 损失 1006.0 步长 0.0000 预测降 0.00 no_positive_direction 连败 7
轮 6389 模式 batch 损失 1006.0 步长 0.0000 预测降 0.00 no_positive_direction 连败 8
轮 6390 模式 batch 损失 1006.0 步长 0.0000 预测降 0.00 no_positive_direction 连败 9
轮 6391 模式 rescue 损失 1006.0 步长 0.0000 预测降 0.00 no_positive_direction 连败 10
轮 6392 模式 batch 损失 1006.0 步长 0.0000 预测降 0.00 no_positive_direction 连败 11
轮 6393 模式 batch 损失 1006.0 步长 0.0000 预测降 0.00 no_positive_direction 连败 12
轮 6394 模式 batch 损失 1006.0 步长 0.0000 预测降 0.00 no_positive_direction 连败 13
轮 6395 模式 rescue 损失 1006.0 步长 0.0000 预测降 0.00 no_positive_direction 连败 14
轮 6396 模式 batch 损失 1006.0 步长 0.0000 预测降 0.00 no_positive_direction 连败 15
轮 6397 模式 batch 损失 1006.0 步长 0.0000 预测降 0.00 no_positive_direction 连败 16
轮 6398 模式 batch 损失 1006.0 步长 0.0000 预测降 0.00 no_positive_direction 连败 17
轮 6399 模式 rescue 损失 1006.0 步长 2.0000 预测降 2.00 ok 连败 18
轮 6400 模式 batch 损失 1004.0 步长 0.0000 预测降 0.00 no_positive_direction 连败 0
轮 6401 模式 batch 损失 1004.0 步长 0.0000 预测降 0.00 no_positive_direction 连败 1
轮 6402 模式 batch 损失 1004.0 步长 0.0000 预测降 0.00 no_positive_direction 连败 2
轮 6403 模式 batch 损失 1004.0 步长 0.0000 预测降 0.00 no_positive_direction 连败 3
轮 6404 模式 batch 损失 1004.0 步长 0.0000 预测降 0.00 no_positive_direction 连败 4
轮 6405 模式 batch 损失 1004.0 步长 0.0000 预测降 0.00 no_positive_direction 连败 5
轮 6406 模式 rescue 损失 1004.0 步长 2.0000 预测降 2.00 ok 连败 6
轮 6407 模式 batch 损失 1002.0 步长 0.0000 预测降 0.00 no_positive_direction 连败 0
轮 6408 模式 batch 损失 1002.0 步长 0.0000 预测降 0.00 no_positive_direction 连败 1
轮 6409 模式 batch 损失 1002.0 步长 0.0000 预测降 0.00 no_positive_direction 连败 2
轮 6410 模式 batch 损失 1002.0 步长 0.0000 预测降 0.00 no_positive_direction 连败 3
轮 6411 模式 batch 损失 1002.0 步长 0.0000 预测降 0.00 no_positive_direction 连败 4
轮 6412 模式 batch 损失 1002.0 步长 0.0000 预测降 0.00 no_positive_direction 连败 5
轮 6413 模式 rescue 损失 1002.0 步长 2.0000 预测降 2.00 ok 连败 6
轮 6414 模式 batch 损失 1000.0 步长 0.0000 预测降 0.00 no_positive_direction 连败 0
轮 6415 模式 batch 损失 1000.0 步长 0.0000 预测降 0.00 no_positive_direction 连败 1
轮 6416 模式 batch 损失 1000.0 步长 0.0000 预测降 0.00 no_positive_direction 连败 2
轮 6417 模式 batch 损失 1000.0 步长 0.0000 预测降 0.00 no_positive_direction 连败 3
轮 6418 模式 batch 损失 1000.0 步长 0.0000 预测降 0.00 no_positive_direction 连败 4
轮 6419 模式 batch 损失 1000.0 步长 0.0000 预测降 0.00 no_positive_direction 连败 5
轮 6420 模式 rescue 损失 1000.0 步长 2.0000 预测降 2.00 ok 连败 6
轮 6421 模式 batch 损失 998.0 步长 0.0000 预测降 0.00 no_positive_direction 连败 0
轮 6422 模式 batch 损失 998.0 步长 0.0000 预测降 0.00 no_positive_direction 连败 1
轮 6423 模式 batch 损失 998.0 步长 0.0000 预测降 0.00 no_positive_direction 连败 2
轮 6424 模式 batch 损失 998.0 步长 0.0000 预测降 0.00 no_positive_direction 连败 3
轮 6425 模式 batch 损失 998.0 步长 0.0000 预测降 0.00 no_positive_direction 连败 4
轮 6426 模式 batch 损失 998.0 步长 0.0000 预测降 0.00 no_positive_direction 连败 5
轮 6427 模式 rescue 损失 998.0 步长 0.0000 预测降 0.00 no_positive_direction 连败 6
轮 6428 模式 batch 损失 998.0 步长 0.0000 预测降 0.00 no_positive_direction 连败 7
轮 6429 模式 batch 损失 998.0 步长 0.0000 预测降 0.00 no_positive_direction 连败 8
轮 6430 模式 batch 损失 998.0 步长 0.0000 预测降 0.00 no_positive_direction 连败 9
轮 6431 模式 rescue 损失 998.0 步长 1.9785 预测降 3.96 ok 连败 10
轮 6432 模式 batch 损失 994.0 步长 0.0000 预测降 0.00 no_positive_direction 连败 0
轮 6433 模式 batch 损失 994.0 步长 0.0000 预测降 0.00 no_positive_direction 连败 1
轮 6434 模式 batch 损失 994.0 步长 0.0000 预测降 0.00 no_positive_direction 连败 2
轮 6435 模式 batch 损失 994.0 步长 0.0000 预测降 0.00 no_positive_direction 连败 3
轮 6436 模式 batch 损失 994.0 步长 0.0000 预测降 0.00 no_positive_direction 连败 4
轮 6437 模式 batch 损失 994.0 步长 0.0000 预测降 0.00 no_positive_direction 连败 5
轮 6438 模式 rescue 损失 994.0 步长 1.5806 预测降 7.90 ok 连败 6
轮 6439 模式 batch 损失 986.0 步长 0.0000 预测降 0.00 no_positive_direction 连败 0
轮 6440 模式 batch 损失 986.0 步长 0.0000 预测降 0.00 no_positive_direction 连败 1
轮 6441 模式 batch 损失 986.0 步长 0.0000 预测降 0.00 no_positive_direction 连败 2
轮 6442 模式 batch 损失 986.0 步长 0.0000 预测降 0.00 no_positive_direction 连败 3
轮 6443 模式 batch 损失 986.0 步长 0.0000 预测降 0.00 no_positive_direction 连败 4
轮 6444 模式 batch 损失 986.0 步长 0.0000 预测降 0.00 no_positive_direction 连败 5
轮 6445 模式 rescue 损失 986.0 步长 1.9701 预测降 3.94 ok 连败 6
轮 6446 模式 batch 损失 982.0 步长 0.0000 预测降 0.00 no_positive_direction 连败 0
轮 6447 模式 batch 损失 982.0 步长 0.0000 预测降 0.00 no_positive_direction 连败 1
轮 6448 模式 batch 损失 982.0 步长 0.0000 预测降 0.00 no_positive_direction 连败 2
轮 6449 模式 batch 损失 982.0 步长 0.0000 预测降 0.00 no_positive_direction 连败 3
轮 6450 模式 batch 损失 982.0 步长 0.0000 预测降 0.00 no_positive_direction 连败 4
轮 6451 模式 batch 损失 982.0 步长 0.0000 预测降 0.00 no_positive_direction 连败 5
轮 6452 模式 rescue 损失 982.0 步长 2.0000 预测降 2.00 ok 连败 6
轮 6453 模式 batch 损失 980.0 步长 0.0000 预测降 0.00 no_positive_direction 连败 0
轮 6454 模式 batch 损失 980.0 步长 0.0000 预测降 0.00 no_positive_direction 连败 1
轮 6455 模式 batch 损失 980.0 步长 0.0000 预测降 0.00 no_positive_direction 连败 2
轮 6456 模式 batch 损失 980.0 步长 0.0000 预测降 0.00 no_positive_direction 连败 3
轮 6457 模式 batch 损失 980.0 步长 0.0000 预测降 0.00 no_positive_direction 连败 4
轮 6458 模式 batch 损失 980.0 步长 0.0000 预测降 0.00 no_positive_direction 连败 5
轮 6459 模式 rescue 损失 980.0 步长 0.0000 预测降 0.00 no_positive_direction 连败 6
轮 6460 模式 batch 损失 980.0 步长 0.0000 预测降 0.00 no_positive_direction 连败 7
轮 6461 模式 batch 损失 980.0 步长 0.0000 预测降 0.00 no_positive_direction 连败 8
轮 6462 模式 batch 损失 980.0 步长 0.0000 预测降 0.00 no_positive_direction 连败 9
轮 6463 模式 rescue 损失 980.0 步长 2.0000 预测降 4.00 ok 连败 10
轮 6464 模式 batch 损失 976.0 步长 0.0000 预测降 0.00 no_positive_direction 连败 0
轮 6465 模式 batch 损失 976.0 步长 0.0000 预测降 0.00 no_positive_direction 连败 1
轮 6466 模式 batch 损失 976.0 步长 0.0000 预测降 0.00 no_positive_direction 连败 2
轮 6467 模式 batch 损失 976.0 步长 0.0000 预测降 0.00 no_positive_direction 连败 3
轮 6468 模式 batch 损失 976.0 步长 0.0000 预测降 0.00 no_positive_direction 连败 4
轮 6469 模式 batch 损失 976.0 步长 0.0000 预测降 0.00 no_positive_direction 连败 5
轮 6470 模式 rescue 损失 976.0 步长 1.3997 预测降 4.20 ok 连败 6
轮 6471 模式 batch 损失 972.0 步长 0.0000 预测降 0.00 no_positive_direction 连败 0
轮 6472 模式 batch 损失 972.0 步长 0.0000 预测降 0.00 no_positive_direction 连败 1
轮 6473 模式 batch 损失 972.0 步长 0.0000 预测降 0.00 no_positive_direction 连败 2
轮 6474 模式 batch 损失 972.0 步长 0.0000 预测降 0.00 no_positive_direction 连败 3
轮 6475 模式 batch 损失 972.0 步长 0.0000 预测降 0.00 no_positive_direction 连败 4
轮 6476 模式 batch 损失 972.0 步长 0.0000 预测降 0.00 no_positive_direction 连败 5
轮 6477 模式 rescue 损失 972.0 步长 0.0000 预测降 0.00 no_positive_direction 连败 6
轮 6478 模式 batch 损失 972.0 步长 0.0000 预测降 0.00 no_positive_direction 连败 7
轮 6479 模式 batch 损失 972.0 步长 0.0000 预测降 0.00 no_positive_direction 连败 8
轮 6480 模式 batch 损失 972.0 步长 0.0000 预测降 0.00 no_positive_direction 连败 9
轮 6481 模式 rescue 损失 972.0 步长 2.0000 预测降 2.00 ok 连败 10
轮 6482 模式 batch 损失 970.0 步长 0.0000 预测降 0.00 no_positive_direction 连败 0
轮 6483 模式 batch 损失 970.0 步长 0.0000 预测降 0.00 no_positive_direction 连败 1
轮 6484 模式 batch 损失 970.0 步长 0.0000 预测降 0.00 no_positive_direction 连败 2
轮 6485 模式 batch 损失 970.0 步长 0.0000 预测降 0.00 no_positive_direction 连败 3
轮 6486 模式 batch 损失 970.0 步长 0.0000 预测降 0.00 no_positive_direction 连败 4
轮 6487 模式 batch 损失 970.0 步长 0.0000 预测降 0.00 no_positive_direction 连败 5
轮 6488 模式 rescue 损失 970.0 步长 2.0000 预测降 2.00 ok 连败 6
轮 6489 模式 batch 损失 968.0 步长 0.0000 预测降 0.00 no_positive_direction 连败 0
轮 6490 模式 batch 损失 968.0 步长 0.0000 预测降 0.00 no_positive_direction 连败 1
轮 6491 模式 batch 损失 968.0 步长 0.0000 预测降 0.00 no_positive_direction 连败 2
轮 6492 模式 batch 损失 968.0 步长 0.0000 预测降 0.00 no_positive_direction 连败 3
轮 6493 模式 batch 损失 968.0 步长 0.0000 预测降 0.00 no_positive_direction 连败 4
轮 6494 模式 batch 损失 968.0 步长 0.0000 预测降 0.00 no_positive_direction 连败 5
轮 6495 模式 rescue 损失 968.0 步长 0.0000 预测降 0.00 no_positive_direction 连败 6
轮 6496 模式 batch 损失 968.0 步长 0.0000 预测降 0.00 no_positive_direction 连败 7
轮 6497 模式 batch 损失 968.0 步长 0.0000 预测降 0.00 no_positive_direction 连败 8
轮 6498 模式 batch 损失 968.0 步长 0.0000 预测降 0.00 no_positive_direction 连败 9
轮 6499 模式 rescue 损失 968.0 步长 2.0000 预测降 2.00 ok 连败 10
轮 6500 模式 batch 损失 966.0 步长 0.0000 预测降 0.00 no_positive_direction 连败 0
轮 6501 模式 batch 损失 966.0 步长 0.0000 预测降 0.00 no_positive_direction 连败 1
轮 6502 模式 batch 损失 966.0 步长 0.0000 预测降 0.00 no_positive_direction 连败 2
轮 6503 模式 batch 损失 966.0 步长 0.0000 预测降 0.00 no_positive_direction 连败 3
轮 6504 模式 batch 损失 966.0 步长 0.0000 预测降 0.00 no_positive_direction 连败 4
轮 6505 模式 batch 损失 966.0 步长 0.0000 预测降 0.00 no_positive_direction 连败 5
轮 6506 模式 rescue 损失 966.0 步长 2.0000 预测降 2.00 ok 连败 6
轮 6507 模式 batch 损失 964.0 步长 0.0000 预测降 0.00 no_positive_direction 连败 0
轮 6508 模式 batch 损失 964.0 步长 0.0000 预测降 0.00 no_positive_direction 连败 1
轮 6509 模式 batch 损失 964.0 步长 0.0000 预测降 0.00 no_positive_direction 连败 2
轮 6510 模式 batch 损失 964.0 步长 0.0000 预测降 0.00 no_positive_direction 连败 3
轮 6511 模式 batch 损失 964.0 步长 0.0000 预测降 0.00 no_positive_direction 连败 4
轮 6512 模式 batch 损失 964.0 步长 0.0000 预测降 0.00 no_positive_direction 连败 5
轮 6513 模式 rescue 损失 964.0 步长 0.0000 预测降 0.00 no_positive_direction 连败 6
轮 6514 模式 batch 损失 964.0 步长 0.0000 预测降 0.00 no_positive_direction 连败 7
轮 6515 模式 batch 损失 964.0 步长 0.0000 预测降 0.00 no_positive_direction 连败 8
轮 6516 模式 batch 损失 964.0 步长 0.0000 预测降 0.00 no_positive_direction 连败 9
轮 6517 模式 rescue 损失 964.0 步长 1.9615 预测降 5.88 ok 连败 10
轮 6518 模式 batch 损失 958.0 步长 0.0000 预测降 0.00 no_positive_direction 连败 0
轮 6519 模式 batch 损失 958.0 步长 0.0000 预测降 0.00 no_positive_direction 连败 1
轮 6520 模式 batch 损失 958.0 步长 0.0000 预测降 0.00 no_positive_direction 连败 2
轮 6521 模式 batch 损失 958.0 步长 0.0000 预测降 0.00 no_positive_direction 连败 3
轮 6522 模式 batch 损失 958.0 步长 0.0000 预测降 0.00 no_positive_direction 连败 4
轮 6523 模式 batch 损失 958.0 步长 0.0000 预测降 0.00 no_positive_direction 连败 5
轮 6524 模式 rescue 损失 958.0 步长 0.0000 预测降 0.00 no_positive_direction 连败 6
轮 6525 模式 batch 损失 958.0 步长 0.0000 预测降 0.00 no_positive_direction 连败 7
轮 6526 模式 batch 损失 958.0 步长 0.0000 预测降 0.00 no_positive_direction 连败 8
轮 6527 模式 batch 损失 958.0 步长 0.0000 预测降 0.00 no_positive_direction 连败 9
轮 6528 模式 rescue 损失 958.0 步长 0.0000 预测降 0.00 no_positive_direction 连败 10
轮 6529 模式 batch 损失 958.0 步长 0.0000 预测降 0.00 no_positive_direction 连败 11
轮 6530 模式 batch 损失 958.0 步长 0.0000 预测降 0.00 no_positive_direction 连败 12
轮 6531 模式 batch 损失 958.0 步长 0.0000 预测降 0.00 no_positive_direction 连败 13
轮 6532 模式 rescue 损失 958.0 步长 1.6014 预测降 3.20 ok 连败 14
轮 6533 模式 batch 损失 954.0 步长 0.0000 预测降 0.00 no_positive_direction 连败 0
轮 6534 模式 batch 损失 954.0 步长 0.0000 预测降 0.00 no_positive_direction 连败 1
轮 6535 模式 batch 损失 954.0 步长 0.0000 预测降 0.00 no_positive_direction 连败 2
轮 6536 模式 batch 损失 954.0 步长 0.0000 预测降 0.00 no_positive_direction 连败 3
轮 6537 模式 batch 损失 954.0 步长 0.0000 预测降 0.00 no_positive_direction 连败 4
轮 6538 模式 batch 损失 954.0 步长 0.0000 预测降 0.00 no_positive_direction 连败 5
轮 6539 模式 rescue 损失 954.0 步长 0.0000 预测降 0.00 no_positive_direction 连败 6
轮 6540 模式 batch 损失 954.0 步长 0.0000 预测降 0.00 no_positive_direction 连败 7
轮 6541 模式 batch 损失 954.0 步长 0.0000 预测降 0.00 no_positive_direction 连败 8
轮 6542 模式 batch 损失 954.0 步长 0.0000 预测降 0.00 no_positive_direction 连败 9
轮 6543 模式 rescue 损失 954.0 步长 0.0000 预测降 0.00 no_positive_direction 连败 10
轮 6544 模式 batch 损失 954.0 步长 0.0000 预测降 0.00 no_positive_direction 连败 11
轮 6545 模式 batch 损失 954.0 步长 0.0000 预测降 0.00 no_positive_direction 连败 12
轮 6546 模式 batch 损失 954.0 步长 0.0000 预测降 0.00 no_positive_direction 连败 13
轮 6547 模式 rescue 损失 954.0 步长 0.0000 预测降 0.00 no_positive_direction 连败 14
轮 6548 模式 batch 损失 954.0 步长 0.0000 预测降 0.00 no_positive_direction 连败 15
轮 6549 模式 batch 损失 954.0 步长 0.0000 预测降 0.00 no_positive_direction 连败 16
轮 6550 模式 batch 损失 954.0 步长 0.0000 预测降 0.00 no_positive_direction 连败 17
轮 6551 模式 rescue 损失 954.0 步长 0.0000 预测降 0.00 no_positive_direction 连败 18
轮 6552 模式 batch 损失 954.0 步长 0.0000 预测降 0.00 no_positive_direction 连败 19
轮 6553 模式 batch 损失 954.0 步长 0.0000 预测降 0.00 no_positive_direction 连败 20
轮 6554 模式 batch 损失 954.0 步长 0.0000 预测降 0.00 no_positive_direction 连败 21
轮 6555 模式 rescue 损失 954.0 步长 2.0000 预测降 2.00 ok 连败 22
轮 6556 模式 batch 损失 952.0 步长 0.0000 预测降 0.00 no_positive_direction 连败 0
轮 6557 模式 batch 损失 952.0 步长 0.0000 预测降 0.00 no_positive_direction 连败 1
轮 6558 模式 batch 损失 952.0 步长 0.0000 预测降 0.00 no_positive_direction 连败 2
轮 6559 模式 batch 损失 952.0 步长 0.0000 预测降 0.00 no_positive_direction 连败 3
轮 6560 模式 batch 损失 952.0 步长 0.0000 预测降 0.00 no_positive_direction 连败 4
轮 6561 模式 batch 损失 952.0 步长 0.0000 预测降 0.00 no_positive_direction 连败 5
轮 6562 模式 rescue 损失 952.0 步长 1.9915 预测降 3.98 ok 连败 6
轮 6563 模式 batch 损失 948.0 步长 0.0000 预测降 0.00 no_positive_direction 连败 0
轮 6564 模式 batch 损失 948.0 步长 0.0000 预测降 0.00 no_positive_direction 连败 1
轮 6565 模式 batch 损失 948.0 步长 0.0000 预测降 0.00 no_positive_direction 连败 2
轮 6566 模式 batch 损失 948.0 步长 0.0000 预测降 0.00 no_positive_direction 连败 3
轮 6567 模式 batch 损失 948.0 步长 0.0000 预测降 0.00 no_positive_direction 连败 4
轮 6568 模式 batch 损失 948.0 步长 0.0000 预测降 0.00 no_positive_direction 连败 5
轮 6569 模式 rescue 损失 948.0 步长 0.0000 预测降 0.00 no_positive_direction 连败 6
轮 6570 模式 batch 损失 948.0 步长 0.0000 预测降 0.00 no_positive_direction 连败 7
轮 6571 模式 batch 损失 948.0 步长 0.0000 预测降 0.00 no_positive_direction 连败 8
轮 6572 模式 batch 损失 948.0 步长 0.0000 预测降 0.00 no_positive_direction 连败 9
轮 6573 模式 rescue 损失 948.0 步长 0.0000 预测降 0.00 no_positive_direction 连败 10
轮 6574 模式 batch 损失 948.0 步长 0.0000 预测降 0.00 no_positive_direction 连败 11
轮 6575 模式 batch 损失 948.0 步长 0.0000 预测降 0.00 no_positive_direction 连败 12
轮 6576 模式 batch 损失 948.0 步长 0.0000 预测降 0.00 no_positive_direction 连败 13
轮 6577 模式 rescue 损失 948.0 步长 1.9999 预测降 2.00 ok 连败 14
轮 6578 模式 batch 损失 946.0 步长 0.0000 预测降 0.00 no_positive_direction 连败 0
轮 6579 模式 batch 损失 946.0 步长 0.0000 预测降 0.00 no_positive_direction 连败 1
轮 6580 模式 batch 损失 946.0 步长 0.0000 预测降 0.00 no_positive_direction 连败 2
轮 6581 模式 batch 损失 946.0 步长 0.0000 预测降 0.00 no_positive_direction 连败 3
轮 6582 模式 batch 损失 946.0 步长 0.0000 预测降 0.00 no_positive_direction 连败 4
轮 6583 模式 batch 损失 946.0 步长 0.0000 预测降 0.00 no_positive_direction 连败 5
轮 6584 模式 rescue 损失 946.0 步长 0.0000 预测降 0.00 no_positive_direction 连败 6
轮 6585 模式 batch 损失 946.0 步长 0.0000 预测降 0.00 no_positive_direction 连败 7
轮 6586 模式 batch 损失 946.0 步长 0.0000 预测降 0.00 no_positive_direction 连败 8
轮 6587 模式 batch 损失 946.0 步长 0.0000 预测降 0.00 no_positive_direction 连败 9
轮 6588 模式 rescue 损失 946.0 步长 1.9428 预测降 3.89 ok 连败 10
轮 6589 模式 batch 损失 942.0 步长 0.0000 预测降 0.00 no_positive_direction 连败 0
轮 6590 模式 batch 损失 942.0 步长 0.0000 预测降 0.00 no_positive_direction 连败 1
轮 6591 模式 batch 损失 942.0 步长 0.0000 预测降 0.00 no_positive_direction 连败 2
轮 6592 模式 batch 损失 942.0 步长 0.0000 预测降 0.00 no_positive_direction 连败 3
轮 6593 模式 batch 损失 942.0 步长 0.0000 预测降 0.00 no_positive_direction 连败 4
轮 6594 模式 batch 损失 942.0 步长 0.0000 预测降 0.00 no_positive_direction 连败 5
轮 6595 模式 rescue 损失 942.0 步长 0.0000 预测降 0.00 no_positive_direction 连败 6
轮 6596 模式 batch 损失 942.0 步长 0.0000 预测降 0.00 no_positive_direction 连败 7
轮 6597 模式 batch 损失 942.0 步长 0.0000 预测降 0.00 no_positive_direction 连败 8
轮 6598 模式 batch 损失 942.0 步长 0.0000 预测降 0.00 no_positive_direction 连败 9
轮 6599 模式 rescue 损失 942.0 步长 0.0000 预测降 0.00 no_positive_direction 连败 10
轮 6600 模式 batch 损失 942.0 步长 0.0000 预测降 0.00 no_positive_direction 连败 11
轮 6601 模式 batch 损失 942.0 步长 0.0000 预测降 0.00 no_positive_direction 连败 12
轮 6602 模式 batch 损失 942.0 步长 0.0000 预测降 0.00 no_positive_direction 连败 13
轮 6603 模式 rescue 损失 942.0 步长 0.0000 预测降 0.00 no_positive_direction 连败 14
轮 6604 模式 batch 损失 942.0 步长 0.0000 预测降 0.00 no_positive_direction 连败 15
轮 6605 模式 batch 损失 942.0 步长 0.0000 预测降 0.00 no_positive_direction 连败 16
轮 6606 模式 batch 损失 942.0 步长 0.0000 预测降 0.00 no_positive_direction 连败 17
轮 6607 模式 rescue 损失 942.0 步长 2.0000 预测降 2.00 ok 连败 18
轮 6608 模式 batch 损失 940.0 步长 0.0000 预测降 0.00 no_positive_direction 连败 0
轮 6609 模式 batch 损失 940.0 步长 0.0000 预测降 0.00 no_positive_direction 连败 1
轮 6610 模式 batch 损失 940.0 步长 0.0000 预测降 0.00 no_positive_direction 连败 2
轮 6611 模式 batch 损失 940.0 步长 0.0000 预测降 0.00 no_positive_direction 连败 3
轮 6612 模式 batch 损失 940.0 步长 0.0000 预测降 0.00 no_positive_direction 连败 4
轮 6613 模式 batch 损失 940.0 步长 0.0000 预测降 0.00 no_positive_direction 连败 5
轮 6614 模式 rescue 损失 940.0 步长 2.0000 预测降 2.00 ok 连败 6
轮 6615 模式 batch 损失 938.0 步长 0.0000 预测降 0.00 no_positive_direction 连败 0
轮 6616 模式 batch 损失 938.0 步长 0.0000 预测降 0.00 no_positive_direction 连败 1
轮 6617 模式 batch 损失 938.0 步长 0.0000 预测降 0.00 no_positive_direction 连败 2
轮 6618 模式 batch 损失 938.0 步长 0.0000 预测降 0.00 no_positive_direction 连败 3
轮 6619 模式 batch 损失 938.0 步长 0.0000 预测降 0.00 no_positive_direction 连败 4
轮 6620 模式 batch 损失 938.0 步长 0.0000 预测降 0.00 no_positive_direction 连败 5
轮 6621 模式 rescue 损失 938.0 步长 0.0000 预测降 0.00 no_positive_direction 连败 6
轮 6622 模式 batch 损失 938.0 步长 0.0000 预测降 0.00 no_positive_direction 连败 7
轮 6623 模式 batch 损失 938.0 步长 0.0000 预测降 0.00 no_positive_direction 连败 8
轮 6624 模式 batch 损失 938.0 步长 0.0000 预测降 0.00 no_positive_direction 连败 9
轮 6625 模式 rescue 损失 938.0 步长 0.0000 预测降 0.00 no_positive_direction 连败 10
轮 6626 模式 batch 损失 938.0 步长 0.0000 预测降 0.00 no_positive_direction 连败 11
轮 6627 模式 batch 损失 938.0 步长 0.0000 预测降 0.00 no_positive_direction 连败 12
轮 6628 模式 batch 损失 938.0 步长 0.0000 预测降 0.00 no_positive_direction 连败 13
轮 6629 模式 rescue 损失 938.0 步长 0.0000 预测降 0.00 no_positive_direction 连败 14
轮 6630 模式 batch 损失 938.0 步长 0.0000 预测降 0.00 no_positive_direction 连败 15
轮 6631 模式 batch 损失 938.0 步长 0.0000 预测降 0.00 no_positive_direction 连败 16
轮 6632 模式 batch 损失 938.0 步长 0.0000 预测降 0.00 no_positive_direction 连败 17
轮 6633 模式 rescue 损失 938.0 步长 0.0000 预测降 0.00 no_positive_direction 连败 18
轮 6634 模式 batch 损失 938.0 步长 0.0000 预测降 0.00 no_positive_direction 连败 19
轮 6635 模式 batch 损失 938.0 步长 0.0000 预测降 0.00 no_positive_direction 连败 20
轮 6636 模式 batch 损失 938.0 步长 0.0000 预测降 0.00 no_positive_direction 连败 21
轮 6637 模式 rescue 损失 938.0 步长 0.0000 预测降 0.00 no_positive_direction 连败 22
轮 6638 模式 batch 损失 938.0 步长 0.0000 预测降 0.00 no_positive_direction 连败 23
轮 6639 模式 batch 损失 938.0 步长 0.0000 预测降 0.00 no_positive_direction 连败 24
轮 6640 模式 batch 损失 938.0 步长 0.0000 预测降 0.00 no_positive_direction 连败 25
轮 6641 模式 rescue 损失 938.0 步长 2.0000 预测降 2.00 ok 连败 26
轮 6642 模式 batch 损失 936.0 步长 0.0000 预测降 0.00 no_positive_direction 连败 0
轮 6643 模式 batch 损失 936.0 步长 0.0000 预测降 0.00 no_positive_direction 连败 1
轮 6644 模式 batch 损失 936.0 步长 0.0000 预测降 0.00 no_positive_direction 连败 2
轮 6645 模式 batch 损失 936.0 步长 0.0000 预测降 0.00 no_positive_direction 连败 3
轮 6646 模式 batch 损失 936.0 步长 0.0000 预测降 0.00 no_positive_direction 连败 4
轮 6647 模式 batch 损失 936.0 步长 0.0000 预测降 0.00 no_positive_direction 连败 5
轮 6648 模式 rescue 损失 936.0 步长 0.0000 预测降 0.00 no_positive_direction 连败 6
轮 6649 模式 batch 损失 936.0 步长 0.0000 预测降 0.00 no_positive_direction 连败 7
轮 6650 模式 batch 损失 936.0 步长 0.0000 预测降 0.00 no_positive_direction 连败 8
轮 6651 模式 batch 损失 936.0 步长 0.0000 预测降 0.00 no_positive_direction 连败 9
轮 6652 模式 rescue 损失 936.0 步长 1.4216 预测降 4.26 ok 连败 10
轮 6653 模式 batch 损失 932.0 步长 0.0000 预测降 0.00 no_positive_direction 连败 0
轮 6654 模式 batch 损失 932.0 步长 0.0000 预测降 0.00 no_positive_direction 连败 1
轮 6655 模式 batch 损失 932.0 步长 0.0000 预测降 0.00 no_positive_direction 连败 2
轮 6656 模式 batch 损失 932.0 步长 0.0000 预测降 0.00 no_positive_direction 连败 3
轮 6657 模式 batch 损失 932.0 步长 0.0000 预测降 0.00 no_positive_direction 连败 4
轮 6658 模式 batch 损失 932.0 步长 0.0000 预测降 0.00 no_positive_direction 连败 5
轮 6659 模式 rescue 损失 932.0 步长 1.9999 预测降 2.00 ok 连败 6
轮 6660 模式 batch 损失 930.0 步长 0.0000 预测降 0.00 no_positive_direction 连败 0
轮 6661 模式 batch 损失 930.0 步长 0.0000 预测降 0.00 no_positive_direction 连败 1
轮 6662 模式 batch 损失 930.0 步长 0.0000 预测降 0.00 no_positive_direction 连败 2
轮 6663 模式 batch 损失 930.0 步长 0.0000 预测降 0.00 no_positive_direction 连败 3
轮 6664 模式 batch 损失 930.0 步长 0.0000 预测降 0.00 no_positive_direction 连败 4
轮 6665 模式 batch 损失 930.0 步长 0.0000 预测降 0.00 no_positive_direction 连败 5
轮 6666 模式 rescue 损失 930.0 步长 0.0000 预测降 0.00 no_positive_direction 连败 6
轮 6667 模式 batch 损失 930.0 步长 0.0000 预测降 0.00 no_positive_direction 连败 7
轮 6668 模式 batch 损失 930.0 步长 0.0000 预测降 0.00 no_positive_direction 连败 8
轮 6669 模式 batch 损失 930.0 步长 0.0000 预测降 0.00 no_positive_direction 连败 9
轮 6670 模式 rescue 损失 930.0 步长 0.0000 预测降 0.00 no_positive_direction 连败 10
轮 6671 模式 batch 损失 930.0 步长 0.0000 预测降 0.00 no_positive_direction 连败 11
轮 6672 模式 batch 损失 930.0 步长 0.0000 预测降 0.00 no_positive_direction 连败 12
轮 6673 模式 batch 损失 930.0 步长 0.0000 预测降 0.00 no_positive_direction 连败 13
轮 6674 模式 rescue 损失 930.0 步长 2.0000 预测降 2.00 ok 连败 14
轮 6675 模式 batch 损失 928.0 步长 0.0000 预测降 0.00 no_positive_direction 连败 0
轮 6676 模式 batch 损失 928.0 步长 0.0000 预测降 0.00 no_positive_direction 连败 1
轮 6677 模式 batch 损失 928.0 步长 0.0000 预测降 0.00 no_positive_direction 连败 2
轮 6678 模式 batch 损失 928.0 步长 0.0000 预测降 0.00 no_positive_direction 连败 3
轮 6679 模式 batch 损失 928.0 步长 0.0000 预测降 0.00 no_positive_direction 连败 4
轮 6680 模式 batch 损失 928.0 步长 0.0000 预测降 0.00 no_positive_direction 连败 5
轮 6681 模式 rescue 损失 928.0 步长 0.0000 预测降 0.00 no_positive_direction 连败 6
轮 6682 模式 batch 损失 928.0 步长 0.0000 预测降 0.00 no_positive_direction 连败 7
轮 6683 模式 batch 损失 928.0 步长 0.0000 预测降 0.00 no_positive_direction 连败 8
轮 6684 模式 batch 损失 928.0 步长 0.0000 预测降 0.00 no_positive_direction 连败 9
轮 6685 模式 rescue 损失 928.0 步长 0.0000 预测降 0.00 no_positive_direction 连败 10
轮 6686 模式 batch 损失 928.0 步长 0.0000 预测降 0.00 no_positive_direction 连败 11
轮 6687 模式 batch 损失 928.0 步长 0.0000 预测降 0.00 no_positive_direction 连败 12
轮 6688 模式 batch 损失 928.0 步长 0.0000 预测降 0.00 no_positive_direction 连败 13
轮 6689 模式 rescue 损失 928.0 步长 1.4713 预测降 4.41 ok 连败 14
轮 6690 模式 batch 损失 924.0 步长 0.0000 预测降 0.00 no_positive_direction 连败 0
轮 6691 模式 batch 损失 924.0 步长 0.0000 预测降 0.00 no_positive_direction 连败 1
轮 6692 模式 batch 损失 924.0 步长 0.0000 预测降 0.00 no_positive_direction 连败 2
轮 6693 模式 batch 损失 924.0 步长 0.0000 预测降 0.00 no_positive_direction 连败 3
轮 6694 模式 batch 损失 924.0 步长 0.0000 预测降 0.00 no_positive_direction 连败 4
轮 6695 模式 batch 损失 924.0 步长 0.0000 预测降 0.00 no_positive_direction 连败 5
轮 6696 模式 rescue 损失 924.0 步长 2.0000 预测降 2.00 ok 连败 6
轮 6697 模式 batch 损失 922.0 步长 0.0000 预测降 0.00 no_positive_direction 连败 0
轮 6698 模式 batch 损失 922.0 步长 0.0000 预测降 0.00 no_positive_direction 连败 1
轮 6699 模式 batch 损失 922.0 步长 0.0000 预测降 0.00 no_positive_direction 连败 2
轮 6700 模式 batch 损失 922.0 步长 0.0000 预测降 0.00 no_positive_direction 连败 3
轮 6701 模式 batch 损失 922.0 步长 0.0000 预测降 0.00 no_positive_direction 连败 4
轮 6702 模式 batch 损失 922.0 步长 0.0000 预测降 0.00 no_positive_direction 连败 5
轮 6703 模式 rescue 损失 922.0 步长 0.0000 预测降 0.00 no_positive_direction 连败 6
轮 6704 模式 batch 损失 922.0 步长 0.0000 预测降 0.00 no_positive_direction 连败 7
轮 6705 模式 batch 损失 922.0 步长 0.0000 预测降 0.00 no_positive_direction 连败 8
轮 6706 模式 batch 损失 922.0 步长 0.0000 预测降 0.00 no_positive_direction 连败 9
轮 6707 模式 rescue 损失 922.0 步长 0.0000 预测降 0.00 no_positive_direction 连败 10
轮 6708 模式 batch 损失 922.0 步长 0.0000 预测降 0.00 no_positive_direction 连败 11
轮 6709 模式 batch 损失 922.0 步长 0.0000 预测降 0.00 no_positive_direction 连败 12
轮 6710 模式 batch 损失 922.0 步长 0.0000 预测降 0.00 no_positive_direction 连败 13
轮 6711 模式 rescue 损失 922.0 步长 1.9018 预测降 5.71 ok 连败 14
轮 6712 模式 batch 损失 916.0 步长 0.0000 预测降 0.00 no_positive_direction 连败 0
轮 6713 模式 batch 损失 916.0 步长 0.0000 预测降 0.00 no_positive_direction 连败 1
轮 6714 模式 batch 损失 916.0 步长 0.0000 预测降 0.00 no_positive_direction 连败 2
轮 6715 模式 batch 损失 916.0 步长 0.0000 预测降 0.00 no_positive_direction 连败 3
轮 6716 模式 batch 损失 916.0 步长 0.0000 预测降 0.00 no_positive_direction 连败 4
轮 6717 模式 batch 损失 916.0 步长 0.0000 预测降 0.00 no_positive_direction 连败 5
轮 6718 模式 rescue 损失 916.0 步长 0.0000 预测降 0.00 no_positive_direction 连败 6
轮 6719 模式 batch 损失 916.0 步长 0.0000 预测降 0.00 no_positive_direction 连败 7
轮 6720 模式 batch 损失 916.0 步长 0.0000 预测降 0.00 no_positive_direction 连败 8
轮 6721 模式 batch 损失 916.0 步长 0.0000 预测降 0.00 no_positive_direction 连败 9
轮 6722 模式 rescue 损失 916.0 步长 0.0000 预测降 0.00 no_positive_direction 连败 10
轮 6723 模式 batch 损失 916.0 步长 0.0000 预测降 0.00 no_positive_direction 连败 11
轮 6724 模式 batch 损失 916.0 步长 0.0000 预测降 0.00 no_positive_direction 连败 12
轮 6725 模式 batch 损失 916.0 步长 0.0000 预测降 0.00 no_positive_direction 连败 13
轮 6726 模式 rescue 损失 916.0 步长 2.0000 预测降 2.00 ok 连败 14
轮 6727 模式 batch 损失 914.0 步长 0.0000 预测降 0.00 no_positive_direction 连败 0
轮 6728 模式 batch 损失 914.0 步长 0.0000 预测降 0.00 no_positive_direction 连败 1
轮 6729 模式 batch 损失 914.0 步长 0.0000 预测降 0.00 no_positive_direction 连败 2
轮 6730 模式 batch 损失 914.0 步长 0.0000 预测降 0.00 no_positive_direction 连败 3
轮 6731 模式 batch 损失 914.0 步长 0.0000 预测降 0.00 no_positive_direction 连败 4
轮 6732 模式 batch 损失 914.0 步长 0.0000 预测降 0.00 no_positive_direction 连败 5
轮 6733 模式 rescue 损失 914.0 步长 1.9895 预测降 3.98 ok 连败 6
轮 6734 模式 batch 损失 910.0 步长 0.0000 预测降 0.00 no_positive_direction 连败 0
轮 6735 模式 batch 损失 910.0 步长 0.0000 预测降 0.00 no_positive_direction 连败 1
轮 6736 模式 batch 损失 910.0 步长 0.0000 预测降 0.00 no_positive_direction 连败 2
轮 6737 模式 batch 损失 910.0 步长 0.0000 预测降 0.00 no_positive_direction 连败 3
轮 6738 模式 batch 损失 910.0 步长 0.0000 预测降 0.00 no_positive_direction 连败 4
轮 6739 模式 batch 损失 910.0 步长 0.0000 预测降 0.00 no_positive_direction 连败 5
轮 6740 模式 rescue 损失 910.0 步长 0.0000 预测降 0.00 no_positive_direction 连败 6
轮 6741 模式 batch 损失 910.0 步长 0.0000 预测降 0.00 no_positive_direction 连败 7
轮 6742 模式 batch 损失 910.0 步长 0.0000 预测降 0.00 no_positive_direction 连败 8
轮 6743 模式 batch 损失 910.0 步长 0.0000 预测降 0.00 no_positive_direction 连败 9
轮 6744 模式 rescue 损失 910.0 步长 0.0000 预测降 0.00 no_positive_direction 连败 10
轮 6745 模式 batch 损失 910.0 步长 0.0000 预测降 0.00 no_positive_direction 连败 11
轮 6746 模式 batch 损失 910.0 步长 0.0000 预测降 0.00 no_positive_direction 连败 12
轮 6747 模式 batch 损失 910.0 步长 0.0000 预测降 0.00 no_positive_direction 连败 13
轮 6748 模式 rescue 损失 910.0 步长 2.0000 预测降 2.00 ok 连败 14
轮 6749 模式 batch 损失 908.0 步长 0.0000 预测降 0.00 no_positive_direction 连败 0
轮 6750 模式 batch 损失 908.0 步长 0.0000 预测降 0.00 no_positive_direction 连败 1
轮 6751 模式 batch 损失 908.0 步长 0.0000 预测降 0.00 no_positive_direction 连败 2
轮 6752 模式 batch 损失 908.0 步长 0.0000 预测降 0.00 no_positive_direction 连败 3
轮 6753 模式 batch 损失 908.0 步长 0.0000 预测降 0.00 no_positive_direction 连败 4
轮 6754 模式 batch 损失 908.0 步长 0.0000 预测降 0.00 no_positive_direction 连败 5
轮 6755 模式 rescue 损失 908.0 步长 1.8563 预测降 3.71 ok 连败 6
轮 6756 模式 batch 损失 904.0 步长 0.0000 预测降 0.00 no_positive_direction 连败 0
轮 6757 模式 batch 损失 904.0 步长 0.0000 预测降 0.00 no_positive_direction 连败 1
轮 6758 模式 batch 损失 904.0 步长 0.0000 预测降 0.00 no_positive_direction 连败 2
轮 6759 模式 batch 损失 904.0 步长 0.0000 预测降 0.00 no_positive_direction 连败 3
轮 6760 模式 batch 损失 904.0 步长 0.0000 预测降 0.00 no_positive_direction 连败 4
轮 6761 模式 batch 损失 904.0 步长 0.0000 预测降 0.00 no_positive_direction 连败 5
轮 6762 模式 rescue 损失 904.0 步长 1.9661 预测降 3.93 ok 连败 6
轮 6763 模式 batch 损失 900.0 步长 0.0000 预测降 0.00 no_positive_direction 连败 0
轮 6764 模式 batch 损失 900.0 步长 0.0000 预测降 0.00 no_positive_direction 连败 1
轮 6765 模式 batch 损失 900.0 步长 0.0000 预测降 0.00 no_positive_direction 连败 2
轮 6766 模式 batch 损失 900.0 步长 0.0000 预测降 0.00 no_positive_direction 连败 3
轮 6767 模式 batch 损失 900.0 步长 0.0000 预测降 0.00 no_positive_direction 连败 4
轮 6768 模式 batch 损失 900.0 步长 0.0000 预测降 0.00 no_positive_direction 连败 5
轮 6769 模式 rescue 损失 900.0 步长 0.0000 预测降 0.00 no_positive_direction 连败 6
轮 6770 模式 batch 损失 900.0 步长 0.0000 预测降 0.00 no_positive_direction 连败 7
轮 6771 模式 batch 损失 900.0 步长 0.0000 预测降 0.00 no_positive_direction 连败 8
轮 6772 模式 batch 损失 900.0 步长 0.0000 预测降 0.00 no_positive_direction 连败 9
轮 6773 模式 rescue 损失 900.0 步长 0.0000 预测降 0.00 no_positive_direction 连败 10
轮 6774 模式 batch 损失 900.0 步长 0.0000 预测降 0.00 no_positive_direction 连败 11
轮 6775 模式 batch 损失 900.0 步长 0.0000 预测降 0.00 no_positive_direction 连败 12
轮 6776 模式 batch 损失 900.0 步长 0.0000 预测降 0.00 no_positive_direction 连败 13
轮 6777 模式 rescue 损失 900.0 步长 0.0000 预测降 0.00 no_positive_direction 连败 14
轮 6778 模式 batch 损失 900.0 步长 0.0000 预测降 0.00 no_positive_direction 连败 15
轮 6779 模式 batch 损失 900.0 步长 0.0000 预测降 0.00 no_positive_direction 连败 16
轮 6780 模式 batch 损失 900.0 步长 0.0000 预测降 0.00 no_positive_direction 连败 17
轮 6781 模式 rescue 损失 900.0 步长 0.0000 预测降 0.00 no_positive_direction 连败 18
轮 6782 模式 batch 损失 900.0 步长 0.0000 预测降 0.00 no_positive_direction 连败 19
轮 6783 模式 batch 损失 900.0 步长 0.0000 预测降 0.00 no_positive_direction 连败 20
轮 6784 模式 batch 损失 900.0 步长 0.0000 预测降 0.00 no_positive_direction 连败 21
轮 6785 模式 rescue 损失 900.0 步长 0.0000 预测降 0.00 no_positive_direction 连败 22
轮 6786 模式 batch 损失 900.0 步长 0.0000 预测降 0.00 no_positive_direction 连败 23
轮 6787 模式 batch 损失 900.0 步长 0.0000 预测降 0.00 no_positive_direction 连败 24
轮 6788 模式 batch 损失 900.0 步长 0.0000 预测降 0.00 no_positive_direction 连败 25
轮 6789 模式 rescue 损失 900.0 步长 0.0000 预测降 0.00 no_positive_direction 连败 26
轮 6790 模式 batch 损失 900.0 步长 0.0000 预测降 0.00 no_positive_direction 连败 27
轮 6791 模式 batch 损失 900.0 步长 0.0000 预测降 0.00 no_positive_direction 连败 28
轮 6792 模式 batch 损失 900.0 步长 0.0000 预测降 0.00 no_positive_direction 连败 29
轮 6793 模式 rescue 损失 900.0 步长 0.0000 预测降 0.00 no_positive_direction 连败 30
轮 6794 模式 batch 损失 900.0 步长 0.0000 预测降 0.00 no_positive_direction 连败 31
轮 6795 模式 batch 损失 900.0 步长 0.0000 预测降 0.00 no_positive_direction 连败 32
轮 6796 模式 batch 损失 900.0 步长 0.0000 预测降 0.00 no_positive_direction 连败 33
轮 6797 模式 rescue 损失 900.0 步长 2.0000 预测降 2.00 ok 连败 34
轮 6798 模式 batch 损失 898.0 步长 0.0000 预测降 0.00 no_positive_direction 连败 0
轮 6799 模式 batch 损失 898.0 步长 0.0000 预测降 0.00 no_positive_direction 连败 1
轮 6800 模式 batch 损失 898.0 步长 0.0000 预测降 0.00 no_positive_direction 连败 2
轮 6801 模式 batch 损失 898.0 步长 0.0000 预测降 0.00 no_positive_direction 连败 3
轮 6802 模式 batch 损失 898.0 步长 0.0000 预测降 0.00 no_positive_direction 连败 4
轮 6803 模式 batch 损失 898.0 步长 0.0000 预测降 0.00 no_positive_direction 连败 5
轮 6804 模式 rescue 损失 898.0 步长 0.0000 预测降 0.00 no_positive_direction 连败 6
轮 6805 模式 batch 损失 898.0 步长 0.0000 预测降 0.00 no_positive_direction 连败 7
轮 6806 模式 batch 损失 898.0 步长 0.0000 预测降 0.00 no_positive_direction 连败 8
轮 6807 模式 batch 损失 898.0 步长 0.0000 预测降 0.00 no_positive_direction 连败 9
轮 6808 模式 rescue 损失 898.0 步长 2.0000 预测降 2.00 ok 连败 10
轮 6809 模式 batch 损失 896.0 步长 0.0000 预测降 0.00 no_positive_direction 连败 0
轮 6810 模式 batch 损失 896.0 步长 0.0000 预测降 0.00 no_positive_direction 连败 1
轮 6811 模式 batch 损失 896.0 步长 0.0000 预测降 0.00 no_positive_direction 连败 2
轮 6812 模式 batch 损失 896.0 步长 0.0000 预测降 0.00 no_positive_direction 连败 3
轮 6813 模式 batch 损失 896.0 步长 0.0000 预测降 0.00 no_positive_direction 连败 4
轮 6814 模式 batch 损失 896.0 步长 0.0000 预测降 0.00 no_positive_direction 连败 5
轮 6815 模式 rescue 损失 896.0 步长 0.0000 预测降 0.00 no_positive_direction 连败 6
轮 6816 模式 batch 损失 896.0 步长 0.0000 预测降 0.00 no_positive_direction 连败 7
轮 6817 模式 batch 损失 896.0 步长 0.0000 预测降 0.00 no_positive_direction 连败 8
轮 6818 模式 batch 损失 896.0 步长 0.0000 预测降 0.00 no_positive_direction 连败 9
轮 6819 模式 rescue 损失 896.0 步长 2.0000 预测降 2.00 ok 连败 10
轮 6820 模式 batch 损失 894.0 步长 0.0000 预测降 0.00 no_positive_direction 连败 0
轮 6821 模式 batch 损失 894.0 步长 0.0000 预测降 0.00 no_positive_direction 连败 1
轮 6822 模式 batch 损失 894.0 步长 0.0000 预测降 0.00 no_positive_direction 连败 2
轮 6823 模式 batch 损失 894.0 步长 0.0000 预测降 0.00 no_positive_direction 连败 3
轮 6824 模式 batch 损失 894.0 步长 0.0000 预测降 0.00 no_positive_direction 连败 4
轮 6825 模式 batch 损失 894.0 步长 0.0000 预测降 0.00 no_positive_direction 连败 5
轮 6826 模式 rescue 损失 894.0 步长 2.0000 预测降 2.00 ok 连败 6
轮 6827 模式 batch 损失 892.0 步长 0.0000 预测降 0.00 no_positive_direction 连败 0
轮 6828 模式 batch 损失 892.0 步长 0.0000 预测降 0.00 no_positive_direction 连败 1
轮 6829 模式 batch 损失 892.0 步长 0.0000 预测降 0.00 no_positive_direction 连败 2
轮 6830 模式 batch 损失 892.0 步长 0.0000 预测降 0.00 no_positive_direction 连败 3
轮 6831 模式 batch 损失 892.0 步长 0.0000 预测降 0.00 no_positive_direction 连败 4
轮 6832 模式 batch 损失 892.0 步长 0.0000 预测降 0.00 no_positive_direction 连败 5
轮 6833 模式 rescue 损失 892.0 步长 0.0000 预测降 0.00 no_positive_direction 连败 6
轮 6834 模式 batch 损失 892.0 步长 0.0000 预测降 0.00 no_positive_direction 连败 7
轮 6835 模式 batch 损失 892.0 步长 0.0000 预测降 0.00 no_positive_direction 连败 8
轮 6836 模式 batch 损失 892.0 步长 0.0000 预测降 0.00 no_positive_direction 连败 9
轮 6837 模式 rescue 损失 892.0 步长 0.0000 预测降 0.00 no_positive_direction 连败 10
轮 6838 模式 batch 损失 892.0 步长 0.0000 预测降 0.00 no_positive_direction 连败 11
轮 6839 模式 batch 损失 892.0 步长 0.0000 预测降 0.00 no_positive_direction 连败 12
轮 6840 模式 batch 损失 892.0 步长 0.0000 预测降 0.00 no_positive_direction 连败 13
轮 6841 模式 rescue 损失 892.0 步长 0.0000 预测降 0.00 no_positive_direction 连败 14
轮 6842 模式 batch 损失 892.0 步长 0.0000 预测降 0.00 no_positive_direction 连败 15
轮 6843 模式 batch 损失 892.0 步长 0.0000 预测降 0.00 no_positive_direction 连败 16
轮 6844 模式 batch 损失 892.0 步长 0.0000 预测降 0.00 no_positive_direction 连败 17
轮 6845 模式 rescue 损失 892.0 步长 0.0000 预测降 0.00 no_positive_direction 连败 18
轮 6846 模式 batch 损失 892.0 步长 0.0000 预测降 0.00 no_positive_direction 连败 19
轮 6847 模式 batch 损失 892.0 步长 0.0000 预测降 0.00 no_positive_direction 连败 20
轮 6848 模式 batch 损失 892.0 步长 0.0000 预测降 0.00 no_positive_direction 连败 21
轮 6849 模式 rescue 损失 892.0 步长 0.0000 预测降 0.00 no_positive_direction 连败 22
轮 6850 模式 batch 损失 892.0 步长 0.0000 预测降 0.00 no_positive_direction 连败 23
轮 6851 模式 batch 损失 892.0 步长 0.0000 预测降 0.00 no_positive_direction 连败 24
轮 6852 模式 batch 损失 892.0 步长 0.0000 预测降 0.00 no_positive_direction 连败 25
轮 6853 模式 rescue 损失 892.0 步长 0.0000 预测降 0.00 no_positive_direction 连败 26
轮 6854 模式 batch 损失 892.0 步长 0.0000 预测降 0.00 no_positive_direction 连败 27
轮 6855 模式 batch 损失 892.0 步长 0.0000 预测降 0.00 no_positive_direction 连败 28
轮 6856 模式 batch 损失 892.0 步长 0.0000 预测降 0.00 no_positive_direction 连败 29
轮 6857 模式 rescue 损失 892.0 步长 0.0000 预测降 0.00 no_positive_direction 连败 30
轮 6858 模式 batch 损失 892.0 步长 0.0000 预测降 0.00 no_positive_direction 连败 31
轮 6859 模式 batch 损失 892.0 步长 0.0000 预测降 0.00 no_positive_direction 连败 32
轮 6860 模式 batch 损失 892.0 步长 0.0000 预测降 0.00 no_positive_direction 连败 33
轮 6861 模式 rescue 损失 892.0 步长 2.0000 预测降 2.00 ok 连败 34
轮 6862 模式 batch 损失 890.0 步长 0.0000 预测降 0.00 no_positive_direction 连败 0
轮 6863 模式 batch 损失 890.0 步长 0.0000 预测降 0.00 no_positive_direction 连败 1
轮 6864 模式 batch 损失 890.0 步长 0.0000 预测降 0.00 no_positive_direction 连败 2
轮 6865 模式 batch 损失 890.0 步长 0.0000 预测降 0.00 no_positive_direction 连败 3
轮 6866 模式 batch 损失 890.0 步长 0.0000 预测降 0.00 no_positive_direction 连败 4
轮 6867 模式 batch 损失 890.0 步长 0.0000 预测降 0.00 no_positive_direction 连败 5
轮 6868 模式 rescue 损失 890.0 步长 0.0000 预测降 0.00 no_positive_direction 连败 6
轮 6869 模式 batch 损失 890.0 步长 0.0000 预测降 0.00 no_positive_direction 连败 7
轮 6870 模式 batch 损失 890.0 步长 0.0000 预测降 0.00 no_positive_direction 连败 8
轮 6871 模式 batch 损失 890.0 步长 0.0000 预测降 0.00 no_positive_direction 连败 9
轮 6872 模式 rescue 损失 890.0 步长 1.9999 预测降 2.00 ok 连败 10
轮 6873 模式 batch 损失 888.0 步长 0.0000 预测降 0.00 no_positive_direction 连败 0
轮 6874 模式 batch 损失 888.0 步长 0.0000 预测降 0.00 no_positive_direction 连败 1
轮 6875 模式 batch 损失 888.0 步长 0.0000 预测降 0.00 no_positive_direction 连败 2
轮 6876 模式 batch 损失 888.0 步长 0.0000 预测降 0.00 no_positive_direction 连败 3
轮 6877 模式 batch 损失 888.0 步长 0.0000 预测降 0.00 no_positive_direction 连败 4
轮 6878 模式 batch 损失 888.0 步长 0.0000 预测降 0.00 no_positive_direction 连败 5
轮 6879 模式 rescue 损失 888.0 步长 0.0000 预测降 0.00 no_positive_direction 连败 6
轮 6880 模式 batch 损失 888.0 步长 0.0000 预测降 0.00 no_positive_direction 连败 7
轮 6881 模式 batch 损失 888.0 步长 0.0000 预测降 0.00 no_positive_direction 连败 8
轮 6882 模式 batch 损失 888.0 步长 0.0000 预测降 0.00 no_positive_direction 连败 9
轮 6883 模式 rescue 损失 888.0 步长 0.0000 预测降 0.00 no_positive_direction 连败 10
轮 6884 模式 batch 损失 888.0 步长 0.0000 预测降 0.00 no_positive_direction 连败 11
轮 6885 模式 batch 损失 888.0 步长 0.0000 预测降 0.00 no_positive_direction 连败 12
轮 6886 模式 batch 损失 888.0 步长 0.0000 预测降 0.00 no_positive_direction 连败 13
轮 6887 模式 rescue 损失 888.0 步长 0.0000 预测降 0.00 no_positive_direction 连败 14
轮 6888 模式 batch 损失 888.0 步长 0.0000 预测降 0.00 no_positive_direction 连败 15
轮 6889 模式 batch 损失 888.0 步长 0.0000 预测降 0.00 no_positive_direction 连败 16
轮 6890 模式 batch 损失 888.0 步长 0.0000 预测降 0.00 no_positive_direction 连败 17
轮 6891 模式 rescue 损失 888.0 步长 2.0000 预测降 2.00 ok 连败 18
轮 6892 模式 batch 损失 886.0 步长 0.0000 预测降 0.00 no_positive_direction 连败 0
轮 6893 模式 batch 损失 886.0 步长 0.0000 预测降 0.00 no_positive_direction 连败 1
轮 6894 模式 batch 损失 886.0 步长 0.0000 预测降 0.00 no_positive_direction 连败 2
轮 6895 模式 batch 损失 886.0 步长 0.0000 预测降 0.00 no_positive_direction 连败 3
轮 6896 模式 batch 损失 886.0 步长 0.0000 预测降 0.00 no_positive_direction 连败 4
轮 6897 模式 batch 损失 886.0 步长 0.0000 预测降 0.00 no_positive_direction 连败 5
轮 6898 模式 rescue 损失 886.0 步长 0.0000 预测降 0.00 no_positive_direction 连败 6
轮 6899 模式 batch 损失 886.0 步长 0.0000 预测降 0.00 no_positive_direction 连败 7
轮 6900 模式 batch 损失 886.0 步长 0.0000 预测降 0.00 no_positive_direction 连败 8
轮 6901 模式 batch 损失 886.0 步长 0.0000 预测降 0.00 no_positive_direction 连败 9
轮 6902 模式 rescue 损失 886.0 步长 0.0000 预测降 0.00 no_positive_direction 连败 10
轮 6903 模式 batch 损失 886.0 步长 0.0000 预测降 0.00 no_positive_direction 连败 11
轮 6904 模式 batch 损失 886.0 步长 0.0000 预测降 0.00 no_positive_direction 连败 12
轮 6905 模式 batch 损失 886.0 步长 0.0000 预测降 0.00 no_positive_direction 连败 13
轮 6906 模式 rescue 损失 886.0 步长 0.0000 预测降 0.00 no_positive_direction 连败 14
轮 6907 模式 batch 损失 886.0 步长 0.0000 预测降 0.00 no_positive_direction 连败 15
轮 6908 模式 batch 损失 886.0 步长 0.0000 预测降 0.00 no_positive_direction 连败 16
轮 6909 模式 batch 损失 886.0 步长 0.0000 预测降 0.00 no_positive_direction 连败 17
轮 6910 模式 rescue 损失 886.0 步长 0.0000 预测降 0.00 no_positive_direction 连败 18
轮 6911 模式 batch 损失 886.0 步长 0.0000 预测降 0.00 no_positive_direction 连败 19
轮 6912 模式 batch 损失 886.0 步长 0.0000 预测降 0.00 no_positive_direction 连败 20
轮 6913 模式 batch 损失 886.0 步长 0.0000 预测降 0.00 no_positive_direction 连败 21
轮 6914 模式 rescue 损失 886.0 步长 0.0000 预测降 0.00 no_positive_direction 连败 22
轮 6915 模式 batch 损失 886.0 步长 0.0000 预测降 0.00 no_positive_direction 连败 23
轮 6916 模式 batch 损失 886.0 步长 0.0000 预测降 0.00 no_positive_direction 连败 24
轮 6917 模式 batch 损失 886.0 步长 0.0000 预测降 0.00 no_positive_direction 连败 25
轮 6918 模式 rescue 损失 886.0 步长 1.4315 预测降 4.29 ok 连败 26
轮 6919 模式 batch 损失 880.0 步长 0.0000 预测降 0.00 no_positive_direction 连败 0
轮 6920 模式 batch 损失 880.0 步长 0.0000 预测降 0.00 no_positive_direction 连败 1
轮 6921 模式 batch 损失 880.0 步长 0.0000 预测降 0.00 no_positive_direction 连败 2
轮 6922 模式 batch 损失 880.0 步长 0.0000 预测降 0.00 no_positive_direction 连败 3
轮 6923 模式 batch 损失 880.0 步长 0.0000 预测降 0.00 no_positive_direction 连败 4
轮 6924 模式 batch 损失 880.0 步长 0.0000 预测降 0.00 no_positive_direction 连败 5
轮 6925 模式 rescue 损失 880.0 步长 2.0000 预测降 2.00 ok 连败 6
轮 6926 模式 batch 损失 878.0 步长 0.0000 预测降 0.00 no_positive_direction 连败 0
轮 6927 模式 batch 损失 878.0 步长 0.0000 预测降 0.00 no_positive_direction 连败 1
轮 6928 模式 batch 损失 878.0 步长 0.0000 预测降 0.00 no_positive_direction 连败 2
轮 6929 模式 batch 损失 878.0 步长 0.0000 预测降 0.00 no_positive_direction 连败 3
轮 6930 模式 batch 损失 878.0 步长 0.0000 预测降 0.00 no_positive_direction 连败 4
轮 6931 模式 batch 损失 878.0 步长 0.0000 预测降 0.00 no_positive_direction 连败 5
轮 6932 模式 rescue 损失 878.0 步长 0.0000 预测降 0.00 no_positive_direction 连败 6
轮 6933 模式 batch 损失 878.0 步长 0.0000 预测降 0.00 no_positive_direction 连败 7
轮 6934 模式 batch 损失 878.0 步长 0.0000 预测降 0.00 no_positive_direction 连败 8
轮 6935 模式 batch 损失 878.0 步长 0.0000 预测降 0.00 no_positive_direction 连败 9
轮 6936 模式 rescue 损失 878.0 步长 0.0000 预测降 0.00 no_positive_direction 连败 10
轮 6937 模式 batch 损失 878.0 步长 0.0000 预测降 0.00 no_positive_direction 连败 11
轮 6938 模式 batch 损失 878.0 步长 0.0000 预测降 0.00 no_positive_direction 连败 12
轮 6939 模式 batch 损失 878.0 步长 0.0000 预测降 0.00 no_positive_direction 连败 13
轮 6940 模式 rescue 损失 878.0 步长 0.0000 预测降 0.00 no_positive_direction 连败 14
轮 6941 模式 batch 损失 878.0 步长 0.0000 预测降 0.00 no_positive_direction 连败 15
轮 6942 模式 batch 损失 878.0 步长 0.0000 预测降 0.00 no_positive_direction 连败 16
轮 6943 模式 batch 损失 878.0 步长 0.0000 预测降 0.00 no_positive_direction 连败 17
轮 6944 模式 rescue 损失 878.0 步长 0.0000 预测降 0.00 no_positive_direction 连败 18
轮 6945 模式 batch 损失 878.0 步长 0.0000 预测降 0.00 no_positive_direction 连败 19
轮 6946 模式 batch 损失 878.0 步长 0.0000 预测降 0.00 no_positive_direction 连败 20
轮 6947 模式 batch 损失 878.0 步长 0.0000 预测降 0.00 no_positive_direction 连败 21
轮 6948 模式 rescue 损失 878.0 步长 2.0000 预测降 2.00 ok 连败 22
轮 6949 模式 batch 损失 876.0 步长 0.0000 预测降 0.00 no_positive_direction 连败 0
轮 6950 模式 batch 损失 876.0 步长 0.0000 预测降 0.00 no_positive_direction 连败 1
轮 6951 模式 batch 损失 876.0 步长 0.0000 预测降 0.00 no_positive_direction 连败 2
轮 6952 模式 batch 损失 876.0 步长 0.0000 预测降 0.00 no_positive_direction 连败 3
轮 6953 模式 batch 损失 876.0 步长 0.0000 预测降 0.00 no_positive_direction 连败 4
轮 6954 模式 batch 损失 876.0 步长 0.0000 预测降 0.00 no_positive_direction 连败 5
轮 6955 模式 rescue 损失 876.0 步长 0.0000 预测降 0.00 no_positive_direction 连败 6
轮 6956 模式 batch 损失 876.0 步长 0.0000 预测降 0.00 no_positive_direction 连败 7
轮 6957 模式 batch 损失 876.0 步长 0.0000 预测降 0.00 no_positive_direction 连败 8
轮 6958 模式 batch 损失 876.0 步长 0.0000 预测降 0.00 no_positive_direction 连败 9
轮 6959 模式 rescue 损失 876.0 步长 2.0000 预测降 2.00 ok 连败 10
轮 6960 模式 batch 损失 874.0 步长 0.0000 预测降 0.00 no_positive_direction 连败 0
轮 6961 模式 batch 损失 874.0 步长 0.0000 预测降 0.00 no_positive_direction 连败 1
轮 6962 模式 batch 损失 874.0 步长 0.0000 预测降 0.00 no_positive_direction 连败 2
轮 6963 模式 batch 损失 874.0 步长 0.0000 预测降 0.00 no_positive_direction 连败 3
轮 6964 模式 batch 损失 874.0 步长 0.0000 预测降 0.00 no_positive_direction 连败 4
轮 6965 模式 batch 损失 874.0 步长 0.0000 预测降 0.00 no_positive_direction 连败 5
轮 6966 模式 rescue 损失 874.0 步长 2.0000 预测降 2.00 ok 连败 6
轮 6967 模式 batch 损失 872.0 步长 0.0000 预测降 0.00 no_positive_direction 连败 0
轮 6968 模式 batch 损失 872.0 步长 0.0000 预测降 0.00 no_positive_direction 连败 1
轮 6969 模式 batch 损失 872.0 步长 0.0000 预测降 0.00 no_positive_direction 连败 2
轮 6970 模式 batch 损失 872.0 步长 0.0000 预测降 0.00 no_positive_direction 连败 3
轮 6971 模式 batch 损失 872.0 步长 0.0000 预测降 0.00 no_positive_direction 连败 4
轮 6972 模式 batch 损失 872.0 步长 0.0000 预测降 0.00 no_positive_direction 连败 5
轮 6973 模式 rescue 损失 872.0 步长 0.0000 预测降 0.00 no_positive_direction 连败 6
轮 6974 模式 batch 损失 872.0 步长 0.0000 预测降 0.00 no_positive_direction 连败 7
轮 6975 模式 batch 损失 872.0 步长 0.0000 预测降 0.00 no_positive_direction 连败 8
轮 6976 模式 batch 损失 872.0 步长 0.0000 预测降 0.00 no_positive_direction 连败 9
轮 6977 模式 rescue 损失 872.0 步长 2.0000 预测降 18.00 ok 连败 10
轮 6978 模式 batch 损失 854.0 步长 0.0000 预测降 0.00 no_positive_direction 连败 0
轮 6979 模式 batch 损失 854.0 步长 0.0000 预测降 0.00 no_positive_direction 连败 1
轮 6980 模式 batch 损失 854.0 步长 0.0000 预测降 0.00 no_positive_direction 连败 2
轮 6981 模式 batch 损失 854.0 步长 0.0000 预测降 0.00 no_positive_direction 连败 3
轮 6982 模式 batch 损失 854.0 步长 0.0000 预测降 0.00 no_positive_direction 连败 4
轮 6983 模式 batch 损失 854.0 步长 0.0000 预测降 0.00 no_positive_direction 连败 5
轮 6984 模式 rescue 损失 854.0 步长 0.0000 预测降 0.00 no_positive_direction 连败 6
轮 6985 模式 batch 损失 854.0 步长 0.0000 预测降 0.00 no_positive_direction 连败 7
轮 6986 模式 batch 损失 854.0 步长 0.0000 预测降 0.00 no_positive_direction 连败 8
轮 6987 模式 batch 损失 854.0 步长 0.0000 预测降 0.00 no_positive_direction 连败 9
轮 6988 模式 rescue 损失 854.0 步长 0.0000 预测降 0.00 no_positive_direction 连败 10
轮 6989 模式 batch 损失 854.0 步长 0.0000 预测降 0.00 no_positive_direction 连败 11
轮 6990 模式 batch 损失 854.0 步长 0.0000 预测降 0.00 no_positive_direction 连败 12
轮 6991 模式 batch 损失 854.0 步长 0.0000 预测降 0.00 no_positive_direction 连败 13
轮 6992 模式 rescue 损失 854.0 步长 0.0000 预测降 0.00 no_positive_direction 连败 14
轮 6993 模式 batch 损失 854.0 步长 0.0000 预测降 0.00 no_positive_direction 连败 15
轮 6994 模式 batch 损失 854.0 步长 0.0000 预测降 0.00 no_positive_direction 连败 16
轮 6995 模式 batch 损失 854.0 步长 0.0000 预测降 0.00 no_positive_direction 连败 17
轮 6996 模式 rescue 损失 854.0 步长 2.0000 预测降 4.00 ok 连败 18
轮 6997 模式 batch 损失 850.0 步长 0.0000 预测降 0.00 no_positive_direction 连败 0
轮 6998 模式 batch 损失 850.0 步长 0.0000 预测降 0.00 no_positive_direction 连败 1
轮 6999 模式 batch 损失 850.0 步长 0.0000 预测降 0.00 no_positive_direction 连败 2
轮 7000 模式 batch 损失 850.0 步长 0.0000 预测降 0.00 no_positive_direction 连败 3
轮 7001 模式 batch 损失 850.0 步长 0.0000 预测降 0.00 no_positive_direction 连败 4
轮 7002 模式 batch 损失 850.0 步长 0.0000 预测降 0.00 no_positive_direction 连败 5
轮 7003 模式 rescue 损失 850.0 步长 0.0000 预测降 0.00 no_positive_direction 连败 6
轮 7004 模式 batch 损失 850.0 步长 0.0000 预测降 0.00 no_positive_direction 连败 7
轮 7005 模式 batch 损失 850.0 步长 0.0000 预测降 0.00 no_positive_direction 连败 8
轮 7006 模式 batch 损失 850.0 步长 0.0000 预测降 0.00 no_positive_direction 连败 9
轮 7007 模式 rescue 损失 850.0 步长 0.0000 预测降 0.00 no_positive_direction 连败 10
轮 7008 模式 batch 损失 850.0 步长 0.0000 预测降 0.00 no_positive_direction 连败 11
轮 7009 模式 batch 损失 850.0 步长 0.0000 预测降 0.00 no_positive_direction 连败 12
轮 7010 模式 batch 损失 850.0 步长 0.0000 预测降 0.00 no_positive_direction 连败 13
轮 7011 模式 rescue 损失 850.0 步长 2.0000 预测降 4.00 ok 连败 14
轮 7012 模式 batch 损失 846.0 步长 0.0000 预测降 0.00 no_positive_direction 连败 0
轮 7013 模式 batch 损失 846.0 步长 0.0000 预测降 0.00 no_positive_direction 连败 1
轮 7014 模式 batch 损失 846.0 步长 0.0000 预测降 0.00 no_positive_direction 连败 2
轮 7015 模式 batch 损失 846.0 步长 0.0000 预测降 0.00 no_positive_direction 连败 3
轮 7016 模式 batch 损失 846.0 步长 0.0000 预测降 0.00 no_positive_direction 连败 4
轮 7017 模式 batch 损失 846.0 步长 0.0000 预测降 0.00 no_positive_direction 连败 5
轮 7018 模式 rescue 损失 846.0 步长 0.0000 预测降 0.00 no_positive_direction 连败 6
轮 7019 模式 batch 损失 846.0 步长 0.0000 预测降 0.00 no_positive_direction 连败 7
轮 7020 模式 batch 损失 846.0 步长 0.0000 预测降 0.00 no_positive_direction 连败 8
轮 7021 模式 batch 损失 846.0 步长 0.0000 预测降 0.00 no_positive_direction 连败 9
轮 7022 模式 rescue 损失 846.0 步长 1.1348 预测降 9.08 ok 连败 10
轮 7023 模式 batch 损失 838.0 步长 0.0000 预测降 0.00 no_positive_direction 连败 0
轮 7024 模式 batch 损失 838.0 步长 0.0000 预测降 0.00 no_positive_direction 连败 1
轮 7025 模式 batch 损失 838.0 步长 0.0000 预测降 0.00 no_positive_direction 连败 2
轮 7026 模式 batch 损失 838.0 步长 0.0000 预测降 0.00 no_positive_direction 连败 3
轮 7027 模式 batch 损失 838.0 步长 0.0000 预测降 0.00 no_positive_direction 连败 4
轮 7028 模式 batch 损失 838.0 步长 0.0000 预测降 0.00 no_positive_direction 连败 5
轮 7029 模式 rescue 损失 838.0 步长 0.0000 预测降 0.00 no_positive_direction 连败 6
轮 7030 模式 batch 损失 838.0 步长 0.0000 预测降 0.00 no_positive_direction 连败 7
轮 7031 模式 batch 损失 838.0 步长 0.0000 预测降 0.00 no_positive_direction 连败 8
轮 7032 模式 batch 损失 838.0 步长 0.0000 预测降 0.00 no_positive_direction 连败 9
轮 7033 模式 rescue 损失 838.0 步长 0.0000 预测降 0.00 no_positive_direction 连败 10
轮 7034 模式 batch 损失 838.0 步长 0.0000 预测降 0.00 no_positive_direction 连败 11
轮 7035 模式 batch 损失 838.0 步长 0.0000 预测降 0.00 no_positive_direction 连败 12
轮 7036 模式 batch 损失 838.0 步长 0.0000 预测降 0.00 no_positive_direction 连败 13
轮 7037 模式 rescue 损失 838.0 步长 2.0000 预测降 2.00 ok 连败 14
轮 7038 模式 batch 损失 836.0 步长 0.0000 预测降 0.00 no_positive_direction 连败 0
轮 7039 模式 batch 损失 836.0 步长 0.0000 预测降 0.00 no_positive_direction 连败 1
轮 7040 模式 batch 损失 836.0 步长 0.0000 预测降 0.00 no_positive_direction 连败 2
轮 7041 模式 batch 损失 836.0 步长 0.0000 预测降 0.00 no_positive_direction 连败 3
轮 7042 模式 batch 损失 836.0 步长 0.0000 预测降 0.00 no_positive_direction 连败 4
轮 7043 模式 batch 损失 836.0 步长 0.0000 预测降 0.00 no_positive_direction 连败 5
轮 7044 模式 rescue 损失 836.0 步长 1.9999 预测降 4.00 ok 连败 6
轮 7045 模式 batch 损失 832.0 步长 0.0000 预测降 0.00 no_positive_direction 连败 0
轮 7046 模式 batch 损失 832.0 步长 0.0000 预测降 0.00 no_positive_direction 连败 1
轮 7047 模式 batch 损失 832.0 步长 0.0000 预测降 0.00 no_positive_direction 连败 2
轮 7048 模式 batch 损失 832.0 步长 0.0000 预测降 0.00 no_positive_direction 连败 3
轮 7049 模式 batch 损失 832.0 步长 0.0000 预测降 0.00 no_positive_direction 连败 4
轮 7050 模式 batch 损失 832.0 步长 0.0000 预测降 0.00 no_positive_direction 连败 5
轮 7051 模式 rescue 损失 832.0 步长 0.0000 预测降 0.00 no_positive_direction 连败 6
轮 7052 模式 batch 损失 832.0 步长 0.0000 预测降 0.00 no_positive_direction 连败 7
轮 7053 模式 batch 损失 832.0 步长 0.0000 预测降 0.00 no_positive_direction 连败 8
轮 7054 模式 batch 损失 832.0 步长 0.0000 预测降 0.00 no_positive_direction 连败 9
轮 7055 模式 rescue 损失 832.0 步长 0.0000 预测降 0.00 no_positive_direction 连败 10
轮 7056 模式 batch 损失 832.0 步长 0.0000 预测降 0.00 no_positive_direction 连败 11
轮 7057 模式 batch 损失 832.0 步长 0.0000 预测降 0.00 no_positive_direction 连败 12
轮 7058 模式 batch 损失 832.0 步长 0.0000 预测降 0.00 no_positive_direction 连败 13
轮 7059 模式 rescue 损失 832.0 步长 0.0000 预测降 0.00 no_positive_direction 连败 14
轮 7060 模式 batch 损失 832.0 步长 0.0000 预测降 0.00 no_positive_direction 连败 15
轮 7061 模式 batch 损失 832.0 步长 0.0000 预测降 0.00 no_positive_direction 连败 16
轮 7062 模式 batch 损失 832.0 步长 0.0000 预测降 0.00 no_positive_direction 连败 17
轮 7063 模式 rescue 损失 832.0 步长 2.0000 预测降 8.00 ok 连败 18
轮 7064 模式 batch 损失 824.0 步长 0.0000 预测降 0.00 no_positive_direction 连败 0
轮 7065 模式 batch 损失 824.0 步长 0.0000 预测降 0.00 no_positive_direction 连败 1
轮 7066 模式 batch 损失 824.0 步长 0.0000 预测降 0.00 no_positive_direction 连败 2
轮 7067 模式 batch 损失 824.0 步长 0.0000 预测降 0.00 no_positive_direction 连败 3
轮 7068 模式 batch 损失 824.0 步长 0.0000 预测降 0.00 no_positive_direction 连败 4
轮 7069 模式 batch 损失 824.0 步长 0.0000 预测降 0.00 no_positive_direction 连败 5
轮 7070 模式 rescue 损失 824.0 步长 0.0000 预测降 0.00 no_positive_direction 连败 6
轮 7071 模式 batch 损失 824.0 步长 0.0000 预测降 0.00 no_positive_direction 连败 7
轮 7072 模式 batch 损失 824.0 步长 0.0000 预测降 0.00 no_positive_direction 连败 8
轮 7073 模式 batch 损失 824.0 步长 0.0000 预测降 0.00 no_positive_direction 连败 9
轮 7074 模式 rescue 损失 824.0 步长 0.0000 预测降 0.00 no_positive_direction 连败 10
轮 7075 模式 batch 损失 824.0 步长 0.0000 预测降 0.00 no_positive_direction 连败 11
轮 7076 模式 batch 损失 824.0 步长 0.0000 预测降 0.00 no_positive_direction 连败 12
轮 7077 模式 batch 损失 824.0 步长 0.0000 预测降 0.00 no_positive_direction 连败 13
轮 7078 模式 rescue 损失 824.0 步长 1.2810 预测降 6.40 ok 连败 14
轮 7079 模式 batch 损失 820.0 步长 0.0000 预测降 0.00 no_positive_direction 连败 0
轮 7080 模式 batch 损失 820.0 步长 0.0000 预测降 0.00 no_positive_direction 连败 1
轮 7081 模式 batch 损失 820.0 步长 0.0000 预测降 0.00 no_positive_direction 连败 2
轮 7082 模式 batch 损失 820.0 步长 0.0000 预测降 0.00 no_positive_direction 连败 3
轮 7083 模式 batch 损失 820.0 步长 0.0000 预测降 0.00 no_positive_direction 连败 4
轮 7084 模式 batch 损失 820.0 步长 0.0000 预测降 0.00 no_positive_direction 连败 5
轮 7085 模式 rescue 损失 820.0 步长 0.0000 预测降 0.00 no_positive_direction 连败 6
轮 7086 模式 batch 损失 820.0 步长 0.0000 预测降 0.00 no_positive_direction 连败 7
轮 7087 模式 batch 损失 820.0 步长 0.0000 预测降 0.00 no_positive_direction 连败 8
轮 7088 模式 batch 损失 820.0 步长 0.0000 预测降 0.00 no_positive_direction 连败 9
轮 7089 模式 rescue 损失 820.0 步长 2.0000 预测降 2.00 ok 连败 10
轮 7090 模式 batch 损失 818.0 步长 0.0000 预测降 0.00 no_positive_direction 连败 0
轮 7091 模式 batch 损失 818.0 步长 0.0000 预测降 0.00 no_positive_direction 连败 1
轮 7092 模式 batch 损失 818.0 步长 0.0000 预测降 0.00 no_positive_direction 连败 2
轮 7093 模式 batch 损失 818.0 步长 0.0000 预测降 0.00 no_positive_direction 连败 3
轮 7094 模式 batch 损失 818.0 步长 0.0000 预测降 0.00 no_positive_direction 连败 4
轮 7095 模式 batch 损失 818.0 步长 0.0000 预测降 0.00 no_positive_direction 连败 5
轮 7096 模式 rescue 损失 818.0 步长 0.0000 预测降 0.00 no_positive_direction 连败 6
轮 7097 模式 batch 损失 818.0 步长 0.0000 预测降 0.00 no_positive_direction 连败 7
轮 7098 模式 batch 损失 818.0 步长 0.0000 预测降 0.00 no_positive_direction 连败 8
轮 7099 模式 batch 损失 818.0 步长 0.0000 预测降 0.00 no_positive_direction 连败 9
轮 7100 模式 rescue 损失 818.0 步长 2.0000 预测降 4.00 ok 连败 10
轮 7101 模式 batch 损失 814.0 步长 0.0000 预测降 0.00 no_positive_direction 连败 0
轮 7102 模式 batch 损失 814.0 步长 0.0000 预测降 0.00 no_positive_direction 连败 1
轮 7103 模式 batch 损失 814.0 步长 0.0000 预测降 0.00 no_positive_direction 连败 2
轮 7104 模式 batch 损失 814.0 步长 0.0000 预测降 0.00 no_positive_direction 连败 3
轮 7105 模式 batch 损失 814.0 步长 0.0000 预测降 0.00 no_positive_direction 连败 4
轮 7106 模式 batch 损失 814.0 步长 0.0000 预测降 0.00 no_positive_direction 连败 5
轮 7107 模式 rescue 损失 814.0 步长 0.0000 预测降 0.00 no_positive_direction 连败 6
轮 7108 模式 batch 损失 814.0 步长 0.0000 预测降 0.00 no_positive_direction 连败 7
轮 7109 模式 batch 损失 814.0 步长 0.0000 预测降 0.00 no_positive_direction 连败 8
轮 7110 模式 batch 损失 814.0 步长 0.0000 预测降 0.00 no_positive_direction 连败 9
轮 7111 模式 rescue 损失 814.0 步长 0.0000 预测降 0.00 no_positive_direction 连败 10
轮 7112 模式 batch 损失 814.0 步长 0.0000 预测降 0.00 no_positive_direction 连败 11
轮 7113 模式 batch 损失 814.0 步长 0.0000 预测降 0.00 no_positive_direction 连败 12
轮 7114 模式 batch 损失 814.0 步长 0.0000 预测降 0.00 no_positive_direction 连败 13
轮 7115 模式 rescue 损失 814.0 步长 2.0000 预测降 6.00 ok 连败 14
轮 7116 模式 batch 损失 808.0 步长 0.0000 预测降 0.00 no_positive_direction 连败 0
轮 7117 模式 batch 损失 808.0 步长 0.0000 预测降 0.00 no_positive_direction 连败 1
轮 7118 模式 batch 损失 808.0 步长 0.0000 预测降 0.00 no_positive_direction 连败 2
轮 7119 模式 batch 损失 808.0 步长 0.0000 预测降 0.00 no_positive_direction 连败 3
轮 7120 模式 batch 损失 808.0 步长 0.0000 预测降 0.00 no_positive_direction 连败 4
轮 7121 模式 batch 损失 808.0 步长 0.0000 预测降 0.00 no_positive_direction 连败 5
轮 7122 模式 rescue 损失 808.0 步长 0.0000 预测降 0.00 no_positive_direction 连败 6
轮 7123 模式 batch 损失 808.0 步长 0.0000 预测降 0.00 no_positive_direction 连败 7
轮 7124 模式 batch 损失 808.0 步长 0.0000 预测降 0.00 no_positive_direction 连败 8
轮 7125 模式 batch 损失 808.0 步长 0.0000 预测降 0.00 no_positive_direction 连败 9
轮 7126 模式 rescue 损失 808.0 步长 0.0000 预测降 0.00 no_positive_direction 连败 10
轮 7127 模式 batch 损失 808.0 步长 0.0000 预测降 0.00 no_positive_direction 连败 11
轮 7128 模式 batch 损失 808.0 步长 0.0000 预测降 0.00 no_positive_direction 连败 12
轮 7129 模式 batch 损失 808.0 步长 0.0000 预测降 0.00 no_positive_direction 连败 13
轮 7130 模式 rescue 损失 808.0 步长 0.0000 预测降 0.00 no_positive_direction 连败 14
轮 7131 模式 batch 损失 808.0 步长 0.0000 预测降 0.00 no_positive_direction 连败 15
轮 7132 模式 batch 损失 808.0 步长 0.0000 预测降 0.00 no_positive_direction 连败 16
轮 7133 模式 batch 损失 808.0 步长 0.0000 预测降 0.00 no_positive_direction 连败 17
轮 7134 模式 rescue 损失 808.0 步长 0.0000 预测降 0.00 no_positive_direction 连败 18
轮 7135 模式 batch 损失 808.0 步长 0.0000 预测降 0.00 no_positive_direction 连败 19
轮 7136 模式 batch 损失 808.0 步长 0.0000 预测降 0.00 no_positive_direction 连败 20
轮 7137 模式 batch 损失 808.0 步长 0.0000 预测降 0.00 no_positive_direction 连败 21
轮 7138 模式 rescue 损失 808.0 步长 0.0000 预测降 0.00 no_positive_direction 连败 22
轮 7139 模式 batch 损失 808.0 步长 0.0000 预测降 0.00 no_positive_direction 连败 23
轮 7140 模式 batch 损失 808.0 步长 0.0000 预测降 0.00 no_positive_direction 连败 24
轮 7141 模式 batch 损失 808.0 步长 0.0000 预测降 0.00 no_positive_direction 连败 25
轮 7142 模式 rescue 损失 808.0 步长 2.0000 预测降 2.00 ok 连败 26
轮 7143 模式 batch 损失 806.0 步长 0.0000 预测降 0.00 no_positive_direction 连败 0
轮 7144 模式 batch 损失 806.0 步长 0.0000 预测降 0.00 no_positive_direction 连败 1
轮 7145 模式 batch 损失 806.0 步长 0.0000 预测降 0.00 no_positive_direction 连败 2
轮 7146 模式 batch 损失 806.0 步长 0.0000 预测降 0.00 no_positive_direction 连败 3
轮 7147 模式 batch 损失 806.0 步长 0.0000 预测降 0.00 no_positive_direction 连败 4
轮 7148 模式 batch 损失 806.0 步长 0.0000 预测降 0.00 no_positive_direction 连败 5
轮 7149 模式 rescue 损失 806.0 步长 0.0000 预测降 0.00 no_positive_direction 连败 6
轮 7150 模式 batch 损失 806.0 步长 0.0000 预测降 0.00 no_positive_direction 连败 7
轮 7151 模式 batch 损失 806.0 步长 0.0000 预测降 0.00 no_positive_direction 连败 8
轮 7152 模式 batch 损失 806.0 步长 0.0000 预测降 0.00 no_positive_direction 连败 9
轮 7153 模式 rescue 损失 806.0 步长 2.0000 预测降 2.00 ok 连败 10
轮 7154 模式 batch 损失 804.0 步长 0.0000 预测降 0.00 no_positive_direction 连败 0
轮 7155 模式 batch 损失 804.0 步长 0.0000 预测降 0.00 no_positive_direction 连败 1
轮 7156 模式 batch 损失 804.0 步长 0.0000 预测降 0.00 no_positive_direction 连败 2
轮 7157 模式 batch 损失 804.0 步长 0.0000 预测降 0.00 no_positive_direction 连败 3
轮 7158 模式 batch 损失 804.0 步长 0.0000 预测降 0.00 no_positive_direction 连败 4
轮 7159 模式 batch 损失 804.0 步长 0.0000 预测降 0.00 no_positive_direction 连败 5
轮 7160 模式 rescue 损失 804.0 步长 2.0000 预测降 4.00 ok 连败 6
轮 7161 模式 batch 损失 800.0 步长 0.0000 预测降 0.00 no_positive_direction 连败 0
轮 7162 模式 batch 损失 800.0 步长 0.0000 预测降 0.00 no_positive_direction 连败 1
轮 7163 模式 batch 损失 800.0 步长 0.0000 预测降 0.00 no_positive_direction 连败 2
轮 7164 模式 batch 损失 800.0 步长 0.0000 预测降 0.00 no_positive_direction 连败 3
轮 7165 模式 batch 损失 800.0 步长 0.0000 预测降 0.00 no_positive_direction 连败 4
轮 7166 模式 batch 损失 800.0 步长 0.0000 预测降 0.00 no_positive_direction 连败 5
轮 7167 模式 rescue 损失 800.0 步长 0.0000 预测降 0.00 no_positive_direction 连败 6
轮 7168 模式 batch 损失 800.0 步长 0.0000 预测降 0.00 no_positive_direction 连败 7
轮 7169 模式 batch 损失 800.0 步长 0.0000 预测降 0.00 no_positive_direction 连败 8
轮 7170 模式 batch 损失 800.0 步长 0.0000 预测降 0.00 no_positive_direction 连败 9
轮 7171 模式 rescue 损失 800.0 步长 0.0000 预测降 0.00 no_positive_direction 连败 10
轮 7172 模式 batch 损失 800.0 步长 0.0000 预测降 0.00 no_positive_direction 连败 11
轮 7173 模式 batch 损失 800.0 步长 0.0000 预测降 0.00 no_positive_direction 连败 12
轮 7174 模式 batch 损失 800.0 步长 0.0000 预测降 0.00 no_positive_direction 连败 13
轮 7175 模式 rescue 损失 800.0 步长 0.0000 预测降 0.00 no_positive_direction 连败 14
轮 7176 模式 batch 损失 800.0 步长 0.0000 预测降 0.00 no_positive_direction 连败 15
轮 7177 模式 batch 损失 800.0 步长 0.0000 预测降 0.00 no_positive_direction 连败 16
轮 7178 模式 batch 损失 800.0 步长 0.0000 预测降 0.00 no_positive_direction 连败 17
轮 7179 模式 rescue 损失 800.0 步长 0.0000 预测降 0.00 no_positive_direction 连败 18
轮 7180 模式 batch 损失 800.0 步长 0.0000 预测降 0.00 no_positive_direction 连败 19
轮 7181 模式 batch 损失 800.0 步长 0.0000 预测降 0.00 no_positive_direction 连败 20
轮 7182 模式 batch 损失 800.0 步长 0.0000 预测降 0.00 no_positive_direction 连败 21
轮 7183 模式 rescue 损失 800.0 步长 0.0000 预测降 0.00 no_positive_direction 连败 22
轮 7184 模式 batch 损失 800.0 步长 0.0000 预测降 0.00 no_positive_direction 连败 23
轮 7185 模式 batch 损失 800.0 步长 0.0000 预测降 0.00 no_positive_direction 连败 24
轮 7186 模式 batch 损失 800.0 步长 0.0000 预测降 0.00 no_positive_direction 连败 25
轮 7187 模式 rescue 损失 800.0 步长 2.0000 预测降 2.00 ok 连败 26
轮 7188 模式 batch 损失 798.0 步长 0.0000 预测降 0.00 no_positive_direction 连败 0
轮 7189 模式 batch 损失 798.0 步长 0.0000 预测降 0.00 no_positive_direction 连败 1
轮 7190 模式 batch 损失 798.0 步长 0.0000 预测降 0.00 no_positive_direction 连败 2
轮 7191 模式 batch 损失 798.0 步长 0.0000 预测降 0.00 no_positive_direction 连败 3
轮 7192 模式 batch 损失 798.0 步长 0.0000 预测降 0.00 no_positive_direction 连败 4
轮 7193 模式 batch 损失 798.0 步长 0.0000 预测降 0.00 no_positive_direction 连败 5
轮 7194 模式 rescue 损失 798.0 步长 0.0000 预测降 0.00 no_positive_direction 连败 6
轮 7195 模式 batch 损失 798.0 步长 0.0000 预测降 0.00 no_positive_direction 连败 7
轮 7196 模式 batch 损失 798.0 步长 0.0000 预测降 0.00 no_positive_direction 连败 8
轮 7197 模式 batch 损失 798.0 步长 0.0000 预测降 0.00 no_positive_direction 连败 9
轮 7198 模式 rescue 损失 798.0 步长 0.0000 预测降 0.00 no_positive_direction 连败 10
轮 7199 模式 batch 损失 798.0 步长 0.0000 预测降 0.00 no_positive_direction 连败 11
轮 7200 模式 batch 损失 798.0 步长 0.0000 预测降 0.00 no_positive_direction 连败 12
轮 7201 模式 batch 损失 798.0 步长 0.0000 预测降 0.00 no_positive_direction 连败 13
轮 7202 模式 rescue 损失 798.0 步长 0.0000 预测降 0.00 no_positive_direction 连败 14
轮 7203 模式 batch 损失 798.0 步长 0.0000 预测降 0.00 no_positive_direction 连败 15
轮 7204 模式 batch 损失 798.0 步长 0.0000 预测降 0.00 no_positive_direction 连败 16
轮 7205 模式 batch 损失 798.0 步长 0.0000 预测降 0.00 no_positive_direction 连败 17
轮 7206 模式 rescue 损失 798.0 步长 0.0000 预测降 0.00 no_positive_direction 连败 18
轮 7207 模式 batch 损失 798.0 步长 0.0000 预测降 0.00 no_positive_direction 连败 19
轮 7208 模式 batch 损失 798.0 步长 0.0000 预测降 0.00 no_positive_direction 连败 20
轮 7209 模式 batch 损失 798.0 步长 0.0000 预测降 0.00 no_positive_direction 连败 21
轮 7210 模式 rescue 损失 798.0 步长 0.0000 预测降 0.00 no_positive_direction 连败 22
轮 7211 模式 batch 损失 798.0 步长 0.0000 预测降 0.00 no_positive_direction 连败 23
轮 7212 模式 batch 损失 798.0 步长 0.0000 预测降 0.00 no_positive_direction 连败 24
轮 7213 模式 batch 损失 798.0 步长 0.0000 预测降 0.00 no_positive_direction 连败 25
轮 7214 模式 rescue 损失 798.0 步长 0.0000 预测降 0.00 no_positive_direction 连败 26
轮 7215 模式 batch 损失 798.0 步长 0.0000 预测降 0.00 no_positive_direction 连败 27
轮 7216 模式 batch 损失 798.0 步长 0.0000 预测降 0.00 no_positive_direction 连败 28
轮 7217 模式 batch 损失 798.0 步长 0.0000 预测降 0.00 no_positive_direction 连败 29
轮 7218 模式 rescue 损失 798.0 步长 2.0000 预测降 2.00 ok 连败 30
轮 7219 模式 batch 损失 796.0 步长 0.0000 预测降 0.00 no_positive_direction 连败 0
轮 7220 模式 batch 损失 796.0 步长 0.0000 预测降 0.00 no_positive_direction 连败 1
轮 7221 模式 batch 损失 796.0 步长 0.0000 预测降 0.00 no_positive_direction 连败 2
轮 7222 模式 batch 损失 796.0 步长 0.0000 预测降 0.00 no_positive_direction 连败 3
轮 7223 模式 batch 损失 796.0 步长 0.0000 预测降 0.00 no_positive_direction 连败 4
轮 7224 模式 batch 损失 796.0 步长 0.0000 预测降 0.00 no_positive_direction 连败 5
轮 7225 模式 rescue 损失 796.0 步长 2.0000 预测降 2.00 ok 连败 6
轮 7226 模式 batch 损失 794.0 步长 0.0000 预测降 0.00 no_positive_direction 连败 0
轮 7227 模式 batch 损失 794.0 步长 0.0000 预测降 0.00 no_positive_direction 连败 1
轮 7228 模式 batch 损失 794.0 步长 0.0000 预测降 0.00 no_positive_direction 连败 2
轮 7229 模式 batch 损失 794.0 步长 0.0000 预测降 0.00 no_positive_direction 连败 3
轮 7230 模式 batch 损失 794.0 步长 0.0000 预测降 0.00 no_positive_direction 连败 4
轮 7231 模式 batch 损失 794.0 步长 0.0000 预测降 0.00 no_positive_direction 连败 5
轮 7232 模式 rescue 损失 794.0 步长 0.0000 预测降 0.00 no_positive_direction 连败 6
轮 7233 模式 batch 损失 794.0 步长 0.0000 预测降 0.00 no_positive_direction 连败 7
轮 7234 模式 batch 损失 794.0 步长 0.0000 预测降 0.00 no_positive_direction 连败 8
轮 7235 模式 batch 损失 794.0 步长 0.0000 预测降 0.00 no_positive_direction 连败 9
轮 7236 模式 rescue 损失 794.0 步长 0.0000 预测降 0.00 no_positive_direction 连败 10
轮 7237 模式 batch 损失 794.0 步长 0.0000 预测降 0.00 no_positive_direction 连败 11
轮 7238 模式 batch 损失 794.0 步长 0.0000 预测降 0.00 no_positive_direction 连败 12
轮 7239 模式 batch 损失 794.0 步长 0.0000 预测降 0.00 no_positive_direction 连败 13
轮 7240 模式 rescue 损失 794.0 步长 2.0000 预测降 2.00 ok 连败 14
轮 7241 模式 batch 损失 792.0 步长 0.0000 预测降 0.00 no_positive_direction 连败 0
轮 7242 模式 batch 损失 792.0 步长 0.0000 预测降 0.00 no_positive_direction 连败 1
轮 7243 模式 batch 损失 792.0 步长 0.0000 预测降 0.00 no_positive_direction 连败 2
轮 7244 模式 batch 损失 792.0 步长 0.0000 预测降 0.00 no_positive_direction 连败 3
轮 7245 模式 batch 损失 792.0 步长 0.0000 预测降 0.00 no_positive_direction 连败 4
轮 7246 模式 batch 损失 792.0 步长 0.0000 预测降 0.00 no_positive_direction 连败 5
轮 7247 模式 rescue 损失 792.0 步长 2.0000 预测降 2.00 ok 连败 6
轮 7248 模式 batch 损失 790.0 步长 0.0000 预测降 0.00 no_positive_direction 连败 0
轮 7249 模式 batch 损失 790.0 步长 0.0000 预测降 0.00 no_positive_direction 连败 1
轮 7250 模式 batch 损失 790.0 步长 0.0000 预测降 0.00 no_positive_direction 连败 2
轮 7251 模式 batch 损失 790.0 步长 0.0000 预测降 0.00 no_positive_direction 连败 3
轮 7252 模式 batch 损失 790.0 步长 0.0000 预测降 0.00 no_positive_direction 连败 4
轮 7253 模式 batch 损失 790.0 步长 0.0000 预测降 0.00 no_positive_direction 连败 5
轮 7254 模式 rescue 损失 790.0 步长 1.9999 预测降 2.00 ok 连败 6
轮 7255 模式 batch 损失 788.0 步长 0.0000 预测降 0.00 no_positive_direction 连败 0
轮 7256 模式 batch 损失 788.0 步长 0.0000 预测降 0.00 no_positive_direction 连败 1
轮 7257 模式 batch 损失 788.0 步长 0.0000 预测降 0.00 no_positive_direction 连败 2
轮 7258 模式 batch 损失 788.0 步长 0.0000 预测降 0.00 no_positive_direction 连败 3
轮 7259 模式 batch 损失 788.0 步长 0.0000 预测降 0.00 no_positive_direction 连败 4
轮 7260 模式 batch 损失 788.0 步长 0.0000 预测降 0.00 no_positive_direction 连败 5
轮 7261 模式 rescue 损失 788.0 步长 0.0000 预测降 0.00 no_positive_direction 连败 6
轮 7262 模式 batch 损失 788.0 步长 0.0000 预测降 0.00 no_positive_direction 连败 7
轮 7263 模式 batch 损失 788.0 步长 0.0000 预测降 0.00 no_positive_direction 连败 8
轮 7264 模式 batch 损失 788.0 步长 0.0000 预测降 0.00 no_positive_direction 连败 9
轮 7265 模式 rescue 损失 788.0 步长 1.9999 预测降 4.00 ok 连败 10
轮 7266 模式 batch 损失 784.0 步长 0.0000 预测降 0.00 no_positive_direction 连败 0
轮 7267 模式 batch 损失 784.0 步长 0.0000 预测降 0.00 no_positive_direction 连败 1
轮 7268 模式 batch 损失 784.0 步长 0.0000 预测降 0.00 no_positive_direction 连败 2
轮 7269 模式 batch 损失 784.0 步长 0.0000 预测降 0.00 no_positive_direction 连败 3
轮 7270 模式 batch 损失 784.0 步长 0.0000 预测降 0.00 no_positive_direction 连败 4
轮 7271 模式 batch 损失 784.0 步长 0.0000 预测降 0.00 no_positive_direction 连败 5
轮 7272 模式 rescue 损失 784.0 步长 1.6841 预测降 3.37 ok 连败 6
轮 7273 模式 batch 损失 782.0 步长 0.0000 预测降 0.00 no_positive_direction 连败 0
轮 7274 模式 batch 损失 782.0 步长 0.0000 预测降 0.00 no_positive_direction 连败 1
轮 7275 模式 batch 损失 782.0 步长 0.0000 预测降 0.00 no_positive_direction 连败 2
轮 7276 模式 batch 损失 782.0 步长 0.0000 预测降 0.00 no_positive_direction 连败 3
轮 7277 模式 batch 损失 782.0 步长 0.0000 预测降 0.00 no_positive_direction 连败 4
轮 7278 模式 batch 损失 782.0 步长 0.0000 预测降 0.00 no_positive_direction 连败 5
轮 7279 模式 rescue 损失 782.0 步长 0.0000 预测降 0.00 no_positive_direction 连败 6
轮 7280 模式 batch 损失 782.0 步长 0.0000 预测降 0.00 no_positive_direction 连败 7
轮 7281 模式 batch 损失 782.0 步长 0.0000 预测降 0.00 no_positive_direction 连败 8
轮 7282 模式 batch 损失 782.0 步长 0.0000 预测降 0.00 no_positive_direction 连败 9
轮 7283 模式 rescue 损失 782.0 步长 0.0000 预测降 0.00 no_positive_direction 连败 10
轮 7284 模式 batch 损失 782.0 步长 0.0000 预测降 0.00 no_positive_direction 连败 11
轮 7285 模式 batch 损失 782.0 步长 0.0000 预测降 0.00 no_positive_direction 连败 12
轮 7286 模式 batch 损失 782.0 步长 0.0000 预测降 0.00 no_positive_direction 连败 13
轮 7287 模式 rescue 损失 782.0 步长 0.0000 预测降 0.00 no_positive_direction 连败 14
轮 7288 模式 batch 损失 782.0 步长 0.0000 预测降 0.00 no_positive_direction 连败 15
轮 7289 模式 batch 损失 782.0 步长 0.0000 预测降 0.00 no_positive_direction 连败 16
轮 7290 模式 batch 损失 782.0 步长 0.0000 预测降 0.00 no_positive_direction 连败 17
轮 7291 模式 rescue 损失 782.0 步长 2.0000 预测降 2.00 ok 连败 18
轮 7292 模式 batch 损失 780.0 步长 0.0000 预测降 0.00 no_positive_direction 连败 0
轮 7293 模式 batch 损失 780.0 步长 0.0000 预测降 0.00 no_positive_direction 连败 1
轮 7294 模式 batch 损失 780.0 步长 0.0000 预测降 0.00 no_positive_direction 连败 2
轮 7295 模式 batch 损失 780.0 步长 0.0000 预测降 0.00 no_positive_direction 连败 3
轮 7296 模式 batch 损失 780.0 步长 0.0000 预测降 0.00 no_positive_direction 连败 4
轮 7297 模式 batch 损失 780.0 步长 0.0000 预测降 0.00 no_positive_direction 连败 5
轮 7298 模式 rescue 损失 780.0 步长 0.0000 预测降 0.00 no_positive_direction 连败 6
轮 7299 模式 batch 损失 780.0 步长 0.0000 预测降 0.00 no_positive_direction 连败 7
轮 7300 模式 batch 损失 780.0 步长 0.0000 预测降 0.00 no_positive_direction 连败 8
轮 7301 模式 batch 损失 780.0 步长 0.0000 预测降 0.00 no_positive_direction 连败 9
轮 7302 模式 rescue 损失 780.0 步长 2.0000 预测降 2.00 ok 连败 10
轮 7303 模式 batch 损失 778.0 步长 0.0000 预测降 0.00 no_positive_direction 连败 0
轮 7304 模式 batch 损失 778.0 步长 0.0000 预测降 0.00 no_positive_direction 连败 1
轮 7305 模式 batch 损失 778.0 步长 0.0000 预测降 0.00 no_positive_direction 连败 2
轮 7306 模式 batch 损失 778.0 步长 0.0000 预测降 0.00 no_positive_direction 连败 3
轮 7307 模式 batch 损失 778.0 步长 0.0000 预测降 0.00 no_positive_direction 连败 4
轮 7308 模式 batch 损失 778.0 步长 0.0000 预测降 0.00 no_positive_direction 连败 5
轮 7309 模式 rescue 损失 778.0 步长 0.0000 预测降 0.00 no_positive_direction 连败 6
轮 7310 模式 batch 损失 778.0 步长 0.0000 预测降 0.00 no_positive_direction 连败 7
轮 7311 模式 batch 损失 778.0 步长 0.0000 预测降 0.00 no_positive_direction 连败 8
轮 7312 模式 batch 损失 778.0 步长 0.0000 预测降 0.00 no_positive_direction 连败 9
轮 7313 模式 rescue 损失 778.0 步长 0.0000 预测降 0.00 no_positive_direction 连败 10
轮 7314 模式 batch 损失 778.0 步长 0.0000 预测降 0.00 no_positive_direction 连败 11
轮 7315 模式 batch 损失 778.0 步长 0.0000 预测降 0.00 no_positive_direction 连败 12
轮 7316 模式 batch 损失 778.0 步长 0.0000 预测降 0.00 no_positive_direction 连败 13
轮 7317 模式 rescue 损失 778.0 步长 0.0000 预测降 0.00 no_positive_direction 连败 14
轮 7318 模式 batch 损失 778.0 步长 0.0000 预测降 0.00 no_positive_direction 连败 15
轮 7319 模式 batch 损失 778.0 步长 0.0000 预测降 0.00 no_positive_direction 连败 16
轮 7320 模式 batch 损失 778.0 步长 0.0000 预测降 0.00 no_positive_direction 连败 17
轮 7321 模式 rescue 损失 778.0 步长 0.0000 预测降 0.00 no_positive_direction 连败 18
轮 7322 模式 batch 损失 778.0 步长 0.0000 预测降 0.00 no_positive_direction 连败 19
轮 7323 模式 batch 损失 778.0 步长 0.0000 预测降 0.00 no_positive_direction 连败 20
轮 7324 模式 batch 损失 778.0 步长 0.0000 预测降 0.00 no_positive_direction 连败 21
轮 7325 模式 rescue 损失 778.0 步长 0.0000 预测降 0.00 no_positive_direction 连败 22
轮 7326 模式 batch 损失 778.0 步长 0.0000 预测降 0.00 no_positive_direction 连败 23
轮 7327 模式 batch 损失 778.0 步长 0.0000 预测降 0.00 no_positive_direction 连败 24
轮 7328 模式 batch 损失 778.0 步长 0.0000 预测降 0.00 no_positive_direction 连败 25
轮 7329 模式 rescue 损失 778.0 步长 0.0000 预测降 0.00 no_positive_direction 连败 26
轮 7330 模式 batch 损失 778.0 步长 0.0000 预测降 0.00 no_positive_direction 连败 27
轮 7331 模式 batch 损失 778.0 步长 0.0000 预测降 0.00 no_positive_direction 连败 28
轮 7332 模式 batch 损失 778.0 步长 0.0000 预测降 0.00 no_positive_direction 连败 29
轮 7333 模式 rescue 损失 778.0 步长 0.0000 预测降 0.00 no_positive_direction 连败 30
轮 7334 模式 batch 损失 778.0 步长 0.0000 预测降 0.00 no_positive_direction 连败 31
轮 7335 模式 batch 损失 778.0 步长 0.0000 预测降 0.00 no_positive_direction 连败 32
轮 7336 模式 batch 损失 778.0 步长 0.0000 预测降 0.00 no_positive_direction 连败 33
轮 7337 模式 rescue 损失 778.0 步长 0.0000 预测降 0.00 no_positive_direction 连败 34
轮 7338 模式 batch 损失 778.0 步长 0.0000 预测降 0.00 no_positive_direction 连败 35
轮 7339 模式 batch 损失 778.0 步长 0.0000 预测降 0.00 no_positive_direction 连败 36
轮 7340 模式 batch 损失 778.0 步长 0.0000 预测降 0.00 no_positive_direction 连败 37
轮 7341 模式 rescue 损失 778.0 步长 2.0000 预测降 2.00 ok 连败 38
轮 7342 模式 batch 损失 776.0 步长 0.0000 预测降 0.00 no_positive_direction 连败 0
轮 7343 模式 batch 损失 776.0 步长 0.0000 预测降 0.00 no_positive_direction 连败 1
轮 7344 模式 batch 损失 776.0 步长 0.0000 预测降 0.00 no_positive_direction 连败 2
轮 7345 模式 batch 损失 776.0 步长 0.0000 预测降 0.00 no_positive_direction 连败 3
轮 7346 模式 batch 损失 776.0 步长 0.0000 预测降 0.00 no_positive_direction 连败 4
轮 7347 模式 batch 损失 776.0 步长 0.0000 预测降 0.00 no_positive_direction 连败 5
轮 7348 模式 rescue 损失 776.0 步长 0.0000 预测降 0.00 no_positive_direction 连败 6
轮 7349 模式 batch 损失 776.0 步长 0.0000 预测降 0.00 no_positive_direction 连败 7
轮 7350 模式 batch 损失 776.0 步长 0.0000 预测降 0.00 no_positive_direction 连败 8
轮 7351 模式 batch 损失 776.0 步长 0.0000 预测降 0.00 no_positive_direction 连败 9
轮 7352 模式 rescue 损失 776.0 步长 0.0000 预测降 0.00 no_positive_direction 连败 10
轮 7353 模式 batch 损失 776.0 步长 0.0000 预测降 0.00 no_positive_direction 连败 11
轮 7354 模式 batch 损失 776.0 步长 0.0000 预测降 0.00 no_positive_direction 连败 12
轮 7355 模式 batch 损失 776.0 步长 0.0000 预测降 0.00 no_positive_direction 连败 13
轮 7356 模式 rescue 损失 776.0 步长 0.0000 预测降 0.00 no_positive_direction 连败 14
轮 7357 模式 batch 损失 776.0 步长 0.0000 预测降 0.00 no_positive_direction 连败 15
轮 7358 模式 batch 损失 776.0 步长 0.0000 预测降 0.00 no_positive_direction 连败 16
轮 7359 模式 batch 损失 776.0 步长 0.0000 预测降 0.00 no_positive_direction 连败 17
轮 7360 模式 rescue 损失 776.0 步长 0.0000 预测降 0.00 no_positive_direction 连败 18
轮 7361 模式 batch 损失 776.0 步长 0.0000 预测降 0.00 no_positive_direction 连败 19
轮 7362 模式 batch 损失 776.0 步长 0.0000 预测降 0.00 no_positive_direction 连败 20
轮 7363 模式 batch 损失 776.0 步长 0.0000 预测降 0.00 no_positive_direction 连败 21
轮 7364 模式 rescue 损失 776.0 步长 0.0000 预测降 0.00 no_positive_direction 连败 22
轮 7365 模式 batch 损失 776.0 步长 0.0000 预测降 0.00 no_positive_direction 连败 23
轮 7366 模式 batch 损失 776.0 步长 0.0000 预测降 0.00 no_positive_direction 连败 24
轮 7367 模式 batch 损失 776.0 步长 0.0000 预测降 0.00 no_positive_direction 连败 25
轮 7368 模式 rescue 损失 776.0 步长 0.0000 预测降 0.00 no_positive_direction 连败 26
轮 7369 模式 batch 损失 776.0 步长 0.0000 预测降 0.00 no_positive_direction 连败 27
轮 7370 模式 batch 损失 776.0 步长 0.0000 预测降 0.00 no_positive_direction 连败 28
轮 7371 模式 batch 损失 776.0 步长 0.0000 预测降 0.00 no_positive_direction 连败 29
轮 7372 模式 rescue 损失 776.0 步长 2.0000 预测降 2.00 ok 连败 30
轮 7373 模式 batch 损失 774.0 步长 0.0000 预测降 0.00 no_positive_direction 连败 0
轮 7374 模式 batch 损失 774.0 步长 0.0000 预测降 0.00 no_positive_direction 连败 1
轮 7375 模式 batch 损失 774.0 步长 0.0000 预测降 0.00 no_positive_direction 连败 2
轮 7376 模式 batch 损失 774.0 步长 0.0000 预测降 0.00 no_positive_direction 连败 3
轮 7377 模式 batch 损失 774.0 步长 0.0000 预测降 0.00 no_positive_direction 连败 4
轮 7378 模式 batch 损失 774.0 步长 0.0000 预测降 0.00 no_positive_direction 连败 5
轮 7379 模式 rescue 损失 774.0 步长 0.0000 预测降 0.00 no_positive_direction 连败 6
轮 7380 模式 batch 损失 774.0 步长 0.0000 预测降 0.00 no_positive_direction 连败 7
轮 7381 模式 batch 损失 774.0 步长 0.0000 预测降 0.00 no_positive_direction 连败 8
轮 7382 模式 batch 损失 774.0 步长 0.0000 预测降 0.00 no_positive_direction 连败 9
轮 7383 模式 rescue 损失 774.0 步长 0.0000 预测降 0.00 no_positive_direction 连败 10
轮 7384 模式 batch 损失 774.0 步长 0.0000 预测降 0.00 no_positive_direction 连败 11
轮 7385 模式 batch 损失 774.0 步长 0.0000 预测降 0.00 no_positive_direction 连败 12
轮 7386 模式 batch 损失 774.0 步长 0.0000 预测降 0.00 no_positive_direction 连败 13
轮 7387 模式 rescue 损失 774.0 步长 2.0000 预测降 2.00 ok 连败 14
轮 7388 模式 batch 损失 772.0 步长 0.0000 预测降 0.00 no_positive_direction 连败 0
轮 7389 模式 batch 损失 772.0 步长 0.0000 预测降 0.00 no_positive_direction 连败 1
轮 7390 模式 batch 损失 772.0 步长 0.0000 预测降 0.00 no_positive_direction 连败 2
轮 7391 模式 batch 损失 772.0 步长 0.0000 预测降 0.00 no_positive_direction 连败 3
轮 7392 模式 batch 损失 772.0 步长 0.0000 预测降 0.00 no_positive_direction 连败 4
轮 7393 模式 batch 损失 772.0 步长 0.0000 预测降 0.00 no_positive_direction 连败 5
轮 7394 模式 rescue 损失 772.0 步长 0.0000 预测降 0.00 no_positive_direction 连败 6
轮 7395 模式 batch 损失 772.0 步长 0.0000 预测降 0.00 no_positive_direction 连败 7
轮 7396 模式 batch 损失 772.0 步长 0.0000 预测降 0.00 no_positive_direction 连败 8
轮 7397 模式 batch 损失 772.0 步长 0.0000 预测降 0.00 no_positive_direction 连败 9
轮 7398 模式 rescue 损失 772.0 步长 2.0000 预测降 2.00 ok 连败 10
轮 7399 模式 batch 损失 770.0 步长 0.0000 预测降 0.00 no_positive_direction 连败 0
轮 7400 模式 batch 损失 770.0 步长 0.0000 预测降 0.00 no_positive_direction 连败 1
轮 7401 模式 batch 损失 770.0 步长 0.0000 预测降 0.00 no_positive_direction 连败 2
轮 7402 模式 batch 损失 770.0 步长 0.0000 预测降 0.00 no_positive_direction 连败 3
轮 7403 模式 batch 损失 770.0 步长 0.0000 预测降 0.00 no_positive_direction 连败 4
轮 7404 模式 batch 损失 770.0 步长 0.0000 预测降 0.00 no_positive_direction 连败 5
轮 7405 模式 rescue 损失 770.0 步长 2.0000 预测降 2.00 ok 连败 6
轮 7406 模式 batch 损失 768.0 步长 0.0000 预测降 0.00 no_positive_direction 连败 0
轮 7407 模式 batch 损失 768.0 步长 0.0000 预测降 0.00 no_positive_direction 连败 1
轮 7408 模式 batch 损失 768.0 步长 0.0000 预测降 0.00 no_positive_direction 连败 2
轮 7409 模式 batch 损失 768.0 步长 0.0000 预测降 0.00 no_positive_direction 连败 3
轮 7410 模式 batch 损失 768.0 步长 0.0000 预测降 0.00 no_positive_direction 连败 4
轮 7411 模式 batch 损失 768.0 步长 0.0000 预测降 0.00 no_positive_direction 连败 5
轮 7412 模式 rescue 损失 768.0 步长 0.0000 预测降 0.00 no_positive_direction 连败 6
轮 7413 模式 batch 损失 768.0 步长 0.0000 预测降 0.00 no_positive_direction 连败 7
轮 7414 模式 batch 损失 768.0 步长 0.0000 预测降 0.00 no_positive_direction 连败 8
轮 7415 模式 batch 损失 768.0 步长 0.0000 预测降 0.00 no_positive_direction 连败 9
轮 7416 模式 rescue 损失 768.0 步长 1.6597 预测降 3.32 ok 连败 10
轮 7417 模式 batch 损失 766.0 步长 0.0000 预测降 0.00 no_positive_direction 连败 0
轮 7418 模式 batch 损失 766.0 步长 0.0000 预测降 0.00 no_positive_direction 连败 1
轮 7419 模式 batch 损失 766.0 步长 0.0000 预测降 0.00 no_positive_direction 连败 2
轮 7420 模式 batch 损失 766.0 步长 0.0000 预测降 0.00 no_positive_direction 连败 3
轮 7421 模式 batch 损失 766.0 步长 0.0000 预测降 0.00 no_positive_direction 连败 4
轮 7422 模式 batch 损失 766.0 步长 0.0000 预测降 0.00 no_positive_direction 连败 5
轮 7423 模式 rescue 损失 766.0 步长 0.0000 预测降 0.00 no_positive_direction 连败 6
轮 7424 模式 batch 损失 766.0 步长 0.0000 预测降 0.00 no_positive_direction 连败 7
轮 7425 模式 batch 损失 766.0 步长 0.0000 预测降 0.00 no_positive_direction 连败 8
轮 7426 模式 batch 损失 766.0 步长 0.0000 预测降 0.00 no_positive_direction 连败 9
轮 7427 模式 rescue 损失 766.0 步长 2.0000 预测降 4.00 ok 连败 10
轮 7428 模式 batch 损失 762.0 步长 0.0000 预测降 0.00 no_positive_direction 连败 0
轮 7429 模式 batch 损失 762.0 步长 0.0000 预测降 0.00 no_positive_direction 连败 1
轮 7430 模式 batch 损失 762.0 步长 0.0000 预测降 0.00 no_positive_direction 连败 2
轮 7431 模式 batch 损失 762.0 步长 0.0000 预测降 0.00 no_positive_direction 连败 3
轮 7432 模式 batch 损失 762.0 步长 0.0000 预测降 0.00 no_positive_direction 连败 4
轮 7433 模式 batch 损失 762.0 步长 0.0000 预测降 0.00 no_positive_direction 连败 5
轮 7434 模式 rescue 损失 762.0 步长 0.0000 预测降 0.00 no_positive_direction 连败 6
轮 7435 模式 batch 损失 762.0 步长 0.0000 预测降 0.00 no_positive_direction 连败 7
轮 7436 模式 batch 损失 762.0 步长 0.0000 预测降 0.00 no_positive_direction 连败 8
轮 7437 模式 batch 损失 762.0 步长 0.0000 预测降 0.00 no_positive_direction 连败 9
轮 7438 模式 rescue 损失 762.0 步长 0.0000 预测降 0.00 no_positive_direction 连败 10
轮 7439 模式 batch 损失 762.0 步长 0.0000 预测降 0.00 no_positive_direction 连败 11
轮 7440 模式 batch 损失 762.0 步长 0.0000 预测降 0.00 no_positive_direction 连败 12
轮 7441 模式 batch 损失 762.0 步长 0.0000 预测降 0.00 no_positive_direction 连败 13
轮 7442 模式 rescue 损失 762.0 步长 0.0000 预测降 0.00 no_positive_direction 连败 14
轮 7443 模式 batch 损失 762.0 步长 0.0000 预测降 0.00 no_positive_direction 连败 15
轮 7444 模式 batch 损失 762.0 步长 0.0000 预测降 0.00 no_positive_direction 连败 16
轮 7445 模式 batch 损失 762.0 步长 0.0000 预测降 0.00 no_positive_direction 连败 17
轮 7446 模式 rescue 损失 762.0 步长 0.0000 预测降 0.00 no_positive_direction 连败 18
轮 7447 模式 batch 损失 762.0 步长 0.0000 预测降 0.00 no_positive_direction 连败 19
轮 7448 模式 batch 损失 762.0 步长 0.0000 预测降 0.00 no_positive_direction 连败 20
轮 7449 模式 batch 损失 762.0 步长 0.0000 预测降 0.00 no_positive_direction 连败 21
轮 7450 模式 rescue 损失 762.0 步长 0.0000 预测降 0.00 no_positive_direction 连败 22
轮 7451 模式 batch 损失 762.0 步长 0.0000 预测降 0.00 no_positive_direction 连败 23
轮 7452 模式 batch 损失 762.0 步长 0.0000 预测降 0.00 no_positive_direction 连败 24
轮 7453 模式 batch 损失 762.0 步长 0.0000 预测降 0.00 no_positive_direction 连败 25
轮 7454 模式 rescue 损失 762.0 步长 0.0000 预测降 0.00 no_positive_direction 连败 26
轮 7455 模式 batch 损失 762.0 步长 0.0000 预测降 0.00 no_positive_direction 连败 27
轮 7456 模式 batch 损失 762.0 步长 0.0000 预测降 0.00 no_positive_direction 连败 28
轮 7457 模式 batch 损失 762.0 步长 0.0000 预测降 0.00 no_positive_direction 连败 29
轮 7458 模式 rescue 损失 762.0 步长 1.6939 预测降 3.39 ok 连败 30
轮 7459 模式 batch 损失 758.0 步长 0.0000 预测降 0.00 no_positive_direction 连败 0
轮 7460 模式 batch 损失 758.0 步长 0.0000 预测降 0.00 no_positive_direction 连败 1
轮 7461 模式 batch 损失 758.0 步长 0.0000 预测降 0.00 no_positive_direction 连败 2
轮 7462 模式 batch 损失 758.0 步长 0.0000 预测降 0.00 no_positive_direction 连败 3
轮 7463 模式 batch 损失 758.0 步长 0.0000 预测降 0.00 no_positive_direction 连败 4
轮 7464 模式 batch 损失 758.0 步长 0.0000 预测降 0.00 no_positive_direction 连败 5
轮 7465 模式 rescue 损失 758.0 步长 0.0000 预测降 0.00 no_positive_direction 连败 6
轮 7466 模式 batch 损失 758.0 步长 0.0000 预测降 0.00 no_positive_direction 连败 7
轮 7467 模式 batch 损失 758.0 步长 0.0000 预测降 0.00 no_positive_direction 连败 8
轮 7468 模式 batch 损失 758.0 步长 0.0000 预测降 0.00 no_positive_direction 连败 9
轮 7469 模式 rescue 损失 758.0 步长 0.0000 预测降 0.00 no_positive_direction 连败 10
轮 7470 模式 batch 损失 758.0 步长 0.0000 预测降 0.00 no_positive_direction 连败 11
轮 7471 模式 batch 损失 758.0 步长 0.0000 预测降 0.00 no_positive_direction 连败 12
轮 7472 模式 batch 损失 758.0 步长 0.0000 预测降 0.00 no_positive_direction 连败 13
轮 7473 模式 rescue 损失 758.0 步长 2.0000 预测降 2.00 ok 连败 14
轮 7474 模式 batch 损失 756.0 步长 0.0000 预测降 0.00 no_positive_direction 连败 0
轮 7475 模式 batch 损失 756.0 步长 0.0000 预测降 0.00 no_positive_direction 连败 1
轮 7476 模式 batch 损失 756.0 步长 0.0000 预测降 0.00 no_positive_direction 连败 2
轮 7477 模式 batch 损失 756.0 步长 0.0000 预测降 0.00 no_positive_direction 连败 3
轮 7478 模式 batch 损失 756.0 步长 0.0000 预测降 0.00 no_positive_direction 连败 4
轮 7479 模式 batch 损失 756.0 步长 0.0000 预测降 0.00 no_positive_direction 连败 5
轮 7480 模式 rescue 损失 756.0 步长 0.0000 预测降 0.00 no_positive_direction 连败 6
轮 7481 模式 batch 损失 756.0 步长 0.0000 预测降 0.00 no_positive_direction 连败 7
轮 7482 模式 batch 损失 756.0 步长 0.0000 预测降 0.00 no_positive_direction 连败 8
轮 7483 模式 batch 损失 756.0 步长 0.0000 预测降 0.00 no_positive_direction 连败 9
轮 7484 模式 rescue 损失 756.0 步长 2.0000 预测降 2.00 ok 连败 10
轮 7485 模式 batch 损失 754.0 步长 0.0000 预测降 0.00 no_positive_direction 连败 0
轮 7486 模式 batch 损失 754.0 步长 0.0000 预测降 0.00 no_positive_direction 连败 1
轮 7487 模式 batch 损失 754.0 步长 0.0000 预测降 0.00 no_positive_direction 连败 2
轮 7488 模式 batch 损失 754.0 步长 0.0000 预测降 0.00 no_positive_direction 连败 3
轮 7489 模式 batch 损失 754.0 步长 0.0000 预测降 0.00 no_positive_direction 连败 4
轮 7490 模式 batch 损失 754.0 步长 0.0000 预测降 0.00 no_positive_direction 连败 5
轮 7491 模式 rescue 损失 754.0 步长 2.0000 预测降 2.00 ok 连败 6
轮 7492 模式 batch 损失 752.0 步长 0.0000 预测降 0.00 no_positive_direction 连败 0
轮 7493 模式 batch 损失 752.0 步长 0.0000 预测降 0.00 no_positive_direction 连败 1
轮 7494 模式 batch 损失 752.0 步长 0.0000 预测降 0.00 no_positive_direction 连败 2
轮 7495 模式 batch 损失 752.0 步长 0.0000 预测降 0.00 no_positive_direction 连败 3
轮 7496 模式 batch 损失 752.0 步长 0.0000 预测降 0.00 no_positive_direction 连败 4
轮 7497 模式 batch 损失 752.0 步长 0.0000 预测降 0.00 no_positive_direction 连败 5
轮 7498 模式 rescue 损失 752.0 步长 2.0000 预测降 2.00 ok 连败 6
轮 7499 模式 batch 损失 750.0 步长 0.0000 预测降 0.00 no_positive_direction 连败 0
轮 7500 模式 batch 损失 750.0 步长 0.0000 预测降 0.00 no_positive_direction 连败 1
轮 7501 模式 batch 损失 750.0 步长 0.0000 预测降 0.00 no_positive_direction 连败 2
轮 7502 模式 batch 损失 750.0 步长 0.0000 预测降 0.00 no_positive_direction 连败 3
轮 7503 模式 batch 损失 750.0 步长 0.0000 预测降 0.00 no_positive_direction 连败 4
轮 7504 模式 batch 损失 750.0 步长 0.0000 预测降 0.00 no_positive_direction 连败 5
轮 7505 模式 rescue 损失 750.0 步长 0.0000 预测降 0.00 no_positive_direction 连败 6
轮 7506 模式 batch 损失 750.0 步长 0.0000 预测降 0.00 no_positive_direction 连败 7
轮 7507 模式 batch 损失 750.0 步长 0.0000 预测降 0.00 no_positive_direction 连败 8
轮 7508 模式 batch 损失 750.0 步长 0.0000 预测降 0.00 no_positive_direction 连败 9
轮 7509 模式 rescue 损失 750.0 步长 2.0000 预测降 2.00 ok 连败 10
轮 7510 模式 batch 损失 748.0 步长 0.0000 预测降 0.00 no_positive_direction 连败 0
轮 7511 模式 batch 损失 748.0 步长 0.0000 预测降 0.00 no_positive_direction 连败 1
轮 7512 模式 batch 损失 748.0 步长 0.0000 预测降 0.00 no_positive_direction 连败 2
轮 7513 模式 batch 损失 748.0 步长 0.0000 预测降 0.00 no_positive_direction 连败 3
轮 7514 模式 batch 损失 748.0 步长 0.0000 预测降 0.00 no_positive_direction 连败 4
轮 7515 模式 batch 损失 748.0 步长 0.0000 预测降 0.00 no_positive_direction 连败 5
轮 7516 模式 rescue 损失 748.0 步长 0.0000 预测降 0.00 no_positive_direction 连败 6
轮 7517 模式 batch 损失 748.0 步长 0.0000 预测降 0.00 no_positive_direction 连败 7
轮 7518 模式 batch 损失 748.0 步长 0.0000 预测降 0.00 no_positive_direction 连败 8
轮 7519 模式 batch 损失 748.0 步长 0.0000 预测降 0.00 no_positive_direction 连败 9
轮 7520 模式 rescue 损失 748.0 步长 0.0000 预测降 0.00 no_positive_direction 连败 10
轮 7521 模式 batch 损失 748.0 步长 0.0000 预测降 0.00 no_positive_direction 连败 11
轮 7522 模式 batch 损失 748.0 步长 0.0000 预测降 0.00 no_positive_direction 连败 12
轮 7523 模式 batch 损失 748.0 步长 0.0000 预测降 0.00 no_positive_direction 连败 13
轮 7524 模式 rescue 损失 748.0 步长 2.0000 预测降 4.00 ok 连败 14
轮 7525 模式 batch 损失 744.0 步长 0.0000 预测降 0.00 no_positive_direction 连败 0
轮 7526 模式 batch 损失 744.0 步长 0.0000 预测降 0.00 no_positive_direction 连败 1
轮 7527 模式 batch 损失 744.0 步长 0.0000 预测降 0.00 no_positive_direction 连败 2
轮 7528 模式 batch 损失 744.0 步长 0.0000 预测降 0.00 no_positive_direction 连败 3
轮 7529 模式 batch 损失 744.0 步长 0.0000 预测降 0.00 no_positive_direction 连败 4
轮 7530 模式 batch 损失 744.0 步长 0.0000 预测降 0.00 no_positive_direction 连败 5
轮 7531 模式 rescue 损失 744.0 步长 0.0000 预测降 0.00 no_positive_direction 连败 6
轮 7532 模式 batch 损失 744.0 步长 0.0000 预测降 0.00 no_positive_direction 连败 7
轮 7533 模式 batch 损失 744.0 步长 0.0000 预测降 0.00 no_positive_direction 连败 8
轮 7534 模式 batch 损失 744.0 步长 0.0000 预测降 0.00 no_positive_direction 连败 9
轮 7535 模式 rescue 损失 744.0 步长 0.0000 预测降 0.00 no_positive_direction 连败 10
轮 7536 模式 batch 损失 744.0 步长 0.0000 预测降 0.00 no_positive_direction 连败 11
轮 7537 模式 batch 损失 744.0 步长 0.0000 预测降 0.00 no_positive_direction 连败 12
轮 7538 模式 batch 损失 744.0 步长 0.0000 预测降 0.00 no_positive_direction 连败 13
轮 7539 模式 rescue 损失 744.0 步长 0.0000 预测降 0.00 no_positive_direction 连败 14
轮 7540 模式 batch 损失 744.0 步长 0.0000 预测降 0.00 no_positive_direction 连败 15
轮 7541 模式 batch 损失 744.0 步长 0.0000 预测降 0.00 no_positive_direction 连败 16
轮 7542 模式 batch 损失 744.0 步长 0.0000 预测降 0.00 no_positive_direction 连败 17
轮 7543 模式 rescue 损失 744.0 步长 1.6443 预测降 3.29 ok 连败 18
轮 7544 模式 batch 损失 740.0 步长 0.0000 预测降 0.00 no_positive_direction 连败 0
轮 7545 模式 batch 损失 740.0 步长 0.0000 预测降 0.00 no_positive_direction 连败 1
轮 7546 模式 batch 损失 740.0 步长 0.0000 预测降 0.00 no_positive_direction 连败 2
轮 7547 模式 batch 损失 740.0 步长 0.0000 预测降 0.00 no_positive_direction 连败 3
轮 7548 模式 batch 损失 740.0 步长 0.0000 预测降 0.00 no_positive_direction 连败 4
轮 7549 模式 batch 损失 740.0 步长 0.0000 预测降 0.00 no_positive_direction 连败 5
轮 7550 模式 rescue 损失 740.0 步长 0.0000 预测降 0.00 no_positive_direction 连败 6
轮 7551 模式 batch 损失 740.0 步长 0.0000 预测降 0.00 no_positive_direction 连败 7
轮 7552 模式 batch 损失 740.0 步长 0.0000 预测降 0.00 no_positive_direction 连败 8
轮 7553 模式 batch 损失 740.0 步长 0.0000 预测降 0.00 no_positive_direction 连败 9
轮 7554 模式 rescue 损失 740.0 步长 0.0000 预测降 0.00 no_positive_direction 连败 10
轮 7555 模式 batch 损失 740.0 步长 0.0000 预测降 0.00 no_positive_direction 连败 11
轮 7556 模式 batch 损失 740.0 步长 0.0000 预测降 0.00 no_positive_direction 连败 12
轮 7557 模式 batch 损失 740.0 步长 0.0000 预测降 0.00 no_positive_direction 连败 13
轮 7558 模式 rescue 损失 740.0 步长 0.0000 预测降 0.00 no_positive_direction 连败 14
轮 7559 模式 batch 损失 740.0 步长 0.0000 预测降 0.00 no_positive_direction 连败 15
轮 7560 模式 batch 损失 740.0 步长 0.0000 预测降 0.00 no_positive_direction 连败 16
轮 7561 模式 batch 损失 740.0 步长 0.0000 预测降 0.00 no_positive_direction 连败 17
轮 7562 模式 rescue 损失 740.0 步长 2.0000 预测降 2.00 ok 连败 18
轮 7563 模式 batch 损失 738.0 步长 0.0000 预测降 0.00 no_positive_direction 连败 0
轮 7564 模式 batch 损失 738.0 步长 0.0000 预测降 0.00 no_positive_direction 连败 1
轮 7565 模式 batch 损失 738.0 步长 0.0000 预测降 0.00 no_positive_direction 连败 2
轮 7566 模式 batch 损失 738.0 步长 0.0000 预测降 0.00 no_positive_direction 连败 3
轮 7567 模式 batch 损失 738.0 步长 0.0000 预测降 0.00 no_positive_direction 连败 4
轮 7568 模式 batch 损失 738.0 步长 0.0000 预测降 0.00 no_positive_direction 连败 5
轮 7569 模式 rescue 损失 738.0 步长 0.0000 预测降 0.00 no_positive_direction 连败 6
轮 7570 模式 batch 损失 738.0 步长 0.0000 预测降 0.00 no_positive_direction 连败 7
轮 7571 模式 batch 损失 738.0 步长 0.0000 预测降 0.00 no_positive_direction 连败 8
轮 7572 模式 batch 损失 738.0 步长 0.0000 预测降 0.00 no_positive_direction 连败 9
轮 7573 模式 rescue 损失 738.0 步长 1.7532 预测降 3.51 ok 连败 10
轮 7574 模式 batch 损失 736.0 步长 0.0000 预测降 0.00 no_positive_direction 连败 0
轮 7575 模式 batch 损失 736.0 步长 0.0000 预测降 0.00 no_positive_direction 连败 1
轮 7576 模式 batch 损失 736.0 步长 0.0000 预测降 0.00 no_positive_direction 连败 2
轮 7577 模式 batch 损失 736.0 步长 0.0000 预测降 0.00 no_positive_direction 连败 3
轮 7578 模式 batch 损失 736.0 步长 0.0000 预测降 0.00 no_positive_direction 连败 4
轮 7579 模式 batch 损失 736.0 步长 0.0000 预测降 0.00 no_positive_direction 连败 5
轮 7580 模式 rescue 损失 736.0 步长 0.0000 预测降 0.00 no_positive_direction 连败 6
轮 7581 模式 batch 损失 736.0 步长 0.0000 预测降 0.00 no_positive_direction 连败 7
轮 7582 模式 batch 损失 736.0 步长 0.0000 预测降 0.00 no_positive_direction 连败 8
轮 7583 模式 batch 损失 736.0 步长 0.0000 预测降 0.00 no_positive_direction 连败 9
轮 7584 模式 rescue 损失 736.0 步长 0.0000 预测降 0.00 no_positive_direction 连败 10
轮 7585 模式 batch 损失 736.0 步长 0.0000 预测降 0.00 no_positive_direction 连败 11
轮 7586 模式 batch 损失 736.0 步长 0.0000 预测降 0.00 no_positive_direction 连败 12
轮 7587 模式 batch 损失 736.0 步长 0.0000 预测降 0.00 no_positive_direction 连败 13
轮 7588 模式 rescue 损失 736.0 步长 0.0000 预测降 0.00 no_positive_direction 连败 14
轮 7589 模式 batch 损失 736.0 步长 0.0000 预测降 0.00 no_positive_direction 连败 15
轮 7590 模式 batch 损失 736.0 步长 0.0000 预测降 0.00 no_positive_direction 连败 16
轮 7591 模式 batch 损失 736.0 步长 0.0000 预测降 0.00 no_positive_direction 连败 17
轮 7592 模式 rescue 损失 736.0 步长 2.0000 预测降 2.00 ok 连败 18
轮 7593 模式 batch 损失 734.0 步长 0.0000 预测降 0.00 no_positive_direction 连败 0
轮 7594 模式 batch 损失 734.0 步长 0.0000 预测降 0.00 no_positive_direction 连败 1
轮 7595 模式 batch 损失 734.0 步长 0.0000 预测降 0.00 no_positive_direction 连败 2
轮 7596 模式 batch 损失 734.0 步长 0.0000 预测降 0.00 no_positive_direction 连败 3
轮 7597 模式 batch 损失 734.0 步长 0.0000 预测降 0.00 no_positive_direction 连败 4
轮 7598 模式 batch 损失 734.0 步长 0.0000 预测降 0.00 no_positive_direction 连败 5
轮 7599 模式 rescue 损失 734.0 步长 0.0000 预测降 0.00 no_positive_direction 连败 6
轮 7600 模式 batch 损失 734.0 步长 0.0000 预测降 0.00 no_positive_direction 连败 7
轮 7601 模式 batch 损失 734.0 步长 0.0000 预测降 0.00 no_positive_direction 连败 8
轮 7602 模式 batch 损失 734.0 步长 0.0000 预测降 0.00 no_positive_direction 连败 9
轮 7603 模式 rescue 损失 734.0 步长 0.0000 预测降 0.00 no_positive_direction 连败 10
轮 7604 模式 batch 损失 734.0 步长 0.0000 预测降 0.00 no_positive_direction 连败 11
轮 7605 模式 batch 损失 734.0 步长 0.0000 预测降 0.00 no_positive_direction 连败 12
轮 7606 模式 batch 损失 734.0 步长 0.0000 预测降 0.00 no_positive_direction 连败 13
轮 7607 模式 rescue 损失 734.0 步长 0.0000 预测降 0.00 no_positive_direction 连败 14
轮 7608 模式 batch 损失 734.0 步长 0.0000 预测降 0.00 no_positive_direction 连败 15
轮 7609 模式 batch 损失 734.0 步长 0.0000 预测降 0.00 no_positive_direction 连败 16
轮 7610 模式 batch 损失 734.0 步长 0.0000 预测降 0.00 no_positive_direction 连败 17
轮 7611 模式 rescue 损失 734.0 步长 0.0000 预测降 0.00 no_positive_direction 连败 18
轮 7612 模式 batch 损失 734.0 步长 0.0000 预测降 0.00 no_positive_direction 连败 19
轮 7613 模式 batch 损失 734.0 步长 0.0000 预测降 0.00 no_positive_direction 连败 20
轮 7614 模式 batch 损失 734.0 步长 0.0000 预测降 0.00 no_positive_direction 连败 21
轮 7615 模式 rescue 损失 734.0 步长 0.0000 预测降 0.00 no_positive_direction 连败 22
轮 7616 模式 batch 损失 734.0 步长 0.0000 预测降 0.00 no_positive_direction 连败 23
轮 7617 模式 batch 损失 734.0 步长 0.0000 预测降 0.00 no_positive_direction 连败 24
轮 7618 模式 batch 损失 734.0 步长 0.0000 预测降 0.00 no_positive_direction 连败 25
轮 7619 模式 rescue 损失 734.0 步长 0.0000 预测降 0.00 no_positive_direction 连败 26
轮 7620 模式 batch 损失 734.0 步长 0.0000 预测降 0.00 no_positive_direction 连败 27
轮 7621 模式 batch 损失 734.0 步长 0.0000 预测降 0.00 no_positive_direction 连败 28
轮 7622 模式 batch 损失 734.0 步长 0.0000 预测降 0.00 no_positive_direction 连败 29
轮 7623 模式 rescue 损失 734.0 步长 0.0000 预测降 0.00 no_positive_direction 连败 30
轮 7624 模式 batch 损失 734.0 步长 0.0000 预测降 0.00 no_positive_direction 连败 31
轮 7625 模式 batch 损失 734.0 步长 0.0000 预测降 0.00 no_positive_direction 连败 32
轮 7626 模式 batch 损失 734.0 步长 0.0000 预测降 0.00 no_positive_direction 连败 33
轮 7627 模式 rescue 损失 734.0 步长 0.0000 预测降 0.00 no_positive_direction 连败 34
轮 7628 模式 batch 损失 734.0 步长 0.0000 预测降 0.00 no_positive_direction 连败 35
轮 7629 模式 batch 损失 734.0 步长 0.0000 预测降 0.00 no_positive_direction 连败 36
轮 7630 模式 batch 损失 734.0 步长 0.0000 预测降 0.00 no_positive_direction 连败 37
轮 7631 模式 rescue 损失 734.0 步长 0.0000 预测降 0.00 no_positive_direction 连败 38
轮 7632 模式 batch 损失 734.0 步长 0.0000 预测降 0.00 no_positive_direction 连败 39
轮 7633 模式 batch 损失 734.0 步长 0.0000 预测降 0.00 no_positive_direction 连败 40
轮 7634 模式 batch 损失 734.0 步长 0.0000 预测降 0.00 no_positive_direction 连败 41
轮 7635 模式 rescue 损失 734.0 步长 0.0000 预测降 0.00 no_positive_direction 连败 42
轮 7636 模式 batch 损失 734.0 步长 0.0000 预测降 0.00 no_positive_direction 连败 43
轮 7637 模式 batch 损失 734.0 步长 0.0000 预测降 0.00 no_positive_direction 连败 44
轮 7638 模式 batch 损失 734.0 步长 0.0000 预测降 0.00 no_positive_direction 连败 45
轮 7639 模式 rescue 损失 734.0 步长 0.0000 预测降 0.00 no_positive_direction 连败 46
轮 7640 模式 batch 损失 734.0 步长 0.0000 预测降 0.00 no_positive_direction 连败 47
轮 7641 模式 batch 损失 734.0 步长 0.0000 预测降 0.00 no_positive_direction 连败 48
轮 7642 模式 batch 损失 734.0 步长 0.0000 预测降 0.00 no_positive_direction 连败 49
轮 7643 模式 rescue 损失 734.0 步长 0.0000 预测降 0.00 no_positive_direction 连败 50
轮 7644 模式 batch 损失 734.0 步长 0.0000 预测降 0.00 no_positive_direction 连败 51
轮 7645 模式 batch 损失 734.0 步长 0.0000 预测降 0.00 no_positive_direction 连败 52
轮 7646 模式 batch 损失 734.0 步长 0.0000 预测降 0.00 no_positive_direction 连败 53
轮 7647 模式 rescue 损失 734.0 步长 0.0000 预测降 0.00 no_positive_direction 连败 54
轮 7648 模式 batch 损失 734.0 步长 0.0000 预测降 0.00 no_positive_direction 连败 55
轮 7649 模式 batch 损失 734.0 步长 0.0000 预测降 0.00 no_positive_direction 连败 56
轮 7650 模式 batch 损失 734.0 步长 0.0000 预测降 0.00 no_positive_direction 连败 57
轮 7651 模式 rescue 损失 734.0 步长 0.0000 预测降 0.00 no_positive_direction 连败 58
轮 7652 模式 batch 损失 734.0 步长 0.0000 预测降 0.00 no_positive_direction 连败 59
轮 7653 模式 batch 损失 734.0 步长 0.0000 预测降 0.00 no_positive_direction 连败 60
实际轮数 7654，停止原因 no_positive_direction，冻结轮数 3134，注册状态数 227340
最终损失 734.000000，初始比 0.0000%，耗时 25759.2 秒，平均每轮 3365 毫秒
  轮    0  损失 4572640879.0000  beta     0.0000  步长  1.00005  期望损失 3837315750.1120  ok
  轮  765  损失  111532.0000  beta     0.0949  步长  0.05004  期望损失  110997.2292  ok
  轮 1530  损失   37951.0000  beta     0.2352  步长  0.49598  期望损失   37868.2957  ok
  轮 2295  损失   24199.0000  beta     0.1164  步长  0.03417  期望损失   24179.9352  ok
  轮 3060  损失   17216.0000  beta     0.4941  步长  0.01702  期望损失   17215.3236  ok
  轮 3825  损失   11316.0000  beta     0.0000  步长  0.00000  期望损失   11316.0000  no_positive_direction
  轮 4590  损失    3992.0000  beta     0.0000  步长  0.00000  期望损失    3992.0000  no_positive_direction
  轮 5355  损失    1494.0000  beta     0.0000  步长  0.00000  期望损失    1494.0000  no_positive_direction
  轮 6120  损失    1082.0000  beta     0.0000  步长  0.00000  期望损失    1082.0000  no_positive_direction
  轮 6885  损失     888.0000  beta     0.0000  步长  0.00000  期望损失     888.0000  no_positive_direction
  轮 7650  损失     734.0000  beta     0.0000  步长  0.00000  期望损失     734.0000  no_positive_direction
曲线已写入 results/plants_rescue_curve_seed1.csv
终表已写入 results/plants_rescue_seed1.csv
